mpath,step_modded,revision,Layer,Head,n_params,n_layers,mean_1back,mean_first
EleutherAI/pythia-12b,9,step8,1,1,11846072320,36,0.12522096553532117,0.16558453660491884
EleutherAI/pythia-12b,9,step8,1,2,11846072320,36,0.12245964952786491,0.166831644235162
EleutherAI/pythia-12b,9,step8,1,3,11846072320,36,0.12473597302305713,0.16830502620509433
EleutherAI/pythia-12b,9,step8,1,4,11846072320,36,0.12606883416785755,0.1582988657269839
EleutherAI/pythia-12b,9,step8,1,5,11846072320,36,0.12386800309324314,0.16357502005658703
EleutherAI/pythia-12b,9,step8,1,6,11846072320,36,0.1225853260723991,0.17414718959760198
EleutherAI/pythia-12b,9,step8,1,7,11846072320,36,0.12333316374681998,0.17291257207144842
EleutherAI/pythia-12b,9,step8,1,8,11846072320,36,0.1263511764478531,0.1652973948421331
EleutherAI/pythia-12b,9,step8,1,9,11846072320,36,0.13174341249841823,0.1764812543317004
EleutherAI/pythia-12b,9,step8,1,10,11846072320,36,0.12113772827415938,0.16179648703439634
EleutherAI/pythia-12b,9,step8,1,11,11846072320,36,0.12748204704441193,0.1653374620061647
EleutherAI/pythia-12b,9,step8,1,12,11846072320,36,0.13427226429710065,0.17558425963036822
EleutherAI/pythia-12b,9,step8,1,13,11846072320,36,0.12198177910781834,0.16929558151074353
EleutherAI/pythia-12b,9,step8,1,14,11846072320,36,0.11792785761312943,0.16166022287362863
EleutherAI/pythia-12b,9,step8,1,15,11846072320,36,0.11921809934213888,0.1622776258848719
EleutherAI/pythia-12b,9,step8,1,16,11846072320,36,0.1251907409294634,0.1732189065410389
EleutherAI/pythia-12b,9,step8,1,17,11846072320,36,0.12832312548795974,0.16481575325086664
EleutherAI/pythia-12b,9,step8,1,18,11846072320,36,0.13275673483462033,0.16964091559139274
EleutherAI/pythia-12b,9,step8,1,19,11846072320,36,0.12245355823074461,0.1708225106971489
EleutherAI/pythia-12b,9,step8,1,20,11846072320,36,0.12346145878727725,0.17188062434932128
EleutherAI/pythia-12b,9,step8,1,21,11846072320,36,0.1174036702169133,0.1657468570178156
EleutherAI/pythia-12b,9,step8,1,22,11846072320,36,0.1346176424631485,0.17497771548235913
EleutherAI/pythia-12b,9,step8,1,23,11846072320,36,0.1199445752063402,0.15751954199964394
EleutherAI/pythia-12b,9,step8,1,24,11846072320,36,0.1259744106554188,0.16990028529262932
EleutherAI/pythia-12b,9,step8,1,25,11846072320,36,0.12595602895158364,0.15863407668363935
EleutherAI/pythia-12b,9,step8,1,26,11846072320,36,0.11895174356792733,0.16200351165243987
EleutherAI/pythia-12b,9,step8,1,27,11846072320,36,0.12440424912550424,0.16612412545035726
EleutherAI/pythia-12b,9,step8,1,28,11846072320,36,0.11647844175855672,0.15856796984669858
EleutherAI/pythia-12b,9,step8,1,29,11846072320,36,0.12117525621655731,0.16900862530209457
EleutherAI/pythia-12b,9,step8,1,30,11846072320,36,0.1212938786134705,0.16417773050051906
EleutherAI/pythia-12b,9,step8,1,31,11846072320,36,0.12499326987432552,0.16564586369863318
EleutherAI/pythia-12b,9,step8,1,32,11846072320,36,0.12364755900627049,0.16321039677516472
EleutherAI/pythia-12b,9,step8,1,33,11846072320,36,0.12066122634733488,0.16737128347829652
EleutherAI/pythia-12b,9,step8,1,34,11846072320,36,0.12495009400308486,0.16245221970854576
EleutherAI/pythia-12b,9,step8,1,35,11846072320,36,0.12417897412570206,0.16036141682807745
EleutherAI/pythia-12b,9,step8,1,36,11846072320,36,0.11479058051649645,0.1554451504772579
EleutherAI/pythia-12b,9,step8,1,37,11846072320,36,0.12271641427790882,0.16322162334580675
EleutherAI/pythia-12b,9,step8,1,38,11846072320,36,0.13002486147165473,0.1678204844921111
EleutherAI/pythia-12b,9,step8,1,39,11846072320,36,0.12704011383424466,0.16339025037312827
EleutherAI/pythia-12b,9,step8,1,40,11846072320,36,0.1311865320636166,0.16862508160126455
EleutherAI/pythia-12b,9,step8,2,1,11846072320,36,0.12707360474499044,0.15794006468275104
EleutherAI/pythia-12b,9,step8,2,2,11846072320,36,0.12318854613995942,0.17516112871826048
EleutherAI/pythia-12b,9,step8,2,3,11846072320,36,0.12178152859177403,0.16202532196020306
EleutherAI/pythia-12b,9,step8,2,4,11846072320,36,0.12740881503042242,0.1632626376760838
EleutherAI/pythia-12b,9,step8,2,5,11846072320,36,0.12987727843303307,0.15823489817435493
EleutherAI/pythia-12b,9,step8,2,6,11846072320,36,0.12469188440535157,0.16258562507258875
EleutherAI/pythia-12b,9,step8,2,7,11846072320,36,0.12108686536147784,0.17071473642109747
EleutherAI/pythia-12b,9,step8,2,8,11846072320,36,0.1242464623825104,0.16486716316034034
EleutherAI/pythia-12b,9,step8,2,9,11846072320,36,0.12461974684361576,0.16994416722104888
EleutherAI/pythia-12b,9,step8,2,10,11846072320,36,0.12764563190809505,0.16882500263328126
EleutherAI/pythia-12b,9,step8,2,11,11846072320,36,0.1325057655427459,0.17957677840962777
EleutherAI/pythia-12b,9,step8,2,12,11846072320,36,0.1347540114634298,0.15234693772699287
EleutherAI/pythia-12b,9,step8,2,13,11846072320,36,0.12772315065446374,0.16610778949863914
EleutherAI/pythia-12b,9,step8,2,14,11846072320,36,0.13235882495728515,0.15775063510301768
EleutherAI/pythia-12b,9,step8,2,15,11846072320,36,0.11764666370421017,0.1516088583973703
EleutherAI/pythia-12b,9,step8,2,16,11846072320,36,0.13579505394484184,0.16407743315617956
EleutherAI/pythia-12b,9,step8,2,17,11846072320,36,0.12297277529542149,0.17890533560456273
EleutherAI/pythia-12b,9,step8,2,18,11846072320,36,0.13700319883656928,0.14203322028276974
EleutherAI/pythia-12b,9,step8,2,19,11846072320,36,0.13397810378813882,0.15498413435007266
EleutherAI/pythia-12b,9,step8,2,20,11846072320,36,0.1259267455576597,0.19283936901280915
EleutherAI/pythia-12b,9,step8,2,21,11846072320,36,0.12685818639346155,0.15921063593088144
EleutherAI/pythia-12b,9,step8,2,22,11846072320,36,0.12416459246351191,0.1572975210297304
EleutherAI/pythia-12b,9,step8,2,23,11846072320,36,0.12222238889316445,0.150650853170893
EleutherAI/pythia-12b,9,step8,2,24,11846072320,36,0.12449990861766685,0.15973656450596832
EleutherAI/pythia-12b,9,step8,2,25,11846072320,36,0.11777585930003592,0.17218226250316998
EleutherAI/pythia-12b,9,step8,2,26,11846072320,36,0.1314280286302661,0.1816510850110569
EleutherAI/pythia-12b,9,step8,2,27,11846072320,36,0.13022413228389554,0.16933215610884328
EleutherAI/pythia-12b,9,step8,2,28,11846072320,36,0.12189017657425485,0.1622132024148831
EleutherAI/pythia-12b,9,step8,2,29,11846072320,36,0.1299030462464502,0.15934209247307105
EleutherAI/pythia-12b,9,step8,2,30,11846072320,36,0.11579306562383608,0.154837091279974
EleutherAI/pythia-12b,9,step8,2,31,11846072320,36,0.12807634256936762,0.16196087056731762
EleutherAI/pythia-12b,9,step8,2,32,11846072320,36,0.12740042951662794,0.15558783396485595
EleutherAI/pythia-12b,9,step8,2,33,11846072320,36,0.12921251776675738,0.17457123440005126
EleutherAI/pythia-12b,9,step8,2,34,11846072320,36,0.11997904628794916,0.1581130801915406
EleutherAI/pythia-12b,9,step8,2,35,11846072320,36,0.12070453201641546,0.14787627699821287
EleutherAI/pythia-12b,9,step8,2,36,11846072320,36,0.1272198787132451,0.15498537766850654
EleutherAI/pythia-12b,9,step8,2,37,11846072320,36,0.124676829978667,0.17273416096629857
EleutherAI/pythia-12b,9,step8,2,38,11846072320,36,0.13093182023939065,0.16549546828957734
EleutherAI/pythia-12b,9,step8,2,39,11846072320,36,0.12342053222786016,0.16010250415451618
EleutherAI/pythia-12b,9,step8,2,40,11846072320,36,0.12229482793772181,0.17096457638506501
EleutherAI/pythia-12b,9,step8,3,1,11846072320,36,0.12613519489787536,0.17029036847488566
EleutherAI/pythia-12b,9,step8,3,2,11846072320,36,0.1446207206998322,0.17725889672533612
EleutherAI/pythia-12b,9,step8,3,3,11846072320,36,0.12905432560758007,0.17181579023040267
EleutherAI/pythia-12b,9,step8,3,4,11846072320,36,0.12119509472704681,0.1779335372278595
EleutherAI/pythia-12b,9,step8,3,5,11846072320,36,0.1246234013813662,0.18391903194489775
EleutherAI/pythia-12b,9,step8,3,6,11846072320,36,0.13320424309833803,0.21128128720419448
EleutherAI/pythia-12b,9,step8,3,7,11846072320,36,0.12073646637669819,0.16537528325084805
EleutherAI/pythia-12b,9,step8,3,8,11846072320,36,0.12600304099644444,0.16815195114326634
EleutherAI/pythia-12b,9,step8,3,9,11846072320,36,0.1438313601958053,0.1593178902017148
EleutherAI/pythia-12b,9,step8,3,10,11846072320,36,0.12533910319141972,0.17508486862218858
EleutherAI/pythia-12b,9,step8,3,11,11846072320,36,0.11690627196216365,0.18944444563295743
EleutherAI/pythia-12b,9,step8,3,12,11846072320,36,0.11868030214038962,0.19416601359340785
EleutherAI/pythia-12b,9,step8,3,13,11846072320,36,0.13636638834378917,0.16145539258861233
EleutherAI/pythia-12b,9,step8,3,14,11846072320,36,0.12395374781477286,0.17679185983543097
EleutherAI/pythia-12b,9,step8,3,15,11846072320,36,0.1197548753305061,0.1676373649416519
EleutherAI/pythia-12b,9,step8,3,16,11846072320,36,0.12454357851498025,0.1960062691690148
EleutherAI/pythia-12b,9,step8,3,17,11846072320,36,0.13105920321859035,0.1615396690703145
EleutherAI/pythia-12b,9,step8,3,18,11846072320,36,0.12392163286740711,0.17674981144343585
EleutherAI/pythia-12b,9,step8,3,19,11846072320,36,0.11718155780398806,0.176586438680778
EleutherAI/pythia-12b,9,step8,3,20,11846072320,36,0.11868185354200923,0.15362658954362518
EleutherAI/pythia-12b,9,step8,3,21,11846072320,36,0.1329515753118125,0.1465239485798476
EleutherAI/pythia-12b,9,step8,3,22,11846072320,36,0.12282480797856236,0.16832990705821513
EleutherAI/pythia-12b,9,step8,3,23,11846072320,36,0.12391665727235708,0.16661058475372487
EleutherAI/pythia-12b,9,step8,3,24,11846072320,36,0.12762524770969919,0.15484203222311202
EleutherAI/pythia-12b,9,step8,3,25,11846072320,36,0.12640800199530142,0.18103746556349698
EleutherAI/pythia-12b,9,step8,3,26,11846072320,36,0.1154788633215579,0.13978323291752248
EleutherAI/pythia-12b,9,step8,3,27,11846072320,36,0.12811958222641598,0.18309493676700567
EleutherAI/pythia-12b,9,step8,3,28,11846072320,36,0.1261917573285174,0.17377556834716693
EleutherAI/pythia-12b,9,step8,3,29,11846072320,36,0.13137284938425,0.17109867817982355
EleutherAI/pythia-12b,9,step8,3,30,11846072320,36,0.13433435150945147,0.1675344305784181
EleutherAI/pythia-12b,9,step8,3,31,11846072320,36,0.12884792474073328,0.17043106159749058
EleutherAI/pythia-12b,9,step8,3,32,11846072320,36,0.12390861609620639,0.16335099568875788
EleutherAI/pythia-12b,9,step8,3,33,11846072320,36,0.12010667559218116,0.1719799956681581
EleutherAI/pythia-12b,9,step8,3,34,11846072320,36,0.12638331669195363,0.1615828833551154
EleutherAI/pythia-12b,9,step8,3,35,11846072320,36,0.14731779208759194,0.18097718713061137
EleutherAI/pythia-12b,9,step8,3,36,11846072320,36,0.12043740119304022,0.18822429447180333
EleutherAI/pythia-12b,9,step8,3,37,11846072320,36,0.128045392323386,0.17373917292098737
EleutherAI/pythia-12b,9,step8,3,38,11846072320,36,0.12122111952396569,0.19578924681152304
EleutherAI/pythia-12b,9,step8,3,39,11846072320,36,0.12779704770548742,0.17354856605163294
EleutherAI/pythia-12b,9,step8,3,40,11846072320,36,0.12152415657746,0.174062259201598
EleutherAI/pythia-12b,9,step8,4,1,11846072320,36,0.12306952854624019,0.18678784534872112
EleutherAI/pythia-12b,9,step8,4,2,11846072320,36,0.15050398077334723,0.1467024433921586
EleutherAI/pythia-12b,9,step8,4,3,11846072320,36,0.1262914482112582,0.17867968852880656
EleutherAI/pythia-12b,9,step8,4,4,11846072320,36,0.11674189476950744,0.17943415141107885
EleutherAI/pythia-12b,9,step8,4,5,11846072320,36,0.13492705976707975,0.1639616803347214
EleutherAI/pythia-12b,9,step8,4,6,11846072320,36,0.13112442630032695,0.18686101182053483
EleutherAI/pythia-12b,9,step8,4,7,11846072320,36,0.1453180780393762,0.14577184888246178
EleutherAI/pythia-12b,9,step8,4,8,11846072320,36,0.13898707235472513,0.1892140945084057
EleutherAI/pythia-12b,9,step8,4,9,11846072320,36,0.11237339853021024,0.1591698513715877
EleutherAI/pythia-12b,9,step8,4,10,11846072320,36,0.1362316487273117,0.15634717618593488
EleutherAI/pythia-12b,9,step8,4,11,11846072320,36,0.12745457548122324,0.16752910854255737
EleutherAI/pythia-12b,9,step8,4,12,11846072320,36,0.1288376783045965,0.1961117452961412
EleutherAI/pythia-12b,9,step8,4,13,11846072320,36,0.12025908027235806,0.1907933783848901
EleutherAI/pythia-12b,9,step8,4,14,11846072320,36,0.12074681205602286,0.2120588344239347
EleutherAI/pythia-12b,9,step8,4,15,11846072320,36,0.13078525700458174,0.1685156644889721
EleutherAI/pythia-12b,9,step8,4,16,11846072320,36,0.1362173440152997,0.16577994647259645
EleutherAI/pythia-12b,9,step8,4,17,11846072320,36,0.12840224693979582,0.16880049413299414
EleutherAI/pythia-12b,9,step8,4,18,11846072320,36,0.12285470744656456,0.15810118735049128
EleutherAI/pythia-12b,9,step8,4,19,11846072320,36,0.13679887085325185,0.15018489193618742
EleutherAI/pythia-12b,9,step8,4,20,11846072320,36,0.1346192946965182,0.15098190506187462
EleutherAI/pythia-12b,9,step8,4,21,11846072320,36,0.11263095068971848,0.17153114120982157
EleutherAI/pythia-12b,9,step8,4,22,11846072320,36,0.11648612025308533,0.19098596584734254
EleutherAI/pythia-12b,9,step8,4,23,11846072320,36,0.11636671113750863,0.1857130599596926
EleutherAI/pythia-12b,9,step8,4,24,11846072320,36,0.15935186354314776,0.17179531132517092
EleutherAI/pythia-12b,9,step8,4,25,11846072320,36,0.11840531339606003,0.17820029284010774
EleutherAI/pythia-12b,9,step8,4,26,11846072320,36,0.13345176467039918,0.15239954454259377
EleutherAI/pythia-12b,9,step8,4,27,11846072320,36,0.13499344659930052,0.16495377702957334
EleutherAI/pythia-12b,9,step8,4,28,11846072320,36,0.12432143285132202,0.16798258321387716
EleutherAI/pythia-12b,9,step8,4,29,11846072320,36,0.12658745222151632,0.1855995798310091
EleutherAI/pythia-12b,9,step8,4,30,11846072320,36,0.12228629760186857,0.19029685148728767
EleutherAI/pythia-12b,9,step8,4,31,11846072320,36,0.1287803447920012,0.15967453427629558
EleutherAI/pythia-12b,9,step8,4,32,11846072320,36,0.13030462969351814,0.16264158185269378
EleutherAI/pythia-12b,9,step8,4,33,11846072320,36,0.1285003729461057,0.18627678055047717
EleutherAI/pythia-12b,9,step8,4,34,11846072320,36,0.12170444727055836,0.1809340206453123
EleutherAI/pythia-12b,9,step8,4,35,11846072320,36,0.1294176203643416,0.15580576303059807
EleutherAI/pythia-12b,9,step8,4,36,11846072320,36,0.12963277815251018,0.1473164544958207
EleutherAI/pythia-12b,9,step8,4,37,11846072320,36,0.11878546261348878,0.20281824855240163
EleutherAI/pythia-12b,9,step8,4,38,11846072320,36,0.1345059648435842,0.17877374057498596
EleutherAI/pythia-12b,9,step8,4,39,11846072320,36,0.13629330217827096,0.1590447092831537
EleutherAI/pythia-12b,9,step8,4,40,11846072320,36,0.12398727204617076,0.14189228468068366
EleutherAI/pythia-12b,9,step8,5,1,11846072320,36,0.1197582730945121,0.17929089497551093
EleutherAI/pythia-12b,9,step8,5,2,11846072320,36,0.13830963983661954,0.14567023270425045
EleutherAI/pythia-12b,9,step8,5,3,11846072320,36,0.12595494617582167,0.1723154023340022
EleutherAI/pythia-12b,9,step8,5,4,11846072320,36,0.12160631456040401,0.16333307351570225
EleutherAI/pythia-12b,9,step8,5,5,11846072320,36,0.13787165840712928,0.17446586387595522
EleutherAI/pythia-12b,9,step8,5,6,11846072320,36,0.11227907156487839,0.1744756950233299
EleutherAI/pythia-12b,9,step8,5,7,11846072320,36,0.1422224753164314,0.1562904083804862
EleutherAI/pythia-12b,9,step8,5,8,11846072320,36,0.13060182542749887,0.18313100041301397
EleutherAI/pythia-12b,9,step8,5,9,11846072320,36,0.1320894082208295,0.17457219549698064
EleutherAI/pythia-12b,9,step8,5,10,11846072320,36,0.1080151929830511,0.20408601699223564
EleutherAI/pythia-12b,9,step8,5,11,11846072320,36,0.11496067067815194,0.1937473038988965
EleutherAI/pythia-12b,9,step8,5,12,11846072320,36,0.13054412945702265,0.15548190276499263
EleutherAI/pythia-12b,9,step8,5,13,11846072320,36,0.1387891771087238,0.15667752682737576
EleutherAI/pythia-12b,9,step8,5,14,11846072320,36,0.13312179633827356,0.15516256810901485
EleutherAI/pythia-12b,9,step8,5,15,11846072320,36,0.12766271778983662,0.19636298566441363
EleutherAI/pythia-12b,9,step8,5,16,11846072320,36,0.12036230749878525,0.17216680745115953
EleutherAI/pythia-12b,9,step8,5,17,11846072320,36,0.12864408908864933,0.21057165960582702
EleutherAI/pythia-12b,9,step8,5,18,11846072320,36,0.12589161205958493,0.1663222153903217
EleutherAI/pythia-12b,9,step8,5,19,11846072320,36,0.14000775423963682,0.1386121183454811
EleutherAI/pythia-12b,9,step8,5,20,11846072320,36,0.11388026920983468,0.20190054630195053
EleutherAI/pythia-12b,9,step8,5,21,11846072320,36,0.11160376118971506,0.16411189076018043
EleutherAI/pythia-12b,9,step8,5,22,11846072320,36,0.11471805405766662,0.15058901310862002
EleutherAI/pythia-12b,9,step8,5,23,11846072320,36,0.12157122114555788,0.16337955199383397
EleutherAI/pythia-12b,9,step8,5,24,11846072320,36,0.1279141256311634,0.17494997010194321
EleutherAI/pythia-12b,9,step8,5,25,11846072320,36,0.12750526649636904,0.16281932239719962
EleutherAI/pythia-12b,9,step8,5,26,11846072320,36,0.12442641060340687,0.15843183821341292
EleutherAI/pythia-12b,9,step8,5,27,11846072320,36,0.12454414365997718,0.15053323182268988
EleutherAI/pythia-12b,9,step8,5,28,11846072320,36,0.10486810016180119,0.17646009426329046
EleutherAI/pythia-12b,9,step8,5,29,11846072320,36,0.1297514869330881,0.18336967935690557
EleutherAI/pythia-12b,9,step8,5,30,11846072320,36,0.1284845049294444,0.16237955551046326
EleutherAI/pythia-12b,9,step8,5,31,11846072320,36,0.13734816521540413,0.1563047615044915
EleutherAI/pythia-12b,9,step8,5,32,11846072320,36,0.12006257806118718,0.15107953567449392
EleutherAI/pythia-12b,9,step8,5,33,11846072320,36,0.12350048012360255,0.17017958592064114
EleutherAI/pythia-12b,9,step8,5,34,11846072320,36,0.12705972674932026,0.17659953242453097
EleutherAI/pythia-12b,9,step8,5,35,11846072320,36,0.1284561469737026,0.1521899842827751
EleutherAI/pythia-12b,9,step8,5,36,11846072320,36,0.11212529238123252,0.16959236770331318
EleutherAI/pythia-12b,9,step8,5,37,11846072320,36,0.12117017591623837,0.204864874669538
EleutherAI/pythia-12b,9,step8,5,38,11846072320,36,0.12410839202928467,0.17478494443189538
EleutherAI/pythia-12b,9,step8,5,39,11846072320,36,0.13765059802513396,0.1496557019505504
EleutherAI/pythia-12b,9,step8,5,40,11846072320,36,0.12631065127168506,0.20326195965736385
EleutherAI/pythia-12b,9,step8,6,1,11846072320,36,0.11770748138125679,0.16835805759751218
EleutherAI/pythia-12b,9,step8,6,2,11846072320,36,0.12930174084665536,0.18811100563342056
EleutherAI/pythia-12b,9,step8,6,3,11846072320,36,0.12603993104440758,0.1648653436189254
EleutherAI/pythia-12b,9,step8,6,4,11846072320,36,0.11577978756770979,0.17642613214247663
EleutherAI/pythia-12b,9,step8,6,5,11846072320,36,0.12620289414539348,0.18411425664159534
EleutherAI/pythia-12b,9,step8,6,6,11846072320,36,0.12396322729418402,0.1609034724645428
EleutherAI/pythia-12b,9,step8,6,7,11846072320,36,0.11444409662024212,0.17720960222139906
EleutherAI/pythia-12b,9,step8,6,8,11846072320,36,0.12974042981281292,0.16475367938467597
EleutherAI/pythia-12b,9,step8,6,9,11846072320,36,0.09674616780428508,0.18361291084326686
EleutherAI/pythia-12b,9,step8,6,10,11846072320,36,0.11998456097893166,0.17920612153113333
EleutherAI/pythia-12b,9,step8,6,11,11846072320,36,0.11366233995391259,0.17445168393320057
EleutherAI/pythia-12b,9,step8,6,12,11846072320,36,0.11969432012700995,0.18326404701370194
EleutherAI/pythia-12b,9,step8,6,13,11846072320,36,0.12723324848366924,0.17703016950292985
EleutherAI/pythia-12b,9,step8,6,14,11846072320,36,0.1363275701252816,0.1605798979331781
EleutherAI/pythia-12b,9,step8,6,15,11846072320,36,0.13464519316638193,0.17276820694529882
EleutherAI/pythia-12b,9,step8,6,16,11846072320,36,0.13386521790478675,0.1460262196636325
EleutherAI/pythia-12b,9,step8,6,17,11846072320,36,0.13466916165619458,0.14769084813134803
EleutherAI/pythia-12b,9,step8,6,18,11846072320,36,0.12480725354707989,0.16577903745142186
EleutherAI/pythia-12b,9,step8,6,19,11846072320,36,0.1370079259558751,0.1553393566264986
EleutherAI/pythia-12b,9,step8,6,20,11846072320,36,0.12336403587916946,0.18217452339458837
EleutherAI/pythia-12b,9,step8,6,21,11846072320,36,0.11744083005196604,0.14943476363334118
EleutherAI/pythia-12b,9,step8,6,22,11846072320,36,0.132603430477259,0.1514755603703516
EleutherAI/pythia-12b,9,step8,6,23,11846072320,36,0.11057655560551906,0.16033513037985683
EleutherAI/pythia-12b,9,step8,6,24,11846072320,36,0.12425121312608586,0.14981401447128423
EleutherAI/pythia-12b,9,step8,6,25,11846072320,36,0.1396413321184503,0.15045205569426126
EleutherAI/pythia-12b,9,step8,6,26,11846072320,36,0.1298310245714477,0.16932648139259027
EleutherAI/pythia-12b,9,step8,6,27,11846072320,36,0.14340698295035156,0.16977460991993945
EleutherAI/pythia-12b,9,step8,6,28,11846072320,36,0.13082091604546828,0.18777168352526047
EleutherAI/pythia-12b,9,step8,6,29,11846072320,36,0.14074052102282059,0.16781353971476218
EleutherAI/pythia-12b,9,step8,6,30,11846072320,36,0.11454766501278218,0.1747376983705628
EleutherAI/pythia-12b,9,step8,6,31,11846072320,36,0.12212900190639331,0.19108028843014443
EleutherAI/pythia-12b,9,step8,6,32,11846072320,36,0.14264794823352814,0.17942728803356037
EleutherAI/pythia-12b,9,step8,6,33,11846072320,36,0.09545015579218169,0.17205674284313976
EleutherAI/pythia-12b,9,step8,6,34,11846072320,36,0.12390176119008754,0.16474264196201305
EleutherAI/pythia-12b,9,step8,6,35,11846072320,36,0.1267023369692288,0.15371649236594498
EleutherAI/pythia-12b,9,step8,6,36,11846072320,36,0.13556176813336102,0.17821076074643083
EleutherAI/pythia-12b,9,step8,6,37,11846072320,36,0.12805504555179098,0.14436514488793345
EleutherAI/pythia-12b,9,step8,6,38,11846072320,36,0.1270003187562431,0.16629345575767054
EleutherAI/pythia-12b,9,step8,6,39,11846072320,36,0.13774391240230546,0.1485381818603019
EleutherAI/pythia-12b,9,step8,6,40,11846072320,36,0.12676008242565587,0.16480080987810636
EleutherAI/pythia-12b,9,step8,7,1,11846072320,36,0.1349087965425786,0.1375604655856529
EleutherAI/pythia-12b,9,step8,7,2,11846072320,36,0.11963185682534809,0.20632911183767844
EleutherAI/pythia-12b,9,step8,7,3,11846072320,36,0.1431807569387528,0.15847988555895848
EleutherAI/pythia-12b,9,step8,7,4,11846072320,36,0.12406731763289672,0.1966549078248687
EleutherAI/pythia-12b,9,step8,7,5,11846072320,36,0.12579665996984493,0.15624111210619718
EleutherAI/pythia-12b,9,step8,7,6,11846072320,36,0.10026415188547902,0.20434778337520695
EleutherAI/pythia-12b,9,step8,7,7,11846072320,36,0.135992705357728,0.13810453512468132
EleutherAI/pythia-12b,9,step8,7,8,11846072320,36,0.12116009484439547,0.1606275080661247
EleutherAI/pythia-12b,9,step8,7,9,11846072320,36,0.12237666014794468,0.15380328117279674
EleutherAI/pythia-12b,9,step8,7,10,11846072320,36,0.13672507769084188,0.16709790685334358
EleutherAI/pythia-12b,9,step8,7,11,11846072320,36,0.12523212050599553,0.16096586293286386
EleutherAI/pythia-12b,9,step8,7,12,11846072320,36,0.1160033382922858,0.15884267174647193
EleutherAI/pythia-12b,9,step8,7,13,11846072320,36,0.1524522299556671,0.14370058267167554
EleutherAI/pythia-12b,9,step8,7,14,11846072320,36,0.13033681280642476,0.15763707302633792
EleutherAI/pythia-12b,9,step8,7,15,11846072320,36,0.11251381799780029,0.19328506878233168
EleutherAI/pythia-12b,9,step8,7,16,11846072320,36,0.12503574638663822,0.17891582690022725
EleutherAI/pythia-12b,9,step8,7,17,11846072320,36,0.11264085720989614,0.17884401096081406
EleutherAI/pythia-12b,9,step8,7,18,11846072320,36,0.12927427421975596,0.15724156453769214
EleutherAI/pythia-12b,9,step8,7,19,11846072320,36,0.12011913121775818,0.19044532777053544
EleutherAI/pythia-12b,9,step8,7,20,11846072320,36,0.11926120374765657,0.16755408085547047
EleutherAI/pythia-12b,9,step8,7,21,11846072320,36,0.114172825589776,0.1901854265246305
EleutherAI/pythia-12b,9,step8,7,22,11846072320,36,0.12757537145917117,0.1713558264529785
EleutherAI/pythia-12b,9,step8,7,23,11846072320,36,0.10822656636850697,0.15899804428040798
EleutherAI/pythia-12b,9,step8,7,24,11846072320,36,0.12802699820751,0.16876584252862775
EleutherAI/pythia-12b,9,step8,7,25,11846072320,36,0.13742508131216413,0.1757998258412421
EleutherAI/pythia-12b,9,step8,7,26,11846072320,36,0.12317370432610801,0.21143290714581714
EleutherAI/pythia-12b,9,step8,7,27,11846072320,36,0.14294090429069217,0.16641117004235761
EleutherAI/pythia-12b,9,step8,7,28,11846072320,36,0.12221394657148967,0.16481693772537567
EleutherAI/pythia-12b,9,step8,7,29,11846072320,36,0.1367250472732313,0.17510595019380965
EleutherAI/pythia-12b,9,step8,7,30,11846072320,36,0.12103884895933457,0.16395047545578473
EleutherAI/pythia-12b,9,step8,7,31,11846072320,36,0.12657918194280904,0.1802536661935237
EleutherAI/pythia-12b,9,step8,7,32,11846072320,36,0.11384018065335152,0.20143121360121544
EleutherAI/pythia-12b,9,step8,7,33,11846072320,36,0.1231068420215501,0.210022128684944
EleutherAI/pythia-12b,9,step8,7,34,11846072320,36,0.12523227715277452,0.18087033019051532
EleutherAI/pythia-12b,9,step8,7,35,11846072320,36,0.11276260088267802,0.17373470680693065
EleutherAI/pythia-12b,9,step8,7,36,11846072320,36,0.12459427662551757,0.18092626526493116
EleutherAI/pythia-12b,9,step8,7,37,11846072320,36,0.12891042321450535,0.19076913487803823
EleutherAI/pythia-12b,9,step8,7,38,11846072320,36,0.13550604391541027,0.16623549066573468
EleutherAI/pythia-12b,9,step8,7,39,11846072320,36,0.12209508052884455,0.16778167543860076
EleutherAI/pythia-12b,9,step8,7,40,11846072320,36,0.12023445478620916,0.18118827952234232
EleutherAI/pythia-12b,9,step8,8,1,11846072320,36,0.12920444184640145,0.14890452184610892
EleutherAI/pythia-12b,9,step8,8,2,11846072320,36,0.12938911359276137,0.1521794369119826
EleutherAI/pythia-12b,9,step8,8,3,11846072320,36,0.11239751460248819,0.199156420640983
EleutherAI/pythia-12b,9,step8,8,4,11846072320,36,0.12349452166160839,0.17582575836730696
EleutherAI/pythia-12b,9,step8,8,5,11846072320,36,0.12171079344521678,0.19830452408026283
EleutherAI/pythia-12b,9,step8,8,6,11846072320,36,0.1281891105690965,0.16648608904510911
EleutherAI/pythia-12b,9,step8,8,7,11846072320,36,0.12644636043691415,0.1739641657188624
EleutherAI/pythia-12b,9,step8,8,8,11846072320,36,0.12966240859693948,0.1922943963314051
EleutherAI/pythia-12b,9,step8,8,9,11846072320,36,0.1098547282267932,0.1676487269260369
EleutherAI/pythia-12b,9,step8,8,10,11846072320,36,0.11093017654968897,0.17276613668513455
EleutherAI/pythia-12b,9,step8,8,11,11846072320,36,0.13063722519433352,0.15047907913746952
EleutherAI/pythia-12b,9,step8,8,12,11846072320,36,0.11203559611675076,0.15016665226044326
EleutherAI/pythia-12b,9,step8,8,13,11846072320,36,0.10366595181001642,0.17605785956164377
EleutherAI/pythia-12b,9,step8,8,14,11846072320,36,0.13624246066083776,0.14637079176020332
EleutherAI/pythia-12b,9,step8,8,15,11846072320,36,0.11935956223501454,0.1721715226590454
EleutherAI/pythia-12b,9,step8,8,16,11846072320,36,0.12505646858800634,0.1779798029169619
EleutherAI/pythia-12b,9,step8,8,17,11846072320,36,0.12275267854422416,0.1851824852484124
EleutherAI/pythia-12b,9,step8,8,18,11846072320,36,0.11580994961833628,0.20569297658452934
EleutherAI/pythia-12b,9,step8,8,19,11846072320,36,0.12679234703627967,0.18511559232767366
EleutherAI/pythia-12b,9,step8,8,20,11846072320,36,0.1371128137332496,0.1549898240178286
EleutherAI/pythia-12b,9,step8,8,21,11846072320,36,0.11684246105351691,0.19931642255289952
EleutherAI/pythia-12b,9,step8,8,22,11846072320,36,0.12228799506731036,0.1624813047866966
EleutherAI/pythia-12b,9,step8,8,23,11846072320,36,0.13081955187604408,0.15279726248916917
EleutherAI/pythia-12b,9,step8,8,24,11846072320,36,0.1282241856371676,0.17639495622277165
EleutherAI/pythia-12b,9,step8,8,25,11846072320,36,0.12072470125269599,0.18034134938048793
EleutherAI/pythia-12b,9,step8,8,26,11846072320,36,0.13579805893403984,0.2038740699120738
EleutherAI/pythia-12b,9,step8,8,27,11846072320,36,0.1259228389419324,0.1815806361720771
EleutherAI/pythia-12b,9,step8,8,28,11846072320,36,0.12648488567196745,0.15070929495735208
EleutherAI/pythia-12b,9,step8,8,29,11846072320,36,0.125993952216642,0.1881764752163856
EleutherAI/pythia-12b,9,step8,8,30,11846072320,36,0.10664863436966683,0.17939964795692095
EleutherAI/pythia-12b,9,step8,8,31,11846072320,36,0.11572870464475302,0.17427907216253577
EleutherAI/pythia-12b,9,step8,8,32,11846072320,36,0.11812944837787126,0.16580904573313998
EleutherAI/pythia-12b,9,step8,8,33,11846072320,36,0.12079553063343591,0.16736333123086625
EleutherAI/pythia-12b,9,step8,8,34,11846072320,36,0.15217195069780934,0.1796663559682376
EleutherAI/pythia-12b,9,step8,8,35,11846072320,36,0.12428976621131993,0.15209912553474347
EleutherAI/pythia-12b,9,step8,8,36,11846072320,36,0.12375973410031813,0.16460857950934057
EleutherAI/pythia-12b,9,step8,8,37,11846072320,36,0.09798899497109666,0.16542207914776536
EleutherAI/pythia-12b,9,step8,8,38,11846072320,36,0.13023996356505527,0.16369700135087015
EleutherAI/pythia-12b,9,step8,8,39,11846072320,36,0.14287128118803727,0.14013189618271568
EleutherAI/pythia-12b,9,step8,8,40,11846072320,36,0.12186643309533234,0.1540568736647521
EleutherAI/pythia-12b,9,step8,9,1,11846072320,36,0.1335236867134635,0.17590188501576132
EleutherAI/pythia-12b,9,step8,9,2,11846072320,36,0.11852770915965324,0.14544708731195496
EleutherAI/pythia-12b,9,step8,9,3,11846072320,36,0.13341115194711237,0.1598711364396341
EleutherAI/pythia-12b,9,step8,9,4,11846072320,36,0.1477902548236621,0.15364636972199774
EleutherAI/pythia-12b,9,step8,9,5,11846072320,36,0.12038231324460409,0.16376003092462502
EleutherAI/pythia-12b,9,step8,9,6,11846072320,36,0.12236792424990156,0.19774880938164818
EleutherAI/pythia-12b,9,step8,9,7,11846072320,36,0.1250040529088841,0.1646890587931325
EleutherAI/pythia-12b,9,step8,9,8,11846072320,36,0.12059317950394235,0.1618263179481074
EleutherAI/pythia-12b,9,step8,9,9,11846072320,36,0.13851372734853273,0.16062227194686907
EleutherAI/pythia-12b,9,step8,9,10,11846072320,36,0.13010529455569408,0.1889800214328923
EleutherAI/pythia-12b,9,step8,9,11,11846072320,36,0.11703857179317205,0.1539327716482831
EleutherAI/pythia-12b,9,step8,9,12,11846072320,36,0.1266112713892762,0.17305483365034283
EleutherAI/pythia-12b,9,step8,9,13,11846072320,36,0.15395138515634935,0.1643067100910363
EleutherAI/pythia-12b,9,step8,9,14,11846072320,36,0.13649189934223976,0.1447535020078311
EleutherAI/pythia-12b,9,step8,9,15,11846072320,36,0.11194565173730742,0.1701531355680377
EleutherAI/pythia-12b,9,step8,9,16,11846072320,36,0.13957978587027065,0.17290291535268135
EleutherAI/pythia-12b,9,step8,9,17,11846072320,36,0.12104550328430108,0.1638992348176849
EleutherAI/pythia-12b,9,step8,9,18,11846072320,36,0.14509007415815334,0.1419967078707284
EleutherAI/pythia-12b,9,step8,9,19,11846072320,36,0.1329172189450926,0.2120488984426399
EleutherAI/pythia-12b,9,step8,9,20,11846072320,36,0.12098382747320974,0.15736098734622778
EleutherAI/pythia-12b,9,step8,9,21,11846072320,36,0.13579060751441357,0.151532770319095
EleutherAI/pythia-12b,9,step8,9,22,11846072320,36,0.12087713317895253,0.16760886670859365
EleutherAI/pythia-12b,9,step8,9,23,11846072320,36,0.11222175125021472,0.15785480875175095
EleutherAI/pythia-12b,9,step8,9,24,11846072320,36,0.12105753603349394,0.1757222774799342
EleutherAI/pythia-12b,9,step8,9,25,11846072320,36,0.1280547778091362,0.1576179539471551
EleutherAI/pythia-12b,9,step8,9,26,11846072320,36,0.10408518814087447,0.2004823505307908
EleutherAI/pythia-12b,9,step8,9,27,11846072320,36,0.16279149394448808,0.1388939122722537
EleutherAI/pythia-12b,9,step8,9,28,11846072320,36,0.1369041214464931,0.13658408871809904
EleutherAI/pythia-12b,9,step8,9,29,11846072320,36,0.1303115149669058,0.18744612029018073
EleutherAI/pythia-12b,9,step8,9,30,11846072320,36,0.10679253610829866,0.17568413562256022
EleutherAI/pythia-12b,9,step8,9,31,11846072320,36,0.1106484291582807,0.14885806088970674
EleutherAI/pythia-12b,9,step8,9,32,11846072320,36,0.11857894607246276,0.1624642984421403
EleutherAI/pythia-12b,9,step8,9,33,11846072320,36,0.11450587986065099,0.21857065210180415
EleutherAI/pythia-12b,9,step8,9,34,11846072320,36,0.12731392993717575,0.19258358034196196
EleutherAI/pythia-12b,9,step8,9,35,11846072320,36,0.10783279165569633,0.17147704955279913
EleutherAI/pythia-12b,9,step8,9,36,11846072320,36,0.1339703408145421,0.1526074905099498
EleutherAI/pythia-12b,9,step8,9,37,11846072320,36,0.1293243079169376,0.15481731013112415
EleutherAI/pythia-12b,9,step8,9,38,11846072320,36,0.12235506762143544,0.166545062418188
EleutherAI/pythia-12b,9,step8,9,39,11846072320,36,0.12275664166578118,0.18843231873178443
EleutherAI/pythia-12b,9,step8,9,40,11846072320,36,0.12266110193666749,0.17233075148372853
EleutherAI/pythia-12b,9,step8,10,1,11846072320,36,0.11545642642947553,0.20182067733090198
EleutherAI/pythia-12b,9,step8,10,2,11846072320,36,0.13171420797325287,0.1722207811602332
EleutherAI/pythia-12b,9,step8,10,3,11846072320,36,0.13398797826298897,0.16701845345912392
EleutherAI/pythia-12b,9,step8,10,4,11846072320,36,0.1308208125344178,0.16878374571444926
EleutherAI/pythia-12b,9,step8,10,5,11846072320,36,0.11987629483590967,0.18353217075559286
EleutherAI/pythia-12b,9,step8,10,6,11846072320,36,0.1283130434036881,0.17474210900240558
EleutherAI/pythia-12b,9,step8,10,7,11846072320,36,0.13426636663956323,0.15892450476495976
EleutherAI/pythia-12b,9,step8,10,8,11846072320,36,0.12937633901856857,0.16210225192891492
EleutherAI/pythia-12b,9,step8,10,9,11846072320,36,0.09926099567632145,0.18870856221653404
EleutherAI/pythia-12b,9,step8,10,10,11846072320,36,0.12436171264776413,0.17563060466367914
EleutherAI/pythia-12b,9,step8,10,11,11846072320,36,0.1431747262810801,0.17065811638549727
EleutherAI/pythia-12b,9,step8,10,12,11846072320,36,0.138139044709347,0.15875979004478127
EleutherAI/pythia-12b,9,step8,10,13,11846072320,36,0.11397781550000465,0.15117640220825823
EleutherAI/pythia-12b,9,step8,10,14,11846072320,36,0.15091565751971242,0.16717013189227906
EleutherAI/pythia-12b,9,step8,10,15,11846072320,36,0.125078902971391,0.16466764854854557
EleutherAI/pythia-12b,9,step8,10,16,11846072320,36,0.10754792878051864,0.18937267480535547
EleutherAI/pythia-12b,9,step8,10,17,11846072320,36,0.12449950611850874,0.15563756563105022
EleutherAI/pythia-12b,9,step8,10,18,11846072320,36,0.1091973296598763,0.17566505813126534
EleutherAI/pythia-12b,9,step8,10,19,11846072320,36,0.12182832287216147,0.15666771728780352
EleutherAI/pythia-12b,9,step8,10,20,11846072320,36,0.1275485249029265,0.1705761468793089
EleutherAI/pythia-12b,9,step8,10,21,11846072320,36,0.12861781528180422,0.18666016930216422
EleutherAI/pythia-12b,9,step8,10,22,11846072320,36,0.13561320678518338,0.14263958955468892
EleutherAI/pythia-12b,9,step8,10,23,11846072320,36,0.10105985992339186,0.20068273846585824
EleutherAI/pythia-12b,9,step8,10,24,11846072320,36,0.18082429232584818,0.14754973271967944
EleutherAI/pythia-12b,9,step8,10,25,11846072320,36,0.13146806741552844,0.18436941232353266
EleutherAI/pythia-12b,9,step8,10,26,11846072320,36,0.11244525358796831,0.1650653649401199
EleutherAI/pythia-12b,9,step8,10,27,11846072320,36,0.13983597498465403,0.14682875684666646
EleutherAI/pythia-12b,9,step8,10,28,11846072320,36,0.10452492386885766,0.15883443662309427
EleutherAI/pythia-12b,9,step8,10,29,11846072320,36,0.1246341205909624,0.15252555304629214
EleutherAI/pythia-12b,9,step8,10,30,11846072320,36,0.13461195037619125,0.15885937305072223
EleutherAI/pythia-12b,9,step8,10,31,11846072320,36,0.11765445500343766,0.17447573976037467
EleutherAI/pythia-12b,9,step8,10,32,11846072320,36,0.13021693663397527,0.14925408814460392
EleutherAI/pythia-12b,9,step8,10,33,11846072320,36,0.13037531166239538,0.1774068667858212
EleutherAI/pythia-12b,9,step8,10,34,11846072320,36,0.11635550127473765,0.23479720168710647
EleutherAI/pythia-12b,9,step8,10,35,11846072320,36,0.1024434338673367,0.1777449926590776
EleutherAI/pythia-12b,9,step8,10,36,11846072320,36,0.11907501367980738,0.1665924333466647
EleutherAI/pythia-12b,9,step8,10,37,11846072320,36,0.1409445732339724,0.16331994063402705
EleutherAI/pythia-12b,9,step8,10,38,11846072320,36,0.12085027888126376,0.17111166092558752
EleutherAI/pythia-12b,9,step8,10,39,11846072320,36,0.1269530029715718,0.1726221288708192
EleutherAI/pythia-12b,9,step8,10,40,11846072320,36,0.10956117254891638,0.18900782592012894
EleutherAI/pythia-12b,9,step8,11,1,11846072320,36,0.11908038998967978,0.21071767888392678
EleutherAI/pythia-12b,9,step8,11,2,11846072320,36,0.11109258730646901,0.1790536174539465
EleutherAI/pythia-12b,9,step8,11,3,11846072320,36,0.126094593260963,0.17902539334855633
EleutherAI/pythia-12b,9,step8,11,4,11846072320,36,0.12085585979123906,0.16960969402849133
EleutherAI/pythia-12b,9,step8,11,5,11846072320,36,0.13000083419385253,0.14707676361821162
EleutherAI/pythia-12b,9,step8,11,6,11846072320,36,0.14051725953123767,0.1584449235221242
EleutherAI/pythia-12b,9,step8,11,7,11846072320,36,0.11359947571928074,0.17973869770776488
EleutherAI/pythia-12b,9,step8,11,8,11846072320,36,0.1334457796223618,0.18333280925546677
EleutherAI/pythia-12b,9,step8,11,9,11846072320,36,0.10973752743365972,0.1841155000411354
EleutherAI/pythia-12b,9,step8,11,10,11846072320,36,0.1277594313797381,0.16830844766328906
EleutherAI/pythia-12b,9,step8,11,11,11846072320,36,0.13658657195689797,0.15552673058433303
EleutherAI/pythia-12b,9,step8,11,12,11846072320,36,0.10281796884854451,0.16281400386848155
EleutherAI/pythia-12b,9,step8,11,13,11846072320,36,0.13620927763191068,0.19297889706485707
EleutherAI/pythia-12b,9,step8,11,14,11846072320,36,0.10042877749794413,0.19704511021921134
EleutherAI/pythia-12b,9,step8,11,15,11846072320,36,0.13344673264782883,0.1633841477630956
EleutherAI/pythia-12b,9,step8,11,16,11846072320,36,0.143935570213664,0.17602636358580429
EleutherAI/pythia-12b,9,step8,11,17,11846072320,36,0.13161541354862058,0.14973969036830703
EleutherAI/pythia-12b,9,step8,11,18,11846072320,36,0.13823726060646427,0.1663295223682492
EleutherAI/pythia-12b,9,step8,11,19,11846072320,36,0.12213576233780774,0.18635032739904187
EleutherAI/pythia-12b,9,step8,11,20,11846072320,36,0.14170119028214037,0.16424486870589375
EleutherAI/pythia-12b,9,step8,11,21,11846072320,36,0.14795838274039302,0.14427668802921206
EleutherAI/pythia-12b,9,step8,11,22,11846072320,36,0.13410178309602955,0.16276541990493687
EleutherAI/pythia-12b,9,step8,11,23,11846072320,36,0.11073192113635683,0.18019891236615068
EleutherAI/pythia-12b,9,step8,11,24,11846072320,36,0.1337557263034689,0.15104516389200812
EleutherAI/pythia-12b,9,step8,11,25,11846072320,36,0.1208147083719571,0.1717427723143283
EleutherAI/pythia-12b,9,step8,11,26,11846072320,36,0.10932408213369298,0.19556715579384615
EleutherAI/pythia-12b,9,step8,11,27,11846072320,36,0.11186522249322571,0.16168446785437537
EleutherAI/pythia-12b,9,step8,11,28,11846072320,36,0.11770907744161176,0.1867340269719471
EleutherAI/pythia-12b,9,step8,11,29,11846072320,36,0.12838353512266104,0.21973321265219384
EleutherAI/pythia-12b,9,step8,11,30,11846072320,36,0.13132300707245906,0.13840913782092004
EleutherAI/pythia-12b,9,step8,11,31,11846072320,36,0.1337655286833241,0.18390063838278115
EleutherAI/pythia-12b,9,step8,11,32,11846072320,36,0.12800053618400836,0.17582480438534648
EleutherAI/pythia-12b,9,step8,11,33,11846072320,36,0.12290698877751106,0.16078256007686656
EleutherAI/pythia-12b,9,step8,11,34,11846072320,36,0.1289463683504152,0.21907847525702936
EleutherAI/pythia-12b,9,step8,11,35,11846072320,36,0.13021234381530017,0.16272966311433468
EleutherAI/pythia-12b,9,step8,11,36,11846072320,36,0.11755005802187292,0.20103064919164673
EleutherAI/pythia-12b,9,step8,11,37,11846072320,36,0.1273395879244482,0.16954180592106086
EleutherAI/pythia-12b,9,step8,11,38,11846072320,36,0.1275567941412374,0.16341955054763913
EleutherAI/pythia-12b,9,step8,11,39,11846072320,36,0.12469344069291875,0.17415387062327903
EleutherAI/pythia-12b,9,step8,11,40,11846072320,36,0.14351579910507786,0.14968273931325551
EleutherAI/pythia-12b,9,step8,12,1,11846072320,36,0.13497895113676334,0.16595227871783766
EleutherAI/pythia-12b,9,step8,12,2,11846072320,36,0.10966983265816803,0.1797274496635651
EleutherAI/pythia-12b,9,step8,12,3,11846072320,36,0.12583556181720423,0.1995600263305657
EleutherAI/pythia-12b,9,step8,12,4,11846072320,36,0.13119453704683806,0.14958953456925195
EleutherAI/pythia-12b,9,step8,12,5,11846072320,36,0.11917860102322363,0.18265338334626885
EleutherAI/pythia-12b,9,step8,12,6,11846072320,36,0.13164630802432153,0.17411509996095484
EleutherAI/pythia-12b,9,step8,12,7,11846072320,36,0.157570939863453,0.14575123678971155
EleutherAI/pythia-12b,9,step8,12,8,11846072320,36,0.12195645841034321,0.18122506924476975
EleutherAI/pythia-12b,9,step8,12,9,11846072320,36,0.11631939980248963,0.1485205147465741
EleutherAI/pythia-12b,9,step8,12,10,11846072320,36,0.12301726009998769,0.16392275100635423
EleutherAI/pythia-12b,9,step8,12,11,11846072320,36,0.12987866159808167,0.1782992500560106
EleutherAI/pythia-12b,9,step8,12,12,11846072320,36,0.13664846634072758,0.21075379676199527
EleutherAI/pythia-12b,9,step8,12,13,11846072320,36,0.15333093661960356,0.15782883125650987
EleutherAI/pythia-12b,9,step8,12,14,11846072320,36,0.1260380681671269,0.18287713167344302
EleutherAI/pythia-12b,9,step8,12,15,11846072320,36,0.13959232794663476,0.1536080374664909
EleutherAI/pythia-12b,9,step8,12,16,11846072320,36,0.09957171019513503,0.18132044363755717
EleutherAI/pythia-12b,9,step8,12,17,11846072320,36,0.12986126599704714,0.19026250660967625
EleutherAI/pythia-12b,9,step8,12,18,11846072320,36,0.11743485940726577,0.19181315381046346
EleutherAI/pythia-12b,9,step8,12,19,11846072320,36,0.13618105925709095,0.19481614361553484
EleutherAI/pythia-12b,9,step8,12,20,11846072320,36,0.14519562778642045,0.14489906410723025
EleutherAI/pythia-12b,9,step8,12,21,11846072320,36,0.11487196757830116,0.1915341355913394
EleutherAI/pythia-12b,9,step8,12,22,11846072320,36,0.13488398522541326,0.17144114684380654
EleutherAI/pythia-12b,9,step8,12,23,11846072320,36,0.16602476805940758,0.13036427394047867
EleutherAI/pythia-12b,9,step8,12,24,11846072320,36,0.14815605539750226,0.16321200225502247
EleutherAI/pythia-12b,9,step8,12,25,11846072320,36,0.16652697703994068,0.15909398287847948
EleutherAI/pythia-12b,9,step8,12,26,11846072320,36,0.14193734139002653,0.1625541469652776
EleutherAI/pythia-12b,9,step8,12,27,11846072320,36,0.1108909048134455,0.1670651563943864
EleutherAI/pythia-12b,9,step8,12,28,11846072320,36,0.12638689315802337,0.1603588092982679
EleutherAI/pythia-12b,9,step8,12,29,11846072320,36,0.13083964619259753,0.17472907707274135
EleutherAI/pythia-12b,9,step8,12,30,11846072320,36,0.11984155818473197,0.16349825033409007
EleutherAI/pythia-12b,9,step8,12,31,11846072320,36,0.11983980987690855,0.1721526291920571
EleutherAI/pythia-12b,9,step8,12,32,11846072320,36,0.1311890255637444,0.1521260743910396
EleutherAI/pythia-12b,9,step8,12,33,11846072320,36,0.10502912497075198,0.1838176329242619
EleutherAI/pythia-12b,9,step8,12,34,11846072320,36,0.12466852646041378,0.17512850851581258
EleutherAI/pythia-12b,9,step8,12,35,11846072320,36,0.13275153558511094,0.1662233054928772
EleutherAI/pythia-12b,9,step8,12,36,11846072320,36,0.15589813517221993,0.17934264728447066
EleutherAI/pythia-12b,9,step8,12,37,11846072320,36,0.11594968444077634,0.17925083333229244
EleutherAI/pythia-12b,9,step8,12,38,11846072320,36,0.12711262127927112,0.17485892469505285
EleutherAI/pythia-12b,9,step8,12,39,11846072320,36,0.11878634514091337,0.1549926723546541
EleutherAI/pythia-12b,9,step8,12,40,11846072320,36,0.11892667278513173,0.16552963653193398
EleutherAI/pythia-12b,9,step8,13,1,11846072320,36,0.11886783659055422,0.17471281155753687
EleutherAI/pythia-12b,9,step8,13,2,11846072320,36,0.13096903581116287,0.1614935580982236
EleutherAI/pythia-12b,9,step8,13,3,11846072320,36,0.13780383383659445,0.15649868502608824
EleutherAI/pythia-12b,9,step8,13,4,11846072320,36,0.10689513696855428,0.18552849804507088
EleutherAI/pythia-12b,9,step8,13,5,11846072320,36,0.13499168618708038,0.15936978341726296
EleutherAI/pythia-12b,9,step8,13,6,11846072320,36,0.14252391660602776,0.16077059613926717
EleutherAI/pythia-12b,9,step8,13,7,11846072320,36,0.11650931157518521,0.16647008539935396
EleutherAI/pythia-12b,9,step8,13,8,11846072320,36,0.14720297546626565,0.1468948759502163
EleutherAI/pythia-12b,9,step8,13,9,11846072320,36,0.1253492400167627,0.15632088407706296
EleutherAI/pythia-12b,9,step8,13,10,11846072320,36,0.13655842776345953,0.17682117950059356
EleutherAI/pythia-12b,9,step8,13,11,11846072320,36,0.12423657135920477,0.18307834562730857
EleutherAI/pythia-12b,9,step8,13,12,11846072320,36,0.1278254160819737,0.17531142790183735
EleutherAI/pythia-12b,9,step8,13,13,11846072320,36,0.1559730019230205,0.14059847108068851
EleutherAI/pythia-12b,9,step8,13,14,11846072320,36,0.11680833572751136,0.16498100794236487
EleutherAI/pythia-12b,9,step8,13,15,11846072320,36,0.1284244161647361,0.1798363343250375
EleutherAI/pythia-12b,9,step8,13,16,11846072320,36,0.12926732542905,0.14675438541404384
EleutherAI/pythia-12b,9,step8,13,17,11846072320,36,0.12600171159639637,0.1932181384996161
EleutherAI/pythia-12b,9,step8,13,18,11846072320,36,0.12724193213535495,0.18287132816338858
EleutherAI/pythia-12b,9,step8,13,19,11846072320,36,0.12042922061216361,0.16104757316360196
EleutherAI/pythia-12b,9,step8,13,20,11846072320,36,0.12280213726298493,0.1877381189197704
EleutherAI/pythia-12b,9,step8,13,21,11846072320,36,0.12735783254487196,0.1598518462627902
EleutherAI/pythia-12b,9,step8,13,22,11846072320,36,0.1303038174124272,0.1614139834223119
EleutherAI/pythia-12b,9,step8,13,23,11846072320,36,0.11511501043408479,0.1852814479739413
EleutherAI/pythia-12b,9,step8,13,24,11846072320,36,0.1297841787662681,0.17773495678015205
EleutherAI/pythia-12b,9,step8,13,25,11846072320,36,0.12096299978627542,0.15069855042025668
EleutherAI/pythia-12b,9,step8,13,26,11846072320,36,0.1398490346889864,0.18134238248181947
EleutherAI/pythia-12b,9,step8,13,27,11846072320,36,0.12347628848274814,0.17216188431222423
EleutherAI/pythia-12b,9,step8,13,28,11846072320,36,0.11949915273321995,0.15204875889673333
EleutherAI/pythia-12b,9,step8,13,29,11846072320,36,0.10427543821299931,0.20160224852809405
EleutherAI/pythia-12b,9,step8,13,30,11846072320,36,0.13466579296455544,0.18851726483721448
EleutherAI/pythia-12b,9,step8,13,31,11846072320,36,0.13126054718284988,0.15845871277086365
EleutherAI/pythia-12b,9,step8,13,32,11846072320,36,0.10837176843482,0.18648755669526684
EleutherAI/pythia-12b,9,step8,13,33,11846072320,36,0.12005082075414174,0.17665040120762118
EleutherAI/pythia-12b,9,step8,13,34,11846072320,36,0.1307012460477001,0.17390468544061025
EleutherAI/pythia-12b,9,step8,13,35,11846072320,36,0.13212237527241574,0.16446462454268698
EleutherAI/pythia-12b,9,step8,13,36,11846072320,36,0.14375244952492167,0.1556067291378706
EleutherAI/pythia-12b,9,step8,13,37,11846072320,36,0.12978179223119493,0.16600563982361782
EleutherAI/pythia-12b,9,step8,13,38,11846072320,36,0.11982652401221582,0.15691895497118205
EleutherAI/pythia-12b,9,step8,13,39,11846072320,36,0.11525038360162178,0.22273148018475225
EleutherAI/pythia-12b,9,step8,13,40,11846072320,36,0.1101272340539518,0.18389740280314784
EleutherAI/pythia-12b,9,step8,14,1,11846072320,36,0.12533684223946234,0.18130912612452427
EleutherAI/pythia-12b,9,step8,14,2,11846072320,36,0.10575704135325126,0.2144420455061682
EleutherAI/pythia-12b,9,step8,14,3,11846072320,36,0.13490929893097717,0.14738218111822282
EleutherAI/pythia-12b,9,step8,14,4,11846072320,36,0.09985587768558711,0.1644521081546047
EleutherAI/pythia-12b,9,step8,14,5,11846072320,36,0.12396585938517929,0.13307007507619642
EleutherAI/pythia-12b,9,step8,14,6,11846072320,36,0.11045097666526875,0.17885490058286407
EleutherAI/pythia-12b,9,step8,14,7,11846072320,36,0.10665078343706083,0.21648972258866725
EleutherAI/pythia-12b,9,step8,14,8,11846072320,36,0.12541821211934442,0.15343988903828923
EleutherAI/pythia-12b,9,step8,14,9,11846072320,36,0.1242330491419758,0.17116082903534707
EleutherAI/pythia-12b,9,step8,14,10,11846072320,36,0.12481841289469067,0.1877880867895063
EleutherAI/pythia-12b,9,step8,14,11,11846072320,36,0.14392203259821584,0.14512042804165284
EleutherAI/pythia-12b,9,step8,14,12,11846072320,36,0.115544703970845,0.15411073047186694
EleutherAI/pythia-12b,9,step8,14,13,11846072320,36,0.14126766630233045,0.14691861186668764
EleutherAI/pythia-12b,9,step8,14,14,11846072320,36,0.1394649685133953,0.14796034375893635
EleutherAI/pythia-12b,9,step8,14,15,11846072320,36,0.14932514010584566,0.14082056221303277
EleutherAI/pythia-12b,9,step8,14,16,11846072320,36,0.11774965165065479,0.15607560002007279
EleutherAI/pythia-12b,9,step8,14,17,11846072320,36,0.1257183048818204,0.18303589320912192
EleutherAI/pythia-12b,9,step8,14,18,11846072320,36,0.13810472269808205,0.18273254092111507
EleutherAI/pythia-12b,9,step8,14,19,11846072320,36,0.13531583944732717,0.1638214761732487
EleutherAI/pythia-12b,9,step8,14,20,11846072320,36,0.12528787747965198,0.18306973552773212
EleutherAI/pythia-12b,9,step8,14,21,11846072320,36,0.11095825605955832,0.15733982200871355
EleutherAI/pythia-12b,9,step8,14,22,11846072320,36,0.11616394923882437,0.17903454903815239
EleutherAI/pythia-12b,9,step8,14,23,11846072320,36,0.11435894494702861,0.1636414878747171
EleutherAI/pythia-12b,9,step8,14,24,11846072320,36,0.12984998579005574,0.15814238822495968
EleutherAI/pythia-12b,9,step8,14,25,11846072320,36,0.11284489250341957,0.19271661823352532
EleutherAI/pythia-12b,9,step8,14,26,11846072320,36,0.16962643058316124,0.12618735994774474
EleutherAI/pythia-12b,9,step8,14,27,11846072320,36,0.13094665785809534,0.18447581824060671
EleutherAI/pythia-12b,9,step8,14,28,11846072320,36,0.11768652268828031,0.17047689341892436
EleutherAI/pythia-12b,9,step8,14,29,11846072320,36,0.10394104720895977,0.19032107527135636
EleutherAI/pythia-12b,9,step8,14,30,11846072320,36,0.1200889006883532,0.1687124210714667
EleutherAI/pythia-12b,9,step8,14,31,11846072320,36,0.12535266844449455,0.17876783608215613
EleutherAI/pythia-12b,9,step8,14,32,11846072320,36,0.12029124307516097,0.16373309954810694
EleutherAI/pythia-12b,9,step8,14,33,11846072320,36,0.12759192056349802,0.1639215716555177
EleutherAI/pythia-12b,9,step8,14,34,11846072320,36,0.1459757889992929,0.16666593375495511
EleutherAI/pythia-12b,9,step8,14,35,11846072320,36,0.12963170239383032,0.18707260138469858
EleutherAI/pythia-12b,9,step8,14,36,11846072320,36,0.13178979622216908,0.17374483917143427
EleutherAI/pythia-12b,9,step8,14,37,11846072320,36,0.1294021268428356,0.15077743013095743
EleutherAI/pythia-12b,9,step8,14,38,11846072320,36,0.12242543925013803,0.16197017855752066
EleutherAI/pythia-12b,9,step8,14,39,11846072320,36,0.1170263950609498,0.18372745830677556
EleutherAI/pythia-12b,9,step8,14,40,11846072320,36,0.15431078268891874,0.1522409016288839
EleutherAI/pythia-12b,9,step8,15,1,11846072320,36,0.1165005751569439,0.18293032352742664
EleutherAI/pythia-12b,9,step8,15,2,11846072320,36,0.13717544948061303,0.16876411836527216
EleutherAI/pythia-12b,9,step8,15,3,11846072320,36,0.1443360818175224,0.15982363549516987
EleutherAI/pythia-12b,9,step8,15,4,11846072320,36,0.12365569645824191,0.19534084980876681
EleutherAI/pythia-12b,9,step8,15,5,11846072320,36,0.09151120458984066,0.20519882281990465
EleutherAI/pythia-12b,9,step8,15,6,11846072320,36,0.11773255240597252,0.1874489551605852
EleutherAI/pythia-12b,9,step8,15,7,11846072320,36,0.15230237379916253,0.17082983048705452
EleutherAI/pythia-12b,9,step8,15,8,11846072320,36,0.13796396544566739,0.15536026271233505
EleutherAI/pythia-12b,9,step8,15,9,11846072320,36,0.12691471458331596,0.16792398495124172
EleutherAI/pythia-12b,9,step8,15,10,11846072320,36,0.1290857654579498,0.22522167196670717
EleutherAI/pythia-12b,9,step8,15,11,11846072320,36,0.11403190924900694,0.15285087985968263
EleutherAI/pythia-12b,9,step8,15,12,11846072320,36,0.1298718530818954,0.15466914599476092
EleutherAI/pythia-12b,9,step8,15,13,11846072320,36,0.12904760703533974,0.15434721790746342
EleutherAI/pythia-12b,9,step8,15,14,11846072320,36,0.15950998526860818,0.1426580747751681
EleutherAI/pythia-12b,9,step8,15,15,11846072320,36,0.10921282516149157,0.18892972565370722
EleutherAI/pythia-12b,9,step8,15,16,11846072320,36,0.126055297388642,0.1567410998544222
EleutherAI/pythia-12b,9,step8,15,17,11846072320,36,0.12747484233017795,0.1581589369153654
EleutherAI/pythia-12b,9,step8,15,18,11846072320,36,0.11262126375470788,0.16742637089255064
EleutherAI/pythia-12b,9,step8,15,19,11846072320,36,0.1401673509619078,0.1578926473475612
EleutherAI/pythia-12b,9,step8,15,20,11846072320,36,0.11532577123302772,0.16663630247149647
EleutherAI/pythia-12b,9,step8,15,21,11846072320,36,0.12285846856061935,0.16449417836136285
EleutherAI/pythia-12b,9,step8,15,22,11846072320,36,0.11348189807331951,0.14235944767949635
EleutherAI/pythia-12b,9,step8,15,23,11846072320,36,0.09832022506631795,0.18615019785984227
EleutherAI/pythia-12b,9,step8,15,24,11846072320,36,0.10622374585049374,0.1840382678093047
EleutherAI/pythia-12b,9,step8,15,25,11846072320,36,0.10492006305593982,0.20101760884372138
EleutherAI/pythia-12b,9,step8,15,26,11846072320,36,0.13102756033989935,0.15626783555166585
EleutherAI/pythia-12b,9,step8,15,27,11846072320,36,0.09569395979021758,0.14453129887066263
EleutherAI/pythia-12b,9,step8,15,28,11846072320,36,0.1298070264191509,0.16599089116160123
EleutherAI/pythia-12b,9,step8,15,29,11846072320,36,0.11504895881925882,0.2070402966689195
EleutherAI/pythia-12b,9,step8,15,30,11846072320,36,0.1337889677064644,0.16920286915390872
EleutherAI/pythia-12b,9,step8,15,31,11846072320,36,0.12124180043390291,0.18890245630777808
EleutherAI/pythia-12b,9,step8,15,32,11846072320,36,0.12066642702599094,0.18095060910291227
EleutherAI/pythia-12b,9,step8,15,33,11846072320,36,0.13663214277867616,0.15607499563367333
EleutherAI/pythia-12b,9,step8,15,34,11846072320,36,0.15172347343070905,0.1388419928314449
EleutherAI/pythia-12b,9,step8,15,35,11846072320,36,0.13082806715132056,0.15904424313802615
EleutherAI/pythia-12b,9,step8,15,36,11846072320,36,0.14476396571341393,0.13373700065633373
EleutherAI/pythia-12b,9,step8,15,37,11846072320,36,0.13553372268808314,0.13111838112185306
EleutherAI/pythia-12b,9,step8,15,38,11846072320,36,0.12281650190686316,0.17825044176678306
EleutherAI/pythia-12b,9,step8,15,39,11846072320,36,0.122764446641187,0.18524075650495359
EleutherAI/pythia-12b,9,step8,15,40,11846072320,36,0.12697930058447623,0.16615892876801006
EleutherAI/pythia-12b,9,step8,16,1,11846072320,36,0.13719442504102936,0.17064018645701373
EleutherAI/pythia-12b,9,step8,16,2,11846072320,36,0.1178662049089063,0.16434387920715202
EleutherAI/pythia-12b,9,step8,16,3,11846072320,36,0.12728653310073743,0.20225925206880754
EleutherAI/pythia-12b,9,step8,16,4,11846072320,36,0.13569118123356103,0.1734174245062309
EleutherAI/pythia-12b,9,step8,16,5,11846072320,36,0.1235794294010232,0.15245961482907913
EleutherAI/pythia-12b,9,step8,16,6,11846072320,36,0.11077500784954236,0.16323060525005104
EleutherAI/pythia-12b,9,step8,16,7,11846072320,36,0.13374572909540597,0.1608229497050469
EleutherAI/pythia-12b,9,step8,16,8,11846072320,36,0.13540672454927055,0.14897035508117334
EleutherAI/pythia-12b,9,step8,16,9,11846072320,36,0.12869077461684963,0.169491388714752
EleutherAI/pythia-12b,9,step8,16,10,11846072320,36,0.12574933701986302,0.1479105847907272
EleutherAI/pythia-12b,9,step8,16,11,11846072320,36,0.1166325547024831,0.16592262733403265
EleutherAI/pythia-12b,9,step8,16,12,11846072320,36,0.12432763757961644,0.1902316634406198
EleutherAI/pythia-12b,9,step8,16,13,11846072320,36,0.11931150874218063,0.18106766290649454
EleutherAI/pythia-12b,9,step8,16,14,11846072320,36,0.12598175047015817,0.1519603436217047
EleutherAI/pythia-12b,9,step8,16,15,11846072320,36,0.12580535952393354,0.1882597959206045
EleutherAI/pythia-12b,9,step8,16,16,11846072320,36,0.1223363221955818,0.175341324656978
EleutherAI/pythia-12b,9,step8,16,17,11846072320,36,0.11705182546430876,0.16958017638316739
EleutherAI/pythia-12b,9,step8,16,18,11846072320,36,0.12693454945521487,0.16279399647536844
EleutherAI/pythia-12b,9,step8,16,19,11846072320,36,0.13397817129084652,0.1458284587797907
EleutherAI/pythia-12b,9,step8,16,20,11846072320,36,0.11663598651709674,0.16643902922312057
EleutherAI/pythia-12b,9,step8,16,21,11846072320,36,0.11717766870719351,0.20613114118531298
EleutherAI/pythia-12b,9,step8,16,22,11846072320,36,0.11490715374504477,0.18745831526569773
EleutherAI/pythia-12b,9,step8,16,23,11846072320,36,0.15019131085469017,0.145660072965016
EleutherAI/pythia-12b,9,step8,16,24,11846072320,36,0.12465464491564944,0.15917403867339583
EleutherAI/pythia-12b,9,step8,16,25,11846072320,36,0.12998770759650713,0.16085881536809707
EleutherAI/pythia-12b,9,step8,16,26,11846072320,36,0.12437021039851431,0.1802874363723907
EleutherAI/pythia-12b,9,step8,16,27,11846072320,36,0.1237412475765467,0.157757138198538
EleutherAI/pythia-12b,9,step8,16,28,11846072320,36,0.10846255499276666,0.19147938759242356
EleutherAI/pythia-12b,9,step8,16,29,11846072320,36,0.1412996480034457,0.14915505704657359
EleutherAI/pythia-12b,9,step8,16,30,11846072320,36,0.1044820586985743,0.15845526581456706
EleutherAI/pythia-12b,9,step8,16,31,11846072320,36,0.1014835222766877,0.1645024714728554
EleutherAI/pythia-12b,9,step8,16,32,11846072320,36,0.10751329670036515,0.17675014563721486
EleutherAI/pythia-12b,9,step8,16,33,11846072320,36,0.09645625899682886,0.16591372835665222
EleutherAI/pythia-12b,9,step8,16,34,11846072320,36,0.10263341897399393,0.18139346282336263
EleutherAI/pythia-12b,9,step8,16,35,11846072320,36,0.12733905050937117,0.15288193863131347
EleutherAI/pythia-12b,9,step8,16,36,11846072320,36,0.13163856611595492,0.19022757802214524
EleutherAI/pythia-12b,9,step8,16,37,11846072320,36,0.1412923038900793,0.16590329469950704
EleutherAI/pythia-12b,9,step8,16,38,11846072320,36,0.13010630330949033,0.1554919854281945
EleutherAI/pythia-12b,9,step8,16,39,11846072320,36,0.12441962647500693,0.18739171219463863
EleutherAI/pythia-12b,9,step8,16,40,11846072320,36,0.13530648079653218,0.13392711923018585
EleutherAI/pythia-12b,9,step8,17,1,11846072320,36,0.13409533150292727,0.1616591962652879
EleutherAI/pythia-12b,9,step8,17,2,11846072320,36,0.13673452305252304,0.15486597581892395
EleutherAI/pythia-12b,9,step8,17,3,11846072320,36,0.1424403776367147,0.17668487654870244
EleutherAI/pythia-12b,9,step8,17,4,11846072320,36,0.11488534349601365,0.17948361720006026
EleutherAI/pythia-12b,9,step8,17,5,11846072320,36,0.12104951600927306,0.17372287666374764
EleutherAI/pythia-12b,9,step8,17,6,11846072320,36,0.11796949983940822,0.18613356180131074
EleutherAI/pythia-12b,9,step8,17,7,11846072320,36,0.13597933002174253,0.17927573190850982
EleutherAI/pythia-12b,9,step8,17,8,11846072320,36,0.12501456214299606,0.17210145452124126
EleutherAI/pythia-12b,9,step8,17,9,11846072320,36,0.13434512426030704,0.14957735965492663
EleutherAI/pythia-12b,9,step8,17,10,11846072320,36,0.12653442471939785,0.1671462539728876
EleutherAI/pythia-12b,9,step8,17,11,11846072320,36,0.13216991757823,0.16054198511403509
EleutherAI/pythia-12b,9,step8,17,12,11846072320,36,0.14156741408950033,0.16426089245199527
EleutherAI/pythia-12b,9,step8,17,13,11846072320,36,0.1390584343121395,0.14422740788666064
EleutherAI/pythia-12b,9,step8,17,14,11846072320,36,0.11543044026426452,0.18038338487100847
EleutherAI/pythia-12b,9,step8,17,15,11846072320,36,0.1353285069334077,0.14639125437987544
EleutherAI/pythia-12b,9,step8,17,16,11846072320,36,0.1291347684747016,0.16402399602315354
EleutherAI/pythia-12b,9,step8,17,17,11846072320,36,0.10331342433643588,0.18620361370389701
EleutherAI/pythia-12b,9,step8,17,18,11846072320,36,0.1236453605172512,0.18660885060636753
EleutherAI/pythia-12b,9,step8,17,19,11846072320,36,0.1295663496261244,0.17976693654651035
EleutherAI/pythia-12b,9,step8,17,20,11846072320,36,0.14190891132250916,0.1570037086927765
EleutherAI/pythia-12b,9,step8,17,21,11846072320,36,0.14980736293748867,0.1604972822485385
EleutherAI/pythia-12b,9,step8,17,22,11846072320,36,0.131432358449599,0.1550602699985151
EleutherAI/pythia-12b,9,step8,17,23,11846072320,36,0.13333752903494386,0.18152439063163217
EleutherAI/pythia-12b,9,step8,17,24,11846072320,36,0.13137601354011183,0.15025049564358703
EleutherAI/pythia-12b,9,step8,17,25,11846072320,36,0.11531511066039578,0.15362283026704465
EleutherAI/pythia-12b,9,step8,17,26,11846072320,36,0.13616454321052035,0.16444725069488667
EleutherAI/pythia-12b,9,step8,17,27,11846072320,36,0.11359154098518971,0.19134075848201101
EleutherAI/pythia-12b,9,step8,17,28,11846072320,36,0.12306384778617914,0.19603599489641346
EleutherAI/pythia-12b,9,step8,17,29,11846072320,36,0.14702948690713702,0.13930865507796628
EleutherAI/pythia-12b,9,step8,17,30,11846072320,36,0.1177693574322952,0.1589767055183246
EleutherAI/pythia-12b,9,step8,17,31,11846072320,36,0.12409755866694912,0.15954105695290066
EleutherAI/pythia-12b,9,step8,17,32,11846072320,36,0.11564141819561204,0.21586595110975582
EleutherAI/pythia-12b,9,step8,17,33,11846072320,36,0.11651249468751673,0.1479083909471337
EleutherAI/pythia-12b,9,step8,17,34,11846072320,36,0.13125478685483913,0.17123473692942665
EleutherAI/pythia-12b,9,step8,17,35,11846072320,36,0.1353702654743248,0.1537156984707838
EleutherAI/pythia-12b,9,step8,17,36,11846072320,36,0.1134772158756449,0.158281372183257
EleutherAI/pythia-12b,9,step8,17,37,11846072320,36,0.12401734362985632,0.18886234408507382
EleutherAI/pythia-12b,9,step8,17,38,11846072320,36,0.15582934162906695,0.16395671409484855
EleutherAI/pythia-12b,9,step8,17,39,11846072320,36,0.14816095879687377,0.17761963385216015
EleutherAI/pythia-12b,9,step8,17,40,11846072320,36,0.13144686257651256,0.15158911712478854
EleutherAI/pythia-12b,9,step8,18,1,11846072320,36,0.10701852027807862,0.21058496635396018
EleutherAI/pythia-12b,9,step8,18,2,11846072320,36,0.1353961901610588,0.17561423284345645
EleutherAI/pythia-12b,9,step8,18,3,11846072320,36,0.14464092733444747,0.18015552835410328
EleutherAI/pythia-12b,9,step8,18,4,11846072320,36,0.10929339306635985,0.17788050781275414
EleutherAI/pythia-12b,9,step8,18,5,11846072320,36,0.13453925037392978,0.1434498372635952
EleutherAI/pythia-12b,9,step8,18,6,11846072320,36,0.12893340649368523,0.16385933893590088
EleutherAI/pythia-12b,9,step8,18,7,11846072320,36,0.12265950875977671,0.19437810361340593
EleutherAI/pythia-12b,9,step8,18,8,11846072320,36,0.1248851217100167,0.2075752783175166
EleutherAI/pythia-12b,9,step8,18,9,11846072320,36,0.15942106804846817,0.15872574841474982
EleutherAI/pythia-12b,9,step8,18,10,11846072320,36,0.12090440930703555,0.1778184641600102
EleutherAI/pythia-12b,9,step8,18,11,11846072320,36,0.13409512273564528,0.1604419781913136
EleutherAI/pythia-12b,9,step8,18,12,11846072320,36,0.09362242894118519,0.21608375398828097
EleutherAI/pythia-12b,9,step8,18,13,11846072320,36,0.13172886238710296,0.18215910552835854
EleutherAI/pythia-12b,9,step8,18,14,11846072320,36,0.10782535851292599,0.21788694686326263
EleutherAI/pythia-12b,9,step8,18,15,11846072320,36,0.11776372392636694,0.184763230800114
EleutherAI/pythia-12b,9,step8,18,16,11846072320,36,0.09390491361285111,0.20136834815278778
EleutherAI/pythia-12b,9,step8,18,17,11846072320,36,0.10385921550774803,0.189456551822389
EleutherAI/pythia-12b,9,step8,18,18,11846072320,36,0.12615244974894024,0.16115373772129904
EleutherAI/pythia-12b,9,step8,18,19,11846072320,36,0.10572735362549171,0.17101558760457386
EleutherAI/pythia-12b,9,step8,18,20,11846072320,36,0.1314408528218577,0.1316771320467283
EleutherAI/pythia-12b,9,step8,18,21,11846072320,36,0.12183032438226107,0.1658153388280052
EleutherAI/pythia-12b,9,step8,18,22,11846072320,36,0.11394975318744013,0.1844311021771785
EleutherAI/pythia-12b,9,step8,18,23,11846072320,36,0.1458923201728332,0.18233552582243134
EleutherAI/pythia-12b,9,step8,18,24,11846072320,36,0.11518049691230413,0.17727018554356538
EleutherAI/pythia-12b,9,step8,18,25,11846072320,36,0.11070908346232973,0.16293377175300683
EleutherAI/pythia-12b,9,step8,18,26,11846072320,36,0.11744534253078444,0.18556562825399742
EleutherAI/pythia-12b,9,step8,18,27,11846072320,36,0.11148027822587847,0.21447730304634155
EleutherAI/pythia-12b,9,step8,18,28,11846072320,36,0.1325793213940955,0.149499430866526
EleutherAI/pythia-12b,9,step8,18,29,11846072320,36,0.10298534382873017,0.1982676751755021
EleutherAI/pythia-12b,9,step8,18,30,11846072320,36,0.122577185018195,0.18654555798572547
EleutherAI/pythia-12b,9,step8,18,31,11846072320,36,0.11836749929990671,0.18075959096654307
EleutherAI/pythia-12b,9,step8,18,32,11846072320,36,0.11827117874211551,0.1694500961203922
EleutherAI/pythia-12b,9,step8,18,33,11846072320,36,0.10993662226508863,0.1774367845502567
EleutherAI/pythia-12b,9,step8,18,34,11846072320,36,0.152611689994464,0.12494156979494263
EleutherAI/pythia-12b,9,step8,18,35,11846072320,36,0.12981616655314288,0.16999463429366857
EleutherAI/pythia-12b,9,step8,18,36,11846072320,36,0.11262893840648207,0.1991036722279928
EleutherAI/pythia-12b,9,step8,18,37,11846072320,36,0.11795678116974079,0.20186328285796054
EleutherAI/pythia-12b,9,step8,18,38,11846072320,36,0.1389995490287517,0.1623714706068998
EleutherAI/pythia-12b,9,step8,18,39,11846072320,36,0.1144620801627009,0.1805911759871083
EleutherAI/pythia-12b,9,step8,18,40,11846072320,36,0.12509395027751316,0.17003271378599125
EleutherAI/pythia-12b,9,step8,19,1,11846072320,36,0.1491848668558998,0.1751649699736017
EleutherAI/pythia-12b,9,step8,19,2,11846072320,36,0.12103306890854065,0.16122236727057274
EleutherAI/pythia-12b,9,step8,19,3,11846072320,36,0.11505688081968113,0.19014834656237478
EleutherAI/pythia-12b,9,step8,19,4,11846072320,36,0.11043573974131102,0.16093718417145464
EleutherAI/pythia-12b,9,step8,19,5,11846072320,36,0.1379124930257106,0.14707801774614024
EleutherAI/pythia-12b,9,step8,19,6,11846072320,36,0.12635591244688618,0.1744292941749901
EleutherAI/pythia-12b,9,step8,19,7,11846072320,36,0.11851756448658912,0.18630461261101489
EleutherAI/pythia-12b,9,step8,19,8,11846072320,36,0.13291664968046157,0.18711964507774634
EleutherAI/pythia-12b,9,step8,19,9,11846072320,36,0.14663228235422845,0.13927342638082507
EleutherAI/pythia-12b,9,step8,19,10,11846072320,36,0.11462661191295302,0.17342548298596347
EleutherAI/pythia-12b,9,step8,19,11,11846072320,36,0.11665117542060821,0.1648997814218337
EleutherAI/pythia-12b,9,step8,19,12,11846072320,36,0.12963164089857274,0.16937829165330695
EleutherAI/pythia-12b,9,step8,19,13,11846072320,36,0.15402924951288968,0.14617748338136224
EleutherAI/pythia-12b,9,step8,19,14,11846072320,36,0.13738494670136014,0.13846647538043352
EleutherAI/pythia-12b,9,step8,19,15,11846072320,36,0.11475265568664836,0.20358780721991176
EleutherAI/pythia-12b,9,step8,19,16,11846072320,36,0.1285037098301423,0.14698113357038556
EleutherAI/pythia-12b,9,step8,19,17,11846072320,36,0.10950290583432075,0.16460765412429695
EleutherAI/pythia-12b,9,step8,19,18,11846072320,36,0.12700041817562713,0.15971576908810267
EleutherAI/pythia-12b,9,step8,19,19,11846072320,36,0.1176647030197464,0.1852167074263722
EleutherAI/pythia-12b,9,step8,19,20,11846072320,36,0.14544316179289649,0.14984350044045358
EleutherAI/pythia-12b,9,step8,19,21,11846072320,36,0.14958983531093092,0.16697251512850814
EleutherAI/pythia-12b,9,step8,19,22,11846072320,36,0.15847885431358222,0.1642353451131163
EleutherAI/pythia-12b,9,step8,19,23,11846072320,36,0.15145396713626094,0.14800440329029121
EleutherAI/pythia-12b,9,step8,19,24,11846072320,36,0.11897114605024765,0.1695858265634055
EleutherAI/pythia-12b,9,step8,19,25,11846072320,36,0.11620273346265958,0.15401120314671018
EleutherAI/pythia-12b,9,step8,19,26,11846072320,36,0.12978776163413178,0.19111401491515984
EleutherAI/pythia-12b,9,step8,19,27,11846072320,36,0.11866770987049323,0.19126945965596143
EleutherAI/pythia-12b,9,step8,19,28,11846072320,36,0.11436468305474551,0.19050193827476225
EleutherAI/pythia-12b,9,step8,19,29,11846072320,36,0.11279988825858173,0.18849036430900873
EleutherAI/pythia-12b,9,step8,19,30,11846072320,36,0.12048443843115553,0.17525285576098223
EleutherAI/pythia-12b,9,step8,19,31,11846072320,36,0.12339518364104955,0.21366811940004604
EleutherAI/pythia-12b,9,step8,19,32,11846072320,36,0.14660010270371626,0.15810434623445205
EleutherAI/pythia-12b,9,step8,19,33,11846072320,36,0.13722972731265395,0.18036657599480566
EleutherAI/pythia-12b,9,step8,19,34,11846072320,36,0.12027085725743845,0.1991903457074641
EleutherAI/pythia-12b,9,step8,19,35,11846072320,36,0.12022047146438831,0.1589527688724724
EleutherAI/pythia-12b,9,step8,19,36,11846072320,36,0.1402339356819967,0.15387549648738208
EleutherAI/pythia-12b,9,step8,19,37,11846072320,36,0.1327929517181517,0.1469138160420654
EleutherAI/pythia-12b,9,step8,19,38,11846072320,36,0.10490867247184113,0.17578918415516073
EleutherAI/pythia-12b,9,step8,19,39,11846072320,36,0.13516834549404474,0.1705629849420474
EleutherAI/pythia-12b,9,step8,19,40,11846072320,36,0.11502946142454043,0.2045745156291458
EleutherAI/pythia-12b,9,step8,20,1,11846072320,36,0.1246764349133089,0.19074667992165403
EleutherAI/pythia-12b,9,step8,20,2,11846072320,36,0.1131403676818709,0.19302750000165206
EleutherAI/pythia-12b,9,step8,20,3,11846072320,36,0.14663203574672293,0.17110164179648452
EleutherAI/pythia-12b,9,step8,20,4,11846072320,36,0.10977913529889,0.19112402428635153
EleutherAI/pythia-12b,9,step8,20,5,11846072320,36,0.12115341861796626,0.15792312887259516
EleutherAI/pythia-12b,9,step8,20,6,11846072320,36,0.13645751263062514,0.12765774525165016
EleutherAI/pythia-12b,9,step8,20,7,11846072320,36,0.0973944727515986,0.20628692239925664
EleutherAI/pythia-12b,9,step8,20,8,11846072320,36,0.11937079726307237,0.19051191619074376
EleutherAI/pythia-12b,9,step8,20,9,11846072320,36,0.10194636802482708,0.18766083840180084
EleutherAI/pythia-12b,9,step8,20,10,11846072320,36,0.14573080075887943,0.1789689991572821
EleutherAI/pythia-12b,9,step8,20,11,11846072320,36,0.1169084613561048,0.15360592813552676
EleutherAI/pythia-12b,9,step8,20,12,11846072320,36,0.10776463262848664,0.2051006619882834
EleutherAI/pythia-12b,9,step8,20,13,11846072320,36,0.11090471468552629,0.1783034598354149
EleutherAI/pythia-12b,9,step8,20,14,11846072320,36,0.12686272787193095,0.197123360660699
EleutherAI/pythia-12b,9,step8,20,15,11846072320,36,0.12664497454088547,0.2023840627546335
EleutherAI/pythia-12b,9,step8,20,16,11846072320,36,0.1318133704464983,0.15992954726870706
EleutherAI/pythia-12b,9,step8,20,17,11846072320,36,0.12237223929672444,0.18786474914421455
EleutherAI/pythia-12b,9,step8,20,18,11846072320,36,0.14013455371867425,0.1612942710088135
EleutherAI/pythia-12b,9,step8,20,19,11846072320,36,0.10773020921213486,0.1776425573896538
EleutherAI/pythia-12b,9,step8,20,20,11846072320,36,0.1360453523236799,0.13447064831405425
EleutherAI/pythia-12b,9,step8,20,21,11846072320,36,0.12659927917359107,0.16336344070620717
EleutherAI/pythia-12b,9,step8,20,22,11846072320,36,0.1290533154218404,0.15545398749791461
EleutherAI/pythia-12b,9,step8,20,23,11846072320,36,0.12183771930165115,0.190124598300985
EleutherAI/pythia-12b,9,step8,20,24,11846072320,36,0.09129264323997333,0.1912323784267714
EleutherAI/pythia-12b,9,step8,20,25,11846072320,36,0.11237737308773725,0.18198532401374326
EleutherAI/pythia-12b,9,step8,20,26,11846072320,36,0.11306973024028105,0.17635675057119968
EleutherAI/pythia-12b,9,step8,20,27,11846072320,36,0.10813198282800096,0.18223536889664488
EleutherAI/pythia-12b,9,step8,20,28,11846072320,36,0.12746086591356864,0.16397975953211918
EleutherAI/pythia-12b,9,step8,20,29,11846072320,36,0.11789772182132474,0.18250712669557992
EleutherAI/pythia-12b,9,step8,20,30,11846072320,36,0.12426929903571844,0.17459282649306201
EleutherAI/pythia-12b,9,step8,20,31,11846072320,36,0.10364511461408285,0.18496461145233012
EleutherAI/pythia-12b,9,step8,20,32,11846072320,36,0.11973763836754689,0.16242155038357314
EleutherAI/pythia-12b,9,step8,20,33,11846072320,36,0.10551432887645988,0.21964888655588966
EleutherAI/pythia-12b,9,step8,20,34,11846072320,36,0.1208991862458733,0.16344019422984424
EleutherAI/pythia-12b,9,step8,20,35,11846072320,36,0.12363222648051225,0.15820298118197967
EleutherAI/pythia-12b,9,step8,20,36,11846072320,36,0.10900002635187568,0.2020034190161047
EleutherAI/pythia-12b,9,step8,20,37,11846072320,36,0.1187791284621209,0.19482696175787806
EleutherAI/pythia-12b,9,step8,20,38,11846072320,36,0.13432392669847237,0.15310166555235868
EleutherAI/pythia-12b,9,step8,20,39,11846072320,36,0.10524078989373488,0.19871996935770225
EleutherAI/pythia-12b,9,step8,20,40,11846072320,36,0.10869304336294214,0.18232558099636886
EleutherAI/pythia-12b,9,step8,21,1,11846072320,36,0.13655846033457875,0.16106083721772682
EleutherAI/pythia-12b,9,step8,21,2,11846072320,36,0.15856454559453612,0.16776477509421536
EleutherAI/pythia-12b,9,step8,21,3,11846072320,36,0.13209929819534844,0.14173270120388928
EleutherAI/pythia-12b,9,step8,21,4,11846072320,36,0.1098741773745274,0.18888391550160472
EleutherAI/pythia-12b,9,step8,21,5,11846072320,36,0.13565726430007105,0.16016744223756113
EleutherAI/pythia-12b,9,step8,21,6,11846072320,36,0.12445079443512017,0.18173862210623132
EleutherAI/pythia-12b,9,step8,21,7,11846072320,36,0.1279148693020279,0.1956170143828064
EleutherAI/pythia-12b,9,step8,21,8,11846072320,36,0.134310545399785,0.16777426903010215
EleutherAI/pythia-12b,9,step8,21,9,11846072320,36,0.11607695699812051,0.1767147268104302
EleutherAI/pythia-12b,9,step8,21,10,11846072320,36,0.14173356773661774,0.16186559599944506
EleutherAI/pythia-12b,9,step8,21,11,11846072320,36,0.1297737028584018,0.15170580529616218
EleutherAI/pythia-12b,9,step8,21,12,11846072320,36,0.12303905825021563,0.17504303820442416
EleutherAI/pythia-12b,9,step8,21,13,11846072320,36,0.13137538494491896,0.15711975127022274
EleutherAI/pythia-12b,9,step8,21,14,11846072320,36,0.1269201524443812,0.1481323284754255
EleutherAI/pythia-12b,9,step8,21,15,11846072320,36,0.1303911868527576,0.1762844301737822
EleutherAI/pythia-12b,9,step8,21,16,11846072320,36,0.14911850540711352,0.14612963283854022
EleutherAI/pythia-12b,9,step8,21,17,11846072320,36,0.14778382484395577,0.15433947423154165
EleutherAI/pythia-12b,9,step8,21,18,11846072320,36,0.1159932305616838,0.17267467780737902
EleutherAI/pythia-12b,9,step8,21,19,11846072320,36,0.1330177897850314,0.1515709470996672
EleutherAI/pythia-12b,9,step8,21,20,11846072320,36,0.11902520535989204,0.19225367272479663
EleutherAI/pythia-12b,9,step8,21,21,11846072320,36,0.13115861728317563,0.1744014309556992
EleutherAI/pythia-12b,9,step8,21,22,11846072320,36,0.10700126833844556,0.2302087072629828
EleutherAI/pythia-12b,9,step8,21,23,11846072320,36,0.12772707547153433,0.1629075465343512
EleutherAI/pythia-12b,9,step8,21,24,11846072320,36,0.12905545190379422,0.1479005389357427
EleutherAI/pythia-12b,9,step8,21,25,11846072320,36,0.1301598772462513,0.16152693359209247
EleutherAI/pythia-12b,9,step8,21,26,11846072320,36,0.12232642469217286,0.1801322724603049
EleutherAI/pythia-12b,9,step8,21,27,11846072320,36,0.1258410995563229,0.1775877191755059
EleutherAI/pythia-12b,9,step8,21,28,11846072320,36,0.12454908332219707,0.15281754766532157
EleutherAI/pythia-12b,9,step8,21,29,11846072320,36,0.11567718810303966,0.1792196616245148
EleutherAI/pythia-12b,9,step8,21,30,11846072320,36,0.1108929624769825,0.210343121850231
EleutherAI/pythia-12b,9,step8,21,31,11846072320,36,0.11060597532772799,0.17396445708858355
EleutherAI/pythia-12b,9,step8,21,32,11846072320,36,0.09820294487304064,0.20951693248305767
EleutherAI/pythia-12b,9,step8,21,33,11846072320,36,0.1226238246794577,0.18393359260560868
EleutherAI/pythia-12b,9,step8,21,34,11846072320,36,0.151540773811641,0.1520774978221402
EleutherAI/pythia-12b,9,step8,21,35,11846072320,36,0.1519540092899455,0.15797560560228943
EleutherAI/pythia-12b,9,step8,21,36,11846072320,36,0.11987185805991243,0.171246101581925
EleutherAI/pythia-12b,9,step8,21,37,11846072320,36,0.12988067194595704,0.14830027936815138
EleutherAI/pythia-12b,9,step8,21,38,11846072320,36,0.11904008281011656,0.1863520910722894
EleutherAI/pythia-12b,9,step8,21,39,11846072320,36,0.15324390366360227,0.1399727531655638
EleutherAI/pythia-12b,9,step8,21,40,11846072320,36,0.12133142246945838,0.16823664755635967
EleutherAI/pythia-12b,9,step8,22,1,11846072320,36,0.10916895433622702,0.18030115996149026
EleutherAI/pythia-12b,9,step8,22,2,11846072320,36,0.13015406550252218,0.17365014749123256
EleutherAI/pythia-12b,9,step8,22,3,11846072320,36,0.12975668079323235,0.17933992954256295
EleutherAI/pythia-12b,9,step8,22,4,11846072320,36,0.1407816743047477,0.15549234124655656
EleutherAI/pythia-12b,9,step8,22,5,11846072320,36,0.12894373831783862,0.16174834688661152
EleutherAI/pythia-12b,9,step8,22,6,11846072320,36,0.13903600746044165,0.17252311635728887
EleutherAI/pythia-12b,9,step8,22,7,11846072320,36,0.11248239413373638,0.18054144910897485
EleutherAI/pythia-12b,9,step8,22,8,11846072320,36,0.12566835053444084,0.14409091766062257
EleutherAI/pythia-12b,9,step8,22,9,11846072320,36,0.12664569960767258,0.15245786808464706
EleutherAI/pythia-12b,9,step8,22,10,11846072320,36,0.12571193591073465,0.19258083117001493
EleutherAI/pythia-12b,9,step8,22,11,11846072320,36,0.12165636459628379,0.1712369137938629
EleutherAI/pythia-12b,9,step8,22,12,11846072320,36,0.12458717130549674,0.14909998488587298
EleutherAI/pythia-12b,9,step8,22,13,11846072320,36,0.1351937504748145,0.15076795115776065
EleutherAI/pythia-12b,9,step8,22,14,11846072320,36,0.14319193407378572,0.15518348348010944
EleutherAI/pythia-12b,9,step8,22,15,11846072320,36,0.11082563072431817,0.22648996329522345
EleutherAI/pythia-12b,9,step8,22,16,11846072320,36,0.13480028303133113,0.1654474873504078
EleutherAI/pythia-12b,9,step8,22,17,11846072320,36,0.13183420677823163,0.1652439850446832
EleutherAI/pythia-12b,9,step8,22,18,11846072320,36,0.17807159321690283,0.14170141815691734
EleutherAI/pythia-12b,9,step8,22,19,11846072320,36,0.12175950748348106,0.1747061034144313
EleutherAI/pythia-12b,9,step8,22,20,11846072320,36,0.11524653480620352,0.17640368993374494
EleutherAI/pythia-12b,9,step8,22,21,11846072320,36,0.11230029269784417,0.1742827348668385
EleutherAI/pythia-12b,9,step8,22,22,11846072320,36,0.1462495599512581,0.17625494794668373
EleutherAI/pythia-12b,9,step8,22,23,11846072320,36,0.12051449881939286,0.18718390281986183
EleutherAI/pythia-12b,9,step8,22,24,11846072320,36,0.11936054576758862,0.18268789360775153
EleutherAI/pythia-12b,9,step8,22,25,11846072320,36,0.14440497518838702,0.14334079730618104
EleutherAI/pythia-12b,9,step8,22,26,11846072320,36,0.1230611646038902,0.16769905801437365
EleutherAI/pythia-12b,9,step8,22,27,11846072320,36,0.1151947601147376,0.1675818941944667
EleutherAI/pythia-12b,9,step8,22,28,11846072320,36,0.13116188607438722,0.14842218909043445
EleutherAI/pythia-12b,9,step8,22,29,11846072320,36,0.11976531250877777,0.1662045240502905
EleutherAI/pythia-12b,9,step8,22,30,11846072320,36,0.14655495485341222,0.17322653542096547
EleutherAI/pythia-12b,9,step8,22,31,11846072320,36,0.1277313909854169,0.165397477073332
EleutherAI/pythia-12b,9,step8,22,32,11846072320,36,0.13071629696444523,0.13721745901715912
EleutherAI/pythia-12b,9,step8,22,33,11846072320,36,0.11281115562283058,0.16275518685131812
EleutherAI/pythia-12b,9,step8,22,34,11846072320,36,0.10543549566476548,0.19260243363622515
EleutherAI/pythia-12b,9,step8,22,35,11846072320,36,0.10574372061570213,0.16769784883045036
EleutherAI/pythia-12b,9,step8,22,36,11846072320,36,0.1620137902206039,0.14955774457795212
EleutherAI/pythia-12b,9,step8,22,37,11846072320,36,0.14412934785043152,0.14609461993135664
EleutherAI/pythia-12b,9,step8,22,38,11846072320,36,0.12746479579278294,0.1464710114691574
EleutherAI/pythia-12b,9,step8,22,39,11846072320,36,0.13815549063543833,0.17116554982557486
EleutherAI/pythia-12b,9,step8,22,40,11846072320,36,0.11600689439231654,0.1717306072809719
EleutherAI/pythia-12b,9,step8,23,1,11846072320,36,0.12225034310518797,0.17026461396567721
EleutherAI/pythia-12b,9,step8,23,2,11846072320,36,0.1426826729788794,0.1548976040062111
EleutherAI/pythia-12b,9,step8,23,3,11846072320,36,0.13749530079687855,0.15942373024103962
EleutherAI/pythia-12b,9,step8,23,4,11846072320,36,0.19946470731371513,0.13807174817074433
EleutherAI/pythia-12b,9,step8,23,5,11846072320,36,0.11582535964243848,0.17925147236501038
EleutherAI/pythia-12b,9,step8,23,6,11846072320,36,0.11998785107030163,0.18310247752367997
EleutherAI/pythia-12b,9,step8,23,7,11846072320,36,0.13385005025109187,0.1839287866846666
EleutherAI/pythia-12b,9,step8,23,8,11846072320,36,0.1253845650009117,0.17039087643237172
EleutherAI/pythia-12b,9,step8,23,9,11846072320,36,0.1306884724635619,0.15360334941239145
EleutherAI/pythia-12b,9,step8,23,10,11846072320,36,0.13151865710949034,0.15105703628031875
EleutherAI/pythia-12b,9,step8,23,11,11846072320,36,0.12013820356300639,0.18761515558918224
EleutherAI/pythia-12b,9,step8,23,12,11846072320,36,0.14092056481754991,0.14116500870691043
EleutherAI/pythia-12b,9,step8,23,13,11846072320,36,0.1257654672639595,0.15622647052390257
EleutherAI/pythia-12b,9,step8,23,14,11846072320,36,0.1072637717835269,0.17542732073771608
EleutherAI/pythia-12b,9,step8,23,15,11846072320,36,0.11470975512610716,0.17127099912893304
EleutherAI/pythia-12b,9,step8,23,16,11846072320,36,0.1378786924544039,0.14593428057022725
EleutherAI/pythia-12b,9,step8,23,17,11846072320,36,0.10323202681892713,0.19533087241018673
EleutherAI/pythia-12b,9,step8,23,18,11846072320,36,0.10932515093402279,0.20810475285995647
EleutherAI/pythia-12b,9,step8,23,19,11846072320,36,0.11291700604933871,0.21960449118066475
EleutherAI/pythia-12b,9,step8,23,20,11846072320,36,0.13066757616360442,0.17970527933669964
EleutherAI/pythia-12b,9,step8,23,21,11846072320,36,0.14776977345168407,0.16636432316322042
EleutherAI/pythia-12b,9,step8,23,22,11846072320,36,0.10400703108335306,0.18983077343452617
EleutherAI/pythia-12b,9,step8,23,23,11846072320,36,0.13496541164188947,0.1355793653223831
EleutherAI/pythia-12b,9,step8,23,24,11846072320,36,0.11857683445933878,0.2078747020268046
EleutherAI/pythia-12b,9,step8,23,25,11846072320,36,0.1471221347090539,0.14459570726609083
EleutherAI/pythia-12b,9,step8,23,26,11846072320,36,0.1258886613723662,0.16917300654446574
EleutherAI/pythia-12b,9,step8,23,27,11846072320,36,0.11147736550194093,0.18649482298866135
EleutherAI/pythia-12b,9,step8,23,28,11846072320,36,0.130915194240821,0.13962874479882706
EleutherAI/pythia-12b,9,step8,23,29,11846072320,36,0.1342001262738987,0.14960130743469827
EleutherAI/pythia-12b,9,step8,23,30,11846072320,36,0.11476767142568976,0.16309934171537555
EleutherAI/pythia-12b,9,step8,23,31,11846072320,36,0.12069596263213644,0.1532395888600979
EleutherAI/pythia-12b,9,step8,23,32,11846072320,36,0.17116497343478793,0.16010502983980973
EleutherAI/pythia-12b,9,step8,23,33,11846072320,36,0.10747088993935879,0.1911406065938664
EleutherAI/pythia-12b,9,step8,23,34,11846072320,36,0.14703614053850592,0.1641938830516091
EleutherAI/pythia-12b,9,step8,23,35,11846072320,36,0.10896076355129476,0.1905214421216163
EleutherAI/pythia-12b,9,step8,23,36,11846072320,36,0.12660753125095506,0.1702408381421734
EleutherAI/pythia-12b,9,step8,23,37,11846072320,36,0.11444704560423126,0.22946840816096317
EleutherAI/pythia-12b,9,step8,23,38,11846072320,36,0.11941291734173487,0.17630287645770618
EleutherAI/pythia-12b,9,step8,23,39,11846072320,36,0.16972025048670106,0.14819317844671168
EleutherAI/pythia-12b,9,step8,23,40,11846072320,36,0.15754623118754438,0.15761618111450387
EleutherAI/pythia-12b,9,step8,24,1,11846072320,36,0.1427201837323628,0.1571707046945934
EleutherAI/pythia-12b,9,step8,24,2,11846072320,36,0.11946853139513243,0.17944841866602407
EleutherAI/pythia-12b,9,step8,24,3,11846072320,36,0.12492184764383966,0.13582437054475055
EleutherAI/pythia-12b,9,step8,24,4,11846072320,36,0.12354586634214393,0.16095978470222724
EleutherAI/pythia-12b,9,step8,24,5,11846072320,36,0.13360748857304494,0.16882941870483098
EleutherAI/pythia-12b,9,step8,24,6,11846072320,36,0.10337165817226819,0.24706416134093254
EleutherAI/pythia-12b,9,step8,24,7,11846072320,36,0.12007582503127617,0.15537637083402442
EleutherAI/pythia-12b,9,step8,24,8,11846072320,36,0.11285032899686699,0.15931465435638886
EleutherAI/pythia-12b,9,step8,24,9,11846072320,36,0.11894984005505702,0.20695010202100592
EleutherAI/pythia-12b,9,step8,24,10,11846072320,36,0.12799438861039303,0.16843516267724218
EleutherAI/pythia-12b,9,step8,24,11,11846072320,36,0.12245842765222437,0.1515126130138118
EleutherAI/pythia-12b,9,step8,24,12,11846072320,36,0.10119700668989355,0.21483527500372565
EleutherAI/pythia-12b,9,step8,24,13,11846072320,36,0.13062905625918422,0.15372782432426646
EleutherAI/pythia-12b,9,step8,24,14,11846072320,36,0.13705547933687673,0.15688578079401458
EleutherAI/pythia-12b,9,step8,24,15,11846072320,36,0.1363464232517389,0.16771038672565156
EleutherAI/pythia-12b,9,step8,24,16,11846072320,36,0.16147447862961625,0.1712351672955461
EleutherAI/pythia-12b,9,step8,24,17,11846072320,36,0.08884360381141972,0.15664593847440522
EleutherAI/pythia-12b,9,step8,24,18,11846072320,36,0.11135064084754061,0.20204139178669125
EleutherAI/pythia-12b,9,step8,24,19,11846072320,36,0.17894584855607318,0.1356496761494257
EleutherAI/pythia-12b,9,step8,24,20,11846072320,36,0.12244167685083615,0.17892087610611862
EleutherAI/pythia-12b,9,step8,24,21,11846072320,36,0.14762902456159524,0.1734347810140914
EleutherAI/pythia-12b,9,step8,24,22,11846072320,36,0.11597525263792487,0.20532873337501067
EleutherAI/pythia-12b,9,step8,24,23,11846072320,36,0.11882226987162953,0.1762020516351939
EleutherAI/pythia-12b,9,step8,24,24,11846072320,36,0.11454927858088285,0.21271480714717692
EleutherAI/pythia-12b,9,step8,24,25,11846072320,36,0.12697777253863685,0.18471889496800506
EleutherAI/pythia-12b,9,step8,24,26,11846072320,36,0.09757322936343982,0.2158617874685753
EleutherAI/pythia-12b,9,step8,24,27,11846072320,36,0.14817568178459237,0.16740816392496716
EleutherAI/pythia-12b,9,step8,24,28,11846072320,36,0.12964617356367114,0.15935750981630592
EleutherAI/pythia-12b,9,step8,24,29,11846072320,36,0.10897571702037484,0.19605586527323754
EleutherAI/pythia-12b,9,step8,24,30,11846072320,36,0.11300384333810287,0.1925775503694966
EleutherAI/pythia-12b,9,step8,24,31,11846072320,36,0.1303813550117853,0.176699480914452
EleutherAI/pythia-12b,9,step8,24,32,11846072320,36,0.10901423256743595,0.15830914552292752
EleutherAI/pythia-12b,9,step8,24,33,11846072320,36,0.1328124288950596,0.16803972200454173
EleutherAI/pythia-12b,9,step8,24,34,11846072320,36,0.12854593587821128,0.14467070437128743
EleutherAI/pythia-12b,9,step8,24,35,11846072320,36,0.12162782782101413,0.20215921770143613
EleutherAI/pythia-12b,9,step8,24,36,11846072320,36,0.11912135619603026,0.20241622252015018
EleutherAI/pythia-12b,9,step8,24,37,11846072320,36,0.12048315391078722,0.1792875786644739
EleutherAI/pythia-12b,9,step8,24,38,11846072320,36,0.13015735641054738,0.1793587853371336
EleutherAI/pythia-12b,9,step8,24,39,11846072320,36,0.11917495428285257,0.19702863606537602
EleutherAI/pythia-12b,9,step8,24,40,11846072320,36,0.13512870855070086,0.17364478947779344
EleutherAI/pythia-12b,9,step8,25,1,11846072320,36,0.15810056189606495,0.1408843140931682
EleutherAI/pythia-12b,9,step8,25,2,11846072320,36,0.13266973232699403,0.16473720529796299
EleutherAI/pythia-12b,9,step8,25,3,11846072320,36,0.1372771782537659,0.15818085739607204
EleutherAI/pythia-12b,9,step8,25,4,11846072320,36,0.12899132480693826,0.21263102751348287
EleutherAI/pythia-12b,9,step8,25,5,11846072320,36,0.12146567632150539,0.1641082959277583
EleutherAI/pythia-12b,9,step8,25,6,11846072320,36,0.14366034663341062,0.15953754839786624
EleutherAI/pythia-12b,9,step8,25,7,11846072320,36,0.14097551241875048,0.17923987238995123
EleutherAI/pythia-12b,9,step8,25,8,11846072320,36,0.14458789392276564,0.18496846273127526
EleutherAI/pythia-12b,9,step8,25,9,11846072320,36,0.1354536393114754,0.13657926152916144
EleutherAI/pythia-12b,9,step8,25,10,11846072320,36,0.1288040840589964,0.15777679370553999
EleutherAI/pythia-12b,9,step8,25,11,11846072320,36,0.13470761647990512,0.1648079186073831
EleutherAI/pythia-12b,9,step8,25,12,11846072320,36,0.12355548461658636,0.17914972924445569
EleutherAI/pythia-12b,9,step8,25,13,11846072320,36,0.14104141816273102,0.16939625892139318
EleutherAI/pythia-12b,9,step8,25,14,11846072320,36,0.10411608385554211,0.26659470076977576
EleutherAI/pythia-12b,9,step8,25,15,11846072320,36,0.1271801999750527,0.17747152452119383
EleutherAI/pythia-12b,9,step8,25,16,11846072320,36,0.1080518840803756,0.165854970927353
EleutherAI/pythia-12b,9,step8,25,17,11846072320,36,0.14291584426844797,0.15309761047598205
EleutherAI/pythia-12b,9,step8,25,18,11846072320,36,0.14869787505416715,0.1643025885747225
EleutherAI/pythia-12b,9,step8,25,19,11846072320,36,0.11818810542290271,0.1842568319111883
EleutherAI/pythia-12b,9,step8,25,20,11846072320,36,0.15326073665071174,0.15273624804855374
EleutherAI/pythia-12b,9,step8,25,21,11846072320,36,0.09796938401655299,0.17344885268290564
EleutherAI/pythia-12b,9,step8,25,22,11846072320,36,0.1303702351377085,0.14789706832161534
EleutherAI/pythia-12b,9,step8,25,23,11846072320,36,0.14354775376707402,0.15918709155082608
EleutherAI/pythia-12b,9,step8,25,24,11846072320,36,0.10581500916923574,0.17213711233155143
EleutherAI/pythia-12b,9,step8,25,25,11846072320,36,0.10056345320835303,0.1832105813005396
EleutherAI/pythia-12b,9,step8,25,26,11846072320,36,0.1289507580121179,0.15312877273349249
EleutherAI/pythia-12b,9,step8,25,27,11846072320,36,0.12479253347079312,0.1571786005117066
EleutherAI/pythia-12b,9,step8,25,28,11846072320,36,0.12094794970016934,0.19392857244713704
EleutherAI/pythia-12b,9,step8,25,29,11846072320,36,0.13055907772132402,0.1728707599780849
EleutherAI/pythia-12b,9,step8,25,30,11846072320,36,0.12454843432740402,0.18174904818973828
EleutherAI/pythia-12b,9,step8,25,31,11846072320,36,0.1342534484403269,0.16719866425425436
EleutherAI/pythia-12b,9,step8,25,32,11846072320,36,0.13304043850964967,0.16560552561482236
EleutherAI/pythia-12b,9,step8,25,33,11846072320,36,0.14055927150376563,0.15687927489613623
EleutherAI/pythia-12b,9,step8,25,34,11846072320,36,0.12021557640217173,0.17959299882700488
EleutherAI/pythia-12b,9,step8,25,35,11846072320,36,0.12246401215324526,0.16201623029693643
EleutherAI/pythia-12b,9,step8,25,36,11846072320,36,0.10807835028224339,0.1914696750642211
EleutherAI/pythia-12b,9,step8,25,37,11846072320,36,0.14152122027724529,0.1544904055146573
EleutherAI/pythia-12b,9,step8,25,38,11846072320,36,0.10699038771918044,0.20869960790281894
EleutherAI/pythia-12b,9,step8,25,39,11846072320,36,0.10771503278778655,0.17618575252805113
EleutherAI/pythia-12b,9,step8,25,40,11846072320,36,0.10242654341790407,0.1977365001694889
EleutherAI/pythia-12b,9,step8,26,1,11846072320,36,0.1255837401302458,0.16780700591356454
EleutherAI/pythia-12b,9,step8,26,2,11846072320,36,0.11671400891040802,0.1697739182465203
EleutherAI/pythia-12b,9,step8,26,3,11846072320,36,0.13608092182615136,0.18239390593883506
EleutherAI/pythia-12b,9,step8,26,4,11846072320,36,0.13039100633000017,0.16916570917062748
EleutherAI/pythia-12b,9,step8,26,5,11846072320,36,0.1568049823770204,0.16488991558618907
EleutherAI/pythia-12b,9,step8,26,6,11846072320,36,0.10675702508057913,0.17874350372769002
EleutherAI/pythia-12b,9,step8,26,7,11846072320,36,0.18381051337150656,0.15097399228797836
EleutherAI/pythia-12b,9,step8,26,8,11846072320,36,0.1217505562373691,0.19917100782061478
EleutherAI/pythia-12b,9,step8,26,9,11846072320,36,0.1114977328386437,0.1920612683777023
EleutherAI/pythia-12b,9,step8,26,10,11846072320,36,0.12302926545766914,0.18621344989663483
EleutherAI/pythia-12b,9,step8,26,11,11846072320,36,0.1233782543501517,0.17147558888381303
EleutherAI/pythia-12b,9,step8,26,12,11846072320,36,0.1396494222016216,0.14476132521534463
EleutherAI/pythia-12b,9,step8,26,13,11846072320,36,0.12394230151073528,0.15862135315599202
EleutherAI/pythia-12b,9,step8,26,14,11846072320,36,0.12039550415075215,0.17462660617533474
EleutherAI/pythia-12b,9,step8,26,15,11846072320,36,0.1301432507051093,0.18815339340159928
EleutherAI/pythia-12b,9,step8,26,16,11846072320,36,0.10464946336921177,0.18541806062554808
EleutherAI/pythia-12b,9,step8,26,17,11846072320,36,0.12232184279765985,0.1500268682457126
EleutherAI/pythia-12b,9,step8,26,18,11846072320,36,0.14476690437454537,0.14890835379941145
EleutherAI/pythia-12b,9,step8,26,19,11846072320,36,0.10795498564391877,0.18758266502236187
EleutherAI/pythia-12b,9,step8,26,20,11846072320,36,0.11693612890256502,0.20057207370294372
EleutherAI/pythia-12b,9,step8,26,21,11846072320,36,0.11719765511897945,0.19624859268578498
EleutherAI/pythia-12b,9,step8,26,22,11846072320,36,0.13070191139237833,0.16483071429638171
EleutherAI/pythia-12b,9,step8,26,23,11846072320,36,0.10582442880348038,0.18523110614043542
EleutherAI/pythia-12b,9,step8,26,24,11846072320,36,0.11792550601244148,0.17084750100444474
EleutherAI/pythia-12b,9,step8,26,25,11846072320,36,0.14538683052043294,0.17201774502201028
EleutherAI/pythia-12b,9,step8,26,26,11846072320,36,0.12976038349126728,0.1978506721533812
EleutherAI/pythia-12b,9,step8,26,27,11846072320,36,0.1562768709496245,0.16483436637857293
EleutherAI/pythia-12b,9,step8,26,28,11846072320,36,0.12322760272390756,0.16385411314229972
EleutherAI/pythia-12b,9,step8,26,29,11846072320,36,0.13321493860255845,0.16130020528159159
EleutherAI/pythia-12b,9,step8,26,30,11846072320,36,0.13511044348033516,0.1965606332429357
EleutherAI/pythia-12b,9,step8,26,31,11846072320,36,0.13310025686638666,0.1451232556041117
EleutherAI/pythia-12b,9,step8,26,32,11846072320,36,0.1066459926913629,0.2091318014337941
EleutherAI/pythia-12b,9,step8,26,33,11846072320,36,0.10210055982912174,0.17426506743987308
EleutherAI/pythia-12b,9,step8,26,34,11846072320,36,0.1311384176460651,0.15058192832244405
EleutherAI/pythia-12b,9,step8,26,35,11846072320,36,0.0899659679844617,0.22158232888391421
EleutherAI/pythia-12b,9,step8,26,36,11846072320,36,0.11776238642968569,0.18517588981211897
EleutherAI/pythia-12b,9,step8,26,37,11846072320,36,0.0964857893142927,0.21324128574235837
EleutherAI/pythia-12b,9,step8,26,38,11846072320,36,0.12898027000238405,0.16893154745725714
EleutherAI/pythia-12b,9,step8,26,39,11846072320,36,0.10618530400097366,0.20045519484537047
EleutherAI/pythia-12b,9,step8,26,40,11846072320,36,0.1564027038556677,0.14652223480926885
EleutherAI/pythia-12b,9,step8,27,1,11846072320,36,0.12925352997988368,0.15815526831268634
EleutherAI/pythia-12b,9,step8,27,2,11846072320,36,0.10810596715133107,0.1933752032326864
EleutherAI/pythia-12b,9,step8,27,3,11846072320,36,0.10334848223796653,0.18106668674619164
EleutherAI/pythia-12b,9,step8,27,4,11846072320,36,0.1147284303643592,0.19672802967150824
EleutherAI/pythia-12b,9,step8,27,5,11846072320,36,0.13376107303476006,0.1464472353519933
EleutherAI/pythia-12b,9,step8,27,6,11846072320,36,0.13575857114214612,0.13080376287916665
EleutherAI/pythia-12b,9,step8,27,7,11846072320,36,0.130565131508239,0.16409964190499557
EleutherAI/pythia-12b,9,step8,27,8,11846072320,36,0.12478783354163166,0.19572399480564812
EleutherAI/pythia-12b,9,step8,27,9,11846072320,36,0.09085907651721174,0.18980851861181197
EleutherAI/pythia-12b,9,step8,27,10,11846072320,36,0.12033917131210049,0.15792475071072842
EleutherAI/pythia-12b,9,step8,27,11,11846072320,36,0.1467039427040396,0.15509454462419933
EleutherAI/pythia-12b,9,step8,27,12,11846072320,36,0.1385077929666808,0.15770458349504982
EleutherAI/pythia-12b,9,step8,27,13,11846072320,36,0.10769256211358591,0.14681847867843978
EleutherAI/pythia-12b,9,step8,27,14,11846072320,36,0.1092462721602381,0.18672927393782152
EleutherAI/pythia-12b,9,step8,27,15,11846072320,36,0.11819916555809004,0.1746500071177298
EleutherAI/pythia-12b,9,step8,27,16,11846072320,36,0.1358179437337784,0.16879961274664945
EleutherAI/pythia-12b,9,step8,27,17,11846072320,36,0.1456062523508304,0.18029222650000368
EleutherAI/pythia-12b,9,step8,27,18,11846072320,36,0.13698946022325087,0.1563624461956165
EleutherAI/pythia-12b,9,step8,27,19,11846072320,36,0.10494859786228729,0.16156952752376547
EleutherAI/pythia-12b,9,step8,27,20,11846072320,36,0.13427153163709793,0.14441044690987992
EleutherAI/pythia-12b,9,step8,27,21,11846072320,36,0.10751905205293188,0.17726426940500822
EleutherAI/pythia-12b,9,step8,27,22,11846072320,36,0.10835971837365498,0.20658627846879551
EleutherAI/pythia-12b,9,step8,27,23,11846072320,36,0.1259136448136052,0.1770106332779333
EleutherAI/pythia-12b,9,step8,27,24,11846072320,36,0.12477201215542469,0.1883437639946962
EleutherAI/pythia-12b,9,step8,27,25,11846072320,36,0.14500979253009808,0.14452058496093512
EleutherAI/pythia-12b,9,step8,27,26,11846072320,36,0.09623379360705431,0.21643686611708754
EleutherAI/pythia-12b,9,step8,27,27,11846072320,36,0.14999931911985434,0.1846502513426157
EleutherAI/pythia-12b,9,step8,27,28,11846072320,36,0.10203079212535247,0.17682821085178724
EleutherAI/pythia-12b,9,step8,27,29,11846072320,36,0.12614974875126153,0.16780426566888973
EleutherAI/pythia-12b,9,step8,27,30,11846072320,36,0.11676547961035465,0.15278192385807404
EleutherAI/pythia-12b,9,step8,27,31,11846072320,36,0.11669418204005233,0.1661741308191114
EleutherAI/pythia-12b,9,step8,27,32,11846072320,36,0.10989717412851858,0.1863407075528178
EleutherAI/pythia-12b,9,step8,27,33,11846072320,36,0.10821000307060036,0.15769979125587966
EleutherAI/pythia-12b,9,step8,27,34,11846072320,36,0.15936610254238134,0.1561730566124121
EleutherAI/pythia-12b,9,step8,27,35,11846072320,36,0.13100420017433054,0.18667637407444077
EleutherAI/pythia-12b,9,step8,27,36,11846072320,36,0.13789563415174902,0.16630226671807574
EleutherAI/pythia-12b,9,step8,27,37,11846072320,36,0.1291518764676632,0.16754046879854195
EleutherAI/pythia-12b,9,step8,27,38,11846072320,36,0.14488397025735344,0.19797366780337983
EleutherAI/pythia-12b,9,step8,27,39,11846072320,36,0.13409433940666032,0.18594824950079297
EleutherAI/pythia-12b,9,step8,27,40,11846072320,36,0.14847552647126147,0.17205951372357278
EleutherAI/pythia-12b,9,step8,28,1,11846072320,36,0.11071304720197171,0.17273377028906395
EleutherAI/pythia-12b,9,step8,28,2,11846072320,36,0.13719233943781511,0.17060775731273506
EleutherAI/pythia-12b,9,step8,28,3,11846072320,36,0.11831524384742201,0.16774730034754257
EleutherAI/pythia-12b,9,step8,28,4,11846072320,36,0.13528597015361704,0.16479488293285122
EleutherAI/pythia-12b,9,step8,28,5,11846072320,36,0.11981948480770749,0.15277119273426112
EleutherAI/pythia-12b,9,step8,28,6,11846072320,36,0.11311810605742548,0.21652875817171083
EleutherAI/pythia-12b,9,step8,28,7,11846072320,36,0.157604670901601,0.14149822242412566
EleutherAI/pythia-12b,9,step8,28,8,11846072320,36,0.1090782968405712,0.19152889732137185
EleutherAI/pythia-12b,9,step8,28,9,11846072320,36,0.11133782048192285,0.17260134453093767
EleutherAI/pythia-12b,9,step8,28,10,11846072320,36,0.11752472630514571,0.17056747186123514
EleutherAI/pythia-12b,9,step8,28,11,11846072320,36,0.1534595492802135,0.18172143472710972
EleutherAI/pythia-12b,9,step8,28,12,11846072320,36,0.1215341226015989,0.18068034373861439
EleutherAI/pythia-12b,9,step8,28,13,11846072320,36,0.15263802511757374,0.16033548809722195
EleutherAI/pythia-12b,9,step8,28,14,11846072320,36,0.11131253842174912,0.16175180357564853
EleutherAI/pythia-12b,9,step8,28,15,11846072320,36,0.11851050972367994,0.1974167566768847
EleutherAI/pythia-12b,9,step8,28,16,11846072320,36,0.1272050457986983,0.20172520142115716
EleutherAI/pythia-12b,9,step8,28,17,11846072320,36,0.10964821328831323,0.1764384770777087
EleutherAI/pythia-12b,9,step8,28,18,11846072320,36,0.11412588233133779,0.19851943790107154
EleutherAI/pythia-12b,9,step8,28,19,11846072320,36,0.1376549694966804,0.15564015626001193
EleutherAI/pythia-12b,9,step8,28,20,11846072320,36,0.12729187917199217,0.18911644727461505
EleutherAI/pythia-12b,9,step8,28,21,11846072320,36,0.12524995800141275,0.1791703057092231
EleutherAI/pythia-12b,9,step8,28,22,11846072320,36,0.14718249055917731,0.12836556629957374
EleutherAI/pythia-12b,9,step8,28,23,11846072320,36,0.12009675964131365,0.17115877710517727
EleutherAI/pythia-12b,9,step8,28,24,11846072320,36,0.11626448491224652,0.19775637603636168
EleutherAI/pythia-12b,9,step8,28,25,11846072320,36,0.12087484574443223,0.20088236758837824
EleutherAI/pythia-12b,9,step8,28,26,11846072320,36,0.12153441416429682,0.17056691328304124
EleutherAI/pythia-12b,9,step8,28,27,11846072320,36,0.15995892814665402,0.1710812848497618
EleutherAI/pythia-12b,9,step8,28,28,11846072320,36,0.1023514814529422,0.22992498679617948
EleutherAI/pythia-12b,9,step8,28,29,11846072320,36,0.14268501229058422,0.17070962888588592
EleutherAI/pythia-12b,9,step8,28,30,11846072320,36,0.16067351715208528,0.1455962230638788
EleutherAI/pythia-12b,9,step8,28,31,11846072320,36,0.15674740390421388,0.14505784958321316
EleutherAI/pythia-12b,9,step8,28,32,11846072320,36,0.11315022419030597,0.21968457514459303
EleutherAI/pythia-12b,9,step8,28,33,11846072320,36,0.13702217339015038,0.16509092338495063
EleutherAI/pythia-12b,9,step8,28,34,11846072320,36,0.13660530903161283,0.14666290940330906
EleutherAI/pythia-12b,9,step8,28,35,11846072320,36,0.10028321790724272,0.20190535400443155
EleutherAI/pythia-12b,9,step8,28,36,11846072320,36,0.15344378527802027,0.16069866421243714
EleutherAI/pythia-12b,9,step8,28,37,11846072320,36,0.11852327034481469,0.1833751339454192
EleutherAI/pythia-12b,9,step8,28,38,11846072320,36,0.12518235244270823,0.15348041375019436
EleutherAI/pythia-12b,9,step8,28,39,11846072320,36,0.15791745145466768,0.15932365349149916
EleutherAI/pythia-12b,9,step8,28,40,11846072320,36,0.11640983783603605,0.17294617147987576
EleutherAI/pythia-12b,9,step8,29,1,11846072320,36,0.128301134635065,0.16481965155460987
EleutherAI/pythia-12b,9,step8,29,2,11846072320,36,0.11732867607349028,0.1788841381490051
EleutherAI/pythia-12b,9,step8,29,3,11846072320,36,0.13256778172007547,0.181001168790388
EleutherAI/pythia-12b,9,step8,29,4,11846072320,36,0.1173482049989315,0.18970059578281798
EleutherAI/pythia-12b,9,step8,29,5,11846072320,36,0.08206164014075429,0.19823747928122853
EleutherAI/pythia-12b,9,step8,29,6,11846072320,36,0.12688129195557518,0.16369141372866006
EleutherAI/pythia-12b,9,step8,29,7,11846072320,36,0.13183704674993454,0.16849475881146325
EleutherAI/pythia-12b,9,step8,29,8,11846072320,36,0.12978620935712487,0.13056131755211597
EleutherAI/pythia-12b,9,step8,29,9,11846072320,36,0.12823306063788606,0.16959839428330323
EleutherAI/pythia-12b,9,step8,29,10,11846072320,36,0.08539316709385482,0.19731033158799008
EleutherAI/pythia-12b,9,step8,29,11,11846072320,36,0.12372894132616101,0.20479150506032923
EleutherAI/pythia-12b,9,step8,29,12,11846072320,36,0.12097011572561102,0.16541238148156942
EleutherAI/pythia-12b,9,step8,29,13,11846072320,36,0.10815709389679062,0.200223019581523
EleutherAI/pythia-12b,9,step8,29,14,11846072320,36,0.11902037655582295,0.14757740762442703
EleutherAI/pythia-12b,9,step8,29,15,11846072320,36,0.11946174863155357,0.1538585434701327
EleutherAI/pythia-12b,9,step8,29,16,11846072320,36,0.1285488912975555,0.17979488131665697
EleutherAI/pythia-12b,9,step8,29,17,11846072320,36,0.12514124015855177,0.17420772724580744
EleutherAI/pythia-12b,9,step8,29,18,11846072320,36,0.12685393327259797,0.15435238730710543
EleutherAI/pythia-12b,9,step8,29,19,11846072320,36,0.11193155479133572,0.18183458813496892
EleutherAI/pythia-12b,9,step8,29,20,11846072320,36,0.10521732317143907,0.16666820791603115
EleutherAI/pythia-12b,9,step8,29,21,11846072320,36,0.11103008259311538,0.20015808931823156
EleutherAI/pythia-12b,9,step8,29,22,11846072320,36,0.10457588692248848,0.1831653469910582
EleutherAI/pythia-12b,9,step8,29,23,11846072320,36,0.13682611210008816,0.15066200863379792
EleutherAI/pythia-12b,9,step8,29,24,11846072320,36,0.12938427658298526,0.18156935318789857
EleutherAI/pythia-12b,9,step8,29,25,11846072320,36,0.11008480259751499,0.1738511574183319
EleutherAI/pythia-12b,9,step8,29,26,11846072320,36,0.15271672873838882,0.14063902397279263
EleutherAI/pythia-12b,9,step8,29,27,11846072320,36,0.13905122584744434,0.17418337152717078
EleutherAI/pythia-12b,9,step8,29,28,11846072320,36,0.18192390398354497,0.13416368873963302
EleutherAI/pythia-12b,9,step8,29,29,11846072320,36,0.12539246684505234,0.18192377239297902
EleutherAI/pythia-12b,9,step8,29,30,11846072320,36,0.11222343102891788,0.1910772371097459
EleutherAI/pythia-12b,9,step8,29,31,11846072320,36,0.11428142862545473,0.2087362111957223
EleutherAI/pythia-12b,9,step8,29,32,11846072320,36,0.11870443537361446,0.18037626068960794
EleutherAI/pythia-12b,9,step8,29,33,11846072320,36,0.12227085001162576,0.14114642884392098
EleutherAI/pythia-12b,9,step8,29,34,11846072320,36,0.13040545497749656,0.15232860407157162
EleutherAI/pythia-12b,9,step8,29,35,11846072320,36,0.11102087127587365,0.18151400173949941
EleutherAI/pythia-12b,9,step8,29,36,11846072320,36,0.11516717838140217,0.18595646717236022
EleutherAI/pythia-12b,9,step8,29,37,11846072320,36,0.15416927680977288,0.15571954782895583
EleutherAI/pythia-12b,9,step8,29,38,11846072320,36,0.1299826302383844,0.1715235032739716
EleutherAI/pythia-12b,9,step8,29,39,11846072320,36,0.11518451431066958,0.19446284792109111
EleutherAI/pythia-12b,9,step8,29,40,11846072320,36,0.13688359320074225,0.159132111809208
EleutherAI/pythia-12b,9,step8,30,1,11846072320,36,0.10796318637548351,0.20556760214090164
EleutherAI/pythia-12b,9,step8,30,2,11846072320,36,0.14177163667395126,0.20505996129836312
EleutherAI/pythia-12b,9,step8,30,3,11846072320,36,0.11023317781408444,0.16950199693754625
EleutherAI/pythia-12b,9,step8,30,4,11846072320,36,0.11246736277756207,0.18733819541115834
EleutherAI/pythia-12b,9,step8,30,5,11846072320,36,0.11903849320189727,0.1729049383587128
EleutherAI/pythia-12b,9,step8,30,6,11846072320,36,0.13863279895896127,0.20061841664707156
EleutherAI/pythia-12b,9,step8,30,7,11846072320,36,0.12465095895345321,0.19704170183868733
EleutherAI/pythia-12b,9,step8,30,8,11846072320,36,0.1274380434427533,0.14539791341289293
EleutherAI/pythia-12b,9,step8,30,9,11846072320,36,0.11798363186240013,0.17976476853103696
EleutherAI/pythia-12b,9,step8,30,10,11846072320,36,0.13350470734385395,0.16038802133274593
EleutherAI/pythia-12b,9,step8,30,11,11846072320,36,0.13569451768969268,0.15429178371119334
EleutherAI/pythia-12b,9,step8,30,12,11846072320,36,0.14406508790166883,0.1681138736338497
EleutherAI/pythia-12b,9,step8,30,13,11846072320,36,0.12230168754799853,0.1767087157189219
EleutherAI/pythia-12b,9,step8,30,14,11846072320,36,0.08308614865952242,0.1933321816477555
EleutherAI/pythia-12b,9,step8,30,15,11846072320,36,0.12128809973172414,0.16288769587191998
EleutherAI/pythia-12b,9,step8,30,16,11846072320,36,0.12053005771526878,0.17483465330166229
EleutherAI/pythia-12b,9,step8,30,17,11846072320,36,0.11016053899384293,0.19198035523742882
EleutherAI/pythia-12b,9,step8,30,18,11846072320,36,0.10878527712625063,0.19030788418901212
EleutherAI/pythia-12b,9,step8,30,19,11846072320,36,0.12756269776427348,0.1789610996792042
EleutherAI/pythia-12b,9,step8,30,20,11846072320,36,0.1426509016895437,0.1728210920921048
EleutherAI/pythia-12b,9,step8,30,21,11846072320,36,0.10474749184115688,0.219969571755455
EleutherAI/pythia-12b,9,step8,30,22,11846072320,36,0.14363917673717028,0.14965940124492294
EleutherAI/pythia-12b,9,step8,30,23,11846072320,36,0.12585084652668,0.19319237740962084
EleutherAI/pythia-12b,9,step8,30,24,11846072320,36,0.11263425208281375,0.18647558252989974
EleutherAI/pythia-12b,9,step8,30,25,11846072320,36,0.14541464785600564,0.15375828916100676
EleutherAI/pythia-12b,9,step8,30,26,11846072320,36,0.10576484108472367,0.17258732368213095
EleutherAI/pythia-12b,9,step8,30,27,11846072320,36,0.1229884643051717,0.14683222297478363
EleutherAI/pythia-12b,9,step8,30,28,11846072320,36,0.11410035256173334,0.1704172348469361
EleutherAI/pythia-12b,9,step8,30,29,11846072320,36,0.12390703970269931,0.18553523924872947
EleutherAI/pythia-12b,9,step8,30,30,11846072320,36,0.10581199485003139,0.1744636954353736
EleutherAI/pythia-12b,9,step8,30,31,11846072320,36,0.12554784069626446,0.16578950870267528
EleutherAI/pythia-12b,9,step8,30,32,11846072320,36,0.11493580941636637,0.17882120347785962
EleutherAI/pythia-12b,9,step8,30,33,11846072320,36,0.12599862707001305,0.18876736968274674
EleutherAI/pythia-12b,9,step8,30,34,11846072320,36,0.14496877048914134,0.14362319628777978
EleutherAI/pythia-12b,9,step8,30,35,11846072320,36,0.14034274827923857,0.1628216479600102
EleutherAI/pythia-12b,9,step8,30,36,11846072320,36,0.1269249476033735,0.19160618327904835
EleutherAI/pythia-12b,9,step8,30,37,11846072320,36,0.11738001633234116,0.18409452721331118
EleutherAI/pythia-12b,9,step8,30,38,11846072320,36,0.13044623495009652,0.19517061546411327
EleutherAI/pythia-12b,9,step8,30,39,11846072320,36,0.11047460704862888,0.19959038165160212
EleutherAI/pythia-12b,9,step8,30,40,11846072320,36,0.1271779770730762,0.16739984204595507
EleutherAI/pythia-12b,9,step8,31,1,11846072320,36,0.10939884030570582,0.18357636475538433
EleutherAI/pythia-12b,9,step8,31,2,11846072320,36,0.137512162641004,0.17615194360840244
EleutherAI/pythia-12b,9,step8,31,3,11846072320,36,0.13527868572879836,0.16780355102005032
EleutherAI/pythia-12b,9,step8,31,4,11846072320,36,0.1251898857208343,0.17408942886524725
EleutherAI/pythia-12b,9,step8,31,5,11846072320,36,0.148872129423348,0.2116333780021549
EleutherAI/pythia-12b,9,step8,31,6,11846072320,36,0.11531234625447258,0.1997142748504474
EleutherAI/pythia-12b,9,step8,31,7,11846072320,36,0.09188557592396797,0.19539557203549787
EleutherAI/pythia-12b,9,step8,31,8,11846072320,36,0.16181064783050128,0.13964980583939998
EleutherAI/pythia-12b,9,step8,31,9,11846072320,36,0.1407594019742878,0.15941717743303052
EleutherAI/pythia-12b,9,step8,31,10,11846072320,36,0.12416319166486324,0.18280550174963273
EleutherAI/pythia-12b,9,step8,31,11,11846072320,36,0.13682723598549132,0.1506759820662595
EleutherAI/pythia-12b,9,step8,31,12,11846072320,36,0.13576519718623015,0.16017643488977135
EleutherAI/pythia-12b,9,step8,31,13,11846072320,36,0.12320492332717316,0.18112366802867375
EleutherAI/pythia-12b,9,step8,31,14,11846072320,36,0.14279181598028437,0.14625660806346133
EleutherAI/pythia-12b,9,step8,31,15,11846072320,36,0.10984687171261139,0.17458415517231093
EleutherAI/pythia-12b,9,step8,31,16,11846072320,36,0.12432115737561344,0.14998189169723347
EleutherAI/pythia-12b,9,step8,31,17,11846072320,36,0.14810926053259105,0.1575358943767599
EleutherAI/pythia-12b,9,step8,31,18,11846072320,36,0.12667933822394128,0.18212592636176322
EleutherAI/pythia-12b,9,step8,31,19,11846072320,36,0.13708530365581711,0.15721547283936993
EleutherAI/pythia-12b,9,step8,31,20,11846072320,36,0.12133919632246898,0.18004067928191864
EleutherAI/pythia-12b,9,step8,31,21,11846072320,36,0.1322532458952418,0.15381401469623357
EleutherAI/pythia-12b,9,step8,31,22,11846072320,36,0.13104381567208434,0.16664103928159124
EleutherAI/pythia-12b,9,step8,31,23,11846072320,36,0.12579543568059665,0.19000491702386563
EleutherAI/pythia-12b,9,step8,31,24,11846072320,36,0.12660300375630812,0.18061425223353653
EleutherAI/pythia-12b,9,step8,31,25,11846072320,36,0.11443087182849551,0.1655139127695882
EleutherAI/pythia-12b,9,step8,31,26,11846072320,36,0.10856985625763373,0.16674053394892907
EleutherAI/pythia-12b,9,step8,31,27,11846072320,36,0.12024012787754199,0.16458395037061724
EleutherAI/pythia-12b,9,step8,31,28,11846072320,36,0.1045577053159654,0.219356984305601
EleutherAI/pythia-12b,9,step8,31,29,11846072320,36,0.14491445899524305,0.1317570871161716
EleutherAI/pythia-12b,9,step8,31,30,11846072320,36,0.10943473601160013,0.21105987362160872
EleutherAI/pythia-12b,9,step8,31,31,11846072320,36,0.09920186136902359,0.19671891151169485
EleutherAI/pythia-12b,9,step8,31,32,11846072320,36,0.12413766816840154,0.17867579993822638
EleutherAI/pythia-12b,9,step8,31,33,11846072320,36,0.11595005793468995,0.25733593819724454
EleutherAI/pythia-12b,9,step8,31,34,11846072320,36,0.1333693095284315,0.17141077193143486
EleutherAI/pythia-12b,9,step8,31,35,11846072320,36,0.12904530109742557,0.15520775900711792
EleutherAI/pythia-12b,9,step8,31,36,11846072320,36,0.13522414147137876,0.1718162765094378
EleutherAI/pythia-12b,9,step8,31,37,11846072320,36,0.120951571127025,0.15483475599840682
EleutherAI/pythia-12b,9,step8,31,38,11846072320,36,0.14761790054271345,0.14450536104472902
EleutherAI/pythia-12b,9,step8,31,39,11846072320,36,0.11088649673504868,0.1553243614632535
EleutherAI/pythia-12b,9,step8,31,40,11846072320,36,0.103375613339827,0.20098444155498485
EleutherAI/pythia-12b,9,step8,32,1,11846072320,36,0.11270137381804236,0.1829900413013256
EleutherAI/pythia-12b,9,step8,32,2,11846072320,36,0.12142943276523108,0.17329640144778707
EleutherAI/pythia-12b,9,step8,32,3,11846072320,36,0.10994197796840026,0.22598527355662154
EleutherAI/pythia-12b,9,step8,32,4,11846072320,36,0.1264015298795413,0.19693489312320137
EleutherAI/pythia-12b,9,step8,32,5,11846072320,36,0.10676078894385342,0.18771018956538968
EleutherAI/pythia-12b,9,step8,32,6,11846072320,36,0.1466378513052388,0.15145364633618708
EleutherAI/pythia-12b,9,step8,32,7,11846072320,36,0.08563756479884496,0.21403518542311745
EleutherAI/pythia-12b,9,step8,32,8,11846072320,36,0.15766919908245222,0.1427952140491377
EleutherAI/pythia-12b,9,step8,32,9,11846072320,36,0.13760811870766648,0.1493825404695025
EleutherAI/pythia-12b,9,step8,32,10,11846072320,36,0.10142732175576075,0.1552664670427595
EleutherAI/pythia-12b,9,step8,32,11,11846072320,36,0.10444207818390008,0.16829075651416725
EleutherAI/pythia-12b,9,step8,32,12,11846072320,36,0.1354233326653281,0.15683804248535146
EleutherAI/pythia-12b,9,step8,32,13,11846072320,36,0.11486205875638633,0.1846529436703245
EleutherAI/pythia-12b,9,step8,32,14,11846072320,36,0.10994008546499336,0.23460965590724892
EleutherAI/pythia-12b,9,step8,32,15,11846072320,36,0.10302359470118717,0.2094414074801736
EleutherAI/pythia-12b,9,step8,32,16,11846072320,36,0.10254890039876412,0.19738119483195443
EleutherAI/pythia-12b,9,step8,32,17,11846072320,36,0.12007430652240371,0.15584406638713746
EleutherAI/pythia-12b,9,step8,32,18,11846072320,36,0.10473336673456354,0.24621082023177684
EleutherAI/pythia-12b,9,step8,32,19,11846072320,36,0.10933887490907584,0.16848761946600563
EleutherAI/pythia-12b,9,step8,32,20,11846072320,36,0.13426005314509787,0.15172041313829002
EleutherAI/pythia-12b,9,step8,32,21,11846072320,36,0.1344265830800966,0.16720247056122653
EleutherAI/pythia-12b,9,step8,32,22,11846072320,36,0.12048263505224258,0.18164355631403106
EleutherAI/pythia-12b,9,step8,32,23,11846072320,36,0.1251018356319304,0.18024560469887901
EleutherAI/pythia-12b,9,step8,32,24,11846072320,36,0.12564324435998903,0.17118331547770588
EleutherAI/pythia-12b,9,step8,32,25,11846072320,36,0.11710855132668042,0.17745186152445658
EleutherAI/pythia-12b,9,step8,32,26,11846072320,36,0.12214727660042562,0.17234160908002838
EleutherAI/pythia-12b,9,step8,32,27,11846072320,36,0.14005599888572998,0.16718894630032882
EleutherAI/pythia-12b,9,step8,32,28,11846072320,36,0.12329087757670482,0.15937257017772472
EleutherAI/pythia-12b,9,step8,32,29,11846072320,36,0.11032186867529382,0.17343896316425933
EleutherAI/pythia-12b,9,step8,32,30,11846072320,36,0.1112853720331111,0.16584649138074287
EleutherAI/pythia-12b,9,step8,32,31,11846072320,36,0.1262616762980908,0.1728349326558791
EleutherAI/pythia-12b,9,step8,32,32,11846072320,36,0.12844200156539584,0.16585722236471756
EleutherAI/pythia-12b,9,step8,32,33,11846072320,36,0.12289493212437214,0.19854926784989888
EleutherAI/pythia-12b,9,step8,32,34,11846072320,36,0.11055964520676533,0.18374371182945393
EleutherAI/pythia-12b,9,step8,32,35,11846072320,36,0.11959549581615234,0.17423117509833322
EleutherAI/pythia-12b,9,step8,32,36,11846072320,36,0.12668284408569153,0.18453064807005468
EleutherAI/pythia-12b,9,step8,32,37,11846072320,36,0.12582909968589337,0.17055493053999746
EleutherAI/pythia-12b,9,step8,32,38,11846072320,36,0.11341868698115906,0.17659389892139946
EleutherAI/pythia-12b,9,step8,32,39,11846072320,36,0.10638101723649207,0.191620325339628
EleutherAI/pythia-12b,9,step8,32,40,11846072320,36,0.13407704273837281,0.14751929261472754
EleutherAI/pythia-12b,9,step8,33,1,11846072320,36,0.14367433213950453,0.16980744898598918
EleutherAI/pythia-12b,9,step8,33,2,11846072320,36,0.11785266217258238,0.19538291776412953
EleutherAI/pythia-12b,9,step8,33,3,11846072320,36,0.10871250682731376,0.21496851792609364
EleutherAI/pythia-12b,9,step8,33,4,11846072320,36,0.12229054592907783,0.20772740452385338
EleutherAI/pythia-12b,9,step8,33,5,11846072320,36,0.11690912218400841,0.1550657832491639
EleutherAI/pythia-12b,9,step8,33,6,11846072320,36,0.11033923157096442,0.20145906674376385
EleutherAI/pythia-12b,9,step8,33,7,11846072320,36,0.12411658722045897,0.1574152438333621
EleutherAI/pythia-12b,9,step8,33,8,11846072320,36,0.14002718248435322,0.1830029168722776
EleutherAI/pythia-12b,9,step8,33,9,11846072320,36,0.09910496436451018,0.1797929717110352
EleutherAI/pythia-12b,9,step8,33,10,11846072320,36,0.13563358431888947,0.18050050852658062
EleutherAI/pythia-12b,9,step8,33,11,11846072320,36,0.10718154516238883,0.13566484028758763
EleutherAI/pythia-12b,9,step8,33,12,11846072320,36,0.1382578420298951,0.14639030553836807
EleutherAI/pythia-12b,9,step8,33,13,11846072320,36,0.11435560820003346,0.19160716602293484
EleutherAI/pythia-12b,9,step8,33,14,11846072320,36,0.12600784827661402,0.19238744398114735
EleutherAI/pythia-12b,9,step8,33,15,11846072320,36,0.12009506680731385,0.19117672660027266
EleutherAI/pythia-12b,9,step8,33,16,11846072320,36,0.10249234627451262,0.17892025394348407
EleutherAI/pythia-12b,9,step8,33,17,11846072320,36,0.1263775210883524,0.18175010116317783
EleutherAI/pythia-12b,9,step8,33,18,11846072320,36,0.1307760053635896,0.14624566165590513
EleutherAI/pythia-12b,9,step8,33,19,11846072320,36,0.1045126517334052,0.18441476083889197
EleutherAI/pythia-12b,9,step8,33,20,11846072320,36,0.0991051797769046,0.1785088934804181
EleutherAI/pythia-12b,9,step8,33,21,11846072320,36,0.11825805787813731,0.1900885686132911
EleutherAI/pythia-12b,9,step8,33,22,11846072320,36,0.11679613339650376,0.14901472257265633
EleutherAI/pythia-12b,9,step8,33,23,11846072320,36,0.13519572387183745,0.18646787323180705
EleutherAI/pythia-12b,9,step8,33,24,11846072320,36,0.14785064299878947,0.18992424549887305
EleutherAI/pythia-12b,9,step8,33,25,11846072320,36,0.1321927529029749,0.16141831717389568
EleutherAI/pythia-12b,9,step8,33,26,11846072320,36,0.11573873169149629,0.21925754125534858
EleutherAI/pythia-12b,9,step8,33,27,11846072320,36,0.11520784693929521,0.17383513010635565
EleutherAI/pythia-12b,9,step8,33,28,11846072320,36,0.1506471877229643,0.16843807654225965
EleutherAI/pythia-12b,9,step8,33,29,11846072320,36,0.13462939407038793,0.18242048555789314
EleutherAI/pythia-12b,9,step8,33,30,11846072320,36,0.13186219089605783,0.14940502544635673
EleutherAI/pythia-12b,9,step8,33,31,11846072320,36,0.12106208971984031,0.16219773702043755
EleutherAI/pythia-12b,9,step8,33,32,11846072320,36,0.10822635739706117,0.18269434355635628
EleutherAI/pythia-12b,9,step8,33,33,11846072320,36,0.1404357730738214,0.17162185425481366
EleutherAI/pythia-12b,9,step8,33,34,11846072320,36,0.11983734601968755,0.17968937686389985
EleutherAI/pythia-12b,9,step8,33,35,11846072320,36,0.09402958901917877,0.198753175345269
EleutherAI/pythia-12b,9,step8,33,36,11846072320,36,0.11415838857961663,0.19853108923591378
EleutherAI/pythia-12b,9,step8,33,37,11846072320,36,0.13099741589490532,0.1557448375466707
EleutherAI/pythia-12b,9,step8,33,38,11846072320,36,0.11738059320137482,0.1801642244569845
EleutherAI/pythia-12b,9,step8,33,39,11846072320,36,0.10888420438041554,0.18689086176063469
EleutherAI/pythia-12b,9,step8,33,40,11846072320,36,0.12064425006799687,0.1485351220069749
EleutherAI/pythia-12b,9,step8,34,1,11846072320,36,0.13391881625170818,0.18337576128766161
EleutherAI/pythia-12b,9,step8,34,2,11846072320,36,0.11220623802550289,0.19699721674885115
EleutherAI/pythia-12b,9,step8,34,3,11846072320,36,0.15563411500539862,0.17009796175333827
EleutherAI/pythia-12b,9,step8,34,4,11846072320,36,0.13055852947158136,0.19621696115077075
EleutherAI/pythia-12b,9,step8,34,5,11846072320,36,0.14858446112489912,0.15697324657169454
EleutherAI/pythia-12b,9,step8,34,6,11846072320,36,0.12440458836184962,0.1606381710523644
EleutherAI/pythia-12b,9,step8,34,7,11846072320,36,0.11792735764672892,0.19708272378735084
EleutherAI/pythia-12b,9,step8,34,8,11846072320,36,0.10659687815083035,0.2039910758546254
EleutherAI/pythia-12b,9,step8,34,9,11846072320,36,0.11718246631055798,0.1752220778963766
EleutherAI/pythia-12b,9,step8,34,10,11846072320,36,0.13318531804748837,0.13702391812650555
EleutherAI/pythia-12b,9,step8,34,11,11846072320,36,0.126404683919506,0.18335406010125846
EleutherAI/pythia-12b,9,step8,34,12,11846072320,36,0.11096590474337424,0.19531160835232636
EleutherAI/pythia-12b,9,step8,34,13,11846072320,36,0.11090336999556677,0.18877458911635223
EleutherAI/pythia-12b,9,step8,34,14,11846072320,36,0.1278550911347966,0.15893784862615767
EleutherAI/pythia-12b,9,step8,34,15,11846072320,36,0.14293919889082954,0.16408154396368213
EleutherAI/pythia-12b,9,step8,34,16,11846072320,36,0.10048617900827442,0.200039036910388
EleutherAI/pythia-12b,9,step8,34,17,11846072320,36,0.12978755576989132,0.15402732449150205
EleutherAI/pythia-12b,9,step8,34,18,11846072320,36,0.1118043502680845,0.18426894809345937
EleutherAI/pythia-12b,9,step8,34,19,11846072320,36,0.13013083657792376,0.17895153005727682
EleutherAI/pythia-12b,9,step8,34,20,11846072320,36,0.11583868574697867,0.16900919990854574
EleutherAI/pythia-12b,9,step8,34,21,11846072320,36,0.12104895561038549,0.18121602830642064
EleutherAI/pythia-12b,9,step8,34,22,11846072320,36,0.1081160273117659,0.18148631717752403
EleutherAI/pythia-12b,9,step8,34,23,11846072320,36,0.13756808480835173,0.16340384068800964
EleutherAI/pythia-12b,9,step8,34,24,11846072320,36,0.125830193259963,0.18656768193943898
EleutherAI/pythia-12b,9,step8,34,25,11846072320,36,0.14691752807849695,0.16053421438221366
EleutherAI/pythia-12b,9,step8,34,26,11846072320,36,0.13342081438805958,0.15947808516589368
EleutherAI/pythia-12b,9,step8,34,27,11846072320,36,0.14299608634465982,0.1492526876703799
EleutherAI/pythia-12b,9,step8,34,28,11846072320,36,0.14637420624606418,0.1547096582834382
EleutherAI/pythia-12b,9,step8,34,29,11846072320,36,0.1302534665062173,0.15841588384664806
EleutherAI/pythia-12b,9,step8,34,30,11846072320,36,0.12297237941900169,0.186755491012299
EleutherAI/pythia-12b,9,step8,34,31,11846072320,36,0.11251502963448605,0.19737531760198482
EleutherAI/pythia-12b,9,step8,34,32,11846072320,36,0.11108067303381342,0.18120004392198252
EleutherAI/pythia-12b,9,step8,34,33,11846072320,36,0.15596814461432773,0.13366356285081965
EleutherAI/pythia-12b,9,step8,34,34,11846072320,36,0.13203685462765682,0.16724087803571427
EleutherAI/pythia-12b,9,step8,34,35,11846072320,36,0.13558476804210254,0.17235900667235923
EleutherAI/pythia-12b,9,step8,34,36,11846072320,36,0.11239209365066104,0.16637331344377435
EleutherAI/pythia-12b,9,step8,34,37,11846072320,36,0.17559730293447365,0.13256408161464123
EleutherAI/pythia-12b,9,step8,34,38,11846072320,36,0.11959139289272883,0.15959505429743107
EleutherAI/pythia-12b,9,step8,34,39,11846072320,36,0.14423544304417413,0.1830370056194004
EleutherAI/pythia-12b,9,step8,34,40,11846072320,36,0.11553536451983823,0.16382728416651662
EleutherAI/pythia-12b,9,step8,35,1,11846072320,36,0.11193211221726265,0.1839077766850456
EleutherAI/pythia-12b,9,step8,35,2,11846072320,36,0.10539974637508567,0.17371305661113767
EleutherAI/pythia-12b,9,step8,35,3,11846072320,36,0.12145907512947063,0.16987984914433307
EleutherAI/pythia-12b,9,step8,35,4,11846072320,36,0.13004623606868151,0.17067527280443598
EleutherAI/pythia-12b,9,step8,35,5,11846072320,36,0.12894669152214538,0.16043179938373886
EleutherAI/pythia-12b,9,step8,35,6,11846072320,36,0.13176318639525775,0.15883522967922611
EleutherAI/pythia-12b,9,step8,35,7,11846072320,36,0.1277258183370839,0.15312823079325052
EleutherAI/pythia-12b,9,step8,35,8,11846072320,36,0.09739066947072561,0.19193212657764147
EleutherAI/pythia-12b,9,step8,35,9,11846072320,36,0.11588777660450952,0.19137713819037414
EleutherAI/pythia-12b,9,step8,35,10,11846072320,36,0.11481347499420867,0.18413760194515766
EleutherAI/pythia-12b,9,step8,35,11,11846072320,36,0.11605056426166231,0.20061794231022081
EleutherAI/pythia-12b,9,step8,35,12,11846072320,36,0.07885639127847306,0.197494830228612
EleutherAI/pythia-12b,9,step8,35,13,11846072320,36,0.11063373452416049,0.21324915586839294
EleutherAI/pythia-12b,9,step8,35,14,11846072320,36,0.10695704641016392,0.1873893408529885
EleutherAI/pythia-12b,9,step8,35,15,11846072320,36,0.15215410958337888,0.16906222949984728
EleutherAI/pythia-12b,9,step8,35,16,11846072320,36,0.11907477368664988,0.1860451734465387
EleutherAI/pythia-12b,9,step8,35,17,11846072320,36,0.10752351450602388,0.18048535613203276
EleutherAI/pythia-12b,9,step8,35,18,11846072320,36,0.1263947656752916,0.18116549114688288
EleutherAI/pythia-12b,9,step8,35,19,11846072320,36,0.11500095910540926,0.1543663601522465
EleutherAI/pythia-12b,9,step8,35,20,11846072320,36,0.1434249360192645,0.18371130491945295
EleutherAI/pythia-12b,9,step8,35,21,11846072320,36,0.10008668822625105,0.18738757384879448
EleutherAI/pythia-12b,9,step8,35,22,11846072320,36,0.10683391594213315,0.1893531267612322
EleutherAI/pythia-12b,9,step8,35,23,11846072320,36,0.15998002919214618,0.1441940882581624
EleutherAI/pythia-12b,9,step8,35,24,11846072320,36,0.09099062274324818,0.18034165710289105
EleutherAI/pythia-12b,9,step8,35,25,11846072320,36,0.1152594771471109,0.17511294767338856
EleutherAI/pythia-12b,9,step8,35,26,11846072320,36,0.11544178379559746,0.21572088636178238
EleutherAI/pythia-12b,9,step8,35,27,11846072320,36,0.12564574966246297,0.18029334125676755
EleutherAI/pythia-12b,9,step8,35,28,11846072320,36,0.1274299595739927,0.14759224936556256
EleutherAI/pythia-12b,9,step8,35,29,11846072320,36,0.12074798533508366,0.18919210365551098
EleutherAI/pythia-12b,9,step8,35,30,11846072320,36,0.1643885030179052,0.11867292794502439
EleutherAI/pythia-12b,9,step8,35,31,11846072320,36,0.12859634367340764,0.14518352875670598
EleutherAI/pythia-12b,9,step8,35,32,11846072320,36,0.13744488133078397,0.1745065379994096
EleutherAI/pythia-12b,9,step8,35,33,11846072320,36,0.15689053134741004,0.17111187199740344
EleutherAI/pythia-12b,9,step8,35,34,11846072320,36,0.11643034341121396,0.17491147290725068
EleutherAI/pythia-12b,9,step8,35,35,11846072320,36,0.12275862464451928,0.16392692964098918
EleutherAI/pythia-12b,9,step8,35,36,11846072320,36,0.11702493942893658,0.18167655582486594
EleutherAI/pythia-12b,9,step8,35,37,11846072320,36,0.119601186152335,0.15736333586767803
EleutherAI/pythia-12b,9,step8,35,38,11846072320,36,0.12964538782946872,0.19015983675044396
EleutherAI/pythia-12b,9,step8,35,39,11846072320,36,0.12596085127275264,0.15140791158765193
EleutherAI/pythia-12b,9,step8,35,40,11846072320,36,0.1433361943464379,0.15194349637808827
EleutherAI/pythia-12b,9,step8,36,1,11846072320,36,0.11067349486914389,0.19377575852759962
EleutherAI/pythia-12b,9,step8,36,2,11846072320,36,0.12705099230559466,0.1744723906013387
EleutherAI/pythia-12b,9,step8,36,3,11846072320,36,0.13751132807529362,0.15811803944509573
EleutherAI/pythia-12b,9,step8,36,4,11846072320,36,0.11984124350118203,0.18476325523264858
EleutherAI/pythia-12b,9,step8,36,5,11846072320,36,0.11338950440779816,0.19558461124843748
EleutherAI/pythia-12b,9,step8,36,6,11846072320,36,0.1299732952426235,0.19349768676713955
EleutherAI/pythia-12b,9,step8,36,7,11846072320,36,0.11035010823840131,0.18591925003160312
EleutherAI/pythia-12b,9,step8,36,8,11846072320,36,0.11041889250748325,0.1470913324734425
EleutherAI/pythia-12b,9,step8,36,9,11846072320,36,0.10966716458959438,0.19005825321327097
EleutherAI/pythia-12b,9,step8,36,10,11846072320,36,0.09434285774189337,0.1609938630090282
EleutherAI/pythia-12b,9,step8,36,11,11846072320,36,0.1146025287194384,0.2483182520977593
EleutherAI/pythia-12b,9,step8,36,12,11846072320,36,0.0932395551941013,0.18482724571594958
EleutherAI/pythia-12b,9,step8,36,13,11846072320,36,0.11475151195540438,0.2013083857486958
EleutherAI/pythia-12b,9,step8,36,14,11846072320,36,0.12501105099536095,0.16986481869710723
EleutherAI/pythia-12b,9,step8,36,15,11846072320,36,0.1602893192600738,0.13862789178675444
EleutherAI/pythia-12b,9,step8,36,16,11846072320,36,0.12117840977827525,0.19904433648373268
EleutherAI/pythia-12b,9,step8,36,17,11846072320,36,0.12010340612974607,0.16858303615146567
EleutherAI/pythia-12b,9,step8,36,18,11846072320,36,0.1424427271090649,0.1399287688252222
EleutherAI/pythia-12b,9,step8,36,19,11846072320,36,0.11872772411541176,0.17018187935981482
EleutherAI/pythia-12b,9,step8,36,20,11846072320,36,0.1511462162285148,0.127174610685971
EleutherAI/pythia-12b,9,step8,36,21,11846072320,36,0.11555640198088976,0.19934645318635946
EleutherAI/pythia-12b,9,step8,36,22,11846072320,36,0.1384420777215166,0.18220697747761597
EleutherAI/pythia-12b,9,step8,36,23,11846072320,36,0.12721657049884125,0.16190445754822486
EleutherAI/pythia-12b,9,step8,36,24,11846072320,36,0.0976445855315517,0.20249941658127948
EleutherAI/pythia-12b,9,step8,36,25,11846072320,36,0.11131350245248443,0.20444296278316781
EleutherAI/pythia-12b,9,step8,36,26,11846072320,36,0.10734440014045961,0.17618029716203695
EleutherAI/pythia-12b,9,step8,36,27,11846072320,36,0.09559740397419116,0.1776586469324367
EleutherAI/pythia-12b,9,step8,36,28,11846072320,36,0.10604758473118768,0.19319164723314497
EleutherAI/pythia-12b,9,step8,36,29,11846072320,36,0.11872542791583154,0.16348305070219005
EleutherAI/pythia-12b,9,step8,36,30,11846072320,36,0.12473451302529451,0.1552799228584399
EleutherAI/pythia-12b,9,step8,36,31,11846072320,36,0.12649660761112919,0.17715152002893406
EleutherAI/pythia-12b,9,step8,36,32,11846072320,36,0.12496397093878132,0.16149030377187792
EleutherAI/pythia-12b,9,step8,36,33,11846072320,36,0.11410867937703476,0.177110107366678
EleutherAI/pythia-12b,9,step8,36,34,11846072320,36,0.1303007741215395,0.22454978139685078
EleutherAI/pythia-12b,9,step8,36,35,11846072320,36,0.1537396141660732,0.15027660757650033
EleutherAI/pythia-12b,9,step8,36,36,11846072320,36,0.1378296760019955,0.1728734172063994
EleutherAI/pythia-12b,9,step8,36,37,11846072320,36,0.12835699012754734,0.15378519907235738
EleutherAI/pythia-12b,9,step8,36,38,11846072320,36,0.11617659295800029,0.1809737261848988
EleutherAI/pythia-12b,9,step8,36,39,11846072320,36,0.14344603647743615,0.14496191659265448
EleutherAI/pythia-12b,9,step8,36,40,11846072320,36,0.1345841447255006,0.1661748076501014
