mpath,step_modded,revision,Layer,Head,n_params,n_layers,mean_1back,mean_first
EleutherAI/pythia-12b,1,step0,1,1,11846072320,36,0.1252278670271461,0.1655928446175726
EleutherAI/pythia-12b,1,step0,1,2,11846072320,36,0.12246181864246677,0.16683013337264366
EleutherAI/pythia-12b,1,step0,1,3,11846072320,36,0.12474520203542777,0.16831522479698102
EleutherAI/pythia-12b,1,step0,1,4,11846072320,36,0.12606717448390725,0.15829671630719755
EleutherAI/pythia-12b,1,step0,1,5,11846072320,36,0.12386994107763416,0.1635754880447824
EleutherAI/pythia-12b,1,step0,1,6,11846072320,36,0.12258639852530333,0.17414661006325174
EleutherAI/pythia-12b,1,step0,1,7,11846072320,36,0.12333560761836193,0.17291584936482407
EleutherAI/pythia-12b,1,step0,1,8,11846072320,36,0.1263473302618161,0.16529290920666026
EleutherAI/pythia-12b,1,step0,1,9,11846072320,36,0.1317528172287049,0.17648044753226785
EleutherAI/pythia-12b,1,step0,1,10,11846072320,36,0.1211533585154974,0.1618141933783396
EleutherAI/pythia-12b,1,step0,1,11,11846072320,36,0.12748474197031495,0.16534128139640114
EleutherAI/pythia-12b,1,step0,1,12,11846072320,36,0.13427041295927025,0.17558264947711702
EleutherAI/pythia-12b,1,step0,1,13,11846072320,36,0.12198412073524413,0.16929861471370172
EleutherAI/pythia-12b,1,step0,1,14,11846072320,36,0.11791256988035125,0.16164293758817258
EleutherAI/pythia-12b,1,step0,1,15,11846072320,36,0.11921834352205282,0.1622783467621058
EleutherAI/pythia-12b,1,step0,1,16,11846072320,36,0.12519210273562156,0.17322137246506883
EleutherAI/pythia-12b,1,step0,1,17,11846072320,36,0.12832576213208757,0.16481828133019058
EleutherAI/pythia-12b,1,step0,1,18,11846072320,36,0.1327524783156879,0.1696380706442458
EleutherAI/pythia-12b,1,step0,1,19,11846072320,36,0.12245634502476754,0.17082615860097397
EleutherAI/pythia-12b,1,step0,1,20,11846072320,36,0.12346300807733969,0.17188377770128188
EleutherAI/pythia-12b,1,step0,1,21,11846072320,36,0.11740984436818157,0.1657462790272794
EleutherAI/pythia-12b,1,step0,1,22,11846072320,36,0.13461716015551894,0.17497945438186682
EleutherAI/pythia-12b,1,step0,1,23,11846072320,36,0.11995125796041774,0.157528608019377
EleutherAI/pythia-12b,1,step0,1,24,11846072320,36,0.12597531276858512,0.16989975884646263
EleutherAI/pythia-12b,1,step0,1,25,11846072320,36,0.12596265212898405,0.15864123732366178
EleutherAI/pythia-12b,1,step0,1,26,11846072320,36,0.11896169471747431,0.16200948690620803
EleutherAI/pythia-12b,1,step0,1,27,11846072320,36,0.1244153840293934,0.16612959045681863
EleutherAI/pythia-12b,1,step0,1,28,11846072320,36,0.11646943280680308,0.1585574547617553
EleutherAI/pythia-12b,1,step0,1,29,11846072320,36,0.12118219580031457,0.16901287586951216
EleutherAI/pythia-12b,1,step0,1,30,11846072320,36,0.12129975428004876,0.164181876894053
EleutherAI/pythia-12b,1,step0,1,31,11846072320,36,0.12498156982264268,0.16564095237882462
EleutherAI/pythia-12b,1,step0,1,32,11846072320,36,0.12364310930083101,0.16320734151132826
EleutherAI/pythia-12b,1,step0,1,33,11846072320,36,0.12065100213149195,0.16735350086658562
EleutherAI/pythia-12b,1,step0,1,34,11846072320,36,0.12495116526736418,0.162451655226382
EleutherAI/pythia-12b,1,step0,1,35,11846072320,36,0.12417068018916397,0.16035190993757753
EleutherAI/pythia-12b,1,step0,1,36,11846072320,36,0.11479067931080361,0.15544511549532766
EleutherAI/pythia-12b,1,step0,1,37,11846072320,36,0.12272409384639499,0.16322795451023017
EleutherAI/pythia-12b,1,step0,1,38,11846072320,36,0.13002316069204703,0.16781894015791535
EleutherAI/pythia-12b,1,step0,1,39,11846072320,36,0.1270407654132481,0.16339036371480592
EleutherAI/pythia-12b,1,step0,1,40,11846072320,36,0.131189265187729,0.16862530302670262
EleutherAI/pythia-12b,1,step0,2,1,11846072320,36,0.1264002317193526,0.160272578571786
EleutherAI/pythia-12b,1,step0,2,2,11846072320,36,0.12212488744631629,0.17588468125878687
EleutherAI/pythia-12b,1,step0,2,3,11846072320,36,0.12226431322907717,0.16240398058606245
EleutherAI/pythia-12b,1,step0,2,4,11846072320,36,0.12702794051687186,0.16421243959797302
EleutherAI/pythia-12b,1,step0,2,5,11846072320,36,0.1304628025270528,0.15754717826709014
EleutherAI/pythia-12b,1,step0,2,6,11846072320,36,0.12427650168314348,0.16209326891155837
EleutherAI/pythia-12b,1,step0,2,7,11846072320,36,0.12177133010896114,0.1697981636719526
EleutherAI/pythia-12b,1,step0,2,8,11846072320,36,0.12450441105330398,0.16484260839877182
EleutherAI/pythia-12b,1,step0,2,9,11846072320,36,0.1252706947935012,0.17023828798519058
EleutherAI/pythia-12b,1,step0,2,10,11846072320,36,0.12745234306185718,0.16879862134677687
EleutherAI/pythia-12b,1,step0,2,11,11846072320,36,0.13260609414372532,0.17901459847529366
EleutherAI/pythia-12b,1,step0,2,12,11846072320,36,0.13461508753488546,0.15284014047422742
EleutherAI/pythia-12b,1,step0,2,13,11846072320,36,0.12768680447930683,0.1656317690516019
EleutherAI/pythia-12b,1,step0,2,14,11846072320,36,0.1322043698879557,0.15627827291732074
EleutherAI/pythia-12b,1,step0,2,15,11846072320,36,0.11780654980770278,0.15168089075321636
EleutherAI/pythia-12b,1,step0,2,16,11846072320,36,0.13591662963835502,0.16360601618628687
EleutherAI/pythia-12b,1,step0,2,17,11846072320,36,0.12307430658623707,0.1789109310633069
EleutherAI/pythia-12b,1,step0,2,18,11846072320,36,0.1363094950838758,0.1425167776828816
EleutherAI/pythia-12b,1,step0,2,19,11846072320,36,0.13356149839880585,0.1545344219450746
EleutherAI/pythia-12b,1,step0,2,20,11846072320,36,0.12637630060829733,0.19342052268406915
EleutherAI/pythia-12b,1,step0,2,21,11846072320,36,0.12674723302682595,0.16029608512560165
EleutherAI/pythia-12b,1,step0,2,22,11846072320,36,0.12427724201187443,0.1580792009360618
EleutherAI/pythia-12b,1,step0,2,23,11846072320,36,0.12197452183678607,0.15027276911512685
EleutherAI/pythia-12b,1,step0,2,24,11846072320,36,0.12445853038078489,0.1586171507488589
EleutherAI/pythia-12b,1,step0,2,25,11846072320,36,0.11787896228299749,0.17173897640013297
EleutherAI/pythia-12b,1,step0,2,26,11846072320,36,0.13040358105299615,0.181112850937914
EleutherAI/pythia-12b,1,step0,2,27,11846072320,36,0.1313293172863197,0.16883383649918765
EleutherAI/pythia-12b,1,step0,2,28,11846072320,36,0.12215998422846686,0.16231551212076842
EleutherAI/pythia-12b,1,step0,2,29,11846072320,36,0.12982392626291545,0.15913789106851758
EleutherAI/pythia-12b,1,step0,2,30,11846072320,36,0.11597380508576423,0.15501426766674078
EleutherAI/pythia-12b,1,step0,2,31,11846072320,36,0.1285730243769583,0.16293386958103187
EleutherAI/pythia-12b,1,step0,2,32,11846072320,36,0.1273821357486618,0.15607682434288228
EleutherAI/pythia-12b,1,step0,2,33,11846072320,36,0.12883561271223215,0.1747591060197523
EleutherAI/pythia-12b,1,step0,2,34,11846072320,36,0.12012661928059278,0.1578506054104985
EleutherAI/pythia-12b,1,step0,2,35,11846072320,36,0.12099470503001775,0.14692080043278652
EleutherAI/pythia-12b,1,step0,2,36,11846072320,36,0.1274028224395112,0.15454128237200657
EleutherAI/pythia-12b,1,step0,2,37,11846072320,36,0.12466281111276628,0.17395862955432212
EleutherAI/pythia-12b,1,step0,2,38,11846072320,36,0.1306386493515592,0.1664180461143901
EleutherAI/pythia-12b,1,step0,2,39,11846072320,36,0.1240651631006249,0.16126759471399732
EleutherAI/pythia-12b,1,step0,2,40,11846072320,36,0.12281941630885941,0.17093331798877529
EleutherAI/pythia-12b,1,step0,3,1,11846072320,36,0.1259614139985483,0.16844064524179103
EleutherAI/pythia-12b,1,step0,3,2,11846072320,36,0.14307699363130524,0.17879149284180215
EleutherAI/pythia-12b,1,step0,3,3,11846072320,36,0.12889722576392837,0.17259787256876982
EleutherAI/pythia-12b,1,step0,3,4,11846072320,36,0.12127612101881798,0.17621201703285755
EleutherAI/pythia-12b,1,step0,3,5,11846072320,36,0.12363426467856842,0.18513432990300938
EleutherAI/pythia-12b,1,step0,3,6,11846072320,36,0.13420173123635504,0.20758783076148665
EleutherAI/pythia-12b,1,step0,3,7,11846072320,36,0.1208817500917537,0.1655401632346369
EleutherAI/pythia-12b,1,step0,3,8,11846072320,36,0.12709855816575943,0.16646870760409319
EleutherAI/pythia-12b,1,step0,3,9,11846072320,36,0.14424662605800603,0.15995267857224102
EleutherAI/pythia-12b,1,step0,3,10,11846072320,36,0.12596893598613612,0.1733667660566108
EleutherAI/pythia-12b,1,step0,3,11,11846072320,36,0.11720239741912292,0.18890585988066394
EleutherAI/pythia-12b,1,step0,3,12,11846072320,36,0.11986840051506549,0.19290629291890168
EleutherAI/pythia-12b,1,step0,3,13,11846072320,36,0.13597525288169085,0.15829825369143358
EleutherAI/pythia-12b,1,step0,3,14,11846072320,36,0.12296248586182744,0.17748813890200385
EleutherAI/pythia-12b,1,step0,3,15,11846072320,36,0.12003146585177726,0.1674855994536085
EleutherAI/pythia-12b,1,step0,3,16,11846072320,36,0.12441316479956867,0.19486722095894649
EleutherAI/pythia-12b,1,step0,3,17,11846072320,36,0.12913268059492106,0.1647437460491204
EleutherAI/pythia-12b,1,step0,3,18,11846072320,36,0.12392743779821792,0.17711617348452763
EleutherAI/pythia-12b,1,step0,3,19,11846072320,36,0.11803537117479528,0.17544515878689268
EleutherAI/pythia-12b,1,step0,3,20,11846072320,36,0.12080284432080142,0.1527844817397204
EleutherAI/pythia-12b,1,step0,3,21,11846072320,36,0.13343771047576944,0.14687768410466182
EleutherAI/pythia-12b,1,step0,3,22,11846072320,36,0.12283676520113021,0.16680954974815917
EleutherAI/pythia-12b,1,step0,3,23,11846072320,36,0.12310272892629416,0.16601583853856217
EleutherAI/pythia-12b,1,step0,3,24,11846072320,36,0.12740641682445103,0.15552616905275582
EleutherAI/pythia-12b,1,step0,3,25,11846072320,36,0.1266742268571624,0.18157996488986786
EleutherAI/pythia-12b,1,step0,3,26,11846072320,36,0.11682761039629619,0.13772061715243722
EleutherAI/pythia-12b,1,step0,3,27,11846072320,36,0.12798886551513325,0.18351659419255567
EleutherAI/pythia-12b,1,step0,3,28,11846072320,36,0.1266604267765541,0.17258518033971385
EleutherAI/pythia-12b,1,step0,3,29,11846072320,36,0.13147436542710558,0.17066346715531636
EleutherAI/pythia-12b,1,step0,3,30,11846072320,36,0.13381170250430655,0.16762875869322016
EleutherAI/pythia-12b,1,step0,3,31,11846072320,36,0.12845939470807438,0.16855296650593787
EleutherAI/pythia-12b,1,step0,3,32,11846072320,36,0.12390293377555074,0.1634048491509424
EleutherAI/pythia-12b,1,step0,3,33,11846072320,36,0.12139845973960268,0.17051877709547494
EleutherAI/pythia-12b,1,step0,3,34,11846072320,36,0.12692800365030404,0.1607692249611512
EleutherAI/pythia-12b,1,step0,3,35,11846072320,36,0.14881119601618684,0.1792353889331579
EleutherAI/pythia-12b,1,step0,3,36,11846072320,36,0.12069308300510985,0.1893343779457
EleutherAI/pythia-12b,1,step0,3,37,11846072320,36,0.1277268763950413,0.17387870852709617
EleutherAI/pythia-12b,1,step0,3,38,11846072320,36,0.12060141348344335,0.1969560541313242
EleutherAI/pythia-12b,1,step0,3,39,11846072320,36,0.12767392774490083,0.17426252599760841
EleutherAI/pythia-12b,1,step0,3,40,11846072320,36,0.12041936314723509,0.17616549851065189
EleutherAI/pythia-12b,1,step0,4,1,11846072320,36,0.12474270604058604,0.18818188986989914
EleutherAI/pythia-12b,1,step0,4,2,11846072320,36,0.15069771123988487,0.14831485364910535
EleutherAI/pythia-12b,1,step0,4,3,11846072320,36,0.12520560776037312,0.17839985676725076
EleutherAI/pythia-12b,1,step0,4,4,11846072320,36,0.11708355264866849,0.1794499227491853
EleutherAI/pythia-12b,1,step0,4,5,11846072320,36,0.1359925378986575,0.16462658521336115
EleutherAI/pythia-12b,1,step0,4,6,11846072320,36,0.13208962862265178,0.18247578114371843
EleutherAI/pythia-12b,1,step0,4,7,11846072320,36,0.14658413081801863,0.14711966410603694
EleutherAI/pythia-12b,1,step0,4,8,11846072320,36,0.14022193211983808,0.1861690256504101
EleutherAI/pythia-12b,1,step0,4,9,11846072320,36,0.1120416745739253,0.15656621017222017
EleutherAI/pythia-12b,1,step0,4,10,11846072320,36,0.13620961586701436,0.15549301569749996
EleutherAI/pythia-12b,1,step0,4,11,11846072320,36,0.129213956483939,0.16421284839544475
EleutherAI/pythia-12b,1,step0,4,12,11846072320,36,0.1272914736383446,0.19587877577634988
EleutherAI/pythia-12b,1,step0,4,13,11846072320,36,0.12226366557673107,0.18498568656901873
EleutherAI/pythia-12b,1,step0,4,14,11846072320,36,0.11954933296128342,0.2130508280552185
EleutherAI/pythia-12b,1,step0,4,15,11846072320,36,0.1319591874262323,0.16883123285967752
EleutherAI/pythia-12b,1,step0,4,16,11846072320,36,0.13573480863963158,0.16154054623074804
EleutherAI/pythia-12b,1,step0,4,17,11846072320,36,0.1261338853129037,0.17239647197282615
EleutherAI/pythia-12b,1,step0,4,18,11846072320,36,0.12254799451600677,0.1604472479416622
EleutherAI/pythia-12b,1,step0,4,19,11846072320,36,0.13766573824256922,0.14943488900669966
EleutherAI/pythia-12b,1,step0,4,20,11846072320,36,0.13211769995478176,0.15330422820394726
EleutherAI/pythia-12b,1,step0,4,21,11846072320,36,0.11506299695207009,0.16887922072083916
EleutherAI/pythia-12b,1,step0,4,22,11846072320,36,0.11554079604623192,0.19026792792228603
EleutherAI/pythia-12b,1,step0,4,23,11846072320,36,0.11732850920453708,0.18268635419865803
EleutherAI/pythia-12b,1,step0,4,24,11846072320,36,0.16065122647485033,0.16625491837906584
EleutherAI/pythia-12b,1,step0,4,25,11846072320,36,0.11566634265868152,0.17518352390219405
EleutherAI/pythia-12b,1,step0,4,26,11846072320,36,0.13284236513212452,0.15481097985047831
EleutherAI/pythia-12b,1,step0,4,27,11846072320,36,0.13604025197055958,0.16193714576798512
EleutherAI/pythia-12b,1,step0,4,28,11846072320,36,0.12492029005857376,0.1674951801003815
EleutherAI/pythia-12b,1,step0,4,29,11846072320,36,0.12826087587029186,0.18157691762757458
EleutherAI/pythia-12b,1,step0,4,30,11846072320,36,0.12065249004935444,0.1916249015175544
EleutherAI/pythia-12b,1,step0,4,31,11846072320,36,0.12999792953019024,0.15846482533318274
EleutherAI/pythia-12b,1,step0,4,32,11846072320,36,0.12909808292336108,0.16508835688367615
EleutherAI/pythia-12b,1,step0,4,33,11846072320,36,0.12935410487233426,0.1834398048143979
EleutherAI/pythia-12b,1,step0,4,34,11846072320,36,0.12120568751729462,0.18092943084714286
EleutherAI/pythia-12b,1,step0,4,35,11846072320,36,0.1274855387825015,0.15534995683376582
EleutherAI/pythia-12b,1,step0,4,36,11846072320,36,0.1300751267577166,0.1473049173780434
EleutherAI/pythia-12b,1,step0,4,37,11846072320,36,0.11670612234499178,0.20710746650290376
EleutherAI/pythia-12b,1,step0,4,38,11846072320,36,0.13337059536048237,0.1833548619560114
EleutherAI/pythia-12b,1,step0,4,39,11846072320,36,0.13628605819746356,0.1557807260872544
EleutherAI/pythia-12b,1,step0,4,40,11846072320,36,0.12380134255007218,0.14273331540863252
EleutherAI/pythia-12b,1,step0,5,1,11846072320,36,0.11778103087276395,0.17938656676784379
EleutherAI/pythia-12b,1,step0,5,2,11846072320,36,0.13887773146545201,0.14761223807628893
EleutherAI/pythia-12b,1,step0,5,3,11846072320,36,0.12273861797576817,0.1766730866817248
EleutherAI/pythia-12b,1,step0,5,4,11846072320,36,0.12174780088457256,0.15795466248729115
EleutherAI/pythia-12b,1,step0,5,5,11846072320,36,0.13682834145140357,0.1747940378375463
EleutherAI/pythia-12b,1,step0,5,6,11846072320,36,0.11273870680358133,0.17145523417450192
EleutherAI/pythia-12b,1,step0,5,7,11846072320,36,0.13831729575566518,0.15688937880076442
EleutherAI/pythia-12b,1,step0,5,8,11846072320,36,0.1341097168120983,0.18147517378825143
EleutherAI/pythia-12b,1,step0,5,9,11846072320,36,0.1277639027349315,0.1782360561919194
EleutherAI/pythia-12b,1,step0,5,10,11846072320,36,0.11057081110999208,0.20183627984791364
EleutherAI/pythia-12b,1,step0,5,11,11846072320,36,0.11701453913998851,0.1923275588348776
EleutherAI/pythia-12b,1,step0,5,12,11846072320,36,0.12934245554556892,0.1532855964413992
EleutherAI/pythia-12b,1,step0,5,13,11846072320,36,0.1413967651468855,0.1514254458270989
EleutherAI/pythia-12b,1,step0,5,14,11846072320,36,0.13147643559217986,0.15486852888454183
EleutherAI/pythia-12b,1,step0,5,15,11846072320,36,0.12816415986118906,0.19344671026107155
EleutherAI/pythia-12b,1,step0,5,16,11846072320,36,0.11950809117294732,0.17161771526990885
EleutherAI/pythia-12b,1,step0,5,17,11846072320,36,0.12586551829165699,0.21889336247209668
EleutherAI/pythia-12b,1,step0,5,18,11846072320,36,0.12466105789662119,0.17084063715147627
EleutherAI/pythia-12b,1,step0,5,19,11846072320,36,0.13976111919157672,0.13818565390265736
EleutherAI/pythia-12b,1,step0,5,20,11846072320,36,0.11235385177539539,0.20398960913903447
EleutherAI/pythia-12b,1,step0,5,21,11846072320,36,0.11403815254748043,0.16471635809800284
EleutherAI/pythia-12b,1,step0,5,22,11846072320,36,0.11782182840345137,0.1493534889637126
EleutherAI/pythia-12b,1,step0,5,23,11846072320,36,0.12186254844259657,0.16312258221578219
EleutherAI/pythia-12b,1,step0,5,24,11846072320,36,0.12690891087189446,0.1718815367070359
EleutherAI/pythia-12b,1,step0,5,25,11846072320,36,0.12902392231084558,0.16482470494446091
EleutherAI/pythia-12b,1,step0,5,26,11846072320,36,0.12238428694148497,0.16193308377241314
EleutherAI/pythia-12b,1,step0,5,27,11846072320,36,0.12301095673540328,0.1500847627529063
EleutherAI/pythia-12b,1,step0,5,28,11846072320,36,0.10118356479091326,0.17820742849383622
EleutherAI/pythia-12b,1,step0,5,29,11846072320,36,0.12909287242246814,0.18580337474262476
EleutherAI/pythia-12b,1,step0,5,30,11846072320,36,0.12695346092497617,0.1663545961337941
EleutherAI/pythia-12b,1,step0,5,31,11846072320,36,0.13678411624251718,0.15622727548865759
EleutherAI/pythia-12b,1,step0,5,32,11846072320,36,0.12224326697220132,0.1475293154719176
EleutherAI/pythia-12b,1,step0,5,33,11846072320,36,0.12459723504858686,0.1659379951269911
EleutherAI/pythia-12b,1,step0,5,34,11846072320,36,0.12722904615484554,0.18004606837300474
EleutherAI/pythia-12b,1,step0,5,35,11846072320,36,0.12646190039589772,0.1516316763821754
EleutherAI/pythia-12b,1,step0,5,36,11846072320,36,0.11658467686323964,0.16418103217049398
EleutherAI/pythia-12b,1,step0,5,37,11846072320,36,0.11981599464978986,0.2018257276834668
EleutherAI/pythia-12b,1,step0,5,38,11846072320,36,0.12653362752685135,0.17392651033070347
EleutherAI/pythia-12b,1,step0,5,39,11846072320,36,0.13337239626425876,0.15445426366272358
EleutherAI/pythia-12b,1,step0,5,40,11846072320,36,0.12477087906866635,0.20107048034511346
EleutherAI/pythia-12b,1,step0,6,1,11846072320,36,0.11576956039848356,0.16668599744414062
EleutherAI/pythia-12b,1,step0,6,2,11846072320,36,0.13111953327695167,0.18501903370369568
EleutherAI/pythia-12b,1,step0,6,3,11846072320,36,0.1259647303739109,0.16457018628996142
EleutherAI/pythia-12b,1,step0,6,4,11846072320,36,0.11361232055099425,0.1826269168423505
EleutherAI/pythia-12b,1,step0,6,5,11846072320,36,0.12308540710390684,0.18491366404659662
EleutherAI/pythia-12b,1,step0,6,6,11846072320,36,0.12242615482470648,0.15910387159445438
EleutherAI/pythia-12b,1,step0,6,7,11846072320,36,0.11646273223733576,0.17458979175468012
EleutherAI/pythia-12b,1,step0,6,8,11846072320,36,0.1307285192951157,0.1649101481356241
EleutherAI/pythia-12b,1,step0,6,9,11846072320,36,0.09829388289256492,0.18696382189275798
EleutherAI/pythia-12b,1,step0,6,10,11846072320,36,0.1182082798611652,0.1758967887487139
EleutherAI/pythia-12b,1,step0,6,11,11846072320,36,0.11671847487343946,0.17318709667593057
EleutherAI/pythia-12b,1,step0,6,12,11846072320,36,0.1223542045902561,0.1806558139801204
EleutherAI/pythia-12b,1,step0,6,13,11846072320,36,0.13021277361087966,0.17625894108311724
EleutherAI/pythia-12b,1,step0,6,14,11846072320,36,0.13947256526968496,0.1584046616277716
EleutherAI/pythia-12b,1,step0,6,15,11846072320,36,0.13660499762866765,0.17113750171218364
EleutherAI/pythia-12b,1,step0,6,16,11846072320,36,0.13323849522964548,0.14604697732238078
EleutherAI/pythia-12b,1,step0,6,17,11846072320,36,0.1320381123018828,0.14863958087534423
EleutherAI/pythia-12b,1,step0,6,18,11846072320,36,0.12784967390825974,0.16564215015754233
EleutherAI/pythia-12b,1,step0,6,19,11846072320,36,0.13694423535005282,0.1541205315288525
EleutherAI/pythia-12b,1,step0,6,20,11846072320,36,0.12463516745347156,0.17996557194504648
EleutherAI/pythia-12b,1,step0,6,21,11846072320,36,0.11825171954560651,0.14773334848887476
EleutherAI/pythia-12b,1,step0,6,22,11846072320,36,0.13543356414157165,0.15118238588028748
EleutherAI/pythia-12b,1,step0,6,23,11846072320,36,0.11170074126372731,0.1632864720470554
EleutherAI/pythia-12b,1,step0,6,24,11846072320,36,0.12667014285385067,0.1473462493760181
EleutherAI/pythia-12b,1,step0,6,25,11846072320,36,0.13629579834930886,0.15731044964132093
EleutherAI/pythia-12b,1,step0,6,26,11846072320,36,0.13187984885877224,0.1602243422852219
EleutherAI/pythia-12b,1,step0,6,27,11846072320,36,0.14364407904580365,0.17170086060301046
EleutherAI/pythia-12b,1,step0,6,28,11846072320,36,0.1306542700195724,0.1889651751833724
EleutherAI/pythia-12b,1,step0,6,29,11846072320,36,0.1413623742736853,0.17198912773348454
EleutherAI/pythia-12b,1,step0,6,30,11846072320,36,0.11804495649496173,0.1684076580031587
EleutherAI/pythia-12b,1,step0,6,31,11846072320,36,0.12077623342552607,0.1987617530387353
EleutherAI/pythia-12b,1,step0,6,32,11846072320,36,0.14465440165911525,0.1749401508631917
EleutherAI/pythia-12b,1,step0,6,33,11846072320,36,0.09910641076160707,0.16947731047633796
EleutherAI/pythia-12b,1,step0,6,34,11846072320,36,0.12838397999559792,0.1667557285802142
EleutherAI/pythia-12b,1,step0,6,35,11846072320,36,0.1260501304781204,0.15410736599215513
EleutherAI/pythia-12b,1,step0,6,36,11846072320,36,0.13439372133508365,0.17879091385282103
EleutherAI/pythia-12b,1,step0,6,37,11846072320,36,0.12824387245115124,0.14636050711187332
EleutherAI/pythia-12b,1,step0,6,38,11846072320,36,0.12851023060680775,0.16581036741691482
EleutherAI/pythia-12b,1,step0,6,39,11846072320,36,0.1368475796000377,0.14921474640814208
EleutherAI/pythia-12b,1,step0,6,40,11846072320,36,0.12666289588889557,0.17034748413071435
EleutherAI/pythia-12b,1,step0,7,1,11846072320,36,0.1350681011483923,0.14204655827635576
EleutherAI/pythia-12b,1,step0,7,2,11846072320,36,0.11815765700316998,0.2059861400301705
EleutherAI/pythia-12b,1,step0,7,3,11846072320,36,0.13999202005095307,0.15505303621191427
EleutherAI/pythia-12b,1,step0,7,4,11846072320,36,0.12434604197360191,0.19261486928171667
EleutherAI/pythia-12b,1,step0,7,5,11846072320,36,0.12246888288640757,0.16113656631170267
EleutherAI/pythia-12b,1,step0,7,6,11846072320,36,0.1007229909440642,0.21471288695640567
EleutherAI/pythia-12b,1,step0,7,7,11846072320,36,0.1344368982467207,0.13760803137869534
EleutherAI/pythia-12b,1,step0,7,8,11846072320,36,0.12221812246249866,0.16065665833965254
EleutherAI/pythia-12b,1,step0,7,9,11846072320,36,0.12017518029109131,0.14885669412208835
EleutherAI/pythia-12b,1,step0,7,10,11846072320,36,0.135182683168723,0.16145698595847985
EleutherAI/pythia-12b,1,step0,7,11,11846072320,36,0.12645450050945392,0.15979124254382046
EleutherAI/pythia-12b,1,step0,7,12,11846072320,36,0.11329095708290195,0.15715544452672603
EleutherAI/pythia-12b,1,step0,7,13,11846072320,36,0.1508357892646356,0.14526650412203937
EleutherAI/pythia-12b,1,step0,7,14,11846072320,36,0.1352703618305223,0.15351432358549608
EleutherAI/pythia-12b,1,step0,7,15,11846072320,36,0.11357270708089472,0.19308046481429453
EleutherAI/pythia-12b,1,step0,7,16,11846072320,36,0.12575992713081044,0.1862495314083747
EleutherAI/pythia-12b,1,step0,7,17,11846072320,36,0.11186121663151377,0.1827172196691145
EleutherAI/pythia-12b,1,step0,7,18,11846072320,36,0.1280443041946168,0.15692496345610585
EleutherAI/pythia-12b,1,step0,7,19,11846072320,36,0.12299535981751415,0.19488381772573374
EleutherAI/pythia-12b,1,step0,7,20,11846072320,36,0.12113613669422113,0.16771545645420075
EleutherAI/pythia-12b,1,step0,7,21,11846072320,36,0.11786390581747161,0.18735363132490943
EleutherAI/pythia-12b,1,step0,7,22,11846072320,36,0.12386975945295152,0.1769837374538854
EleutherAI/pythia-12b,1,step0,7,23,11846072320,36,0.10464292594620411,0.15599323814740407
EleutherAI/pythia-12b,1,step0,7,24,11846072320,36,0.1216773930965019,0.17317476366610227
EleutherAI/pythia-12b,1,step0,7,25,11846072320,36,0.13773154813583724,0.17225726959281581
EleutherAI/pythia-12b,1,step0,7,26,11846072320,36,0.12452592212404749,0.20869557061386443
EleutherAI/pythia-12b,1,step0,7,27,11846072320,36,0.14682330591072723,0.17084636719332438
EleutherAI/pythia-12b,1,step0,7,28,11846072320,36,0.12304469655539176,0.1629172425644399
EleutherAI/pythia-12b,1,step0,7,29,11846072320,36,0.13553363065215734,0.1721178687627877
EleutherAI/pythia-12b,1,step0,7,30,11846072320,36,0.12237443226772739,0.1656965667007116
EleutherAI/pythia-12b,1,step0,7,31,11846072320,36,0.1239659950730052,0.18019294948247186
EleutherAI/pythia-12b,1,step0,7,32,11846072320,36,0.11612506813506729,0.19626977982128163
EleutherAI/pythia-12b,1,step0,7,33,11846072320,36,0.12260327687033926,0.2185432832637751
EleutherAI/pythia-12b,1,step0,7,34,11846072320,36,0.13013613167534893,0.17760509065444668
EleutherAI/pythia-12b,1,step0,7,35,11846072320,36,0.11266616155189253,0.1799800423261997
EleutherAI/pythia-12b,1,step0,7,36,11846072320,36,0.12028389711593002,0.18470954576468052
EleutherAI/pythia-12b,1,step0,7,37,11846072320,36,0.12604191606758053,0.18791358221836899
EleutherAI/pythia-12b,1,step0,7,38,11846072320,36,0.13637604737268372,0.1726563920940946
EleutherAI/pythia-12b,1,step0,7,39,11846072320,36,0.12552760161638435,0.164802598333484
EleutherAI/pythia-12b,1,step0,7,40,11846072320,36,0.11967305206433605,0.1814804644835693
EleutherAI/pythia-12b,1,step0,8,1,11846072320,36,0.1283966860378737,0.1518972172617196
EleutherAI/pythia-12b,1,step0,8,2,11846072320,36,0.12599281741267027,0.15630405709460687
EleutherAI/pythia-12b,1,step0,8,3,11846072320,36,0.11547180664566181,0.19630722529828187
EleutherAI/pythia-12b,1,step0,8,4,11846072320,36,0.12297605422210761,0.17420171288208466
EleutherAI/pythia-12b,1,step0,8,5,11846072320,36,0.12055213056929831,0.19635154653687373
EleutherAI/pythia-12b,1,step0,8,6,11846072320,36,0.12982689494172012,0.16240332847008024
EleutherAI/pythia-12b,1,step0,8,7,11846072320,36,0.12856810485703626,0.17448845334832103
EleutherAI/pythia-12b,1,step0,8,8,11846072320,36,0.12803952875281413,0.19060935563611997
EleutherAI/pythia-12b,1,step0,8,9,11846072320,36,0.10335123799629393,0.16989403378005855
EleutherAI/pythia-12b,1,step0,8,10,11846072320,36,0.11449441669771707,0.17042307480442537
EleutherAI/pythia-12b,1,step0,8,11,11846072320,36,0.13295214650061749,0.15280244999506448
EleutherAI/pythia-12b,1,step0,8,12,11846072320,36,0.11423567823461579,0.15099983315568066
EleutherAI/pythia-12b,1,step0,8,13,11846072320,36,0.11113139378415926,0.16726605679739162
EleutherAI/pythia-12b,1,step0,8,14,11846072320,36,0.1317448435636522,0.14238697096325073
EleutherAI/pythia-12b,1,step0,8,15,11846072320,36,0.11293227700712351,0.17897149057382036
EleutherAI/pythia-12b,1,step0,8,16,11846072320,36,0.12277796271595506,0.18241384093490265
EleutherAI/pythia-12b,1,step0,8,17,11846072320,36,0.11774881190253983,0.19275262333765936
EleutherAI/pythia-12b,1,step0,8,18,11846072320,36,0.11807290060227514,0.2083821869189585
EleutherAI/pythia-12b,1,step0,8,19,11846072320,36,0.12525899746866373,0.18247196733862067
EleutherAI/pythia-12b,1,step0,8,20,11846072320,36,0.1323279865455251,0.15625868102832058
EleutherAI/pythia-12b,1,step0,8,21,11846072320,36,0.12097869019720464,0.188466699352046
EleutherAI/pythia-12b,1,step0,8,22,11846072320,36,0.12137578194541433,0.16243971489067816
EleutherAI/pythia-12b,1,step0,8,23,11846072320,36,0.13316730923346567,0.15700475514136453
EleutherAI/pythia-12b,1,step0,8,24,11846072320,36,0.1240129635498688,0.17322194490962106
EleutherAI/pythia-12b,1,step0,8,25,11846072320,36,0.12179783552426382,0.17913178042382802
EleutherAI/pythia-12b,1,step0,8,26,11846072320,36,0.13899576677395412,0.20653570481427794
EleutherAI/pythia-12b,1,step0,8,27,11846072320,36,0.12639433158388183,0.181120036354473
EleutherAI/pythia-12b,1,step0,8,28,11846072320,36,0.13302914042853642,0.15090521369073479
EleutherAI/pythia-12b,1,step0,8,29,11846072320,36,0.12687801335890725,0.1840914033867933
EleutherAI/pythia-12b,1,step0,8,30,11846072320,36,0.11601348469095361,0.17204161133482915
EleutherAI/pythia-12b,1,step0,8,31,11846072320,36,0.11806514691953003,0.1799686470603173
EleutherAI/pythia-12b,1,step0,8,32,11846072320,36,0.11150948115129455,0.17159736058017508
EleutherAI/pythia-12b,1,step0,8,33,11846072320,36,0.1175820960218573,0.17194870002176216
EleutherAI/pythia-12b,1,step0,8,34,11846072320,36,0.1493111089565553,0.17607553347150928
EleutherAI/pythia-12b,1,step0,8,35,11846072320,36,0.12361443368857862,0.15221234526227898
EleutherAI/pythia-12b,1,step0,8,36,11846072320,36,0.12451077436094166,0.16619767156896645
EleutherAI/pythia-12b,1,step0,8,37,11846072320,36,0.10192176777388415,0.16477214704427093
EleutherAI/pythia-12b,1,step0,8,38,11846072320,36,0.12666715220646094,0.16959307776266208
EleutherAI/pythia-12b,1,step0,8,39,11846072320,36,0.1366436697162307,0.14076916352697497
EleutherAI/pythia-12b,1,step0,8,40,11846072320,36,0.1173341303487663,0.15585107003637885
EleutherAI/pythia-12b,1,step0,9,1,11846072320,36,0.13557055974015597,0.17812229915838068
EleutherAI/pythia-12b,1,step0,9,2,11846072320,36,0.12233530723856192,0.14511509872301737
EleutherAI/pythia-12b,1,step0,9,3,11846072320,36,0.14221721944642493,0.15197901096608898
EleutherAI/pythia-12b,1,step0,9,4,11846072320,36,0.14176804992977202,0.15325972875272542
EleutherAI/pythia-12b,1,step0,9,5,11846072320,36,0.11766299197601301,0.16322729924509113
EleutherAI/pythia-12b,1,step0,9,6,11846072320,36,0.11662314259712846,0.19896830209214852
EleutherAI/pythia-12b,1,step0,9,7,11846072320,36,0.12391148203866434,0.1599047338595619
EleutherAI/pythia-12b,1,step0,9,8,11846072320,36,0.11849447864725868,0.16562807535635185
EleutherAI/pythia-12b,1,step0,9,9,11846072320,36,0.13748047669773342,0.1634121646170501
EleutherAI/pythia-12b,1,step0,9,10,11846072320,36,0.12884496113805616,0.19184128202598638
EleutherAI/pythia-12b,1,step0,9,11,11846072320,36,0.1140880357227973,0.15567155037768873
EleutherAI/pythia-12b,1,step0,9,12,11846072320,36,0.13435577864649592,0.16009550219172378
EleutherAI/pythia-12b,1,step0,9,13,11846072320,36,0.14303055939798773,0.16475501283164223
EleutherAI/pythia-12b,1,step0,9,14,11846072320,36,0.14278405755422668,0.142188783530873
EleutherAI/pythia-12b,1,step0,9,15,11846072320,36,0.11784385065282425,0.16634445601665934
EleutherAI/pythia-12b,1,step0,9,16,11846072320,36,0.1405437516702993,0.16962313277551805
EleutherAI/pythia-12b,1,step0,9,17,11846072320,36,0.12191295551622769,0.1693944231111992
EleutherAI/pythia-12b,1,step0,9,18,11846072320,36,0.13814613771801054,0.1509768855660124
EleutherAI/pythia-12b,1,step0,9,19,11846072320,36,0.1316047644203489,0.22150469293912964
EleutherAI/pythia-12b,1,step0,9,20,11846072320,36,0.12078657912442808,0.1615219409815273
EleutherAI/pythia-12b,1,step0,9,21,11846072320,36,0.12894616033825962,0.1545960903671142
EleutherAI/pythia-12b,1,step0,9,22,11846072320,36,0.12441394217983555,0.1723158272072762
EleutherAI/pythia-12b,1,step0,9,23,11846072320,36,0.11201418380815162,0.1581861689804239
EleutherAI/pythia-12b,1,step0,9,24,11846072320,36,0.12204391040556778,0.16910143296147606
EleutherAI/pythia-12b,1,step0,9,25,11846072320,36,0.12898034617506166,0.15294821762309235
EleutherAI/pythia-12b,1,step0,9,26,11846072320,36,0.11106110388810207,0.1978630315478857
EleutherAI/pythia-12b,1,step0,9,27,11846072320,36,0.16535140066085988,0.13710985931235029
EleutherAI/pythia-12b,1,step0,9,28,11846072320,36,0.13693276949942823,0.13790099621769988
EleutherAI/pythia-12b,1,step0,9,29,11846072320,36,0.12821665285966236,0.18509398204730343
EleutherAI/pythia-12b,1,step0,9,30,11846072320,36,0.1098572196321444,0.17650923064096014
EleutherAI/pythia-12b,1,step0,9,31,11846072320,36,0.11992835871841721,0.14691479167937332
EleutherAI/pythia-12b,1,step0,9,32,11846072320,36,0.11825204651813961,0.15685317444394117
EleutherAI/pythia-12b,1,step0,9,33,11846072320,36,0.11764328677609961,0.2266002862935175
EleutherAI/pythia-12b,1,step0,9,34,11846072320,36,0.12555836846453466,0.18654784458960674
EleutherAI/pythia-12b,1,step0,9,35,11846072320,36,0.10949105569986516,0.16963371586378984
EleutherAI/pythia-12b,1,step0,9,36,11846072320,36,0.14206630336652107,0.1441402306679535
EleutherAI/pythia-12b,1,step0,9,37,11846072320,36,0.12617073454208913,0.15833824589658335
EleutherAI/pythia-12b,1,step0,9,38,11846072320,36,0.12478916763185377,0.1627707562881994
EleutherAI/pythia-12b,1,step0,9,39,11846072320,36,0.1173834187949115,0.18777228743061644
EleutherAI/pythia-12b,1,step0,9,40,11846072320,36,0.12254049910327511,0.17307162351414065
EleutherAI/pythia-12b,1,step0,10,1,11846072320,36,0.12173719623044979,0.18881157775865387
EleutherAI/pythia-12b,1,step0,10,2,11846072320,36,0.1296209727886605,0.17328410769334512
EleutherAI/pythia-12b,1,step0,10,3,11846072320,36,0.13851338948260195,0.16440424413137783
EleutherAI/pythia-12b,1,step0,10,4,11846072320,36,0.1253153515627255,0.1738978359462307
EleutherAI/pythia-12b,1,step0,10,5,11846072320,36,0.11866964415476483,0.18137676662880106
EleutherAI/pythia-12b,1,step0,10,6,11846072320,36,0.12641665917840803,0.1719653497620656
EleutherAI/pythia-12b,1,step0,10,7,11846072320,36,0.1311756267461243,0.1634987768501759
EleutherAI/pythia-12b,1,step0,10,8,11846072320,36,0.1281443442422169,0.1721938393042386
EleutherAI/pythia-12b,1,step0,10,9,11846072320,36,0.10640423801970907,0.18872410806270687
EleutherAI/pythia-12b,1,step0,10,10,11846072320,36,0.11918972910580419,0.18196150287985796
EleutherAI/pythia-12b,1,step0,10,11,11846072320,36,0.14751201760102137,0.17086398306473324
EleutherAI/pythia-12b,1,step0,10,12,11846072320,36,0.1401663455194807,0.15993834981364796
EleutherAI/pythia-12b,1,step0,10,13,11846072320,36,0.11339985398581252,0.1588962807686434
EleutherAI/pythia-12b,1,step0,10,14,11846072320,36,0.14239036210731518,0.17896637813867744
EleutherAI/pythia-12b,1,step0,10,15,11846072320,36,0.12947211115042095,0.162707015321039
EleutherAI/pythia-12b,1,step0,10,16,11846072320,36,0.10850005505142266,0.18850585045265
EleutherAI/pythia-12b,1,step0,10,17,11846072320,36,0.13035276550631797,0.15978995617199404
EleutherAI/pythia-12b,1,step0,10,18,11846072320,36,0.11234861885563832,0.1735762760278072
EleutherAI/pythia-12b,1,step0,10,19,11846072320,36,0.1123492164990386,0.16030917969160338
EleutherAI/pythia-12b,1,step0,10,20,11846072320,36,0.12970977896886005,0.1709944752937143
EleutherAI/pythia-12b,1,step0,10,21,11846072320,36,0.1305360804639152,0.1816832251097257
EleutherAI/pythia-12b,1,step0,10,22,11846072320,36,0.12833384934577852,0.15125078330090538
EleutherAI/pythia-12b,1,step0,10,23,11846072320,36,0.10567733936862003,0.18640837475221164
EleutherAI/pythia-12b,1,step0,10,24,11846072320,36,0.1748170245875109,0.147233135368977
EleutherAI/pythia-12b,1,step0,10,25,11846072320,36,0.13194145300277357,0.18277547012611817
EleutherAI/pythia-12b,1,step0,10,26,11846072320,36,0.11490290490882439,0.15949342442346404
EleutherAI/pythia-12b,1,step0,10,27,11846072320,36,0.14320140404140086,0.14523336296067665
EleutherAI/pythia-12b,1,step0,10,28,11846072320,36,0.10678392914389521,0.15453468526324796
EleutherAI/pythia-12b,1,step0,10,29,11846072320,36,0.12900485843979378,0.14891707617509825
EleutherAI/pythia-12b,1,step0,10,30,11846072320,36,0.13408220804355162,0.15990747960547244
EleutherAI/pythia-12b,1,step0,10,31,11846072320,36,0.11834786005609024,0.17034704549735905
EleutherAI/pythia-12b,1,step0,10,32,11846072320,36,0.1355930662660806,0.14668248976684276
EleutherAI/pythia-12b,1,step0,10,33,11846072320,36,0.13422930170711986,0.17675117158551917
EleutherAI/pythia-12b,1,step0,10,34,11846072320,36,0.12210227640250598,0.232773101460692
EleutherAI/pythia-12b,1,step0,10,35,11846072320,36,0.10970297316508783,0.17347299216689913
EleutherAI/pythia-12b,1,step0,10,36,11846072320,36,0.12160284585646676,0.16712940223906578
EleutherAI/pythia-12b,1,step0,10,37,11846072320,36,0.13601436993448401,0.1672777941439289
EleutherAI/pythia-12b,1,step0,10,38,11846072320,36,0.1162237665383844,0.17537312470264615
EleutherAI/pythia-12b,1,step0,10,39,11846072320,36,0.13586970439387688,0.15907004792187301
EleutherAI/pythia-12b,1,step0,10,40,11846072320,36,0.11298797504735866,0.1876972257537213
EleutherAI/pythia-12b,1,step0,11,1,11846072320,36,0.1207671796472312,0.209726438191985
EleutherAI/pythia-12b,1,step0,11,2,11846072320,36,0.11725005494044703,0.17231697430302784
EleutherAI/pythia-12b,1,step0,11,3,11846072320,36,0.13262649197075455,0.17748657606161747
EleutherAI/pythia-12b,1,step0,11,4,11846072320,36,0.11213591841382303,0.1801978434847147
EleutherAI/pythia-12b,1,step0,11,5,11846072320,36,0.12820726223345896,0.14802832075872932
EleutherAI/pythia-12b,1,step0,11,6,11846072320,36,0.13862307426203654,0.15434846783185502
EleutherAI/pythia-12b,1,step0,11,7,11846072320,36,0.10993192418738525,0.18409696971164177
EleutherAI/pythia-12b,1,step0,11,8,11846072320,36,0.1263452241471311,0.18674180559344117
EleutherAI/pythia-12b,1,step0,11,9,11846072320,36,0.10703376788567669,0.19168484505467315
EleutherAI/pythia-12b,1,step0,11,10,11846072320,36,0.12831091436672135,0.16568297096010706
EleutherAI/pythia-12b,1,step0,11,11,11846072320,36,0.13372033851797333,0.16032805989074095
EleutherAI/pythia-12b,1,step0,11,12,11846072320,36,0.10775168431089353,0.15737200956567893
EleutherAI/pythia-12b,1,step0,11,13,11846072320,36,0.12581746187900097,0.19913001580292483
EleutherAI/pythia-12b,1,step0,11,14,11846072320,36,0.10098225737477204,0.19711241711143612
EleutherAI/pythia-12b,1,step0,11,15,11846072320,36,0.1342917318950902,0.16222121195962744
EleutherAI/pythia-12b,1,step0,11,16,11846072320,36,0.14766342281825368,0.16781376630023073
EleutherAI/pythia-12b,1,step0,11,17,11846072320,36,0.13660534364437016,0.14673906093178027
EleutherAI/pythia-12b,1,step0,11,18,11846072320,36,0.1442391083159067,0.16164398318934095
EleutherAI/pythia-12b,1,step0,11,19,11846072320,36,0.1196453600741542,0.19183592984380124
EleutherAI/pythia-12b,1,step0,11,20,11846072320,36,0.1387760613236699,0.16278185686460125
EleutherAI/pythia-12b,1,step0,11,21,11846072320,36,0.14816051529714827,0.13995697238278368
EleutherAI/pythia-12b,1,step0,11,22,11846072320,36,0.12725494213558886,0.1697590929167988
EleutherAI/pythia-12b,1,step0,11,23,11846072320,36,0.10815952163659502,0.18528417226866822
EleutherAI/pythia-12b,1,step0,11,24,11846072320,36,0.13224053262053306,0.14639672904915813
EleutherAI/pythia-12b,1,step0,11,25,11846072320,36,0.12024332081770392,0.1805720693647145
EleutherAI/pythia-12b,1,step0,11,26,11846072320,36,0.10916573947502503,0.19265624992101932
EleutherAI/pythia-12b,1,step0,11,27,11846072320,36,0.1185870984871242,0.16295021815454813
EleutherAI/pythia-12b,1,step0,11,28,11846072320,36,0.11773070247211788,0.18691714252862662
EleutherAI/pythia-12b,1,step0,11,29,11846072320,36,0.12757265971072976,0.21820122707780593
EleutherAI/pythia-12b,1,step0,11,30,11846072320,36,0.12995554447487306,0.13183369842433443
EleutherAI/pythia-12b,1,step0,11,31,11846072320,36,0.12590843267940183,0.18683421032296282
EleutherAI/pythia-12b,1,step0,11,32,11846072320,36,0.12454495078942793,0.17995218257769358
EleutherAI/pythia-12b,1,step0,11,33,11846072320,36,0.12986608935861255,0.15671956246053131
EleutherAI/pythia-12b,1,step0,11,34,11846072320,36,0.13381219733025393,0.1983560213970171
EleutherAI/pythia-12b,1,step0,11,35,11846072320,36,0.12731910182593817,0.16736670557476643
EleutherAI/pythia-12b,1,step0,11,36,11846072320,36,0.11839168616668415,0.19943394843914036
EleutherAI/pythia-12b,1,step0,11,37,11846072320,36,0.1220046218076312,0.1750156081424237
EleutherAI/pythia-12b,1,step0,11,38,11846072320,36,0.1319057883711548,0.16975031911700333
EleutherAI/pythia-12b,1,step0,11,39,11846072320,36,0.12266097375535746,0.1726623543121435
EleutherAI/pythia-12b,1,step0,11,40,11846072320,36,0.13651483870662365,0.157635324866743
EleutherAI/pythia-12b,1,step0,12,1,11846072320,36,0.1385489771528555,0.16299545001406385
EleutherAI/pythia-12b,1,step0,12,2,11846072320,36,0.10222972340758762,0.17734807898086288
EleutherAI/pythia-12b,1,step0,12,3,11846072320,36,0.12798581918416255,0.19731178593628843
EleutherAI/pythia-12b,1,step0,12,4,11846072320,36,0.13259399198443142,0.15245221811975979
EleutherAI/pythia-12b,1,step0,12,5,11846072320,36,0.1292097674397466,0.17008921827886014
EleutherAI/pythia-12b,1,step0,12,6,11846072320,36,0.12603118789155737,0.19082677659967368
EleutherAI/pythia-12b,1,step0,12,7,11846072320,36,0.13787950129547452,0.15545140697645976
EleutherAI/pythia-12b,1,step0,12,8,11846072320,36,0.12478399650381129,0.1764450654633589
EleutherAI/pythia-12b,1,step0,12,9,11846072320,36,0.11413977597770207,0.1601529161196884
EleutherAI/pythia-12b,1,step0,12,10,11846072320,36,0.12269778425494826,0.16066148840506242
EleutherAI/pythia-12b,1,step0,12,11,11846072320,36,0.12699296404593605,0.1810710153181676
EleutherAI/pythia-12b,1,step0,12,12,11846072320,36,0.12331121273383538,0.21869884958272579
EleutherAI/pythia-12b,1,step0,12,13,11846072320,36,0.14905385050486333,0.15501094689206762
EleutherAI/pythia-12b,1,step0,12,14,11846072320,36,0.12216152972331988,0.1793261290843914
EleutherAI/pythia-12b,1,step0,12,15,11846072320,36,0.13572474152364347,0.16352012316911693
EleutherAI/pythia-12b,1,step0,12,16,11846072320,36,0.10042123850882496,0.1881973966117109
EleutherAI/pythia-12b,1,step0,12,17,11846072320,36,0.12326985998107144,0.18796259276960434
EleutherAI/pythia-12b,1,step0,12,18,11846072320,36,0.11956062063283923,0.19711622108031318
EleutherAI/pythia-12b,1,step0,12,19,11846072320,36,0.13610536917238616,0.1882153838682729
EleutherAI/pythia-12b,1,step0,12,20,11846072320,36,0.14415905298525322,0.14746552446784375
EleutherAI/pythia-12b,1,step0,12,21,11846072320,36,0.1187447974676484,0.1881588945142902
EleutherAI/pythia-12b,1,step0,12,22,11846072320,36,0.14654324829086166,0.1628490396336213
EleutherAI/pythia-12b,1,step0,12,23,11846072320,36,0.16398995126913612,0.12345931665585917
EleutherAI/pythia-12b,1,step0,12,24,11846072320,36,0.14905879556483867,0.160910214171619
EleutherAI/pythia-12b,1,step0,12,25,11846072320,36,0.15529810775955155,0.16813957902907695
EleutherAI/pythia-12b,1,step0,12,26,11846072320,36,0.14082031892808347,0.16393837755316634
EleutherAI/pythia-12b,1,step0,12,27,11846072320,36,0.1076040462990691,0.17192355043033844
EleutherAI/pythia-12b,1,step0,12,28,11846072320,36,0.1258700396306253,0.16115781230231122
EleutherAI/pythia-12b,1,step0,12,29,11846072320,36,0.12978277505339084,0.16917254224520273
EleutherAI/pythia-12b,1,step0,12,30,11846072320,36,0.11974542563943351,0.1715137920015164
EleutherAI/pythia-12b,1,step0,12,31,11846072320,36,0.115642307214327,0.1755571143573021
EleutherAI/pythia-12b,1,step0,12,32,11846072320,36,0.130719296980996,0.14754474767995573
EleutherAI/pythia-12b,1,step0,12,33,11846072320,36,0.09824377592295046,0.18633056602611373
EleutherAI/pythia-12b,1,step0,12,34,11846072320,36,0.12505493030041542,0.1700315961457632
EleutherAI/pythia-12b,1,step0,12,35,11846072320,36,0.12873487793714608,0.1681223033197425
EleutherAI/pythia-12b,1,step0,12,36,11846072320,36,0.15124197049743238,0.1764847155403088
EleutherAI/pythia-12b,1,step0,12,37,11846072320,36,0.12140889023640399,0.16929904625725903
EleutherAI/pythia-12b,1,step0,12,38,11846072320,36,0.12647277046856395,0.1671248672323094
EleutherAI/pythia-12b,1,step0,12,39,11846072320,36,0.12240208048295147,0.14777208560960245
EleutherAI/pythia-12b,1,step0,12,40,11846072320,36,0.11850769835169067,0.1622115769269722
EleutherAI/pythia-12b,1,step0,13,1,11846072320,36,0.1294040574493619,0.163848916818206
EleutherAI/pythia-12b,1,step0,13,2,11846072320,36,0.12709890049812309,0.16903011725415604
EleutherAI/pythia-12b,1,step0,13,3,11846072320,36,0.12951671112854554,0.1704682805729252
EleutherAI/pythia-12b,1,step0,13,4,11846072320,36,0.10022563387726516,0.1972853212334864
EleutherAI/pythia-12b,1,step0,13,5,11846072320,36,0.1305490505990681,0.1639886663628143
EleutherAI/pythia-12b,1,step0,13,6,11846072320,36,0.14091494781812564,0.1616594839292961
EleutherAI/pythia-12b,1,step0,13,7,11846072320,36,0.11110742748980672,0.17808951129549522
EleutherAI/pythia-12b,1,step0,13,8,11846072320,36,0.14709353807183712,0.1459294713546966
EleutherAI/pythia-12b,1,step0,13,9,11846072320,36,0.11325151228846547,0.16267339588498117
EleutherAI/pythia-12b,1,step0,13,10,11846072320,36,0.14047586109052904,0.16501382557401156
EleutherAI/pythia-12b,1,step0,13,11,11846072320,36,0.1117083051692213,0.18826429652436086
EleutherAI/pythia-12b,1,step0,13,12,11846072320,36,0.12784913429492584,0.17952900299629018
EleutherAI/pythia-12b,1,step0,13,13,11846072320,36,0.15268909578790532,0.14888415158678725
EleutherAI/pythia-12b,1,step0,13,14,11846072320,36,0.11496231127138785,0.16644678631512158
EleutherAI/pythia-12b,1,step0,13,15,11846072320,36,0.12682576318112038,0.18223382405903152
EleutherAI/pythia-12b,1,step0,13,16,11846072320,36,0.13852567962921772,0.1519959368421374
EleutherAI/pythia-12b,1,step0,13,17,11846072320,36,0.1253770169027306,0.19077187579113974
EleutherAI/pythia-12b,1,step0,13,18,11846072320,36,0.12919833813724033,0.17935863560675316
EleutherAI/pythia-12b,1,step0,13,19,11846072320,36,0.12075299580578686,0.16304773488431584
EleutherAI/pythia-12b,1,step0,13,20,11846072320,36,0.13160735554433795,0.18532086598935782
EleutherAI/pythia-12b,1,step0,13,21,11846072320,36,0.12818465892270248,0.16817012346453133
EleutherAI/pythia-12b,1,step0,13,22,11846072320,36,0.12577851308515298,0.16311076560334575
EleutherAI/pythia-12b,1,step0,13,23,11846072320,36,0.11552261159539934,0.18518013482236553
EleutherAI/pythia-12b,1,step0,13,24,11846072320,36,0.12985718304531885,0.17194200963251757
EleutherAI/pythia-12b,1,step0,13,25,11846072320,36,0.11402186656275665,0.154607212948459
EleutherAI/pythia-12b,1,step0,13,26,11846072320,36,0.13522226119542619,0.18548970716213942
EleutherAI/pythia-12b,1,step0,13,27,11846072320,36,0.12801551037431655,0.16929591548078138
EleutherAI/pythia-12b,1,step0,13,28,11846072320,36,0.12139358921619771,0.15169955835630133
EleutherAI/pythia-12b,1,step0,13,29,11846072320,36,0.11362879747921993,0.1983829186613987
EleutherAI/pythia-12b,1,step0,13,30,11846072320,36,0.1349051661632798,0.1829774155597518
EleutherAI/pythia-12b,1,step0,13,31,11846072320,36,0.1277667921338532,0.1597187197976955
EleutherAI/pythia-12b,1,step0,13,32,11846072320,36,0.11130327591812374,0.18661925975826227
EleutherAI/pythia-12b,1,step0,13,33,11846072320,36,0.11333112172256625,0.18749763192077562
EleutherAI/pythia-12b,1,step0,13,34,11846072320,36,0.12420675022298236,0.17057850290447826
EleutherAI/pythia-12b,1,step0,13,35,11846072320,36,0.12578655808727748,0.17918993178587234
EleutherAI/pythia-12b,1,step0,13,36,11846072320,36,0.14495835423626158,0.15946552093356128
EleutherAI/pythia-12b,1,step0,13,37,11846072320,36,0.1378881172430855,0.16221554836331004
EleutherAI/pythia-12b,1,step0,13,38,11846072320,36,0.12644181247274794,0.1546156675870846
EleutherAI/pythia-12b,1,step0,13,39,11846072320,36,0.11679544121966702,0.2239066839341197
EleutherAI/pythia-12b,1,step0,13,40,11846072320,36,0.11399835164661518,0.17286378681077968
EleutherAI/pythia-12b,1,step0,14,1,11846072320,36,0.1319062037857713,0.17744496697140433
EleutherAI/pythia-12b,1,step0,14,2,11846072320,36,0.1155783587635995,0.20534209108858312
EleutherAI/pythia-12b,1,step0,14,3,11846072320,36,0.13086109110587707,0.1496361447246493
EleutherAI/pythia-12b,1,step0,14,4,11846072320,36,0.09936984750377877,0.16728812026268275
EleutherAI/pythia-12b,1,step0,14,5,11846072320,36,0.126342890325475,0.1364929123890695
EleutherAI/pythia-12b,1,step0,14,6,11846072320,36,0.11401205516333601,0.1985216657784921
EleutherAI/pythia-12b,1,step0,14,7,11846072320,36,0.11595197331842713,0.2113905804617716
EleutherAI/pythia-12b,1,step0,14,8,11846072320,36,0.12637457362300636,0.15597921982687243
EleutherAI/pythia-12b,1,step0,14,9,11846072320,36,0.13004440913262127,0.16190005280077452
EleutherAI/pythia-12b,1,step0,14,10,11846072320,36,0.13910757962826847,0.19373998261272188
EleutherAI/pythia-12b,1,step0,14,11,11846072320,36,0.13690197706088286,0.1503080412711914
EleutherAI/pythia-12b,1,step0,14,12,11846072320,36,0.11518848993935739,0.15300400108770204
EleutherAI/pythia-12b,1,step0,14,13,11846072320,36,0.1369118929614086,0.14835557313328296
EleutherAI/pythia-12b,1,step0,14,14,11846072320,36,0.13075492679849038,0.14876019446509284
EleutherAI/pythia-12b,1,step0,14,15,11846072320,36,0.14209796970447258,0.14291222362468636
EleutherAI/pythia-12b,1,step0,14,16,11846072320,36,0.11359004071401847,0.15453614698381749
EleutherAI/pythia-12b,1,step0,14,17,11846072320,36,0.12697697609282646,0.1826696990410218
EleutherAI/pythia-12b,1,step0,14,18,11846072320,36,0.13406420292685156,0.19047644992523988
EleutherAI/pythia-12b,1,step0,14,19,11846072320,36,0.12528153529038297,0.17533914971112216
EleutherAI/pythia-12b,1,step0,14,20,11846072320,36,0.12253520513014925,0.17859685423227398
EleutherAI/pythia-12b,1,step0,14,21,11846072320,36,0.10906024623729352,0.15760133403714172
EleutherAI/pythia-12b,1,step0,14,22,11846072320,36,0.12206591180785815,0.17662122494376095
EleutherAI/pythia-12b,1,step0,14,23,11846072320,36,0.1128873040804544,0.15585104170515457
EleutherAI/pythia-12b,1,step0,14,24,11846072320,36,0.13660312540180328,0.16005533601663577
EleutherAI/pythia-12b,1,step0,14,25,11846072320,36,0.11945131491847309,0.17549760894173075
EleutherAI/pythia-12b,1,step0,14,26,11846072320,36,0.16365917532092275,0.13008674852516464
EleutherAI/pythia-12b,1,step0,14,27,11846072320,36,0.13121157131149422,0.16751115534219652
EleutherAI/pythia-12b,1,step0,14,28,11846072320,36,0.11095500602624613,0.17666345198747807
EleutherAI/pythia-12b,1,step0,14,29,11846072320,36,0.11263883960162013,0.18369869190875113
EleutherAI/pythia-12b,1,step0,14,30,11846072320,36,0.11893772923418347,0.16560610664264483
EleutherAI/pythia-12b,1,step0,14,31,11846072320,36,0.11928492119429522,0.17679677651943382
EleutherAI/pythia-12b,1,step0,14,32,11846072320,36,0.11698861478327269,0.15602678822370258
EleutherAI/pythia-12b,1,step0,14,33,11846072320,36,0.12412348668742641,0.16706408450083507
EleutherAI/pythia-12b,1,step0,14,34,11846072320,36,0.1406295804905372,0.16402045881247015
EleutherAI/pythia-12b,1,step0,14,35,11846072320,36,0.11555264672325981,0.20722101120608252
EleutherAI/pythia-12b,1,step0,14,36,11846072320,36,0.12661022802831617,0.18051911497001977
EleutherAI/pythia-12b,1,step0,14,37,11846072320,36,0.12531685163532646,0.15055467688979146
EleutherAI/pythia-12b,1,step0,14,38,11846072320,36,0.11916530627880365,0.1660811229449537
EleutherAI/pythia-12b,1,step0,14,39,11846072320,36,0.11908489325875272,0.17740743407313975
EleutherAI/pythia-12b,1,step0,14,40,11846072320,36,0.1484339906814488,0.16275476791557514
EleutherAI/pythia-12b,1,step0,15,1,11846072320,36,0.11444576507764263,0.18989419969576252
EleutherAI/pythia-12b,1,step0,15,2,11846072320,36,0.1252172168780554,0.17712857428792714
EleutherAI/pythia-12b,1,step0,15,3,11846072320,36,0.13709436099718994,0.1673765307930004
EleutherAI/pythia-12b,1,step0,15,4,11846072320,36,0.11970354052814274,0.20449007309794243
EleutherAI/pythia-12b,1,step0,15,5,11846072320,36,0.09474714225655916,0.20043118136680427
EleutherAI/pythia-12b,1,step0,15,6,11846072320,36,0.11587334966549909,0.1845041197604379
EleutherAI/pythia-12b,1,step0,15,7,11846072320,36,0.14834543072000456,0.17327991968115883
EleutherAI/pythia-12b,1,step0,15,8,11846072320,36,0.13147291838115932,0.16177048672035377
EleutherAI/pythia-12b,1,step0,15,9,11846072320,36,0.11914933020355283,0.18019697514527638
EleutherAI/pythia-12b,1,step0,15,10,11846072320,36,0.13054862409807716,0.22823206030458834
EleutherAI/pythia-12b,1,step0,15,11,11846072320,36,0.11145772619659564,0.16394399858272823
EleutherAI/pythia-12b,1,step0,15,12,11846072320,36,0.1298944278264994,0.1581808010664385
EleutherAI/pythia-12b,1,step0,15,13,11846072320,36,0.12438026061924813,0.16159048372202803
EleutherAI/pythia-12b,1,step0,15,14,11846072320,36,0.15514259336812714,0.14667770681293069
EleutherAI/pythia-12b,1,step0,15,15,11846072320,36,0.11617541771840759,0.18370516061805206
EleutherAI/pythia-12b,1,step0,15,16,11846072320,36,0.11472417406637117,0.1631567475606908
EleutherAI/pythia-12b,1,step0,15,17,11846072320,36,0.1211485007928835,0.1698458330879161
EleutherAI/pythia-12b,1,step0,15,18,11846072320,36,0.11616162020522906,0.16060654441448477
EleutherAI/pythia-12b,1,step0,15,19,11846072320,36,0.153517768245649,0.14677645629915118
EleutherAI/pythia-12b,1,step0,15,20,11846072320,36,0.11054789675427625,0.16567254114851307
EleutherAI/pythia-12b,1,step0,15,21,11846072320,36,0.12031263710410742,0.1670646609531508
EleutherAI/pythia-12b,1,step0,15,22,11846072320,36,0.11650253969661373,0.14915200487595864
EleutherAI/pythia-12b,1,step0,15,23,11846072320,36,0.09642566140327184,0.1798102750887607
EleutherAI/pythia-12b,1,step0,15,24,11846072320,36,0.11101467676136315,0.17159729817596905
EleutherAI/pythia-12b,1,step0,15,25,11846072320,36,0.1071156090399524,0.1944990729963457
EleutherAI/pythia-12b,1,step0,15,26,11846072320,36,0.13793231015493557,0.15962156987617587
EleutherAI/pythia-12b,1,step0,15,27,11846072320,36,0.0949766026955243,0.15104630383083945
EleutherAI/pythia-12b,1,step0,15,28,11846072320,36,0.13092052632825327,0.16009471840267106
EleutherAI/pythia-12b,1,step0,15,29,11846072320,36,0.13520306891372966,0.19567310436721047
EleutherAI/pythia-12b,1,step0,15,30,11846072320,36,0.1303954394897809,0.17949471649554394
EleutherAI/pythia-12b,1,step0,15,31,11846072320,36,0.12118299865630919,0.18214443139731878
EleutherAI/pythia-12b,1,step0,15,32,11846072320,36,0.11913963867625492,0.17423653291599883
EleutherAI/pythia-12b,1,step0,15,33,11846072320,36,0.13857846938677731,0.15975744120340354
EleutherAI/pythia-12b,1,step0,15,34,11846072320,36,0.15226033408832437,0.13419814585699688
EleutherAI/pythia-12b,1,step0,15,35,11846072320,36,0.1417484403875944,0.15138255586070157
EleutherAI/pythia-12b,1,step0,15,36,11846072320,36,0.1480115398585617,0.13395848903279223
EleutherAI/pythia-12b,1,step0,15,37,11846072320,36,0.12872628463773395,0.13748584878169465
EleutherAI/pythia-12b,1,step0,15,38,11846072320,36,0.1267622850454963,0.18799525845303636
EleutherAI/pythia-12b,1,step0,15,39,11846072320,36,0.1276701731780717,0.18506931539557803
EleutherAI/pythia-12b,1,step0,15,40,11846072320,36,0.12882971933654117,0.16307142838645533
EleutherAI/pythia-12b,1,step0,16,1,11846072320,36,0.1343297002439921,0.16358609826726325
EleutherAI/pythia-12b,1,step0,16,2,11846072320,36,0.12698466139467982,0.15909165690873966
EleutherAI/pythia-12b,1,step0,16,3,11846072320,36,0.12702220962480734,0.19783299800019719
EleutherAI/pythia-12b,1,step0,16,4,11846072320,36,0.14784436531409662,0.1594617986917361
EleutherAI/pythia-12b,1,step0,16,5,11846072320,36,0.1295511449432677,0.14556237285559595
EleutherAI/pythia-12b,1,step0,16,6,11846072320,36,0.1106297443467038,0.16443326183267537
EleutherAI/pythia-12b,1,step0,16,7,11846072320,36,0.13284975434611504,0.15958119143785027
EleutherAI/pythia-12b,1,step0,16,8,11846072320,36,0.13454421505600478,0.15046985302254687
EleutherAI/pythia-12b,1,step0,16,9,11846072320,36,0.1273154539836419,0.17085410367037437
EleutherAI/pythia-12b,1,step0,16,10,11846072320,36,0.12149594659293374,0.15502700085161591
EleutherAI/pythia-12b,1,step0,16,11,11846072320,36,0.1255158442701842,0.16474162435925396
EleutherAI/pythia-12b,1,step0,16,12,11846072320,36,0.1204163729389374,0.19346432367412442
EleutherAI/pythia-12b,1,step0,16,13,11846072320,36,0.12053314001822432,0.1737100679662313
EleutherAI/pythia-12b,1,step0,16,14,11846072320,36,0.1275813995997558,0.14991314619130733
EleutherAI/pythia-12b,1,step0,16,15,11846072320,36,0.11472610836462659,0.19016381616315411
EleutherAI/pythia-12b,1,step0,16,16,11846072320,36,0.11572405293740484,0.18674217961034972
EleutherAI/pythia-12b,1,step0,16,17,11846072320,36,0.11304291259978444,0.17842410006434525
EleutherAI/pythia-12b,1,step0,16,18,11846072320,36,0.1270521189961526,0.15436783834855564
EleutherAI/pythia-12b,1,step0,16,19,11846072320,36,0.13693629495531048,0.14538332481530153
EleutherAI/pythia-12b,1,step0,16,20,11846072320,36,0.11019565856962407,0.17378462135075803
EleutherAI/pythia-12b,1,step0,16,21,11846072320,36,0.12095882616623918,0.19377187069214585
EleutherAI/pythia-12b,1,step0,16,22,11846072320,36,0.12300720264961765,0.18227578625194835
EleutherAI/pythia-12b,1,step0,16,23,11846072320,36,0.15528481154962698,0.14381578251406232
EleutherAI/pythia-12b,1,step0,16,24,11846072320,36,0.1276728190459288,0.1547749033365566
EleutherAI/pythia-12b,1,step0,16,25,11846072320,36,0.12583408155128936,0.17158656005744816
EleutherAI/pythia-12b,1,step0,16,26,11846072320,36,0.12264624654732126,0.190499904887141
EleutherAI/pythia-12b,1,step0,16,27,11846072320,36,0.12240563399038153,0.16072423286825505
EleutherAI/pythia-12b,1,step0,16,28,11846072320,36,0.1136657927274793,0.18377588890973956
EleutherAI/pythia-12b,1,step0,16,29,11846072320,36,0.14085579674142792,0.1586281765341848
EleutherAI/pythia-12b,1,step0,16,30,11846072320,36,0.10719369917369637,0.15697983378270364
EleutherAI/pythia-12b,1,step0,16,31,11846072320,36,0.10749729930817539,0.17134651715668647
EleutherAI/pythia-12b,1,step0,16,32,11846072320,36,0.11280595097276895,0.17058144729618013
EleutherAI/pythia-12b,1,step0,16,33,11846072320,36,0.10952982942464648,0.1579987414729398
EleutherAI/pythia-12b,1,step0,16,34,11846072320,36,0.10050365509739416,0.19289323535409414
EleutherAI/pythia-12b,1,step0,16,35,11846072320,36,0.12642667717761819,0.15715816618969755
EleutherAI/pythia-12b,1,step0,16,36,11846072320,36,0.1288725925335386,0.19125910942070742
EleutherAI/pythia-12b,1,step0,16,37,11846072320,36,0.14512855974627326,0.1557695046402849
EleutherAI/pythia-12b,1,step0,16,38,11846072320,36,0.13508012334259598,0.15087603800300806
EleutherAI/pythia-12b,1,step0,16,39,11846072320,36,0.1231355583183355,0.19036767057593426
EleutherAI/pythia-12b,1,step0,16,40,11846072320,36,0.12519071686330496,0.14088883552163298
EleutherAI/pythia-12b,1,step0,17,1,11846072320,36,0.1373895595113078,0.16607043245253528
EleutherAI/pythia-12b,1,step0,17,2,11846072320,36,0.13809779980541526,0.15533692912162242
EleutherAI/pythia-12b,1,step0,17,3,11846072320,36,0.14300015506085687,0.17221725929539658
EleutherAI/pythia-12b,1,step0,17,4,11846072320,36,0.12647748353133148,0.1672353415187817
EleutherAI/pythia-12b,1,step0,17,5,11846072320,36,0.1176008112090933,0.17403864207490155
EleutherAI/pythia-12b,1,step0,17,6,11846072320,36,0.12302674091904904,0.18654948144916206
EleutherAI/pythia-12b,1,step0,17,7,11846072320,36,0.15207747230166424,0.16315887812748772
EleutherAI/pythia-12b,1,step0,17,8,11846072320,36,0.12309379918450435,0.17420313581712427
EleutherAI/pythia-12b,1,step0,17,9,11846072320,36,0.1386561233203511,0.14116069480396423
EleutherAI/pythia-12b,1,step0,17,10,11846072320,36,0.12468428493620035,0.159620015093268
EleutherAI/pythia-12b,1,step0,17,11,11846072320,36,0.11964327127703492,0.16463144861061021
EleutherAI/pythia-12b,1,step0,17,12,11846072320,36,0.14408874013894668,0.1594283513517843
EleutherAI/pythia-12b,1,step0,17,13,11846072320,36,0.14593514277636105,0.15259449594785587
EleutherAI/pythia-12b,1,step0,17,14,11846072320,36,0.10909823583041847,0.18276223621831772
EleutherAI/pythia-12b,1,step0,17,15,11846072320,36,0.13667258157117942,0.14131290868607096
EleutherAI/pythia-12b,1,step0,17,16,11846072320,36,0.12550047755118332,0.1672516337067291
EleutherAI/pythia-12b,1,step0,17,17,11846072320,36,0.1104766107793595,0.17644907267870483
EleutherAI/pythia-12b,1,step0,17,18,11846072320,36,0.11373817062637465,0.19709305316153852
EleutherAI/pythia-12b,1,step0,17,19,11846072320,36,0.12834878732917362,0.1728758732970054
EleutherAI/pythia-12b,1,step0,17,20,11846072320,36,0.13896985371616685,0.1521159680308522
EleutherAI/pythia-12b,1,step0,17,21,11846072320,36,0.14602365805110232,0.17385695143057414
EleutherAI/pythia-12b,1,step0,17,22,11846072320,36,0.1343630354113138,0.1490923631488829
EleutherAI/pythia-12b,1,step0,17,23,11846072320,36,0.13756893783830124,0.19347930938989905
EleutherAI/pythia-12b,1,step0,17,24,11846072320,36,0.12712630372237152,0.15185365248918978
EleutherAI/pythia-12b,1,step0,17,25,11846072320,36,0.1214580874185304,0.14443470057458038
EleutherAI/pythia-12b,1,step0,17,26,11846072320,36,0.13453433064704717,0.16784347528060362
EleutherAI/pythia-12b,1,step0,17,27,11846072320,36,0.1159257370805194,0.18403571044226305
EleutherAI/pythia-12b,1,step0,17,28,11846072320,36,0.1237263459231223,0.19822549554533334
EleutherAI/pythia-12b,1,step0,17,29,11846072320,36,0.1378815175892712,0.1452689631156869
EleutherAI/pythia-12b,1,step0,17,30,11846072320,36,0.11948670251658546,0.15389957632198253
EleutherAI/pythia-12b,1,step0,17,31,11846072320,36,0.1317508983909636,0.1474895046705061
EleutherAI/pythia-12b,1,step0,17,32,11846072320,36,0.1269992889372167,0.1924572812991815
EleutherAI/pythia-12b,1,step0,17,33,11846072320,36,0.11268060627832513,0.14235048118122925
EleutherAI/pythia-12b,1,step0,17,34,11846072320,36,0.12545062570801901,0.17268016413077933
EleutherAI/pythia-12b,1,step0,17,35,11846072320,36,0.14748447237944634,0.15705578771976375
EleutherAI/pythia-12b,1,step0,17,36,11846072320,36,0.13857537985698234,0.14657419040385217
EleutherAI/pythia-12b,1,step0,17,37,11846072320,36,0.11251634451373288,0.20437311049964688
EleutherAI/pythia-12b,1,step0,17,38,11846072320,36,0.12482772707693028,0.17425833210941993
EleutherAI/pythia-12b,1,step0,17,39,11846072320,36,0.1537944578954407,0.17984167878535592
EleutherAI/pythia-12b,1,step0,17,40,11846072320,36,0.12164223308789654,0.1533391177878007
EleutherAI/pythia-12b,1,step0,18,1,11846072320,36,0.10976603663283152,0.20022936516047057
EleutherAI/pythia-12b,1,step0,18,2,11846072320,36,0.14142533632235837,0.16547594576593003
EleutherAI/pythia-12b,1,step0,18,3,11846072320,36,0.1479155567248125,0.18152092764148478
EleutherAI/pythia-12b,1,step0,18,4,11846072320,36,0.12197676587950534,0.1629695781274466
EleutherAI/pythia-12b,1,step0,18,5,11846072320,36,0.13325367367325777,0.15664895530790085
EleutherAI/pythia-12b,1,step0,18,6,11846072320,36,0.12982659761768736,0.172893767907947
EleutherAI/pythia-12b,1,step0,18,7,11846072320,36,0.11961932111162318,0.19168458947514713
EleutherAI/pythia-12b,1,step0,18,8,11846072320,36,0.12063546519581078,0.19751634048829383
EleutherAI/pythia-12b,1,step0,18,9,11846072320,36,0.13740029513231802,0.17084847989998328
EleutherAI/pythia-12b,1,step0,18,10,11846072320,36,0.11810622316178254,0.18180780003389882
EleutherAI/pythia-12b,1,step0,18,11,11846072320,36,0.12829758013758033,0.1734610769992789
EleutherAI/pythia-12b,1,step0,18,12,11846072320,36,0.08995194226089447,0.21217897654071938
EleutherAI/pythia-12b,1,step0,18,13,11846072320,36,0.12247112466095084,0.18550054864627907
EleutherAI/pythia-12b,1,step0,18,14,11846072320,36,0.11146283960221583,0.20329850508520997
EleutherAI/pythia-12b,1,step0,18,15,11846072320,36,0.12590487434475625,0.17418427842000758
EleutherAI/pythia-12b,1,step0,18,16,11846072320,36,0.11348509638326926,0.17057919710057898
EleutherAI/pythia-12b,1,step0,18,17,11846072320,36,0.108684868179821,0.20028624055465238
EleutherAI/pythia-12b,1,step0,18,18,11846072320,36,0.12499305002905939,0.15924052121649093
EleutherAI/pythia-12b,1,step0,18,19,11846072320,36,0.10713695661743747,0.17959278880397564
EleutherAI/pythia-12b,1,step0,18,20,11846072320,36,0.12772609922453176,0.13695580288544068
EleutherAI/pythia-12b,1,step0,18,21,11846072320,36,0.12134334764390195,0.17378949703419347
EleutherAI/pythia-12b,1,step0,18,22,11846072320,36,0.11551285130684973,0.19269208986502326
EleutherAI/pythia-12b,1,step0,18,23,11846072320,36,0.1497157328949497,0.17567982029606088
EleutherAI/pythia-12b,1,step0,18,24,11846072320,36,0.11862222675804615,0.17594534517251867
EleutherAI/pythia-12b,1,step0,18,25,11846072320,36,0.11273965889492904,0.15652423946315547
EleutherAI/pythia-12b,1,step0,18,26,11846072320,36,0.12472636446177776,0.17383973812264897
EleutherAI/pythia-12b,1,step0,18,27,11846072320,36,0.10781621915643454,0.20249557648379876
EleutherAI/pythia-12b,1,step0,18,28,11846072320,36,0.13928239600727324,0.14440937225032852
EleutherAI/pythia-12b,1,step0,18,29,11846072320,36,0.10938141567984944,0.1916792749458023
EleutherAI/pythia-12b,1,step0,18,30,11846072320,36,0.11899877100198472,0.18670908361393673
EleutherAI/pythia-12b,1,step0,18,31,11846072320,36,0.12169703510631845,0.1870379955298057
EleutherAI/pythia-12b,1,step0,18,32,11846072320,36,0.12400149256158784,0.17075543250754338
EleutherAI/pythia-12b,1,step0,18,33,11846072320,36,0.12347091755664738,0.15950880210298493
EleutherAI/pythia-12b,1,step0,18,34,11846072320,36,0.14948377132907997,0.13144070599451882
EleutherAI/pythia-12b,1,step0,18,35,11846072320,36,0.12990837921206652,0.1600507290910806
EleutherAI/pythia-12b,1,step0,18,36,11846072320,36,0.11567761859781028,0.1905474050233403
EleutherAI/pythia-12b,1,step0,18,37,11846072320,36,0.1229528058823701,0.2040256438245465
EleutherAI/pythia-12b,1,step0,18,38,11846072320,36,0.12992617049934085,0.1600969039636465
EleutherAI/pythia-12b,1,step0,18,39,11846072320,36,0.11009336677421853,0.1817822339566978
EleutherAI/pythia-12b,1,step0,18,40,11846072320,36,0.11583767507460199,0.17247924241922546
EleutherAI/pythia-12b,1,step0,19,1,11846072320,36,0.14224756565560268,0.17259728114817052
EleutherAI/pythia-12b,1,step0,19,2,11846072320,36,0.11721490064003799,0.17718084310614934
EleutherAI/pythia-12b,1,step0,19,3,11846072320,36,0.11616564728878993,0.18520815424654663
EleutherAI/pythia-12b,1,step0,19,4,11846072320,36,0.11450906184029289,0.1602228727421021
EleutherAI/pythia-12b,1,step0,19,5,11846072320,36,0.15993452785877849,0.1381552008626697
EleutherAI/pythia-12b,1,step0,19,6,11846072320,36,0.11920815773655072,0.19496192849959962
EleutherAI/pythia-12b,1,step0,19,7,11846072320,36,0.11001365931911597,0.17948544836762517
EleutherAI/pythia-12b,1,step0,19,8,11846072320,36,0.13178937590202766,0.17780000967876952
EleutherAI/pythia-12b,1,step0,19,9,11846072320,36,0.14690244163724928,0.14075297644703055
EleutherAI/pythia-12b,1,step0,19,10,11846072320,36,0.1200266417155081,0.16945657180482376
EleutherAI/pythia-12b,1,step0,19,11,11846072320,36,0.11106845826279736,0.17403149145288954
EleutherAI/pythia-12b,1,step0,19,12,11846072320,36,0.12475659127148597,0.16668617080158743
EleutherAI/pythia-12b,1,step0,19,13,11846072320,36,0.1448448255781207,0.1499311364599847
EleutherAI/pythia-12b,1,step0,19,14,11846072320,36,0.1349687038923616,0.14445792292678228
EleutherAI/pythia-12b,1,step0,19,15,11846072320,36,0.1138396516649259,0.19754446173148288
EleutherAI/pythia-12b,1,step0,19,16,11846072320,36,0.11706781538634056,0.15775892849698345
EleutherAI/pythia-12b,1,step0,19,17,11846072320,36,0.11016427518592936,0.17245132372331418
EleutherAI/pythia-12b,1,step0,19,18,11846072320,36,0.12971952983231333,0.15457385813386676
EleutherAI/pythia-12b,1,step0,19,19,11846072320,36,0.12001132013628607,0.17912109366229342
EleutherAI/pythia-12b,1,step0,19,20,11846072320,36,0.15119360125548126,0.1557777431085929
EleutherAI/pythia-12b,1,step0,19,21,11846072320,36,0.13752520091652687,0.1604415382183081
EleutherAI/pythia-12b,1,step0,19,22,11846072320,36,0.1511953488361459,0.17478159908205265
EleutherAI/pythia-12b,1,step0,19,23,11846072320,36,0.13162694680126932,0.1577847603115591
EleutherAI/pythia-12b,1,step0,19,24,11846072320,36,0.11611485984959487,0.17648046016245628
EleutherAI/pythia-12b,1,step0,19,25,11846072320,36,0.11914486412585404,0.15287659061630743
EleutherAI/pythia-12b,1,step0,19,26,11846072320,36,0.12412190643158756,0.18759092085298382
EleutherAI/pythia-12b,1,step0,19,27,11846072320,36,0.13114789203256813,0.18096711126634393
EleutherAI/pythia-12b,1,step0,19,28,11846072320,36,0.12334058053970512,0.18681096262088762
EleutherAI/pythia-12b,1,step0,19,29,11846072320,36,0.1144493403914454,0.18622452163280126
EleutherAI/pythia-12b,1,step0,19,30,11846072320,36,0.12150893243471599,0.17318980346570856
EleutherAI/pythia-12b,1,step0,19,31,11846072320,36,0.12709388810324593,0.19427152597778907
EleutherAI/pythia-12b,1,step0,19,32,11846072320,36,0.15136664466479335,0.16260562693929526
EleutherAI/pythia-12b,1,step0,19,33,11846072320,36,0.1490709815040096,0.17304006897405277
EleutherAI/pythia-12b,1,step0,19,34,11846072320,36,0.12415316938660341,0.1828486952153188
EleutherAI/pythia-12b,1,step0,19,35,11846072320,36,0.12969824387594023,0.14638301814897905
EleutherAI/pythia-12b,1,step0,19,36,11846072320,36,0.13884039060422426,0.15372130134095385
EleutherAI/pythia-12b,1,step0,19,37,11846072320,36,0.14094673597195123,0.1490596633477209
EleutherAI/pythia-12b,1,step0,19,38,11846072320,36,0.11717424748113023,0.17631143068352167
EleutherAI/pythia-12b,1,step0,19,39,11846072320,36,0.13486878247791756,0.169249634876534
EleutherAI/pythia-12b,1,step0,19,40,11846072320,36,0.12457538320048073,0.1893764381987733
EleutherAI/pythia-12b,1,step0,20,1,11846072320,36,0.11505712094708333,0.19234692060609565
EleutherAI/pythia-12b,1,step0,20,2,11846072320,36,0.1200651673672793,0.18080845714040522
EleutherAI/pythia-12b,1,step0,20,3,11846072320,36,0.13659839999971085,0.17568608999599114
EleutherAI/pythia-12b,1,step0,20,4,11846072320,36,0.1126775303072444,0.18742053039293655
EleutherAI/pythia-12b,1,step0,20,5,11846072320,36,0.12927557739454343,0.16186289018294112
EleutherAI/pythia-12b,1,step0,20,6,11846072320,36,0.13580163032398204,0.13413495285990265
EleutherAI/pythia-12b,1,step0,20,7,11846072320,36,0.09272383358441401,0.21763177485101748
EleutherAI/pythia-12b,1,step0,20,8,11846072320,36,0.12406302382750013,0.1857894589486825
EleutherAI/pythia-12b,1,step0,20,9,11846072320,36,0.10231716119524858,0.18826274958637737
EleutherAI/pythia-12b,1,step0,20,10,11846072320,36,0.13327150669664856,0.18708948785433535
EleutherAI/pythia-12b,1,step0,20,11,11846072320,36,0.12280459147416521,0.15341422505475374
EleutherAI/pythia-12b,1,step0,20,12,11846072320,36,0.10957374070790611,0.21235489556649778
EleutherAI/pythia-12b,1,step0,20,13,11846072320,36,0.11759164998749709,0.16629067295742728
EleutherAI/pythia-12b,1,step0,20,14,11846072320,36,0.12606688195912236,0.1856418073557697
EleutherAI/pythia-12b,1,step0,20,15,11846072320,36,0.13110267200336617,0.1843687313868924
EleutherAI/pythia-12b,1,step0,20,16,11846072320,36,0.12799537349660112,0.15961539742254366
EleutherAI/pythia-12b,1,step0,20,17,11846072320,36,0.12013690597335762,0.1995400613755569
EleutherAI/pythia-12b,1,step0,20,18,11846072320,36,0.1309904841532757,0.16351387267736517
EleutherAI/pythia-12b,1,step0,20,19,11846072320,36,0.11053852608858103,0.18885919193572195
EleutherAI/pythia-12b,1,step0,20,20,11846072320,36,0.13571835345065625,0.14030578995805912
EleutherAI/pythia-12b,1,step0,20,21,11846072320,36,0.12945745991928884,0.1543342055803215
EleutherAI/pythia-12b,1,step0,20,22,11846072320,36,0.12131036415852758,0.15751180675037357
EleutherAI/pythia-12b,1,step0,20,23,11846072320,36,0.1278345688461541,0.17172088515427372
EleutherAI/pythia-12b,1,step0,20,24,11846072320,36,0.09134019739008518,0.1871310445863205
EleutherAI/pythia-12b,1,step0,20,25,11846072320,36,0.1190183155249815,0.1790213431077855
EleutherAI/pythia-12b,1,step0,20,26,11846072320,36,0.11593534888604556,0.1847215393843414
EleutherAI/pythia-12b,1,step0,20,27,11846072320,36,0.11264337736878305,0.17342886944544741
EleutherAI/pythia-12b,1,step0,20,28,11846072320,36,0.13373594854150087,0.16950837959320064
EleutherAI/pythia-12b,1,step0,20,29,11846072320,36,0.10956830402987225,0.18844048482542097
EleutherAI/pythia-12b,1,step0,20,30,11846072320,36,0.13144331747615656,0.17111849852253094
EleutherAI/pythia-12b,1,step0,20,31,11846072320,36,0.11694900311149273,0.1804853647852221
EleutherAI/pythia-12b,1,step0,20,32,11846072320,36,0.12039163088923814,0.15624971957401823
EleutherAI/pythia-12b,1,step0,20,33,11846072320,36,0.11499823360248008,0.20300565864723003
EleutherAI/pythia-12b,1,step0,20,34,11846072320,36,0.12672629769522323,0.1523676103668975
EleutherAI/pythia-12b,1,step0,20,35,11846072320,36,0.1344782832238051,0.1416612425902942
EleutherAI/pythia-12b,1,step0,20,36,11846072320,36,0.11431404305538075,0.18290354170788958
EleutherAI/pythia-12b,1,step0,20,37,11846072320,36,0.13348354699576756,0.18538828561915913
EleutherAI/pythia-12b,1,step0,20,38,11846072320,36,0.13472914405435588,0.15718304861180324
EleutherAI/pythia-12b,1,step0,20,39,11846072320,36,0.1202168520036581,0.17559870811285552
EleutherAI/pythia-12b,1,step0,20,40,11846072320,36,0.11441330630444098,0.16483487295932145
EleutherAI/pythia-12b,1,step0,21,1,11846072320,36,0.12909788754978424,0.16586719207499206
EleutherAI/pythia-12b,1,step0,21,2,11846072320,36,0.15349941817601698,0.15968462429079291
EleutherAI/pythia-12b,1,step0,21,3,11846072320,36,0.13403397827065203,0.1364786908891913
EleutherAI/pythia-12b,1,step0,21,4,11846072320,36,0.11118358037470873,0.1966516570755848
EleutherAI/pythia-12b,1,step0,21,5,11846072320,36,0.1387202362040499,0.16551341012388732
EleutherAI/pythia-12b,1,step0,21,6,11846072320,36,0.12674764632149496,0.17167028353490804
EleutherAI/pythia-12b,1,step0,21,7,11846072320,36,0.1275353550676021,0.19629517602021088
EleutherAI/pythia-12b,1,step0,21,8,11846072320,36,0.13220598895449534,0.17627759010170221
EleutherAI/pythia-12b,1,step0,21,9,11846072320,36,0.11151235268728149,0.18792020754648128
EleutherAI/pythia-12b,1,step0,21,10,11846072320,36,0.15692398080730935,0.16063187890560235
EleutherAI/pythia-12b,1,step0,21,11,11846072320,36,0.12270016888822159,0.15772973515607927
EleutherAI/pythia-12b,1,step0,21,12,11846072320,36,0.11116158342207065,0.19738585575464157
EleutherAI/pythia-12b,1,step0,21,13,11846072320,36,0.12830612255265939,0.1506708704253977
EleutherAI/pythia-12b,1,step0,21,14,11846072320,36,0.12358062810546996,0.1513673320759434
EleutherAI/pythia-12b,1,step0,21,15,11846072320,36,0.1344243694074429,0.18539186271729766
EleutherAI/pythia-12b,1,step0,21,16,11846072320,36,0.13122509537382165,0.16499656327236606
EleutherAI/pythia-12b,1,step0,21,17,11846072320,36,0.14530703396321054,0.14884533966659333
EleutherAI/pythia-12b,1,step0,21,18,11846072320,36,0.11011361871921528,0.18425128222708853
EleutherAI/pythia-12b,1,step0,21,19,11846072320,36,0.13666667105132213,0.15111939963400808
EleutherAI/pythia-12b,1,step0,21,20,11846072320,36,0.12720636957445297,0.18209731801449353
EleutherAI/pythia-12b,1,step0,21,21,11846072320,36,0.11220657445109997,0.18378682116287065
EleutherAI/pythia-12b,1,step0,21,22,11846072320,36,0.10565472547490672,0.21915238630865605
EleutherAI/pythia-12b,1,step0,21,23,11846072320,36,0.12466680360874073,0.174223070550296
EleutherAI/pythia-12b,1,step0,21,24,11846072320,36,0.13099282119121097,0.1496039578389074
EleutherAI/pythia-12b,1,step0,21,25,11846072320,36,0.12680092874030627,0.16436524098800553
EleutherAI/pythia-12b,1,step0,21,26,11846072320,36,0.11605393363571198,0.16795860897951026
EleutherAI/pythia-12b,1,step0,21,27,11846072320,36,0.1323694181446735,0.15945872668087388
EleutherAI/pythia-12b,1,step0,21,28,11846072320,36,0.12783867472016414,0.14713272307621864
EleutherAI/pythia-12b,1,step0,21,29,11846072320,36,0.11946286972019224,0.1724690897558052
EleutherAI/pythia-12b,1,step0,21,30,11846072320,36,0.11902002000191186,0.20437546575290927
EleutherAI/pythia-12b,1,step0,21,31,11846072320,36,0.12157008105570127,0.16892517810301466
EleutherAI/pythia-12b,1,step0,21,32,11846072320,36,0.10354447920803905,0.2072995051143092
EleutherAI/pythia-12b,1,step0,21,33,11846072320,36,0.11881950324787209,0.17818301080449203
EleutherAI/pythia-12b,1,step0,21,34,11846072320,36,0.14691324962174387,0.15968443727954187
EleutherAI/pythia-12b,1,step0,21,35,11846072320,36,0.13932226097082587,0.15598296377438678
EleutherAI/pythia-12b,1,step0,21,36,11846072320,36,0.1132505788207725,0.15961674538751439
EleutherAI/pythia-12b,1,step0,21,37,11846072320,36,0.12832818102013238,0.15700464035096287
EleutherAI/pythia-12b,1,step0,21,38,11846072320,36,0.11591243674816397,0.18114578068625548
EleutherAI/pythia-12b,1,step0,21,39,11846072320,36,0.15038737626718324,0.15349769572428124
EleutherAI/pythia-12b,1,step0,21,40,11846072320,36,0.12327329392681963,0.189547062501893
EleutherAI/pythia-12b,1,step0,22,1,11846072320,36,0.10935617745895908,0.163330513958794
EleutherAI/pythia-12b,1,step0,22,2,11846072320,36,0.13185178257480215,0.17455851103461625
EleutherAI/pythia-12b,1,step0,22,3,11846072320,36,0.12854649162887627,0.17472723572215693
EleutherAI/pythia-12b,1,step0,22,4,11846072320,36,0.13975518954744384,0.1543680050385159
EleutherAI/pythia-12b,1,step0,22,5,11846072320,36,0.12696183211653972,0.1717440036038781
EleutherAI/pythia-12b,1,step0,22,6,11846072320,36,0.13568071495775164,0.1747808190448595
EleutherAI/pythia-12b,1,step0,22,7,11846072320,36,0.11624171517162885,0.17542199892979166
EleutherAI/pythia-12b,1,step0,22,8,11846072320,36,0.12474017170210318,0.14890714494830312
EleutherAI/pythia-12b,1,step0,22,9,11846072320,36,0.13574135606666582,0.1466905083339493
EleutherAI/pythia-12b,1,step0,22,10,11846072320,36,0.12330563217345565,0.1952523073494747
EleutherAI/pythia-12b,1,step0,22,11,11846072320,36,0.12507210846979155,0.16743609589152594
EleutherAI/pythia-12b,1,step0,22,12,11846072320,36,0.13320196199569254,0.1524653171661782
EleutherAI/pythia-12b,1,step0,22,13,11846072320,36,0.1382762344816962,0.15183460746273708
EleutherAI/pythia-12b,1,step0,22,14,11846072320,36,0.14529208295248647,0.1549173961295648
EleutherAI/pythia-12b,1,step0,22,15,11846072320,36,0.12322685760711581,0.2028528642994505
EleutherAI/pythia-12b,1,step0,22,16,11846072320,36,0.14459042398219885,0.16120829833979092
EleutherAI/pythia-12b,1,step0,22,17,11846072320,36,0.1433203578968574,0.15523720572369767
EleutherAI/pythia-12b,1,step0,22,18,11846072320,36,0.15798161110586229,0.1418791820124552
EleutherAI/pythia-12b,1,step0,22,19,11846072320,36,0.11523221207743467,0.19417871899802133
EleutherAI/pythia-12b,1,step0,22,20,11846072320,36,0.11170102313563626,0.18324472651154067
EleutherAI/pythia-12b,1,step0,22,21,11846072320,36,0.11178795659953764,0.173426016298187
EleutherAI/pythia-12b,1,step0,22,22,11846072320,36,0.12611095753831186,0.18478813563269356
EleutherAI/pythia-12b,1,step0,22,23,11846072320,36,0.12001721379445028,0.18317241810664933
EleutherAI/pythia-12b,1,step0,22,24,11846072320,36,0.11082793680207055,0.2119963932167123
EleutherAI/pythia-12b,1,step0,22,25,11846072320,36,0.1339250199955415,0.1561202374860286
EleutherAI/pythia-12b,1,step0,22,26,11846072320,36,0.12504842431583738,0.15908605968663547
EleutherAI/pythia-12b,1,step0,22,27,11846072320,36,0.11009309576494285,0.17867137550155407
EleutherAI/pythia-12b,1,step0,22,28,11846072320,36,0.1389544338334698,0.1544796656062071
EleutherAI/pythia-12b,1,step0,22,29,11846072320,36,0.11592815549311422,0.16603426113948447
EleutherAI/pythia-12b,1,step0,22,30,11846072320,36,0.13972144209228832,0.1813623797142872
EleutherAI/pythia-12b,1,step0,22,31,11846072320,36,0.12427156611538681,0.17302010278846763
EleutherAI/pythia-12b,1,step0,22,32,11846072320,36,0.12033275920371926,0.142624072067708
EleutherAI/pythia-12b,1,step0,22,33,11846072320,36,0.11849777434893821,0.16272673559551298
EleutherAI/pythia-12b,1,step0,22,34,11846072320,36,0.11206450315007752,0.18780261756678865
EleutherAI/pythia-12b,1,step0,22,35,11846072320,36,0.1008599758338373,0.17852420589743967
EleutherAI/pythia-12b,1,step0,22,36,11846072320,36,0.1398146116529946,0.1509699315901051
EleutherAI/pythia-12b,1,step0,22,37,11846072320,36,0.1475382719311986,0.1488659878236216
EleutherAI/pythia-12b,1,step0,22,38,11846072320,36,0.12470848862271942,0.15338825845011358
EleutherAI/pythia-12b,1,step0,22,39,11846072320,36,0.15293769819197708,0.15865541536181982
EleutherAI/pythia-12b,1,step0,22,40,11846072320,36,0.10843675439287946,0.17774969179395794
EleutherAI/pythia-12b,1,step0,23,1,11846072320,36,0.12385082518396609,0.18807033804041126
EleutherAI/pythia-12b,1,step0,23,2,11846072320,36,0.1345810138819006,0.18146414148087076
EleutherAI/pythia-12b,1,step0,23,3,11846072320,36,0.13303620077378753,0.15940914443741597
EleutherAI/pythia-12b,1,step0,23,4,11846072320,36,0.1620299677076461,0.1619356492500718
EleutherAI/pythia-12b,1,step0,23,5,11846072320,36,0.12289480531347671,0.17067913818746444
EleutherAI/pythia-12b,1,step0,23,6,11846072320,36,0.13010279931597876,0.1687972266506683
EleutherAI/pythia-12b,1,step0,23,7,11846072320,36,0.1338072182000936,0.17273340622863698
EleutherAI/pythia-12b,1,step0,23,8,11846072320,36,0.13200138925991434,0.16656818490911707
EleutherAI/pythia-12b,1,step0,23,9,11846072320,36,0.13758682438896758,0.16076437478420788
EleutherAI/pythia-12b,1,step0,23,10,11846072320,36,0.1462491182470554,0.15045020850682936
EleutherAI/pythia-12b,1,step0,23,11,11846072320,36,0.11281222301638784,0.18253290918641704
EleutherAI/pythia-12b,1,step0,23,12,11846072320,36,0.13126626965945007,0.1460682625040501
EleutherAI/pythia-12b,1,step0,23,13,11846072320,36,0.126798786480237,0.15482394922211448
EleutherAI/pythia-12b,1,step0,23,14,11846072320,36,0.11464699586243686,0.16112184732056054
EleutherAI/pythia-12b,1,step0,23,15,11846072320,36,0.11500727186712234,0.16640552390903768
EleutherAI/pythia-12b,1,step0,23,16,11846072320,36,0.13755894440587035,0.15193852797351975
EleutherAI/pythia-12b,1,step0,23,17,11846072320,36,0.10860309030793536,0.1910387567180144
EleutherAI/pythia-12b,1,step0,23,18,11846072320,36,0.10602602501911619,0.19709218012353585
EleutherAI/pythia-12b,1,step0,23,19,11846072320,36,0.1258780489488317,0.2126515856566461
EleutherAI/pythia-12b,1,step0,23,20,11846072320,36,0.12565878434694025,0.17759069306468278
EleutherAI/pythia-12b,1,step0,23,21,11846072320,36,0.13702691814585308,0.1741680813276463
EleutherAI/pythia-12b,1,step0,23,22,11846072320,36,0.10775641099110733,0.18347536217611468
EleutherAI/pythia-12b,1,step0,23,23,11846072320,36,0.14853767520963426,0.13265944866871865
EleutherAI/pythia-12b,1,step0,23,24,11846072320,36,0.12197121823424688,0.1937937806682051
EleutherAI/pythia-12b,1,step0,23,25,11846072320,36,0.14261189504741903,0.14116003487382203
EleutherAI/pythia-12b,1,step0,23,26,11846072320,36,0.138966648875772,0.17179839524185958
EleutherAI/pythia-12b,1,step0,23,27,11846072320,36,0.11288159530800022,0.1810932544762039
EleutherAI/pythia-12b,1,step0,23,28,11846072320,36,0.11928009441508362,0.14803269378807357
EleutherAI/pythia-12b,1,step0,23,29,11846072320,36,0.13306810443398648,0.15968392593870018
EleutherAI/pythia-12b,1,step0,23,30,11846072320,36,0.11151779106854494,0.15740618498173647
EleutherAI/pythia-12b,1,step0,23,31,11846072320,36,0.12063746362667269,0.15802846977336177
EleutherAI/pythia-12b,1,step0,23,32,11846072320,36,0.17259794049099217,0.16201784290015336
EleutherAI/pythia-12b,1,step0,23,33,11846072320,36,0.11996390524267161,0.17867164149343426
EleutherAI/pythia-12b,1,step0,23,34,11846072320,36,0.12982578381515655,0.1785264862645361
EleutherAI/pythia-12b,1,step0,23,35,11846072320,36,0.1313573855224314,0.16715894430573724
EleutherAI/pythia-12b,1,step0,23,36,11846072320,36,0.12540844521365005,0.17459493644770466
EleutherAI/pythia-12b,1,step0,23,37,11846072320,36,0.11871832919058137,0.20292255936844925
EleutherAI/pythia-12b,1,step0,23,38,11846072320,36,0.11660198771112312,0.17633746304009498
EleutherAI/pythia-12b,1,step0,23,39,11846072320,36,0.169140852076021,0.15126994317928857
EleutherAI/pythia-12b,1,step0,23,40,11846072320,36,0.1433475442124424,0.18189772078068223
EleutherAI/pythia-12b,1,step0,24,1,11846072320,36,0.1340459500280049,0.15890763273501804
EleutherAI/pythia-12b,1,step0,24,2,11846072320,36,0.11482580730484587,0.18554952029731714
EleutherAI/pythia-12b,1,step0,24,3,11846072320,36,0.1416151430625636,0.12602197750004468
EleutherAI/pythia-12b,1,step0,24,4,11846072320,36,0.13150041035513527,0.1560749947303184
EleutherAI/pythia-12b,1,step0,24,5,11846072320,36,0.12113397591957097,0.17410505811932742
EleutherAI/pythia-12b,1,step0,24,6,11846072320,36,0.10312802526070634,0.2500471932080772
EleutherAI/pythia-12b,1,step0,24,7,11846072320,36,0.11541829599408769,0.16735526210385127
EleutherAI/pythia-12b,1,step0,24,8,11846072320,36,0.11171749960519257,0.16554505073160555
EleutherAI/pythia-12b,1,step0,24,9,11846072320,36,0.11446588773381061,0.20938775213239513
EleutherAI/pythia-12b,1,step0,24,10,11846072320,36,0.13369360093486019,0.15765721663586546
EleutherAI/pythia-12b,1,step0,24,11,11846072320,36,0.13938756407918151,0.14077008009102338
EleutherAI/pythia-12b,1,step0,24,12,11846072320,36,0.10609196592401988,0.1925150620116217
EleutherAI/pythia-12b,1,step0,24,13,11846072320,36,0.1320541758235689,0.16331363909572985
EleutherAI/pythia-12b,1,step0,24,14,11846072320,36,0.12816159122318652,0.152984800119255
EleutherAI/pythia-12b,1,step0,24,15,11846072320,36,0.1254278602240769,0.16370039658100752
EleutherAI/pythia-12b,1,step0,24,16,11846072320,36,0.14168386391780752,0.17155098402173485
EleutherAI/pythia-12b,1,step0,24,17,11846072320,36,0.09712181053216658,0.15808461695159964
EleutherAI/pythia-12b,1,step0,24,18,11846072320,36,0.11426965391694063,0.18656970958250596
EleutherAI/pythia-12b,1,step0,24,19,11846072320,36,0.18301850389521396,0.1364614109875069
EleutherAI/pythia-12b,1,step0,24,20,11846072320,36,0.11211967911269209,0.18996242838478208
EleutherAI/pythia-12b,1,step0,24,21,11846072320,36,0.14277741723545676,0.16496939225228605
EleutherAI/pythia-12b,1,step0,24,22,11846072320,36,0.10037660362987633,0.20253513727124564
EleutherAI/pythia-12b,1,step0,24,23,11846072320,36,0.1206781815838169,0.1609908776447266
EleutherAI/pythia-12b,1,step0,24,24,11846072320,36,0.12474477594835796,0.20861624303489204
EleutherAI/pythia-12b,1,step0,24,25,11846072320,36,0.12695319496106364,0.18325255108667204
EleutherAI/pythia-12b,1,step0,24,26,11846072320,36,0.10770616385045348,0.2130983746736436
EleutherAI/pythia-12b,1,step0,24,27,11846072320,36,0.14433739268341217,0.16590050287130803
EleutherAI/pythia-12b,1,step0,24,28,11846072320,36,0.10696993996151481,0.16641571058111412
EleutherAI/pythia-12b,1,step0,24,29,11846072320,36,0.11264126549276321,0.18265974584004807
EleutherAI/pythia-12b,1,step0,24,30,11846072320,36,0.12303971500323337,0.1845644963401797
EleutherAI/pythia-12b,1,step0,24,31,11846072320,36,0.13111649465945743,0.18187223560548754
EleutherAI/pythia-12b,1,step0,24,32,11846072320,36,0.1127398657995659,0.1600687328485531
EleutherAI/pythia-12b,1,step0,24,33,11846072320,36,0.13969465422334967,0.15726512549137384
EleutherAI/pythia-12b,1,step0,24,34,11846072320,36,0.12578379874070122,0.1412576168311295
EleutherAI/pythia-12b,1,step0,24,35,11846072320,36,0.12249769694968919,0.1869365320968869
EleutherAI/pythia-12b,1,step0,24,36,11846072320,36,0.12476731464266773,0.1832146806972431
EleutherAI/pythia-12b,1,step0,24,37,11846072320,36,0.11442015170156057,0.1986941000301245
EleutherAI/pythia-12b,1,step0,24,38,11846072320,36,0.11825622444798992,0.1980124650181861
EleutherAI/pythia-12b,1,step0,24,39,11846072320,36,0.12581106595269906,0.19065198268428127
EleutherAI/pythia-12b,1,step0,24,40,11846072320,36,0.1252205328786516,0.18067211953100853
EleutherAI/pythia-12b,1,step0,25,1,11846072320,36,0.1356628786537561,0.16204856477912746
EleutherAI/pythia-12b,1,step0,25,2,11846072320,36,0.13719105817847418,0.1633101742429373
EleutherAI/pythia-12b,1,step0,25,3,11846072320,36,0.1346807194616388,0.1580623929492301
EleutherAI/pythia-12b,1,step0,25,4,11846072320,36,0.122558435760774,0.20867637420134677
EleutherAI/pythia-12b,1,step0,25,5,11846072320,36,0.12144388529183982,0.16873084058476098
EleutherAI/pythia-12b,1,step0,25,6,11846072320,36,0.13104457456853472,0.14782409958664447
EleutherAI/pythia-12b,1,step0,25,7,11846072320,36,0.13295141699256835,0.18074593905572056
EleutherAI/pythia-12b,1,step0,25,8,11846072320,36,0.14638324110984083,0.1808039712280527
EleutherAI/pythia-12b,1,step0,25,9,11846072320,36,0.1251647340486178,0.13992950980000574
EleutherAI/pythia-12b,1,step0,25,10,11846072320,36,0.14154494807191256,0.15586300658806035
EleutherAI/pythia-12b,1,step0,25,11,11846072320,36,0.12924926314648383,0.18115810389342427
EleutherAI/pythia-12b,1,step0,25,12,11846072320,36,0.16175311016808216,0.15779244963236305
EleutherAI/pythia-12b,1,step0,25,13,11846072320,36,0.1337288738292706,0.18331523227586488
EleutherAI/pythia-12b,1,step0,25,14,11846072320,36,0.09812708135817319,0.2434109591574103
EleutherAI/pythia-12b,1,step0,25,15,11846072320,36,0.11728081321371743,0.18608425045246113
EleutherAI/pythia-12b,1,step0,25,16,11846072320,36,0.09902246346188195,0.17710594382058747
EleutherAI/pythia-12b,1,step0,25,17,11846072320,36,0.14082425636974893,0.16722453452154498
EleutherAI/pythia-12b,1,step0,25,18,11846072320,36,0.1304593898423083,0.16419971025864905
EleutherAI/pythia-12b,1,step0,25,19,11846072320,36,0.12848072985114453,0.17966002274259876
EleutherAI/pythia-12b,1,step0,25,20,11846072320,36,0.1388114474143262,0.16085760870685534
EleutherAI/pythia-12b,1,step0,25,21,11846072320,36,0.09825189489110539,0.17801851573660293
EleutherAI/pythia-12b,1,step0,25,22,11846072320,36,0.1365954703665352,0.15340731591098117
EleutherAI/pythia-12b,1,step0,25,23,11846072320,36,0.14318042231706882,0.15734718479327964
EleutherAI/pythia-12b,1,step0,25,24,11846072320,36,0.11646653113288202,0.17497653665172083
EleutherAI/pythia-12b,1,step0,25,25,11846072320,36,0.09473337966098527,0.18591212997822695
EleutherAI/pythia-12b,1,step0,25,26,11846072320,36,0.1309896148964986,0.15580198820121022
EleutherAI/pythia-12b,1,step0,25,27,11846072320,36,0.13195921717821293,0.1431769744266529
EleutherAI/pythia-12b,1,step0,25,28,11846072320,36,0.11430454582490537,0.2116405882344052
EleutherAI/pythia-12b,1,step0,25,29,11846072320,36,0.12657564899159798,0.16927045402494634
EleutherAI/pythia-12b,1,step0,25,30,11846072320,36,0.12225389876892344,0.18868879293155916
EleutherAI/pythia-12b,1,step0,25,31,11846072320,36,0.14689524192642697,0.1604908608045574
EleutherAI/pythia-12b,1,step0,25,32,11846072320,36,0.14046700381570387,0.1664524788299838
EleutherAI/pythia-12b,1,step0,25,33,11846072320,36,0.14675685153105053,0.13902627554227098
EleutherAI/pythia-12b,1,step0,25,34,11846072320,36,0.12334807535392919,0.17609566271965116
EleutherAI/pythia-12b,1,step0,25,35,11846072320,36,0.12244482891069156,0.1703217336376597
EleutherAI/pythia-12b,1,step0,25,36,11846072320,36,0.11190962976029323,0.18467972556817097
EleutherAI/pythia-12b,1,step0,25,37,11846072320,36,0.14650605604410524,0.1457064134479911
EleutherAI/pythia-12b,1,step0,25,38,11846072320,36,0.12502272428760117,0.1901932547831007
EleutherAI/pythia-12b,1,step0,25,39,11846072320,36,0.11752374858704501,0.1794035818578826
EleutherAI/pythia-12b,1,step0,25,40,11846072320,36,0.11100312858797583,0.18586312646644784
EleutherAI/pythia-12b,1,step0,26,1,11846072320,36,0.11536517159247,0.17848030566139975
EleutherAI/pythia-12b,1,step0,26,2,11846072320,36,0.1210466573691672,0.1666851024906914
EleutherAI/pythia-12b,1,step0,26,3,11846072320,36,0.1223803969720999,0.19595401807388918
EleutherAI/pythia-12b,1,step0,26,4,11846072320,36,0.12353042739670014,0.1899425584722209
EleutherAI/pythia-12b,1,step0,26,5,11846072320,36,0.14206071644909563,0.17319128657313612
EleutherAI/pythia-12b,1,step0,26,6,11846072320,36,0.10141783414615521,0.18229494059833137
EleutherAI/pythia-12b,1,step0,26,7,11846072320,36,0.1822825168167148,0.15834104231427287
EleutherAI/pythia-12b,1,step0,26,8,11846072320,36,0.11719340926970354,0.2126932104982368
EleutherAI/pythia-12b,1,step0,26,9,11846072320,36,0.11866760431780467,0.1903341152277347
EleutherAI/pythia-12b,1,step0,26,10,11846072320,36,0.11732867178325355,0.19957284549077794
EleutherAI/pythia-12b,1,step0,26,11,11846072320,36,0.12933069583889953,0.1721737028823958
EleutherAI/pythia-12b,1,step0,26,12,11846072320,36,0.12690836485956342,0.15934888850450063
EleutherAI/pythia-12b,1,step0,26,13,11846072320,36,0.12628917529194558,0.15810961316566205
EleutherAI/pythia-12b,1,step0,26,14,11846072320,36,0.11925517863317112,0.20098471423392894
EleutherAI/pythia-12b,1,step0,26,15,11846072320,36,0.13455806541125154,0.18084365093112884
EleutherAI/pythia-12b,1,step0,26,16,11846072320,36,0.10889568780590818,0.17701936747554362
EleutherAI/pythia-12b,1,step0,26,17,11846072320,36,0.12575863297279172,0.1485159036622301
EleutherAI/pythia-12b,1,step0,26,18,11846072320,36,0.12977521253229526,0.14119772262334282
EleutherAI/pythia-12b,1,step0,26,19,11846072320,36,0.10214220696372218,0.2033311953242342
EleutherAI/pythia-12b,1,step0,26,20,11846072320,36,0.117549689531371,0.2080385660131772
EleutherAI/pythia-12b,1,step0,26,21,11846072320,36,0.12789932636169338,0.1761627539421792
EleutherAI/pythia-12b,1,step0,26,22,11846072320,36,0.12799307078055966,0.17570245112697996
EleutherAI/pythia-12b,1,step0,26,23,11846072320,36,0.1085232798312161,0.1854596746604408
EleutherAI/pythia-12b,1,step0,26,24,11846072320,36,0.12176061536579783,0.1594612943539927
EleutherAI/pythia-12b,1,step0,26,25,11846072320,36,0.13118965865054105,0.18801996337289026
EleutherAI/pythia-12b,1,step0,26,26,11846072320,36,0.13075782796060353,0.19850278879563368
EleutherAI/pythia-12b,1,step0,26,27,11846072320,36,0.15838257114293872,0.17040731005829282
EleutherAI/pythia-12b,1,step0,26,28,11846072320,36,0.11223072262184394,0.164498094865051
EleutherAI/pythia-12b,1,step0,26,29,11846072320,36,0.12560452382127799,0.15556067704046897
EleutherAI/pythia-12b,1,step0,26,30,11846072320,36,0.13432912795885543,0.1854986240304223
EleutherAI/pythia-12b,1,step0,26,31,11846072320,36,0.13535949776323883,0.14629769658910347
EleutherAI/pythia-12b,1,step0,26,32,11846072320,36,0.10056580212694384,0.2055170886923332
EleutherAI/pythia-12b,1,step0,26,33,11846072320,36,0.10908848214223306,0.16081684054778855
EleutherAI/pythia-12b,1,step0,26,34,11846072320,36,0.11887467347152594,0.15457859875595154
EleutherAI/pythia-12b,1,step0,26,35,11846072320,36,0.09050475143444336,0.2288266650370291
EleutherAI/pythia-12b,1,step0,26,36,11846072320,36,0.11685852376973481,0.17400645883893728
EleutherAI/pythia-12b,1,step0,26,37,11846072320,36,0.1156693140223801,0.21054673814088906
EleutherAI/pythia-12b,1,step0,26,38,11846072320,36,0.1275788231531868,0.16377467574836968
EleutherAI/pythia-12b,1,step0,26,39,11846072320,36,0.11328057451425368,0.20971997992859942
EleutherAI/pythia-12b,1,step0,26,40,11846072320,36,0.1386632259107298,0.15792398366170957
EleutherAI/pythia-12b,1,step0,27,1,11846072320,36,0.11734894946128036,0.1535945196241677
EleutherAI/pythia-12b,1,step0,27,2,11846072320,36,0.11577007340619688,0.17943443845979887
EleutherAI/pythia-12b,1,step0,27,3,11846072320,36,0.11568924416606129,0.16454525944125184
EleutherAI/pythia-12b,1,step0,27,4,11846072320,36,0.11404582727756403,0.18161945017026704
EleutherAI/pythia-12b,1,step0,27,5,11846072320,36,0.12614820885832778,0.15893737516189746
EleutherAI/pythia-12b,1,step0,27,6,11846072320,36,0.1349824515951646,0.1375074658721864
EleutherAI/pythia-12b,1,step0,27,7,11846072320,36,0.13284376103923212,0.17134078493336205
EleutherAI/pythia-12b,1,step0,27,8,11846072320,36,0.13350709083045384,0.17774511901689716
EleutherAI/pythia-12b,1,step0,27,9,11846072320,36,0.10477756441489708,0.1783704269263479
EleutherAI/pythia-12b,1,step0,27,10,11846072320,36,0.12369945300770947,0.15776378080785808
EleutherAI/pythia-12b,1,step0,27,11,11846072320,36,0.131091796443448,0.16373298777541415
EleutherAI/pythia-12b,1,step0,27,12,11846072320,36,0.14231694290028496,0.16069462941260304
EleutherAI/pythia-12b,1,step0,27,13,11846072320,36,0.13051064223520922,0.14213276561349625
EleutherAI/pythia-12b,1,step0,27,14,11846072320,36,0.11841487252173029,0.18268991566288306
EleutherAI/pythia-12b,1,step0,27,15,11846072320,36,0.12131095981622507,0.17298845842189792
EleutherAI/pythia-12b,1,step0,27,16,11846072320,36,0.12288657041104344,0.16734986369953941
EleutherAI/pythia-12b,1,step0,27,17,11846072320,36,0.14831129406710283,0.16430131412270635
EleutherAI/pythia-12b,1,step0,27,18,11846072320,36,0.13085530699977463,0.1629177440215159
EleutherAI/pythia-12b,1,step0,27,19,11846072320,36,0.1057987815641739,0.16933884118982886
EleutherAI/pythia-12b,1,step0,27,20,11846072320,36,0.13203837087674358,0.15741677808242513
EleutherAI/pythia-12b,1,step0,27,21,11846072320,36,0.1107225631511918,0.1719792283786175
EleutherAI/pythia-12b,1,step0,27,22,11846072320,36,0.11550615821313388,0.1866165570461669
EleutherAI/pythia-12b,1,step0,27,23,11846072320,36,0.1372843170398706,0.16125722526776803
EleutherAI/pythia-12b,1,step0,27,24,11846072320,36,0.12323118562253563,0.185334020627064
EleutherAI/pythia-12b,1,step0,27,25,11846072320,36,0.1342449035473145,0.15354782736415526
EleutherAI/pythia-12b,1,step0,27,26,11846072320,36,0.1023635922542384,0.20787117857340573
EleutherAI/pythia-12b,1,step0,27,27,11846072320,36,0.16823819045301847,0.17040490321031915
EleutherAI/pythia-12b,1,step0,27,28,11846072320,36,0.10443586327817969,0.16912876671968813
EleutherAI/pythia-12b,1,step0,27,29,11846072320,36,0.12552001968294646,0.1852711606239368
EleutherAI/pythia-12b,1,step0,27,30,11846072320,36,0.1122044626869507,0.16253092257982793
EleutherAI/pythia-12b,1,step0,27,31,11846072320,36,0.10608901499627943,0.16994718546131704
EleutherAI/pythia-12b,1,step0,27,32,11846072320,36,0.11320484246969129,0.18772250601837223
EleutherAI/pythia-12b,1,step0,27,33,11846072320,36,0.11940086913202792,0.16274828672431427
EleutherAI/pythia-12b,1,step0,27,34,11846072320,36,0.14877106801973086,0.16119502817333725
EleutherAI/pythia-12b,1,step0,27,35,11846072320,36,0.11608397173373634,0.19304337956615392
EleutherAI/pythia-12b,1,step0,27,36,11846072320,36,0.14865861391206758,0.14946854580473432
EleutherAI/pythia-12b,1,step0,27,37,11846072320,36,0.13894429162994873,0.14905442388073814
EleutherAI/pythia-12b,1,step0,27,38,11846072320,36,0.1487913742135684,0.18957637789919296
EleutherAI/pythia-12b,1,step0,27,39,11846072320,36,0.13054911050576343,0.18947969651123778
EleutherAI/pythia-12b,1,step0,27,40,11846072320,36,0.1614831875193047,0.15858935854221515
EleutherAI/pythia-12b,1,step0,28,1,11846072320,36,0.11576672957779405,0.18590144729996852
EleutherAI/pythia-12b,1,step0,28,2,11846072320,36,0.13180522405327078,0.1820982423871084
EleutherAI/pythia-12b,1,step0,28,3,11846072320,36,0.09954435895994167,0.16552216178169835
EleutherAI/pythia-12b,1,step0,28,4,11846072320,36,0.13503151977093544,0.1750845109747426
EleutherAI/pythia-12b,1,step0,28,5,11846072320,36,0.12417517590137928,0.15942372578020028
EleutherAI/pythia-12b,1,step0,28,6,11846072320,36,0.12096659681415768,0.20945117910680644
EleutherAI/pythia-12b,1,step0,28,7,11846072320,36,0.15167245912636898,0.14180648223673165
EleutherAI/pythia-12b,1,step0,28,8,11846072320,36,0.12417298190676052,0.17340282738969487
EleutherAI/pythia-12b,1,step0,28,9,11846072320,36,0.12000285374845288,0.16570176495177605
EleutherAI/pythia-12b,1,step0,28,10,11846072320,36,0.1285583367599202,0.15967863915325908
EleutherAI/pythia-12b,1,step0,28,11,11846072320,36,0.1383755818154808,0.1936284262776464
EleutherAI/pythia-12b,1,step0,28,12,11846072320,36,0.1185050518182036,0.18659148057335395
EleutherAI/pythia-12b,1,step0,28,13,11846072320,36,0.12326861060484569,0.1737481571521397
EleutherAI/pythia-12b,1,step0,28,14,11846072320,36,0.12480244484615394,0.16124686131997773
EleutherAI/pythia-12b,1,step0,28,15,11846072320,36,0.12061035136381781,0.19585426110919707
EleutherAI/pythia-12b,1,step0,28,16,11846072320,36,0.13240493380942855,0.17145171278511526
EleutherAI/pythia-12b,1,step0,28,17,11846072320,36,0.11012528986633714,0.1782588161410646
EleutherAI/pythia-12b,1,step0,28,18,11846072320,36,0.11899642816635667,0.1937113022040184
EleutherAI/pythia-12b,1,step0,28,19,11846072320,36,0.12789532476225052,0.16956876536311058
EleutherAI/pythia-12b,1,step0,28,20,11846072320,36,0.11833185811636143,0.19968658080464363
EleutherAI/pythia-12b,1,step0,28,21,11846072320,36,0.14708616731089869,0.1729643447800083
EleutherAI/pythia-12b,1,step0,28,22,11846072320,36,0.13475716658853906,0.14579895516303742
EleutherAI/pythia-12b,1,step0,28,23,11846072320,36,0.14423712998539115,0.15147075476264715
EleutherAI/pythia-12b,1,step0,28,24,11846072320,36,0.12469771202910944,0.1784408396003661
EleutherAI/pythia-12b,1,step0,28,25,11846072320,36,0.11627884099522864,0.19771032165959698
EleutherAI/pythia-12b,1,step0,28,26,11846072320,36,0.12175258147242186,0.17021957356426803
EleutherAI/pythia-12b,1,step0,28,27,11846072320,36,0.15818743337247818,0.17664380868835308
EleutherAI/pythia-12b,1,step0,28,28,11846072320,36,0.11436575860087127,0.21091757670279823
EleutherAI/pythia-12b,1,step0,28,29,11846072320,36,0.14715422888484977,0.17019921274962005
EleutherAI/pythia-12b,1,step0,28,30,11846072320,36,0.169437481593844,0.1407047991302457
EleutherAI/pythia-12b,1,step0,28,31,11846072320,36,0.14133580603466195,0.1590942636344794
EleutherAI/pythia-12b,1,step0,28,32,11846072320,36,0.11729146809213686,0.20151550301795335
EleutherAI/pythia-12b,1,step0,28,33,11846072320,36,0.14042298954438873,0.15605386507392552
EleutherAI/pythia-12b,1,step0,28,34,11846072320,36,0.1316160661680204,0.1615431891172542
EleutherAI/pythia-12b,1,step0,28,35,11846072320,36,0.10595540609770078,0.2104514206454784
EleutherAI/pythia-12b,1,step0,28,36,11846072320,36,0.14389294678451595,0.1662922160974046
EleutherAI/pythia-12b,1,step0,28,37,11846072320,36,0.12146791914203857,0.17460932177365626
EleutherAI/pythia-12b,1,step0,28,38,11846072320,36,0.13244466192729476,0.14295782745947258
EleutherAI/pythia-12b,1,step0,28,39,11846072320,36,0.16020636653734574,0.14814908131565502
EleutherAI/pythia-12b,1,step0,28,40,11846072320,36,0.12294394130798965,0.17493283338341353
EleutherAI/pythia-12b,1,step0,29,1,11846072320,36,0.12851072857352167,0.1694979131160242
EleutherAI/pythia-12b,1,step0,29,2,11846072320,36,0.1078089246324993,0.19085188807679096
EleutherAI/pythia-12b,1,step0,29,3,11846072320,36,0.12069548613338674,0.1857240614159642
EleutherAI/pythia-12b,1,step0,29,4,11846072320,36,0.1228234532901698,0.17971195012901545
EleutherAI/pythia-12b,1,step0,29,5,11846072320,36,0.10875991444934055,0.17318890117914285
EleutherAI/pythia-12b,1,step0,29,6,11846072320,36,0.13347037679127025,0.16907170142519756
EleutherAI/pythia-12b,1,step0,29,7,11846072320,36,0.12655568885821117,0.17633647189472795
EleutherAI/pythia-12b,1,step0,29,8,11846072320,36,0.1288001029318696,0.14611630750031349
EleutherAI/pythia-12b,1,step0,29,9,11846072320,36,0.11564385019209199,0.17745086587350195
EleutherAI/pythia-12b,1,step0,29,10,11846072320,36,0.08759692977056709,0.1923653476986217
EleutherAI/pythia-12b,1,step0,29,11,11846072320,36,0.13088546644101984,0.18781749602105163
EleutherAI/pythia-12b,1,step0,29,12,11846072320,36,0.1205985869809582,0.1619855870993377
EleutherAI/pythia-12b,1,step0,29,13,11846072320,36,0.11081800755538468,0.2015173972022157
EleutherAI/pythia-12b,1,step0,29,14,11846072320,36,0.14285743014478644,0.1431626535129842
EleutherAI/pythia-12b,1,step0,29,15,11846072320,36,0.12306897258302109,0.14358070555671643
EleutherAI/pythia-12b,1,step0,29,16,11846072320,36,0.12739805664374929,0.18376732928337183
EleutherAI/pythia-12b,1,step0,29,17,11846072320,36,0.12369713334886873,0.16392044043140452
EleutherAI/pythia-12b,1,step0,29,18,11846072320,36,0.12639401162843084,0.15802268011568182
EleutherAI/pythia-12b,1,step0,29,19,11846072320,36,0.11938651502356153,0.1716885803709248
EleutherAI/pythia-12b,1,step0,29,20,11846072320,36,0.10378993184560228,0.16292443301237824
EleutherAI/pythia-12b,1,step0,29,21,11846072320,36,0.11729293795408784,0.1851117933678018
EleutherAI/pythia-12b,1,step0,29,22,11846072320,36,0.11551105759914837,0.17329192951646022
EleutherAI/pythia-12b,1,step0,29,23,11846072320,36,0.14777927586176728,0.1465585625845122
EleutherAI/pythia-12b,1,step0,29,24,11846072320,36,0.1381107453626018,0.17644212761608594
EleutherAI/pythia-12b,1,step0,29,25,11846072320,36,0.10682624517226806,0.18715474281079683
EleutherAI/pythia-12b,1,step0,29,26,11846072320,36,0.13883309537830113,0.14385586351089108
EleutherAI/pythia-12b,1,step0,29,27,11846072320,36,0.11985097282395524,0.18814055847882236
EleutherAI/pythia-12b,1,step0,29,28,11846072320,36,0.14920167270320667,0.15298841424655535
EleutherAI/pythia-12b,1,step0,29,29,11846072320,36,0.11397292317861726,0.18405412694344198
EleutherAI/pythia-12b,1,step0,29,30,11846072320,36,0.1145213776108649,0.18545669007363974
EleutherAI/pythia-12b,1,step0,29,31,11846072320,36,0.12900500929727027,0.17368081849146708
EleutherAI/pythia-12b,1,step0,29,32,11846072320,36,0.11526370988795166,0.2009406898718875
EleutherAI/pythia-12b,1,step0,29,33,11846072320,36,0.10425440582527856,0.16215156770224592
EleutherAI/pythia-12b,1,step0,29,34,11846072320,36,0.11533964353168866,0.1591646060985219
EleutherAI/pythia-12b,1,step0,29,35,11846072320,36,0.12190590689221656,0.15525617260016028
EleutherAI/pythia-12b,1,step0,29,36,11846072320,36,0.11967160332355051,0.18969708416532644
EleutherAI/pythia-12b,1,step0,29,37,11846072320,36,0.14612119359610312,0.1692376487549987
EleutherAI/pythia-12b,1,step0,29,38,11846072320,36,0.13096093155398916,0.17896610522480516
EleutherAI/pythia-12b,1,step0,29,39,11846072320,36,0.11406942146519816,0.1933941182795095
EleutherAI/pythia-12b,1,step0,29,40,11846072320,36,0.14118951591509235,0.1518503115078932
EleutherAI/pythia-12b,1,step0,30,1,11846072320,36,0.10469907020461984,0.21537206473259682
EleutherAI/pythia-12b,1,step0,30,2,11846072320,36,0.1562784240768478,0.18200437760109206
EleutherAI/pythia-12b,1,step0,30,3,11846072320,36,0.13509723898191167,0.1501356379321969
EleutherAI/pythia-12b,1,step0,30,4,11846072320,36,0.10712619722672585,0.20194769227267562
EleutherAI/pythia-12b,1,step0,30,5,11846072320,36,0.11250971500725444,0.1789628287424912
EleutherAI/pythia-12b,1,step0,30,6,11846072320,36,0.12421973879720351,0.20495636544439255
EleutherAI/pythia-12b,1,step0,30,7,11846072320,36,0.1316058796805304,0.19283415384411629
EleutherAI/pythia-12b,1,step0,30,8,11846072320,36,0.13271929009316916,0.1472794048756629
EleutherAI/pythia-12b,1,step0,30,9,11846072320,36,0.13214468314415875,0.17600823210848787
EleutherAI/pythia-12b,1,step0,30,10,11846072320,36,0.11995644011610258,0.18035439998414868
EleutherAI/pythia-12b,1,step0,30,11,11846072320,36,0.13421956508479135,0.15621389816696934
EleutherAI/pythia-12b,1,step0,30,12,11846072320,36,0.13192917609883764,0.16510517138976588
EleutherAI/pythia-12b,1,step0,30,13,11846072320,36,0.13570021223780268,0.1673486053121385
EleutherAI/pythia-12b,1,step0,30,14,11846072320,36,0.1183480920588916,0.17561866081244232
EleutherAI/pythia-12b,1,step0,30,15,11846072320,36,0.1273933136807726,0.1889377839600404
EleutherAI/pythia-12b,1,step0,30,16,11846072320,36,0.1247687720757973,0.1650922775307709
EleutherAI/pythia-12b,1,step0,30,17,11846072320,36,0.10281775374099743,0.19445955716409122
EleutherAI/pythia-12b,1,step0,30,18,11846072320,36,0.10317342111969491,0.18769799726078276
EleutherAI/pythia-12b,1,step0,30,19,11846072320,36,0.13924935726901966,0.17110607218467164
EleutherAI/pythia-12b,1,step0,30,20,11846072320,36,0.14563952092718965,0.1419273978518741
EleutherAI/pythia-12b,1,step0,30,21,11846072320,36,0.11196429105671314,0.19619605118582195
EleutherAI/pythia-12b,1,step0,30,22,11846072320,36,0.11920916037941655,0.18364147605883463
EleutherAI/pythia-12b,1,step0,30,23,11846072320,36,0.12509843719949768,0.18037378663538362
EleutherAI/pythia-12b,1,step0,30,24,11846072320,36,0.1283693792628454,0.1930280301926864
EleutherAI/pythia-12b,1,step0,30,25,11846072320,36,0.1327638221966164,0.16796179839574893
EleutherAI/pythia-12b,1,step0,30,26,11846072320,36,0.12317952513135406,0.16636070794238517
EleutherAI/pythia-12b,1,step0,30,27,11846072320,36,0.12804804144947374,0.15079610225081708
EleutherAI/pythia-12b,1,step0,30,28,11846072320,36,0.12055727745498619,0.17997443279973016
EleutherAI/pythia-12b,1,step0,30,29,11846072320,36,0.11300382635055536,0.1842274280634146
EleutherAI/pythia-12b,1,step0,30,30,11846072320,36,0.10683069880436487,0.1784608673790956
EleutherAI/pythia-12b,1,step0,30,31,11846072320,36,0.12956519612857884,0.17132604828344894
EleutherAI/pythia-12b,1,step0,30,32,11846072320,36,0.12513485863838375,0.17620705081535884
EleutherAI/pythia-12b,1,step0,30,33,11846072320,36,0.10822332029541329,0.16611025258674988
EleutherAI/pythia-12b,1,step0,30,34,11846072320,36,0.1349471533956291,0.1528077888786345
EleutherAI/pythia-12b,1,step0,30,35,11846072320,36,0.1354449445846023,0.16591940882864653
EleutherAI/pythia-12b,1,step0,30,36,11846072320,36,0.1274822653766285,0.2012619377189391
EleutherAI/pythia-12b,1,step0,30,37,11846072320,36,0.12153551971970553,0.16764665372087967
EleutherAI/pythia-12b,1,step0,30,38,11846072320,36,0.1177371401065686,0.19780115476968854
EleutherAI/pythia-12b,1,step0,30,39,11846072320,36,0.12163430777330832,0.17987981268593495
EleutherAI/pythia-12b,1,step0,30,40,11846072320,36,0.11420450224219496,0.18509008159284832
EleutherAI/pythia-12b,1,step0,31,1,11846072320,36,0.11380082362697821,0.17880241878822933
EleutherAI/pythia-12b,1,step0,31,2,11846072320,36,0.1328969788947352,0.19772644699537176
EleutherAI/pythia-12b,1,step0,31,3,11846072320,36,0.1318863270574951,0.15325406416075987
EleutherAI/pythia-12b,1,step0,31,4,11846072320,36,0.12365273244164365,0.17078832336407787
EleutherAI/pythia-12b,1,step0,31,5,11846072320,36,0.15361285744397127,0.2068341419648927
EleutherAI/pythia-12b,1,step0,31,6,11846072320,36,0.12150137454785917,0.20829379973882756
EleutherAI/pythia-12b,1,step0,31,7,11846072320,36,0.09489202848425853,0.19576847401388858
EleutherAI/pythia-12b,1,step0,31,8,11846072320,36,0.1668780534094697,0.14759291337898092
EleutherAI/pythia-12b,1,step0,31,9,11846072320,36,0.1138188161078963,0.17919738009829328
EleutherAI/pythia-12b,1,step0,31,10,11846072320,36,0.13267244732807254,0.17605592901664627
EleutherAI/pythia-12b,1,step0,31,11,11846072320,36,0.1273955067580526,0.1613849451675921
EleutherAI/pythia-12b,1,step0,31,12,11846072320,36,0.1304395781611805,0.1661598813599786
EleutherAI/pythia-12b,1,step0,31,13,11846072320,36,0.11065208314786529,0.19259030920349884
EleutherAI/pythia-12b,1,step0,31,14,11846072320,36,0.1358292872371437,0.14515476199510216
EleutherAI/pythia-12b,1,step0,31,15,11846072320,36,0.11161482435379833,0.172078003348956
EleutherAI/pythia-12b,1,step0,31,16,11846072320,36,0.12013828700727167,0.13907470587814397
EleutherAI/pythia-12b,1,step0,31,17,11846072320,36,0.13760473819130709,0.16791968648643552
EleutherAI/pythia-12b,1,step0,31,18,11846072320,36,0.10707456713917105,0.20646016777971302
EleutherAI/pythia-12b,1,step0,31,19,11846072320,36,0.11515655387025155,0.1813411168368147
EleutherAI/pythia-12b,1,step0,31,20,11846072320,36,0.1317699384615496,0.1601281524537964
EleutherAI/pythia-12b,1,step0,31,21,11846072320,36,0.1299741459121038,0.1615133029534607
EleutherAI/pythia-12b,1,step0,31,22,11846072320,36,0.1463636014297291,0.16064056872695054
EleutherAI/pythia-12b,1,step0,31,23,11846072320,36,0.1330291320746009,0.17847933161824758
EleutherAI/pythia-12b,1,step0,31,24,11846072320,36,0.13458295994894098,0.16449959637099376
EleutherAI/pythia-12b,1,step0,31,25,11846072320,36,0.11294263242478213,0.17080320924654732
EleutherAI/pythia-12b,1,step0,31,26,11846072320,36,0.09847128639338874,0.1611188105461341
EleutherAI/pythia-12b,1,step0,31,27,11846072320,36,0.12657937670948802,0.16767809712873383
EleutherAI/pythia-12b,1,step0,31,28,11846072320,36,0.12178896160029967,0.24960946957874403
EleutherAI/pythia-12b,1,step0,31,29,11846072320,36,0.15182584531426246,0.1329509527352568
EleutherAI/pythia-12b,1,step0,31,30,11846072320,36,0.1109237914888171,0.21034625568916576
EleutherAI/pythia-12b,1,step0,31,31,11846072320,36,0.105769995149706,0.19475609704001884
EleutherAI/pythia-12b,1,step0,31,32,11846072320,36,0.12906335511275593,0.15953299378858757
EleutherAI/pythia-12b,1,step0,31,33,11846072320,36,0.12270650262566833,0.21392045391292808
EleutherAI/pythia-12b,1,step0,31,34,11846072320,36,0.1325676239378101,0.16583712244065132
EleutherAI/pythia-12b,1,step0,31,35,11846072320,36,0.1253094787656276,0.15332155357263194
EleutherAI/pythia-12b,1,step0,31,36,11846072320,36,0.11988153808691476,0.18990450142673002
EleutherAI/pythia-12b,1,step0,31,37,11846072320,36,0.1046586651103319,0.16691911043795019
EleutherAI/pythia-12b,1,step0,31,38,11846072320,36,0.1589256826083402,0.1297560282773128
EleutherAI/pythia-12b,1,step0,31,39,11846072320,36,0.11542502842429607,0.15693128196516995
EleutherAI/pythia-12b,1,step0,31,40,11846072320,36,0.11773990485649384,0.17810084007389548
EleutherAI/pythia-12b,1,step0,32,1,11846072320,36,0.10709932269724277,0.17347836811878567
EleutherAI/pythia-12b,1,step0,32,2,11846072320,36,0.12770621828153145,0.16826551549371563
EleutherAI/pythia-12b,1,step0,32,3,11846072320,36,0.11585993449799377,0.22013445475974952
EleutherAI/pythia-12b,1,step0,32,4,11846072320,36,0.13321151306388432,0.18393195585792393
EleutherAI/pythia-12b,1,step0,32,5,11846072320,36,0.1136801643353011,0.1732015329169797
EleutherAI/pythia-12b,1,step0,32,6,11846072320,36,0.12992655708490902,0.1469956158741458
EleutherAI/pythia-12b,1,step0,32,7,11846072320,36,0.09874241666269817,0.20784562980258336
EleutherAI/pythia-12b,1,step0,32,8,11846072320,36,0.1521880083994285,0.1587427362335381
EleutherAI/pythia-12b,1,step0,32,9,11846072320,36,0.134387077937076,0.14899638766708134
EleutherAI/pythia-12b,1,step0,32,10,11846072320,36,0.11560453650158442,0.15614322228105482
EleutherAI/pythia-12b,1,step0,32,11,11846072320,36,0.13366981539819328,0.15814689780073657
EleutherAI/pythia-12b,1,step0,32,12,11846072320,36,0.13342715997819424,0.15452191006257993
EleutherAI/pythia-12b,1,step0,32,13,11846072320,36,0.11988149592848686,0.17475247727679055
EleutherAI/pythia-12b,1,step0,32,14,11846072320,36,0.13954398803994636,0.17948072135739315
EleutherAI/pythia-12b,1,step0,32,15,11846072320,36,0.1191053401634052,0.20510103720780065
EleutherAI/pythia-12b,1,step0,32,16,11846072320,36,0.11401752204083282,0.19379894253056681
EleutherAI/pythia-12b,1,step0,32,17,11846072320,36,0.13634361577843934,0.13491582261068413
EleutherAI/pythia-12b,1,step0,32,18,11846072320,36,0.10225818820812319,0.2459316580184363
EleutherAI/pythia-12b,1,step0,32,19,11846072320,36,0.11479747268530695,0.15899092483952323
EleutherAI/pythia-12b,1,step0,32,20,11846072320,36,0.1500377007466447,0.15924348456745924
EleutherAI/pythia-12b,1,step0,32,21,11846072320,36,0.12264311356419642,0.16828074559077125
EleutherAI/pythia-12b,1,step0,32,22,11846072320,36,0.12756548219503042,0.16078848366320755
EleutherAI/pythia-12b,1,step0,32,23,11846072320,36,0.12289472072533476,0.1847982778306211
EleutherAI/pythia-12b,1,step0,32,24,11846072320,36,0.1344951991909169,0.1619647198969179
EleutherAI/pythia-12b,1,step0,32,25,11846072320,36,0.13686657221512388,0.16565423307229982
EleutherAI/pythia-12b,1,step0,32,26,11846072320,36,0.13058698922955056,0.1565504530892223
EleutherAI/pythia-12b,1,step0,32,27,11846072320,36,0.13794002031443173,0.1789451007096393
EleutherAI/pythia-12b,1,step0,32,28,11846072320,36,0.13261548264159093,0.14398282859474415
EleutherAI/pythia-12b,1,step0,32,29,11846072320,36,0.12194626974137691,0.16257853781407297
EleutherAI/pythia-12b,1,step0,32,30,11846072320,36,0.11688445271034763,0.16562151805953573
EleutherAI/pythia-12b,1,step0,32,31,11846072320,36,0.13046818235525492,0.17168081811609653
EleutherAI/pythia-12b,1,step0,32,32,11846072320,36,0.11766161013103726,0.17999945280866486
EleutherAI/pythia-12b,1,step0,32,33,11846072320,36,0.1296003908590153,0.19924697960382912
EleutherAI/pythia-12b,1,step0,32,34,11846072320,36,0.11295554019208691,0.19521477016936367
EleutherAI/pythia-12b,1,step0,32,35,11846072320,36,0.1236760642592076,0.17998240186130854
EleutherAI/pythia-12b,1,step0,32,36,11846072320,36,0.12431663302173303,0.1772690017179057
EleutherAI/pythia-12b,1,step0,32,37,11846072320,36,0.1284650455847069,0.1630709921107725
EleutherAI/pythia-12b,1,step0,32,38,11846072320,36,0.1272081734372062,0.16738198087033293
EleutherAI/pythia-12b,1,step0,32,39,11846072320,36,0.10332930084127738,0.1918506025708652
EleutherAI/pythia-12b,1,step0,32,40,11846072320,36,0.1347281529984853,0.1606977974335934
EleutherAI/pythia-12b,1,step0,33,1,11846072320,36,0.1208428076857158,0.19439517717819668
EleutherAI/pythia-12b,1,step0,33,2,11846072320,36,0.12483891777067746,0.18736534417738335
EleutherAI/pythia-12b,1,step0,33,3,11846072320,36,0.1134351745622607,0.2045441051587104
EleutherAI/pythia-12b,1,step0,33,4,11846072320,36,0.12470530883014735,0.19916477004575117
EleutherAI/pythia-12b,1,step0,33,5,11846072320,36,0.11676442245015865,0.1634492518508935
EleutherAI/pythia-12b,1,step0,33,6,11846072320,36,0.11586863759558297,0.17818898672389014
EleutherAI/pythia-12b,1,step0,33,7,11846072320,36,0.1183236310476655,0.16466022719134077
EleutherAI/pythia-12b,1,step0,33,8,11846072320,36,0.1302769234845856,0.18495826123914377
EleutherAI/pythia-12b,1,step0,33,9,11846072320,36,0.10473750888540576,0.1875102446937525
EleutherAI/pythia-12b,1,step0,33,10,11846072320,36,0.14520583277171076,0.18978834657037666
EleutherAI/pythia-12b,1,step0,33,11,11846072320,36,0.10731774675394139,0.1326015463753326
EleutherAI/pythia-12b,1,step0,33,12,11846072320,36,0.14133814574071055,0.14290377494037237
EleutherAI/pythia-12b,1,step0,33,13,11846072320,36,0.11304631692220315,0.1845445885174759
EleutherAI/pythia-12b,1,step0,33,14,11846072320,36,0.12420672342718181,0.1897389804133334
EleutherAI/pythia-12b,1,step0,33,15,11846072320,36,0.13314063800638676,0.18838225930996302
EleutherAI/pythia-12b,1,step0,33,16,11846072320,36,0.12342149068464384,0.16354220220679272
EleutherAI/pythia-12b,1,step0,33,17,11846072320,36,0.1214994042384642,0.17891207184116759
EleutherAI/pythia-12b,1,step0,33,18,11846072320,36,0.1422895921768995,0.1429507648348584
EleutherAI/pythia-12b,1,step0,33,19,11846072320,36,0.11793844463924563,0.1866294475574348
EleutherAI/pythia-12b,1,step0,33,20,11846072320,36,0.10636588797398333,0.16147828055126168
EleutherAI/pythia-12b,1,step0,33,21,11846072320,36,0.11637522046406702,0.15955580568483638
EleutherAI/pythia-12b,1,step0,33,22,11846072320,36,0.12986801143500715,0.15108498683137753
EleutherAI/pythia-12b,1,step0,33,23,11846072320,36,0.12967227217559515,0.16937851488265812
EleutherAI/pythia-12b,1,step0,33,24,11846072320,36,0.1372512755831619,0.19632401978792816
EleutherAI/pythia-12b,1,step0,33,25,11846072320,36,0.12601978895072638,0.16332207443668048
EleutherAI/pythia-12b,1,step0,33,26,11846072320,36,0.10922662207056895,0.20704154339660927
EleutherAI/pythia-12b,1,step0,33,27,11846072320,36,0.1251848393788298,0.172499130354137
EleutherAI/pythia-12b,1,step0,33,28,11846072320,36,0.12796033879143515,0.1692470354797156
EleutherAI/pythia-12b,1,step0,33,29,11846072320,36,0.12971847487596774,0.18625841755699643
EleutherAI/pythia-12b,1,step0,33,30,11846072320,36,0.1390943461637552,0.14336222433694845
EleutherAI/pythia-12b,1,step0,33,31,11846072320,36,0.12396860940454596,0.1819702046294067
EleutherAI/pythia-12b,1,step0,33,32,11846072320,36,0.12568837873548175,0.172310910265971
EleutherAI/pythia-12b,1,step0,33,33,11846072320,36,0.1318637962109065,0.17147540880574116
EleutherAI/pythia-12b,1,step0,33,34,11846072320,36,0.11435426736960894,0.1709702854399924
EleutherAI/pythia-12b,1,step0,33,35,11846072320,36,0.10833138255430409,0.19444768209088667
EleutherAI/pythia-12b,1,step0,33,36,11846072320,36,0.12095202450771943,0.1864394975333913
EleutherAI/pythia-12b,1,step0,33,37,11846072320,36,0.1376614083700978,0.15429396857157926
EleutherAI/pythia-12b,1,step0,33,38,11846072320,36,0.1214225473044602,0.18514717721824975
EleutherAI/pythia-12b,1,step0,33,39,11846072320,36,0.09776174756432614,0.17908473129107336
EleutherAI/pythia-12b,1,step0,33,40,11846072320,36,0.13728518356141203,0.16058565575808462
EleutherAI/pythia-12b,1,step0,34,1,11846072320,36,0.13035105617420448,0.17348451285368505
EleutherAI/pythia-12b,1,step0,34,2,11846072320,36,0.11012849916477457,0.1726038167588748
EleutherAI/pythia-12b,1,step0,34,3,11846072320,36,0.14845549175935283,0.16277336213435672
EleutherAI/pythia-12b,1,step0,34,4,11846072320,36,0.1361471934009108,0.1842259938434303
EleutherAI/pythia-12b,1,step0,34,5,11846072320,36,0.15835395035845734,0.16247484146396404
EleutherAI/pythia-12b,1,step0,34,6,11846072320,36,0.12951571098878395,0.15691582252783276
EleutherAI/pythia-12b,1,step0,34,7,11846072320,36,0.1392994459841523,0.19308030698168738
EleutherAI/pythia-12b,1,step0,34,8,11846072320,36,0.10342416977481884,0.19979817350884455
EleutherAI/pythia-12b,1,step0,34,9,11846072320,36,0.12155640406069809,0.1643290763004898
EleutherAI/pythia-12b,1,step0,34,10,11846072320,36,0.1360666250961052,0.13855715864547735
EleutherAI/pythia-12b,1,step0,34,11,11846072320,36,0.1178028793088174,0.1931873383364072
EleutherAI/pythia-12b,1,step0,34,12,11846072320,36,0.09810237008686713,0.21638366748654356
EleutherAI/pythia-12b,1,step0,34,13,11846072320,36,0.11758766240823461,0.16875330433417274
EleutherAI/pythia-12b,1,step0,34,14,11846072320,36,0.10751655640488894,0.161674289066378
EleutherAI/pythia-12b,1,step0,34,15,11846072320,36,0.1525306572002154,0.14552642558575477
EleutherAI/pythia-12b,1,step0,34,16,11846072320,36,0.12506564522536842,0.1757847293735937
EleutherAI/pythia-12b,1,step0,34,17,11846072320,36,0.1425779089387562,0.1449725980766945
EleutherAI/pythia-12b,1,step0,34,18,11846072320,36,0.12639856597481364,0.19574613621396877
EleutherAI/pythia-12b,1,step0,34,19,11846072320,36,0.13718563893267338,0.19457488371668988
EleutherAI/pythia-12b,1,step0,34,20,11846072320,36,0.11968272243131384,0.1740785949827135
EleutherAI/pythia-12b,1,step0,34,21,11846072320,36,0.11745751075804588,0.1915403836750769
EleutherAI/pythia-12b,1,step0,34,22,11846072320,36,0.1179210453688561,0.19279942868764063
EleutherAI/pythia-12b,1,step0,34,23,11846072320,36,0.1414735496586731,0.1719203018261729
EleutherAI/pythia-12b,1,step0,34,24,11846072320,36,0.13713525860450107,0.1697805385264727
EleutherAI/pythia-12b,1,step0,34,25,11846072320,36,0.14538598674218034,0.14994266408554333
EleutherAI/pythia-12b,1,step0,34,26,11846072320,36,0.12991980471097309,0.16706522671063917
EleutherAI/pythia-12b,1,step0,34,27,11846072320,36,0.13476832712757153,0.1646163607094515
EleutherAI/pythia-12b,1,step0,34,28,11846072320,36,0.16081595399022636,0.1442032936798246
EleutherAI/pythia-12b,1,step0,34,29,11846072320,36,0.12536539380122588,0.166737170529191
EleutherAI/pythia-12b,1,step0,34,30,11846072320,36,0.12238477752753739,0.17192176730279715
EleutherAI/pythia-12b,1,step0,34,31,11846072320,36,0.11502891372296362,0.18424968901943334
EleutherAI/pythia-12b,1,step0,34,32,11846072320,36,0.11002905651445946,0.16978816915158032
EleutherAI/pythia-12b,1,step0,34,33,11846072320,36,0.129640545245741,0.15916663411635532
EleutherAI/pythia-12b,1,step0,34,34,11846072320,36,0.13515299610659343,0.16262608175319768
EleutherAI/pythia-12b,1,step0,34,35,11846072320,36,0.12863445028595555,0.15315516492737838
EleutherAI/pythia-12b,1,step0,34,36,11846072320,36,0.13941692335491956,0.16364371710297487
EleutherAI/pythia-12b,1,step0,34,37,11846072320,36,0.1622221357728894,0.12834853961974288
EleutherAI/pythia-12b,1,step0,34,38,11846072320,36,0.1262657597280658,0.15554330350590626
EleutherAI/pythia-12b,1,step0,34,39,11846072320,36,0.13559312658110356,0.17703738559719853
EleutherAI/pythia-12b,1,step0,34,40,11846072320,36,0.1351444276424499,0.14735010808596646
EleutherAI/pythia-12b,1,step0,35,1,11846072320,36,0.11878564452903492,0.1895070873010713
EleutherAI/pythia-12b,1,step0,35,2,11846072320,36,0.10101877103976387,0.17366020597360868
EleutherAI/pythia-12b,1,step0,35,3,11846072320,36,0.13809463199418223,0.15575409306957194
EleutherAI/pythia-12b,1,step0,35,4,11846072320,36,0.14349601079930768,0.15814536498361698
EleutherAI/pythia-12b,1,step0,35,5,11846072320,36,0.13925110787018996,0.17168312297166285
EleutherAI/pythia-12b,1,step0,35,6,11846072320,36,0.12931163468070928,0.16890434759694173
EleutherAI/pythia-12b,1,step0,35,7,11846072320,36,0.12332534653556951,0.15966560427860182
EleutherAI/pythia-12b,1,step0,35,8,11846072320,36,0.1118302367202512,0.20695538129713437
EleutherAI/pythia-12b,1,step0,35,9,11846072320,36,0.13107756341810337,0.1825272130273707
EleutherAI/pythia-12b,1,step0,35,10,11846072320,36,0.1261049848771444,0.16892239359674507
EleutherAI/pythia-12b,1,step0,35,11,11846072320,36,0.13400441718598202,0.18702224514785556
EleutherAI/pythia-12b,1,step0,35,12,11846072320,36,0.09204331300761155,0.19268224512537316
EleutherAI/pythia-12b,1,step0,35,13,11846072320,36,0.12370445131808068,0.21331878598253645
EleutherAI/pythia-12b,1,step0,35,14,11846072320,36,0.09182149722791824,0.20695376395060489
EleutherAI/pythia-12b,1,step0,35,15,11846072320,36,0.1461419268502845,0.15441984709285128
EleutherAI/pythia-12b,1,step0,35,16,11846072320,36,0.11726948175881356,0.1845727081581189
EleutherAI/pythia-12b,1,step0,35,17,11846072320,36,0.10916793657405235,0.18200596289390375
EleutherAI/pythia-12b,1,step0,35,18,11846072320,36,0.13018020470109246,0.17933556986497234
EleutherAI/pythia-12b,1,step0,35,19,11846072320,36,0.12200794327590196,0.14401442621339544
EleutherAI/pythia-12b,1,step0,35,20,11846072320,36,0.11800563413168749,0.1949080850638158
EleutherAI/pythia-12b,1,step0,35,21,11846072320,36,0.1286984200759961,0.1569128923157269
EleutherAI/pythia-12b,1,step0,35,22,11846072320,36,0.12376203033345952,0.18139514068348536
EleutherAI/pythia-12b,1,step0,35,23,11846072320,36,0.13575052926400755,0.1606362504862226
EleutherAI/pythia-12b,1,step0,35,24,11846072320,36,0.1009889332516057,0.18105270681964292
EleutherAI/pythia-12b,1,step0,35,25,11846072320,36,0.12718246301619315,0.1508127549920488
EleutherAI/pythia-12b,1,step0,35,26,11846072320,36,0.1096131261829678,0.22452391508418515
EleutherAI/pythia-12b,1,step0,35,27,11846072320,36,0.132926357719857,0.16037269092693518
EleutherAI/pythia-12b,1,step0,35,28,11846072320,36,0.14885615210633374,0.14055140585814774
EleutherAI/pythia-12b,1,step0,35,29,11846072320,36,0.1148725111742277,0.1862083516718523
EleutherAI/pythia-12b,1,step0,35,30,11846072320,36,0.1465735878605205,0.1434664909753042
EleutherAI/pythia-12b,1,step0,35,31,11846072320,36,0.15882682872449488,0.13727950993589716
EleutherAI/pythia-12b,1,step0,35,32,11846072320,36,0.13571817475977957,0.1785010568652156
EleutherAI/pythia-12b,1,step0,35,33,11846072320,36,0.14468377873905602,0.18433753193800778
EleutherAI/pythia-12b,1,step0,35,34,11846072320,36,0.12201872677752022,0.16869752526048332
EleutherAI/pythia-12b,1,step0,35,35,11846072320,36,0.12038068546614306,0.14869914628990416
EleutherAI/pythia-12b,1,step0,35,36,11846072320,36,0.12200249064792022,0.1695246475751514
EleutherAI/pythia-12b,1,step0,35,37,11846072320,36,0.11749567320520003,0.1663869967342944
EleutherAI/pythia-12b,1,step0,35,38,11846072320,36,0.11858195149515928,0.19709607206743665
EleutherAI/pythia-12b,1,step0,35,39,11846072320,36,0.12840555441026033,0.16974772745323874
EleutherAI/pythia-12b,1,step0,35,40,11846072320,36,0.1318382168350903,0.15005500445718517
EleutherAI/pythia-12b,1,step0,36,1,11846072320,36,0.1317782098254015,0.17240909050154432
EleutherAI/pythia-12b,1,step0,36,2,11846072320,36,0.1575950983095097,0.18902464754398426
EleutherAI/pythia-12b,1,step0,36,3,11846072320,36,0.15022476948797697,0.14851524433339228
EleutherAI/pythia-12b,1,step0,36,4,11846072320,36,0.11874202692003039,0.19013771083340178
EleutherAI/pythia-12b,1,step0,36,5,11846072320,36,0.1228174419777171,0.19417864009570157
EleutherAI/pythia-12b,1,step0,36,6,11846072320,36,0.12123042074320191,0.20955358421312523
EleutherAI/pythia-12b,1,step0,36,7,11846072320,36,0.1139407246331642,0.18696225393149585
EleutherAI/pythia-12b,1,step0,36,8,11846072320,36,0.11140237664719956,0.15569802540334848
EleutherAI/pythia-12b,1,step0,36,9,11846072320,36,0.11612142583316148,0.18162981993812427
EleutherAI/pythia-12b,1,step0,36,10,11846072320,36,0.11288008785194101,0.1617837407522731
EleutherAI/pythia-12b,1,step0,36,11,11846072320,36,0.10385870063179602,0.22420865762978787
EleutherAI/pythia-12b,1,step0,36,12,11846072320,36,0.1007600798307954,0.1782580551274635
EleutherAI/pythia-12b,1,step0,36,13,11846072320,36,0.10470490751916667,0.18022327830696155
EleutherAI/pythia-12b,1,step0,36,14,11846072320,36,0.12812872829514219,0.16598586266854767
EleutherAI/pythia-12b,1,step0,36,15,11846072320,36,0.15992117225676322,0.13571291713620176
EleutherAI/pythia-12b,1,step0,36,16,11846072320,36,0.11803342631316037,0.20566124038060413
EleutherAI/pythia-12b,1,step0,36,17,11846072320,36,0.11605021760550074,0.18781380936805456
EleutherAI/pythia-12b,1,step0,36,18,11846072320,36,0.13143365627697276,0.16713427919502905
EleutherAI/pythia-12b,1,step0,36,19,11846072320,36,0.14602056143989967,0.146370681668366
EleutherAI/pythia-12b,1,step0,36,20,11846072320,36,0.15316693173223606,0.13937366766122364
EleutherAI/pythia-12b,1,step0,36,21,11846072320,36,0.11164055655880997,0.22389563514820265
EleutherAI/pythia-12b,1,step0,36,22,11846072320,36,0.13324263226520547,0.19227760960278026
EleutherAI/pythia-12b,1,step0,36,23,11846072320,36,0.12265208590630292,0.166007883072056
EleutherAI/pythia-12b,1,step0,36,24,11846072320,36,0.10663829571581455,0.2125805553591421
EleutherAI/pythia-12b,1,step0,36,25,11846072320,36,0.13311555877596404,0.180760549907167
EleutherAI/pythia-12b,1,step0,36,26,11846072320,36,0.10262862232432615,0.18458734403501398
EleutherAI/pythia-12b,1,step0,36,27,11846072320,36,0.10597117715892755,0.1790061629106019
EleutherAI/pythia-12b,1,step0,36,28,11846072320,36,0.12214653699605668,0.19162389856145096
EleutherAI/pythia-12b,1,step0,36,29,11846072320,36,0.12097127195279873,0.16713175249451
EleutherAI/pythia-12b,1,step0,36,30,11846072320,36,0.12470401770941483,0.15938597383095066
EleutherAI/pythia-12b,1,step0,36,31,11846072320,36,0.14165455334492627,0.15869691024895183
EleutherAI/pythia-12b,1,step0,36,32,11846072320,36,0.12959482119762677,0.15322427796171945
EleutherAI/pythia-12b,1,step0,36,33,11846072320,36,0.10424982504667459,0.18493274421159833
EleutherAI/pythia-12b,1,step0,36,34,11846072320,36,0.12787179403320265,0.2102305787551152
EleutherAI/pythia-12b,1,step0,36,35,11846072320,36,0.12603726821137706,0.15491109806205233
EleutherAI/pythia-12b,1,step0,36,36,11846072320,36,0.125272017391818,0.20303496606815769
EleutherAI/pythia-12b,1,step0,36,37,11846072320,36,0.15007512259657851,0.13184887114017302
EleutherAI/pythia-12b,1,step0,36,38,11846072320,36,0.11191739174383535,0.17247386687566654
EleutherAI/pythia-12b,1,step0,36,39,11846072320,36,0.15514576486549575,0.14820519931804574
EleutherAI/pythia-12b,1,step0,36,40,11846072320,36,0.11616119965575296,0.18295592583671164
