mpath,step_modded,revision,Layer,Head,n_params,n_layers,mean_1back,mean_first
EleutherAI/pythia-12b,17,step16,1,1,11846072320,36,0.1251848386125163,0.1655048915540223
EleutherAI/pythia-12b,17,step16,1,2,11846072320,36,0.12242904568353927,0.16682853611807025
EleutherAI/pythia-12b,17,step16,1,3,11846072320,36,0.12469250806984865,0.16825967133828287
EleutherAI/pythia-12b,17,step16,1,4,11846072320,36,0.12608841837694243,0.15830935716248665
EleutherAI/pythia-12b,17,step16,1,5,11846072320,36,0.12388077587750666,0.16356629924708832
EleutherAI/pythia-12b,17,step16,1,6,11846072320,36,0.12260014314047832,0.17416270145469595
EleutherAI/pythia-12b,17,step16,1,7,11846072320,36,0.12331134188562269,0.1728830517859788
EleutherAI/pythia-12b,17,step16,1,8,11846072320,36,0.1263999326501388,0.16534427484055536
EleutherAI/pythia-12b,17,step16,1,9,11846072320,36,0.13167629669792386,0.1764731751167559
EleutherAI/pythia-12b,17,step16,1,10,11846072320,36,0.12103535761279204,0.16169136486858035
EleutherAI/pythia-12b,17,step16,1,11,11846072320,36,0.12746304682212634,0.16530379218919136
EleutherAI/pythia-12b,17,step16,1,12,11846072320,36,0.13429538748722084,0.17562243799390911
EleutherAI/pythia-12b,17,step16,1,13,11846072320,36,0.12195388040877315,0.1692460404020977
EleutherAI/pythia-12b,17,step16,1,14,11846072320,36,0.1180062450820932,0.16175356086108594
EleutherAI/pythia-12b,17,step16,1,15,11846072320,36,0.11920637070752296,0.16226680738454283
EleutherAI/pythia-12b,17,step16,1,16,11846072320,36,0.12519395367910818,0.17323999132614232
EleutherAI/pythia-12b,17,step16,1,17,11846072320,36,0.12832189657565973,0.16483226854790434
EleutherAI/pythia-12b,17,step16,1,18,11846072320,36,0.1327649668619797,0.16964469826570497
EleutherAI/pythia-12b,17,step16,1,19,11846072320,36,0.12242200883390662,0.17079057402394193
EleutherAI/pythia-12b,17,step16,1,20,11846072320,36,0.12345292020935908,0.1718594010125051
EleutherAI/pythia-12b,17,step16,1,21,11846072320,36,0.11732263237730156,0.16571928871734
EleutherAI/pythia-12b,17,step16,1,22,11846072320,36,0.13463349306435732,0.1749939153323302
EleutherAI/pythia-12b,17,step16,1,23,11846072320,36,0.11986087258435311,0.1574472071653282
EleutherAI/pythia-12b,17,step16,1,24,11846072320,36,0.12598353478912114,0.16991389112116334
EleutherAI/pythia-12b,17,step16,1,25,11846072320,36,0.12590867423874744,0.15854805498733532
EleutherAI/pythia-12b,17,step16,1,26,11846072320,36,0.11886476144312062,0.16196657454891422
EleutherAI/pythia-12b,17,step16,1,27,11846072320,36,0.12436902068846215,0.1660716589763984
EleutherAI/pythia-12b,17,step16,1,28,11846072320,36,0.11648111611985046,0.15857519974020326
EleutherAI/pythia-12b,17,step16,1,29,11846072320,36,0.12114396717332232,0.16902207551865245
EleutherAI/pythia-12b,17,step16,1,30,11846072320,36,0.12125653298096252,0.16416777357145826
EleutherAI/pythia-12b,17,step16,1,31,11846072320,36,0.12505652655374713,0.16568151741168338
EleutherAI/pythia-12b,17,step16,1,32,11846072320,36,0.12366958213382741,0.16322432401906078
EleutherAI/pythia-12b,17,step16,1,33,11846072320,36,0.12070524033617683,0.16743610671780126
EleutherAI/pythia-12b,17,step16,1,34,11846072320,36,0.12495427645250659,0.1624540884394545
EleutherAI/pythia-12b,17,step16,1,35,11846072320,36,0.12416566868086115,0.1603527121726904
EleutherAI/pythia-12b,17,step16,1,36,11846072320,36,0.11475176834599209,0.15542379263844391
EleutherAI/pythia-12b,17,step16,1,37,11846072320,36,0.1226774859228157,0.16319444400255562
EleutherAI/pythia-12b,17,step16,1,38,11846072320,36,0.13001073689085313,0.167808717312487
EleutherAI/pythia-12b,17,step16,1,39,11846072320,36,0.1270450733311183,0.16339843322497763
EleutherAI/pythia-12b,17,step16,1,40,11846072320,36,0.13115124858345262,0.1686179166094766
EleutherAI/pythia-12b,17,step16,2,1,11846072320,36,0.12882322392652965,0.15392869293085623
EleutherAI/pythia-12b,17,step16,2,2,11846072320,36,0.1243008950266528,0.17463631201927007
EleutherAI/pythia-12b,17,step16,2,3,11846072320,36,0.12097371662421534,0.16154502964838663
EleutherAI/pythia-12b,17,step16,2,4,11846072320,36,0.12825618293583838,0.16130749394630522
EleutherAI/pythia-12b,17,step16,2,5,11846072320,36,0.1287865543167467,0.1588025487869888
EleutherAI/pythia-12b,17,step16,2,6,11846072320,36,0.1254540979834245,0.16325761168333766
EleutherAI/pythia-12b,17,step16,2,7,11846072320,36,0.1207389619716026,0.17250934094414336
EleutherAI/pythia-12b,17,step16,2,8,11846072320,36,0.12341089147302477,0.16474434355827597
EleutherAI/pythia-12b,17,step16,2,9,11846072320,36,0.12273159620349289,0.16931567190623315
EleutherAI/pythia-12b,17,step16,2,10,11846072320,36,0.12787830436115594,0.1680790073554347
EleutherAI/pythia-12b,17,step16,2,11,11846072320,36,0.13230735346585418,0.18110132417655558
EleutherAI/pythia-12b,17,step16,2,12,11846072320,36,0.13473700130129,0.15176856761669608
EleutherAI/pythia-12b,17,step16,2,13,11846072320,36,0.127586293669121,0.16713318171108266
EleutherAI/pythia-12b,17,step16,2,14,11846072320,36,0.13217976677032917,0.16097738263518868
EleutherAI/pythia-12b,17,step16,2,15,11846072320,36,0.11706126799566427,0.15187112862865126
EleutherAI/pythia-12b,17,step16,2,16,11846072320,36,0.13664523424306607,0.16412798144124646
EleutherAI/pythia-12b,17,step16,2,17,11846072320,36,0.12145326311725213,0.1806263140802671
EleutherAI/pythia-12b,17,step16,2,18,11846072320,36,0.13826445549413244,0.1408691803782104
EleutherAI/pythia-12b,17,step16,2,19,11846072320,36,0.13520514556729754,0.15432970805300603
EleutherAI/pythia-12b,17,step16,2,20,11846072320,36,0.12523995922156816,0.19218954460991838
EleutherAI/pythia-12b,17,step16,2,21,11846072320,36,0.1278957445174455,0.15695539715367032
EleutherAI/pythia-12b,17,step16,2,22,11846072320,36,0.12378084507432424,0.15510728471987953
EleutherAI/pythia-12b,17,step16,2,23,11846072320,36,0.12244470233752111,0.14976964702454948
EleutherAI/pythia-12b,17,step16,2,24,11846072320,36,0.124706714450418,0.16188980549484397
EleutherAI/pythia-12b,17,step16,2,25,11846072320,36,0.11918898012947746,0.17234067473415135
EleutherAI/pythia-12b,17,step16,2,26,11846072320,36,0.1322091065693993,0.1842004942732888
EleutherAI/pythia-12b,17,step16,2,27,11846072320,36,0.12875364562804184,0.17057708975252084
EleutherAI/pythia-12b,17,step16,2,28,11846072320,36,0.12110926233254392,0.16303199319890485
EleutherAI/pythia-12b,17,step16,2,29,11846072320,36,0.13078634436703745,0.15901918742279925
EleutherAI/pythia-12b,17,step16,2,30,11846072320,36,0.11561977445195472,0.15450439439085237
EleutherAI/pythia-12b,17,step16,2,31,11846072320,36,0.12670264769535697,0.16050549266250191
EleutherAI/pythia-12b,17,step16,2,32,11846072320,36,0.12720603273493478,0.1540180481634698
EleutherAI/pythia-12b,17,step16,2,33,11846072320,36,0.1299753519440735,0.17501090925086185
EleutherAI/pythia-12b,17,step16,2,34,11846072320,36,0.11916225188476094,0.1582787648883757
EleutherAI/pythia-12b,17,step16,2,35,11846072320,36,0.11965374195774839,0.14885133347689386
EleutherAI/pythia-12b,17,step16,2,36,11846072320,36,0.1273664759511167,0.15504004397393165
EleutherAI/pythia-12b,17,step16,2,37,11846072320,36,0.12452110168230422,0.17177470483154322
EleutherAI/pythia-12b,17,step16,2,38,11846072320,36,0.13120532111899627,0.16333771410870834
EleutherAI/pythia-12b,17,step16,2,39,11846072320,36,0.12358022193136332,0.15626825730654745
EleutherAI/pythia-12b,17,step16,2,40,11846072320,36,0.1209727704731954,0.17146321879448112
EleutherAI/pythia-12b,17,step16,3,1,11846072320,36,0.1282111956953286,0.17323215876345158
EleutherAI/pythia-12b,17,step16,3,2,11846072320,36,0.14618761570111763,0.17575263374068353
EleutherAI/pythia-12b,17,step16,3,3,11846072320,36,0.12752525584475768,0.17131263489188908
EleutherAI/pythia-12b,17,step16,3,4,11846072320,36,0.11935426376189462,0.18197642570478956
EleutherAI/pythia-12b,17,step16,3,5,11846072320,36,0.12689670856046423,0.1809451493180102
EleutherAI/pythia-12b,17,step16,3,6,11846072320,36,0.13250977222950336,0.21813319469088902
EleutherAI/pythia-12b,17,step16,3,7,11846072320,36,0.12067163457629734,0.16345684234802424
EleutherAI/pythia-12b,17,step16,3,8,11846072320,36,0.12478323658654188,0.17007128595075266
EleutherAI/pythia-12b,17,step16,3,9,11846072320,36,0.14333261406837816,0.15540497183699056
EleutherAI/pythia-12b,17,step16,3,10,11846072320,36,0.12512157493838671,0.17703254301906432
EleutherAI/pythia-12b,17,step16,3,11,11846072320,36,0.1154005176838006,0.18740488184118143
EleutherAI/pythia-12b,17,step16,3,12,11846072320,36,0.11765009549365293,0.1953379596770928
EleutherAI/pythia-12b,17,step16,3,13,11846072320,36,0.13797391075976526,0.16526688813503168
EleutherAI/pythia-12b,17,step16,3,14,11846072320,36,0.1255925007600773,0.17705035875285705
EleutherAI/pythia-12b,17,step16,3,15,11846072320,36,0.11955762130988606,0.16771045686011465
EleutherAI/pythia-12b,17,step16,3,16,11846072320,36,0.12424794314345257,0.19791053596033792
EleutherAI/pythia-12b,17,step16,3,17,11846072320,36,0.13449667947361235,0.15755660859616216
EleutherAI/pythia-12b,17,step16,3,18,11846072320,36,0.12500524086256817,0.17585974313631964
EleutherAI/pythia-12b,17,step16,3,19,11846072320,36,0.11492543667275175,0.180789751325127
EleutherAI/pythia-12b,17,step16,3,20,11846072320,36,0.11502302667075713,0.15558059322270182
EleutherAI/pythia-12b,17,step16,3,21,11846072320,36,0.12968739835606946,0.14866491627820705
EleutherAI/pythia-12b,17,step16,3,22,11846072320,36,0.12177689671348609,0.1688614853772449
EleutherAI/pythia-12b,17,step16,3,23,11846072320,36,0.12522993568476432,0.17121010612383167
EleutherAI/pythia-12b,17,step16,3,24,11846072320,36,0.127852377037073,0.1525316928449022
EleutherAI/pythia-12b,17,step16,3,25,11846072320,36,0.1264386892699085,0.1788112267141451
EleutherAI/pythia-12b,17,step16,3,26,11846072320,36,0.11287361674021937,0.14333861961669925
EleutherAI/pythia-12b,17,step16,3,27,11846072320,36,0.1263528234372894,0.18017551441349688
EleutherAI/pythia-12b,17,step16,3,28,11846072320,36,0.1261936639947397,0.176304188724775
EleutherAI/pythia-12b,17,step16,3,29,11846072320,36,0.13308656123094817,0.1689393222276065
EleutherAI/pythia-12b,17,step16,3,30,11846072320,36,0.13419827378100457,0.16927697622516488
EleutherAI/pythia-12b,17,step16,3,31,11846072320,36,0.12829614636228157,0.17399288789724351
EleutherAI/pythia-12b,17,step16,3,32,11846072320,36,0.12419906934840717,0.16185253875626543
EleutherAI/pythia-12b,17,step16,3,33,11846072320,36,0.1188095899259632,0.1748828708666849
EleutherAI/pythia-12b,17,step16,3,34,11846072320,36,0.12523099764700493,0.163685052230529
EleutherAI/pythia-12b,17,step16,3,35,11846072320,36,0.1477836495875059,0.18019610025581562
EleutherAI/pythia-12b,17,step16,3,36,11846072320,36,0.11868320042183535,0.1855538977511428
EleutherAI/pythia-12b,17,step16,3,37,11846072320,36,0.1277032971533166,0.17133040275626082
EleutherAI/pythia-12b,17,step16,3,38,11846072320,36,0.12146986429174021,0.1922323488582809
EleutherAI/pythia-12b,17,step16,3,39,11846072320,36,0.1271450432862068,0.17129173447509424
EleutherAI/pythia-12b,17,step16,3,40,11846072320,36,0.12377338641667147,0.17191493789198337
EleutherAI/pythia-12b,17,step16,4,1,11846072320,36,0.12040634312339726,0.17941153641264357
EleutherAI/pythia-12b,17,step16,4,2,11846072320,36,0.1464092452414669,0.14820768820630892
EleutherAI/pythia-12b,17,step16,4,3,11846072320,36,0.1277104916985149,0.17955479055766135
EleutherAI/pythia-12b,17,step16,4,4,11846072320,36,0.11517957359686624,0.17892930368884455
EleutherAI/pythia-12b,17,step16,4,5,11846072320,36,0.12805491570081257,0.16379100901799065
EleutherAI/pythia-12b,17,step16,4,6,11846072320,36,0.1311787151068717,0.19418144053234168
EleutherAI/pythia-12b,17,step16,4,7,11846072320,36,0.14403069752629272,0.1459078727396311
EleutherAI/pythia-12b,17,step16,4,8,11846072320,36,0.13383508148650683,0.19150842350625147
EleutherAI/pythia-12b,17,step16,4,9,11846072320,36,0.1131013372812319,0.16660639876359928
EleutherAI/pythia-12b,17,step16,4,10,11846072320,36,0.13467195437096793,0.1584526591545513
EleutherAI/pythia-12b,17,step16,4,11,11846072320,36,0.12410940813857152,0.17570237247636902
EleutherAI/pythia-12b,17,step16,4,12,11846072320,36,0.13415682939504892,0.1910485411230642
EleutherAI/pythia-12b,17,step16,4,13,11846072320,36,0.11670597453319181,0.20241580586936375
EleutherAI/pythia-12b,17,step16,4,14,11846072320,36,0.12025940179679392,0.20868526748171792
EleutherAI/pythia-12b,17,step16,4,15,11846072320,36,0.12660588826368874,0.17085982810191291
EleutherAI/pythia-12b,17,step16,4,16,11846072320,36,0.13571281340700367,0.17763841421799254
EleutherAI/pythia-12b,17,step16,4,17,11846072320,36,0.1350883058196789,0.15996311958208004
EleutherAI/pythia-12b,17,step16,4,18,11846072320,36,0.1264172812515461,0.15236418643636296
EleutherAI/pythia-12b,17,step16,4,19,11846072320,36,0.13764696653272293,0.15216464065742472
EleutherAI/pythia-12b,17,step16,4,20,11846072320,36,0.1418130506199222,0.14615268084324065
EleutherAI/pythia-12b,17,step16,4,21,11846072320,36,0.10894560671548492,0.17651780256190452
EleutherAI/pythia-12b,17,step16,4,22,11846072320,36,0.11500307602399548,0.19396670256649048
EleutherAI/pythia-12b,17,step16,4,23,11846072320,36,0.11302999859569483,0.19266831517700583
EleutherAI/pythia-12b,17,step16,4,24,11846072320,36,0.15565624254736093,0.1786235521712505
EleutherAI/pythia-12b,17,step16,4,25,11846072320,36,0.12735587234298384,0.1805205584025463
EleutherAI/pythia-12b,17,step16,4,26,11846072320,36,0.13170305761444315,0.1497649098928268
EleutherAI/pythia-12b,17,step16,4,27,11846072320,36,0.1308537426127775,0.1739591886946657
EleutherAI/pythia-12b,17,step16,4,28,11846072320,36,0.12215049782986036,0.1717199784292428
EleutherAI/pythia-12b,17,step16,4,29,11846072320,36,0.12626865328857306,0.19486565614124762
EleutherAI/pythia-12b,17,step16,4,30,11846072320,36,0.1279492923436132,0.18274481412493157
EleutherAI/pythia-12b,17,step16,4,31,11846072320,36,0.12750857935340193,0.15985369628893806
EleutherAI/pythia-12b,17,step16,4,32,11846072320,36,0.13399354433333188,0.15869311455849766
EleutherAI/pythia-12b,17,step16,4,33,11846072320,36,0.12779587987172708,0.18806305219763297
EleutherAI/pythia-12b,17,step16,4,34,11846072320,36,0.11917117075273041,0.1846093006611049
EleutherAI/pythia-12b,17,step16,4,35,11846072320,36,0.12860234099085083,0.1644035285875738
EleutherAI/pythia-12b,17,step16,4,36,11846072320,36,0.12599619112729843,0.15434641112760825
EleutherAI/pythia-12b,17,step16,4,37,11846072320,36,0.12136115758279865,0.19691930022985635
EleutherAI/pythia-12b,17,step16,4,38,11846072320,36,0.13645239733718892,0.17193116077331
EleutherAI/pythia-12b,17,step16,4,39,11846072320,36,0.14260887619465942,0.1604326724021642
EleutherAI/pythia-12b,17,step16,4,40,11846072320,36,0.12272788292809467,0.14329935164769755
EleutherAI/pythia-12b,17,step16,5,1,11846072320,36,0.12635294053222498,0.17730282168197736
EleutherAI/pythia-12b,17,step16,5,2,11846072320,36,0.13255816290306074,0.14306598800226103
EleutherAI/pythia-12b,17,step16,5,3,11846072320,36,0.13292543828353148,0.1679084777591509
EleutherAI/pythia-12b,17,step16,5,4,11846072320,36,0.12164345159902941,0.16744716263546774
EleutherAI/pythia-12b,17,step16,5,5,11846072320,36,0.13768204936461223,0.170578409128965
EleutherAI/pythia-12b,17,step16,5,6,11846072320,36,0.10907191520293907,0.17927505715551584
EleutherAI/pythia-12b,17,step16,5,7,11846072320,36,0.1424329017565862,0.16124392178066227
EleutherAI/pythia-12b,17,step16,5,8,11846072320,36,0.1211776085164364,0.18701578341368524
EleutherAI/pythia-12b,17,step16,5,9,11846072320,36,0.13895775742448482,0.16233061843862132
EleutherAI/pythia-12b,17,step16,5,10,11846072320,36,0.1053317455524528,0.2102434805121731
EleutherAI/pythia-12b,17,step16,5,11,11846072320,36,0.11132255399336771,0.1925885869363496
EleutherAI/pythia-12b,17,step16,5,12,11846072320,36,0.13230775627824992,0.16326218343118912
EleutherAI/pythia-12b,17,step16,5,13,11846072320,36,0.13604005519580373,0.16600715019110887
EleutherAI/pythia-12b,17,step16,5,14,11846072320,36,0.14102830341248,0.15548874931717596
EleutherAI/pythia-12b,17,step16,5,15,11846072320,36,0.12989976663735353,0.19683784996536935
EleutherAI/pythia-12b,17,step16,5,16,11846072320,36,0.12234759621333338,0.1709249871013848
EleutherAI/pythia-12b,17,step16,5,17,11846072320,36,0.1301528458279353,0.1918402633436762
EleutherAI/pythia-12b,17,step16,5,18,11846072320,36,0.12645733687053387,0.16514481667306147
EleutherAI/pythia-12b,17,step16,5,19,11846072320,36,0.14080074390357317,0.13979891079335327
EleutherAI/pythia-12b,17,step16,5,20,11846072320,36,0.11373303457814916,0.1975241691830593
EleutherAI/pythia-12b,17,step16,5,21,11846072320,36,0.10644656311239561,0.16745597751693678
EleutherAI/pythia-12b,17,step16,5,22,11846072320,36,0.11006361984734506,0.1545169084855878
EleutherAI/pythia-12b,17,step16,5,23,11846072320,36,0.11974320069581892,0.16428580038618662
EleutherAI/pythia-12b,17,step16,5,24,11846072320,36,0.13091401471658506,0.1777896828188731
EleutherAI/pythia-12b,17,step16,5,25,11846072320,36,0.12486779440876775,0.1588807338261389
EleutherAI/pythia-12b,17,step16,5,26,11846072320,36,0.13451320149966542,0.14862760983955658
EleutherAI/pythia-12b,17,step16,5,27,11846072320,36,0.12612033267883027,0.15948936490582538
EleutherAI/pythia-12b,17,step16,5,28,11846072320,36,0.11223194470444506,0.1683241118713318
EleutherAI/pythia-12b,17,step16,5,29,11846072320,36,0.1307182382993601,0.18152619110191007
EleutherAI/pythia-12b,17,step16,5,30,11846072320,36,0.1291986332238615,0.1542218345980923
EleutherAI/pythia-12b,17,step16,5,31,11846072320,36,0.13149937151654342,0.1602187420244331
EleutherAI/pythia-12b,17,step16,5,32,11846072320,36,0.11066308460134013,0.16079469160778115
EleutherAI/pythia-12b,17,step16,5,33,11846072320,36,0.1166296718312097,0.1819177791336411
EleutherAI/pythia-12b,17,step16,5,34,11846072320,36,0.1261390959592284,0.16907141171395773
EleutherAI/pythia-12b,17,step16,5,35,11846072320,36,0.13681356982515377,0.15162547415698518
EleutherAI/pythia-12b,17,step16,5,36,11846072320,36,0.10476911227657895,0.1819193133519397
EleutherAI/pythia-12b,17,step16,5,37,11846072320,36,0.1280434888874267,0.2023508757654879
EleutherAI/pythia-12b,17,step16,5,38,11846072320,36,0.12634491004251142,0.16929118663027834
EleutherAI/pythia-12b,17,step16,5,39,11846072320,36,0.1420520303418507,0.14330370077868926
EleutherAI/pythia-12b,17,step16,5,40,11846072320,36,0.1276628520624997,0.2089019543617158
EleutherAI/pythia-12b,17,step16,6,1,11846072320,36,0.12351511598092027,0.16649168222169344
EleutherAI/pythia-12b,17,step16,6,2,11846072320,36,0.12726503965800048,0.19277587589212095
EleutherAI/pythia-12b,17,step16,6,3,11846072320,36,0.12573524385511692,0.16743088838037423
EleutherAI/pythia-12b,17,step16,6,4,11846072320,36,0.12412015723439304,0.16588523717983075
EleutherAI/pythia-12b,17,step16,6,5,11846072320,36,0.12562150868388622,0.17953744255476164
EleutherAI/pythia-12b,17,step16,6,6,11846072320,36,0.12401808219103211,0.16532066610694912
EleutherAI/pythia-12b,17,step16,6,7,11846072320,36,0.11133590096736451,0.17913583783550302
EleutherAI/pythia-12b,17,step16,6,8,11846072320,36,0.12837575058880685,0.16639540055291246
EleutherAI/pythia-12b,17,step16,6,9,11846072320,36,0.08912990066885676,0.18131522534767514
EleutherAI/pythia-12b,17,step16,6,10,11846072320,36,0.12169499933026033,0.1813366672740102
EleutherAI/pythia-12b,17,step16,6,11,11846072320,36,0.1155897703905542,0.17482163090896494
EleutherAI/pythia-12b,17,step16,6,12,11846072320,36,0.1167494893135564,0.18758480178958567
EleutherAI/pythia-12b,17,step16,6,13,11846072320,36,0.12475216074625736,0.18087599603822815
EleutherAI/pythia-12b,17,step16,6,14,11846072320,36,0.1397209587498559,0.158581994107558
EleutherAI/pythia-12b,17,step16,6,15,11846072320,36,0.13215451228345654,0.17405909710695164
EleutherAI/pythia-12b,17,step16,6,16,11846072320,36,0.13673324455079192,0.1493198210177747
EleutherAI/pythia-12b,17,step16,6,17,11846072320,36,0.13926670986980016,0.15407822619530706
EleutherAI/pythia-12b,17,step16,6,18,11846072320,36,0.12335320969333158,0.16550343550529115
EleutherAI/pythia-12b,17,step16,6,19,11846072320,36,0.1300333447631325,0.16268748568242283
EleutherAI/pythia-12b,17,step16,6,20,11846072320,36,0.1198317498673458,0.18279565672750941
EleutherAI/pythia-12b,17,step16,6,21,11846072320,36,0.11243114308328238,0.15390678467480715
EleutherAI/pythia-12b,17,step16,6,22,11846072320,36,0.12585977251800864,0.1540465212620056
EleutherAI/pythia-12b,17,step16,6,23,11846072320,36,0.10158028132240242,0.16311702153480442
EleutherAI/pythia-12b,17,step16,6,24,11846072320,36,0.12278844354053334,0.14970699441269616
EleutherAI/pythia-12b,17,step16,6,25,11846072320,36,0.1377288828248734,0.14129971801205435
EleutherAI/pythia-12b,17,step16,6,26,11846072320,36,0.12449390101372386,0.1816608966649831
EleutherAI/pythia-12b,17,step16,6,27,11846072320,36,0.14248872916395955,0.16674676257557602
EleutherAI/pythia-12b,17,step16,6,28,11846072320,36,0.1327770273047345,0.1775911969157892
EleutherAI/pythia-12b,17,step16,6,29,11846072320,36,0.14422495106050556,0.16714323763721603
EleutherAI/pythia-12b,17,step16,6,30,11846072320,36,0.10764867345615098,0.1849608316894497
EleutherAI/pythia-12b,17,step16,6,31,11846072320,36,0.12135624125118813,0.1798735831755104
EleutherAI/pythia-12b,17,step16,6,32,11846072320,36,0.14377792822280977,0.18012214387702688
EleutherAI/pythia-12b,17,step16,6,33,11846072320,36,0.09046443503954116,0.17500796235605579
EleutherAI/pythia-12b,17,step16,6,34,11846072320,36,0.1171157662015598,0.16642823831566994
EleutherAI/pythia-12b,17,step16,6,35,11846072320,36,0.1248799359744733,0.15929552991021498
EleutherAI/pythia-12b,17,step16,6,36,11846072320,36,0.13618592026310636,0.17144464220929964
EleutherAI/pythia-12b,17,step16,6,37,11846072320,36,0.13004455199135134,0.1429349229427742
EleutherAI/pythia-12b,17,step16,6,38,11846072320,36,0.12216762706145148,0.16155009086078795
EleutherAI/pythia-12b,17,step16,6,39,11846072320,36,0.13461594677644892,0.1505812194573136
EleutherAI/pythia-12b,17,step16,6,40,11846072320,36,0.12249630760099432,0.16296863644285955
EleutherAI/pythia-12b,17,step16,7,1,11846072320,36,0.12784365979065224,0.1367707335985861
EleutherAI/pythia-12b,17,step16,7,2,11846072320,36,0.1275026776489463,0.19736097455472199
EleutherAI/pythia-12b,17,step16,7,3,11846072320,36,0.14620436399101133,0.17229187179793104
EleutherAI/pythia-12b,17,step16,7,4,11846072320,36,0.12904272271549555,0.20252488951223924
EleutherAI/pythia-12b,17,step16,7,5,11846072320,36,0.1274104288893866,0.1542696361108361
EleutherAI/pythia-12b,17,step16,7,6,11846072320,36,0.09925917727598642,0.18313413721092556
EleutherAI/pythia-12b,17,step16,7,7,11846072320,36,0.13716414792312154,0.14047640801740208
EleutherAI/pythia-12b,17,step16,7,8,11846072320,36,0.11784578334853361,0.167000810940143
EleutherAI/pythia-12b,17,step16,7,9,11846072320,36,0.12411890284636531,0.16059328890587382
EleutherAI/pythia-12b,17,step16,7,10,11846072320,36,0.13718548629086114,0.17199014745898786
EleutherAI/pythia-12b,17,step16,7,11,11846072320,36,0.12139928892993171,0.15965833056259437
EleutherAI/pythia-12b,17,step16,7,12,11846072320,36,0.12184572466523257,0.16336062929786
EleutherAI/pythia-12b,17,step16,7,13,11846072320,36,0.1469592341800799,0.15231834356491267
EleutherAI/pythia-12b,17,step16,7,14,11846072320,36,0.12308935769036543,0.1593712622736085
EleutherAI/pythia-12b,17,step16,7,15,11846072320,36,0.10702106404725134,0.18289329038300847
EleutherAI/pythia-12b,17,step16,7,16,11846072320,36,0.11776513097298749,0.17484847254290412
EleutherAI/pythia-12b,17,step16,7,17,11846072320,36,0.11307606954049236,0.17415247552443638
EleutherAI/pythia-12b,17,step16,7,18,11846072320,36,0.12639917106599774,0.1546439805009343
EleutherAI/pythia-12b,17,step16,7,19,11846072320,36,0.11716808844078049,0.18265855212502916
EleutherAI/pythia-12b,17,step16,7,20,11846072320,36,0.11490128684352643,0.16774686541710346
EleutherAI/pythia-12b,17,step16,7,21,11846072320,36,0.1088294057125175,0.18486070929391601
EleutherAI/pythia-12b,17,step16,7,22,11846072320,36,0.13380922158961894,0.17075077894314358
EleutherAI/pythia-12b,17,step16,7,23,11846072320,36,0.11153081445129691,0.1656877033792816
EleutherAI/pythia-12b,17,step16,7,24,11846072320,36,0.1367315881893978,0.1690324514645624
EleutherAI/pythia-12b,17,step16,7,25,11846072320,36,0.12502024123059197,0.18823624156728697
EleutherAI/pythia-12b,17,step16,7,26,11846072320,36,0.1179636169795517,0.21450038198046045
EleutherAI/pythia-12b,17,step16,7,27,11846072320,36,0.13186970827457778,0.1640945020503736
EleutherAI/pythia-12b,17,step16,7,28,11846072320,36,0.11561142862984185,0.16953342772639904
EleutherAI/pythia-12b,17,step16,7,29,11846072320,36,0.14587939669889904,0.17705120355472545
EleutherAI/pythia-12b,17,step16,7,30,11846072320,36,0.1247176922880135,0.1596506137048473
EleutherAI/pythia-12b,17,step16,7,31,11846072320,36,0.12904527164190197,0.17815139595497473
EleutherAI/pythia-12b,17,step16,7,32,11846072320,36,0.11399094852151809,0.19631537811288063
EleutherAI/pythia-12b,17,step16,7,33,11846072320,36,0.12279663688584308,0.19622037903470047
EleutherAI/pythia-12b,17,step16,7,34,11846072320,36,0.11439858974368719,0.18972023657324522
EleutherAI/pythia-12b,17,step16,7,35,11846072320,36,0.1094357286028944,0.16703749135942067
EleutherAI/pythia-12b,17,step16,7,36,11846072320,36,0.1314858068396021,0.17427743594903305
EleutherAI/pythia-12b,17,step16,7,37,11846072320,36,0.13277946407529143,0.19924095647224968
EleutherAI/pythia-12b,17,step16,7,38,11846072320,36,0.13104907668254392,0.15305962354817365
EleutherAI/pythia-12b,17,step16,7,39,11846072320,36,0.1152013062049184,0.1779189561032228
EleutherAI/pythia-12b,17,step16,7,40,11846072320,36,0.12441840134672928,0.1757355783688458
EleutherAI/pythia-12b,17,step16,8,1,11846072320,36,0.1351827327609509,0.15232082970395636
EleutherAI/pythia-12b,17,step16,8,2,11846072320,36,0.1308337662078149,0.15082195126549433
EleutherAI/pythia-12b,17,step16,8,3,11846072320,36,0.11172647370366716,0.1979747764967583
EleutherAI/pythia-12b,17,step16,8,4,11846072320,36,0.1325944912684214,0.17347404449708287
EleutherAI/pythia-12b,17,step16,8,5,11846072320,36,0.1259411617487042,0.19114887151397292
EleutherAI/pythia-12b,17,step16,8,6,11846072320,36,0.1346427181976156,0.17133858535080787
EleutherAI/pythia-12b,17,step16,8,7,11846072320,36,0.12043426453776362,0.17966855206042973
EleutherAI/pythia-12b,17,step16,8,8,11846072320,36,0.14288600021833409,0.18187411535844517
EleutherAI/pythia-12b,17,step16,8,9,11846072320,36,0.12224055493848993,0.1606761007080296
EleutherAI/pythia-12b,17,step16,8,10,11846072320,36,0.10623402443543833,0.17014009344976044
EleutherAI/pythia-12b,17,step16,8,11,11846072320,36,0.13715161915655963,0.1463019347724479
EleutherAI/pythia-12b,17,step16,8,12,11846072320,36,0.10615761314348143,0.14953475281338877
EleutherAI/pythia-12b,17,step16,8,13,11846072320,36,0.10392279892197775,0.18428901164280667
EleutherAI/pythia-12b,17,step16,8,14,11846072320,36,0.14858030152504326,0.15007119213284043
EleutherAI/pythia-12b,17,step16,8,15,11846072320,36,0.14103431495147062,0.1545441792047283
EleutherAI/pythia-12b,17,step16,8,16,11846072320,36,0.12816544598130666,0.17194261877341668
EleutherAI/pythia-12b,17,step16,8,17,11846072320,36,0.13000922687016087,0.17378169114983918
EleutherAI/pythia-12b,17,step16,8,18,11846072320,36,0.10948406689864644,0.2070136856030415
EleutherAI/pythia-12b,17,step16,8,19,11846072320,36,0.12389728229481711,0.19153637461666315
EleutherAI/pythia-12b,17,step16,8,20,11846072320,36,0.14417543831664517,0.15259727090037795
EleutherAI/pythia-12b,17,step16,8,21,11846072320,36,0.10673627127856906,0.22077796509763495
EleutherAI/pythia-12b,17,step16,8,22,11846072320,36,0.12431193989430278,0.1590997612512147
EleutherAI/pythia-12b,17,step16,8,23,11846072320,36,0.12307670595006895,0.1502948611745381
EleutherAI/pythia-12b,17,step16,8,24,11846072320,36,0.13534729528959624,0.19197735713386496
EleutherAI/pythia-12b,17,step16,8,25,11846072320,36,0.1164902748187651,0.17726212622480345
EleutherAI/pythia-12b,17,step16,8,26,11846072320,36,0.12567121616645793,0.19428094791656764
EleutherAI/pythia-12b,17,step16,8,27,11846072320,36,0.12311981000319432,0.18615902881431684
EleutherAI/pythia-12b,17,step16,8,28,11846072320,36,0.11883623880689383,0.1505057441892924
EleutherAI/pythia-12b,17,step16,8,29,11846072320,36,0.11770330503157841,0.18547189800354003
EleutherAI/pythia-12b,17,step16,8,30,11846072320,36,0.09439774480432983,0.19474326955943222
EleutherAI/pythia-12b,17,step16,8,31,11846072320,36,0.10648591968289631,0.17636243911325794
EleutherAI/pythia-12b,17,step16,8,32,11846072320,36,0.1365226668728006,0.14692924128336318
EleutherAI/pythia-12b,17,step16,8,33,11846072320,36,0.1282338810240005,0.1559286943578102
EleutherAI/pythia-12b,17,step16,8,34,11846072320,36,0.1508939133302585,0.1965373413687622
EleutherAI/pythia-12b,17,step16,8,35,11846072320,36,0.12851964973763477,0.15260628298450782
EleutherAI/pythia-12b,17,step16,8,36,11846072320,36,0.11200421455095297,0.16891790694604672
EleutherAI/pythia-12b,17,step16,8,37,11846072320,36,0.08688025936406023,0.16372790138653892
EleutherAI/pythia-12b,17,step16,8,38,11846072320,36,0.1324113554547767,0.15342465050339515
EleutherAI/pythia-12b,17,step16,8,39,11846072320,36,0.15123975676324986,0.1516770257952961
EleutherAI/pythia-12b,17,step16,8,40,11846072320,36,0.12291904296110696,0.15396595175738803
EleutherAI/pythia-12b,17,step16,9,1,11846072320,36,0.1274753238659005,0.1719953137234569
EleutherAI/pythia-12b,17,step16,9,2,11846072320,36,0.11217286733088189,0.15148103024597995
EleutherAI/pythia-12b,17,step16,9,3,11846072320,36,0.12235436652571674,0.16830732790870706
EleutherAI/pythia-12b,17,step16,9,4,11846072320,36,0.14370662950583402,0.1528531610602149
EleutherAI/pythia-12b,17,step16,9,5,11846072320,36,0.12617389609136645,0.16206490097136733
EleutherAI/pythia-12b,17,step16,9,6,11846072320,36,0.1397263178372526,0.16596599068917756
EleutherAI/pythia-12b,17,step16,9,7,11846072320,36,0.11882971823998574,0.17827180158850306
EleutherAI/pythia-12b,17,step16,9,8,11846072320,36,0.11940452183510086,0.15942151175795102
EleutherAI/pythia-12b,17,step16,9,9,11846072320,36,0.1384316432561065,0.1577442992008752
EleutherAI/pythia-12b,17,step16,9,10,11846072320,36,0.12998061469971414,0.18410075561342024
EleutherAI/pythia-12b,17,step16,9,11,11846072320,36,0.12849986535852195,0.15049712015064176
EleutherAI/pythia-12b,17,step16,9,12,11846072320,36,0.11466683400095669,0.19332903224482637
EleutherAI/pythia-12b,17,step16,9,13,11846072320,36,0.1730576487140612,0.16142084597198808
EleutherAI/pythia-12b,17,step16,9,14,11846072320,36,0.1362234098115214,0.14663831012843692
EleutherAI/pythia-12b,17,step16,9,15,11846072320,36,0.10919525209176643,0.1674489455784226
EleutherAI/pythia-12b,17,step16,9,16,11846072320,36,0.1330639643499532,0.17737305951067003
EleutherAI/pythia-12b,17,step16,9,17,11846072320,36,0.12307344505692025,0.15310548840498955
EleutherAI/pythia-12b,17,step16,9,18,11846072320,36,0.16367263910738195,0.13175318856071958
EleutherAI/pythia-12b,17,step16,9,19,11846072320,36,0.12338598649221673,0.21266714099224082
EleutherAI/pythia-12b,17,step16,9,20,11846072320,36,0.11404146160650715,0.15647896607448383
EleutherAI/pythia-12b,17,step16,9,21,11846072320,36,0.14195471103149307,0.155962148063198
EleutherAI/pythia-12b,17,step16,9,22,11846072320,36,0.1217837095338929,0.15931950085838362
EleutherAI/pythia-12b,17,step16,9,23,11846072320,36,0.11678930484429668,0.1550701139914291
EleutherAI/pythia-12b,17,step16,9,24,11846072320,36,0.12444378577687357,0.18266570737009288
EleutherAI/pythia-12b,17,step16,9,25,11846072320,36,0.12410895690858897,0.17739020408251438
EleutherAI/pythia-12b,17,step16,9,26,11846072320,36,0.09210283585261918,0.20585327388232083
EleutherAI/pythia-12b,17,step16,9,27,11846072320,36,0.13922714766998723,0.14876992019402369
EleutherAI/pythia-12b,17,step16,9,28,11846072320,36,0.14153604824151894,0.13701443390378182
EleutherAI/pythia-12b,17,step16,9,29,11846072320,36,0.13483187681282152,0.18111396218194167
EleutherAI/pythia-12b,17,step16,9,30,11846072320,36,0.09637710443130122,0.18490334071621697
EleutherAI/pythia-12b,17,step16,9,31,11846072320,36,0.09371577718437787,0.156474897201668
EleutherAI/pythia-12b,17,step16,9,32,11846072320,36,0.12370252457108938,0.17162762036653337
EleutherAI/pythia-12b,17,step16,9,33,11846072320,36,0.09967572802213484,0.21144803134897894
EleutherAI/pythia-12b,17,step16,9,34,11846072320,36,0.12683599442802926,0.2074885278766801
EleutherAI/pythia-12b,17,step16,9,35,11846072320,36,0.11632319483011062,0.17720101270321248
EleutherAI/pythia-12b,17,step16,9,36,11846072320,36,0.12326776913672055,0.17092453682789568
EleutherAI/pythia-12b,17,step16,9,37,11846072320,36,0.12863989814265708,0.15104313962743263
EleutherAI/pythia-12b,17,step16,9,38,11846072320,36,0.11960874749878948,0.17199340962466442
EleutherAI/pythia-12b,17,step16,9,39,11846072320,36,0.1260484539548511,0.19526277387699292
EleutherAI/pythia-12b,17,step16,9,40,11846072320,36,0.11631719893342378,0.16563547480370364
EleutherAI/pythia-12b,17,step16,10,1,11846072320,36,0.1097364495606259,0.22050638281524892
EleutherAI/pythia-12b,17,step16,10,2,11846072320,36,0.144720562635823,0.1576548585606677
EleutherAI/pythia-12b,17,step16,10,3,11846072320,36,0.12419176262498524,0.17747528854947722
EleutherAI/pythia-12b,17,step16,10,4,11846072320,36,0.14263466055932877,0.16525735583872314
EleutherAI/pythia-12b,17,step16,10,5,11846072320,36,0.11079806888716531,0.1834817546931607
EleutherAI/pythia-12b,17,step16,10,6,11846072320,36,0.13925581183787936,0.1589775709938761
EleutherAI/pythia-12b,17,step16,10,7,11846072320,36,0.12944996082881188,0.1617615527778237
EleutherAI/pythia-12b,17,step16,10,8,11846072320,36,0.13560200562034996,0.15374645792708558
EleutherAI/pythia-12b,17,step16,10,9,11846072320,36,0.09877549338381028,0.19056115135572868
EleutherAI/pythia-12b,17,step16,10,10,11846072320,36,0.1359288356806691,0.16935862104377675
EleutherAI/pythia-12b,17,step16,10,11,11846072320,36,0.14123783741627366,0.1704158141800725
EleutherAI/pythia-12b,17,step16,10,12,11846072320,36,0.11949473282450934,0.1759432883508078
EleutherAI/pythia-12b,17,step16,10,13,11846072320,36,0.11307213376569851,0.1422615192841749
EleutherAI/pythia-12b,17,step16,10,14,11846072320,36,0.1803488594007205,0.13995419595916345
EleutherAI/pythia-12b,17,step16,10,15,11846072320,36,0.11736308607376279,0.17417035811768097
EleutherAI/pythia-12b,17,step16,10,16,11846072320,36,0.09898457915575293,0.20682301892208171
EleutherAI/pythia-12b,17,step16,10,17,11846072320,36,0.1249970817552493,0.14676386035150948
EleutherAI/pythia-12b,17,step16,10,18,11846072320,36,0.08867266365010902,0.19004115469015392
EleutherAI/pythia-12b,17,step16,10,19,11846072320,36,0.14957709464471078,0.14807758851161407
EleutherAI/pythia-12b,17,step16,10,20,11846072320,36,0.11615825306579422,0.17482955779533482
EleutherAI/pythia-12b,17,step16,10,21,11846072320,36,0.11394167309990512,0.20273626721589946
EleutherAI/pythia-12b,17,step16,10,22,11846072320,36,0.14529861291652324,0.12597218296258475
EleutherAI/pythia-12b,17,step16,10,23,11846072320,36,0.09803887505598877,0.22172010337581502
EleutherAI/pythia-12b,17,step16,10,24,11846072320,36,0.17661447353750553,0.1515759088898877
EleutherAI/pythia-12b,17,step16,10,25,11846072320,36,0.12670215864752502,0.1863046506861666
EleutherAI/pythia-12b,17,step16,10,26,11846072320,36,0.11939592416714258,0.16408428936838743
EleutherAI/pythia-12b,17,step16,10,27,11846072320,36,0.12615370434952208,0.1638258176718701
EleutherAI/pythia-12b,17,step16,10,28,11846072320,36,0.0950118683351276,0.18377915375471648
EleutherAI/pythia-12b,17,step16,10,29,11846072320,36,0.1183711543998068,0.15891262627970254
EleutherAI/pythia-12b,17,step16,10,30,11846072320,36,0.13535370714626865,0.1581098915332251
EleutherAI/pythia-12b,17,step16,10,31,11846072320,36,0.11260245407039335,0.18344566497291706
EleutherAI/pythia-12b,17,step16,10,32,11846072320,36,0.12400597203019499,0.15973031823173742
EleutherAI/pythia-12b,17,step16,10,33,11846072320,36,0.12242748873034213,0.18596231601796703
EleutherAI/pythia-12b,17,step16,10,34,11846072320,36,0.1066725893203426,0.23662156067989965
EleutherAI/pythia-12b,17,step16,10,35,11846072320,36,0.09139177060263737,0.2028831711189972
EleutherAI/pythia-12b,17,step16,10,36,11846072320,36,0.11457671653535269,0.17274445076347197
EleutherAI/pythia-12b,17,step16,10,37,11846072320,36,0.1535728617596465,0.1544408169980566
EleutherAI/pythia-12b,17,step16,10,38,11846072320,36,0.13064193556661358,0.16278552546728028
EleutherAI/pythia-12b,17,step16,10,39,11846072320,36,0.11640742863598345,0.18660089140338398
EleutherAI/pythia-12b,17,step16,10,40,11846072320,36,0.10743606852384296,0.18204303658021995
EleutherAI/pythia-12b,17,step16,11,1,11846072320,36,0.11851444922656085,0.21419114876795814
EleutherAI/pythia-12b,17,step16,11,2,11846072320,36,0.0975121457728224,0.18529827981997088
EleutherAI/pythia-12b,17,step16,11,3,11846072320,36,0.11379001944888009,0.20567445767422513
EleutherAI/pythia-12b,17,step16,11,4,11846072320,36,0.13469152102755888,0.15327736612565968
EleutherAI/pythia-12b,17,step16,11,5,11846072320,36,0.13751277305163417,0.14367164668344606
EleutherAI/pythia-12b,17,step16,11,6,11846072320,36,0.143484846070722,0.16385552192291425
EleutherAI/pythia-12b,17,step16,11,7,11846072320,36,0.10842876455693448,0.18402024819138077
EleutherAI/pythia-12b,17,step16,11,8,11846072320,36,0.1338345959010693,0.1821008713960692
EleutherAI/pythia-12b,17,step16,11,9,11846072320,36,0.11572474765370375,0.17769783845188108
EleutherAI/pythia-12b,17,step16,11,10,11846072320,36,0.13779929964929008,0.16040187778773604
EleutherAI/pythia-12b,17,step16,11,11,11846072320,36,0.14399078562184492,0.14146024754198191
EleutherAI/pythia-12b,17,step16,11,12,11846072320,36,0.08631692348501163,0.1851530474674952
EleutherAI/pythia-12b,17,step16,11,13,11846072320,36,0.1345993487315403,0.18624615652749574
EleutherAI/pythia-12b,17,step16,11,14,11846072320,36,0.10281018399865595,0.19237002237859338
EleutherAI/pythia-12b,17,step16,11,15,11846072320,36,0.11930185569276855,0.18370094507171938
EleutherAI/pythia-12b,17,step16,11,16,11846072320,36,0.13854982482420428,0.17919043510279672
EleutherAI/pythia-12b,17,step16,11,17,11846072320,36,0.13380101822070528,0.1476127178276757
EleutherAI/pythia-12b,17,step16,11,18,11846072320,36,0.12625670432485075,0.17333318171155698
EleutherAI/pythia-12b,17,step16,11,19,11846072320,36,0.13058448554360647,0.16558925140447708
EleutherAI/pythia-12b,17,step16,11,20,11846072320,36,0.15279779471345128,0.1551991785504483
EleutherAI/pythia-12b,17,step16,11,21,11846072320,36,0.14594642133885494,0.14916461938292946
EleutherAI/pythia-12b,17,step16,11,22,11846072320,36,0.15660248470825472,0.14305550161491817
EleutherAI/pythia-12b,17,step16,11,23,11846072320,36,0.11244996695278639,0.17152996690994174
EleutherAI/pythia-12b,17,step16,11,24,11846072320,36,0.14372043552117658,0.14474059162555153
EleutherAI/pythia-12b,17,step16,11,25,11846072320,36,0.12372894374256552,0.15432249198111145
EleutherAI/pythia-12b,17,step16,11,26,11846072320,36,0.09461163572530754,0.23370944911630837
EleutherAI/pythia-12b,17,step16,11,27,11846072320,36,0.10913605037964764,0.1692198966056466
EleutherAI/pythia-12b,17,step16,11,28,11846072320,36,0.12115811722705488,0.18927648227784902
EleutherAI/pythia-12b,17,step16,11,29,11846072320,36,0.14237807194391883,0.19931288587360138
EleutherAI/pythia-12b,17,step16,11,30,11846072320,36,0.13208731645913988,0.14637166135818566
EleutherAI/pythia-12b,17,step16,11,31,11846072320,36,0.14368214061645948,0.18080933713675795
EleutherAI/pythia-12b,17,step16,11,32,11846072320,36,0.13662383875420855,0.15979406654599815
EleutherAI/pythia-12b,17,step16,11,33,11846072320,36,0.10729055493991739,0.1618451269080599
EleutherAI/pythia-12b,17,step16,11,34,11846072320,36,0.11128795580999983,0.24733712274144895
EleutherAI/pythia-12b,17,step16,11,35,11846072320,36,0.1365434916706772,0.17033739504334441
EleutherAI/pythia-12b,17,step16,11,36,11846072320,36,0.10985458367322386,0.20809919699500717
EleutherAI/pythia-12b,17,step16,11,37,11846072320,36,0.12999672263122353,0.1781314744449055
EleutherAI/pythia-12b,17,step16,11,38,11846072320,36,0.12234273920389442,0.16068943315563167
EleutherAI/pythia-12b,17,step16,11,39,11846072320,36,0.12231002424147211,0.1765233566425181
EleutherAI/pythia-12b,17,step16,11,40,11846072320,36,0.15192697175943454,0.13594847995866163
EleutherAI/pythia-12b,17,step16,12,1,11846072320,36,0.14192601676482156,0.1730648418888449
EleutherAI/pythia-12b,17,step16,12,2,11846072320,36,0.11910705094144594,0.1774775823969785
EleutherAI/pythia-12b,17,step16,12,3,11846072320,36,0.12246938167816701,0.18687540330775862
EleutherAI/pythia-12b,17,step16,12,4,11846072320,36,0.1194344562822365,0.15420113022889456
EleutherAI/pythia-12b,17,step16,12,5,11846072320,36,0.09869193559506899,0.20678621275188236
EleutherAI/pythia-12b,17,step16,12,6,11846072320,36,0.1339148176000551,0.14957336978511404
EleutherAI/pythia-12b,17,step16,12,7,11846072320,36,0.18566726017239926,0.14039912478657093
EleutherAI/pythia-12b,17,step16,12,8,11846072320,36,0.12488144010238278,0.18686283279668994
EleutherAI/pythia-12b,17,step16,12,9,11846072320,36,0.12519577063351597,0.13352673289900244
EleutherAI/pythia-12b,17,step16,12,10,11846072320,36,0.12027798036488144,0.17717879550537097
EleutherAI/pythia-12b,17,step16,12,11,11846072320,36,0.12960645112883037,0.17568967351270415
EleutherAI/pythia-12b,17,step16,12,12,11846072320,36,0.15516532034062225,0.19312672948257786
EleutherAI/pythia-12b,17,step16,12,13,11846072320,36,0.14474714681640397,0.1692485225305811
EleutherAI/pythia-12b,17,step16,12,14,11846072320,36,0.14279140058244846,0.17236772879074372
EleutherAI/pythia-12b,17,step16,12,15,11846072320,36,0.14079735110382413,0.14643960783409102
EleutherAI/pythia-12b,17,step16,12,16,11846072320,36,0.09938606207032458,0.17409489978966228
EleutherAI/pythia-12b,17,step16,12,17,11846072320,36,0.14344035198649124,0.17511042399617194
EleutherAI/pythia-12b,17,step16,12,18,11846072320,36,0.11187955867163497,0.19065939594485287
EleutherAI/pythia-12b,17,step16,12,19,11846072320,36,0.13278059198803546,0.20187382462124026
EleutherAI/pythia-12b,17,step16,12,20,11846072320,36,0.1502879247147668,0.15395409026247509
EleutherAI/pythia-12b,17,step16,12,21,11846072320,36,0.11862747719673598,0.18742552815234514
EleutherAI/pythia-12b,17,step16,12,22,11846072320,36,0.12562701993205164,0.17635361184072382
EleutherAI/pythia-12b,17,step16,12,23,11846072320,36,0.18413056771049982,0.13813282325360415
EleutherAI/pythia-12b,17,step16,12,24,11846072320,36,0.14902229037684,0.1719549087438363
EleutherAI/pythia-12b,17,step16,12,25,11846072320,36,0.15418813976126386,0.16372583267857896
EleutherAI/pythia-12b,17,step16,12,26,11846072320,36,0.13868762193074272,0.16979014412038493
EleutherAI/pythia-12b,17,step16,12,27,11846072320,36,0.11284965545207526,0.15455193416000124
EleutherAI/pythia-12b,17,step16,12,28,11846072320,36,0.12883713982954573,0.1516843772641531
EleutherAI/pythia-12b,17,step16,12,29,11846072320,36,0.14640164899418837,0.18539930983550015
EleutherAI/pythia-12b,17,step16,12,30,11846072320,36,0.12977522755371731,0.1533966456167959
EleutherAI/pythia-12b,17,step16,12,31,11846072320,36,0.12432348647073757,0.15809065174009346
EleutherAI/pythia-12b,17,step16,12,32,11846072320,36,0.14246060428497664,0.1564717965379536
EleutherAI/pythia-12b,17,step16,12,33,11846072320,36,0.1332492265827931,0.16790013660483796
EleutherAI/pythia-12b,17,step16,12,34,11846072320,36,0.12039597998107514,0.19296689313072873
EleutherAI/pythia-12b,17,step16,12,35,11846072320,36,0.1382375731560829,0.17195643822441584
EleutherAI/pythia-12b,17,step16,12,36,11846072320,36,0.16711979098729896,0.16912541762497776
EleutherAI/pythia-12b,17,step16,12,37,11846072320,36,0.1170728448107167,0.17619481907916942
EleutherAI/pythia-12b,17,step16,12,38,11846072320,36,0.11856182348318729,0.18818538954520633
EleutherAI/pythia-12b,17,step16,12,39,11846072320,36,0.12825711168259288,0.14995038694794377
EleutherAI/pythia-12b,17,step16,12,40,11846072320,36,0.11436391535128376,0.1799679299838863
EleutherAI/pythia-12b,17,step16,13,1,11846072320,36,0.10862134607066885,0.1832831617970545
EleutherAI/pythia-12b,17,step16,13,2,11846072320,36,0.125776400319762,0.16980852186679835
EleutherAI/pythia-12b,17,step16,13,3,11846072320,36,0.15158469624280388,0.14951972472663216
EleutherAI/pythia-12b,17,step16,13,4,11846072320,36,0.10444468774416063,0.17891963891539572
EleutherAI/pythia-12b,17,step16,13,5,11846072320,36,0.14064971204880655,0.15832110743287264
EleutherAI/pythia-12b,17,step16,13,6,11846072320,36,0.13226404785550566,0.16976784821879395
EleutherAI/pythia-12b,17,step16,13,7,11846072320,36,0.14903645134634438,0.1431487224682852
EleutherAI/pythia-12b,17,step16,13,8,11846072320,36,0.13609877237406842,0.16116131158886815
EleutherAI/pythia-12b,17,step16,13,9,11846072320,36,0.13845242574452993,0.15267965261329397
EleutherAI/pythia-12b,17,step16,13,10,11846072320,36,0.1327171149767107,0.18210545244595933
EleutherAI/pythia-12b,17,step16,13,11,11846072320,36,0.13989541589564922,0.1758794535605891
EleutherAI/pythia-12b,17,step16,13,12,11846072320,36,0.12992410598373086,0.16855240600357002
EleutherAI/pythia-12b,17,step16,13,13,11846072320,36,0.15528681879868733,0.12764241187567552
EleutherAI/pythia-12b,17,step16,13,14,11846072320,36,0.1411076029790593,0.15013939155931313
EleutherAI/pythia-12b,17,step16,13,15,11846072320,36,0.12286038012677301,0.16618905910053047
EleutherAI/pythia-12b,17,step16,13,16,11846072320,36,0.11871013876509376,0.13783957839694552
EleutherAI/pythia-12b,17,step16,13,17,11846072320,36,0.12563040960781474,0.19123656724442586
EleutherAI/pythia-12b,17,step16,13,18,11846072320,36,0.11631904663266358,0.18631440105179584
EleutherAI/pythia-12b,17,step16,13,19,11846072320,36,0.10899776360719228,0.1653605849194052
EleutherAI/pythia-12b,17,step16,13,20,11846072320,36,0.10818673217495725,0.19151778588233673
EleutherAI/pythia-12b,17,step16,13,21,11846072320,36,0.12611382830518855,0.1639144777211251
EleutherAI/pythia-12b,17,step16,13,22,11846072320,36,0.1257921676780726,0.17002595897047992
EleutherAI/pythia-12b,17,step16,13,23,11846072320,36,0.11490486632730505,0.184120135521656
EleutherAI/pythia-12b,17,step16,13,24,11846072320,36,0.12279766294042443,0.1974716235606654
EleutherAI/pythia-12b,17,step16,13,25,11846072320,36,0.1358966850661658,0.14177271922597204
EleutherAI/pythia-12b,17,step16,13,26,11846072320,36,0.1334768871947362,0.1801221062213898
EleutherAI/pythia-12b,17,step16,13,27,11846072320,36,0.10661676606616455,0.1780874497668297
EleutherAI/pythia-12b,17,step16,13,28,11846072320,36,0.1305782641801569,0.1444124433354617
EleutherAI/pythia-12b,17,step16,13,29,11846072320,36,0.09802518769617638,0.19380745889378467
EleutherAI/pythia-12b,17,step16,13,30,11846072320,36,0.12526249947087897,0.19023822627782638
EleutherAI/pythia-12b,17,step16,13,31,11846072320,36,0.12738054113703084,0.15304887679883752
EleutherAI/pythia-12b,17,step16,13,32,11846072320,36,0.10354731229131103,0.18927356996223907
EleutherAI/pythia-12b,17,step16,13,33,11846072320,36,0.1325354557875935,0.17176243789807272
EleutherAI/pythia-12b,17,step16,13,34,11846072320,36,0.1367103141752091,0.19077449617487885
EleutherAI/pythia-12b,17,step16,13,35,11846072320,36,0.14547936947786946,0.14307989732728701
EleutherAI/pythia-12b,17,step16,13,36,11846072320,36,0.12888924309329403,0.16327219540616858
EleutherAI/pythia-12b,17,step16,13,37,11846072320,36,0.1323643905857393,0.162239107390021
EleutherAI/pythia-12b,17,step16,13,38,11846072320,36,0.12334726195972599,0.15608336386066654
EleutherAI/pythia-12b,17,step16,13,39,11846072320,36,0.10995358874176711,0.22345661757620153
EleutherAI/pythia-12b,17,step16,13,40,11846072320,36,0.10837166466926397,0.20812755339295116
EleutherAI/pythia-12b,17,step16,14,1,11846072320,36,0.11043900824165913,0.19418962530556827
EleutherAI/pythia-12b,17,step16,14,2,11846072320,36,0.09108589958768702,0.21720319059495627
EleutherAI/pythia-12b,17,step16,14,3,11846072320,36,0.12571011311388583,0.15705507993698115
EleutherAI/pythia-12b,17,step16,14,4,11846072320,36,0.10984041928327652,0.14887082770287807
EleutherAI/pythia-12b,17,step16,14,5,11846072320,36,0.12971059997585618,0.13218377608604523
EleutherAI/pythia-12b,17,step16,14,6,11846072320,36,0.1187675360019679,0.14651080202479078
EleutherAI/pythia-12b,17,step16,14,7,11846072320,36,0.10449023264552555,0.21141865877462573
EleutherAI/pythia-12b,17,step16,14,8,11846072320,36,0.1265511531438734,0.151392397235844
EleutherAI/pythia-12b,17,step16,14,9,11846072320,36,0.12011822011019728,0.17920363564379846
EleutherAI/pythia-12b,17,step16,14,10,11846072320,36,0.11021326037610432,0.1873760571921462
EleutherAI/pythia-12b,17,step16,14,11,11846072320,36,0.14126986577301406,0.1541950207695857
EleutherAI/pythia-12b,17,step16,14,12,11846072320,36,0.1235937511732986,0.16633667549056866
EleutherAI/pythia-12b,17,step16,14,13,11846072320,36,0.14205531783782321,0.1487678084634356
EleutherAI/pythia-12b,17,step16,14,14,11846072320,36,0.1524968701372812,0.14249518905506206
EleutherAI/pythia-12b,17,step16,14,15,11846072320,36,0.17219197979426237,0.12906399937542348
EleutherAI/pythia-12b,17,step16,14,16,11846072320,36,0.1155588631336395,0.17493382768632768
EleutherAI/pythia-12b,17,step16,14,17,11846072320,36,0.12871239178844754,0.16578829279533017
EleutherAI/pythia-12b,17,step16,14,18,11846072320,36,0.13892390755740724,0.1858864894175941
EleutherAI/pythia-12b,17,step16,14,19,11846072320,36,0.1280306663431294,0.1603546362823328
EleutherAI/pythia-12b,17,step16,14,20,11846072320,36,0.13761059113697063,0.1848972997021254
EleutherAI/pythia-12b,17,step16,14,21,11846072320,36,0.11422467860742817,0.15205385773400729
EleutherAI/pythia-12b,17,step16,14,22,11846072320,36,0.104245467494625,0.18119922580684086
EleutherAI/pythia-12b,17,step16,14,23,11846072320,36,0.10430000236330622,0.17919654501518145
EleutherAI/pythia-12b,17,step16,14,24,11846072320,36,0.12405898300063857,0.1504699920720837
EleutherAI/pythia-12b,17,step16,14,25,11846072320,36,0.09340480519822227,0.2185764033571109
EleutherAI/pythia-12b,17,step16,14,26,11846072320,36,0.15178286695332674,0.14008539575557627
EleutherAI/pythia-12b,17,step16,14,27,11846072320,36,0.1270452043483475,0.1916260060577376
EleutherAI/pythia-12b,17,step16,14,28,11846072320,36,0.12057743627611577,0.1614009296583073
EleutherAI/pythia-12b,17,step16,14,29,11846072320,36,0.09615260528752928,0.17497234448074575
EleutherAI/pythia-12b,17,step16,14,30,11846072320,36,0.12983213438353197,0.1662749453159692
EleutherAI/pythia-12b,17,step16,14,31,11846072320,36,0.14334008755447625,0.1761972330700796
EleutherAI/pythia-12b,17,step16,14,32,11846072320,36,0.12938455974979618,0.1822695424556508
EleutherAI/pythia-12b,17,step16,14,33,11846072320,36,0.12692002538737052,0.1616140153096826
EleutherAI/pythia-12b,17,step16,14,34,11846072320,36,0.15384293141195898,0.1602629162007579
EleutherAI/pythia-12b,17,step16,14,35,11846072320,36,0.11833761273897263,0.18861845294265325
EleutherAI/pythia-12b,17,step16,14,36,11846072320,36,0.12553551553136053,0.15872975342344858
EleutherAI/pythia-12b,17,step16,14,37,11846072320,36,0.1317526970069866,0.15310654550925026
EleutherAI/pythia-12b,17,step16,14,38,11846072320,36,0.12684990971296037,0.15711021379710313
EleutherAI/pythia-12b,17,step16,14,39,11846072320,36,0.12053312337747561,0.18826519226090413
EleutherAI/pythia-12b,17,step16,14,40,11846072320,36,0.15229962461323168,0.1391548062828523
EleutherAI/pythia-12b,17,step16,15,1,11846072320,36,0.11361361164375912,0.18000144270939508
EleutherAI/pythia-12b,17,step16,15,2,11846072320,36,0.15779483224357566,0.16014191466062003
EleutherAI/pythia-12b,17,step16,15,3,11846072320,36,0.13781561348978819,0.1606660349540658
EleutherAI/pythia-12b,17,step16,15,4,11846072320,36,0.11561749087417264,0.18813866458262674
EleutherAI/pythia-12b,17,step16,15,5,11846072320,36,0.09631420018895337,0.19941134816846687
EleutherAI/pythia-12b,17,step16,15,6,11846072320,36,0.11132009825235727,0.1942792058874805
EleutherAI/pythia-12b,17,step16,15,7,11846072320,36,0.15079830107544812,0.15389903652685893
EleutherAI/pythia-12b,17,step16,15,8,11846072320,36,0.12852335968208647,0.15710247833807542
EleutherAI/pythia-12b,17,step16,15,9,11846072320,36,0.14546709724173348,0.1600681703101407
EleutherAI/pythia-12b,17,step16,15,10,11846072320,36,0.14319662249705808,0.186697038192604
EleutherAI/pythia-12b,17,step16,15,11,11846072320,36,0.12480621304441318,0.13994688379323783
EleutherAI/pythia-12b,17,step16,15,12,11846072320,36,0.11882895921488419,0.1597163703645
EleutherAI/pythia-12b,17,step16,15,13,11846072320,36,0.14243359401173236,0.14539711517995002
EleutherAI/pythia-12b,17,step16,15,14,11846072320,36,0.1343577803635561,0.15812102980162196
EleutherAI/pythia-12b,17,step16,15,15,11846072320,36,0.11031259583482687,0.18830434804888543
EleutherAI/pythia-12b,17,step16,15,16,11846072320,36,0.13384207879548313,0.15671203774050455
EleutherAI/pythia-12b,17,step16,15,17,11846072320,36,0.1325724792663936,0.1463827608410526
EleutherAI/pythia-12b,17,step16,15,18,11846072320,36,0.10017776115610072,0.2015289807854382
EleutherAI/pythia-12b,17,step16,15,19,11846072320,36,0.11241682379173709,0.18952830953875904
EleutherAI/pythia-12b,17,step16,15,20,11846072320,36,0.12699429463181228,0.1721945226628769
EleutherAI/pythia-12b,17,step16,15,21,11846072320,36,0.12336895485651918,0.16660866188584592
EleutherAI/pythia-12b,17,step16,15,22,11846072320,36,0.09955187745437066,0.16436038416874654
EleutherAI/pythia-12b,17,step16,15,23,11846072320,36,0.10810472680306109,0.1841933529253478
EleutherAI/pythia-12b,17,step16,15,24,11846072320,36,0.1153882587742474,0.20657502563373817
EleutherAI/pythia-12b,17,step16,15,25,11846072320,36,0.10700374491535146,0.19869177942597738
EleutherAI/pythia-12b,17,step16,15,26,11846072320,36,0.11825002684025789,0.16369323925794776
EleutherAI/pythia-12b,17,step16,15,27,11846072320,36,0.10056446512249313,0.15081797919429096
EleutherAI/pythia-12b,17,step16,15,28,11846072320,36,0.13687537614446318,0.16174559179391407
EleutherAI/pythia-12b,17,step16,15,29,11846072320,36,0.11507887583975494,0.19873494134975353
EleutherAI/pythia-12b,17,step16,15,30,11846072320,36,0.13274271697275805,0.16616228480988343
EleutherAI/pythia-12b,17,step16,15,31,11846072320,36,0.11834915099782982,0.18949443626276272
EleutherAI/pythia-12b,17,step16,15,32,11846072320,36,0.12156595138961573,0.1976862133930887
EleutherAI/pythia-12b,17,step16,15,33,11846072320,36,0.13682839409210476,0.15574999169835274
EleutherAI/pythia-12b,17,step16,15,34,11846072320,36,0.14699310630940277,0.1551554514565043
EleutherAI/pythia-12b,17,step16,15,35,11846072320,36,0.12254655766706384,0.17216986184240546
EleutherAI/pythia-12b,17,step16,15,36,11846072320,36,0.15085471558521635,0.13503491855016694
EleutherAI/pythia-12b,17,step16,15,37,11846072320,36,0.14873686855709226,0.13265355936511675
EleutherAI/pythia-12b,17,step16,15,38,11846072320,36,0.11385950843269398,0.16564067735059837
EleutherAI/pythia-12b,17,step16,15,39,11846072320,36,0.11570202497703888,0.19109118415753132
EleutherAI/pythia-12b,17,step16,15,40,11846072320,36,0.13413067160918185,0.1612327476325738
EleutherAI/pythia-12b,17,step16,16,1,11846072320,36,0.13176889015031645,0.1877084555797972
EleutherAI/pythia-12b,17,step16,16,2,11846072320,36,0.11157428914563608,0.17010411689779506
EleutherAI/pythia-12b,17,step16,16,3,11846072320,36,0.13355065698738208,0.18457027923248637
EleutherAI/pythia-12b,17,step16,16,4,11846072320,36,0.1312809621316713,0.1766373902984388
EleutherAI/pythia-12b,17,step16,16,5,11846072320,36,0.1075955805880529,0.1639271496540612
EleutherAI/pythia-12b,17,step16,16,6,11846072320,36,0.10429220638509175,0.1726523771736625
EleutherAI/pythia-12b,17,step16,16,7,11846072320,36,0.14401293578403843,0.16279244218748787
EleutherAI/pythia-12b,17,step16,16,8,11846072320,36,0.13100835931272026,0.1463140589310913
EleutherAI/pythia-12b,17,step16,16,9,11846072320,36,0.11758453376568827,0.19022529606089306
EleutherAI/pythia-12b,17,step16,16,10,11846072320,36,0.14278738874684757,0.14499705403137042
EleutherAI/pythia-12b,17,step16,16,11,11846072320,36,0.11972925723628235,0.1614327754114975
EleutherAI/pythia-12b,17,step16,16,12,11846072320,36,0.13146996269891922,0.18490160555318666
EleutherAI/pythia-12b,17,step16,16,13,11846072320,36,0.10918980962163331,0.19220394779600802
EleutherAI/pythia-12b,17,step16,16,14,11846072320,36,0.11623953077550582,0.1605038178172913
EleutherAI/pythia-12b,17,step16,16,15,11846072320,36,0.15570250938313676,0.15443625170513758
EleutherAI/pythia-12b,17,step16,16,16,11846072320,36,0.1327151837716768,0.16856307904138126
EleutherAI/pythia-12b,17,step16,16,17,11846072320,36,0.12749201902286242,0.15279430362700785
EleutherAI/pythia-12b,17,step16,16,18,11846072320,36,0.1271255027010544,0.18346842942205632
EleutherAI/pythia-12b,17,step16,16,19,11846072320,36,0.12026829334037435,0.1556086617832382
EleutherAI/pythia-12b,17,step16,16,20,11846072320,36,0.12515995781253403,0.1468192738097709
EleutherAI/pythia-12b,17,step16,16,21,11846072320,36,0.11076877328816115,0.20821472055449317
EleutherAI/pythia-12b,17,step16,16,22,11846072320,36,0.10179500516179621,0.1893043110186273
EleutherAI/pythia-12b,17,step16,16,23,11846072320,36,0.14238211480682494,0.16398116420988024
EleutherAI/pythia-12b,17,step16,16,24,11846072320,36,0.11999971396080004,0.17510503992248133
EleutherAI/pythia-12b,17,step16,16,25,11846072320,36,0.12597820378683347,0.1518983013967091
EleutherAI/pythia-12b,17,step16,16,26,11846072320,36,0.12739667865830853,0.16257144830136502
EleutherAI/pythia-12b,17,step16,16,27,11846072320,36,0.12312011729489572,0.16182903097467016
EleutherAI/pythia-12b,17,step16,16,28,11846072320,36,0.10416428475464513,0.19166836155125413
EleutherAI/pythia-12b,17,step16,16,29,11846072320,36,0.1307917957168978,0.1480379188992642
EleutherAI/pythia-12b,17,step16,16,30,11846072320,36,0.08406151218938304,0.17598385719006301
EleutherAI/pythia-12b,17,step16,16,31,11846072320,36,0.09132745901721193,0.1562710275353343
EleutherAI/pythia-12b,17,step16,16,32,11846072320,36,0.09502122508132596,0.18399324982396292
EleutherAI/pythia-12b,17,step16,16,33,11846072320,36,0.08418193796241244,0.18495560654749468
EleutherAI/pythia-12b,17,step16,16,34,11846072320,36,0.11513142137265236,0.17056626723044443
EleutherAI/pythia-12b,17,step16,16,35,11846072320,36,0.12010562748231504,0.15246035745115694
EleutherAI/pythia-12b,17,step16,16,36,11846072320,36,0.13625069450329727,0.16114556364289986
EleutherAI/pythia-12b,17,step16,16,37,11846072320,36,0.15681850728117394,0.16888552418890385
EleutherAI/pythia-12b,17,step16,16,38,11846072320,36,0.12265200853101658,0.17384699254098146
EleutherAI/pythia-12b,17,step16,16,39,11846072320,36,0.12514698201672983,0.1658905846368823
EleutherAI/pythia-12b,17,step16,16,40,11846072320,36,0.1491501364107425,0.12504794441062853
EleutherAI/pythia-12b,17,step16,17,1,11846072320,36,0.12790189745525515,0.1498666989418479
EleutherAI/pythia-12b,17,step16,17,2,11846072320,36,0.13632126534553438,0.14255642026170592
EleutherAI/pythia-12b,17,step16,17,3,11846072320,36,0.14906366606866628,0.17728591081616393
EleutherAI/pythia-12b,17,step16,17,4,11846072320,36,0.11460479486498742,0.16962183888878546
EleutherAI/pythia-12b,17,step16,17,5,11846072320,36,0.1177418746233165,0.1676721472220422
EleutherAI/pythia-12b,17,step16,17,6,11846072320,36,0.10909954588244981,0.1814585443832226
EleutherAI/pythia-12b,17,step16,17,7,11846072320,36,0.12988815444323032,0.19031669543468732
EleutherAI/pythia-12b,17,step16,17,8,11846072320,36,0.13839696666544618,0.1647265326880567
EleutherAI/pythia-12b,17,step16,17,9,11846072320,36,0.1271886835014587,0.1616640096172332
EleutherAI/pythia-12b,17,step16,17,10,11846072320,36,0.14692988945870425,0.16293562278598991
EleutherAI/pythia-12b,17,step16,17,11,11846072320,36,0.14212974794097127,0.15332939310765656
EleutherAI/pythia-12b,17,step16,17,12,11846072320,36,0.12514965930903277,0.17530043603007764
EleutherAI/pythia-12b,17,step16,17,13,11846072320,36,0.11926779179489823,0.16102309056275238
EleutherAI/pythia-12b,17,step16,17,14,11846072320,36,0.14975655591814543,0.16453421990423495
EleutherAI/pythia-12b,17,step16,17,15,11846072320,36,0.1298622366924722,0.1590147143475957
EleutherAI/pythia-12b,17,step16,17,16,11846072320,36,0.14859456261312276,0.15363363712164638
EleutherAI/pythia-12b,17,step16,17,17,11846072320,36,0.09526569524069534,0.19326951240074702
EleutherAI/pythia-12b,17,step16,17,18,11846072320,36,0.12445284009494398,0.18104395259999562
EleutherAI/pythia-12b,17,step16,17,19,11846072320,36,0.13670904896370278,0.1719554353550121
EleutherAI/pythia-12b,17,step16,17,20,11846072320,36,0.15821320533349703,0.15360106687780253
EleutherAI/pythia-12b,17,step16,17,21,11846072320,36,0.12932996384732354,0.15612251008091652
EleutherAI/pythia-12b,17,step16,17,22,11846072320,36,0.12363720972191639,0.15676273962947068
EleutherAI/pythia-12b,17,step16,17,23,11846072320,36,0.1399867737011329,0.1572472921407616
EleutherAI/pythia-12b,17,step16,17,24,11846072320,36,0.11967740325094965,0.1647355629931072
EleutherAI/pythia-12b,17,step16,17,25,11846072320,36,0.13497615018831532,0.15393769484874717
EleutherAI/pythia-12b,17,step16,17,26,11846072320,36,0.12138558618232112,0.1732286034241408
EleutherAI/pythia-12b,17,step16,17,27,11846072320,36,0.11007241685469225,0.22103215406953658
EleutherAI/pythia-12b,17,step16,17,28,11846072320,36,0.11670064161512046,0.17432791305364695
EleutherAI/pythia-12b,17,step16,17,29,11846072320,36,0.14533669851138603,0.14724451613643233
EleutherAI/pythia-12b,17,step16,17,30,11846072320,36,0.11706543322261027,0.16269537948586557
EleutherAI/pythia-12b,17,step16,17,31,11846072320,36,0.11545495787361358,0.16081987686074886
EleutherAI/pythia-12b,17,step16,17,32,11846072320,36,0.1111374324293913,0.21543147159298437
EleutherAI/pythia-12b,17,step16,17,33,11846072320,36,0.13408614985376324,0.14329116992574104
EleutherAI/pythia-12b,17,step16,17,34,11846072320,36,0.1462956720084936,0.16057787833360576
EleutherAI/pythia-12b,17,step16,17,35,11846072320,36,0.11307349334003863,0.15866333168201346
EleutherAI/pythia-12b,17,step16,17,36,11846072320,36,0.0848146214124721,0.18727446700426725
EleutherAI/pythia-12b,17,step16,17,37,11846072320,36,0.13784126044102793,0.1724308125546073
EleutherAI/pythia-12b,17,step16,17,38,11846072320,36,0.1922562945041212,0.1471092366912701
EleutherAI/pythia-12b,17,step16,17,39,11846072320,36,0.11879912764393348,0.18362584171743987
EleutherAI/pythia-12b,17,step16,17,40,11846072320,36,0.13910274807218312,0.1569966415206233
EleutherAI/pythia-12b,17,step16,18,1,11846072320,36,0.10279489832709318,0.18741534964122747
EleutherAI/pythia-12b,17,step16,18,2,11846072320,36,0.13055036134190026,0.19385433839158606
EleutherAI/pythia-12b,17,step16,18,3,11846072320,36,0.1507519806928194,0.1766274799550841
EleutherAI/pythia-12b,17,step16,18,4,11846072320,36,0.09293621646480871,0.2148206394568488
EleutherAI/pythia-12b,17,step16,18,5,11846072320,36,0.1098190790193306,0.1402374163393054
EleutherAI/pythia-12b,17,step16,18,6,11846072320,36,0.12167490116535896,0.16438543005893982
EleutherAI/pythia-12b,17,step16,18,7,11846072320,36,0.11908991619183848,0.1957075699056322
EleutherAI/pythia-12b,17,step16,18,8,11846072320,36,0.1357509333573214,0.19816784558442974
EleutherAI/pythia-12b,17,step16,18,9,11846072320,36,0.177180645232265,0.15269172895845168
EleutherAI/pythia-12b,17,step16,18,10,11846072320,36,0.13244932724929245,0.1716876642963102
EleutherAI/pythia-12b,17,step16,18,11,11846072320,36,0.13159761123650063,0.14529539546272055
EleutherAI/pythia-12b,17,step16,18,12,11846072320,36,0.09649391939958649,0.2140307469299068
EleutherAI/pythia-12b,17,step16,18,13,11846072320,36,0.143697410603767,0.17478276591457131
EleutherAI/pythia-12b,17,step16,18,14,11846072320,36,0.09626678993517121,0.22559112266220663
EleutherAI/pythia-12b,17,step16,18,15,11846072320,36,0.11622456078314114,0.20835022201241402
EleutherAI/pythia-12b,17,step16,18,16,11846072320,36,0.07658956686521431,0.22633971517217585
EleutherAI/pythia-12b,17,step16,18,17,11846072320,36,0.09089795574993338,0.19170735949823803
EleutherAI/pythia-12b,17,step16,18,18,11846072320,36,0.12623801963912828,0.17075953567708216
EleutherAI/pythia-12b,17,step16,18,19,11846072320,36,0.11373582447658068,0.17421936377178168
EleutherAI/pythia-12b,17,step16,18,20,11846072320,36,0.13529879304471312,0.14268824403305666
EleutherAI/pythia-12b,17,step16,18,21,11846072320,36,0.1386422197986114,0.15656894912478977
EleutherAI/pythia-12b,17,step16,18,22,11846072320,36,0.11923072098085916,0.15954090048231784
EleutherAI/pythia-12b,17,step16,18,23,11846072320,36,0.12302354808796093,0.18620032894875369
EleutherAI/pythia-12b,17,step16,18,24,11846072320,36,0.10677973168144171,0.182019056598502
EleutherAI/pythia-12b,17,step16,18,25,11846072320,36,0.09998538984438854,0.18335590387943446
EleutherAI/pythia-12b,17,step16,18,26,11846072320,36,0.08862308247501513,0.1968495131668833
EleutherAI/pythia-12b,17,step16,18,27,11846072320,36,0.1135355639397292,0.2142553559277911
EleutherAI/pythia-12b,17,step16,18,28,11846072320,36,0.11638166539527628,0.16995978029864325
EleutherAI/pythia-12b,17,step16,18,29,11846072320,36,0.10150988944512494,0.19709389834376692
EleutherAI/pythia-12b,17,step16,18,30,11846072320,36,0.12583656975993876,0.18825664358946292
EleutherAI/pythia-12b,17,step16,18,31,11846072320,36,0.10646576222938456,0.18855052834303973
EleutherAI/pythia-12b,17,step16,18,32,11846072320,36,0.11895976943319082,0.16766063937520206
EleutherAI/pythia-12b,17,step16,18,33,11846072320,36,0.10367529613858045,0.1819341628457064
EleutherAI/pythia-12b,17,step16,18,34,11846072320,36,0.14086934624312514,0.1318342556964393
EleutherAI/pythia-12b,17,step16,18,35,11846072320,36,0.1400589320484224,0.17139870959806724
EleutherAI/pythia-12b,17,step16,18,36,11846072320,36,0.101691568728995,0.20745220449515375
EleutherAI/pythia-12b,17,step16,18,37,11846072320,36,0.08754069289589693,0.20090737619770088
EleutherAI/pythia-12b,17,step16,18,38,11846072320,36,0.16242724901495928,0.16719123373484912
EleutherAI/pythia-12b,17,step16,18,39,11846072320,36,0.11947503088002981,0.186609712507654
EleutherAI/pythia-12b,17,step16,18,40,11846072320,36,0.15284243530898656,0.17852016675423032
EleutherAI/pythia-12b,17,step16,19,1,11846072320,36,0.1301291459393841,0.182336408628134
EleutherAI/pythia-12b,17,step16,19,2,11846072320,36,0.11725375456204103,0.1672236088344508
EleutherAI/pythia-12b,17,step16,19,3,11846072320,36,0.11990498221694702,0.18950696150819815
EleutherAI/pythia-12b,17,step16,19,4,11846072320,36,0.10165969448236817,0.16737415230421865
EleutherAI/pythia-12b,17,step16,19,5,11846072320,36,0.11695449603525722,0.1541096490105843
EleutherAI/pythia-12b,17,step16,19,6,11846072320,36,0.13161225873674892,0.15609183310679303
EleutherAI/pythia-12b,17,step16,19,7,11846072320,36,0.15257668191449594,0.18023507381501316
EleutherAI/pythia-12b,17,step16,19,8,11846072320,36,0.14149128749698128,0.2006030723637154
EleutherAI/pythia-12b,17,step16,19,9,11846072320,36,0.12895389322985754,0.14035760805950503
EleutherAI/pythia-12b,17,step16,19,10,11846072320,36,0.11940464435575956,0.17545837871786257
EleutherAI/pythia-12b,17,step16,19,11,11846072320,36,0.1153293556670795,0.16273871583824934
EleutherAI/pythia-12b,17,step16,19,12,11846072320,36,0.13851123611378416,0.1594708720781468
EleutherAI/pythia-12b,17,step16,19,13,11846072320,36,0.17811253976759248,0.1403429835514576
EleutherAI/pythia-12b,17,step16,19,14,11846072320,36,0.14856731559935807,0.12919502839859984
EleutherAI/pythia-12b,17,step16,19,15,11846072320,36,0.13013033597386095,0.17308569574790134
EleutherAI/pythia-12b,17,step16,19,16,11846072320,36,0.12162300662973796,0.1624078682173524
EleutherAI/pythia-12b,17,step16,19,17,11846072320,36,0.10954635923689188,0.1538944054931939
EleutherAI/pythia-12b,17,step16,19,18,11846072320,36,0.11448295706429992,0.18183178674463213
EleutherAI/pythia-12b,17,step16,19,19,11846072320,36,0.11510457557712764,0.19359188907788139
EleutherAI/pythia-12b,17,step16,19,20,11846072320,36,0.13115238831532336,0.15055876437507498
EleutherAI/pythia-12b,17,step16,19,21,11846072320,36,0.13998605534658057,0.17575473620838764
EleutherAI/pythia-12b,17,step16,19,22,11846072320,36,0.17396583328689177,0.16142634293707728
EleutherAI/pythia-12b,17,step16,19,23,11846072320,36,0.15775343170529366,0.15405336773587952
EleutherAI/pythia-12b,17,step16,19,24,11846072320,36,0.11513078799219546,0.16984718370421956
EleutherAI/pythia-12b,17,step16,19,25,11846072320,36,0.1195533202888371,0.1622730414229291
EleutherAI/pythia-12b,17,step16,19,26,11846072320,36,0.12277945046041816,0.19655469368986625
EleutherAI/pythia-12b,17,step16,19,27,11846072320,36,0.10430651597186427,0.1853129461004927
EleutherAI/pythia-12b,17,step16,19,28,11846072320,36,0.10385621877459877,0.17904928274866602
EleutherAI/pythia-12b,17,step16,19,29,11846072320,36,0.11038688943908732,0.19584478630597613
EleutherAI/pythia-12b,17,step16,19,30,11846072320,36,0.11909900635324258,0.1788688127577931
EleutherAI/pythia-12b,17,step16,19,31,11846072320,36,0.1164766810386925,0.19305915982314234
EleutherAI/pythia-12b,17,step16,19,32,11846072320,36,0.14363619632034505,0.15504801805570226
EleutherAI/pythia-12b,17,step16,19,33,11846072320,36,0.11572496547690915,0.19043871300580262
EleutherAI/pythia-12b,17,step16,19,34,11846072320,36,0.11341451824427362,0.21306197237022015
EleutherAI/pythia-12b,17,step16,19,35,11846072320,36,0.12091245156273733,0.17567361238504847
EleutherAI/pythia-12b,17,step16,19,36,11846072320,36,0.12462578555037664,0.16980743158172376
EleutherAI/pythia-12b,17,step16,19,37,11846072320,36,0.11749248919231035,0.1443369103645956
EleutherAI/pythia-12b,17,step16,19,38,11846072320,36,0.09153755429248368,0.190632556444845
EleutherAI/pythia-12b,17,step16,19,39,11846072320,36,0.12377092444167298,0.18827017016328487
EleutherAI/pythia-12b,17,step16,19,40,11846072320,36,0.11074932405093048,0.1864900712997795
EleutherAI/pythia-12b,17,step16,20,1,11846072320,36,0.12109315197903647,0.19232067049903281
EleutherAI/pythia-12b,17,step16,20,2,11846072320,36,0.10686761836658365,0.20143128741062705
EleutherAI/pythia-12b,17,step16,20,3,11846072320,36,0.15123147518002053,0.17318828992668658
EleutherAI/pythia-12b,17,step16,20,4,11846072320,36,0.09522665578972644,0.21410855356122813
EleutherAI/pythia-12b,17,step16,20,5,11846072320,36,0.11244588536587917,0.1802819142699823
EleutherAI/pythia-12b,17,step16,20,6,11846072320,36,0.12537499729756474,0.13744751823221416
EleutherAI/pythia-12b,17,step16,20,7,11846072320,36,0.10994957903450402,0.1843796359856162
EleutherAI/pythia-12b,17,step16,20,8,11846072320,36,0.11920701726353737,0.18038150208076464
EleutherAI/pythia-12b,17,step16,20,9,11846072320,36,0.10957235117462479,0.17466881551553265
EleutherAI/pythia-12b,17,step16,20,10,11846072320,36,0.15699106427440948,0.16933811267183435
EleutherAI/pythia-12b,17,step16,20,11,11846072320,36,0.1301764938309117,0.1441976229153998
EleutherAI/pythia-12b,17,step16,20,12,11846072320,36,0.10507246460374049,0.19194241351652158
EleutherAI/pythia-12b,17,step16,20,13,11846072320,36,0.09964375024488017,0.19845490611239414
EleutherAI/pythia-12b,17,step16,20,14,11846072320,36,0.1208013990508006,0.1947978093308416
EleutherAI/pythia-12b,17,step16,20,15,11846072320,36,0.09507909981539474,0.2501143903189056
EleutherAI/pythia-12b,17,step16,20,16,11846072320,36,0.15073599503585344,0.16764640791604554
EleutherAI/pythia-12b,17,step16,20,17,11846072320,36,0.12554416741739519,0.17791821677853034
EleutherAI/pythia-12b,17,step16,20,18,11846072320,36,0.14495945274382377,0.15506721988555275
EleutherAI/pythia-12b,17,step16,20,19,11846072320,36,0.09868804284010649,0.16276356172342374
EleutherAI/pythia-12b,17,step16,20,20,11846072320,36,0.1204245963466686,0.14993280866504965
EleutherAI/pythia-12b,17,step16,20,21,11846072320,36,0.14162814982973773,0.16710197157855772
EleutherAI/pythia-12b,17,step16,20,22,11846072320,36,0.13652086152776222,0.15175660909642952
EleutherAI/pythia-12b,17,step16,20,23,11846072320,36,0.1395360166962082,0.1907475453049123
EleutherAI/pythia-12b,17,step16,20,24,11846072320,36,0.10294279786436493,0.18576043725640204
EleutherAI/pythia-12b,17,step16,20,25,11846072320,36,0.10935097441424027,0.18498649657634011
EleutherAI/pythia-12b,17,step16,20,26,11846072320,36,0.10128509063922514,0.17326266272972382
EleutherAI/pythia-12b,17,step16,20,27,11846072320,36,0.10681470559333801,0.1897863915620802
EleutherAI/pythia-12b,17,step16,20,28,11846072320,36,0.13347682110159778,0.16325302715147574
EleutherAI/pythia-12b,17,step16,20,29,11846072320,36,0.13310065543329389,0.16406479676732336
EleutherAI/pythia-12b,17,step16,20,30,11846072320,36,0.12106025697210346,0.16913865337724437
EleutherAI/pythia-12b,17,step16,20,31,11846072320,36,0.09406989730066719,0.19254323462018733
EleutherAI/pythia-12b,17,step16,20,32,11846072320,36,0.12994667383710717,0.16601615040856704
EleutherAI/pythia-12b,17,step16,20,33,11846072320,36,0.10270270104198391,0.22865489977146228
EleutherAI/pythia-12b,17,step16,20,34,11846072320,36,0.10766146346289023,0.18261079290495796
EleutherAI/pythia-12b,17,step16,20,35,11846072320,36,0.12769903077019581,0.16795027118411146
EleutherAI/pythia-12b,17,step16,20,36,11846072320,36,0.10414176860505392,0.22275058067663828
EleutherAI/pythia-12b,17,step16,20,37,11846072320,36,0.105774283772698,0.18814150468857435
EleutherAI/pythia-12b,17,step16,20,38,11846072320,36,0.12627643688551116,0.16255134242578398
EleutherAI/pythia-12b,17,step16,20,39,11846072320,36,0.08920414131917838,0.2100077381598072
EleutherAI/pythia-12b,17,step16,20,40,11846072320,36,0.10284530655299128,0.20569630147883658
EleutherAI/pythia-12b,17,step16,21,1,11846072320,36,0.12825089874299792,0.17363458747665084
EleutherAI/pythia-12b,17,step16,21,2,11846072320,36,0.1609243918489944,0.17160606051742042
EleutherAI/pythia-12b,17,step16,21,3,11846072320,36,0.12189494934794419,0.16133693627196474
EleutherAI/pythia-12b,17,step16,21,4,11846072320,36,0.10845094950248793,0.21140744996623498
EleutherAI/pythia-12b,17,step16,21,5,11846072320,36,0.1335404809430107,0.15182742122392928
EleutherAI/pythia-12b,17,step16,21,6,11846072320,36,0.13363654653656407,0.17460133791999052
EleutherAI/pythia-12b,17,step16,21,7,11846072320,36,0.11475113348604676,0.18848518821950605
EleutherAI/pythia-12b,17,step16,21,8,11846072320,36,0.12524881470646404,0.16317649074346272
EleutherAI/pythia-12b,17,step16,21,9,11846072320,36,0.12430688752806755,0.15573191690865576
EleutherAI/pythia-12b,17,step16,21,10,11846072320,36,0.11944756898525595,0.1691049032316014
EleutherAI/pythia-12b,17,step16,21,11,11846072320,36,0.16246882435661533,0.14767662893041025
EleutherAI/pythia-12b,17,step16,21,12,11846072320,36,0.13556463998538235,0.15134774433734177
EleutherAI/pythia-12b,17,step16,21,13,11846072320,36,0.14190134895523565,0.1516563453496218
EleutherAI/pythia-12b,17,step16,21,14,11846072320,36,0.13671523714633851,0.14954886159806455
EleutherAI/pythia-12b,17,step16,21,15,11846072320,36,0.11700284173404486,0.16646716649177012
EleutherAI/pythia-12b,17,step16,21,16,11846072320,36,0.146770032670897,0.14632194810029528
EleutherAI/pythia-12b,17,step16,21,17,11846072320,36,0.14380789546480582,0.15845759391963657
EleutherAI/pythia-12b,17,step16,21,18,11846072320,36,0.11522583782605755,0.1702125057656396
EleutherAI/pythia-12b,17,step16,21,19,11846072320,36,0.11660230036142527,0.16204342417217585
EleutherAI/pythia-12b,17,step16,21,20,11846072320,36,0.11081489452158094,0.1927396302270862
EleutherAI/pythia-12b,17,step16,21,21,11846072320,36,0.1417102202068309,0.176404043293751
EleutherAI/pythia-12b,17,step16,21,22,11846072320,36,0.10949966937930014,0.21971616907151517
EleutherAI/pythia-12b,17,step16,21,23,11846072320,36,0.11045412866359533,0.16057100681470585
EleutherAI/pythia-12b,17,step16,21,24,11846072320,36,0.13034993712161033,0.1485117601241927
EleutherAI/pythia-12b,17,step16,21,25,11846072320,36,0.12793671586984268,0.1519831603773318
EleutherAI/pythia-12b,17,step16,21,26,11846072320,36,0.1203992407511662,0.1759747187285362
EleutherAI/pythia-12b,17,step16,21,27,11846072320,36,0.1260974521359971,0.18103882164467827
EleutherAI/pythia-12b,17,step16,21,28,11846072320,36,0.1179126703848799,0.15847673840183124
EleutherAI/pythia-12b,17,step16,21,29,11846072320,36,0.10564996133203258,0.18137434542503528
EleutherAI/pythia-12b,17,step16,21,30,11846072320,36,0.10770475496076513,0.1844829890328842
EleutherAI/pythia-12b,17,step16,21,31,11846072320,36,0.11078931489125919,0.18270766353598225
EleutherAI/pythia-12b,17,step16,21,32,11846072320,36,0.0976122601276582,0.20821726395449297
EleutherAI/pythia-12b,17,step16,21,33,11846072320,36,0.1258867823046159,0.17703309470323378
EleutherAI/pythia-12b,17,step16,21,34,11846072320,36,0.1405228865095176,0.15596597914391
EleutherAI/pythia-12b,17,step16,21,35,11846072320,36,0.13079990773229624,0.18834956110575352
EleutherAI/pythia-12b,17,step16,21,36,11846072320,36,0.14058442877510463,0.16181401849106264
EleutherAI/pythia-12b,17,step16,21,37,11846072320,36,0.1302370319182092,0.1332965776794128
EleutherAI/pythia-12b,17,step16,21,38,11846072320,36,0.12517969050743913,0.18484139532219984
EleutherAI/pythia-12b,17,step16,21,39,11846072320,36,0.1409829384661293,0.13862009279362786
EleutherAI/pythia-12b,17,step16,21,40,11846072320,36,0.11171856516966587,0.15824219211935991
EleutherAI/pythia-12b,17,step16,22,1,11846072320,36,0.10764454418720601,0.17213937908120158
EleutherAI/pythia-12b,17,step16,22,2,11846072320,36,0.14722626775436032,0.16250810296171236
EleutherAI/pythia-12b,17,step16,22,3,11846072320,36,0.13349914347736144,0.17718251010363878
EleutherAI/pythia-12b,17,step16,22,4,11846072320,36,0.15852445876365662,0.14968984557298923
EleutherAI/pythia-12b,17,step16,22,5,11846072320,36,0.12476506014284604,0.1683570621115667
EleutherAI/pythia-12b,17,step16,22,6,11846072320,36,0.11951563678480479,0.17923155085494116
EleutherAI/pythia-12b,17,step16,22,7,11846072320,36,0.08955729205731869,0.1978898569577941
EleutherAI/pythia-12b,17,step16,22,8,11846072320,36,0.13812479745406464,0.13281815596954058
EleutherAI/pythia-12b,17,step16,22,9,11846072320,36,0.13149164972250701,0.16029757254564006
EleutherAI/pythia-12b,17,step16,22,10,11846072320,36,0.12897824011631193,0.16776148493572304
EleutherAI/pythia-12b,17,step16,22,11,11846072320,36,0.10202337688467161,0.19783639405258333
EleutherAI/pythia-12b,17,step16,22,12,11846072320,36,0.09674898036629763,0.16522766987012846
EleutherAI/pythia-12b,17,step16,22,13,11846072320,36,0.14147199221044865,0.1504107562813896
EleutherAI/pythia-12b,17,step16,22,14,11846072320,36,0.11853729060350413,0.1640267936686227
EleutherAI/pythia-12b,17,step16,22,15,11846072320,36,0.11235902063526186,0.22559851273760062
EleutherAI/pythia-12b,17,step16,22,16,11846072320,36,0.1317838621591483,0.1736794221284869
EleutherAI/pythia-12b,17,step16,22,17,11846072320,36,0.12804643645904976,0.17731281617997552
EleutherAI/pythia-12b,17,step16,22,18,11846072320,36,0.1497002706692383,0.1681689874076091
EleutherAI/pythia-12b,17,step16,22,19,11846072320,36,0.14155249504579434,0.15600990779787388
EleutherAI/pythia-12b,17,step16,22,20,11846072320,36,0.1098178434367473,0.1744002970103342
EleutherAI/pythia-12b,17,step16,22,21,11846072320,36,0.09332834159558237,0.1821372334484581
EleutherAI/pythia-12b,17,step16,22,22,11846072320,36,0.16925667339303826,0.15967660011617357
EleutherAI/pythia-12b,17,step16,22,23,11846072320,36,0.11925233144861258,0.20325218477250037
EleutherAI/pythia-12b,17,step16,22,24,11846072320,36,0.13542518180210486,0.15906128933088284
EleutherAI/pythia-12b,17,step16,22,25,11846072320,36,0.12989968369091234,0.15584311987813165
EleutherAI/pythia-12b,17,step16,22,26,11846072320,36,0.13724366664416615,0.15845845378208173
EleutherAI/pythia-12b,17,step16,22,27,11846072320,36,0.12737093804901958,0.16367278712054895
EleutherAI/pythia-12b,17,step16,22,28,11846072320,36,0.1363115024224326,0.14834254649509712
EleutherAI/pythia-12b,17,step16,22,29,11846072320,36,0.11750600273320978,0.16471223546857675
EleutherAI/pythia-12b,17,step16,22,30,11846072320,36,0.15044014652010732,0.16016784935697417
EleutherAI/pythia-12b,17,step16,22,31,11846072320,36,0.1301649712451227,0.16355272216369973
EleutherAI/pythia-12b,17,step16,22,32,11846072320,36,0.14133749458122177,0.14437459075303224
EleutherAI/pythia-12b,17,step16,22,33,11846072320,36,0.09644954399605678,0.18930995632130815
EleutherAI/pythia-12b,17,step16,22,34,11846072320,36,0.11436353068709279,0.19809588230027625
EleutherAI/pythia-12b,17,step16,22,35,11846072320,36,0.11428736280034608,0.1768306845620095
EleutherAI/pythia-12b,17,step16,22,36,11846072320,36,0.19666721150502783,0.1515931168951474
EleutherAI/pythia-12b,17,step16,22,37,11846072320,36,0.10977516001700098,0.13492361300935343
EleutherAI/pythia-12b,17,step16,22,38,11846072320,36,0.1119992036607351,0.1578374722211792
EleutherAI/pythia-12b,17,step16,22,39,11846072320,36,0.11800354164283909,0.18121965830535947
EleutherAI/pythia-12b,17,step16,22,40,11846072320,36,0.11065040846486703,0.1774127620129703
EleutherAI/pythia-12b,17,step16,23,1,11846072320,36,0.11900591689187123,0.15921049603392498
EleutherAI/pythia-12b,17,step16,23,2,11846072320,36,0.14589300619119455,0.14486848111558065
EleutherAI/pythia-12b,17,step16,23,3,11846072320,36,0.15275404831064532,0.15972568088018138
EleutherAI/pythia-12b,17,step16,23,4,11846072320,36,0.216445406781392,0.12360124875072598
EleutherAI/pythia-12b,17,step16,23,5,11846072320,36,0.1314749877183913,0.17243504155337716
EleutherAI/pythia-12b,17,step16,23,6,11846072320,36,0.11218589954861287,0.20481666117380776
EleutherAI/pythia-12b,17,step16,23,7,11846072320,36,0.1094998604766241,0.18606859923538946
EleutherAI/pythia-12b,17,step16,23,8,11846072320,36,0.10981064750715057,0.1927656296405706
EleutherAI/pythia-12b,17,step16,23,9,11846072320,36,0.11871526464148681,0.15115118319554635
EleutherAI/pythia-12b,17,step16,23,10,11846072320,36,0.10562952788261407,0.17107725437092886
EleutherAI/pythia-12b,17,step16,23,11,11846072320,36,0.1454131302588784,0.18518098668047075
EleutherAI/pythia-12b,17,step16,23,12,11846072320,36,0.1510194276065171,0.13957548499745018
EleutherAI/pythia-12b,17,step16,23,13,11846072320,36,0.09961836926594328,0.17923469621374885
EleutherAI/pythia-12b,17,step16,23,14,11846072320,36,0.10425633036002915,0.1970174200944714
EleutherAI/pythia-12b,17,step16,23,15,11846072320,36,0.1332981176730301,0.16352540075320288
EleutherAI/pythia-12b,17,step16,23,16,11846072320,36,0.13159120176267156,0.15210928886222674
EleutherAI/pythia-12b,17,step16,23,17,11846072320,36,0.08561987971870208,0.20750302790633368
EleutherAI/pythia-12b,17,step16,23,18,11846072320,36,0.12585857170480144,0.18474318733712927
EleutherAI/pythia-12b,17,step16,23,19,11846072320,36,0.10204083629388794,0.21109440296821225
EleutherAI/pythia-12b,17,step16,23,20,11846072320,36,0.1376848006033682,0.16877635388548395
EleutherAI/pythia-12b,17,step16,23,21,11846072320,36,0.12691816086279553,0.17880479649391703
EleutherAI/pythia-12b,17,step16,23,22,11846072320,36,0.10324909930976031,0.19319175988681855
EleutherAI/pythia-12b,17,step16,23,23,11846072320,36,0.15490739101225187,0.13891614901388546
EleutherAI/pythia-12b,17,step16,23,24,11846072320,36,0.10940840230644998,0.19823688701600636
EleutherAI/pythia-12b,17,step16,23,25,11846072320,36,0.1369176833714182,0.1596429706005765
EleutherAI/pythia-12b,17,step16,23,26,11846072320,36,0.11820166838822418,0.17045297889827604
EleutherAI/pythia-12b,17,step16,23,27,11846072320,36,0.10539381288819838,0.17403679200400546
EleutherAI/pythia-12b,17,step16,23,28,11846072320,36,0.1274706427142158,0.13693487405351865
EleutherAI/pythia-12b,17,step16,23,29,11846072320,36,0.1376365797857085,0.1612237130037254
EleutherAI/pythia-12b,17,step16,23,30,11846072320,36,0.10263917334769308,0.1916634157109815
EleutherAI/pythia-12b,17,step16,23,31,11846072320,36,0.12167963207987421,0.17015708757804943
EleutherAI/pythia-12b,17,step16,23,32,11846072320,36,0.1361207922545818,0.17018789551626362
EleutherAI/pythia-12b,17,step16,23,33,11846072320,36,0.09758870423052668,0.19045414037543817
EleutherAI/pythia-12b,17,step16,23,34,11846072320,36,0.11849691922421207,0.1589889343906272
EleutherAI/pythia-12b,17,step16,23,35,11846072320,36,0.11411781870276179,0.1759048256709858
EleutherAI/pythia-12b,17,step16,23,36,11846072320,36,0.1260394064077475,0.16224993789406328
EleutherAI/pythia-12b,17,step16,23,37,11846072320,36,0.11764067442746487,0.2040005052579684
EleutherAI/pythia-12b,17,step16,23,38,11846072320,36,0.12013574816599797,0.17436127244094915
EleutherAI/pythia-12b,17,step16,23,39,11846072320,36,0.1709359086960464,0.1321477307532508
EleutherAI/pythia-12b,17,step16,23,40,11846072320,36,0.14583291702934567,0.16065495617005288
EleutherAI/pythia-12b,17,step16,24,1,11846072320,36,0.15211757705421056,0.1467750189160262
EleutherAI/pythia-12b,17,step16,24,2,11846072320,36,0.11302431359014528,0.1874454185512062
EleutherAI/pythia-12b,17,step16,24,3,11846072320,36,0.11135386571556594,0.14804083694824133
EleutherAI/pythia-12b,17,step16,24,4,11846072320,36,0.11748289772205878,0.18102044470373302
EleutherAI/pythia-12b,17,step16,24,5,11846072320,36,0.1289952860043213,0.19217247771261417
EleutherAI/pythia-12b,17,step16,24,6,11846072320,36,0.10573135260156948,0.2144445070532617
EleutherAI/pythia-12b,17,step16,24,7,11846072320,36,0.10610290377067996,0.17478369686797302
EleutherAI/pythia-12b,17,step16,24,8,11846072320,36,0.12054348442222437,0.16213999908171345
EleutherAI/pythia-12b,17,step16,24,9,11846072320,36,0.12712020903557267,0.1870226101479954
EleutherAI/pythia-12b,17,step16,24,10,11846072320,36,0.13277960889735016,0.16512072544444248
EleutherAI/pythia-12b,17,step16,24,11,11846072320,36,0.11505502536221664,0.16168256461978311
EleutherAI/pythia-12b,17,step16,24,12,11846072320,36,0.11185769511067917,0.21215117166752925
EleutherAI/pythia-12b,17,step16,24,13,11846072320,36,0.1318298805695217,0.14081428732230764
EleutherAI/pythia-12b,17,step16,24,14,11846072320,36,0.1277650967743751,0.16740752865389746
EleutherAI/pythia-12b,17,step16,24,15,11846072320,36,0.13627107417932496,0.15578724092359206
EleutherAI/pythia-12b,17,step16,24,16,11846072320,36,0.1840615755019782,0.15684137710960236
EleutherAI/pythia-12b,17,step16,24,17,11846072320,36,0.07187630943170893,0.167155274220773
EleutherAI/pythia-12b,17,step16,24,18,11846072320,36,0.1081101106082623,0.21100412717777056
EleutherAI/pythia-12b,17,step16,24,19,11846072320,36,0.14442950811002164,0.16871745822050635
EleutherAI/pythia-12b,17,step16,24,20,11846072320,36,0.09752293807026498,0.19458618963713398
EleutherAI/pythia-12b,17,step16,24,21,11846072320,36,0.14258041227790144,0.1898529291007522
EleutherAI/pythia-12b,17,step16,24,22,11846072320,36,0.13438202920104106,0.19193486207341015
EleutherAI/pythia-12b,17,step16,24,23,11846072320,36,0.08881370630954295,0.22995929499422463
EleutherAI/pythia-12b,17,step16,24,24,11846072320,36,0.09808825851661392,0.2020244424206179
EleutherAI/pythia-12b,17,step16,24,25,11846072320,36,0.12480588350724704,0.20579018991149667
EleutherAI/pythia-12b,17,step16,24,26,11846072320,36,0.07599072262096597,0.2322193280354634
EleutherAI/pythia-12b,17,step16,24,27,11846072320,36,0.12233025540091519,0.18673410647277444
EleutherAI/pythia-12b,17,step16,24,28,11846072320,36,0.138237261132256,0.15677031946253844
EleutherAI/pythia-12b,17,step16,24,29,11846072320,36,0.10869840177911534,0.19629966578930164
EleutherAI/pythia-12b,17,step16,24,30,11846072320,36,0.0928070779006044,0.20519859465146742
EleutherAI/pythia-12b,17,step16,24,31,11846072320,36,0.11299164229081017,0.16670353175910024
EleutherAI/pythia-12b,17,step16,24,32,11846072320,36,0.13997751843553402,0.137102075670664
EleutherAI/pythia-12b,17,step16,24,33,11846072320,36,0.13470361866448463,0.17903643804280692
EleutherAI/pythia-12b,17,step16,24,34,11846072320,36,0.11808521399280057,0.15240616740675655
EleutherAI/pythia-12b,17,step16,24,35,11846072320,36,0.10389910651477156,0.23323503114260707
EleutherAI/pythia-12b,17,step16,24,36,11846072320,36,0.13662721903563974,0.19832219733848225
EleutherAI/pythia-12b,17,step16,24,37,11846072320,36,0.11841585436226186,0.16802186553587423
EleutherAI/pythia-12b,17,step16,24,38,11846072320,36,0.1560066865964068,0.15821552600756328
EleutherAI/pythia-12b,17,step16,24,39,11846072320,36,0.0993112564344216,0.20198432934210372
EleutherAI/pythia-12b,17,step16,24,40,11846072320,36,0.1616067765588248,0.16481615488862128
EleutherAI/pythia-12b,17,step16,25,1,11846072320,36,0.16512424479219107,0.13734352767926164
EleutherAI/pythia-12b,17,step16,25,2,11846072320,36,0.10698139878946378,0.1585881992218059
EleutherAI/pythia-12b,17,step16,25,3,11846072320,36,0.1599260374019901,0.1593046466185076
EleutherAI/pythia-12b,17,step16,25,4,11846072320,36,0.12429047493381538,0.20696061134461433
EleutherAI/pythia-12b,17,step16,25,5,11846072320,36,0.11943233046714245,0.15513466293545988
EleutherAI/pythia-12b,17,step16,25,6,11846072320,36,0.1425181595781991,0.1808795861133539
EleutherAI/pythia-12b,17,step16,25,7,11846072320,36,0.15612734156708277,0.17081966713160363
EleutherAI/pythia-12b,17,step16,25,8,11846072320,36,0.12248215667746801,0.2035358733729691
EleutherAI/pythia-12b,17,step16,25,9,11846072320,36,0.14371900809732996,0.14380175874543347
EleutherAI/pythia-12b,17,step16,25,10,11846072320,36,0.13406729275310358,0.14881233401406363
EleutherAI/pythia-12b,17,step16,25,11,11846072320,36,0.1428878841077064,0.15625782176717978
EleutherAI/pythia-12b,17,step16,25,12,11846072320,36,0.09974597945988353,0.1936440677983356
EleutherAI/pythia-12b,17,step16,25,13,11846072320,36,0.13581907875589777,0.15181064144246745
EleutherAI/pythia-12b,17,step16,25,14,11846072320,36,0.12459475700617638,0.20773922062727868
EleutherAI/pythia-12b,17,step16,25,15,11846072320,36,0.1453543516496817,0.16719468610568175
EleutherAI/pythia-12b,17,step16,25,16,11846072320,36,0.10357867848049766,0.17162862669833157
EleutherAI/pythia-12b,17,step16,25,17,11846072320,36,0.13311906236114798,0.15762106894988104
EleutherAI/pythia-12b,17,step16,25,18,11846072320,36,0.15829550516274235,0.16265833156334383
EleutherAI/pythia-12b,17,step16,25,19,11846072320,36,0.09896131349844971,0.18780431484764398
EleutherAI/pythia-12b,17,step16,25,20,11846072320,36,0.1581703413434483,0.15509686525911087
EleutherAI/pythia-12b,17,step16,25,21,11846072320,36,0.12211009856123282,0.16192534435876046
EleutherAI/pythia-12b,17,step16,25,22,11846072320,36,0.13032638411353653,0.1470108573680167
EleutherAI/pythia-12b,17,step16,25,23,11846072320,36,0.13643097130766318,0.1718565668273079
EleutherAI/pythia-12b,17,step16,25,24,11846072320,36,0.098911347348724,0.20064419719415738
EleutherAI/pythia-12b,17,step16,25,25,11846072320,36,0.1090675988080757,0.19198397165527928
EleutherAI/pythia-12b,17,step16,25,26,11846072320,36,0.10540262667053898,0.1746468894161261
EleutherAI/pythia-12b,17,step16,25,27,11846072320,36,0.13492382144382045,0.16739207671468587
EleutherAI/pythia-12b,17,step16,25,28,11846072320,36,0.12666208566062975,0.16973733572798355
EleutherAI/pythia-12b,17,step16,25,29,11846072320,36,0.14835947610482614,0.16729627316957474
EleutherAI/pythia-12b,17,step16,25,30,11846072320,36,0.12961748978206966,0.17761526253443577
EleutherAI/pythia-12b,17,step16,25,31,11846072320,36,0.1130661368817538,0.17805497135754458
EleutherAI/pythia-12b,17,step16,25,32,11846072320,36,0.1326109893485769,0.16494718611005454
EleutherAI/pythia-12b,17,step16,25,33,11846072320,36,0.10566435492242326,0.1863948708517594
EleutherAI/pythia-12b,17,step16,25,34,11846072320,36,0.10419517412904769,0.194922981708235
EleutherAI/pythia-12b,17,step16,25,35,11846072320,36,0.12326576755390507,0.14916361037462766
EleutherAI/pythia-12b,17,step16,25,36,11846072320,36,0.10319922112107452,0.20701264058919366
EleutherAI/pythia-12b,17,step16,25,37,11846072320,36,0.12059133778977855,0.16629953907841852
EleutherAI/pythia-12b,17,step16,25,38,11846072320,36,0.10784899394724279,0.21860606056098283
EleutherAI/pythia-12b,17,step16,25,39,11846072320,36,0.11103855460524197,0.15381894694702758
EleutherAI/pythia-12b,17,step16,25,40,11846072320,36,0.09157371866116827,0.19459324931675515
EleutherAI/pythia-12b,17,step16,26,1,11846072320,36,0.15787466220535312,0.1612198198544191
EleutherAI/pythia-12b,17,step16,26,2,11846072320,36,0.10317802423326008,0.18746668224533394
EleutherAI/pythia-12b,17,step16,26,3,11846072320,36,0.12815453927661918,0.1600023386160935
EleutherAI/pythia-12b,17,step16,26,4,11846072320,36,0.1208170523458683,0.1593115302753654
EleutherAI/pythia-12b,17,step16,26,5,11846072320,36,0.14336232390176423,0.16405875489182833
EleutherAI/pythia-12b,17,step16,26,6,11846072320,36,0.10036977375759641,0.18574795200749555
EleutherAI/pythia-12b,17,step16,26,7,11846072320,36,0.13483650010783926,0.1567965464767169
EleutherAI/pythia-12b,17,step16,26,8,11846072320,36,0.11672148948910085,0.1850467649800283
EleutherAI/pythia-12b,17,step16,26,9,11846072320,36,0.10822456640781489,0.1993859509543121
EleutherAI/pythia-12b,17,step16,26,10,11846072320,36,0.1453509754179655,0.17220833472202754
EleutherAI/pythia-12b,17,step16,26,11,11846072320,36,0.13154883278315666,0.16626154421339248
EleutherAI/pythia-12b,17,step16,26,12,11846072320,36,0.14052222152841876,0.14136125599579497
EleutherAI/pythia-12b,17,step16,26,13,11846072320,36,0.11067048501637243,0.18185941830792043
EleutherAI/pythia-12b,17,step16,26,14,11846072320,36,0.1322046968828629,0.13485722917806095
EleutherAI/pythia-12b,17,step16,26,15,11846072320,36,0.11953416227309907,0.19178663197815324
EleutherAI/pythia-12b,17,step16,26,16,11846072320,36,0.10359759598567675,0.1822042248908195
EleutherAI/pythia-12b,17,step16,26,17,11846072320,36,0.09594398521882543,0.18700787602356064
EleutherAI/pythia-12b,17,step16,26,18,11846072320,36,0.15432156087109095,0.14413475989456376
EleutherAI/pythia-12b,17,step16,26,19,11846072320,36,0.11515089620587163,0.18161533393983811
EleutherAI/pythia-12b,17,step16,26,20,11846072320,36,0.1253849256325054,0.19535930232667884
EleutherAI/pythia-12b,17,step16,26,21,11846072320,36,0.13143887232105292,0.18717108853441008
EleutherAI/pythia-12b,17,step16,26,22,11846072320,36,0.15662436414364575,0.14382595795712935
EleutherAI/pythia-12b,17,step16,26,23,11846072320,36,0.11028720012812818,0.17209953120867674
EleutherAI/pythia-12b,17,step16,26,24,11846072320,36,0.10558641433447327,0.18441631753478677
EleutherAI/pythia-12b,17,step16,26,25,11846072320,36,0.15192425266668957,0.17431574006069883
EleutherAI/pythia-12b,17,step16,26,26,11846072320,36,0.13592670992710384,0.16857071600116047
EleutherAI/pythia-12b,17,step16,26,27,11846072320,36,0.14156332596375773,0.1762809614586579
EleutherAI/pythia-12b,17,step16,26,28,11846072320,36,0.1273765012051339,0.17341760095689923
EleutherAI/pythia-12b,17,step16,26,29,11846072320,36,0.149640952122283,0.1674790383056477
EleutherAI/pythia-12b,17,step16,26,30,11846072320,36,0.1324830885484322,0.17876812176046156
EleutherAI/pythia-12b,17,step16,26,31,11846072320,36,0.10854895509410276,0.17733352324525423
EleutherAI/pythia-12b,17,step16,26,32,11846072320,36,0.10689905655008174,0.1863106420660788
EleutherAI/pythia-12b,17,step16,26,33,11846072320,36,0.10143275878059341,0.19463063958562438
EleutherAI/pythia-12b,17,step16,26,34,11846072320,36,0.11867651786912485,0.15756235629678125
EleutherAI/pythia-12b,17,step16,26,35,11846072320,36,0.12300273805700082,0.17316890215954261
EleutherAI/pythia-12b,17,step16,26,36,11846072320,36,0.14109734102367635,0.1789696542518185
EleutherAI/pythia-12b,17,step16,26,37,11846072320,36,0.08278024561602518,0.23379570214978385
EleutherAI/pythia-12b,17,step16,26,38,11846072320,36,0.11122148282624575,0.18771073992948628
EleutherAI/pythia-12b,17,step16,26,39,11846072320,36,0.10316444483974402,0.1850624572899606
EleutherAI/pythia-12b,17,step16,26,40,11846072320,36,0.1753593515996281,0.12928493639493396
EleutherAI/pythia-12b,17,step16,27,1,11846072320,36,0.13904243538172928,0.17045727762597812
EleutherAI/pythia-12b,17,step16,27,2,11846072320,36,0.10755589516559337,0.18528508590170745
EleutherAI/pythia-12b,17,step16,27,3,11846072320,36,0.09580440169575064,0.2080611194632164
EleutherAI/pythia-12b,17,step16,27,4,11846072320,36,0.11282702752979126,0.19790267655150484
EleutherAI/pythia-12b,17,step16,27,5,11846072320,36,0.14629678256451722,0.14316925316120496
EleutherAI/pythia-12b,17,step16,27,6,11846072320,36,0.1278306429439389,0.13818678835983028
EleutherAI/pythia-12b,17,step16,27,7,11846072320,36,0.12334536180437145,0.1657690056529757
EleutherAI/pythia-12b,17,step16,27,8,11846072320,36,0.1039154653747876,0.20027864454230204
EleutherAI/pythia-12b,17,step16,27,9,11846072320,36,0.09008843619264546,0.21295457328851514
EleutherAI/pythia-12b,17,step16,27,10,11846072320,36,0.13016057605141987,0.14788720969323277
EleutherAI/pythia-12b,17,step16,27,11,11846072320,36,0.1496206512031433,0.16112623999997208
EleutherAI/pythia-12b,17,step16,27,12,11846072320,36,0.11358867070215328,0.1747652316863114
EleutherAI/pythia-12b,17,step16,27,13,11846072320,36,0.10020835921112388,0.1527164080697629
EleutherAI/pythia-12b,17,step16,27,14,11846072320,36,0.09478807318452238,0.18579682602907888
EleutherAI/pythia-12b,17,step16,27,15,11846072320,36,0.11563483613903991,0.19110905474985948
EleutherAI/pythia-12b,17,step16,27,16,11846072320,36,0.13974566486952178,0.17528538573980776
EleutherAI/pythia-12b,17,step16,27,17,11846072320,36,0.11827693444987133,0.21450440470945903
EleutherAI/pythia-12b,17,step16,27,18,11846072320,36,0.15460021321189113,0.15628756053589124
EleutherAI/pythia-12b,17,step16,27,19,11846072320,36,0.1212532018778381,0.15188925437539721
EleutherAI/pythia-12b,17,step16,27,20,11846072320,36,0.1365897848296004,0.16088067114845406
EleutherAI/pythia-12b,17,step16,27,21,11846072320,36,0.10772595880972637,0.19285975053749818
EleutherAI/pythia-12b,17,step16,27,22,11846072320,36,0.09571279975230446,0.22744504338012886
EleutherAI/pythia-12b,17,step16,27,23,11846072320,36,0.12360205097465181,0.18750534765142662
EleutherAI/pythia-12b,17,step16,27,24,11846072320,36,0.14004859880351264,0.16314865880598262
EleutherAI/pythia-12b,17,step16,27,25,11846072320,36,0.1342644759260856,0.15064090774492453
EleutherAI/pythia-12b,17,step16,27,26,11846072320,36,0.09028492495137914,0.1976090417979089
EleutherAI/pythia-12b,17,step16,27,27,11846072320,36,0.1354601523886482,0.179719654915927
EleutherAI/pythia-12b,17,step16,27,28,11846072320,36,0.10230249734231835,0.19316365648419018
EleutherAI/pythia-12b,17,step16,27,29,11846072320,36,0.14073851137972984,0.16010066843661544
EleutherAI/pythia-12b,17,step16,27,30,11846072320,36,0.11048541443461588,0.15104914113442905
EleutherAI/pythia-12b,17,step16,27,31,11846072320,36,0.1052770595801798,0.1841619347387158
EleutherAI/pythia-12b,17,step16,27,32,11846072320,36,0.09567376084111112,0.18921315867744673
EleutherAI/pythia-12b,17,step16,27,33,11846072320,36,0.09075741020140343,0.17049282275464706
EleutherAI/pythia-12b,17,step16,27,34,11846072320,36,0.17782770572705667,0.15072168970016295
EleutherAI/pythia-12b,17,step16,27,35,11846072320,36,0.1637973905605328,0.14549188259933082
EleutherAI/pythia-12b,17,step16,27,36,11846072320,36,0.13721321396775785,0.1634942687734648
EleutherAI/pythia-12b,17,step16,27,37,11846072320,36,0.11975270769259588,0.1676820657906813
EleutherAI/pythia-12b,17,step16,27,38,11846072320,36,0.15212899204287617,0.18290220968167967
EleutherAI/pythia-12b,17,step16,27,39,11846072320,36,0.1289098326329354,0.18612686248199714
EleutherAI/pythia-12b,17,step16,27,40,11846072320,36,0.14526148262928731,0.17161358147300215
EleutherAI/pythia-12b,17,step16,28,1,11846072320,36,0.10934199961098102,0.15805302441466942
EleutherAI/pythia-12b,17,step16,28,2,11846072320,36,0.14841049927490962,0.14644190398332946
EleutherAI/pythia-12b,17,step16,28,3,11846072320,36,0.1390316541734579,0.15890685689297163
EleutherAI/pythia-12b,17,step16,28,4,11846072320,36,0.13138763247443744,0.1582085212871611
EleutherAI/pythia-12b,17,step16,28,5,11846072320,36,0.12203185715049769,0.15069803599458373
EleutherAI/pythia-12b,17,step16,28,6,11846072320,36,0.10860452124731493,0.20852229942486536
EleutherAI/pythia-12b,17,step16,28,7,11846072320,36,0.17728184861642815,0.1471755208710471
EleutherAI/pythia-12b,17,step16,28,8,11846072320,36,0.09878235292137112,0.19588066689535838
EleutherAI/pythia-12b,17,step16,28,9,11846072320,36,0.09840683442436982,0.18583075796161683
EleutherAI/pythia-12b,17,step16,28,10,11846072320,36,0.10397107915410225,0.1886278612416114
EleutherAI/pythia-12b,17,step16,28,11,11846072320,36,0.16203044918743337,0.15982337781807052
EleutherAI/pythia-12b,17,step16,28,12,11846072320,36,0.12260724640487726,0.18934759205380625
EleutherAI/pythia-12b,17,step16,28,13,11846072320,36,0.14812104834674353,0.18048343367807496
EleutherAI/pythia-12b,17,step16,28,14,11846072320,36,0.11622968414524291,0.1535142733667929
EleutherAI/pythia-12b,17,step16,28,15,11846072320,36,0.10969588703366814,0.19294120300303882
EleutherAI/pythia-12b,17,step16,28,16,11846072320,36,0.12370939016364534,0.20645792917110714
EleutherAI/pythia-12b,17,step16,28,17,11846072320,36,0.09965712623251179,0.18750172654060537
EleutherAI/pythia-12b,17,step16,28,18,11846072320,36,0.12441339010691585,0.17611924164534148
EleutherAI/pythia-12b,17,step16,28,19,11846072320,36,0.15291427457341555,0.1492339781633726
EleutherAI/pythia-12b,17,step16,28,20,11846072320,36,0.13122229728366694,0.17185435959280607
EleutherAI/pythia-12b,17,step16,28,21,11846072320,36,0.10762620692395855,0.1840431907664503
EleutherAI/pythia-12b,17,step16,28,22,11846072320,36,0.1359499911679788,0.15212626836903098
EleutherAI/pythia-12b,17,step16,28,23,11846072320,36,0.10308809618132783,0.18876937073697372
EleutherAI/pythia-12b,17,step16,28,24,11846072320,36,0.10515964821585122,0.21198981271234446
EleutherAI/pythia-12b,17,step16,28,25,11846072320,36,0.11649214422649087,0.18279535934754138
EleutherAI/pythia-12b,17,step16,28,26,11846072320,36,0.10709995262928906,0.19137119358634802
EleutherAI/pythia-12b,17,step16,28,27,11846072320,36,0.17339312267285564,0.1602262291279775
EleutherAI/pythia-12b,17,step16,28,28,11846072320,36,0.08389293979965258,0.2397768102787636
EleutherAI/pythia-12b,17,step16,28,29,11846072320,36,0.11204326784870283,0.17472215124906537
EleutherAI/pythia-12b,17,step16,28,30,11846072320,36,0.1437976816361462,0.16284520283632267
EleutherAI/pythia-12b,17,step16,28,31,11846072320,36,0.1383185192786,0.1446615815772353
EleutherAI/pythia-12b,17,step16,28,32,11846072320,36,0.1216107974830153,0.197904493097585
EleutherAI/pythia-12b,17,step16,28,33,11846072320,36,0.13202551679612992,0.17051556706148846
EleutherAI/pythia-12b,17,step16,28,34,11846072320,36,0.13704874100829204,0.14153775399097715
EleutherAI/pythia-12b,17,step16,28,35,11846072320,36,0.09764704053421631,0.18591192165563053
EleutherAI/pythia-12b,17,step16,28,36,11846072320,36,0.17636418496971729,0.14700315084711116
EleutherAI/pythia-12b,17,step16,28,37,11846072320,36,0.14772703027067416,0.18094725348614712
EleutherAI/pythia-12b,17,step16,28,38,11846072320,36,0.12605684963768127,0.15754988842417256
EleutherAI/pythia-12b,17,step16,28,39,11846072320,36,0.18347307363966917,0.15220570658800656
EleutherAI/pythia-12b,17,step16,28,40,11846072320,36,0.10358626442729259,0.16821164329041227
EleutherAI/pythia-12b,17,step16,29,1,11846072320,36,0.12789734889817483,0.17309494508995305
EleutherAI/pythia-12b,17,step16,29,2,11846072320,36,0.15599853488373322,0.1514398922064193
EleutherAI/pythia-12b,17,step16,29,3,11846072320,36,0.14412189499886183,0.17313883905564698
EleutherAI/pythia-12b,17,step16,29,4,11846072320,36,0.12264035992022297,0.1837395635061525
EleutherAI/pythia-12b,17,step16,29,5,11846072320,36,0.06064533584614143,0.2259194012451637
EleutherAI/pythia-12b,17,step16,29,6,11846072320,36,0.09804728138889811,0.18873019940457542
EleutherAI/pythia-12b,17,step16,29,7,11846072320,36,0.14351052472049047,0.15494630200503104
EleutherAI/pythia-12b,17,step16,29,8,11846072320,36,0.14976259662738967,0.11830267839849706
EleutherAI/pythia-12b,17,step16,29,9,11846072320,36,0.1421221807576693,0.168326377278535
EleutherAI/pythia-12b,17,step16,29,10,11846072320,36,0.10053838580824408,0.1757182996781604
EleutherAI/pythia-12b,17,step16,29,11,11846072320,36,0.11336740587947064,0.2090604412495284
EleutherAI/pythia-12b,17,step16,29,12,11846072320,36,0.13816836584281095,0.15831665466217928
EleutherAI/pythia-12b,17,step16,29,13,11846072320,36,0.10992226596955239,0.17874893322642943
EleutherAI/pythia-12b,17,step16,29,14,11846072320,36,0.10224149657228773,0.17122432548977856
EleutherAI/pythia-12b,17,step16,29,15,11846072320,36,0.1271353988564229,0.14919677494211236
EleutherAI/pythia-12b,17,step16,29,16,11846072320,36,0.1339087400853902,0.15443308995729
EleutherAI/pythia-12b,17,step16,29,17,11846072320,36,0.1598433923736975,0.18106382800540224
EleutherAI/pythia-12b,17,step16,29,18,11846072320,36,0.13944566602799086,0.15041074277301714
EleutherAI/pythia-12b,17,step16,29,19,11846072320,36,0.09734913419551763,0.19372289103956458
EleutherAI/pythia-12b,17,step16,29,20,11846072320,36,0.12469958922302754,0.17036060020103821
EleutherAI/pythia-12b,17,step16,29,21,11846072320,36,0.14361668913974773,0.1696172314961706
EleutherAI/pythia-12b,17,step16,29,22,11846072320,36,0.09920675041539977,0.21467978582792988
EleutherAI/pythia-12b,17,step16,29,23,11846072320,36,0.12059030899996152,0.1652997628206739
EleutherAI/pythia-12b,17,step16,29,24,11846072320,36,0.129660402869319,0.16195592485569615
EleutherAI/pythia-12b,17,step16,29,25,11846072320,36,0.13834693563078435,0.15337762576122357
EleutherAI/pythia-12b,17,step16,29,26,11846072320,36,0.14859742779206403,0.1507681389409187
EleutherAI/pythia-12b,17,step16,29,27,11846072320,36,0.13883042134702558,0.1645301767224977
EleutherAI/pythia-12b,17,step16,29,28,11846072320,36,0.16973606168149824,0.14739029426631087
EleutherAI/pythia-12b,17,step16,29,29,11846072320,36,0.12912230591314866,0.15554273148925898
EleutherAI/pythia-12b,17,step16,29,30,11846072320,36,0.14914563105808,0.16421958189401714
EleutherAI/pythia-12b,17,step16,29,31,11846072320,36,0.09632745634361695,0.2287584915841082
EleutherAI/pythia-12b,17,step16,29,32,11846072320,36,0.10615488045007075,0.16628485630817327
EleutherAI/pythia-12b,17,step16,29,33,11846072320,36,0.1380876719325154,0.14650655182095257
EleutherAI/pythia-12b,17,step16,29,34,11846072320,36,0.12393249429247755,0.1616760707619759
EleutherAI/pythia-12b,17,step16,29,35,11846072320,36,0.09469766692222055,0.20034730889171626
EleutherAI/pythia-12b,17,step16,29,36,11846072320,36,0.10763352947147396,0.16584670324963666
EleutherAI/pythia-12b,17,step16,29,37,11846072320,36,0.1406295722344884,0.1533484247487944
EleutherAI/pythia-12b,17,step16,29,38,11846072320,36,0.1298635551767485,0.1600998890454749
EleutherAI/pythia-12b,17,step16,29,39,11846072320,36,0.115218090525529,0.18432004880943184
EleutherAI/pythia-12b,17,step16,29,40,11846072320,36,0.12084961176903036,0.16615471621701217
EleutherAI/pythia-12b,17,step16,30,1,11846072320,36,0.09202114509715059,0.19398510072369113
EleutherAI/pythia-12b,17,step16,30,2,11846072320,36,0.12822252751940538,0.19783076742110217
EleutherAI/pythia-12b,17,step16,30,3,11846072320,36,0.09254567055507103,0.2111099917027685
EleutherAI/pythia-12b,17,step16,30,4,11846072320,36,0.12335673681608546,0.20138288179116023
EleutherAI/pythia-12b,17,step16,30,5,11846072320,36,0.11377045987369684,0.17142614902083844
EleutherAI/pythia-12b,17,step16,30,6,11846072320,36,0.157153124040043,0.18219394313714074
EleutherAI/pythia-12b,17,step16,30,7,11846072320,36,0.1113744519718058,0.20353114518529924
EleutherAI/pythia-12b,17,step16,30,8,11846072320,36,0.11472000963090952,0.15378738696163924
EleutherAI/pythia-12b,17,step16,30,9,11846072320,36,0.11728405285704956,0.18436783160063414
EleutherAI/pythia-12b,17,step16,30,10,11846072320,36,0.11687945142142224,0.1802083406340073
EleutherAI/pythia-12b,17,step16,30,11,11846072320,36,0.13063834873853142,0.15048075423438892
EleutherAI/pythia-12b,17,step16,30,12,11846072320,36,0.16743715967166348,0.17164774477906947
EleutherAI/pythia-12b,17,step16,30,13,11846072320,36,0.11130029798482538,0.17141225305036287
EleutherAI/pythia-12b,17,step16,30,14,11846072320,36,0.06644599249882915,0.22454254124201717
EleutherAI/pythia-12b,17,step16,30,15,11846072320,36,0.09944577882060772,0.17449322363568673
EleutherAI/pythia-12b,17,step16,30,16,11846072320,36,0.11686765266073354,0.17895439748481673
EleutherAI/pythia-12b,17,step16,30,17,11846072320,36,0.09997823575438855,0.2029495815531135
EleutherAI/pythia-12b,17,step16,30,18,11846072320,36,0.11394264583137476,0.18216598447266816
EleutherAI/pythia-12b,17,step16,30,19,11846072320,36,0.12969634960497817,0.20142301227393983
EleutherAI/pythia-12b,17,step16,30,20,11846072320,36,0.10345255704904278,0.19715828550056558
EleutherAI/pythia-12b,17,step16,30,21,11846072320,36,0.10555325831110408,0.21999491225402273
EleutherAI/pythia-12b,17,step16,30,22,11846072320,36,0.18363864227637153,0.12336896318808059
EleutherAI/pythia-12b,17,step16,30,23,11846072320,36,0.13437303208239798,0.17362280104969352
EleutherAI/pythia-12b,17,step16,30,24,11846072320,36,0.09092578758952671,0.185858410830657
EleutherAI/pythia-12b,17,step16,30,25,11846072320,36,0.1493062263874857,0.1586374428246293
EleutherAI/pythia-12b,17,step16,30,26,11846072320,36,0.0965287724437119,0.19619797414599413
EleutherAI/pythia-12b,17,step16,30,27,11846072320,36,0.12146282510401246,0.1425885669131939
EleutherAI/pythia-12b,17,step16,30,28,11846072320,36,0.10632067432699793,0.16027564288595234
EleutherAI/pythia-12b,17,step16,30,29,11846072320,36,0.13315341083539853,0.1763868883934554
EleutherAI/pythia-12b,17,step16,30,30,11846072320,36,0.10317028021333628,0.1950976758154931
EleutherAI/pythia-12b,17,step16,30,31,11846072320,36,0.11355501998987816,0.15474856302265197
EleutherAI/pythia-12b,17,step16,30,32,11846072320,36,0.10097222773263131,0.1980135625804419
EleutherAI/pythia-12b,17,step16,30,33,11846072320,36,0.1387390302432639,0.1833027611646029
EleutherAI/pythia-12b,17,step16,30,34,11846072320,36,0.1622871542377425,0.14819416472570848
EleutherAI/pythia-12b,17,step16,30,35,11846072320,36,0.15395702461938596,0.14714715290288843
EleutherAI/pythia-12b,17,step16,30,36,11846072320,36,0.10534114864103872,0.21496311165168652
EleutherAI/pythia-12b,17,step16,30,37,11846072320,36,0.11008264069576874,0.19572838879114868
EleutherAI/pythia-12b,17,step16,30,38,11846072320,36,0.1634871897542172,0.1716882001116379
EleutherAI/pythia-12b,17,step16,30,39,11846072320,36,0.09067703456290666,0.22212152052726647
EleutherAI/pythia-12b,17,step16,30,40,11846072320,36,0.16836442429203166,0.136224778262792
EleutherAI/pythia-12b,17,step16,31,1,11846072320,36,0.09927669349028627,0.20652997132681597
EleutherAI/pythia-12b,17,step16,31,2,11846072320,36,0.1313213255066234,0.17029200347179582
EleutherAI/pythia-12b,17,step16,31,3,11846072320,36,0.1610233267103587,0.15146740455482452
EleutherAI/pythia-12b,17,step16,31,4,11846072320,36,0.12194382315977016,0.16504158483476963
EleutherAI/pythia-12b,17,step16,31,5,11846072320,36,0.16626051426291819,0.18633776940629107
EleutherAI/pythia-12b,17,step16,31,6,11846072320,36,0.12382216058537225,0.1887173310492758
EleutherAI/pythia-12b,17,step16,31,7,11846072320,36,0.09253336121705734,0.18104542351912356
EleutherAI/pythia-12b,17,step16,31,8,11846072320,36,0.10467352541359333,0.15297740269116716
EleutherAI/pythia-12b,17,step16,31,9,11846072320,36,0.1637203416901755,0.15906667396392635
EleutherAI/pythia-12b,17,step16,31,10,11846072320,36,0.1170677745647661,0.19395472116309687
EleutherAI/pythia-12b,17,step16,31,11,11846072320,36,0.1271328492643865,0.15652468275032688
EleutherAI/pythia-12b,17,step16,31,12,11846072320,36,0.13921572401694524,0.14178271632496117
EleutherAI/pythia-12b,17,step16,31,13,11846072320,36,0.11722989652205154,0.16906778401116257
EleutherAI/pythia-12b,17,step16,31,14,11846072320,36,0.14014741968553698,0.1640032273255758
EleutherAI/pythia-12b,17,step16,31,15,11846072320,36,0.13611125674758762,0.16229250514460303
EleutherAI/pythia-12b,17,step16,31,16,11846072320,36,0.09124474481094971,0.18543153268763338
EleutherAI/pythia-12b,17,step16,31,17,11846072320,36,0.15049742261792443,0.1549064428559518
EleutherAI/pythia-12b,17,step16,31,18,11846072320,36,0.13097260360446594,0.18008858656270185
EleutherAI/pythia-12b,17,step16,31,19,11846072320,36,0.17837498002537375,0.12230357093954673
EleutherAI/pythia-12b,17,step16,31,20,11846072320,36,0.12451462075114246,0.18118532817229044
EleutherAI/pythia-12b,17,step16,31,21,11846072320,36,0.1308098265358635,0.1491003494860755
EleutherAI/pythia-12b,17,step16,31,22,11846072320,36,0.10365149386607486,0.1680875080987229
EleutherAI/pythia-12b,17,step16,31,23,11846072320,36,0.10097386874817867,0.2066413492115365
EleutherAI/pythia-12b,17,step16,31,24,11846072320,36,0.12874439655168274,0.15501782019810004
EleutherAI/pythia-12b,17,step16,31,25,11846072320,36,0.10026771827480631,0.17105312513428045
EleutherAI/pythia-12b,17,step16,31,26,11846072320,36,0.08310942740848021,0.20288741261650756
EleutherAI/pythia-12b,17,step16,31,27,11846072320,36,0.10900416829575733,0.18048088850492647
EleutherAI/pythia-12b,17,step16,31,28,11846072320,36,0.09587227459717258,0.17683632428234847
EleutherAI/pythia-12b,17,step16,31,29,11846072320,36,0.12948524809299822,0.14904376832270494
EleutherAI/pythia-12b,17,step16,31,30,11846072320,36,0.09988573841001085,0.23562003759941355
EleutherAI/pythia-12b,17,step16,31,31,11846072320,36,0.08850784037631369,0.20049918702504294
EleutherAI/pythia-12b,17,step16,31,32,11846072320,36,0.12588453174823214,0.17647328027510065
EleutherAI/pythia-12b,17,step16,31,33,11846072320,36,0.08875651168706893,0.25427904193409834
EleutherAI/pythia-12b,17,step16,31,34,11846072320,36,0.15094052740112615,0.16059501808103135
EleutherAI/pythia-12b,17,step16,31,35,11846072320,36,0.13990404966983705,0.1516116143850324
EleutherAI/pythia-12b,17,step16,31,36,11846072320,36,0.14903075479015748,0.15192806432107542
EleutherAI/pythia-12b,17,step16,31,37,11846072320,36,0.11915578524786248,0.16953936962875066
EleutherAI/pythia-12b,17,step16,31,38,11846072320,36,0.13404916867882277,0.16885426852505303
EleutherAI/pythia-12b,17,step16,31,39,11846072320,36,0.11247636630079584,0.15574311458033033
EleutherAI/pythia-12b,17,step16,31,40,11846072320,36,0.10772133095598252,0.19508704806009566
EleutherAI/pythia-12b,17,step16,32,1,11846072320,36,0.1175291405224406,0.19387597657247882
EleutherAI/pythia-12b,17,step16,32,2,11846072320,36,0.12619835123777742,0.1739286684372403
EleutherAI/pythia-12b,17,step16,32,3,11846072320,36,0.09521826592696317,0.20956388905129808
EleutherAI/pythia-12b,17,step16,32,4,11846072320,36,0.10733879884486795,0.20636165081089855
EleutherAI/pythia-12b,17,step16,32,5,11846072320,36,0.10653149416563922,0.21270080922065193
EleutherAI/pythia-12b,17,step16,32,6,11846072320,36,0.16561208788428575,0.17370986399540042
EleutherAI/pythia-12b,17,step16,32,7,11846072320,36,0.07831887521867723,0.218688218672578
EleutherAI/pythia-12b,17,step16,32,8,11846072320,36,0.155371116423929,0.13606195495528228
EleutherAI/pythia-12b,17,step16,32,9,11846072320,36,0.11184566403115472,0.1642957205685588
EleutherAI/pythia-12b,17,step16,32,10,11846072320,36,0.07054111022256064,0.19096441631829053
EleutherAI/pythia-12b,17,step16,32,11,11846072320,36,0.09467446232108288,0.16633611132723608
EleutherAI/pythia-12b,17,step16,32,12,11846072320,36,0.11646644193846896,0.1705937147442553
EleutherAI/pythia-12b,17,step16,32,13,11846072320,36,0.13167044962266897,0.16301311027851545
EleutherAI/pythia-12b,17,step16,32,14,11846072320,36,0.08526794944663302,0.2657911262947607
EleutherAI/pythia-12b,17,step16,32,15,11846072320,36,0.09137644791309983,0.18991757515403956
EleutherAI/pythia-12b,17,step16,32,16,11846072320,36,0.08695809068242168,0.20343444196580046
EleutherAI/pythia-12b,17,step16,32,17,11846072320,36,0.12258335326549344,0.17867434578010802
EleutherAI/pythia-12b,17,step16,32,18,11846072320,36,0.12129047488676262,0.22473958767558982
EleutherAI/pythia-12b,17,step16,32,19,11846072320,36,0.11031847677050943,0.16698186495551115
EleutherAI/pythia-12b,17,step16,32,20,11846072320,36,0.15034860302064865,0.14823696419719726
EleutherAI/pythia-12b,17,step16,32,21,11846072320,36,0.11276115876463078,0.1803991624626803
EleutherAI/pythia-12b,17,step16,32,22,11846072320,36,0.12561300018796687,0.19200117820622142
EleutherAI/pythia-12b,17,step16,32,23,11846072320,36,0.13143283199216865,0.17325028801734021
EleutherAI/pythia-12b,17,step16,32,24,11846072320,36,0.1300863120313342,0.1585455523110232
EleutherAI/pythia-12b,17,step16,32,25,11846072320,36,0.07850401842401725,0.17921591269036935
EleutherAI/pythia-12b,17,step16,32,26,11846072320,36,0.1231662119562561,0.1664985779158256
EleutherAI/pythia-12b,17,step16,32,27,11846072320,36,0.12077153208399853,0.17798981878224074
EleutherAI/pythia-12b,17,step16,32,28,11846072320,36,0.13369865339618542,0.14662903769070407
EleutherAI/pythia-12b,17,step16,32,29,11846072320,36,0.11629901557332935,0.1731643849318181
EleutherAI/pythia-12b,17,step16,32,30,11846072320,36,0.10574303539441866,0.15417522663256156
EleutherAI/pythia-12b,17,step16,32,31,11846072320,36,0.1389860822889092,0.1802389956675134
EleutherAI/pythia-12b,17,step16,32,32,11846072320,36,0.09943177621229897,0.17897705920040602
EleutherAI/pythia-12b,17,step16,32,33,11846072320,36,0.10270162144054965,0.2113884732507549
EleutherAI/pythia-12b,17,step16,32,34,11846072320,36,0.10363147152705231,0.18904856952080673
EleutherAI/pythia-12b,17,step16,32,35,11846072320,36,0.1403246639581682,0.16213711485400925
EleutherAI/pythia-12b,17,step16,32,36,11846072320,36,0.13644442483559022,0.17301569567495456
EleutherAI/pythia-12b,17,step16,32,37,11846072320,36,0.16129510373145606,0.15133297339629925
EleutherAI/pythia-12b,17,step16,32,38,11846072320,36,0.09462585311394192,0.1946275040854115
EleutherAI/pythia-12b,17,step16,32,39,11846072320,36,0.1051218347349861,0.1867679281456692
EleutherAI/pythia-12b,17,step16,32,40,11846072320,36,0.1131863326628555,0.16937519893520045
EleutherAI/pythia-12b,17,step16,33,1,11846072320,36,0.16402973103205537,0.14121626745685706
EleutherAI/pythia-12b,17,step16,33,2,11846072320,36,0.09232585733706077,0.19626593472038925
EleutherAI/pythia-12b,17,step16,33,3,11846072320,36,0.12193004203563154,0.18379539046604348
EleutherAI/pythia-12b,17,step16,33,4,11846072320,36,0.1392708507117566,0.1884581205706383
EleutherAI/pythia-12b,17,step16,33,5,11846072320,36,0.10247085147814167,0.16242219354151868
EleutherAI/pythia-12b,17,step16,33,6,11846072320,36,0.12731956815844894,0.1742799477400006
EleutherAI/pythia-12b,17,step16,33,7,11846072320,36,0.1159938926733023,0.16249418758448803
EleutherAI/pythia-12b,17,step16,33,8,11846072320,36,0.1379232409412975,0.16378983649405626
EleutherAI/pythia-12b,17,step16,33,9,11846072320,36,0.08979970087260898,0.1784564260863237
EleutherAI/pythia-12b,17,step16,33,10,11846072320,36,0.10845033319627823,0.18658337214061085
EleutherAI/pythia-12b,17,step16,33,11,11846072320,36,0.11276921295412663,0.14877784611271305
EleutherAI/pythia-12b,17,step16,33,12,11846072320,36,0.12504741245763254,0.1797108407951779
EleutherAI/pythia-12b,17,step16,33,13,11846072320,36,0.13230017458533377,0.16784746734587633
EleutherAI/pythia-12b,17,step16,33,14,11846072320,36,0.13149259035830738,0.1703133535439948
EleutherAI/pythia-12b,17,step16,33,15,11846072320,36,0.1284405068793633,0.17615456356143983
EleutherAI/pythia-12b,17,step16,33,16,11846072320,36,0.07465333972327608,0.22918878400043857
EleutherAI/pythia-12b,17,step16,33,17,11846072320,36,0.16774315736046777,0.15376201205447804
EleutherAI/pythia-12b,17,step16,33,18,11846072320,36,0.1259618040856656,0.1416966693011579
EleutherAI/pythia-12b,17,step16,33,19,11846072320,36,0.09277593832205719,0.17921419027778834
EleutherAI/pythia-12b,17,step16,33,20,11846072320,36,0.0674295180138793,0.20130076027243163
EleutherAI/pythia-12b,17,step16,33,21,11846072320,36,0.11260000074299065,0.20094595124312972
EleutherAI/pythia-12b,17,step16,33,22,11846072320,36,0.13179819759082145,0.15151000364093448
EleutherAI/pythia-12b,17,step16,33,23,11846072320,36,0.157785658391791,0.17864010080292414
EleutherAI/pythia-12b,17,step16,33,24,11846072320,36,0.13938837613093777,0.17144101228867023
EleutherAI/pythia-12b,17,step16,33,25,11846072320,36,0.13593960660244067,0.14908935287659675
EleutherAI/pythia-12b,17,step16,33,26,11846072320,36,0.13705799832112256,0.18296130348343745
EleutherAI/pythia-12b,17,step16,33,27,11846072320,36,0.08526700354172835,0.1837426435688997
EleutherAI/pythia-12b,17,step16,33,28,11846072320,36,0.18058355672245802,0.1615843158998378
EleutherAI/pythia-12b,17,step16,33,29,11846072320,36,0.14899008926395715,0.16039844890692834
EleutherAI/pythia-12b,17,step16,33,30,11846072320,36,0.13427759603493739,0.15251014802280485
EleutherAI/pythia-12b,17,step16,33,31,11846072320,36,0.16311608049067644,0.14431271835177148
EleutherAI/pythia-12b,17,step16,33,32,11846072320,36,0.10600213327252109,0.17174323581931017
EleutherAI/pythia-12b,17,step16,33,33,11846072320,36,0.14897376802322024,0.16490764280238573
EleutherAI/pythia-12b,17,step16,33,34,11846072320,36,0.12104896848109566,0.1772543000890775
EleutherAI/pythia-12b,17,step16,33,35,11846072320,36,0.08427433185447171,0.20007543820138268
EleutherAI/pythia-12b,17,step16,33,36,11846072320,36,0.10289091273985643,0.19801806139706576
EleutherAI/pythia-12b,17,step16,33,37,11846072320,36,0.14351285657322438,0.14902893766514708
EleutherAI/pythia-12b,17,step16,33,38,11846072320,36,0.1257445014140627,0.17337994943666563
EleutherAI/pythia-12b,17,step16,33,39,11846072320,36,0.1147489321918727,0.17318248137406575
EleutherAI/pythia-12b,17,step16,33,40,11846072320,36,0.11239277018239723,0.15122381336259855
EleutherAI/pythia-12b,17,step16,34,1,11846072320,36,0.14073971643283198,0.1720568561093048
EleutherAI/pythia-12b,17,step16,34,2,11846072320,36,0.11518348383720031,0.20381393671796483
EleutherAI/pythia-12b,17,step16,34,3,11846072320,36,0.1521388338123624,0.16938402307116318
EleutherAI/pythia-12b,17,step16,34,4,11846072320,36,0.14785238763166436,0.19771950595170346
EleutherAI/pythia-12b,17,step16,34,5,11846072320,36,0.11401264846336104,0.17669237451488007
EleutherAI/pythia-12b,17,step16,34,6,11846072320,36,0.1103992868360277,0.1626169920392759
EleutherAI/pythia-12b,17,step16,34,7,11846072320,36,0.10873180276269576,0.196488746984473
EleutherAI/pythia-12b,17,step16,34,8,11846072320,36,0.11016461824265503,0.1997580149577365
EleutherAI/pythia-12b,17,step16,34,9,11846072320,36,0.12253423939618437,0.17595750370899116
EleutherAI/pythia-12b,17,step16,34,10,11846072320,36,0.12614179412658147,0.15788306806001573
EleutherAI/pythia-12b,17,step16,34,11,11846072320,36,0.10214437947079938,0.2233101288611824
EleutherAI/pythia-12b,17,step16,34,12,11846072320,36,0.1274038053735777,0.1644069709963313
EleutherAI/pythia-12b,17,step16,34,13,11846072320,36,0.1202028837843655,0.18162299807298107
EleutherAI/pythia-12b,17,step16,34,14,11846072320,36,0.14920453514131873,0.1679866259509289
EleutherAI/pythia-12b,17,step16,34,15,11846072320,36,0.15222651800616185,0.18518982625457345
EleutherAI/pythia-12b,17,step16,34,16,11846072320,36,0.08116793957211677,0.2198309003971181
EleutherAI/pythia-12b,17,step16,34,17,11846072320,36,0.12898880486060546,0.1616502272317538
EleutherAI/pythia-12b,17,step16,34,18,11846072320,36,0.10546356842324536,0.1698971876857785
EleutherAI/pythia-12b,17,step16,34,19,11846072320,36,0.13182744954351902,0.17445742086068283
EleutherAI/pythia-12b,17,step16,34,20,11846072320,36,0.12720391220292884,0.16035833183463447
EleutherAI/pythia-12b,17,step16,34,21,11846072320,36,0.11835532104065107,0.16840217051071085
EleutherAI/pythia-12b,17,step16,34,22,11846072320,36,0.10390549032828646,0.17690515982451377
EleutherAI/pythia-12b,17,step16,34,23,11846072320,36,0.12852436566428913,0.1707734910620225
EleutherAI/pythia-12b,17,step16,34,24,11846072320,36,0.10921985751113014,0.1990239204050184
EleutherAI/pythia-12b,17,step16,34,25,11846072320,36,0.13004138391722248,0.16681108610038908
EleutherAI/pythia-12b,17,step16,34,26,11846072320,36,0.1794113351239098,0.14784262431981235
EleutherAI/pythia-12b,17,step16,34,27,11846072320,36,0.13827073145042484,0.14322676987585806
EleutherAI/pythia-12b,17,step16,34,28,11846072320,36,0.13561215318806533,0.15752519308603377
EleutherAI/pythia-12b,17,step16,34,29,11846072320,36,0.13734241953684578,0.1578916176012507
EleutherAI/pythia-12b,17,step16,34,30,11846072320,36,0.13597706785319263,0.20057685394119748
EleutherAI/pythia-12b,17,step16,34,31,11846072320,36,0.11736317331323748,0.1987705452803958
EleutherAI/pythia-12b,17,step16,34,32,11846072320,36,0.09304252626268082,0.18699074189203813
EleutherAI/pythia-12b,17,step16,34,33,11846072320,36,0.1904163936841058,0.13464398948089762
EleutherAI/pythia-12b,17,step16,34,34,11846072320,36,0.1538538179687551,0.1705145054404531
EleutherAI/pythia-12b,17,step16,34,35,11846072320,36,0.1352398458521466,0.17259626319861265
EleutherAI/pythia-12b,17,step16,34,36,11846072320,36,0.10860386588149239,0.16270658964509357
EleutherAI/pythia-12b,17,step16,34,37,11846072320,36,0.16330912846836954,0.1585167409242452
EleutherAI/pythia-12b,17,step16,34,38,11846072320,36,0.1261985599211565,0.15091228515312474
EleutherAI/pythia-12b,17,step16,34,39,11846072320,36,0.11961217959587635,0.202543143395547
EleutherAI/pythia-12b,17,step16,34,40,11846072320,36,0.10181283750277646,0.17228209178659826
EleutherAI/pythia-12b,17,step16,35,1,11846072320,36,0.0982767570870103,0.19731931692945792
EleutherAI/pythia-12b,17,step16,35,2,11846072320,36,0.09577656150501855,0.20124006523630458
EleutherAI/pythia-12b,17,step16,35,3,11846072320,36,0.10177658407112675,0.20075566399361452
EleutherAI/pythia-12b,17,step16,35,4,11846072320,36,0.1363072338830064,0.16356392028285663
EleutherAI/pythia-12b,17,step16,35,5,11846072320,36,0.16732635485517366,0.12435839770993845
EleutherAI/pythia-12b,17,step16,35,6,11846072320,36,0.1399304112391518,0.1614516390146346
EleutherAI/pythia-12b,17,step16,35,7,11846072320,36,0.10623543866694685,0.20383624457852076
EleutherAI/pythia-12b,17,step16,35,8,11846072320,36,0.07954962920766688,0.19201819911632717
EleutherAI/pythia-12b,17,step16,35,9,11846072320,36,0.09040029138304266,0.23106824842144594
EleutherAI/pythia-12b,17,step16,35,10,11846072320,36,0.1002652094176447,0.20365209871897463
EleutherAI/pythia-12b,17,step16,35,11,11846072320,36,0.09844722579213767,0.19759479566133234
EleutherAI/pythia-12b,17,step16,35,12,11846072320,36,0.06413755891704788,0.19885477489951223
EleutherAI/pythia-12b,17,step16,35,13,11846072320,36,0.12169374234683517,0.19734219064538897
EleutherAI/pythia-12b,17,step16,35,14,11846072320,36,0.11660826878549455,0.1688659848315311
EleutherAI/pythia-12b,17,step16,35,15,11846072320,36,0.15405663828905275,0.16815926698134373
EleutherAI/pythia-12b,17,step16,35,16,11846072320,36,0.12936489055822556,0.18217093088348077
EleutherAI/pythia-12b,17,step16,35,17,11846072320,36,0.10182189402190052,0.18020823349835005
EleutherAI/pythia-12b,17,step16,35,18,11846072320,36,0.128419579736687,0.17475592656838548
EleutherAI/pythia-12b,17,step16,35,19,11846072320,36,0.12320308782742005,0.16584288868661573
EleutherAI/pythia-12b,17,step16,35,20,11846072320,36,0.14464686360131868,0.15524959678876324
EleutherAI/pythia-12b,17,step16,35,21,11846072320,36,0.07118039699858637,0.22250209525563155
EleutherAI/pythia-12b,17,step16,35,22,11846072320,36,0.12835149157109915,0.17761078856706436
EleutherAI/pythia-12b,17,step16,35,23,11846072320,36,0.16486938053311345,0.1436908881546364
EleutherAI/pythia-12b,17,step16,35,24,11846072320,36,0.09346181394213487,0.18113482558635527
EleutherAI/pythia-12b,17,step16,35,25,11846072320,36,0.12288761400972843,0.18919225642877116
EleutherAI/pythia-12b,17,step16,35,26,11846072320,36,0.14108108417005147,0.17766278223400267
EleutherAI/pythia-12b,17,step16,35,27,11846072320,36,0.11392206323889636,0.20933987794292935
EleutherAI/pythia-12b,17,step16,35,28,11846072320,36,0.0939672459000805,0.17909433173614217
EleutherAI/pythia-12b,17,step16,35,29,11846072320,36,0.10996678520788297,0.1963077546866448
EleutherAI/pythia-12b,17,step16,35,30,11846072320,36,0.16030839153260615,0.1245562594674818
EleutherAI/pythia-12b,17,step16,35,31,11846072320,36,0.12459002840738213,0.15576145623449802
EleutherAI/pythia-12b,17,step16,35,32,11846072320,36,0.1268491206673888,0.18341392601138207
EleutherAI/pythia-12b,17,step16,35,33,11846072320,36,0.16998168540833228,0.16145445324771393
EleutherAI/pythia-12b,17,step16,35,34,11846072320,36,0.12236466375669018,0.20233561934528493
EleutherAI/pythia-12b,17,step16,35,35,11846072320,36,0.13592925523449703,0.16240169416117414
EleutherAI/pythia-12b,17,step16,35,36,11846072320,36,0.10073686351960481,0.18696670479199903
EleutherAI/pythia-12b,17,step16,35,37,11846072320,36,0.12373625353403811,0.1875606280144628
EleutherAI/pythia-12b,17,step16,35,38,11846072320,36,0.12083817926702553,0.1833035334967099
EleutherAI/pythia-12b,17,step16,35,39,11846072320,36,0.09554518737995227,0.1902649517677299
EleutherAI/pythia-12b,17,step16,35,40,11846072320,36,0.16125637818653657,0.13377263556953303
EleutherAI/pythia-12b,17,step16,36,1,11846072320,36,0.09315126849612491,0.21671989550618254
EleutherAI/pythia-12b,17,step16,36,2,11846072320,36,0.13235693943460242,0.1539652816777875
EleutherAI/pythia-12b,17,step16,36,3,11846072320,36,0.12198673557859278,0.17661271084312558
EleutherAI/pythia-12b,17,step16,36,4,11846072320,36,0.13988482189160564,0.17310075884175904
EleutherAI/pythia-12b,17,step16,36,5,11846072320,36,0.1101266675525241,0.17415611485338153
EleutherAI/pythia-12b,17,step16,36,6,11846072320,36,0.1485224720090627,0.18758360731105006
EleutherAI/pythia-12b,17,step16,36,7,11846072320,36,0.11065132566378098,0.17897975760548407
EleutherAI/pythia-12b,17,step16,36,8,11846072320,36,0.12932418942921328,0.14294886470467474
EleutherAI/pythia-12b,17,step16,36,9,11846072320,36,0.1289375288014834,0.1670807560782756
EleutherAI/pythia-12b,17,step16,36,10,11846072320,36,0.10572401148913138,0.15248301927861682
EleutherAI/pythia-12b,17,step16,36,11,11846072320,36,0.12611366195923032,0.22674144120948447
EleutherAI/pythia-12b,17,step16,36,12,11846072320,36,0.08628532161527833,0.1591287365535626
EleutherAI/pythia-12b,17,step16,36,13,11846072320,36,0.10792604572903193,0.20990369517870758
EleutherAI/pythia-12b,17,step16,36,14,11846072320,36,0.10740380491166408,0.1820871217327343
EleutherAI/pythia-12b,17,step16,36,15,11846072320,36,0.1354642591296552,0.15035349801014936
EleutherAI/pythia-12b,17,step16,36,16,11846072320,36,0.11277023184339738,0.1764231674462646
EleutherAI/pythia-12b,17,step16,36,17,11846072320,36,0.10523216068946022,0.17258275014994376
EleutherAI/pythia-12b,17,step16,36,18,11846072320,36,0.11635228441105229,0.14927491181538444
EleutherAI/pythia-12b,17,step16,36,19,11846072320,36,0.08901503227382626,0.2106088559414531
EleutherAI/pythia-12b,17,step16,36,20,11846072320,36,0.1304845012858644,0.1359997947501751
EleutherAI/pythia-12b,17,step16,36,21,11846072320,36,0.1292368370938945,0.18087736084251785
EleutherAI/pythia-12b,17,step16,36,22,11846072320,36,0.15715119896551685,0.14580727973253693
EleutherAI/pythia-12b,17,step16,36,23,11846072320,36,0.1359496115463542,0.1768491574487573
EleutherAI/pythia-12b,17,step16,36,24,11846072320,36,0.10814497282577523,0.17275869151907366
EleutherAI/pythia-12b,17,step16,36,25,11846072320,36,0.12501170190873442,0.1838526882527692
EleutherAI/pythia-12b,17,step16,36,26,11846072320,36,0.09479870847720011,0.17484915788724523
EleutherAI/pythia-12b,17,step16,36,27,11846072320,36,0.09152550374468163,0.17999448471174043
EleutherAI/pythia-12b,17,step16,36,28,11846072320,36,0.09458187411262373,0.19679240824783345
EleutherAI/pythia-12b,17,step16,36,29,11846072320,36,0.11737569464599938,0.16594586133196185
EleutherAI/pythia-12b,17,step16,36,30,11846072320,36,0.1523494907338787,0.15900540764949786
EleutherAI/pythia-12b,17,step16,36,31,11846072320,36,0.13837778389834243,0.1700062139054855
EleutherAI/pythia-12b,17,step16,36,32,11846072320,36,0.09845587689507827,0.18744452645325352
EleutherAI/pythia-12b,17,step16,36,33,11846072320,36,0.11603570025268792,0.17051419204341484
EleutherAI/pythia-12b,17,step16,36,34,11846072320,36,0.1543338883321385,0.20136770262598272
EleutherAI/pythia-12b,17,step16,36,35,11846072320,36,0.163281259331125,0.15905217503340122
EleutherAI/pythia-12b,17,step16,36,36,11846072320,36,0.10718447980736644,0.1761274176563049
EleutherAI/pythia-12b,17,step16,36,37,11846072320,36,0.09754951768093277,0.1872756139741645
EleutherAI/pythia-12b,17,step16,36,38,11846072320,36,0.12443094145696797,0.17872215832608773
EleutherAI/pythia-12b,17,step16,36,39,11846072320,36,0.12682744051824815,0.15211774223951155
EleutherAI/pythia-12b,17,step16,36,40,11846072320,36,0.17048304653293014,0.15191973574101564
