mpath,step_modded,revision,Layer,Head,n_params,n_layers,mean_1back,mean_first
EleutherAI/pythia-12b,257,step256,1,1,11846072320,36,0.12724593924722064,0.1633920892961211
EleutherAI/pythia-12b,257,step256,1,2,11846072320,36,0.12152503641719391,0.16461072377189317
EleutherAI/pythia-12b,257,step256,1,3,11846072320,36,0.12545136679467314,0.16785870485186752
EleutherAI/pythia-12b,257,step256,1,4,11846072320,36,0.12564705316447186,0.15609490903312553
EleutherAI/pythia-12b,257,step256,1,5,11846072320,36,0.12642296153336044,0.1631161201487969
EleutherAI/pythia-12b,257,step256,1,6,11846072320,36,0.1233325436258235,0.17258057856859563
EleutherAI/pythia-12b,257,step256,1,7,11846072320,36,0.12227990080577292,0.16990168784764612
EleutherAI/pythia-12b,257,step256,1,8,11846072320,36,0.1289724923010255,0.1668600312940351
EleutherAI/pythia-12b,257,step256,1,9,11846072320,36,0.1316253217384666,0.16734598281684218
EleutherAI/pythia-12b,257,step256,1,10,11846072320,36,0.11898469957369222,0.15957365094966533
EleutherAI/pythia-12b,257,step256,1,11,11846072320,36,0.1257277075956399,0.1607852841953973
EleutherAI/pythia-12b,257,step256,1,12,11846072320,36,0.13596243292440072,0.175197357356593
EleutherAI/pythia-12b,257,step256,1,13,11846072320,36,0.11956239210905967,0.16606225651149095
EleutherAI/pythia-12b,257,step256,1,14,11846072320,36,0.12126250862348094,0.16222660137234146
EleutherAI/pythia-12b,257,step256,1,15,11846072320,36,0.11780881447935691,0.15945063092306744
EleutherAI/pythia-12b,257,step256,1,16,11846072320,36,0.12378317258647965,0.17092494373475464
EleutherAI/pythia-12b,257,step256,1,17,11846072320,36,0.1294377433756987,0.16336893943605477
EleutherAI/pythia-12b,257,step256,1,18,11846072320,36,0.1314988204672395,0.16782475993954557
EleutherAI/pythia-12b,257,step256,1,19,11846072320,36,0.12079089710226015,0.1689397258846251
EleutherAI/pythia-12b,257,step256,1,20,11846072320,36,0.12234399970564931,0.1696833698610375
EleutherAI/pythia-12b,257,step256,1,21,11846072320,36,0.1160345134918239,0.1620620069885486
EleutherAI/pythia-12b,257,step256,1,22,11846072320,36,0.13411958248273384,0.17707309555877612
EleutherAI/pythia-12b,257,step256,1,23,11846072320,36,0.12036343544788722,0.1545248295407037
EleutherAI/pythia-12b,257,step256,1,24,11846072320,36,0.12587533678087562,0.16937559530944432
EleutherAI/pythia-12b,257,step256,1,25,11846072320,36,0.12407699790321756,0.15397080774600796
EleutherAI/pythia-12b,257,step256,1,26,11846072320,36,0.1173832194555226,0.16124765421669401
EleutherAI/pythia-12b,257,step256,1,27,11846072320,36,0.12505443774823755,0.16310592344192945
EleutherAI/pythia-12b,257,step256,1,28,11846072320,36,0.11382479904297814,0.1542257048223201
EleutherAI/pythia-12b,257,step256,1,29,11846072320,36,0.12111325495996629,0.1667808687856963
EleutherAI/pythia-12b,257,step256,1,30,11846072320,36,0.12364771075311809,0.16675009046521805
EleutherAI/pythia-12b,257,step256,1,31,11846072320,36,0.12439119608306487,0.16354504460329045
EleutherAI/pythia-12b,257,step256,1,32,11846072320,36,0.1275625068347554,0.1632506643665266
EleutherAI/pythia-12b,257,step256,1,33,11846072320,36,0.11658970668755311,0.16088755556323503
EleutherAI/pythia-12b,257,step256,1,34,11846072320,36,0.1259578297378959,0.16114726312480884
EleutherAI/pythia-12b,257,step256,1,35,11846072320,36,0.12563379855082554,0.15902609395439377
EleutherAI/pythia-12b,257,step256,1,36,11846072320,36,0.11615962049065226,0.15566836551458266
EleutherAI/pythia-12b,257,step256,1,37,11846072320,36,0.12286895481092074,0.16102706072656237
EleutherAI/pythia-12b,257,step256,1,38,11846072320,36,0.1314181282266124,0.1665285455158075
EleutherAI/pythia-12b,257,step256,1,39,11846072320,36,0.12699193768091382,0.16124657377063686
EleutherAI/pythia-12b,257,step256,1,40,11846072320,36,0.12986126972793097,0.167841352488812
EleutherAI/pythia-12b,257,step256,2,1,11846072320,36,0.13222838932642703,0.1538486562630122
EleutherAI/pythia-12b,257,step256,2,2,11846072320,36,0.1307743787709567,0.1593127223123256
EleutherAI/pythia-12b,257,step256,2,3,11846072320,36,0.12939273284373426,0.15652038571466728
EleutherAI/pythia-12b,257,step256,2,4,11846072320,36,0.12331287928384252,0.1707987076303622
EleutherAI/pythia-12b,257,step256,2,5,11846072320,36,0.13116954083836915,0.153906408230307
EleutherAI/pythia-12b,257,step256,2,6,11846072320,36,0.12606720791642995,0.15805031066374464
EleutherAI/pythia-12b,257,step256,2,7,11846072320,36,0.11303481712724797,0.15465217376513787
EleutherAI/pythia-12b,257,step256,2,8,11846072320,36,0.12784071448440842,0.15466991932531282
EleutherAI/pythia-12b,257,step256,2,9,11846072320,36,0.12716788310814903,0.16317311317768984
EleutherAI/pythia-12b,257,step256,2,10,11846072320,36,0.144075717441402,0.16172775524939678
EleutherAI/pythia-12b,257,step256,2,11,11846072320,36,0.13812275164041876,0.16428275626186312
EleutherAI/pythia-12b,257,step256,2,12,11846072320,36,0.1298281497968075,0.14908999551993765
EleutherAI/pythia-12b,257,step256,2,13,11846072320,36,0.13010033005820554,0.14996374479296415
EleutherAI/pythia-12b,257,step256,2,14,11846072320,36,0.13721955332670122,0.14760521454345038
EleutherAI/pythia-12b,257,step256,2,15,11846072320,36,0.12673537253595146,0.1239274438727904
EleutherAI/pythia-12b,257,step256,2,16,11846072320,36,0.1284441807763175,0.20447493470120084
EleutherAI/pythia-12b,257,step256,2,17,11846072320,36,0.11292216564072767,0.16985700135440884
EleutherAI/pythia-12b,257,step256,2,18,11846072320,36,0.13847895550007394,0.13481992264711729
EleutherAI/pythia-12b,257,step256,2,19,11846072320,36,0.12579796637489538,0.1594071937137627
EleutherAI/pythia-12b,257,step256,2,20,11846072320,36,0.12847057476852297,0.16079674424553236
EleutherAI/pythia-12b,257,step256,2,21,11846072320,36,0.13258244825789964,0.13586251356837534
EleutherAI/pythia-12b,257,step256,2,22,11846072320,36,0.12158090599138542,0.1785669528093334
EleutherAI/pythia-12b,257,step256,2,23,11846072320,36,0.1235321886815108,0.139000903767486
EleutherAI/pythia-12b,257,step256,2,24,11846072320,36,0.12296147212419688,0.1590959759759115
EleutherAI/pythia-12b,257,step256,2,25,11846072320,36,0.12736637297424822,0.16171719711385774
EleutherAI/pythia-12b,257,step256,2,26,11846072320,36,0.13203110427011147,0.15588601471369595
EleutherAI/pythia-12b,257,step256,2,27,11846072320,36,0.1357517819264316,0.1476964514490004
EleutherAI/pythia-12b,257,step256,2,28,11846072320,36,0.12527670640800445,0.16721207119647533
EleutherAI/pythia-12b,257,step256,2,29,11846072320,36,0.1317939180209561,0.14079124882101293
EleutherAI/pythia-12b,257,step256,2,30,11846072320,36,0.11673247093172577,0.16345510524403936
EleutherAI/pythia-12b,257,step256,2,31,11846072320,36,0.1269682658886587,0.14899466430080363
EleutherAI/pythia-12b,257,step256,2,32,11846072320,36,0.13802079552667093,0.14908934482471178
EleutherAI/pythia-12b,257,step256,2,33,11846072320,36,0.12228500523098235,0.1685569750469502
EleutherAI/pythia-12b,257,step256,2,34,11846072320,36,0.11960306431673037,0.15269196199325913
EleutherAI/pythia-12b,257,step256,2,35,11846072320,36,0.13424591616623927,0.15338157920597548
EleutherAI/pythia-12b,257,step256,2,36,11846072320,36,0.12431598276280242,0.1549672449326461
EleutherAI/pythia-12b,257,step256,2,37,11846072320,36,0.13891849395547717,0.16508858668822063
EleutherAI/pythia-12b,257,step256,2,38,11846072320,36,0.13203959361658435,0.1505742072555664
EleutherAI/pythia-12b,257,step256,2,39,11846072320,36,0.24100768220451496,0.11035943585909429
EleutherAI/pythia-12b,257,step256,2,40,11846072320,36,0.12968929434704168,0.17540942732658646
EleutherAI/pythia-12b,257,step256,3,1,11846072320,36,0.12701130132316732,0.18241725204786555
EleutherAI/pythia-12b,257,step256,3,2,11846072320,36,0.12441937885507266,0.18180877208016116
EleutherAI/pythia-12b,257,step256,3,3,11846072320,36,0.12622494223687022,0.16926646889844632
EleutherAI/pythia-12b,257,step256,3,4,11846072320,36,0.1320905834604222,0.19484524548545967
EleutherAI/pythia-12b,257,step256,3,5,11846072320,36,0.12114024858686834,0.18122966906374635
EleutherAI/pythia-12b,257,step256,3,6,11846072320,36,0.12605305071137057,0.16925892110511254
EleutherAI/pythia-12b,257,step256,3,7,11846072320,36,0.11750151598462467,0.16572946032324617
EleutherAI/pythia-12b,257,step256,3,8,11846072320,36,0.13108498098009874,0.14676679308350019
EleutherAI/pythia-12b,257,step256,3,9,11846072320,36,0.1326742077319024,0.16201327612494917
EleutherAI/pythia-12b,257,step256,3,10,11846072320,36,0.12541171808254428,0.15370926353800757
EleutherAI/pythia-12b,257,step256,3,11,11846072320,36,0.116263766238863,0.1758828465113634
EleutherAI/pythia-12b,257,step256,3,12,11846072320,36,0.13004587959307984,0.18116588499285163
EleutherAI/pythia-12b,257,step256,3,13,11846072320,36,0.1270135490128675,0.18128180320097784
EleutherAI/pythia-12b,257,step256,3,14,11846072320,36,0.12552504391932448,0.17492171228155715
EleutherAI/pythia-12b,257,step256,3,15,11846072320,36,0.1338877124102176,0.15697433022843732
EleutherAI/pythia-12b,257,step256,3,16,11846072320,36,0.12794836116087682,0.1732540652379617
EleutherAI/pythia-12b,257,step256,3,17,11846072320,36,0.134238030515365,0.15090442228189724
EleutherAI/pythia-12b,257,step256,3,18,11846072320,36,0.12908330229152962,0.16563052762098404
EleutherAI/pythia-12b,257,step256,3,19,11846072320,36,0.13667867590838273,0.14117235460740932
EleutherAI/pythia-12b,257,step256,3,20,11846072320,36,0.13494688751841624,0.1381311508303916
EleutherAI/pythia-12b,257,step256,3,21,11846072320,36,0.1347966409755406,0.15503462779618146
EleutherAI/pythia-12b,257,step256,3,22,11846072320,36,0.1349734386692086,0.17397594260046248
EleutherAI/pythia-12b,257,step256,3,23,11846072320,36,0.1215333622732051,0.1684197731058787
EleutherAI/pythia-12b,257,step256,3,24,11846072320,36,0.13082648155366153,0.1492987338190635
EleutherAI/pythia-12b,257,step256,3,25,11846072320,36,0.13231332841757176,0.16273795306268662
EleutherAI/pythia-12b,257,step256,3,26,11846072320,36,0.11681817235095092,0.1246677441886058
EleutherAI/pythia-12b,257,step256,3,27,11846072320,36,0.12633616827405963,0.1595272577728505
EleutherAI/pythia-12b,257,step256,3,28,11846072320,36,0.12354226985963074,0.1529410733916872
EleutherAI/pythia-12b,257,step256,3,29,11846072320,36,0.13164839199981887,0.16893902990418866
EleutherAI/pythia-12b,257,step256,3,30,11846072320,36,0.12556478075750235,0.16957062374599072
EleutherAI/pythia-12b,257,step256,3,31,11846072320,36,0.12865441255047688,0.1656698092969285
EleutherAI/pythia-12b,257,step256,3,32,11846072320,36,0.17800240491603583,0.18141319340671053
EleutherAI/pythia-12b,257,step256,3,33,11846072320,36,0.14077452478466088,0.12211320177559644
EleutherAI/pythia-12b,257,step256,3,34,11846072320,36,0.12113690217984864,0.14867028761543216
EleutherAI/pythia-12b,257,step256,3,35,11846072320,36,0.13567626418115136,0.1546198783425597
EleutherAI/pythia-12b,257,step256,3,36,11846072320,36,0.12344435257585464,0.15267256272022606
EleutherAI/pythia-12b,257,step256,3,37,11846072320,36,0.12814183607026258,0.17428658170172487
EleutherAI/pythia-12b,257,step256,3,38,11846072320,36,0.12773174617450692,0.1548730161477316
EleutherAI/pythia-12b,257,step256,3,39,11846072320,36,0.11816805251804106,0.17553899031658246
EleutherAI/pythia-12b,257,step256,3,40,11846072320,36,0.12438333545484248,0.16747990204720523
EleutherAI/pythia-12b,257,step256,4,1,11846072320,36,0.12032801671619257,0.1781401382283763
EleutherAI/pythia-12b,257,step256,4,2,11846072320,36,0.13130009214620328,0.18622212961886644
EleutherAI/pythia-12b,257,step256,4,3,11846072320,36,0.1201443657245453,0.18754111501659534
EleutherAI/pythia-12b,257,step256,4,4,11846072320,36,0.12022323371680287,0.1891420229587021
EleutherAI/pythia-12b,257,step256,4,5,11846072320,36,0.1245136206225679,0.1786462508237084
EleutherAI/pythia-12b,257,step256,4,6,11846072320,36,0.12726172996970175,0.156023564177926
EleutherAI/pythia-12b,257,step256,4,7,11846072320,36,0.12760864794757718,0.1618836465747551
EleutherAI/pythia-12b,257,step256,4,8,11846072320,36,0.12666969698246888,0.17989307300218407
EleutherAI/pythia-12b,257,step256,4,9,11846072320,36,0.14404507349427037,0.21498055963332316
EleutherAI/pythia-12b,257,step256,4,10,11846072320,36,0.13803618584756733,0.15056090105839584
EleutherAI/pythia-12b,257,step256,4,11,11846072320,36,0.12635485042031996,0.193758655937987
EleutherAI/pythia-12b,257,step256,4,12,11846072320,36,0.12140614687333678,0.18923535181752013
EleutherAI/pythia-12b,257,step256,4,13,11846072320,36,0.1383412912845969,0.15865701094392806
EleutherAI/pythia-12b,257,step256,4,14,11846072320,36,0.13245435785110643,0.16805647932239118
EleutherAI/pythia-12b,257,step256,4,15,11846072320,36,0.13066076522542008,0.1867866571545153
EleutherAI/pythia-12b,257,step256,4,16,11846072320,36,0.12329800165742184,0.19977973532435053
EleutherAI/pythia-12b,257,step256,4,17,11846072320,36,0.12317984470364832,0.1766288696645616
EleutherAI/pythia-12b,257,step256,4,18,11846072320,36,0.12559833262932368,0.1615997254596771
EleutherAI/pythia-12b,257,step256,4,19,11846072320,36,0.1440520354633306,0.15874786049619805
EleutherAI/pythia-12b,257,step256,4,20,11846072320,36,0.12348290085345055,0.17101003773029408
EleutherAI/pythia-12b,257,step256,4,21,11846072320,36,0.12163479920957715,0.1832874123253174
EleutherAI/pythia-12b,257,step256,4,22,11846072320,36,0.1289302463791481,0.17220205026357108
EleutherAI/pythia-12b,257,step256,4,23,11846072320,36,0.12531194466728343,0.17721277138906283
EleutherAI/pythia-12b,257,step256,4,24,11846072320,36,0.13026814026528735,0.17221007117716305
EleutherAI/pythia-12b,257,step256,4,25,11846072320,36,0.12382387770088134,0.1635228484734758
EleutherAI/pythia-12b,257,step256,4,26,11846072320,36,0.12904151331622138,0.15362458114229788
EleutherAI/pythia-12b,257,step256,4,27,11846072320,36,0.1231009522145306,0.1684434629540454
EleutherAI/pythia-12b,257,step256,4,28,11846072320,36,0.12344319433779326,0.1678114570117927
EleutherAI/pythia-12b,257,step256,4,29,11846072320,36,0.11350181238451694,0.19455740470495125
EleutherAI/pythia-12b,257,step256,4,30,11846072320,36,0.1376117756953826,0.16863027179205378
EleutherAI/pythia-12b,257,step256,4,31,11846072320,36,0.12200956306680362,0.16470198240970166
EleutherAI/pythia-12b,257,step256,4,32,11846072320,36,0.11158312646274984,0.19374371933619355
EleutherAI/pythia-12b,257,step256,4,33,11846072320,36,0.1324890635225239,0.1701875956667525
EleutherAI/pythia-12b,257,step256,4,34,11846072320,36,0.12797779437747442,0.16922260678510315
EleutherAI/pythia-12b,257,step256,4,35,11846072320,36,0.1260082209846368,0.19394347522206398
EleutherAI/pythia-12b,257,step256,4,36,11846072320,36,0.11796410434652821,0.1661465712137766
EleutherAI/pythia-12b,257,step256,4,37,11846072320,36,0.13472272429962054,0.20206547857404825
EleutherAI/pythia-12b,257,step256,4,38,11846072320,36,0.12669634910484956,0.17283833901434237
EleutherAI/pythia-12b,257,step256,4,39,11846072320,36,0.12903743971407677,0.16040711447193812
EleutherAI/pythia-12b,257,step256,4,40,11846072320,36,0.13561472452214884,0.1473365721345932
EleutherAI/pythia-12b,257,step256,5,1,11846072320,36,0.12066901348497681,0.19215312180621125
EleutherAI/pythia-12b,257,step256,5,2,11846072320,36,0.12436475356979229,0.15079031811395024
EleutherAI/pythia-12b,257,step256,5,3,11846072320,36,0.1327582782934288,0.17803481521851214
EleutherAI/pythia-12b,257,step256,5,4,11846072320,36,0.12632085618705627,0.1616419258138707
EleutherAI/pythia-12b,257,step256,5,5,11846072320,36,0.12589604946485417,0.18431919850912445
EleutherAI/pythia-12b,257,step256,5,6,11846072320,36,0.1226828780539848,0.18320265568669758
EleutherAI/pythia-12b,257,step256,5,7,11846072320,36,0.13518349896255014,0.14025507474111182
EleutherAI/pythia-12b,257,step256,5,8,11846072320,36,0.1285984988237644,0.1819870823563577
EleutherAI/pythia-12b,257,step256,5,9,11846072320,36,0.12095535993464175,0.16680907288862684
EleutherAI/pythia-12b,257,step256,5,10,11846072320,36,0.11909740546287534,0.16331615875679267
EleutherAI/pythia-12b,257,step256,5,11,11846072320,36,0.1419708866754675,0.1730937704684453
EleutherAI/pythia-12b,257,step256,5,12,11846072320,36,0.12064864870451678,0.1651815430655538
EleutherAI/pythia-12b,257,step256,5,13,11846072320,36,0.11532463678144832,0.16799404037215773
EleutherAI/pythia-12b,257,step256,5,14,11846072320,36,0.14774311408848015,0.18206806117864519
EleutherAI/pythia-12b,257,step256,5,15,11846072320,36,0.12328027025446874,0.16364931332523575
EleutherAI/pythia-12b,257,step256,5,16,11846072320,36,0.12324248403646383,0.14261010460913534
EleutherAI/pythia-12b,257,step256,5,17,11846072320,36,0.12073990869036572,0.1437642826354718
EleutherAI/pythia-12b,257,step256,5,18,11846072320,36,0.1222055353889907,0.178352720993529
EleutherAI/pythia-12b,257,step256,5,19,11846072320,36,0.12915553530404067,0.16816300317063343
EleutherAI/pythia-12b,257,step256,5,20,11846072320,36,0.1323757903655996,0.17718393662413046
EleutherAI/pythia-12b,257,step256,5,21,11846072320,36,0.13266895482926302,0.1489604837498865
EleutherAI/pythia-12b,257,step256,5,22,11846072320,36,0.13076397833937367,0.15859729065573783
EleutherAI/pythia-12b,257,step256,5,23,11846072320,36,0.11778711054653104,0.16028172776170138
EleutherAI/pythia-12b,257,step256,5,24,11846072320,36,0.14244391295398853,0.15757864650741618
EleutherAI/pythia-12b,257,step256,5,25,11846072320,36,0.12644847409167623,0.16465963938136444
EleutherAI/pythia-12b,257,step256,5,26,11846072320,36,0.12288871593493685,0.14990267673277993
EleutherAI/pythia-12b,257,step256,5,27,11846072320,36,0.1330195793003828,0.14021412632498023
EleutherAI/pythia-12b,257,step256,5,28,11846072320,36,0.12670258208326207,0.19632779592899854
EleutherAI/pythia-12b,257,step256,5,29,11846072320,36,0.12187340407556774,0.2155376383671173
EleutherAI/pythia-12b,257,step256,5,30,11846072320,36,0.12534037117451963,0.15230717006008004
EleutherAI/pythia-12b,257,step256,5,31,11846072320,36,0.1214391659363522,0.19136169260820823
EleutherAI/pythia-12b,257,step256,5,32,11846072320,36,0.13616818536419764,0.161806239900333
EleutherAI/pythia-12b,257,step256,5,33,11846072320,36,0.1260519332389484,0.17236289403236302
EleutherAI/pythia-12b,257,step256,5,34,11846072320,36,0.14025171996057925,0.15133825987968982
EleutherAI/pythia-12b,257,step256,5,35,11846072320,36,0.12340885977744605,0.1568743626617857
EleutherAI/pythia-12b,257,step256,5,36,11846072320,36,0.12413959375193881,0.15727279479573433
EleutherAI/pythia-12b,257,step256,5,37,11846072320,36,0.12696023091293487,0.1633831388638676
EleutherAI/pythia-12b,257,step256,5,38,11846072320,36,0.12394065156511891,0.18124165654171243
EleutherAI/pythia-12b,257,step256,5,39,11846072320,36,0.13427146434135082,0.14264877682534957
EleutherAI/pythia-12b,257,step256,5,40,11846072320,36,0.12874986575049407,0.1592246196917943
EleutherAI/pythia-12b,257,step256,6,1,11846072320,36,0.1357327982358209,0.16041753454519816
EleutherAI/pythia-12b,257,step256,6,2,11846072320,36,0.14109640787201774,0.16988550285408802
EleutherAI/pythia-12b,257,step256,6,3,11846072320,36,0.1471013953131777,0.14480301593472286
EleutherAI/pythia-12b,257,step256,6,4,11846072320,36,0.11923673191295188,0.1650020662980439
EleutherAI/pythia-12b,257,step256,6,5,11846072320,36,0.12390712079768242,0.15538655444364374
EleutherAI/pythia-12b,257,step256,6,6,11846072320,36,0.1408127075223414,0.16744294863574583
EleutherAI/pythia-12b,257,step256,6,7,11846072320,36,0.1278435449582991,0.15447107469243504
EleutherAI/pythia-12b,257,step256,6,8,11846072320,36,0.12465607310580952,0.21125876760898943
EleutherAI/pythia-12b,257,step256,6,9,11846072320,36,0.12422740437627372,0.17974821738786878
EleutherAI/pythia-12b,257,step256,6,10,11846072320,36,0.13336777373275774,0.16051965437314886
EleutherAI/pythia-12b,257,step256,6,11,11846072320,36,0.11201045500791373,0.19207980990823767
EleutherAI/pythia-12b,257,step256,6,12,11846072320,36,0.11928468275054524,0.21800016790807422
EleutherAI/pythia-12b,257,step256,6,13,11846072320,36,0.12742511590232358,0.18607048678572646
EleutherAI/pythia-12b,257,step256,6,14,11846072320,36,0.14161939294197712,0.16593519221241765
EleutherAI/pythia-12b,257,step256,6,15,11846072320,36,0.12458265593202708,0.16822548383181246
EleutherAI/pythia-12b,257,step256,6,16,11846072320,36,0.12994003793442835,0.16134763365281413
EleutherAI/pythia-12b,257,step256,6,17,11846072320,36,0.11770894212575553,0.18270595118615984
EleutherAI/pythia-12b,257,step256,6,18,11846072320,36,0.13411943422065478,0.1478076519377462
EleutherAI/pythia-12b,257,step256,6,19,11846072320,36,0.13001060403335288,0.13983965243349916
EleutherAI/pythia-12b,257,step256,6,20,11846072320,36,0.12645330631339152,0.1601002155285742
EleutherAI/pythia-12b,257,step256,6,21,11846072320,36,0.1238895887033538,0.1573327497604328
EleutherAI/pythia-12b,257,step256,6,22,11846072320,36,0.13657489221531882,0.15907996492991752
EleutherAI/pythia-12b,257,step256,6,23,11846072320,36,0.12004117662361162,0.12763889022898653
EleutherAI/pythia-12b,257,step256,6,24,11846072320,36,0.11096992225361027,0.1815245653594936
EleutherAI/pythia-12b,257,step256,6,25,11846072320,36,0.13339041426285606,0.16969549822601465
EleutherAI/pythia-12b,257,step256,6,26,11846072320,36,0.1290282332380344,0.1782326735807834
EleutherAI/pythia-12b,257,step256,6,27,11846072320,36,0.14222402400239267,0.1559214750920106
EleutherAI/pythia-12b,257,step256,6,28,11846072320,36,0.13304139721254862,0.17724946920421564
EleutherAI/pythia-12b,257,step256,6,29,11846072320,36,0.11848305623877689,0.26786160557712607
EleutherAI/pythia-12b,257,step256,6,30,11846072320,36,0.12730271666794563,0.21948285940643003
EleutherAI/pythia-12b,257,step256,6,31,11846072320,36,0.12658799870929735,0.16702815019120051
EleutherAI/pythia-12b,257,step256,6,32,11846072320,36,0.13189595811035446,0.16288863902201162
EleutherAI/pythia-12b,257,step256,6,33,11846072320,36,0.13922917344481553,0.1575263986621309
EleutherAI/pythia-12b,257,step256,6,34,11846072320,36,0.11049319623323438,0.1559117275678941
EleutherAI/pythia-12b,257,step256,6,35,11846072320,36,0.1374752714323836,0.1652008900922295
EleutherAI/pythia-12b,257,step256,6,36,11846072320,36,0.11245933558803059,0.17750558073635211
EleutherAI/pythia-12b,257,step256,6,37,11846072320,36,0.12466180480893574,0.15318906517816822
EleutherAI/pythia-12b,257,step256,6,38,11846072320,36,0.12266671465704208,0.1767848331324599
EleutherAI/pythia-12b,257,step256,6,39,11846072320,36,0.13581045135833297,0.15940941206820014
EleutherAI/pythia-12b,257,step256,6,40,11846072320,36,0.12217600191957327,0.13646371031946333
EleutherAI/pythia-12b,257,step256,7,1,11846072320,36,0.1312619670078874,0.17206946448576785
EleutherAI/pythia-12b,257,step256,7,2,11846072320,36,0.14895066860000467,0.17556946572788928
EleutherAI/pythia-12b,257,step256,7,3,11846072320,36,0.1321812797863562,0.1374476028511205
EleutherAI/pythia-12b,257,step256,7,4,11846072320,36,0.12334681495285782,0.19652665867931668
EleutherAI/pythia-12b,257,step256,7,5,11846072320,36,0.12448066525306693,0.18405724810184654
EleutherAI/pythia-12b,257,step256,7,6,11846072320,36,0.12531290411971527,0.1703486683674984
EleutherAI/pythia-12b,257,step256,7,7,11846072320,36,0.10860047163581611,0.24524609367544942
EleutherAI/pythia-12b,257,step256,7,8,11846072320,36,0.12472747616447481,0.16525857919944564
EleutherAI/pythia-12b,257,step256,7,9,11846072320,36,0.11549189730964082,0.20238002487276494
EleutherAI/pythia-12b,257,step256,7,10,11846072320,36,0.12517850263765798,0.17853550807581287
EleutherAI/pythia-12b,257,step256,7,11,11846072320,36,0.12297791487316376,0.15669648024860441
EleutherAI/pythia-12b,257,step256,7,12,11846072320,36,0.12562997997444755,0.17672258175562716
EleutherAI/pythia-12b,257,step256,7,13,11846072320,36,0.1324802032439737,0.15759444827711702
EleutherAI/pythia-12b,257,step256,7,14,11846072320,36,0.12283682220758077,0.2028918824782287
EleutherAI/pythia-12b,257,step256,7,15,11846072320,36,0.12662516698498533,0.19504929931034462
EleutherAI/pythia-12b,257,step256,7,16,11846072320,36,0.10622590774384968,0.22929237574875888
EleutherAI/pythia-12b,257,step256,7,17,11846072320,36,0.12820253329625622,0.1623296102805359
EleutherAI/pythia-12b,257,step256,7,18,11846072320,36,0.12371790439013511,0.1540756875022619
EleutherAI/pythia-12b,257,step256,7,19,11846072320,36,0.11452102401593063,0.23495214264112724
EleutherAI/pythia-12b,257,step256,7,20,11846072320,36,0.13911729424006047,0.15448770499522527
EleutherAI/pythia-12b,257,step256,7,21,11846072320,36,0.13868726834699552,0.14381918448719888
EleutherAI/pythia-12b,257,step256,7,22,11846072320,36,0.12557328999736103,0.20640263179814936
EleutherAI/pythia-12b,257,step256,7,23,11846072320,36,0.11893268053170972,0.13619604403594945
EleutherAI/pythia-12b,257,step256,7,24,11846072320,36,0.1297700481528455,0.19568037053754733
EleutherAI/pythia-12b,257,step256,7,25,11846072320,36,0.13983855806514842,0.1871106345821787
EleutherAI/pythia-12b,257,step256,7,26,11846072320,36,0.12130317836999889,0.16176065299156545
EleutherAI/pythia-12b,257,step256,7,27,11846072320,36,0.11085186118690724,0.14114322156754427
EleutherAI/pythia-12b,257,step256,7,28,11846072320,36,0.11790337230641021,0.1809927427626631
EleutherAI/pythia-12b,257,step256,7,29,11846072320,36,0.11767103025471569,0.18528481780106684
EleutherAI/pythia-12b,257,step256,7,30,11846072320,36,0.14422889477811057,0.17816615646128894
EleutherAI/pythia-12b,257,step256,7,31,11846072320,36,0.11538159129050396,0.16667032021995595
EleutherAI/pythia-12b,257,step256,7,32,11846072320,36,0.10190423879515118,0.1336104210505301
EleutherAI/pythia-12b,257,step256,7,33,11846072320,36,0.1146869831173135,0.1558844355066438
EleutherAI/pythia-12b,257,step256,7,34,11846072320,36,0.11626443812797015,0.16402620336113566
EleutherAI/pythia-12b,257,step256,7,35,11846072320,36,0.11545523350873774,0.1539355614432343
EleutherAI/pythia-12b,257,step256,7,36,11846072320,36,0.12639832048321714,0.21703368196593922
EleutherAI/pythia-12b,257,step256,7,37,11846072320,36,0.11038304062129495,0.19525719549808948
EleutherAI/pythia-12b,257,step256,7,38,11846072320,36,0.11905226652865648,0.16805934174372264
EleutherAI/pythia-12b,257,step256,7,39,11846072320,36,0.12309571188055086,0.19419360590130982
EleutherAI/pythia-12b,257,step256,7,40,11846072320,36,0.11875759311266486,0.19859656004945522
EleutherAI/pythia-12b,257,step256,8,1,11846072320,36,0.1365679341673224,0.15630921184759325
EleutherAI/pythia-12b,257,step256,8,2,11846072320,36,0.1742842040799401,0.13741963096354545
EleutherAI/pythia-12b,257,step256,8,3,11846072320,36,0.11927269320297344,0.18677526250951457
EleutherAI/pythia-12b,257,step256,8,4,11846072320,36,0.12073019407018344,0.18761063834467714
EleutherAI/pythia-12b,257,step256,8,5,11846072320,36,0.14673356082592456,0.16460382254855765
EleutherAI/pythia-12b,257,step256,8,6,11846072320,36,0.12518342186951328,0.16992025644806497
EleutherAI/pythia-12b,257,step256,8,7,11846072320,36,0.13081479087673326,0.1563311101135996
EleutherAI/pythia-12b,257,step256,8,8,11846072320,36,0.14025881193443995,0.1680244434954928
EleutherAI/pythia-12b,257,step256,8,9,11846072320,36,0.13333686226391572,0.1906043891641157
EleutherAI/pythia-12b,257,step256,8,10,11846072320,36,0.11051012181002899,0.1657498231571581
EleutherAI/pythia-12b,257,step256,8,11,11846072320,36,0.12111626219776295,0.1618500124724643
EleutherAI/pythia-12b,257,step256,8,12,11846072320,36,0.14363756520511417,0.20425925603242692
EleutherAI/pythia-12b,257,step256,8,13,11846072320,36,0.11087296748472311,0.20705641993508858
EleutherAI/pythia-12b,257,step256,8,14,11846072320,36,0.12789241222849296,0.14145283970713343
EleutherAI/pythia-12b,257,step256,8,15,11846072320,36,0.1417253641383694,0.13105184314129226
EleutherAI/pythia-12b,257,step256,8,16,11846072320,36,0.11850682378945135,0.19392381902146444
EleutherAI/pythia-12b,257,step256,8,17,11846072320,36,0.15369570178088837,0.14788908777372523
EleutherAI/pythia-12b,257,step256,8,18,11846072320,36,0.13390458881429898,0.16223585918299605
EleutherAI/pythia-12b,257,step256,8,19,11846072320,36,0.11049778884215214,0.18077348842210056
EleutherAI/pythia-12b,257,step256,8,20,11846072320,36,0.11570496236004893,0.2315760544912369
EleutherAI/pythia-12b,257,step256,8,21,11846072320,36,0.1184910924199062,0.16853461781511073
EleutherAI/pythia-12b,257,step256,8,22,11846072320,36,0.11819358832865681,0.1241986190972922
EleutherAI/pythia-12b,257,step256,8,23,11846072320,36,0.1355100389312695,0.16412892420538458
EleutherAI/pythia-12b,257,step256,8,24,11846072320,36,0.11994331225461963,0.1927068445960188
EleutherAI/pythia-12b,257,step256,8,25,11846072320,36,0.1335691902758525,0.1782180803853112
EleutherAI/pythia-12b,257,step256,8,26,11846072320,36,0.1260673786001699,0.1501118654536234
EleutherAI/pythia-12b,257,step256,8,27,11846072320,36,0.11385386551285645,0.19563441484182084
EleutherAI/pythia-12b,257,step256,8,28,11846072320,36,0.12200065174170796,0.17506522903157332
EleutherAI/pythia-12b,257,step256,8,29,11846072320,36,0.12047233319542067,0.15183820608197832
EleutherAI/pythia-12b,257,step256,8,30,11846072320,36,0.1423689622135536,0.14759239121466064
EleutherAI/pythia-12b,257,step256,8,31,11846072320,36,0.13462286489503875,0.13310349802556512
EleutherAI/pythia-12b,257,step256,8,32,11846072320,36,0.17473106350268683,0.17723641796848613
EleutherAI/pythia-12b,257,step256,8,33,11846072320,36,0.1318223030298008,0.14659470755763504
EleutherAI/pythia-12b,257,step256,8,34,11846072320,36,0.11406852954623842,0.16868612902971714
EleutherAI/pythia-12b,257,step256,8,35,11846072320,36,0.11280925466480463,0.15365756878366427
EleutherAI/pythia-12b,257,step256,8,36,11846072320,36,0.11370666628541258,0.1674216393403731
EleutherAI/pythia-12b,257,step256,8,37,11846072320,36,0.11747527832875734,0.18219940590619052
EleutherAI/pythia-12b,257,step256,8,38,11846072320,36,0.13883691219551422,0.14791279210353842
EleutherAI/pythia-12b,257,step256,8,39,11846072320,36,0.13176935330010925,0.17261039938319012
EleutherAI/pythia-12b,257,step256,8,40,11846072320,36,0.12091822886710854,0.1686002697583075
EleutherAI/pythia-12b,257,step256,9,1,11846072320,36,0.10614384249322582,0.15938005379650055
EleutherAI/pythia-12b,257,step256,9,2,11846072320,36,0.11876814082466262,0.17789852033528655
EleutherAI/pythia-12b,257,step256,9,3,11846072320,36,0.15588601233364938,0.17530702301175202
EleutherAI/pythia-12b,257,step256,9,4,11846072320,36,0.12015657884267353,0.17606338281352235
EleutherAI/pythia-12b,257,step256,9,5,11846072320,36,0.1447326503470316,0.12837212928780561
EleutherAI/pythia-12b,257,step256,9,6,11846072320,36,0.12736926220536407,0.1733971365640784
EleutherAI/pythia-12b,257,step256,9,7,11846072320,36,0.154660884083973,0.15242516274029783
EleutherAI/pythia-12b,257,step256,9,8,11846072320,36,0.1454192603191545,0.14610829586358934
EleutherAI/pythia-12b,257,step256,9,9,11846072320,36,0.10653309423655447,0.15774152927973245
EleutherAI/pythia-12b,257,step256,9,10,11846072320,36,0.11005484899533936,0.21317810982230812
EleutherAI/pythia-12b,257,step256,9,11,11846072320,36,0.16207730749974375,0.18683976940139452
EleutherAI/pythia-12b,257,step256,9,12,11846072320,36,0.1327865044432538,0.1544100995994992
EleutherAI/pythia-12b,257,step256,9,13,11846072320,36,0.13160839627913612,0.1534450445799632
EleutherAI/pythia-12b,257,step256,9,14,11846072320,36,0.15540566293707297,0.1332170929586341
EleutherAI/pythia-12b,257,step256,9,15,11846072320,36,0.13217959049026345,0.18093657012547812
EleutherAI/pythia-12b,257,step256,9,16,11846072320,36,0.11638533727856007,0.13349363462322641
EleutherAI/pythia-12b,257,step256,9,17,11846072320,36,0.13485028392526208,0.13595459331386348
EleutherAI/pythia-12b,257,step256,9,18,11846072320,36,0.12307368789438725,0.19379179801668844
EleutherAI/pythia-12b,257,step256,9,19,11846072320,36,0.11223620373207523,0.16734265979077362
EleutherAI/pythia-12b,257,step256,9,20,11846072320,36,0.11719674981750164,0.14886892077935346
EleutherAI/pythia-12b,257,step256,9,21,11846072320,36,0.14471946015685525,0.14766365675082252
EleutherAI/pythia-12b,257,step256,9,22,11846072320,36,0.11232037243206755,0.1634906891302706
EleutherAI/pythia-12b,257,step256,9,23,11846072320,36,0.11570581499006113,0.19745981601254267
EleutherAI/pythia-12b,257,step256,9,24,11846072320,36,0.13519464003610177,0.15327872880440838
EleutherAI/pythia-12b,257,step256,9,25,11846072320,36,0.13007108309493584,0.1601260508838537
EleutherAI/pythia-12b,257,step256,9,26,11846072320,36,0.12163061447519884,0.1443635730615428
EleutherAI/pythia-12b,257,step256,9,27,11846072320,36,0.13995278814063591,0.15990147139742833
EleutherAI/pythia-12b,257,step256,9,28,11846072320,36,0.12603474507393597,0.14246797230508587
EleutherAI/pythia-12b,257,step256,9,29,11846072320,36,0.11879447849842159,0.17727847457178178
EleutherAI/pythia-12b,257,step256,9,30,11846072320,36,0.1240434827501172,0.14561157845878023
EleutherAI/pythia-12b,257,step256,9,31,11846072320,36,0.12000146951504025,0.17873488585870184
EleutherAI/pythia-12b,257,step256,9,32,11846072320,36,0.10268669262355015,0.18299430039328135
EleutherAI/pythia-12b,257,step256,9,33,11846072320,36,0.1410304796042944,0.16974434577901884
EleutherAI/pythia-12b,257,step256,9,34,11846072320,36,0.12965464119047101,0.16779702625240198
EleutherAI/pythia-12b,257,step256,9,35,11846072320,36,0.12857169350301534,0.17024167015164102
EleutherAI/pythia-12b,257,step256,9,36,11846072320,36,0.15243654863701922,0.14084461802622306
EleutherAI/pythia-12b,257,step256,9,37,11846072320,36,0.12924445719757413,0.16249410359485367
EleutherAI/pythia-12b,257,step256,9,38,11846072320,36,0.12875145017351203,0.1576234485713524
EleutherAI/pythia-12b,257,step256,9,39,11846072320,36,0.14627726919747683,0.16514373216330552
EleutherAI/pythia-12b,257,step256,9,40,11846072320,36,0.11641824854028829,0.14554230899301104
EleutherAI/pythia-12b,257,step256,10,1,11846072320,36,0.14848967863655121,0.13678656776600678
EleutherAI/pythia-12b,257,step256,10,2,11846072320,36,0.11385126818564378,0.16767018694464147
EleutherAI/pythia-12b,257,step256,10,3,11846072320,36,0.14289936524544566,0.1645544796941561
EleutherAI/pythia-12b,257,step256,10,4,11846072320,36,0.13840706950730386,0.20762474485043733
EleutherAI/pythia-12b,257,step256,10,5,11846072320,36,0.13221081012060062,0.13160061724651767
EleutherAI/pythia-12b,257,step256,10,6,11846072320,36,0.14024328347575196,0.1677398845586959
EleutherAI/pythia-12b,257,step256,10,7,11846072320,36,0.11949847402560099,0.17496032979865148
EleutherAI/pythia-12b,257,step256,10,8,11846072320,36,0.11881408439641507,0.16295227907911253
EleutherAI/pythia-12b,257,step256,10,9,11846072320,36,0.1364955740334751,0.17084826241238962
EleutherAI/pythia-12b,257,step256,10,10,11846072320,36,0.11978137040617047,0.16967094861328955
EleutherAI/pythia-12b,257,step256,10,11,11846072320,36,0.12936249646629475,0.20568219012113748
EleutherAI/pythia-12b,257,step256,10,12,11846072320,36,0.14576835777084746,0.15181466542161975
EleutherAI/pythia-12b,257,step256,10,13,11846072320,36,0.1199719644467662,0.1595544025145314
EleutherAI/pythia-12b,257,step256,10,14,11846072320,36,0.13088583668788986,0.13883582678799689
EleutherAI/pythia-12b,257,step256,10,15,11846072320,36,0.1170199260579886,0.15111583571422382
EleutherAI/pythia-12b,257,step256,10,16,11846072320,36,0.14269907582361058,0.1922865998190086
EleutherAI/pythia-12b,257,step256,10,17,11846072320,36,0.11510308937088501,0.1476435803447489
EleutherAI/pythia-12b,257,step256,10,18,11846072320,36,0.12038645024660288,0.19978031173751157
EleutherAI/pythia-12b,257,step256,10,19,11846072320,36,0.12065391562453973,0.1471812644044871
EleutherAI/pythia-12b,257,step256,10,20,11846072320,36,0.12071877101285228,0.1477005577760863
EleutherAI/pythia-12b,257,step256,10,21,11846072320,36,0.1318312743482915,0.18726830530139774
EleutherAI/pythia-12b,257,step256,10,22,11846072320,36,0.11897678836598406,0.1503549035073624
EleutherAI/pythia-12b,257,step256,10,23,11846072320,36,0.11176078380910569,0.15249132924341222
EleutherAI/pythia-12b,257,step256,10,24,11846072320,36,0.11861645760064991,0.13535586228264163
EleutherAI/pythia-12b,257,step256,10,25,11846072320,36,0.12076286982756115,0.17924628763909897
EleutherAI/pythia-12b,257,step256,10,26,11846072320,36,0.11598869642192443,0.17018709752943598
EleutherAI/pythia-12b,257,step256,10,27,11846072320,36,0.12291953016866788,0.16267201536567177
EleutherAI/pythia-12b,257,step256,10,28,11846072320,36,0.12880848458892585,0.15556203513532066
EleutherAI/pythia-12b,257,step256,10,29,11846072320,36,0.12106247954685852,0.16831007942993625
EleutherAI/pythia-12b,257,step256,10,30,11846072320,36,0.1343622211445201,0.1595722532022867
EleutherAI/pythia-12b,257,step256,10,31,11846072320,36,0.12097141635813956,0.1447497785633972
EleutherAI/pythia-12b,257,step256,10,32,11846072320,36,0.1263749712921522,0.15165390212133567
EleutherAI/pythia-12b,257,step256,10,33,11846072320,36,0.14197442173823577,0.16408002960800494
EleutherAI/pythia-12b,257,step256,10,34,11846072320,36,0.14468220742167648,0.16476680565200316
EleutherAI/pythia-12b,257,step256,10,35,11846072320,36,0.1372122178161824,0.17069427749595123
EleutherAI/pythia-12b,257,step256,10,36,11846072320,36,0.15912308179222423,0.17241016724748204
EleutherAI/pythia-12b,257,step256,10,37,11846072320,36,0.12565978373157544,0.16900560528588093
EleutherAI/pythia-12b,257,step256,10,38,11846072320,36,0.13220565513548277,0.143921607948683
EleutherAI/pythia-12b,257,step256,10,39,11846072320,36,0.11605756903520303,0.19040712355370362
EleutherAI/pythia-12b,257,step256,10,40,11846072320,36,0.12267921921481058,0.19786877506174835
EleutherAI/pythia-12b,257,step256,11,1,11846072320,36,0.12241598106808844,0.15307073703444035
EleutherAI/pythia-12b,257,step256,11,2,11846072320,36,0.12772136077832974,0.14578039581431548
EleutherAI/pythia-12b,257,step256,11,3,11846072320,36,0.11090049472310248,0.22691532638337872
EleutherAI/pythia-12b,257,step256,11,4,11846072320,36,0.12828034127841478,0.16653851219438928
EleutherAI/pythia-12b,257,step256,11,5,11846072320,36,0.1400396931166942,0.18029197180425527
EleutherAI/pythia-12b,257,step256,11,6,11846072320,36,0.13760598268997556,0.14750693131562642
EleutherAI/pythia-12b,257,step256,11,7,11846072320,36,0.13425568183017023,0.1530969432966263
EleutherAI/pythia-12b,257,step256,11,8,11846072320,36,0.10516252706258053,0.15452276275412094
EleutherAI/pythia-12b,257,step256,11,9,11846072320,36,0.12458535792815073,0.14713934832462316
EleutherAI/pythia-12b,257,step256,11,10,11846072320,36,0.12769923883269316,0.13686381355934849
EleutherAI/pythia-12b,257,step256,11,11,11846072320,36,0.12133895404435488,0.15935348739495145
EleutherAI/pythia-12b,257,step256,11,12,11846072320,36,0.11380317397751245,0.1620064738930927
EleutherAI/pythia-12b,257,step256,11,13,11846072320,36,0.1241468130289255,0.1392196969327715
EleutherAI/pythia-12b,257,step256,11,14,11846072320,36,0.12653886122410896,0.18374741733264363
EleutherAI/pythia-12b,257,step256,11,15,11846072320,36,0.12939907758085573,0.1613774914993672
EleutherAI/pythia-12b,257,step256,11,16,11846072320,36,0.10651089164901062,0.19713367871917759
EleutherAI/pythia-12b,257,step256,11,17,11846072320,36,0.14570755643529573,0.16143824710781954
EleutherAI/pythia-12b,257,step256,11,18,11846072320,36,0.11791862104110439,0.15735239963475106
EleutherAI/pythia-12b,257,step256,11,19,11846072320,36,0.11172022054659886,0.1914270270291391
EleutherAI/pythia-12b,257,step256,11,20,11846072320,36,0.12734582263405791,0.1691340715834149
EleutherAI/pythia-12b,257,step256,11,21,11846072320,36,0.11553050109182478,0.13135660139916533
EleutherAI/pythia-12b,257,step256,11,22,11846072320,36,0.13182657559936464,0.1824519312199395
EleutherAI/pythia-12b,257,step256,11,23,11846072320,36,0.13775802831313716,0.1581332614483149
EleutherAI/pythia-12b,257,step256,11,24,11846072320,36,0.13320060841202194,0.13940842571324322
EleutherAI/pythia-12b,257,step256,11,25,11846072320,36,0.11864988336076693,0.1292229996736835
EleutherAI/pythia-12b,257,step256,11,26,11846072320,36,0.12340213276736725,0.15758465353242893
EleutherAI/pythia-12b,257,step256,11,27,11846072320,36,0.1292467479882118,0.13167111005902554
EleutherAI/pythia-12b,257,step256,11,28,11846072320,36,0.12425882701535479,0.1864542019198293
EleutherAI/pythia-12b,257,step256,11,29,11846072320,36,0.10914215686319911,0.15437552408670427
EleutherAI/pythia-12b,257,step256,11,30,11846072320,36,0.11209068158166004,0.18402024726285496
EleutherAI/pythia-12b,257,step256,11,31,11846072320,36,0.12616006029327886,0.11676727374596098
EleutherAI/pythia-12b,257,step256,11,32,11846072320,36,0.1313747608525169,0.14247209374588707
EleutherAI/pythia-12b,257,step256,11,33,11846072320,36,0.13324934474609273,0.1735483478200999
EleutherAI/pythia-12b,257,step256,11,34,11846072320,36,0.11949374523103322,0.170610978195371
EleutherAI/pythia-12b,257,step256,11,35,11846072320,36,0.1422821022318424,0.12030364738290639
EleutherAI/pythia-12b,257,step256,11,36,11846072320,36,0.11763884242366737,0.17155115518931507
EleutherAI/pythia-12b,257,step256,11,37,11846072320,36,0.11740481095841604,0.18044727563007812
EleutherAI/pythia-12b,257,step256,11,38,11846072320,36,0.12719119607552032,0.1580044427528619
EleutherAI/pythia-12b,257,step256,11,39,11846072320,36,0.09876763530903387,0.14375735482329627
EleutherAI/pythia-12b,257,step256,11,40,11846072320,36,0.11438545576148514,0.1173399586325606
EleutherAI/pythia-12b,257,step256,12,1,11846072320,36,0.1209677472128882,0.1332817130831179
EleutherAI/pythia-12b,257,step256,12,2,11846072320,36,0.1022010408901237,0.14510178127726003
EleutherAI/pythia-12b,257,step256,12,3,11846072320,36,0.10562029979876923,0.15593411289323283
EleutherAI/pythia-12b,257,step256,12,4,11846072320,36,0.13214224959547452,0.14921160167580963
EleutherAI/pythia-12b,257,step256,12,5,11846072320,36,0.13058762960191866,0.15851686234018195
EleutherAI/pythia-12b,257,step256,12,6,11846072320,36,0.1369587646142856,0.13719149919467283
EleutherAI/pythia-12b,257,step256,12,7,11846072320,36,0.10903631554575291,0.18088538078283578
EleutherAI/pythia-12b,257,step256,12,8,11846072320,36,0.11588158560553198,0.15838183445279838
EleutherAI/pythia-12b,257,step256,12,9,11846072320,36,0.13459418995121306,0.1745181386568793
EleutherAI/pythia-12b,257,step256,12,10,11846072320,36,0.12106897758023513,0.11934116141809084
EleutherAI/pythia-12b,257,step256,12,11,11846072320,36,0.1261517799937644,0.1406988472378513
EleutherAI/pythia-12b,257,step256,12,12,11846072320,36,0.12012304372906502,0.14262323240349598
EleutherAI/pythia-12b,257,step256,12,13,11846072320,36,0.1115301153636551,0.15113044726206462
EleutherAI/pythia-12b,257,step256,12,14,11846072320,36,0.10798409689419168,0.16004252272683217
EleutherAI/pythia-12b,257,step256,12,15,11846072320,36,0.10156815304971847,0.18112509174960417
EleutherAI/pythia-12b,257,step256,12,16,11846072320,36,0.1433946657813973,0.1658933928723002
EleutherAI/pythia-12b,257,step256,12,17,11846072320,36,0.13073524673729459,0.17709041000889225
EleutherAI/pythia-12b,257,step256,12,18,11846072320,36,0.12840734942684745,0.12150649720797306
EleutherAI/pythia-12b,257,step256,12,19,11846072320,36,0.10895651551215225,0.16828916315828354
EleutherAI/pythia-12b,257,step256,12,20,11846072320,36,0.11989079301410516,0.14786168189255053
EleutherAI/pythia-12b,257,step256,12,21,11846072320,36,0.1254090461040939,0.1318116203403553
EleutherAI/pythia-12b,257,step256,12,22,11846072320,36,0.14093313092651127,0.13138293518821842
EleutherAI/pythia-12b,257,step256,12,23,11846072320,36,0.11705241399305356,0.1756685851057907
EleutherAI/pythia-12b,257,step256,12,24,11846072320,36,0.11127110181359554,0.17943204176967384
EleutherAI/pythia-12b,257,step256,12,25,11846072320,36,0.10812253823543003,0.18715947950902104
EleutherAI/pythia-12b,257,step256,12,26,11846072320,36,0.09533986027769226,0.1683651452168106
EleutherAI/pythia-12b,257,step256,12,27,11846072320,36,0.12393176373843849,0.10847034934606097
EleutherAI/pythia-12b,257,step256,12,28,11846072320,36,0.13015894115798998,0.15818454718983563
EleutherAI/pythia-12b,257,step256,12,29,11846072320,36,0.1245739037120664,0.17005700288010428
EleutherAI/pythia-12b,257,step256,12,30,11846072320,36,0.12556480472577403,0.188551150841286
EleutherAI/pythia-12b,257,step256,12,31,11846072320,36,0.11329663493992147,0.12322276713488782
EleutherAI/pythia-12b,257,step256,12,32,11846072320,36,0.11171457604379263,0.17186326108727454
EleutherAI/pythia-12b,257,step256,12,33,11846072320,36,0.14154147947425236,0.13857608540235336
EleutherAI/pythia-12b,257,step256,12,34,11846072320,36,0.12326944935451574,0.16541731481750802
EleutherAI/pythia-12b,257,step256,12,35,11846072320,36,0.14668600290297742,0.14046239847591416
EleutherAI/pythia-12b,257,step256,12,36,11846072320,36,0.13313533821878754,0.16741931673374258
EleutherAI/pythia-12b,257,step256,12,37,11846072320,36,0.1292894339306397,0.13512737617209863
EleutherAI/pythia-12b,257,step256,12,38,11846072320,36,0.12230208973671576,0.14615035962100856
EleutherAI/pythia-12b,257,step256,12,39,11846072320,36,0.1326556500248812,0.13335544186121256
EleutherAI/pythia-12b,257,step256,12,40,11846072320,36,0.13031761396072197,0.17040583547260663
EleutherAI/pythia-12b,257,step256,13,1,11846072320,36,0.11722093189062474,0.13454638693660673
EleutherAI/pythia-12b,257,step256,13,2,11846072320,36,0.12575612218306584,0.1554136733096596
EleutherAI/pythia-12b,257,step256,13,3,11846072320,36,0.1423217322979424,0.14798354945360895
EleutherAI/pythia-12b,257,step256,13,4,11846072320,36,0.13078768537365812,0.15763507914581185
EleutherAI/pythia-12b,257,step256,13,5,11846072320,36,0.15050190717664294,0.12137555660730275
EleutherAI/pythia-12b,257,step256,13,6,11846072320,36,0.12332596223208456,0.20482215756835698
EleutherAI/pythia-12b,257,step256,13,7,11846072320,36,0.11433271984583708,0.1117830445134156
EleutherAI/pythia-12b,257,step256,13,8,11846072320,36,0.11541414433704299,0.14892747842178147
EleutherAI/pythia-12b,257,step256,13,9,11846072320,36,0.11130752560176377,0.1567944819583101
EleutherAI/pythia-12b,257,step256,13,10,11846072320,36,0.10899887767874886,0.1318563220396011
EleutherAI/pythia-12b,257,step256,13,11,11846072320,36,0.11881869976540223,0.16697198881658612
EleutherAI/pythia-12b,257,step256,13,12,11846072320,36,0.12657603108556237,0.1949603801632339
EleutherAI/pythia-12b,257,step256,13,13,11846072320,36,0.13979643484292262,0.1450888021616964
EleutherAI/pythia-12b,257,step256,13,14,11846072320,36,0.11792902892886156,0.15428065686478268
EleutherAI/pythia-12b,257,step256,13,15,11846072320,36,0.11394719966315288,0.1535533263568987
EleutherAI/pythia-12b,257,step256,13,16,11846072320,36,0.11814166377815931,0.21295151593549558
EleutherAI/pythia-12b,257,step256,13,17,11846072320,36,0.11192204453632813,0.14843302984741533
EleutherAI/pythia-12b,257,step256,13,18,11846072320,36,0.10531460841720522,0.16080628255488452
EleutherAI/pythia-12b,257,step256,13,19,11846072320,36,0.11968167942274614,0.19601676530587867
EleutherAI/pythia-12b,257,step256,13,20,11846072320,36,0.12434781580469804,0.1654336044072612
EleutherAI/pythia-12b,257,step256,13,21,11846072320,36,0.10152035649284134,0.19172499997558085
EleutherAI/pythia-12b,257,step256,13,22,11846072320,36,0.12381817368572355,0.13966846541856767
EleutherAI/pythia-12b,257,step256,13,23,11846072320,36,0.14466481953971194,0.14619190865070428
EleutherAI/pythia-12b,257,step256,13,24,11846072320,36,0.1284237708113304,0.12977575281685264
EleutherAI/pythia-12b,257,step256,13,25,11846072320,36,0.1285784816307885,0.11276873681056603
EleutherAI/pythia-12b,257,step256,13,26,11846072320,36,0.11825991518705989,0.17263943506208979
EleutherAI/pythia-12b,257,step256,13,27,11846072320,36,0.12151779410605491,0.1555541196681402
EleutherAI/pythia-12b,257,step256,13,28,11846072320,36,0.12166078728218153,0.14123362589448507
EleutherAI/pythia-12b,257,step256,13,29,11846072320,36,0.1487960525461145,0.17046735364966112
EleutherAI/pythia-12b,257,step256,13,30,11846072320,36,0.12079227232729435,0.1592638852891397
EleutherAI/pythia-12b,257,step256,13,31,11846072320,36,0.15158214258427194,0.16276485838734348
EleutherAI/pythia-12b,257,step256,13,32,11846072320,36,0.11173139412694413,0.16812686151447323
EleutherAI/pythia-12b,257,step256,13,33,11846072320,36,0.11222547943236766,0.1807746344327076
EleutherAI/pythia-12b,257,step256,13,34,11846072320,36,0.1451201094845841,0.13595738862683102
EleutherAI/pythia-12b,257,step256,13,35,11846072320,36,0.12640358310181632,0.1819694166494024
EleutherAI/pythia-12b,257,step256,13,36,11846072320,36,0.10790768196644095,0.18120192865038415
EleutherAI/pythia-12b,257,step256,13,37,11846072320,36,0.13255576337981329,0.20249988553715537
EleutherAI/pythia-12b,257,step256,13,38,11846072320,36,0.1223450008550429,0.15481473234210819
EleutherAI/pythia-12b,257,step256,13,39,11846072320,36,0.13659730904341277,0.17735760766934522
EleutherAI/pythia-12b,257,step256,13,40,11846072320,36,0.12467345942158595,0.17105343693995972
EleutherAI/pythia-12b,257,step256,14,1,11846072320,36,0.1317800935022197,0.1666921737293402
EleutherAI/pythia-12b,257,step256,14,2,11846072320,36,0.12288558338251375,0.14264089332239044
EleutherAI/pythia-12b,257,step256,14,3,11846072320,36,0.13471455055962986,0.21987472270411232
EleutherAI/pythia-12b,257,step256,14,4,11846072320,36,0.11020602163923034,0.171087059885957
EleutherAI/pythia-12b,257,step256,14,5,11846072320,36,0.10738991037313193,0.15995231988999217
EleutherAI/pythia-12b,257,step256,14,6,11846072320,36,0.1261159451426686,0.12827148314218617
EleutherAI/pythia-12b,257,step256,14,7,11846072320,36,0.1198153345826062,0.14461746576379186
EleutherAI/pythia-12b,257,step256,14,8,11846072320,36,0.13069509809092802,0.18291729756885458
EleutherAI/pythia-12b,257,step256,14,9,11846072320,36,0.1390176902863535,0.1318021433220969
EleutherAI/pythia-12b,257,step256,14,10,11846072320,36,0.12103636516118278,0.15700538236893954
EleutherAI/pythia-12b,257,step256,14,11,11846072320,36,0.11944599327136263,0.17242755528606538
EleutherAI/pythia-12b,257,step256,14,12,11846072320,36,0.10907279406100866,0.13530136027314638
EleutherAI/pythia-12b,257,step256,14,13,11846072320,36,0.1273043986197348,0.178168291206452
EleutherAI/pythia-12b,257,step256,14,14,11846072320,36,0.1383414603266361,0.13506922143435957
EleutherAI/pythia-12b,257,step256,14,15,11846072320,36,0.14022366115236062,0.14771449682232848
EleutherAI/pythia-12b,257,step256,14,16,11846072320,36,0.12781216868118297,0.1493097750453261
EleutherAI/pythia-12b,257,step256,14,17,11846072320,36,0.12935640966357498,0.13088863673018616
EleutherAI/pythia-12b,257,step256,14,18,11846072320,36,0.1298410818931666,0.12338399994760389
EleutherAI/pythia-12b,257,step256,14,19,11846072320,36,0.12519413901230053,0.13321830629575265
EleutherAI/pythia-12b,257,step256,14,20,11846072320,36,0.11123864902267312,0.16392884706916122
EleutherAI/pythia-12b,257,step256,14,21,11846072320,36,0.11708977533778446,0.18516963461900612
EleutherAI/pythia-12b,257,step256,14,22,11846072320,36,0.12193714575030958,0.13172388529578394
EleutherAI/pythia-12b,257,step256,14,23,11846072320,36,0.1429561228958425,0.16073500236087998
EleutherAI/pythia-12b,257,step256,14,24,11846072320,36,0.12417605430916977,0.1473722667754949
EleutherAI/pythia-12b,257,step256,14,25,11846072320,36,0.11401085302725922,0.14210461577898384
EleutherAI/pythia-12b,257,step256,14,26,11846072320,36,0.11078024477706296,0.162602184729108
EleutherAI/pythia-12b,257,step256,14,27,11846072320,36,0.12350913192573428,0.1630862701247941
EleutherAI/pythia-12b,257,step256,14,28,11846072320,36,0.13469958435688106,0.16704239494337866
EleutherAI/pythia-12b,257,step256,14,29,11846072320,36,0.10757323033414083,0.14598244525682366
EleutherAI/pythia-12b,257,step256,14,30,11846072320,36,0.14134987678054392,0.1372247177117445
EleutherAI/pythia-12b,257,step256,14,31,11846072320,36,0.12244842751874575,0.10685787022158544
EleutherAI/pythia-12b,257,step256,14,32,11846072320,36,0.14493889248071307,0.14751541837993948
EleutherAI/pythia-12b,257,step256,14,33,11846072320,36,0.11813755369222195,0.14394348295399909
EleutherAI/pythia-12b,257,step256,14,34,11846072320,36,0.11151405490442615,0.2185095267890541
EleutherAI/pythia-12b,257,step256,14,35,11846072320,36,0.1075699447847164,0.1610007304894002
EleutherAI/pythia-12b,257,step256,14,36,11846072320,36,0.10936792991921167,0.13007886724843004
EleutherAI/pythia-12b,257,step256,14,37,11846072320,36,0.1070381587332075,0.1473799142483118
EleutherAI/pythia-12b,257,step256,14,38,11846072320,36,0.1005470067061282,0.164057502411194
EleutherAI/pythia-12b,257,step256,14,39,11846072320,36,0.1161180053790052,0.2077140041987772
EleutherAI/pythia-12b,257,step256,14,40,11846072320,36,0.1202084013672025,0.20016398700933016
EleutherAI/pythia-12b,257,step256,15,1,11846072320,36,0.12829263049091122,0.14663957232223435
EleutherAI/pythia-12b,257,step256,15,2,11846072320,36,0.10394077809868717,0.18341343882619524
EleutherAI/pythia-12b,257,step256,15,3,11846072320,36,0.10793100049937358,0.15812000936294368
EleutherAI/pythia-12b,257,step256,15,4,11846072320,36,0.13770647960303867,0.11807308620675365
EleutherAI/pythia-12b,257,step256,15,5,11846072320,36,0.1354355867169014,0.1451009369983866
EleutherAI/pythia-12b,257,step256,15,6,11846072320,36,0.138774477683746,0.12231483472114027
EleutherAI/pythia-12b,257,step256,15,7,11846072320,36,0.09541214333970219,0.14382720177898084
EleutherAI/pythia-12b,257,step256,15,8,11846072320,36,0.13390781435634455,0.2062659993874015
EleutherAI/pythia-12b,257,step256,15,9,11846072320,36,0.12519750870797813,0.19279511486300382
EleutherAI/pythia-12b,257,step256,15,10,11846072320,36,0.11188438311834499,0.23314383745126355
EleutherAI/pythia-12b,257,step256,15,11,11846072320,36,0.1433549888247439,0.14746522954902846
EleutherAI/pythia-12b,257,step256,15,12,11846072320,36,0.1197688029827298,0.13721266717233274
EleutherAI/pythia-12b,257,step256,15,13,11846072320,36,0.14448545911760477,0.20981636579084142
EleutherAI/pythia-12b,257,step256,15,14,11846072320,36,0.11614448754200792,0.18668676414960494
EleutherAI/pythia-12b,257,step256,15,15,11846072320,36,0.12753408770258717,0.16732961354726872
EleutherAI/pythia-12b,257,step256,15,16,11846072320,36,0.10859746112860176,0.17502933319702785
EleutherAI/pythia-12b,257,step256,15,17,11846072320,36,0.12351117524186944,0.14268667398820495
EleutherAI/pythia-12b,257,step256,15,18,11846072320,36,0.12457472339619294,0.14134036325891539
EleutherAI/pythia-12b,257,step256,15,19,11846072320,36,0.0977548042776527,0.1698804328598462
EleutherAI/pythia-12b,257,step256,15,20,11846072320,36,0.11494282323184668,0.16085703149661643
EleutherAI/pythia-12b,257,step256,15,21,11846072320,36,0.10989458403373888,0.16025059216295004
EleutherAI/pythia-12b,257,step256,15,22,11846072320,36,0.1116736535592614,0.1493593783120627
EleutherAI/pythia-12b,257,step256,15,23,11846072320,36,0.12227974542872501,0.17698936519568206
EleutherAI/pythia-12b,257,step256,15,24,11846072320,36,0.130183419235073,0.15555731228387745
EleutherAI/pythia-12b,257,step256,15,25,11846072320,36,0.10750167350097367,0.14529031695512765
EleutherAI/pythia-12b,257,step256,15,26,11846072320,36,0.1273528201108401,0.12894699747419658
EleutherAI/pythia-12b,257,step256,15,27,11846072320,36,0.11022997560264823,0.1976846903198966
EleutherAI/pythia-12b,257,step256,15,28,11846072320,36,0.134352434225179,0.15305684723922078
EleutherAI/pythia-12b,257,step256,15,29,11846072320,36,0.11576201682267064,0.15496914560260533
EleutherAI/pythia-12b,257,step256,15,30,11846072320,36,0.12455115726290339,0.1604838849243906
EleutherAI/pythia-12b,257,step256,15,31,11846072320,36,0.10567916903152566,0.19285261584585667
EleutherAI/pythia-12b,257,step256,15,32,11846072320,36,0.12739029333174404,0.16219481147333484
EleutherAI/pythia-12b,257,step256,15,33,11846072320,36,0.12402519460924122,0.13112792974007914
EleutherAI/pythia-12b,257,step256,15,34,11846072320,36,0.1303450728349902,0.15210797635183942
EleutherAI/pythia-12b,257,step256,15,35,11846072320,36,0.124002388228212,0.14598690616330492
EleutherAI/pythia-12b,257,step256,15,36,11846072320,36,0.13510663635111422,0.17353647110519463
EleutherAI/pythia-12b,257,step256,15,37,11846072320,36,0.12190461050517651,0.1455421494124261
EleutherAI/pythia-12b,257,step256,15,38,11846072320,36,0.1132117764347487,0.1629965241030753
EleutherAI/pythia-12b,257,step256,15,39,11846072320,36,0.1351603223989765,0.1044693740962951
EleutherAI/pythia-12b,257,step256,15,40,11846072320,36,0.11622238035283017,0.18069513786483452
EleutherAI/pythia-12b,257,step256,16,1,11846072320,36,0.1002138120069115,0.17402351338992467
EleutherAI/pythia-12b,257,step256,16,2,11846072320,36,0.13336214498692264,0.1498332219422087
EleutherAI/pythia-12b,257,step256,16,3,11846072320,36,0.10563397762720823,0.15228789733504655
EleutherAI/pythia-12b,257,step256,16,4,11846072320,36,0.127113555745409,0.160602691468668
EleutherAI/pythia-12b,257,step256,16,5,11846072320,36,0.1412901998086421,0.14819608824803035
EleutherAI/pythia-12b,257,step256,16,6,11846072320,36,0.10377918264070694,0.15377634679535035
EleutherAI/pythia-12b,257,step256,16,7,11846072320,36,0.11077602864340973,0.12770998246363688
EleutherAI/pythia-12b,257,step256,16,8,11846072320,36,0.1380688920617103,0.1434723724255914
EleutherAI/pythia-12b,257,step256,16,9,11846072320,36,0.11372432420897229,0.1430068106527577
EleutherAI/pythia-12b,257,step256,16,10,11846072320,36,0.11451543363890755,0.1849746238580113
EleutherAI/pythia-12b,257,step256,16,11,11846072320,36,0.12237489320248271,0.23659383606266327
EleutherAI/pythia-12b,257,step256,16,12,11846072320,36,0.11535886698891894,0.14198119199188708
EleutherAI/pythia-12b,257,step256,16,13,11846072320,36,0.11226411359580425,0.12896454306011707
EleutherAI/pythia-12b,257,step256,16,14,11846072320,36,0.09942627997716533,0.1401505621916449
EleutherAI/pythia-12b,257,step256,16,15,11846072320,36,0.14703491651215347,0.1524413513584627
EleutherAI/pythia-12b,257,step256,16,16,11846072320,36,0.13322420106702915,0.14784721011021829
EleutherAI/pythia-12b,257,step256,16,17,11846072320,36,0.11970790729832806,0.1653106676990742
EleutherAI/pythia-12b,257,step256,16,18,11846072320,36,0.11392125976202004,0.12174915580509657
EleutherAI/pythia-12b,257,step256,16,19,11846072320,36,0.11769934152966142,0.1742220125398836
EleutherAI/pythia-12b,257,step256,16,20,11846072320,36,0.100493444208134,0.16285504333328105
EleutherAI/pythia-12b,257,step256,16,21,11846072320,36,0.1315113807309631,0.1428878877602808
EleutherAI/pythia-12b,257,step256,16,22,11846072320,36,0.12085400072874514,0.14055623609416026
EleutherAI/pythia-12b,257,step256,16,23,11846072320,36,0.11085017934419188,0.14653636188758112
EleutherAI/pythia-12b,257,step256,16,24,11846072320,36,0.10186630148753832,0.17396731448972275
EleutherAI/pythia-12b,257,step256,16,25,11846072320,36,0.12750596710265394,0.19437018342808376
EleutherAI/pythia-12b,257,step256,16,26,11846072320,36,0.12749192016283128,0.14259738018092982
EleutherAI/pythia-12b,257,step256,16,27,11846072320,36,0.12868628421009656,0.17969024948238785
EleutherAI/pythia-12b,257,step256,16,28,11846072320,36,0.10838276231465661,0.17180147534096468
EleutherAI/pythia-12b,257,step256,16,29,11846072320,36,0.13774317080664022,0.16258383586767822
EleutherAI/pythia-12b,257,step256,16,30,11846072320,36,0.16377351998544487,0.1331953305594466
EleutherAI/pythia-12b,257,step256,16,31,11846072320,36,0.12304020561725344,0.15098755866814925
EleutherAI/pythia-12b,257,step256,16,32,11846072320,36,0.12306158643428444,0.12096942705312018
EleutherAI/pythia-12b,257,step256,16,33,11846072320,36,0.10462021745472874,0.19161306355741464
EleutherAI/pythia-12b,257,step256,16,34,11846072320,36,0.11608927902785145,0.14267985083095658
EleutherAI/pythia-12b,257,step256,16,35,11846072320,36,0.09654933659292686,0.18795806879888063
EleutherAI/pythia-12b,257,step256,16,36,11846072320,36,0.11522991431166635,0.14041344561353994
EleutherAI/pythia-12b,257,step256,16,37,11846072320,36,0.12383121935589173,0.13075166879160263
EleutherAI/pythia-12b,257,step256,16,38,11846072320,36,0.1224919743248605,0.15114311016145138
EleutherAI/pythia-12b,257,step256,16,39,11846072320,36,0.10709826114053299,0.1259042069850092
EleutherAI/pythia-12b,257,step256,16,40,11846072320,36,0.11881038226332656,0.13268714548331925
EleutherAI/pythia-12b,257,step256,17,1,11846072320,36,0.09864008525392041,0.17986627124171622
EleutherAI/pythia-12b,257,step256,17,2,11846072320,36,0.12926028028980743,0.19170792623179717
EleutherAI/pythia-12b,257,step256,17,3,11846072320,36,0.12544953465663095,0.12471945012161677
EleutherAI/pythia-12b,257,step256,17,4,11846072320,36,0.13021962024696593,0.12730809613256835
EleutherAI/pythia-12b,257,step256,17,5,11846072320,36,0.11405035536792181,0.12742374396348766
EleutherAI/pythia-12b,257,step256,17,6,11846072320,36,0.10369453581984153,0.13634328593083236
EleutherAI/pythia-12b,257,step256,17,7,11846072320,36,0.12417770767802587,0.09155076958082456
EleutherAI/pythia-12b,257,step256,17,8,11846072320,36,0.12140476262873712,0.14409310633299852
EleutherAI/pythia-12b,257,step256,17,9,11846072320,36,0.12323406247517185,0.19503991113970046
EleutherAI/pythia-12b,257,step256,17,10,11846072320,36,0.13804547527844122,0.14615355785544565
EleutherAI/pythia-12b,257,step256,17,11,11846072320,36,0.12865080234703713,0.11331786771861457
EleutherAI/pythia-12b,257,step256,17,12,11846072320,36,0.11598358003215653,0.17278119986569196
EleutherAI/pythia-12b,257,step256,17,13,11846072320,36,0.1982554592102676,0.14825429692137254
EleutherAI/pythia-12b,257,step256,17,14,11846072320,36,0.10789282349506026,0.1882782070743697
EleutherAI/pythia-12b,257,step256,17,15,11846072320,36,0.11972566914685939,0.1409899637035958
EleutherAI/pythia-12b,257,step256,17,16,11846072320,36,0.14860403838122746,0.10957064375549819
EleutherAI/pythia-12b,257,step256,17,17,11846072320,36,0.11833139013935312,0.21278682253225603
EleutherAI/pythia-12b,257,step256,17,18,11846072320,36,0.14033528767503772,0.11845372284429742
EleutherAI/pythia-12b,257,step256,17,19,11846072320,36,0.14348283701495182,0.17043088893923491
EleutherAI/pythia-12b,257,step256,17,20,11846072320,36,0.11081691046018854,0.2776977531444113
EleutherAI/pythia-12b,257,step256,17,21,11846072320,36,0.1056799310659458,0.18287528984740864
EleutherAI/pythia-12b,257,step256,17,22,11846072320,36,0.12416004412457925,0.13465718983171934
EleutherAI/pythia-12b,257,step256,17,23,11846072320,36,0.1295819141015455,0.16867858320810233
EleutherAI/pythia-12b,257,step256,17,24,11846072320,36,0.1195711507979366,0.11399270414847418
EleutherAI/pythia-12b,257,step256,17,25,11846072320,36,0.12615646136079997,0.2052065572301457
EleutherAI/pythia-12b,257,step256,17,26,11846072320,36,0.11620011240490023,0.1346212028813836
EleutherAI/pythia-12b,257,step256,17,27,11846072320,36,0.11493575494937795,0.17579315163967035
EleutherAI/pythia-12b,257,step256,17,28,11846072320,36,0.12042245292873886,0.11298714805248974
EleutherAI/pythia-12b,257,step256,17,29,11846072320,36,0.092740867863054,0.16768593627780493
EleutherAI/pythia-12b,257,step256,17,30,11846072320,36,0.10806303092085559,0.19115701000913748
EleutherAI/pythia-12b,257,step256,17,31,11846072320,36,0.13698824228265796,0.17274904522384785
EleutherAI/pythia-12b,257,step256,17,32,11846072320,36,0.10394238596558343,0.20833474404091856
EleutherAI/pythia-12b,257,step256,17,33,11846072320,36,0.15477929108806912,0.13445274193712448
EleutherAI/pythia-12b,257,step256,17,34,11846072320,36,0.12657940279770716,0.15173957160151036
EleutherAI/pythia-12b,257,step256,17,35,11846072320,36,0.11566597090155867,0.12430948866727022
EleutherAI/pythia-12b,257,step256,17,36,11846072320,36,0.12985703797155132,0.10862893019117657
EleutherAI/pythia-12b,257,step256,17,37,11846072320,36,0.11576001529579044,0.14189537562564145
EleutherAI/pythia-12b,257,step256,17,38,11846072320,36,0.13228838766614592,0.10714662200058093
EleutherAI/pythia-12b,257,step256,17,39,11846072320,36,0.1156977632561245,0.1470155936159618
EleutherAI/pythia-12b,257,step256,17,40,11846072320,36,0.145493383773857,0.12864596445907697
EleutherAI/pythia-12b,257,step256,18,1,11846072320,36,0.10604630803057287,0.17571012674084113
EleutherAI/pythia-12b,257,step256,18,2,11846072320,36,0.12356092854942731,0.1445403856144205
EleutherAI/pythia-12b,257,step256,18,3,11846072320,36,0.11957508836265973,0.12018109421181424
EleutherAI/pythia-12b,257,step256,18,4,11846072320,36,0.11381898914651196,0.11581136089366473
EleutherAI/pythia-12b,257,step256,18,5,11846072320,36,0.12142411839809858,0.14659841848654787
EleutherAI/pythia-12b,257,step256,18,6,11846072320,36,0.1144056124500818,0.1415705200335061
EleutherAI/pythia-12b,257,step256,18,7,11846072320,36,0.13508758155835995,0.13446583762742553
EleutherAI/pythia-12b,257,step256,18,8,11846072320,36,0.12027699863062692,0.16497075237479203
EleutherAI/pythia-12b,257,step256,18,9,11846072320,36,0.09718486560961681,0.11473026051949538
EleutherAI/pythia-12b,257,step256,18,10,11846072320,36,0.10927529047962062,0.1353555285307514
EleutherAI/pythia-12b,257,step256,18,11,11846072320,36,0.10547383473878415,0.14952376472565143
EleutherAI/pythia-12b,257,step256,18,12,11846072320,36,0.12141132617911862,0.16905848486153208
EleutherAI/pythia-12b,257,step256,18,13,11846072320,36,0.12367029484171226,0.15339620035510876
EleutherAI/pythia-12b,257,step256,18,14,11846072320,36,0.10671520331600402,0.11308281011487893
EleutherAI/pythia-12b,257,step256,18,15,11846072320,36,0.14069089428283962,0.17690284825111918
EleutherAI/pythia-12b,257,step256,18,16,11846072320,36,0.11027429064920352,0.129251086983729
EleutherAI/pythia-12b,257,step256,18,17,11846072320,36,0.10702865538900495,0.17847043150538078
EleutherAI/pythia-12b,257,step256,18,18,11846072320,36,0.10987586137634493,0.18756254985872595
EleutherAI/pythia-12b,257,step256,18,19,11846072320,36,0.1410446165202258,0.11805701620776102
EleutherAI/pythia-12b,257,step256,18,20,11846072320,36,0.1247473569368725,0.11993733117239427
EleutherAI/pythia-12b,257,step256,18,21,11846072320,36,0.1189458960465885,0.1390307076980133
EleutherAI/pythia-12b,257,step256,18,22,11846072320,36,0.12233229166640708,0.13675031096425586
EleutherAI/pythia-12b,257,step256,18,23,11846072320,36,0.11419849488436724,0.18279602124101224
EleutherAI/pythia-12b,257,step256,18,24,11846072320,36,0.141343844724489,0.13750803810698128
EleutherAI/pythia-12b,257,step256,18,25,11846072320,36,0.10771473128259088,0.15116024841820153
EleutherAI/pythia-12b,257,step256,18,26,11846072320,36,0.11924876262050665,0.16557668976754214
EleutherAI/pythia-12b,257,step256,18,27,11846072320,36,0.13103510361925524,0.12408929812657578
EleutherAI/pythia-12b,257,step256,18,28,11846072320,36,0.12402610504278187,0.1484925556653836
EleutherAI/pythia-12b,257,step256,18,29,11846072320,36,0.11171604569039273,0.14927527095070917
EleutherAI/pythia-12b,257,step256,18,30,11846072320,36,0.10190047303567057,0.163459241393025
EleutherAI/pythia-12b,257,step256,18,31,11846072320,36,0.09539498950217709,0.17223559469320213
EleutherAI/pythia-12b,257,step256,18,32,11846072320,36,0.11289002634473029,0.18365496631387293
EleutherAI/pythia-12b,257,step256,18,33,11846072320,36,0.11572245833696095,0.2231394853890389
EleutherAI/pythia-12b,257,step256,18,34,11846072320,36,0.1248676686382687,0.14197649865190273
EleutherAI/pythia-12b,257,step256,18,35,11846072320,36,0.15014190778315242,0.10421926051926411
EleutherAI/pythia-12b,257,step256,18,36,11846072320,36,0.13007440298862818,0.19165597197686404
EleutherAI/pythia-12b,257,step256,18,37,11846072320,36,0.11065099269498482,0.17450162622932194
EleutherAI/pythia-12b,257,step256,18,38,11846072320,36,0.11475636085422633,0.23830437206861757
EleutherAI/pythia-12b,257,step256,18,39,11846072320,36,0.12139998813224086,0.135546373877417
EleutherAI/pythia-12b,257,step256,18,40,11846072320,36,0.11836789002468631,0.208658018297664
EleutherAI/pythia-12b,257,step256,19,1,11846072320,36,0.11956918610164796,0.1502820346448514
EleutherAI/pythia-12b,257,step256,19,2,11846072320,36,0.13347181079870046,0.15589940273300837
EleutherAI/pythia-12b,257,step256,19,3,11846072320,36,0.11959387207062569,0.15352367939198155
EleutherAI/pythia-12b,257,step256,19,4,11846072320,36,0.09688080734553724,0.11721363562430522
EleutherAI/pythia-12b,257,step256,19,5,11846072320,36,0.11619995049461047,0.1090594563051476
EleutherAI/pythia-12b,257,step256,19,6,11846072320,36,0.12875952209169797,0.12946072554456306
EleutherAI/pythia-12b,257,step256,19,7,11846072320,36,0.13116080337973146,0.1783444835180724
EleutherAI/pythia-12b,257,step256,19,8,11846072320,36,0.13373351775601994,0.1203170100048005
EleutherAI/pythia-12b,257,step256,19,9,11846072320,36,0.11586015372797172,0.23592493992421895
EleutherAI/pythia-12b,257,step256,19,10,11846072320,36,0.15108342350155737,0.1690722437625801
EleutherAI/pythia-12b,257,step256,19,11,11846072320,36,0.1002660869500479,0.12660683319811614
EleutherAI/pythia-12b,257,step256,19,12,11846072320,36,0.1116798143419954,0.28833766443817105
EleutherAI/pythia-12b,257,step256,19,13,11846072320,36,0.11622257528451824,0.13337362662528277
EleutherAI/pythia-12b,257,step256,19,14,11846072320,36,0.11821846228775315,0.10847210342780467
EleutherAI/pythia-12b,257,step256,19,15,11846072320,36,0.1234466901647525,0.15513215544032258
EleutherAI/pythia-12b,257,step256,19,16,11846072320,36,0.10867381979943481,0.10467465984000185
EleutherAI/pythia-12b,257,step256,19,17,11846072320,36,0.1005285427047012,0.15864712860737293
EleutherAI/pythia-12b,257,step256,19,18,11846072320,36,0.12045882032015119,0.1596757301322377
EleutherAI/pythia-12b,257,step256,19,19,11846072320,36,0.12611654207289394,0.17772678396309366
EleutherAI/pythia-12b,257,step256,19,20,11846072320,36,0.11159899393404206,0.16568851913954757
EleutherAI/pythia-12b,257,step256,19,21,11846072320,36,0.141063283491242,0.11490248583324317
EleutherAI/pythia-12b,257,step256,19,22,11846072320,36,0.11620612791809319,0.1510365913809464
EleutherAI/pythia-12b,257,step256,19,23,11846072320,36,0.12164868389790476,0.12219895173406767
EleutherAI/pythia-12b,257,step256,19,24,11846072320,36,0.11806781521184483,0.16663252759456362
EleutherAI/pythia-12b,257,step256,19,25,11846072320,36,0.10142016159118829,0.13711974006873348
EleutherAI/pythia-12b,257,step256,19,26,11846072320,36,0.1117769721420006,0.14704548312748245
EleutherAI/pythia-12b,257,step256,19,27,11846072320,36,0.12729137335476035,0.1624977565803998
EleutherAI/pythia-12b,257,step256,19,28,11846072320,36,0.11152369689543143,0.17622481955791464
EleutherAI/pythia-12b,257,step256,19,29,11846072320,36,0.10080830486038242,0.20380272963797452
EleutherAI/pythia-12b,257,step256,19,30,11846072320,36,0.13065150014737298,0.1430284987195386
EleutherAI/pythia-12b,257,step256,19,31,11846072320,36,0.1477847324387805,0.12630708287428086
EleutherAI/pythia-12b,257,step256,19,32,11846072320,36,0.11325649183814049,0.22339970248754135
EleutherAI/pythia-12b,257,step256,19,33,11846072320,36,0.11677501333301306,0.17895595449394913
EleutherAI/pythia-12b,257,step256,19,34,11846072320,36,0.12512098674525365,0.13760333261019111
EleutherAI/pythia-12b,257,step256,19,35,11846072320,36,0.1276947971287969,0.11239840863580187
EleutherAI/pythia-12b,257,step256,19,36,11846072320,36,0.13356631454471887,0.16644290734820802
EleutherAI/pythia-12b,257,step256,19,37,11846072320,36,0.09773735949691302,0.11701036420826973
EleutherAI/pythia-12b,257,step256,19,38,11846072320,36,0.11339711655747958,0.1337096873956086
EleutherAI/pythia-12b,257,step256,19,39,11846072320,36,0.14092252925373946,0.14957012763028743
EleutherAI/pythia-12b,257,step256,19,40,11846072320,36,0.09341322111564351,0.16386629635742203
EleutherAI/pythia-12b,257,step256,20,1,11846072320,36,0.1224716250496628,0.11278632729574363
EleutherAI/pythia-12b,257,step256,20,2,11846072320,36,0.09012094966496698,0.2543516388224499
EleutherAI/pythia-12b,257,step256,20,3,11846072320,36,0.10118497782540657,0.19223045704847158
EleutherAI/pythia-12b,257,step256,20,4,11846072320,36,0.11250394031785804,0.20929328420453955
EleutherAI/pythia-12b,257,step256,20,5,11846072320,36,0.1131954029924026,0.12046045680494007
EleutherAI/pythia-12b,257,step256,20,6,11846072320,36,0.1455905378625557,0.17440069816424858
EleutherAI/pythia-12b,257,step256,20,7,11846072320,36,0.12522879175774682,0.15378678151246927
EleutherAI/pythia-12b,257,step256,20,8,11846072320,36,0.11906801437953478,0.23245981747883035
EleutherAI/pythia-12b,257,step256,20,9,11846072320,36,0.09429739455919003,0.18594839022559173
EleutherAI/pythia-12b,257,step256,20,10,11846072320,36,0.13206838140146684,0.12233923679614832
EleutherAI/pythia-12b,257,step256,20,11,11846072320,36,0.12926336990909887,0.12875626534335421
EleutherAI/pythia-12b,257,step256,20,12,11846072320,36,0.114162387964022,0.16147845655724447
EleutherAI/pythia-12b,257,step256,20,13,11846072320,36,0.1278955090466562,0.15321150900902328
EleutherAI/pythia-12b,257,step256,20,14,11846072320,36,0.1316823733036403,0.15311539985306624
EleutherAI/pythia-12b,257,step256,20,15,11846072320,36,0.10539130441139674,0.15425229451812061
EleutherAI/pythia-12b,257,step256,20,16,11846072320,36,0.10801198753016485,0.14468439247503917
EleutherAI/pythia-12b,257,step256,20,17,11846072320,36,0.12489703268528696,0.1380209274696292
EleutherAI/pythia-12b,257,step256,20,18,11846072320,36,0.11041206371755119,0.11727733104615594
EleutherAI/pythia-12b,257,step256,20,19,11846072320,36,0.10126429123317332,0.1466579705968991
EleutherAI/pythia-12b,257,step256,20,20,11846072320,36,0.10523371870542786,0.11794455735398839
EleutherAI/pythia-12b,257,step256,20,21,11846072320,36,0.11303329516716812,0.1589539080254129
EleutherAI/pythia-12b,257,step256,20,22,11846072320,36,0.11178289150243044,0.1744744732791373
EleutherAI/pythia-12b,257,step256,20,23,11846072320,36,0.12248477038812705,0.1528042282534388
EleutherAI/pythia-12b,257,step256,20,24,11846072320,36,0.1411474499314486,0.11368376062763431
EleutherAI/pythia-12b,257,step256,20,25,11846072320,36,0.11463722208509212,0.16227272972352685
EleutherAI/pythia-12b,257,step256,20,26,11846072320,36,0.1012286602354443,0.22303375841730883
EleutherAI/pythia-12b,257,step256,20,27,11846072320,36,0.14224314768504984,0.19343134947680493
EleutherAI/pythia-12b,257,step256,20,28,11846072320,36,0.10140903304714156,0.2424822959590244
EleutherAI/pythia-12b,257,step256,20,29,11846072320,36,0.11856238570836208,0.14302574241584212
EleutherAI/pythia-12b,257,step256,20,30,11846072320,36,0.10997552866837727,0.1438081445670253
EleutherAI/pythia-12b,257,step256,20,31,11846072320,36,0.10423273509843746,0.21208481534241552
EleutherAI/pythia-12b,257,step256,20,32,11846072320,36,0.12952082338477214,0.21172635862743616
EleutherAI/pythia-12b,257,step256,20,33,11846072320,36,0.11908423359709992,0.12614969328023468
EleutherAI/pythia-12b,257,step256,20,34,11846072320,36,0.12344164343120095,0.1354946899185846
EleutherAI/pythia-12b,257,step256,20,35,11846072320,36,0.137387635952628,0.21360693468401826
EleutherAI/pythia-12b,257,step256,20,36,11846072320,36,0.10673573663788243,0.15374767910912854
EleutherAI/pythia-12b,257,step256,20,37,11846072320,36,0.12350835178506084,0.12915562368459527
EleutherAI/pythia-12b,257,step256,20,38,11846072320,36,0.09869647406142301,0.22421091474598276
EleutherAI/pythia-12b,257,step256,20,39,11846072320,36,0.1135875089359735,0.1166263108698276
EleutherAI/pythia-12b,257,step256,20,40,11846072320,36,0.08971400722279559,0.2166989612569277
EleutherAI/pythia-12b,257,step256,21,1,11846072320,36,0.11845637905179286,0.16371370239502134
EleutherAI/pythia-12b,257,step256,21,2,11846072320,36,0.12245096870370809,0.1848422989036675
EleutherAI/pythia-12b,257,step256,21,3,11846072320,36,0.10833645829030339,0.16836596087639302
EleutherAI/pythia-12b,257,step256,21,4,11846072320,36,0.10901869823401035,0.10470315156778591
EleutherAI/pythia-12b,257,step256,21,5,11846072320,36,0.13667732817274666,0.17791713442787657
EleutherAI/pythia-12b,257,step256,21,6,11846072320,36,0.12768528911959118,0.2275701209332223
EleutherAI/pythia-12b,257,step256,21,7,11846072320,36,0.12467340415472289,0.17931977057879836
EleutherAI/pythia-12b,257,step256,21,8,11846072320,36,0.11440508836158757,0.18864189507020213
EleutherAI/pythia-12b,257,step256,21,9,11846072320,36,0.11725156161341219,0.15852362215910495
EleutherAI/pythia-12b,257,step256,21,10,11846072320,36,0.101086842707238,0.14754950418766283
EleutherAI/pythia-12b,257,step256,21,11,11846072320,36,0.10228396801126965,0.14754541160947116
EleutherAI/pythia-12b,257,step256,21,12,11846072320,36,0.10067089368496925,0.14164006705297985
EleutherAI/pythia-12b,257,step256,21,13,11846072320,36,0.10169594620519479,0.22480121089632174
EleutherAI/pythia-12b,257,step256,21,14,11846072320,36,0.12120243286093071,0.1253614128838564
EleutherAI/pythia-12b,257,step256,21,15,11846072320,36,0.137701298834549,0.10248562302608206
EleutherAI/pythia-12b,257,step256,21,16,11846072320,36,0.11786939891463549,0.10980310520945902
EleutherAI/pythia-12b,257,step256,21,17,11846072320,36,0.09840410626171762,0.14800513125452636
EleutherAI/pythia-12b,257,step256,21,18,11846072320,36,0.13555761042971148,0.15849181099909468
EleutherAI/pythia-12b,257,step256,21,19,11846072320,36,0.14520892623935014,0.15654452952245868
EleutherAI/pythia-12b,257,step256,21,20,11846072320,36,0.12080020364653594,0.12438719365298297
EleutherAI/pythia-12b,257,step256,21,21,11846072320,36,0.1162850193052857,0.23135434968715848
EleutherAI/pythia-12b,257,step256,21,22,11846072320,36,0.10607794376912413,0.1751570520424717
EleutherAI/pythia-12b,257,step256,21,23,11846072320,36,0.14160485011623333,0.1363495160901063
EleutherAI/pythia-12b,257,step256,21,24,11846072320,36,0.09894529864046572,0.14133916965017354
EleutherAI/pythia-12b,257,step256,21,25,11846072320,36,0.10968326767431093,0.12336727507501925
EleutherAI/pythia-12b,257,step256,21,26,11846072320,36,0.1545021271014267,0.1666312051528656
EleutherAI/pythia-12b,257,step256,21,27,11846072320,36,0.12475947546842574,0.13672610573951632
EleutherAI/pythia-12b,257,step256,21,28,11846072320,36,0.10684714948775259,0.2316376445479355
EleutherAI/pythia-12b,257,step256,21,29,11846072320,36,0.10700872405390209,0.1596077501259229
EleutherAI/pythia-12b,257,step256,21,30,11846072320,36,0.10427344395770678,0.16755384820941327
EleutherAI/pythia-12b,257,step256,21,31,11846072320,36,0.13188507958866272,0.1654777341010468
EleutherAI/pythia-12b,257,step256,21,32,11846072320,36,0.11661797024130638,0.11323832804700719
EleutherAI/pythia-12b,257,step256,21,33,11846072320,36,0.13772865039137028,0.153789632590124
EleutherAI/pythia-12b,257,step256,21,34,11846072320,36,0.12054402476831058,0.132988403176514
EleutherAI/pythia-12b,257,step256,21,35,11846072320,36,0.13030231392777356,0.20807802507670609
EleutherAI/pythia-12b,257,step256,21,36,11846072320,36,0.1133075203612312,0.1917287804907909
EleutherAI/pythia-12b,257,step256,21,37,11846072320,36,0.11585677795212812,0.14975518262847223
EleutherAI/pythia-12b,257,step256,21,38,11846072320,36,0.16367580091116482,0.16607577112355118
EleutherAI/pythia-12b,257,step256,21,39,11846072320,36,0.11197879439773588,0.15296535876330666
EleutherAI/pythia-12b,257,step256,21,40,11846072320,36,0.10546763695485595,0.17327170326254207
EleutherAI/pythia-12b,257,step256,22,1,11846072320,36,0.12464285952908852,0.13124010140809028
EleutherAI/pythia-12b,257,step256,22,2,11846072320,36,0.09940584476578518,0.13119771052151913
EleutherAI/pythia-12b,257,step256,22,3,11846072320,36,0.11417605990806853,0.1318446413023738
EleutherAI/pythia-12b,257,step256,22,4,11846072320,36,0.1240262006026309,0.10489022290171889
EleutherAI/pythia-12b,257,step256,22,5,11846072320,36,0.10769175428494404,0.14106599431395436
EleutherAI/pythia-12b,257,step256,22,6,11846072320,36,0.11294779680423188,0.14623226041908374
EleutherAI/pythia-12b,257,step256,22,7,11846072320,36,0.11812603711667984,0.1611785453271579
EleutherAI/pythia-12b,257,step256,22,8,11846072320,36,0.13154064487755385,0.09049333977952104
EleutherAI/pythia-12b,257,step256,22,9,11846072320,36,0.13946330887978675,0.15791187308974805
EleutherAI/pythia-12b,257,step256,22,10,11846072320,36,0.14330408300410158,0.15095623490308316
EleutherAI/pythia-12b,257,step256,22,11,11846072320,36,0.1149820405905982,0.17358968686871787
EleutherAI/pythia-12b,257,step256,22,12,11846072320,36,0.1092891679243282,0.16481552582077522
EleutherAI/pythia-12b,257,step256,22,13,11846072320,36,0.132562079696214,0.15224426194980692
EleutherAI/pythia-12b,257,step256,22,14,11846072320,36,0.11191315068262024,0.11695800807226345
EleutherAI/pythia-12b,257,step256,22,15,11846072320,36,0.12533921218692537,0.17001108868276926
EleutherAI/pythia-12b,257,step256,22,16,11846072320,36,0.1268524345480375,0.1784253659974168
EleutherAI/pythia-12b,257,step256,22,17,11846072320,36,0.12180682862115957,0.17694377643265968
EleutherAI/pythia-12b,257,step256,22,18,11846072320,36,0.11538400960800879,0.19476996390736315
EleutherAI/pythia-12b,257,step256,22,19,11846072320,36,0.11138183762551514,0.19941925667450053
EleutherAI/pythia-12b,257,step256,22,20,11846072320,36,0.14692429318330485,0.14805452003739433
EleutherAI/pythia-12b,257,step256,22,21,11846072320,36,0.14500103603947803,0.11218021892839003
EleutherAI/pythia-12b,257,step256,22,22,11846072320,36,0.08841321994928085,0.23128022342450444
EleutherAI/pythia-12b,257,step256,22,23,11846072320,36,0.12793522374844313,0.11100751618007278
EleutherAI/pythia-12b,257,step256,22,24,11846072320,36,0.14673803343406844,0.18176364370372824
EleutherAI/pythia-12b,257,step256,22,25,11846072320,36,0.11175645615167173,0.12058253758572955
EleutherAI/pythia-12b,257,step256,22,26,11846072320,36,0.12262624706625487,0.15395949954340404
EleutherAI/pythia-12b,257,step256,22,27,11846072320,36,0.10384715158022466,0.18017294457008884
EleutherAI/pythia-12b,257,step256,22,28,11846072320,36,0.13741965115338828,0.11226271767191608
EleutherAI/pythia-12b,257,step256,22,29,11846072320,36,0.13458311973368975,0.12248287621505174
EleutherAI/pythia-12b,257,step256,22,30,11846072320,36,0.10251384116038005,0.16439931863756685
EleutherAI/pythia-12b,257,step256,22,31,11846072320,36,0.12973612251862118,0.12891926764658795
EleutherAI/pythia-12b,257,step256,22,32,11846072320,36,0.09925307569516309,0.10853110358130194
EleutherAI/pythia-12b,257,step256,22,33,11846072320,36,0.08364431475017875,0.18863790534861807
EleutherAI/pythia-12b,257,step256,22,34,11846072320,36,0.13404301742466537,0.17162326564760622
EleutherAI/pythia-12b,257,step256,22,35,11846072320,36,0.11096786602201669,0.19436981354199637
EleutherAI/pythia-12b,257,step256,22,36,11846072320,36,0.12878517778002996,0.13931743536345859
EleutherAI/pythia-12b,257,step256,22,37,11846072320,36,0.1376572720393225,0.1878784306224312
EleutherAI/pythia-12b,257,step256,22,38,11846072320,36,0.1288234854939284,0.1980109728156804
EleutherAI/pythia-12b,257,step256,22,39,11846072320,36,0.12665518225302116,0.11805564164276323
EleutherAI/pythia-12b,257,step256,22,40,11846072320,36,0.12053843711253934,0.11636961116133863
EleutherAI/pythia-12b,257,step256,23,1,11846072320,36,0.12032000544304779,0.1597796997933595
EleutherAI/pythia-12b,257,step256,23,2,11846072320,36,0.11855872003389546,0.1733637288934341
EleutherAI/pythia-12b,257,step256,23,3,11846072320,36,0.11186027737172154,0.18595646202911034
EleutherAI/pythia-12b,257,step256,23,4,11846072320,36,0.10798563536636907,0.10640296557297305
EleutherAI/pythia-12b,257,step256,23,5,11846072320,36,0.13048615048474463,0.13635386208592498
EleutherAI/pythia-12b,257,step256,23,6,11846072320,36,0.11938791782749035,0.08773833232744405
EleutherAI/pythia-12b,257,step256,23,7,11846072320,36,0.11785070749150736,0.1735482394510695
EleutherAI/pythia-12b,257,step256,23,8,11846072320,36,0.12487404518019594,0.2029047654354357
EleutherAI/pythia-12b,257,step256,23,9,11846072320,36,0.12076376896497003,0.21082670818287147
EleutherAI/pythia-12b,257,step256,23,10,11846072320,36,0.11240275557133346,0.12069385264393262
EleutherAI/pythia-12b,257,step256,23,11,11846072320,36,0.10861168089448596,0.2805348781382178
EleutherAI/pythia-12b,257,step256,23,12,11846072320,36,0.1171497766812284,0.214199419977988
EleutherAI/pythia-12b,257,step256,23,13,11846072320,36,0.12213973481733874,0.1143709190368831
EleutherAI/pythia-12b,257,step256,23,14,11846072320,36,0.12147504005122467,0.09211512822545949
EleutherAI/pythia-12b,257,step256,23,15,11846072320,36,0.1275992996615914,0.21861819660307852
EleutherAI/pythia-12b,257,step256,23,16,11846072320,36,0.10635277960594884,0.2626380146014037
EleutherAI/pythia-12b,257,step256,23,17,11846072320,36,0.13119056321926656,0.15204192818542406
EleutherAI/pythia-12b,257,step256,23,18,11846072320,36,0.11896041355602013,0.10078437224466785
EleutherAI/pythia-12b,257,step256,23,19,11846072320,36,0.12948749978486837,0.1331238091920499
EleutherAI/pythia-12b,257,step256,23,20,11846072320,36,0.1121424736662043,0.17956901801185113
EleutherAI/pythia-12b,257,step256,23,21,11846072320,36,0.11630051596755824,0.16309159442323728
EleutherAI/pythia-12b,257,step256,23,22,11846072320,36,0.11031562632212674,0.1330236052316767
EleutherAI/pythia-12b,257,step256,23,23,11846072320,36,0.1211475687990854,0.11296588064985227
EleutherAI/pythia-12b,257,step256,23,24,11846072320,36,0.11026267575060905,0.13352601437384745
EleutherAI/pythia-12b,257,step256,23,25,11846072320,36,0.1496622907976667,0.11353961850709471
EleutherAI/pythia-12b,257,step256,23,26,11846072320,36,0.12553491912133338,0.1965546702949313
EleutherAI/pythia-12b,257,step256,23,27,11846072320,36,0.12590873995991617,0.16430116035379802
EleutherAI/pythia-12b,257,step256,23,28,11846072320,36,0.0983161331481627,0.20007231839381534
EleutherAI/pythia-12b,257,step256,23,29,11846072320,36,0.11383253600526676,0.13330101033577596
EleutherAI/pythia-12b,257,step256,23,30,11846072320,36,0.1040313725972229,0.14132599077570632
EleutherAI/pythia-12b,257,step256,23,31,11846072320,36,0.1233379772386035,0.16596385260188093
EleutherAI/pythia-12b,257,step256,23,32,11846072320,36,0.10256912715609989,0.16919809728637109
EleutherAI/pythia-12b,257,step256,23,33,11846072320,36,0.12276246140825672,0.09950269834773315
EleutherAI/pythia-12b,257,step256,23,34,11846072320,36,0.10327564220170712,0.15241181288283684
EleutherAI/pythia-12b,257,step256,23,35,11846072320,36,0.13611696359726622,0.1174824045657798
EleutherAI/pythia-12b,257,step256,23,36,11846072320,36,0.139148513604705,0.13155601579729498
EleutherAI/pythia-12b,257,step256,23,37,11846072320,36,0.11590414291790294,0.15334769518760674
EleutherAI/pythia-12b,257,step256,23,38,11846072320,36,0.14062883871028548,0.14010297492224796
EleutherAI/pythia-12b,257,step256,23,39,11846072320,36,0.1217466412425354,0.1250095618133609
EleutherAI/pythia-12b,257,step256,23,40,11846072320,36,0.1277596015796378,0.16757956220469133
EleutherAI/pythia-12b,257,step256,24,1,11846072320,36,0.12273075429347896,0.14788503431387845
EleutherAI/pythia-12b,257,step256,24,2,11846072320,36,0.12474588357616917,0.14834291920591666
EleutherAI/pythia-12b,257,step256,24,3,11846072320,36,0.11464497140768139,0.14124209317448613
EleutherAI/pythia-12b,257,step256,24,4,11846072320,36,0.1370149126483334,0.18399134556855162
EleutherAI/pythia-12b,257,step256,24,5,11846072320,36,0.1271272485784895,0.19305317613153572
EleutherAI/pythia-12b,257,step256,24,6,11846072320,36,0.1353293831429413,0.1369112016543656
EleutherAI/pythia-12b,257,step256,24,7,11846072320,36,0.12978705810802474,0.10733509942883616
EleutherAI/pythia-12b,257,step256,24,8,11846072320,36,0.13455261472422436,0.1830050614984096
EleutherAI/pythia-12b,257,step256,24,9,11846072320,36,0.11459235216605587,0.24284552321307826
EleutherAI/pythia-12b,257,step256,24,10,11846072320,36,0.1007408362200802,0.2064662072639744
EleutherAI/pythia-12b,257,step256,24,11,11846072320,36,0.12201861844764453,0.1804498496350717
EleutherAI/pythia-12b,257,step256,24,12,11846072320,36,0.14037437005913825,0.16251670078628946
EleutherAI/pythia-12b,257,step256,24,13,11846072320,36,0.10574202942060633,0.134449177829957
EleutherAI/pythia-12b,257,step256,24,14,11846072320,36,0.10245049307430466,0.10985570386410114
EleutherAI/pythia-12b,257,step256,24,15,11846072320,36,0.1204445419033189,0.13310043025180113
EleutherAI/pythia-12b,257,step256,24,16,11846072320,36,0.11355078547029519,0.2264359752723091
EleutherAI/pythia-12b,257,step256,24,17,11846072320,36,0.11130245974393664,0.16999465196642338
EleutherAI/pythia-12b,257,step256,24,18,11846072320,36,0.09820160969068199,0.22557648485274728
EleutherAI/pythia-12b,257,step256,24,19,11846072320,36,0.13190245465585237,0.2072578189340797
EleutherAI/pythia-12b,257,step256,24,20,11846072320,36,0.09830760708017208,0.1597570658132836
EleutherAI/pythia-12b,257,step256,24,21,11846072320,36,0.10662087020338383,0.14912851172144165
EleutherAI/pythia-12b,257,step256,24,22,11846072320,36,0.11564307379488782,0.08477832513858558
EleutherAI/pythia-12b,257,step256,24,23,11846072320,36,0.10408787191607748,0.11081967844037675
EleutherAI/pythia-12b,257,step256,24,24,11846072320,36,0.12345550113634479,0.10660558780123876
EleutherAI/pythia-12b,257,step256,24,25,11846072320,36,0.11551840701797698,0.1399274337673196
EleutherAI/pythia-12b,257,step256,24,26,11846072320,36,0.11569284717901955,0.17355021258799339
EleutherAI/pythia-12b,257,step256,24,27,11846072320,36,0.13973194107905518,0.10367398264373204
EleutherAI/pythia-12b,257,step256,24,28,11846072320,36,0.12649080826825382,0.14744335184763138
EleutherAI/pythia-12b,257,step256,24,29,11846072320,36,0.12136899528873929,0.26385214760222725
EleutherAI/pythia-12b,257,step256,24,30,11846072320,36,0.12331877876207363,0.2714209938757457
EleutherAI/pythia-12b,257,step256,24,31,11846072320,36,0.11535412068660549,0.12138629856298452
EleutherAI/pythia-12b,257,step256,24,32,11846072320,36,0.11892981663928014,0.09619890507758107
EleutherAI/pythia-12b,257,step256,24,33,11846072320,36,0.11389127304894962,0.15655355083591135
EleutherAI/pythia-12b,257,step256,24,34,11846072320,36,0.13353712693997866,0.14560633534761339
EleutherAI/pythia-12b,257,step256,24,35,11846072320,36,0.11544877562571212,0.19911700794501253
EleutherAI/pythia-12b,257,step256,24,36,11846072320,36,0.1437904478439518,0.14839946616485755
EleutherAI/pythia-12b,257,step256,24,37,11846072320,36,0.1251601531945012,0.10786564367356238
EleutherAI/pythia-12b,257,step256,24,38,11846072320,36,0.1345102095042352,0.120841470421166
EleutherAI/pythia-12b,257,step256,24,39,11846072320,36,0.14185540222034257,0.17788230017521175
EleutherAI/pythia-12b,257,step256,24,40,11846072320,36,0.1480306692018702,0.1526684899095658
EleutherAI/pythia-12b,257,step256,25,1,11846072320,36,0.12131221790157545,0.10543096092090498
EleutherAI/pythia-12b,257,step256,25,2,11846072320,36,0.1081640109945614,0.1544548135933217
EleutherAI/pythia-12b,257,step256,25,3,11846072320,36,0.14983661975655643,0.23422817233949894
EleutherAI/pythia-12b,257,step256,25,4,11846072320,36,0.11471746770760136,0.1712692658397349
EleutherAI/pythia-12b,257,step256,25,5,11846072320,36,0.09825845503223099,0.32200941473088995
EleutherAI/pythia-12b,257,step256,25,6,11846072320,36,0.12659798559729935,0.14344432294737913
EleutherAI/pythia-12b,257,step256,25,7,11846072320,36,0.127943549204517,0.23056297241388493
EleutherAI/pythia-12b,257,step256,25,8,11846072320,36,0.10152226505247318,0.14434270007821082
EleutherAI/pythia-12b,257,step256,25,9,11846072320,36,0.10641528400326809,0.20646504816171282
EleutherAI/pythia-12b,257,step256,25,10,11846072320,36,0.1262666999918965,0.12523688872934904
EleutherAI/pythia-12b,257,step256,25,11,11846072320,36,0.13901991049784257,0.15858503718868833
EleutherAI/pythia-12b,257,step256,25,12,11846072320,36,0.12549597728583545,0.10620188728316092
EleutherAI/pythia-12b,257,step256,25,13,11846072320,36,0.12465861627647465,0.15534153191076291
EleutherAI/pythia-12b,257,step256,25,14,11846072320,36,0.1252310227815274,0.15069083199911823
EleutherAI/pythia-12b,257,step256,25,15,11846072320,36,0.10195444169938113,0.16902897305305561
EleutherAI/pythia-12b,257,step256,25,16,11846072320,36,0.08485005459225209,0.1908134281433917
EleutherAI/pythia-12b,257,step256,25,17,11846072320,36,0.11650542707347472,0.17659200746398246
EleutherAI/pythia-12b,257,step256,25,18,11846072320,36,0.10796137742261894,0.20192241055650392
EleutherAI/pythia-12b,257,step256,25,19,11846072320,36,0.09136383441016745,0.11955135395644122
EleutherAI/pythia-12b,257,step256,25,20,11846072320,36,0.14936754254025736,0.09097215758116392
EleutherAI/pythia-12b,257,step256,25,21,11846072320,36,0.1318297092341356,0.15378011198708777
EleutherAI/pythia-12b,257,step256,25,22,11846072320,36,0.11824758494602843,0.19244035589578626
EleutherAI/pythia-12b,257,step256,25,23,11846072320,36,0.13776195699813304,0.15206737481561058
EleutherAI/pythia-12b,257,step256,25,24,11846072320,36,0.13995622213113232,0.14123445353540656
EleutherAI/pythia-12b,257,step256,25,25,11846072320,36,0.10400709760439643,0.18170768643418944
EleutherAI/pythia-12b,257,step256,25,26,11846072320,36,0.11262529015026468,0.10997129995487738
EleutherAI/pythia-12b,257,step256,25,27,11846072320,36,0.12390577641536699,0.14935974242283145
EleutherAI/pythia-12b,257,step256,25,28,11846072320,36,0.11433912250115434,0.18864768294074957
EleutherAI/pythia-12b,257,step256,25,29,11846072320,36,0.1118737659207335,0.09374673578988857
EleutherAI/pythia-12b,257,step256,25,30,11846072320,36,0.1448007854926693,0.17282787268819122
EleutherAI/pythia-12b,257,step256,25,31,11846072320,36,0.13795252328923152,0.1314015409128891
EleutherAI/pythia-12b,257,step256,25,32,11846072320,36,0.1002584901574003,0.1318580566936203
EleutherAI/pythia-12b,257,step256,25,33,11846072320,36,0.10005490461157424,0.20902720722160087
EleutherAI/pythia-12b,257,step256,25,34,11846072320,36,0.11583709458096156,0.15517241743535873
EleutherAI/pythia-12b,257,step256,25,35,11846072320,36,0.13786221440467566,0.12373741804524223
EleutherAI/pythia-12b,257,step256,25,36,11846072320,36,0.11964029169364551,0.12119388680166754
EleutherAI/pythia-12b,257,step256,25,37,11846072320,36,0.14669076509370993,0.16114253398064554
EleutherAI/pythia-12b,257,step256,25,38,11846072320,36,0.0965693316369264,0.15587012526263164
EleutherAI/pythia-12b,257,step256,25,39,11846072320,36,0.1211502278452968,0.1023365529757496
EleutherAI/pythia-12b,257,step256,25,40,11846072320,36,0.14243336022739203,0.1027085264982493
EleutherAI/pythia-12b,257,step256,26,1,11846072320,36,0.12287196828550222,0.13478772272006254
EleutherAI/pythia-12b,257,step256,26,2,11846072320,36,0.09703308146715428,0.2521699559944751
EleutherAI/pythia-12b,257,step256,26,3,11846072320,36,0.0908874814627921,0.28420236408598604
EleutherAI/pythia-12b,257,step256,26,4,11846072320,36,0.13491557837203813,0.20766171578082948
EleutherAI/pythia-12b,257,step256,26,5,11846072320,36,0.1255120304287285,0.09982075104517886
EleutherAI/pythia-12b,257,step256,26,6,11846072320,36,0.12120981801961273,0.14582632588049219
EleutherAI/pythia-12b,257,step256,26,7,11846072320,36,0.13923944591043944,0.17513294784245903
EleutherAI/pythia-12b,257,step256,26,8,11846072320,36,0.11246758675924289,0.13537857425888555
EleutherAI/pythia-12b,257,step256,26,9,11846072320,36,0.09483447224572968,0.17464711007804748
EleutherAI/pythia-12b,257,step256,26,10,11846072320,36,0.10868403155569195,0.18914812107433424
EleutherAI/pythia-12b,257,step256,26,11,11846072320,36,0.11676047716077201,0.15327766685615157
EleutherAI/pythia-12b,257,step256,26,12,11846072320,36,0.1021655044705794,0.17260459902229247
EleutherAI/pythia-12b,257,step256,26,13,11846072320,36,0.0961767958656132,0.28598721572072117
EleutherAI/pythia-12b,257,step256,26,14,11846072320,36,0.117485071440135,0.16667801286331613
EleutherAI/pythia-12b,257,step256,26,15,11846072320,36,0.15695310624556852,0.165771198910647
EleutherAI/pythia-12b,257,step256,26,16,11846072320,36,0.1328788658788612,0.10752651919876487
EleutherAI/pythia-12b,257,step256,26,17,11846072320,36,0.10493434707748814,0.22060593616429924
EleutherAI/pythia-12b,257,step256,26,18,11846072320,36,0.12144559216280058,0.14859035696174286
EleutherAI/pythia-12b,257,step256,26,19,11846072320,36,0.12565471915466644,0.14944653326572774
EleutherAI/pythia-12b,257,step256,26,20,11846072320,36,0.10404000615885661,0.2545085556598173
EleutherAI/pythia-12b,257,step256,26,21,11846072320,36,0.1216522976084872,0.17946431936847193
EleutherAI/pythia-12b,257,step256,26,22,11846072320,36,0.12783702617852355,0.2001843249016964
EleutherAI/pythia-12b,257,step256,26,23,11846072320,36,0.13473192189034217,0.19101727169633534
EleutherAI/pythia-12b,257,step256,26,24,11846072320,36,0.12954348442634123,0.14785021192788536
EleutherAI/pythia-12b,257,step256,26,25,11846072320,36,0.13429349895801626,0.14338915533870006
EleutherAI/pythia-12b,257,step256,26,26,11846072320,36,0.12679969613348038,0.19032683050645896
EleutherAI/pythia-12b,257,step256,26,27,11846072320,36,0.12032732626216275,0.24468549808582382
EleutherAI/pythia-12b,257,step256,26,28,11846072320,36,0.11144874767363962,0.1455990189334025
EleutherAI/pythia-12b,257,step256,26,29,11846072320,36,0.12691057482370738,0.14242110193033025
EleutherAI/pythia-12b,257,step256,26,30,11846072320,36,0.09983933839510686,0.19361014596211745
EleutherAI/pythia-12b,257,step256,26,31,11846072320,36,0.1476585659346691,0.17415110224874703
EleutherAI/pythia-12b,257,step256,26,32,11846072320,36,0.10992323126442524,0.18927099017073976
EleutherAI/pythia-12b,257,step256,26,33,11846072320,36,0.13874438040338832,0.1792744978781308
EleutherAI/pythia-12b,257,step256,26,34,11846072320,36,0.11860463859418308,0.13236660800046388
EleutherAI/pythia-12b,257,step256,26,35,11846072320,36,0.11732475588786168,0.08594370395359062
EleutherAI/pythia-12b,257,step256,26,36,11846072320,36,0.15220143762906568,0.08055211912963658
EleutherAI/pythia-12b,257,step256,26,37,11846072320,36,0.17088692352824558,0.16915002712482086
EleutherAI/pythia-12b,257,step256,26,38,11846072320,36,0.0982057395483459,0.25487460322012456
EleutherAI/pythia-12b,257,step256,26,39,11846072320,36,0.1265856421695233,0.15257185501362508
EleutherAI/pythia-12b,257,step256,26,40,11846072320,36,0.12247401895421041,0.22426416840706317
EleutherAI/pythia-12b,257,step256,27,1,11846072320,36,0.11660361215024735,0.11545676292778848
EleutherAI/pythia-12b,257,step256,27,2,11846072320,36,0.09905012560499318,0.2237791910504659
EleutherAI/pythia-12b,257,step256,27,3,11846072320,36,0.11834979432358125,0.10234903591173185
EleutherAI/pythia-12b,257,step256,27,4,11846072320,36,0.10804960952775253,0.1278816327346382
EleutherAI/pythia-12b,257,step256,27,5,11846072320,36,0.1460845256475983,0.11027388007718472
EleutherAI/pythia-12b,257,step256,27,6,11846072320,36,0.1015713060213191,0.19427890864735067
EleutherAI/pythia-12b,257,step256,27,7,11846072320,36,0.12904583419989174,0.16006203295030927
EleutherAI/pythia-12b,257,step256,27,8,11846072320,36,0.12956798273521855,0.19332151644507994
EleutherAI/pythia-12b,257,step256,27,9,11846072320,36,0.08985930039930536,0.23117297774812834
EleutherAI/pythia-12b,257,step256,27,10,11846072320,36,0.223856987269433,0.08699127721569466
EleutherAI/pythia-12b,257,step256,27,11,11846072320,36,0.12635308331823916,0.12450475390027231
EleutherAI/pythia-12b,257,step256,27,12,11846072320,36,0.08835863359775893,0.2497098704089631
EleutherAI/pythia-12b,257,step256,27,13,11846072320,36,0.11527940282435921,0.16300521170099572
EleutherAI/pythia-12b,257,step256,27,14,11846072320,36,0.13220824754878024,0.10402603652440119
EleutherAI/pythia-12b,257,step256,27,15,11846072320,36,0.1294261559637056,0.16082460647197183
EleutherAI/pythia-12b,257,step256,27,16,11846072320,36,0.11153460258489342,0.13871392327732773
EleutherAI/pythia-12b,257,step256,27,17,11846072320,36,0.1249733803396647,0.1698795479551718
EleutherAI/pythia-12b,257,step256,27,18,11846072320,36,0.12656089599179968,0.1690283213146366
EleutherAI/pythia-12b,257,step256,27,19,11846072320,36,0.15808777970348567,0.13261769072071564
EleutherAI/pythia-12b,257,step256,27,20,11846072320,36,0.1054679594889238,0.1702203600032551
EleutherAI/pythia-12b,257,step256,27,21,11846072320,36,0.1302906298176483,0.10395388170103496
EleutherAI/pythia-12b,257,step256,27,22,11846072320,36,0.12219415582134734,0.13758818474640175
EleutherAI/pythia-12b,257,step256,27,23,11846072320,36,0.12823438733346287,0.1581086820584383
EleutherAI/pythia-12b,257,step256,27,24,11846072320,36,0.11127880110766164,0.2172843219583725
EleutherAI/pythia-12b,257,step256,27,25,11846072320,36,0.11922781286878624,0.14099890751031421
EleutherAI/pythia-12b,257,step256,27,26,11846072320,36,0.094121901779897,0.2554142514786294
EleutherAI/pythia-12b,257,step256,27,27,11846072320,36,0.10753112504756572,0.264914221479907
EleutherAI/pythia-12b,257,step256,27,28,11846072320,36,0.11877646402934108,0.1331937257759832
EleutherAI/pythia-12b,257,step256,27,29,11846072320,36,0.1180264276002083,0.13215517067817503
EleutherAI/pythia-12b,257,step256,27,30,11846072320,36,0.12423003989050871,0.15864587643717945
EleutherAI/pythia-12b,257,step256,27,31,11846072320,36,0.10128626780019503,0.15572394150960905
EleutherAI/pythia-12b,257,step256,27,32,11846072320,36,0.11101167573518039,0.19943452315466537
EleutherAI/pythia-12b,257,step256,27,33,11846072320,36,0.11549778481492315,0.20205264103349976
EleutherAI/pythia-12b,257,step256,27,34,11846072320,36,0.10057763831393493,0.219748876700821
EleutherAI/pythia-12b,257,step256,27,35,11846072320,36,0.11653116350999103,0.1991224118617472
EleutherAI/pythia-12b,257,step256,27,36,11846072320,36,0.10510880911202578,0.141143694598306
EleutherAI/pythia-12b,257,step256,27,37,11846072320,36,0.09593324733523273,0.11410803105066843
EleutherAI/pythia-12b,257,step256,27,38,11846072320,36,0.09576611311172128,0.11963267149207914
EleutherAI/pythia-12b,257,step256,27,39,11846072320,36,0.14258165264854555,0.13089231643322347
EleutherAI/pythia-12b,257,step256,27,40,11846072320,36,0.12169375829398628,0.07334346866498029
EleutherAI/pythia-12b,257,step256,28,1,11846072320,36,0.10769610819560625,0.2857214012924391
EleutherAI/pythia-12b,257,step256,28,2,11846072320,36,0.18369590255568868,0.13897907802437962
EleutherAI/pythia-12b,257,step256,28,3,11846072320,36,0.11530942241898971,0.24560114450461867
EleutherAI/pythia-12b,257,step256,28,4,11846072320,36,0.13689021183899389,0.1281294550707524
EleutherAI/pythia-12b,257,step256,28,5,11846072320,36,0.1151705867199747,0.14729430506917623
EleutherAI/pythia-12b,257,step256,28,6,11846072320,36,0.12916886015563037,0.11913076825943343
EleutherAI/pythia-12b,257,step256,28,7,11846072320,36,0.13551895168271505,0.11110209728739369
EleutherAI/pythia-12b,257,step256,28,8,11846072320,36,0.09475143266109012,0.17275793564033218
EleutherAI/pythia-12b,257,step256,28,9,11846072320,36,0.11247456109000215,0.1571941867137926
EleutherAI/pythia-12b,257,step256,28,10,11846072320,36,0.09899938951439413,0.17389597972245274
EleutherAI/pythia-12b,257,step256,28,11,11846072320,36,0.11898253689444543,0.20438558722121844
EleutherAI/pythia-12b,257,step256,28,12,11846072320,36,0.11823928134387227,0.23430583276995665
EleutherAI/pythia-12b,257,step256,28,13,11846072320,36,0.12552240696755254,0.17779298842669244
EleutherAI/pythia-12b,257,step256,28,14,11846072320,36,0.11433457848881633,0.1994609047040656
EleutherAI/pythia-12b,257,step256,28,15,11846072320,36,0.10361386592536266,0.20402889714685374
EleutherAI/pythia-12b,257,step256,28,16,11846072320,36,0.1454143741086975,0.12181032062773854
EleutherAI/pythia-12b,257,step256,28,17,11846072320,36,0.11470306683443594,0.1385804083891906
EleutherAI/pythia-12b,257,step256,28,18,11846072320,36,0.11521339465726957,0.10521027478235616
EleutherAI/pythia-12b,257,step256,28,19,11846072320,36,0.14434661213364502,0.11388519126362535
EleutherAI/pythia-12b,257,step256,28,20,11846072320,36,0.16801634038918767,0.09837424216299753
EleutherAI/pythia-12b,257,step256,28,21,11846072320,36,0.12524185708357582,0.12207710560601391
EleutherAI/pythia-12b,257,step256,28,22,11846072320,36,0.0893615441195465,0.18424804722638544
EleutherAI/pythia-12b,257,step256,28,23,11846072320,36,0.13898290393387408,0.12044148055092614
EleutherAI/pythia-12b,257,step256,28,24,11846072320,36,0.12331695413893762,0.17526600209229787
EleutherAI/pythia-12b,257,step256,28,25,11846072320,36,0.10991779872839959,0.11427717903131117
EleutherAI/pythia-12b,257,step256,28,26,11846072320,36,0.12791967390849063,0.1301540757722414
EleutherAI/pythia-12b,257,step256,28,27,11846072320,36,0.10342714799059041,0.2266702337005922
EleutherAI/pythia-12b,257,step256,28,28,11846072320,36,0.13616514893377324,0.18320413836901694
EleutherAI/pythia-12b,257,step256,28,29,11846072320,36,0.13394319319219378,0.1399688675451475
EleutherAI/pythia-12b,257,step256,28,30,11846072320,36,0.10790450932519567,0.19774460077688497
EleutherAI/pythia-12b,257,step256,28,31,11846072320,36,0.08930085503493429,0.18352129260307404
EleutherAI/pythia-12b,257,step256,28,32,11846072320,36,0.11986831975569413,0.20437223681279484
EleutherAI/pythia-12b,257,step256,28,33,11846072320,36,0.13921438267750957,0.1903695492073893
EleutherAI/pythia-12b,257,step256,28,34,11846072320,36,0.1446652970033454,0.12120406570433223
EleutherAI/pythia-12b,257,step256,28,35,11846072320,36,0.11700875005284851,0.07495918455491728
EleutherAI/pythia-12b,257,step256,28,36,11846072320,36,0.124629552904013,0.17892805040274204
EleutherAI/pythia-12b,257,step256,28,37,11846072320,36,0.13604458368330205,0.09048447775578977
EleutherAI/pythia-12b,257,step256,28,38,11846072320,36,0.08734159305965798,0.31041192382646793
EleutherAI/pythia-12b,257,step256,28,39,11846072320,36,0.1318698270224012,0.09726428470711357
EleutherAI/pythia-12b,257,step256,28,40,11846072320,36,0.11216669102330819,0.16868061409261934
EleutherAI/pythia-12b,257,step256,29,1,11846072320,36,0.13431115229208543,0.07415520818065009
EleutherAI/pythia-12b,257,step256,29,2,11846072320,36,0.1333477164397726,0.1713227646106535
EleutherAI/pythia-12b,257,step256,29,3,11846072320,36,0.1260389889514929,0.1392614226872185
EleutherAI/pythia-12b,257,step256,29,4,11846072320,36,0.13203662720036216,0.13580995960323297
EleutherAI/pythia-12b,257,step256,29,5,11846072320,36,0.1222671803154118,0.11325111398725086
EleutherAI/pythia-12b,257,step256,29,6,11846072320,36,0.11679667775874376,0.11461956250305107
EleutherAI/pythia-12b,257,step256,29,7,11846072320,36,0.13120613587802055,0.20083142352198155
EleutherAI/pythia-12b,257,step256,29,8,11846072320,36,0.1292330990000082,0.15476674906204677
EleutherAI/pythia-12b,257,step256,29,9,11846072320,36,0.10772309233588316,0.1789871779978051
EleutherAI/pythia-12b,257,step256,29,10,11846072320,36,0.10316073578466341,0.1728044437613707
EleutherAI/pythia-12b,257,step256,29,11,11846072320,36,0.11974900913377241,0.13942694998214816
EleutherAI/pythia-12b,257,step256,29,12,11846072320,36,0.08778914111154569,0.25342665554524896
EleutherAI/pythia-12b,257,step256,29,13,11846072320,36,0.10884547790697024,0.1111106883843538
EleutherAI/pythia-12b,257,step256,29,14,11846072320,36,0.1392289180722501,0.09074033204852054
EleutherAI/pythia-12b,257,step256,29,15,11846072320,36,0.13794611862583736,0.14006512453527864
EleutherAI/pythia-12b,257,step256,29,16,11846072320,36,0.12779982750480234,0.20203154660515238
EleutherAI/pythia-12b,257,step256,29,17,11846072320,36,0.11640955875529806,0.26566934428672795
EleutherAI/pythia-12b,257,step256,29,18,11846072320,36,0.10224211580391308,0.2840812916226976
EleutherAI/pythia-12b,257,step256,29,19,11846072320,36,0.10481171307710552,0.20149596661396388
EleutherAI/pythia-12b,257,step256,29,20,11846072320,36,0.1350458010964028,0.11720892897172192
EleutherAI/pythia-12b,257,step256,29,21,11846072320,36,0.08286841436605281,0.12489819849978334
EleutherAI/pythia-12b,257,step256,29,22,11846072320,36,0.12114322460717979,0.09923016147369196
EleutherAI/pythia-12b,257,step256,29,23,11846072320,36,0.11151043697632286,0.10668825203211632
EleutherAI/pythia-12b,257,step256,29,24,11846072320,36,0.11975215415696835,0.19345617099237197
EleutherAI/pythia-12b,257,step256,29,25,11846072320,36,0.11576358433085694,0.17768262161148915
EleutherAI/pythia-12b,257,step256,29,26,11846072320,36,0.13822674967751306,0.11882488652728158
EleutherAI/pythia-12b,257,step256,29,27,11846072320,36,0.1530772233074223,0.09218260224953334
EleutherAI/pythia-12b,257,step256,29,28,11846072320,36,0.08700034575251572,0.09109690082860776
EleutherAI/pythia-12b,257,step256,29,29,11846072320,36,0.12139484592833673,0.1368076226956493
EleutherAI/pythia-12b,257,step256,29,30,11846072320,36,0.15448733665295186,0.10088811441416941
EleutherAI/pythia-12b,257,step256,29,31,11846072320,36,0.12120191277460647,0.16986554291088118
EleutherAI/pythia-12b,257,step256,29,32,11846072320,36,0.10788827020305766,0.23048799851624005
EleutherAI/pythia-12b,257,step256,29,33,11846072320,36,0.14937229733075102,0.14398252071572223
EleutherAI/pythia-12b,257,step256,29,34,11846072320,36,0.10848113878521023,0.2730139356117706
EleutherAI/pythia-12b,257,step256,29,35,11846072320,36,0.11599328230742037,0.16666513082624462
EleutherAI/pythia-12b,257,step256,29,36,11846072320,36,0.13727911681988392,0.12292118389411145
EleutherAI/pythia-12b,257,step256,29,37,11846072320,36,0.130726548269749,0.14975702852659573
EleutherAI/pythia-12b,257,step256,29,38,11846072320,36,0.1343288110239101,0.13847205364466963
EleutherAI/pythia-12b,257,step256,29,39,11846072320,36,0.09765098962440591,0.13610570418282042
EleutherAI/pythia-12b,257,step256,29,40,11846072320,36,0.10458814752967772,0.11580810317204696
EleutherAI/pythia-12b,257,step256,30,1,11846072320,36,0.12913384117946786,0.210681003465264
EleutherAI/pythia-12b,257,step256,30,2,11846072320,36,0.12813182761920638,0.11395802524209286
EleutherAI/pythia-12b,257,step256,30,3,11846072320,36,0.1268094597054315,0.15862513923676339
EleutherAI/pythia-12b,257,step256,30,4,11846072320,36,0.1077636799330378,0.18715588371171513
EleutherAI/pythia-12b,257,step256,30,5,11846072320,36,0.09969726574045039,0.11808489701590376
EleutherAI/pythia-12b,257,step256,30,6,11846072320,36,0.11681663680698595,0.19670379192319445
EleutherAI/pythia-12b,257,step256,30,7,11846072320,36,0.11160259991996098,0.1483713517038224
EleutherAI/pythia-12b,257,step256,30,8,11846072320,36,0.0674958902190218,0.29346434853959813
EleutherAI/pythia-12b,257,step256,30,9,11846072320,36,0.13069425052865305,0.16184640633272332
EleutherAI/pythia-12b,257,step256,30,10,11846072320,36,0.1230339237653815,0.23399226091432943
EleutherAI/pythia-12b,257,step256,30,11,11846072320,36,0.13139291539475004,0.13115760335536508
EleutherAI/pythia-12b,257,step256,30,12,11846072320,36,0.09250739207575177,0.17270733621922338
EleutherAI/pythia-12b,257,step256,30,13,11846072320,36,0.12355858965164365,0.15831844195689967
EleutherAI/pythia-12b,257,step256,30,14,11846072320,36,0.12420689939400988,0.17376320391848635
EleutherAI/pythia-12b,257,step256,30,15,11846072320,36,0.1249025485788782,0.1498470593540294
EleutherAI/pythia-12b,257,step256,30,16,11846072320,36,0.11085701100640107,0.1801452465780504
EleutherAI/pythia-12b,257,step256,30,17,11846072320,36,0.11690006895108261,0.18045252442427043
EleutherAI/pythia-12b,257,step256,30,18,11846072320,36,0.09502848978336147,0.22273781765028605
EleutherAI/pythia-12b,257,step256,30,19,11846072320,36,0.12342707282239875,0.2009384778381378
EleutherAI/pythia-12b,257,step256,30,20,11846072320,36,0.14371895190473788,0.1503203341502461
EleutherAI/pythia-12b,257,step256,30,21,11846072320,36,0.10762704284050618,0.1819959531647262
EleutherAI/pythia-12b,257,step256,30,22,11846072320,36,0.10890225489979029,0.2993594115353874
EleutherAI/pythia-12b,257,step256,30,23,11846072320,36,0.13581652205448605,0.0915235002684566
EleutherAI/pythia-12b,257,step256,30,24,11846072320,36,0.1265338799348464,0.10038840968732357
EleutherAI/pythia-12b,257,step256,30,25,11846072320,36,0.12124150632335255,0.19740981727491713
EleutherAI/pythia-12b,257,step256,30,26,11846072320,36,0.09964964136917576,0.14205446986442388
EleutherAI/pythia-12b,257,step256,30,27,11846072320,36,0.10651916239757434,0.12540045198522973
EleutherAI/pythia-12b,257,step256,30,28,11846072320,36,0.12033775762036751,0.12828612938389045
EleutherAI/pythia-12b,257,step256,30,29,11846072320,36,0.12671927121599333,0.1370219272692819
EleutherAI/pythia-12b,257,step256,30,30,11846072320,36,0.10551929539321238,0.20922953662023436
EleutherAI/pythia-12b,257,step256,30,31,11846072320,36,0.1604944891366246,0.09349803152206061
EleutherAI/pythia-12b,257,step256,30,32,11846072320,36,0.11086466408952753,0.15495833015634308
EleutherAI/pythia-12b,257,step256,30,33,11846072320,36,0.11908028500753118,0.09937989534446602
EleutherAI/pythia-12b,257,step256,30,34,11846072320,36,0.12653233831910574,0.15325335735964163
EleutherAI/pythia-12b,257,step256,30,35,11846072320,36,0.16562083555950413,0.11120697781275786
EleutherAI/pythia-12b,257,step256,30,36,11846072320,36,0.1503727873199963,0.18794358386616175
EleutherAI/pythia-12b,257,step256,30,37,11846072320,36,0.14768271313773257,0.1157302865422926
EleutherAI/pythia-12b,257,step256,30,38,11846072320,36,0.144723788161088,0.1858034311393807
EleutherAI/pythia-12b,257,step256,30,39,11846072320,36,0.11518973184262843,0.16973364135032298
EleutherAI/pythia-12b,257,step256,30,40,11846072320,36,0.11169162298924658,0.09017742649503831
EleutherAI/pythia-12b,257,step256,31,1,11846072320,36,0.1392793687726105,0.20126196399733823
EleutherAI/pythia-12b,257,step256,31,2,11846072320,36,0.14664101861305417,0.1427236114469197
EleutherAI/pythia-12b,257,step256,31,3,11846072320,36,0.1093183742590002,0.1311620162134324
EleutherAI/pythia-12b,257,step256,31,4,11846072320,36,0.11154537674531828,0.12229029432655092
EleutherAI/pythia-12b,257,step256,31,5,11846072320,36,0.09987285779649248,0.2574351420458238
EleutherAI/pythia-12b,257,step256,31,6,11846072320,36,0.11202891655378151,0.11628147739883475
EleutherAI/pythia-12b,257,step256,31,7,11846072320,36,0.12872174041563858,0.128396528199673
EleutherAI/pythia-12b,257,step256,31,8,11846072320,36,0.1041098771107805,0.20830908761703748
EleutherAI/pythia-12b,257,step256,31,9,11846072320,36,0.12084873139791119,0.13503023562533356
EleutherAI/pythia-12b,257,step256,31,10,11846072320,36,0.1080656973225576,0.16570089307163388
EleutherAI/pythia-12b,257,step256,31,11,11846072320,36,0.13709586563411055,0.09608671361267249
EleutherAI/pythia-12b,257,step256,31,12,11846072320,36,0.10132813116384515,0.2438872892062764
EleutherAI/pythia-12b,257,step256,31,13,11846072320,36,0.12841506611119516,0.1510682134125549
EleutherAI/pythia-12b,257,step256,31,14,11846072320,36,0.14463897485722288,0.10719200408830115
EleutherAI/pythia-12b,257,step256,31,15,11846072320,36,0.11688749029024223,0.13870211500204627
EleutherAI/pythia-12b,257,step256,31,16,11846072320,36,0.10419012269693179,0.31023342108113444
EleutherAI/pythia-12b,257,step256,31,17,11846072320,36,0.1283007957399249,0.16330357571901588
EleutherAI/pythia-12b,257,step256,31,18,11846072320,36,0.1113557222078333,0.16478029223488969
EleutherAI/pythia-12b,257,step256,31,19,11846072320,36,0.09770375516757857,0.15138296388346956
EleutherAI/pythia-12b,257,step256,31,20,11846072320,36,0.10171191252253431,0.17458880862204337
EleutherAI/pythia-12b,257,step256,31,21,11846072320,36,0.12449607841234214,0.11737693670029571
EleutherAI/pythia-12b,257,step256,31,22,11846072320,36,0.11647179231674101,0.11819536236671352
EleutherAI/pythia-12b,257,step256,31,23,11846072320,36,0.13930956312866358,0.11833938231059644
EleutherAI/pythia-12b,257,step256,31,24,11846072320,36,0.1242308123009251,0.1833550505194667
EleutherAI/pythia-12b,257,step256,31,25,11846072320,36,0.11035928095749634,0.2703635628326787
EleutherAI/pythia-12b,257,step256,31,26,11846072320,36,0.09522339061752808,0.22036928986408955
EleutherAI/pythia-12b,257,step256,31,27,11846072320,36,0.11317958538742122,0.09909116888178268
EleutherAI/pythia-12b,257,step256,31,28,11846072320,36,0.1258736982488551,0.20032928431233213
EleutherAI/pythia-12b,257,step256,31,29,11846072320,36,0.10539201304159898,0.20412227152860732
EleutherAI/pythia-12b,257,step256,31,30,11846072320,36,0.11980607894783438,0.13525561915917525
EleutherAI/pythia-12b,257,step256,31,31,11846072320,36,0.15586258703702915,0.137855089915631
EleutherAI/pythia-12b,257,step256,31,32,11846072320,36,0.1284678730744499,0.11195706572612972
EleutherAI/pythia-12b,257,step256,31,33,11846072320,36,0.13003112397550995,0.09477722086292036
EleutherAI/pythia-12b,257,step256,31,34,11846072320,36,0.09773895483430438,0.3056833980319736
EleutherAI/pythia-12b,257,step256,31,35,11846072320,36,0.11498194502795239,0.22531766910385617
EleutherAI/pythia-12b,257,step256,31,36,11846072320,36,0.14549764518153377,0.17872046230657318
EleutherAI/pythia-12b,257,step256,31,37,11846072320,36,0.10709481636291594,0.19800302719658197
EleutherAI/pythia-12b,257,step256,31,38,11846072320,36,0.11861754474495799,0.2190004610610348
EleutherAI/pythia-12b,257,step256,31,39,11846072320,36,0.10157451722155637,0.1785617036515617
EleutherAI/pythia-12b,257,step256,31,40,11846072320,36,0.14680173556815393,0.10316086807581885
EleutherAI/pythia-12b,257,step256,32,1,11846072320,36,0.11718218483299281,0.2118622253903442
EleutherAI/pythia-12b,257,step256,32,2,11846072320,36,0.12408461650503465,0.1182958739376193
EleutherAI/pythia-12b,257,step256,32,3,11846072320,36,0.10096698351674248,0.14998761651752227
EleutherAI/pythia-12b,257,step256,32,4,11846072320,36,0.12164378933071548,0.1213725130926739
EleutherAI/pythia-12b,257,step256,32,5,11846072320,36,0.1014944839210168,0.35764374248347836
EleutherAI/pythia-12b,257,step256,32,6,11846072320,36,0.10038941453683659,0.21918836500014624
EleutherAI/pythia-12b,257,step256,32,7,11846072320,36,0.12702523773765417,0.13385940040251956
EleutherAI/pythia-12b,257,step256,32,8,11846072320,36,0.12235818076151624,0.18753074342804446
EleutherAI/pythia-12b,257,step256,32,9,11846072320,36,0.1416826236198793,0.13230204892235695
EleutherAI/pythia-12b,257,step256,32,10,11846072320,36,0.073970584109336,0.1864406778379245
EleutherAI/pythia-12b,257,step256,32,11,11846072320,36,0.11010403711315207,0.20915232026283892
EleutherAI/pythia-12b,257,step256,32,12,11846072320,36,0.14817628664364502,0.09065171929395141
EleutherAI/pythia-12b,257,step256,32,13,11846072320,36,0.12185414976722839,0.20417979261180655
EleutherAI/pythia-12b,257,step256,32,14,11846072320,36,0.09976067414714226,0.33561411958926163
EleutherAI/pythia-12b,257,step256,32,15,11846072320,36,0.13637447919327392,0.09809806947554416
EleutherAI/pythia-12b,257,step256,32,16,11846072320,36,0.14365163132514766,0.22986142540367333
EleutherAI/pythia-12b,257,step256,32,17,11846072320,36,0.11629819598149604,0.1148143543920538
EleutherAI/pythia-12b,257,step256,32,18,11846072320,36,0.1476312062840114,0.1569704842493609
EleutherAI/pythia-12b,257,step256,32,19,11846072320,36,0.11693712049541437,0.24134945231783494
EleutherAI/pythia-12b,257,step256,32,20,11846072320,36,0.10963011820808989,0.17206817033893618
EleutherAI/pythia-12b,257,step256,32,21,11846072320,36,0.14704105706588996,0.18672878244002386
EleutherAI/pythia-12b,257,step256,32,22,11846072320,36,0.1324271853599283,0.11756360586508881
EleutherAI/pythia-12b,257,step256,32,23,11846072320,36,0.10480956695750128,0.0914335872141739
EleutherAI/pythia-12b,257,step256,32,24,11846072320,36,0.10962457020764232,0.1518436932276274
EleutherAI/pythia-12b,257,step256,32,25,11846072320,36,0.10570285895240822,0.13746823642581876
EleutherAI/pythia-12b,257,step256,32,26,11846072320,36,0.09869752215171178,0.30069653661334295
EleutherAI/pythia-12b,257,step256,32,27,11846072320,36,0.11517003330181128,0.1230645114751728
EleutherAI/pythia-12b,257,step256,32,28,11846072320,36,0.14306463854381804,0.1592022974922268
EleutherAI/pythia-12b,257,step256,32,29,11846072320,36,0.12266510956034105,0.13264364814078122
EleutherAI/pythia-12b,257,step256,32,30,11846072320,36,0.1207256381911737,0.13909505955684737
EleutherAI/pythia-12b,257,step256,32,31,11846072320,36,0.08551559165992711,0.30009913075625805
EleutherAI/pythia-12b,257,step256,32,32,11846072320,36,0.11254867640052646,0.25651193938466965
EleutherAI/pythia-12b,257,step256,32,33,11846072320,36,0.11680780843951856,0.1401294605112872
EleutherAI/pythia-12b,257,step256,32,34,11846072320,36,0.08722535220419497,0.14726239545746247
EleutherAI/pythia-12b,257,step256,32,35,11846072320,36,0.10522081645893616,0.2030865899972371
EleutherAI/pythia-12b,257,step256,32,36,11846072320,36,0.10473558136650746,0.20380271530175975
EleutherAI/pythia-12b,257,step256,32,37,11846072320,36,0.12689798634063013,0.20852091408673076
EleutherAI/pythia-12b,257,step256,32,38,11846072320,36,0.13530082598485205,0.10426011653868729
EleutherAI/pythia-12b,257,step256,32,39,11846072320,36,0.105303170195817,0.09166429985549532
EleutherAI/pythia-12b,257,step256,32,40,11846072320,36,0.16251209894525212,0.08747710595215043
EleutherAI/pythia-12b,257,step256,33,1,11846072320,36,0.14291478053026188,0.10376551289771407
EleutherAI/pythia-12b,257,step256,33,2,11846072320,36,0.24472653534677288,0.08272397509627823
EleutherAI/pythia-12b,257,step256,33,3,11846072320,36,0.12961644957306323,0.16184503550979643
EleutherAI/pythia-12b,257,step256,33,4,11846072320,36,0.1321445510026302,0.14533012620713165
EleutherAI/pythia-12b,257,step256,33,5,11846072320,36,0.1807936635036189,0.10408361056713276
EleutherAI/pythia-12b,257,step256,33,6,11846072320,36,0.1093436159115206,0.1168526855490363
EleutherAI/pythia-12b,257,step256,33,7,11846072320,36,0.11934181184482731,0.166018011940604
EleutherAI/pythia-12b,257,step256,33,8,11846072320,36,0.12294590186506685,0.1415645114506955
EleutherAI/pythia-12b,257,step256,33,9,11846072320,36,0.13635045876474794,0.09370482881209465
EleutherAI/pythia-12b,257,step256,33,10,11846072320,36,0.14001088419945923,0.10167064312733594
EleutherAI/pythia-12b,257,step256,33,11,11846072320,36,0.11199674748063262,0.22867577047822796
EleutherAI/pythia-12b,257,step256,33,12,11846072320,36,0.12280860947663179,0.11705111392826822
EleutherAI/pythia-12b,257,step256,33,13,11846072320,36,0.10807616706076144,0.2242960068439175
EleutherAI/pythia-12b,257,step256,33,14,11846072320,36,0.1525326439769597,0.12225364471922762
EleutherAI/pythia-12b,257,step256,33,15,11846072320,36,0.1454128611562969,0.08389453275000544
EleutherAI/pythia-12b,257,step256,33,16,11846072320,36,0.14761260382316488,0.08521405557819356
EleutherAI/pythia-12b,257,step256,33,17,11846072320,36,0.11882597791148462,0.15790985214213527
EleutherAI/pythia-12b,257,step256,33,18,11846072320,36,0.10114776496929266,0.18901696935430298
EleutherAI/pythia-12b,257,step256,33,19,11846072320,36,0.17495809897064443,0.1287076882178987
EleutherAI/pythia-12b,257,step256,33,20,11846072320,36,0.10409060742023646,0.19873649991948053
EleutherAI/pythia-12b,257,step256,33,21,11846072320,36,0.15562244569015748,0.1190499583169728
EleutherAI/pythia-12b,257,step256,33,22,11846072320,36,0.10610675707168582,0.21915829681173277
EleutherAI/pythia-12b,257,step256,33,23,11846072320,36,0.09960067737008534,0.2615995590795983
EleutherAI/pythia-12b,257,step256,33,24,11846072320,36,0.1065975368727703,0.1858847785696342
EleutherAI/pythia-12b,257,step256,33,25,11846072320,36,0.1593908840572243,0.11356292220039496
EleutherAI/pythia-12b,257,step256,33,26,11846072320,36,0.08863534243615177,0.2934257854055893
EleutherAI/pythia-12b,257,step256,33,27,11846072320,36,0.11599637622254205,0.13013886457851695
EleutherAI/pythia-12b,257,step256,33,28,11846072320,36,0.14315377983233857,0.17403015195512328
EleutherAI/pythia-12b,257,step256,33,29,11846072320,36,0.1111103431251761,0.11698615586234101
EleutherAI/pythia-12b,257,step256,33,30,11846072320,36,0.1288360643225747,0.08116525758124951
EleutherAI/pythia-12b,257,step256,33,31,11846072320,36,0.13084966418621413,0.1256997724953065
EleutherAI/pythia-12b,257,step256,33,32,11846072320,36,0.10593311352146276,0.12098479479573686
EleutherAI/pythia-12b,257,step256,33,33,11846072320,36,0.12610944724073994,0.14099027973238945
EleutherAI/pythia-12b,257,step256,33,34,11846072320,36,0.12387132281633285,0.15510636946192013
EleutherAI/pythia-12b,257,step256,33,35,11846072320,36,0.11688006992588884,0.1179530356560383
EleutherAI/pythia-12b,257,step256,33,36,11846072320,36,0.1609723527018014,0.14675911943436604
EleutherAI/pythia-12b,257,step256,33,37,11846072320,36,0.0979728763251825,0.3814461022662977
EleutherAI/pythia-12b,257,step256,33,38,11846072320,36,0.1103247909585724,0.14395108294614528
EleutherAI/pythia-12b,257,step256,33,39,11846072320,36,0.1398693300257842,0.12937925329890557
EleutherAI/pythia-12b,257,step256,33,40,11846072320,36,0.13439233463632314,0.09492743227004374
EleutherAI/pythia-12b,257,step256,34,1,11846072320,36,0.18223591532569386,0.10088241379847886
EleutherAI/pythia-12b,257,step256,34,2,11846072320,36,0.11649212330948926,0.24634963080745645
EleutherAI/pythia-12b,257,step256,34,3,11846072320,36,0.11543920802304869,0.1457724916013153
EleutherAI/pythia-12b,257,step256,34,4,11846072320,36,0.10690980606541794,0.12081102441783778
EleutherAI/pythia-12b,257,step256,34,5,11846072320,36,0.15962813101015288,0.09834292128279398
EleutherAI/pythia-12b,257,step256,34,6,11846072320,36,0.11523287057563344,0.24698960535821163
EleutherAI/pythia-12b,257,step256,34,7,11846072320,36,0.15463370597689177,0.11394069055738566
EleutherAI/pythia-12b,257,step256,34,8,11846072320,36,0.12202227588284298,0.18537475195833597
EleutherAI/pythia-12b,257,step256,34,9,11846072320,36,0.14636547640860972,0.1479790520661317
EleutherAI/pythia-12b,257,step256,34,10,11846072320,36,0.12441052922660162,0.21127965678558777
EleutherAI/pythia-12b,257,step256,34,11,11846072320,36,0.11331038024869405,0.13611562815760525
EleutherAI/pythia-12b,257,step256,34,12,11846072320,36,0.11934923402428085,0.16580624450501555
EleutherAI/pythia-12b,257,step256,34,13,11846072320,36,0.10536623631489345,0.164512894544247
EleutherAI/pythia-12b,257,step256,34,14,11846072320,36,0.1307852232196667,0.12187128789253059
EleutherAI/pythia-12b,257,step256,34,15,11846072320,36,0.11917134537151801,0.12276804873960329
EleutherAI/pythia-12b,257,step256,34,16,11846072320,36,0.10747615840878927,0.2504292861348739
EleutherAI/pythia-12b,257,step256,34,17,11846072320,36,0.11772648176295795,0.25829675170248956
EleutherAI/pythia-12b,257,step256,34,18,11846072320,36,0.1161097978149448,0.20692423867291065
EleutherAI/pythia-12b,257,step256,34,19,11846072320,36,0.11025848229032553,0.23540237492548896
EleutherAI/pythia-12b,257,step256,34,20,11846072320,36,0.3934945247105292,0.09815046448517843
EleutherAI/pythia-12b,257,step256,34,21,11846072320,36,0.1415092231196773,0.13316944602586034
EleutherAI/pythia-12b,257,step256,34,22,11846072320,36,0.1319667514044422,0.21356320598473147
EleutherAI/pythia-12b,257,step256,34,23,11846072320,36,0.11450243396153138,0.1425592767678805
EleutherAI/pythia-12b,257,step256,34,24,11846072320,36,0.13619943246155883,0.10590048278919655
EleutherAI/pythia-12b,257,step256,34,25,11846072320,36,0.11424244629840052,0.10233045935731477
EleutherAI/pythia-12b,257,step256,34,26,11846072320,36,0.10635850002413035,0.16704763060116817
EleutherAI/pythia-12b,257,step256,34,27,11846072320,36,0.09732854241007437,0.20734821476165324
EleutherAI/pythia-12b,257,step256,34,28,11846072320,36,0.12627646052935815,0.1456444566235975
EleutherAI/pythia-12b,257,step256,34,29,11846072320,36,0.1356663910543417,0.121174885866207
EleutherAI/pythia-12b,257,step256,34,30,11846072320,36,0.12197890636083238,0.10075904267026224
EleutherAI/pythia-12b,257,step256,34,31,11846072320,36,0.14172197724538696,0.11182726863715738
EleutherAI/pythia-12b,257,step256,34,32,11846072320,36,0.13054504293623984,0.10068139051123555
EleutherAI/pythia-12b,257,step256,34,33,11846072320,36,0.1556696574519704,0.1331584801164654
EleutherAI/pythia-12b,257,step256,34,34,11846072320,36,0.12582807320061026,0.1886232366754642
EleutherAI/pythia-12b,257,step256,34,35,11846072320,36,0.13965942327481307,0.18603618622284837
EleutherAI/pythia-12b,257,step256,34,36,11846072320,36,0.08729577366564721,0.1714368381176714
EleutherAI/pythia-12b,257,step256,34,37,11846072320,36,0.13915174606035238,0.13067994716468154
EleutherAI/pythia-12b,257,step256,34,38,11846072320,36,0.11096734934215158,0.11296886118693839
EleutherAI/pythia-12b,257,step256,34,39,11846072320,36,0.11204899092101384,0.26312838310470893
EleutherAI/pythia-12b,257,step256,34,40,11846072320,36,0.11788392631342635,0.23983301470117702
EleutherAI/pythia-12b,257,step256,35,1,11846072320,36,0.1288053946396162,0.13935846083604533
EleutherAI/pythia-12b,257,step256,35,2,11846072320,36,0.12457232436237925,0.16068629989283037
EleutherAI/pythia-12b,257,step256,35,3,11846072320,36,0.15349016592533019,0.11350573245827496
EleutherAI/pythia-12b,257,step256,35,4,11846072320,36,0.13768307105064745,0.11330912607322043
EleutherAI/pythia-12b,257,step256,35,5,11846072320,36,0.13719902359307165,0.15579017203905288
EleutherAI/pythia-12b,257,step256,35,6,11846072320,36,0.1529117283039354,0.1599332225346775
EleutherAI/pythia-12b,257,step256,35,7,11846072320,36,0.14537937404985002,0.0952904067944746
EleutherAI/pythia-12b,257,step256,35,8,11846072320,36,0.12060670467378852,0.20595422113040185
EleutherAI/pythia-12b,257,step256,35,9,11846072320,36,0.12754943618948034,0.1114652105061723
EleutherAI/pythia-12b,257,step256,35,10,11846072320,36,0.12462301925943416,0.1964615385842372
EleutherAI/pythia-12b,257,step256,35,11,11846072320,36,0.14061707851138555,0.13067842416280692
EleutherAI/pythia-12b,257,step256,35,12,11846072320,36,0.12462765760943513,0.1048012929842681
EleutherAI/pythia-12b,257,step256,35,13,11846072320,36,0.2002299966642985,0.1167740898973143
EleutherAI/pythia-12b,257,step256,35,14,11846072320,36,0.17131085309560767,0.1008367625627297
EleutherAI/pythia-12b,257,step256,35,15,11846072320,36,0.1341536214614326,0.20787134265118798
EleutherAI/pythia-12b,257,step256,35,16,11846072320,36,0.12475585102386119,0.19132838571058197
EleutherAI/pythia-12b,257,step256,35,17,11846072320,36,0.10880930761753524,0.12093247099312482
EleutherAI/pythia-12b,257,step256,35,18,11846072320,36,0.13058213237393362,0.11996439917924791
EleutherAI/pythia-12b,257,step256,35,19,11846072320,36,0.1368365009950177,0.10031587319510114
EleutherAI/pythia-12b,257,step256,35,20,11846072320,36,0.14647812080253528,0.14983109588938964
EleutherAI/pythia-12b,257,step256,35,21,11846072320,36,0.14719170821388738,0.11180670115000399
EleutherAI/pythia-12b,257,step256,35,22,11846072320,36,0.11057405985958937,0.15207812686761216
EleutherAI/pythia-12b,257,step256,35,23,11846072320,36,0.12060385129719342,0.09795781887519552
EleutherAI/pythia-12b,257,step256,35,24,11846072320,36,0.06941723175816704,0.12983947650000852
EleutherAI/pythia-12b,257,step256,35,25,11846072320,36,0.11252322795803657,0.15945009876031413
EleutherAI/pythia-12b,257,step256,35,26,11846072320,36,0.12221527536743661,0.20809695757813634
EleutherAI/pythia-12b,257,step256,35,27,11846072320,36,0.12417769875075362,0.17971480268615855
EleutherAI/pythia-12b,257,step256,35,28,11846072320,36,0.10924362645459332,0.17213851920477258
EleutherAI/pythia-12b,257,step256,35,29,11846072320,36,0.11898076647819875,0.13027175245163314
EleutherAI/pythia-12b,257,step256,35,30,11846072320,36,0.13555205084226865,0.10730962049182467
EleutherAI/pythia-12b,257,step256,35,31,11846072320,36,0.16320241693485601,0.08518411369306274
EleutherAI/pythia-12b,257,step256,35,32,11846072320,36,0.1140273335325467,0.3282689752641718
EleutherAI/pythia-12b,257,step256,35,33,11846072320,36,0.14550375234190224,0.15717861532057456
EleutherAI/pythia-12b,257,step256,35,34,11846072320,36,0.10604111053183805,0.19864599224370158
EleutherAI/pythia-12b,257,step256,35,35,11846072320,36,0.13770407326966969,0.12742140156974838
EleutherAI/pythia-12b,257,step256,35,36,11846072320,36,0.1351206795320854,0.11420545679189864
EleutherAI/pythia-12b,257,step256,35,37,11846072320,36,0.16604245909386206,0.12769858659085653
EleutherAI/pythia-12b,257,step256,35,38,11846072320,36,0.13270600232947333,0.10216121301166821
EleutherAI/pythia-12b,257,step256,35,39,11846072320,36,0.14251760472809227,0.1506356705628984
EleutherAI/pythia-12b,257,step256,35,40,11846072320,36,0.12310475317968259,0.152031486202311
EleutherAI/pythia-12b,257,step256,36,1,11846072320,36,0.12555183009342383,0.1312233175573361
EleutherAI/pythia-12b,257,step256,36,2,11846072320,36,0.14167798146068508,0.12737488014170442
EleutherAI/pythia-12b,257,step256,36,3,11846072320,36,0.15933803357072057,0.09444578385187516
EleutherAI/pythia-12b,257,step256,36,4,11846072320,36,0.13594681659416927,0.16914425140901188
EleutherAI/pythia-12b,257,step256,36,5,11846072320,36,0.13312176565776712,0.09337467031536603
EleutherAI/pythia-12b,257,step256,36,6,11846072320,36,0.104454671231297,0.11164473559338225
EleutherAI/pythia-12b,257,step256,36,7,11846072320,36,0.1298325200741355,0.09937110273922613
EleutherAI/pythia-12b,257,step256,36,8,11846072320,36,0.2189835747172524,0.08959035107630997
EleutherAI/pythia-12b,257,step256,36,9,11846072320,36,0.12064838554296224,0.2479160464964471
EleutherAI/pythia-12b,257,step256,36,10,11846072320,36,0.12011580182345687,0.14981837485226107
EleutherAI/pythia-12b,257,step256,36,11,11846072320,36,0.14218080638944203,0.14415944711649198
EleutherAI/pythia-12b,257,step256,36,12,11846072320,36,0.10486536601686974,0.12637914452623494
EleutherAI/pythia-12b,257,step256,36,13,11846072320,36,0.13834666127378156,0.11469122969654494
EleutherAI/pythia-12b,257,step256,36,14,11846072320,36,0.11886763063961406,0.15210508273399848
EleutherAI/pythia-12b,257,step256,36,15,11846072320,36,0.15082152831080078,0.12029961144199239
EleutherAI/pythia-12b,257,step256,36,16,11846072320,36,0.1297226944328607,0.1849406417459249
EleutherAI/pythia-12b,257,step256,36,17,11846072320,36,0.15688806832642163,0.16885932788599625
EleutherAI/pythia-12b,257,step256,36,18,11846072320,36,0.14727283089614662,0.12327465037997058
EleutherAI/pythia-12b,257,step256,36,19,11846072320,36,0.1465686803554987,0.10191050111721671
EleutherAI/pythia-12b,257,step256,36,20,11846072320,36,0.0921687539722826,0.24970819163989194
EleutherAI/pythia-12b,257,step256,36,21,11846072320,36,0.1372576549078698,0.119603837905983
EleutherAI/pythia-12b,257,step256,36,22,11846072320,36,0.12939179516411395,0.13558173804983
EleutherAI/pythia-12b,257,step256,36,23,11846072320,36,0.12661936520612807,0.13158346562962359
EleutherAI/pythia-12b,257,step256,36,24,11846072320,36,0.21336012897459233,0.10530331311887266
EleutherAI/pythia-12b,257,step256,36,25,11846072320,36,0.12288007646933329,0.22634392075923018
EleutherAI/pythia-12b,257,step256,36,26,11846072320,36,0.13450545044587892,0.11306120514836125
EleutherAI/pythia-12b,257,step256,36,27,11846072320,36,0.11262269512199241,0.18826525020706758
EleutherAI/pythia-12b,257,step256,36,28,11846072320,36,0.18575271401364163,0.10373008387672289
EleutherAI/pythia-12b,257,step256,36,29,11846072320,36,0.16110428915479336,0.09264336236928762
EleutherAI/pythia-12b,257,step256,36,30,11846072320,36,0.12359591843084884,0.14408720715961473
EleutherAI/pythia-12b,257,step256,36,31,11846072320,36,0.1548711773981382,0.18737705331295723
EleutherAI/pythia-12b,257,step256,36,32,11846072320,36,0.13350580314974164,0.15151915925222112
EleutherAI/pythia-12b,257,step256,36,33,11846072320,36,0.08190326107800137,0.2264018947532674
EleutherAI/pythia-12b,257,step256,36,34,11846072320,36,0.10251641281888825,0.27748782088135454
EleutherAI/pythia-12b,257,step256,36,35,11846072320,36,0.13387656733169923,0.15015225728425577
EleutherAI/pythia-12b,257,step256,36,36,11846072320,36,0.0970295735218145,0.20178653906706392
EleutherAI/pythia-12b,257,step256,36,37,11846072320,36,0.12969083752337693,0.11286444661792017
EleutherAI/pythia-12b,257,step256,36,38,11846072320,36,0.12530010479136,0.1173040828829793
EleutherAI/pythia-12b,257,step256,36,39,11846072320,36,0.11038799326050205,0.2028481647338684
EleutherAI/pythia-12b,257,step256,36,40,11846072320,36,0.0871489570076177,0.2965130666942075
