mpath,step_modded,revision,Layer,Head,n_params,n_layers,mean_1back,mean_first
EleutherAI/pythia-12b,65,step64,1,1,11846072320,36,0.1251801062241062,0.16403342787366545
EleutherAI/pythia-12b,65,step64,1,2,11846072320,36,0.12137437531830846,0.1653035449943653
EleutherAI/pythia-12b,65,step64,1,3,11846072320,36,0.1230962297937891,0.16643118112160632
EleutherAI/pythia-12b,65,step64,1,4,11846072320,36,0.12560759288714718,0.15798534486476362
EleutherAI/pythia-12b,65,step64,1,5,11846072320,36,0.12389574510355786,0.1628048143855802
EleutherAI/pythia-12b,65,step64,1,6,11846072320,36,0.12186133360081872,0.17302011103332934
EleutherAI/pythia-12b,65,step64,1,7,11846072320,36,0.12247446402851432,0.17163110314099275
EleutherAI/pythia-12b,65,step64,1,8,11846072320,36,0.1275429163273569,0.16651772431939746
EleutherAI/pythia-12b,65,step64,1,9,11846072320,36,0.1309994940307584,0.17265409494641124
EleutherAI/pythia-12b,65,step64,1,10,11846072320,36,0.12031735931788833,0.16090181648350868
EleutherAI/pythia-12b,65,step64,1,11,11846072320,36,0.12742187996470442,0.16472047028151357
EleutherAI/pythia-12b,65,step64,1,12,11846072320,36,0.13464132800429787,0.1756436566992833
EleutherAI/pythia-12b,65,step64,1,13,11846072320,36,0.12129962719786717,0.16840984742227075
EleutherAI/pythia-12b,65,step64,1,14,11846072320,36,0.11967523781409309,0.16323817487213163
EleutherAI/pythia-12b,65,step64,1,15,11846072320,36,0.11854229077092694,0.16134938892458112
EleutherAI/pythia-12b,65,step64,1,16,11846072320,36,0.12478581717791586,0.1726109491096244
EleutherAI/pythia-12b,65,step64,1,17,11846072320,36,0.12812430451570953,0.1644728395013927
EleutherAI/pythia-12b,65,step64,1,18,11846072320,36,0.13227399540421836,0.16925132450823843
EleutherAI/pythia-12b,65,step64,1,19,11846072320,36,0.12203234137111414,0.1705778347434582
EleutherAI/pythia-12b,65,step64,1,20,11846072320,36,0.12335690746346747,0.17149497565810562
EleutherAI/pythia-12b,65,step64,1,21,11846072320,36,0.11654398293309916,0.16482606406013167
EleutherAI/pythia-12b,65,step64,1,22,11846072320,36,0.13466018163696955,0.17578692833806298
EleutherAI/pythia-12b,65,step64,1,23,11846072320,36,0.11887713444248599,0.15580032462136698
EleutherAI/pythia-12b,65,step64,1,24,11846072320,36,0.12583162141376514,0.1699804300022823
EleutherAI/pythia-12b,65,step64,1,25,11846072320,36,0.12369866744410969,0.1567049776917105
EleutherAI/pythia-12b,65,step64,1,26,11846072320,36,0.11613968226991522,0.15979026309452254
EleutherAI/pythia-12b,65,step64,1,27,11846072320,36,0.12347971834522016,0.16477164086345972
EleutherAI/pythia-12b,65,step64,1,28,11846072320,36,0.11436902106859838,0.15631820439352642
EleutherAI/pythia-12b,65,step64,1,29,11846072320,36,0.11997861281462435,0.1679849824322773
EleutherAI/pythia-12b,65,step64,1,30,11846072320,36,0.12060553843977748,0.16383944667719144
EleutherAI/pythia-12b,65,step64,1,31,11846072320,36,0.12402701122803726,0.16414295065331383
EleutherAI/pythia-12b,65,step64,1,32,11846072320,36,0.12333677179954786,0.16235183269434322
EleutherAI/pythia-12b,65,step64,1,33,11846072320,36,0.12039399630873944,0.1663575725512461
EleutherAI/pythia-12b,65,step64,1,34,11846072320,36,0.12551910346849363,0.16220609398486016
EleutherAI/pythia-12b,65,step64,1,35,11846072320,36,0.12331330119254617,0.1593784685484371
EleutherAI/pythia-12b,65,step64,1,36,11846072320,36,0.1155170428024062,0.1552978080247078
EleutherAI/pythia-12b,65,step64,1,37,11846072320,36,0.12199263895831036,0.16308118633411306
EleutherAI/pythia-12b,65,step64,1,38,11846072320,36,0.12977183614396023,0.16770538677637636
EleutherAI/pythia-12b,65,step64,1,39,11846072320,36,0.12651784429130875,0.162985212401719
EleutherAI/pythia-12b,65,step64,1,40,11846072320,36,0.13086543259610817,0.1684379297848399
EleutherAI/pythia-12b,65,step64,2,1,11846072320,36,0.13352557834987341,0.1497426680415063
EleutherAI/pythia-12b,65,step64,2,2,11846072320,36,0.12378988045270553,0.17499966674425577
EleutherAI/pythia-12b,65,step64,2,3,11846072320,36,0.12377139335280062,0.15810947935726188
EleutherAI/pythia-12b,65,step64,2,4,11846072320,36,0.12360086652811042,0.15979838733178175
EleutherAI/pythia-12b,65,step64,2,5,11846072320,36,0.1289331740070436,0.16100367768346005
EleutherAI/pythia-12b,65,step64,2,6,11846072320,36,0.12722017568488553,0.16308333346614604
EleutherAI/pythia-12b,65,step64,2,7,11846072320,36,0.11331243887152127,0.167418627773185
EleutherAI/pythia-12b,65,step64,2,8,11846072320,36,0.12391889062304572,0.1587010494408172
EleutherAI/pythia-12b,65,step64,2,9,11846072320,36,0.12178826040949098,0.1659802043301475
EleutherAI/pythia-12b,65,step64,2,10,11846072320,36,0.13170183754551246,0.15404347923525546
EleutherAI/pythia-12b,65,step64,2,11,11846072320,36,0.1342650501605671,0.17354226578027004
EleutherAI/pythia-12b,65,step64,2,12,11846072320,36,0.13734448366090876,0.14393185779407572
EleutherAI/pythia-12b,65,step64,2,13,11846072320,36,0.12715302233503115,0.15873657886285678
EleutherAI/pythia-12b,65,step64,2,14,11846072320,36,0.12650396549296714,0.15294531813344436
EleutherAI/pythia-12b,65,step64,2,15,11846072320,36,0.11882696581540161,0.1475426819477532
EleutherAI/pythia-12b,65,step64,2,16,11846072320,36,0.1328362688120152,0.15516336720895477
EleutherAI/pythia-12b,65,step64,2,17,11846072320,36,0.1208681851519165,0.1715359443535765
EleutherAI/pythia-12b,65,step64,2,18,11846072320,36,0.1380537107318371,0.14040830627911616
EleutherAI/pythia-12b,65,step64,2,19,11846072320,36,0.13247800335936893,0.15102950651646105
EleutherAI/pythia-12b,65,step64,2,20,11846072320,36,0.12984175968904033,0.17721710260677798
EleutherAI/pythia-12b,65,step64,2,21,11846072320,36,0.1318062261619546,0.14370736023327246
EleutherAI/pythia-12b,65,step64,2,22,11846072320,36,0.12341120014353106,0.16462379036185973
EleutherAI/pythia-12b,65,step64,2,23,11846072320,36,0.12027062713126606,0.14444215795131501
EleutherAI/pythia-12b,65,step64,2,24,11846072320,36,0.12609561572449876,0.15655374563894825
EleutherAI/pythia-12b,65,step64,2,25,11846072320,36,0.1241360395397241,0.1707801372204367
EleutherAI/pythia-12b,65,step64,2,26,11846072320,36,0.1305075903638481,0.17455494573602712
EleutherAI/pythia-12b,65,step64,2,27,11846072320,36,0.1282812364667922,0.16296182233873785
EleutherAI/pythia-12b,65,step64,2,28,11846072320,36,0.12110965896688689,0.16731692254319558
EleutherAI/pythia-12b,65,step64,2,29,11846072320,36,0.1291982018676874,0.1632525849718231
EleutherAI/pythia-12b,65,step64,2,30,11846072320,36,0.11774045182252159,0.15384027237693465
EleutherAI/pythia-12b,65,step64,2,31,11846072320,36,0.12732847077442,0.15529114396979765
EleutherAI/pythia-12b,65,step64,2,32,11846072320,36,0.12828426732326498,0.14976278657804018
EleutherAI/pythia-12b,65,step64,2,33,11846072320,36,0.1266168890934851,0.17683885002078054
EleutherAI/pythia-12b,65,step64,2,34,11846072320,36,0.11562830643230547,0.1580184397424708
EleutherAI/pythia-12b,65,step64,2,35,11846072320,36,0.11949861861552827,0.14099009631498077
EleutherAI/pythia-12b,65,step64,2,36,11846072320,36,0.12890027467631268,0.1463991802118651
EleutherAI/pythia-12b,65,step64,2,37,11846072320,36,0.12574089680974543,0.16593850008002267
EleutherAI/pythia-12b,65,step64,2,38,11846072320,36,0.1312386094013581,0.1537360519047703
EleutherAI/pythia-12b,65,step64,2,39,11846072320,36,0.13168369047623404,0.1358058169377861
EleutherAI/pythia-12b,65,step64,2,40,11846072320,36,0.12660764666783197,0.1743023204603218
EleutherAI/pythia-12b,65,step64,3,1,11846072320,36,0.13197816116875172,0.16748186234138657
EleutherAI/pythia-12b,65,step64,3,2,11846072320,36,0.13879227327244414,0.16393970811666844
EleutherAI/pythia-12b,65,step64,3,3,11846072320,36,0.12460522100821625,0.16417266832603075
EleutherAI/pythia-12b,65,step64,3,4,11846072320,36,0.1256321270645291,0.17052212617060797
EleutherAI/pythia-12b,65,step64,3,5,11846072320,36,0.12970756953050777,0.17329180714123327
EleutherAI/pythia-12b,65,step64,3,6,11846072320,36,0.1284981568234863,0.19596922688756704
EleutherAI/pythia-12b,65,step64,3,7,11846072320,36,0.11723491799242947,0.16547473462986512
EleutherAI/pythia-12b,65,step64,3,8,11846072320,36,0.1302501453875421,0.1560511656508252
EleutherAI/pythia-12b,65,step64,3,9,11846072320,36,0.14012138419099393,0.14740221721732666
EleutherAI/pythia-12b,65,step64,3,10,11846072320,36,0.12470726824334788,0.1695330237169881
EleutherAI/pythia-12b,65,step64,3,11,11846072320,36,0.11732332938974412,0.18015532570893875
EleutherAI/pythia-12b,65,step64,3,12,11846072320,36,0.11809584254527589,0.1842087778590015
EleutherAI/pythia-12b,65,step64,3,13,11846072320,36,0.13342744604804668,0.1684185206755861
EleutherAI/pythia-12b,65,step64,3,14,11846072320,36,0.1305472887101563,0.17603886576632297
EleutherAI/pythia-12b,65,step64,3,15,11846072320,36,0.12188537920022507,0.1677584979996398
EleutherAI/pythia-12b,65,step64,3,16,11846072320,36,0.12659072875137528,0.18134311217445506
EleutherAI/pythia-12b,65,step64,3,17,11846072320,36,0.13966883428103927,0.14148665266531005
EleutherAI/pythia-12b,65,step64,3,18,11846072320,36,0.1283177564189106,0.15820694430353668
EleutherAI/pythia-12b,65,step64,3,19,11846072320,36,0.12508696237125908,0.16250817361917042
EleutherAI/pythia-12b,65,step64,3,20,11846072320,36,0.12673591668563736,0.14597841223013827
EleutherAI/pythia-12b,65,step64,3,21,11846072320,36,0.12642534738881986,0.14791640048069096
EleutherAI/pythia-12b,65,step64,3,22,11846072320,36,0.12864102306006633,0.16435590187820404
EleutherAI/pythia-12b,65,step64,3,23,11846072320,36,0.1267619229707721,0.16216113202710136
EleutherAI/pythia-12b,65,step64,3,24,11846072320,36,0.12869185565582084,0.16179022979964539
EleutherAI/pythia-12b,65,step64,3,25,11846072320,36,0.12538589240127315,0.1602837275210264
EleutherAI/pythia-12b,65,step64,3,26,11846072320,36,0.11241010950693672,0.14065242104243494
EleutherAI/pythia-12b,65,step64,3,27,11846072320,36,0.12427679640898202,0.17465879996908495
EleutherAI/pythia-12b,65,step64,3,28,11846072320,36,0.12537810484971007,0.1698149931435291
EleutherAI/pythia-12b,65,step64,3,29,11846072320,36,0.13263734671994815,0.16978347223733098
EleutherAI/pythia-12b,65,step64,3,30,11846072320,36,0.12873390354439837,0.1596444981877465
EleutherAI/pythia-12b,65,step64,3,31,11846072320,36,0.1277596498657767,0.17748558713128793
EleutherAI/pythia-12b,65,step64,3,32,11846072320,36,0.130936988981793,0.15205582177025953
EleutherAI/pythia-12b,65,step64,3,33,11846072320,36,0.12946525585834862,0.16016990850559312
EleutherAI/pythia-12b,65,step64,3,34,11846072320,36,0.12065353739011032,0.17428303467160136
EleutherAI/pythia-12b,65,step64,3,35,11846072320,36,0.13764455894640343,0.16485599311510538
EleutherAI/pythia-12b,65,step64,3,36,11846072320,36,0.12574219818341656,0.16008533199259017
EleutherAI/pythia-12b,65,step64,3,37,11846072320,36,0.12575848219921815,0.16541673826450876
EleutherAI/pythia-12b,65,step64,3,38,11846072320,36,0.12587119363997876,0.18688518682623406
EleutherAI/pythia-12b,65,step64,3,39,11846072320,36,0.12919308256648768,0.1593007677271067
EleutherAI/pythia-12b,65,step64,3,40,11846072320,36,0.13192288532808374,0.15318004966800183
EleutherAI/pythia-12b,65,step64,4,1,11846072320,36,0.12439505410221241,0.16838284746629067
EleutherAI/pythia-12b,65,step64,4,2,11846072320,36,0.1435698054607834,0.16134844337486554
EleutherAI/pythia-12b,65,step64,4,3,11846072320,36,0.1243240594438783,0.18070053520637586
EleutherAI/pythia-12b,65,step64,4,4,11846072320,36,0.12298430043745323,0.15187139379828268
EleutherAI/pythia-12b,65,step64,4,5,11846072320,36,0.12427041327787766,0.15468466104855672
EleutherAI/pythia-12b,65,step64,4,6,11846072320,36,0.12785641439035306,0.16714934998278588
EleutherAI/pythia-12b,65,step64,4,7,11846072320,36,0.13071618522251685,0.15388196336200552
EleutherAI/pythia-12b,65,step64,4,8,11846072320,36,0.13169861349973588,0.17936923443801228
EleutherAI/pythia-12b,65,step64,4,9,11846072320,36,0.12931433600840622,0.15004093910066837
EleutherAI/pythia-12b,65,step64,4,10,11846072320,36,0.13324807927169058,0.1489824901583853
EleutherAI/pythia-12b,65,step64,4,11,11846072320,36,0.12409751143519043,0.18525014319051578
EleutherAI/pythia-12b,65,step64,4,12,11846072320,36,0.1331102194309279,0.1715913571909562
EleutherAI/pythia-12b,65,step64,4,13,11846072320,36,0.12233394059120441,0.190773343583485
EleutherAI/pythia-12b,65,step64,4,14,11846072320,36,0.11867604742257351,0.18296617606805785
EleutherAI/pythia-12b,65,step64,4,15,11846072320,36,0.12539259472710856,0.17398902415311904
EleutherAI/pythia-12b,65,step64,4,16,11846072320,36,0.1364437973143549,0.17149677165915386
EleutherAI/pythia-12b,65,step64,4,17,11846072320,36,0.13561691955157046,0.15112329071091188
EleutherAI/pythia-12b,65,step64,4,18,11846072320,36,0.12462810317876635,0.1674042640158811
EleutherAI/pythia-12b,65,step64,4,19,11846072320,36,0.13941747306457328,0.14582349819777243
EleutherAI/pythia-12b,65,step64,4,20,11846072320,36,0.13357547813797135,0.14600131038979094
EleutherAI/pythia-12b,65,step64,4,21,11846072320,36,0.12426502971040142,0.16315460195289444
EleutherAI/pythia-12b,65,step64,4,22,11846072320,36,0.12815463466866234,0.1677742129130227
EleutherAI/pythia-12b,65,step64,4,23,11846072320,36,0.11368779184760985,0.19322319996652298
EleutherAI/pythia-12b,65,step64,4,24,11846072320,36,0.1330474415967414,0.17652304704907953
EleutherAI/pythia-12b,65,step64,4,25,11846072320,36,0.12094304414728915,0.1856285153018372
EleutherAI/pythia-12b,65,step64,4,26,11846072320,36,0.13235338994891968,0.14569359767466064
EleutherAI/pythia-12b,65,step64,4,27,11846072320,36,0.12726316998737885,0.17383948715778438
EleutherAI/pythia-12b,65,step64,4,28,11846072320,36,0.11825418141432796,0.1781185707748607
EleutherAI/pythia-12b,65,step64,4,29,11846072320,36,0.12548528811348983,0.1860920547314726
EleutherAI/pythia-12b,65,step64,4,30,11846072320,36,0.13318601057112392,0.1739492755629368
EleutherAI/pythia-12b,65,step64,4,31,11846072320,36,0.12140695759662991,0.16801550019498876
EleutherAI/pythia-12b,65,step64,4,32,11846072320,36,0.12742325158470919,0.16021172203649356
EleutherAI/pythia-12b,65,step64,4,33,11846072320,36,0.12773696442243748,0.16460827969898417
EleutherAI/pythia-12b,65,step64,4,34,11846072320,36,0.13056887901603456,0.17320016604308427
EleutherAI/pythia-12b,65,step64,4,35,11846072320,36,0.127196745547066,0.17396209763178413
EleutherAI/pythia-12b,65,step64,4,36,11846072320,36,0.12690238602034318,0.15489796163687652
EleutherAI/pythia-12b,65,step64,4,37,11846072320,36,0.12831559351032915,0.17491613818170337
EleutherAI/pythia-12b,65,step64,4,38,11846072320,36,0.13762316083977436,0.16382768395560993
EleutherAI/pythia-12b,65,step64,4,39,11846072320,36,0.13991709517779288,0.160021499523686
EleutherAI/pythia-12b,65,step64,4,40,11846072320,36,0.12970466005641057,0.15055338339180913
EleutherAI/pythia-12b,65,step64,5,1,11846072320,36,0.12426816066307524,0.17866571827346941
EleutherAI/pythia-12b,65,step64,5,2,11846072320,36,0.1344621520903375,0.1459093018023817
EleutherAI/pythia-12b,65,step64,5,3,11846072320,36,0.13572641037538777,0.1725730735993197
EleutherAI/pythia-12b,65,step64,5,4,11846072320,36,0.12359448983236114,0.15686601020574745
EleutherAI/pythia-12b,65,step64,5,5,11846072320,36,0.1362345810733489,0.16110630625405822
EleutherAI/pythia-12b,65,step64,5,6,11846072320,36,0.11700076186979134,0.18638826185675172
EleutherAI/pythia-12b,65,step64,5,7,11846072320,36,0.1424272088641608,0.16183991103178563
EleutherAI/pythia-12b,65,step64,5,8,11846072320,36,0.12989994003675182,0.16954166344269075
EleutherAI/pythia-12b,65,step64,5,9,11846072320,36,0.13115710540543174,0.13970430476686077
EleutherAI/pythia-12b,65,step64,5,10,11846072320,36,0.1174116684543388,0.17889404568161152
EleutherAI/pythia-12b,65,step64,5,11,11846072320,36,0.12484071829129711,0.17014891615377975
EleutherAI/pythia-12b,65,step64,5,12,11846072320,36,0.12302150005088729,0.16894089197040763
EleutherAI/pythia-12b,65,step64,5,13,11846072320,36,0.12144521211047427,0.15173010443905
EleutherAI/pythia-12b,65,step64,5,14,11846072320,36,0.1402487106811445,0.15281820957277625
EleutherAI/pythia-12b,65,step64,5,15,11846072320,36,0.11688148580469164,0.20000415776126285
EleutherAI/pythia-12b,65,step64,5,16,11846072320,36,0.1355354802867582,0.12870969322115716
EleutherAI/pythia-12b,65,step64,5,17,11846072320,36,0.12692113988683204,0.16067371562168042
EleutherAI/pythia-12b,65,step64,5,18,11846072320,36,0.13011726181584968,0.16285743723223514
EleutherAI/pythia-12b,65,step64,5,19,11846072320,36,0.1313695992726284,0.14050245683013762
EleutherAI/pythia-12b,65,step64,5,20,11846072320,36,0.11899874691904572,0.18416628081004716
EleutherAI/pythia-12b,65,step64,5,21,11846072320,36,0.12535762958027216,0.14621550935759645
EleutherAI/pythia-12b,65,step64,5,22,11846072320,36,0.12174920539452772,0.14432715559126552
EleutherAI/pythia-12b,65,step64,5,23,11846072320,36,0.12476881041943844,0.14500992333756996
EleutherAI/pythia-12b,65,step64,5,24,11846072320,36,0.14130829328352262,0.16013188667975742
EleutherAI/pythia-12b,65,step64,5,25,11846072320,36,0.12363739030340587,0.14547500910947805
EleutherAI/pythia-12b,65,step64,5,26,11846072320,36,0.13080932429849024,0.12787832943694633
EleutherAI/pythia-12b,65,step64,5,27,11846072320,36,0.12543148173763224,0.13607150513410296
EleutherAI/pythia-12b,65,step64,5,28,11846072320,36,0.13311111275386342,0.15095011298418845
EleutherAI/pythia-12b,65,step64,5,29,11846072320,36,0.12772170412312214,0.19191204380053833
EleutherAI/pythia-12b,65,step64,5,30,11846072320,36,0.12947988200250327,0.15860679889427823
EleutherAI/pythia-12b,65,step64,5,31,11846072320,36,0.1419509871060157,0.15706271522149842
EleutherAI/pythia-12b,65,step64,5,32,11846072320,36,0.12035498029465697,0.17023699919136612
EleutherAI/pythia-12b,65,step64,5,33,11846072320,36,0.12315853414413803,0.1765842459419065
EleutherAI/pythia-12b,65,step64,5,34,11846072320,36,0.12690044800798453,0.1381389970832445
EleutherAI/pythia-12b,65,step64,5,35,11846072320,36,0.13178927124150697,0.15613004815269693
EleutherAI/pythia-12b,65,step64,5,36,11846072320,36,0.12278103693626123,0.16584517989397135
EleutherAI/pythia-12b,65,step64,5,37,11846072320,36,0.1306501179653871,0.1906986747485202
EleutherAI/pythia-12b,65,step64,5,38,11846072320,36,0.11647581523032603,0.17668798325902166
EleutherAI/pythia-12b,65,step64,5,39,11846072320,36,0.1321727699927381,0.14241445080765908
EleutherAI/pythia-12b,65,step64,5,40,11846072320,36,0.12336794831496366,0.17814063233555522
EleutherAI/pythia-12b,65,step64,6,1,11846072320,36,0.12795100216236374,0.15048865435012912
EleutherAI/pythia-12b,65,step64,6,2,11846072320,36,0.12610520481190698,0.17392248096777954
EleutherAI/pythia-12b,65,step64,6,3,11846072320,36,0.13448261240267892,0.1524896809087322
EleutherAI/pythia-12b,65,step64,6,4,11846072320,36,0.11686724046798973,0.15421019360848193
EleutherAI/pythia-12b,65,step64,6,5,11846072320,36,0.1270868587825033,0.15815868533241584
EleutherAI/pythia-12b,65,step64,6,6,11846072320,36,0.1396433564445546,0.14430127403063991
EleutherAI/pythia-12b,65,step64,6,7,11846072320,36,0.11638596597443647,0.17530178052985718
EleutherAI/pythia-12b,65,step64,6,8,11846072320,36,0.12755805837387613,0.16425946573013653
EleutherAI/pythia-12b,65,step64,6,9,11846072320,36,0.12007392468574164,0.15546644486867267
EleutherAI/pythia-12b,65,step64,6,10,11846072320,36,0.12832030693667604,0.17395441374229684
EleutherAI/pythia-12b,65,step64,6,11,11846072320,36,0.1086398213066988,0.17473062381215457
EleutherAI/pythia-12b,65,step64,6,12,11846072320,36,0.10388830852311648,0.20536356752699197
EleutherAI/pythia-12b,65,step64,6,13,11846072320,36,0.1260118578915839,0.17653999919513677
EleutherAI/pythia-12b,65,step64,6,14,11846072320,36,0.1287417291767067,0.1709642361670553
EleutherAI/pythia-12b,65,step64,6,15,11846072320,36,0.13238287214245698,0.16079734306916724
EleutherAI/pythia-12b,65,step64,6,16,11846072320,36,0.13970993790920966,0.13895651307963838
EleutherAI/pythia-12b,65,step64,6,17,11846072320,36,0.12341191873301163,0.16254463643059355
EleutherAI/pythia-12b,65,step64,6,18,11846072320,36,0.12550865628899213,0.17578918510046712
EleutherAI/pythia-12b,65,step64,6,19,11846072320,36,0.1294234744566786,0.1433271897296692
EleutherAI/pythia-12b,65,step64,6,20,11846072320,36,0.11284953424589586,0.17792407789913647
EleutherAI/pythia-12b,65,step64,6,21,11846072320,36,0.12405950855743415,0.14763307423182612
EleutherAI/pythia-12b,65,step64,6,22,11846072320,36,0.11966349928732119,0.17041314420690223
EleutherAI/pythia-12b,65,step64,6,23,11846072320,36,0.1008175405961749,0.16351352501157163
EleutherAI/pythia-12b,65,step64,6,24,11846072320,36,0.11910264543607245,0.15818497088287503
EleutherAI/pythia-12b,65,step64,6,25,11846072320,36,0.12443844741350175,0.15147016748964962
EleutherAI/pythia-12b,65,step64,6,26,11846072320,36,0.1289136238233955,0.16532280741332167
EleutherAI/pythia-12b,65,step64,6,27,11846072320,36,0.13744773941153696,0.16287756591822736
EleutherAI/pythia-12b,65,step64,6,28,11846072320,36,0.131750707847399,0.17245672333862505
EleutherAI/pythia-12b,65,step64,6,29,11846072320,36,0.13085225899074523,0.19152896615254267
EleutherAI/pythia-12b,65,step64,6,30,11846072320,36,0.1110829282663874,0.18023486879539558
EleutherAI/pythia-12b,65,step64,6,31,11846072320,36,0.12027742635380394,0.15961734263097735
EleutherAI/pythia-12b,65,step64,6,32,11846072320,36,0.1393014405862436,0.15324887588295757
EleutherAI/pythia-12b,65,step64,6,33,11846072320,36,0.11456378308256283,0.1641255662533211
EleutherAI/pythia-12b,65,step64,6,34,11846072320,36,0.12636447202850565,0.15454396095921144
EleutherAI/pythia-12b,65,step64,6,35,11846072320,36,0.13331712615695798,0.1620970832144802
EleutherAI/pythia-12b,65,step64,6,36,11846072320,36,0.1364694558330126,0.15810550413969843
EleutherAI/pythia-12b,65,step64,6,37,11846072320,36,0.1204711630179717,0.1702801041814076
EleutherAI/pythia-12b,65,step64,6,38,11846072320,36,0.12243645892733027,0.15598012464450997
EleutherAI/pythia-12b,65,step64,6,39,11846072320,36,0.134973074390634,0.13830528277959725
EleutherAI/pythia-12b,65,step64,6,40,11846072320,36,0.12127749447909378,0.15665280272171747
EleutherAI/pythia-12b,65,step64,7,1,11846072320,36,0.1307020282691663,0.1257779835653421
EleutherAI/pythia-12b,65,step64,7,2,11846072320,36,0.14101937620735558,0.1741258523457714
EleutherAI/pythia-12b,65,step64,7,3,11846072320,36,0.1424176964360672,0.15854388497512525
EleutherAI/pythia-12b,65,step64,7,4,11846072320,36,0.1294954121588273,0.2085967503303477
EleutherAI/pythia-12b,65,step64,7,5,11846072320,36,0.11679562374770458,0.17204928069232817
EleutherAI/pythia-12b,65,step64,7,6,11846072320,36,0.12149556461923021,0.15992010232374382
EleutherAI/pythia-12b,65,step64,7,7,11846072320,36,0.12735074080034595,0.1772387244881273
EleutherAI/pythia-12b,65,step64,7,8,11846072320,36,0.1272235922347586,0.1641841519654759
EleutherAI/pythia-12b,65,step64,7,9,11846072320,36,0.12854962172853693,0.15602201635057142
EleutherAI/pythia-12b,65,step64,7,10,11846072320,36,0.12127923336182088,0.20117113280023358
EleutherAI/pythia-12b,65,step64,7,11,11846072320,36,0.11753218573750225,0.1359819072989506
EleutherAI/pythia-12b,65,step64,7,12,11846072320,36,0.11694622480005648,0.17374265021099158
EleutherAI/pythia-12b,65,step64,7,13,11846072320,36,0.12396093253214076,0.16483545988272347
EleutherAI/pythia-12b,65,step64,7,14,11846072320,36,0.12057363163042172,0.15745096889746793
EleutherAI/pythia-12b,65,step64,7,15,11846072320,36,0.09783839679941217,0.1972022482666659
EleutherAI/pythia-12b,65,step64,7,16,11846072320,36,0.11122437878637696,0.18090727270578028
EleutherAI/pythia-12b,65,step64,7,17,11846072320,36,0.12265339620165276,0.16414392812809603
EleutherAI/pythia-12b,65,step64,7,18,11846072320,36,0.1335374733919764,0.15652669442946215
EleutherAI/pythia-12b,65,step64,7,19,11846072320,36,0.12541218128827236,0.16142528949378127
EleutherAI/pythia-12b,65,step64,7,20,11846072320,36,0.12244069809513582,0.17055075691996122
EleutherAI/pythia-12b,65,step64,7,21,11846072320,36,0.11381256149930724,0.1609631243382801
EleutherAI/pythia-12b,65,step64,7,22,11846072320,36,0.13210262356790242,0.17645262586450697
EleutherAI/pythia-12b,65,step64,7,23,11846072320,36,0.1186633784933625,0.15768681368972354
EleutherAI/pythia-12b,65,step64,7,24,11846072320,36,0.12193831324845816,0.18922707731010494
EleutherAI/pythia-12b,65,step64,7,25,11846072320,36,0.11409744360224079,0.18682562887064505
EleutherAI/pythia-12b,65,step64,7,26,11846072320,36,0.11994976227594026,0.21768651290743554
EleutherAI/pythia-12b,65,step64,7,27,11846072320,36,0.12516891379636505,0.1613158125419158
EleutherAI/pythia-12b,65,step64,7,28,11846072320,36,0.12591372649031532,0.15082560271841355
EleutherAI/pythia-12b,65,step64,7,29,11846072320,36,0.13989010397848242,0.183544539440949
EleutherAI/pythia-12b,65,step64,7,30,11846072320,36,0.15136415253508015,0.14194345035710487
EleutherAI/pythia-12b,65,step64,7,31,11846072320,36,0.12174076776023021,0.18911489046684968
EleutherAI/pythia-12b,65,step64,7,32,11846072320,36,0.11483973114787634,0.16388159580584666
EleutherAI/pythia-12b,65,step64,7,33,11846072320,36,0.11951359122566449,0.19056587117268245
EleutherAI/pythia-12b,65,step64,7,34,11846072320,36,0.12079891980298463,0.18760670286354356
EleutherAI/pythia-12b,65,step64,7,35,11846072320,36,0.10771516944049621,0.17748839947934797
EleutherAI/pythia-12b,65,step64,7,36,11846072320,36,0.11908929099471446,0.20191926798327367
EleutherAI/pythia-12b,65,step64,7,37,11846072320,36,0.12452246321437949,0.19489570822868793
EleutherAI/pythia-12b,65,step64,7,38,11846072320,36,0.1346144818340067,0.13642643088077724
EleutherAI/pythia-12b,65,step64,7,39,11846072320,36,0.11927102983848106,0.18120090327541655
EleutherAI/pythia-12b,65,step64,7,40,11846072320,36,0.12501048187056815,0.17613606191835957
EleutherAI/pythia-12b,65,step64,8,1,11846072320,36,0.12023543883059114,0.17935593427346272
EleutherAI/pythia-12b,65,step64,8,2,11846072320,36,0.12030605024828742,0.156930439176972
EleutherAI/pythia-12b,65,step64,8,3,11846072320,36,0.11712701902543009,0.15873300805743834
EleutherAI/pythia-12b,65,step64,8,4,11846072320,36,0.1214478464556617,0.20363702190139357
EleutherAI/pythia-12b,65,step64,8,5,11846072320,36,0.14186176702424924,0.16322460904012656
EleutherAI/pythia-12b,65,step64,8,6,11846072320,36,0.1235492250605209,0.1926780922601262
EleutherAI/pythia-12b,65,step64,8,7,11846072320,36,0.11489642136268784,0.1782476265828038
EleutherAI/pythia-12b,65,step64,8,8,11846072320,36,0.1650306783314492,0.17605520083706028
EleutherAI/pythia-12b,65,step64,8,9,11846072320,36,0.132330993341433,0.13911189140008015
EleutherAI/pythia-12b,65,step64,8,10,11846072320,36,0.11113426379590954,0.16744056023243398
EleutherAI/pythia-12b,65,step64,8,11,11846072320,36,0.13129245769512185,0.14505329938722888
EleutherAI/pythia-12b,65,step64,8,12,11846072320,36,0.12491963614706875,0.14129598208286379
EleutherAI/pythia-12b,65,step64,8,13,11846072320,36,0.10978000826138003,0.18911658351340357
EleutherAI/pythia-12b,65,step64,8,14,11846072320,36,0.13511146390782636,0.15994184579163248
EleutherAI/pythia-12b,65,step64,8,15,11846072320,36,0.1466732154301068,0.13229959291705226
EleutherAI/pythia-12b,65,step64,8,16,11846072320,36,0.11845275068896127,0.14857315726567044
EleutherAI/pythia-12b,65,step64,8,17,11846072320,36,0.1258093200109384,0.15659015556075817
EleutherAI/pythia-12b,65,step64,8,18,11846072320,36,0.09848534973623511,0.20737652384113886
EleutherAI/pythia-12b,65,step64,8,19,11846072320,36,0.1164735841869681,0.19718180627872542
EleutherAI/pythia-12b,65,step64,8,20,11846072320,36,0.156154682115839,0.1500978951227736
EleutherAI/pythia-12b,65,step64,8,21,11846072320,36,0.11169711312743363,0.1723843534412729
EleutherAI/pythia-12b,65,step64,8,22,11846072320,36,0.12068096671656173,0.1471029168201817
EleutherAI/pythia-12b,65,step64,8,23,11846072320,36,0.12779448783254477,0.14055078244815625
EleutherAI/pythia-12b,65,step64,8,24,11846072320,36,0.10993918483411223,0.2080694072244985
EleutherAI/pythia-12b,65,step64,8,25,11846072320,36,0.13556930942981088,0.16586647331211207
EleutherAI/pythia-12b,65,step64,8,26,11846072320,36,0.14027969576082783,0.1705992315859497
EleutherAI/pythia-12b,65,step64,8,27,11846072320,36,0.12999299703328096,0.1806669479442967
EleutherAI/pythia-12b,65,step64,8,28,11846072320,36,0.11602542166494656,0.1779674407564573
EleutherAI/pythia-12b,65,step64,8,29,11846072320,36,0.11585074978077908,0.18510601594037296
EleutherAI/pythia-12b,65,step64,8,30,11846072320,36,0.11178641302885858,0.1784715581959387
EleutherAI/pythia-12b,65,step64,8,31,11846072320,36,0.10249412713108116,0.17740030561268952
EleutherAI/pythia-12b,65,step64,8,32,11846072320,36,0.15307456048557883,0.1295473818994454
EleutherAI/pythia-12b,65,step64,8,33,11846072320,36,0.11854771866991709,0.1730779707571631
EleutherAI/pythia-12b,65,step64,8,34,11846072320,36,0.11989287230502195,0.1985147782704896
EleutherAI/pythia-12b,65,step64,8,35,11846072320,36,0.12324595228732523,0.1412298900128395
EleutherAI/pythia-12b,65,step64,8,36,11846072320,36,0.12218633871357716,0.17909198924171937
EleutherAI/pythia-12b,65,step64,8,37,11846072320,36,0.0966815055059912,0.1996309606934542
EleutherAI/pythia-12b,65,step64,8,38,11846072320,36,0.1289310072193498,0.1573072814161668
EleutherAI/pythia-12b,65,step64,8,39,11846072320,36,0.1357690060438515,0.16154123896973444
EleutherAI/pythia-12b,65,step64,8,40,11846072320,36,0.12450336589682116,0.15741458967853858
EleutherAI/pythia-12b,65,step64,9,1,11846072320,36,0.12789132843191198,0.1893464625804676
EleutherAI/pythia-12b,65,step64,9,2,11846072320,36,0.12240635616251741,0.1372752136721446
EleutherAI/pythia-12b,65,step64,9,3,11846072320,36,0.13177300634438743,0.17970399894994923
EleutherAI/pythia-12b,65,step64,9,4,11846072320,36,0.14936737735775316,0.1574486595642817
EleutherAI/pythia-12b,65,step64,9,5,11846072320,36,0.14682611825319378,0.14711277507939133
EleutherAI/pythia-12b,65,step64,9,6,11846072320,36,0.13766479269565043,0.1643670122181107
EleutherAI/pythia-12b,65,step64,9,7,11846072320,36,0.11495609428207791,0.18516886131082833
EleutherAI/pythia-12b,65,step64,9,8,11846072320,36,0.12430041076408488,0.15493599100278926
EleutherAI/pythia-12b,65,step64,9,9,11846072320,36,0.13213755954448522,0.15257102308106849
EleutherAI/pythia-12b,65,step64,9,10,11846072320,36,0.1438665678417002,0.16448325703798736
EleutherAI/pythia-12b,65,step64,9,11,11846072320,36,0.13632528061556204,0.15929097680559562
EleutherAI/pythia-12b,65,step64,9,12,11846072320,36,0.10793757408174931,0.17448286187496626
EleutherAI/pythia-12b,65,step64,9,13,11846072320,36,0.14149777455305726,0.16413293727156184
EleutherAI/pythia-12b,65,step64,9,14,11846072320,36,0.13243115599918825,0.14462045047365057
EleutherAI/pythia-12b,65,step64,9,15,11846072320,36,0.11461226574450101,0.20203550672298431
EleutherAI/pythia-12b,65,step64,9,16,11846072320,36,0.12401004937720723,0.15308490657882465
EleutherAI/pythia-12b,65,step64,9,17,11846072320,36,0.13909635704021908,0.12625648595627628
EleutherAI/pythia-12b,65,step64,9,18,11846072320,36,0.13259124816269482,0.15715969935361593
EleutherAI/pythia-12b,65,step64,9,19,11846072320,36,0.14388036806774027,0.1595204087958724
EleutherAI/pythia-12b,65,step64,9,20,11846072320,36,0.10645882167235325,0.1774063394335028
EleutherAI/pythia-12b,65,step64,9,21,11846072320,36,0.1448923855371124,0.1305315916289438
EleutherAI/pythia-12b,65,step64,9,22,11846072320,36,0.11451661995648439,0.1513442049983206
EleutherAI/pythia-12b,65,step64,9,23,11846072320,36,0.12306541760169615,0.1542737145793509
EleutherAI/pythia-12b,65,step64,9,24,11846072320,36,0.13293847950684412,0.16674230465603926
EleutherAI/pythia-12b,65,step64,9,25,11846072320,36,0.12200620498329218,0.15791944957089357
EleutherAI/pythia-12b,65,step64,9,26,11846072320,36,0.11783577017374221,0.15442470297239738
EleutherAI/pythia-12b,65,step64,9,27,11846072320,36,0.1397626302498686,0.15029451427785478
EleutherAI/pythia-12b,65,step64,9,28,11846072320,36,0.1444416991113363,0.13969686175151177
EleutherAI/pythia-12b,65,step64,9,29,11846072320,36,0.11932899750344025,0.1994360724055731
EleutherAI/pythia-12b,65,step64,9,30,11846072320,36,0.1232965417407654,0.1454210058889455
EleutherAI/pythia-12b,65,step64,9,31,11846072320,36,0.10480236582871937,0.17849309363209445
EleutherAI/pythia-12b,65,step64,9,32,11846072320,36,0.1253026209033287,0.14849317020403816
EleutherAI/pythia-12b,65,step64,9,33,11846072320,36,0.10248770912152685,0.2040729065182375
EleutherAI/pythia-12b,65,step64,9,34,11846072320,36,0.11603769232091062,0.1925297892364385
EleutherAI/pythia-12b,65,step64,9,35,11846072320,36,0.15187312494795596,0.15484898134103942
EleutherAI/pythia-12b,65,step64,9,36,11846072320,36,0.11604787826023477,0.1888522971952865
EleutherAI/pythia-12b,65,step64,9,37,11846072320,36,0.13344393515618172,0.14867698724518663
EleutherAI/pythia-12b,65,step64,9,38,11846072320,36,0.13226161252807922,0.19151904060038266
EleutherAI/pythia-12b,65,step64,9,39,11846072320,36,0.1283913292997592,0.19929985586251758
EleutherAI/pythia-12b,65,step64,9,40,11846072320,36,0.10801737828532582,0.1584161339892639
EleutherAI/pythia-12b,65,step64,10,1,11846072320,36,0.12537179256344697,0.17312343760922144
EleutherAI/pythia-12b,65,step64,10,2,11846072320,36,0.134894600591144,0.14600055472360354
EleutherAI/pythia-12b,65,step64,10,3,11846072320,36,0.13266802218381882,0.1541167321942142
EleutherAI/pythia-12b,65,step64,10,4,11846072320,36,0.12032526810359843,0.1623552039170542
EleutherAI/pythia-12b,65,step64,10,5,11846072320,36,0.12508490602779493,0.18751793284550886
EleutherAI/pythia-12b,65,step64,10,6,11846072320,36,0.1196680596327638,0.1659424356534495
EleutherAI/pythia-12b,65,step64,10,7,11846072320,36,0.1427861636129764,0.17107013317087924
EleutherAI/pythia-12b,65,step64,10,8,11846072320,36,0.1318875133443075,0.1568624588937775
EleutherAI/pythia-12b,65,step64,10,9,11846072320,36,0.1047821610679363,0.2047508831077196
EleutherAI/pythia-12b,65,step64,10,10,11846072320,36,0.12779756779181164,0.19177200274916736
EleutherAI/pythia-12b,65,step64,10,11,11846072320,36,0.15991032256132306,0.15967117472867792
EleutherAI/pythia-12b,65,step64,10,12,11846072320,36,0.10508420288999065,0.17657465193498953
EleutherAI/pythia-12b,65,step64,10,13,11846072320,36,0.11538558342010226,0.1516477546931521
EleutherAI/pythia-12b,65,step64,10,14,11846072320,36,0.173875964926304,0.12125392057918925
EleutherAI/pythia-12b,65,step64,10,15,11846072320,36,0.14719212820960412,0.18262213881074393
EleutherAI/pythia-12b,65,step64,10,16,11846072320,36,0.1038092408614518,0.16893815755978356
EleutherAI/pythia-12b,65,step64,10,17,11846072320,36,0.121443948062422,0.1437508346171708
EleutherAI/pythia-12b,65,step64,10,18,11846072320,36,0.09648108708339406,0.17602284533718413
EleutherAI/pythia-12b,65,step64,10,19,11846072320,36,0.10798694067508784,0.1673692748252604
EleutherAI/pythia-12b,65,step64,10,20,11846072320,36,0.11939104229167055,0.1696324719580354
EleutherAI/pythia-12b,65,step64,10,21,11846072320,36,0.09833188805807457,0.2187303055788169
EleutherAI/pythia-12b,65,step64,10,22,11846072320,36,0.13719042513083227,0.14644654820094233
EleutherAI/pythia-12b,65,step64,10,23,11846072320,36,0.13110973911399057,0.17495676675984806
EleutherAI/pythia-12b,65,step64,10,24,11846072320,36,0.14510316657903669,0.15941982577322747
EleutherAI/pythia-12b,65,step64,10,25,11846072320,36,0.11679366788359818,0.20102312887932083
EleutherAI/pythia-12b,65,step64,10,26,11846072320,36,0.11419137848636227,0.1642165793184269
EleutherAI/pythia-12b,65,step64,10,27,11846072320,36,0.12850810553285627,0.1580183713420017
EleutherAI/pythia-12b,65,step64,10,28,11846072320,36,0.13275082196827762,0.14900882538217858
EleutherAI/pythia-12b,65,step64,10,29,11846072320,36,0.12049989295457751,0.14387751659014825
EleutherAI/pythia-12b,65,step64,10,30,11846072320,36,0.13744160573784112,0.151569577526894
EleutherAI/pythia-12b,65,step64,10,31,11846072320,36,0.12783819811793415,0.17938200352215639
EleutherAI/pythia-12b,65,step64,10,32,11846072320,36,0.12273372537190756,0.1703790791931229
EleutherAI/pythia-12b,65,step64,10,33,11846072320,36,0.0981658538859393,0.18574943234053276
EleutherAI/pythia-12b,65,step64,10,34,11846072320,36,0.12436033769121932,0.1924303125634834
EleutherAI/pythia-12b,65,step64,10,35,11846072320,36,0.09448103884419606,0.17621544272255696
EleutherAI/pythia-12b,65,step64,10,36,11846072320,36,0.12138112260213302,0.16771476801384136
EleutherAI/pythia-12b,65,step64,10,37,11846072320,36,0.15377896578909753,0.14208373893332013
EleutherAI/pythia-12b,65,step64,10,38,11846072320,36,0.14051898783660147,0.15476781362807512
EleutherAI/pythia-12b,65,step64,10,39,11846072320,36,0.097795083002934,0.19570584066614907
EleutherAI/pythia-12b,65,step64,10,40,11846072320,36,0.11310415356993313,0.19689181496252164
EleutherAI/pythia-12b,65,step64,11,1,11846072320,36,0.11480091815931835,0.18678711704328071
EleutherAI/pythia-12b,65,step64,11,2,11846072320,36,0.108450308201594,0.1467673552275688
EleutherAI/pythia-12b,65,step64,11,3,11846072320,36,0.10575414243694,0.21671894884615148
EleutherAI/pythia-12b,65,step64,11,4,11846072320,36,0.1440577202339519,0.17655319733931132
EleutherAI/pythia-12b,65,step64,11,5,11846072320,36,0.13102991923175233,0.13736369581361696
EleutherAI/pythia-12b,65,step64,11,6,11846072320,36,0.1425962599481011,0.13723639182903025
EleutherAI/pythia-12b,65,step64,11,7,11846072320,36,0.10255647233936249,0.15854614195288028
EleutherAI/pythia-12b,65,step64,11,8,11846072320,36,0.11517302101819181,0.17462585395476118
EleutherAI/pythia-12b,65,step64,11,9,11846072320,36,0.1265761491313979,0.18481231920488242
EleutherAI/pythia-12b,65,step64,11,10,11846072320,36,0.10863927215919476,0.16938716968292136
EleutherAI/pythia-12b,65,step64,11,11,11846072320,36,0.1455884389858972,0.14394304881224756
EleutherAI/pythia-12b,65,step64,11,12,11846072320,36,0.07049838059746821,0.17739530299809778
EleutherAI/pythia-12b,65,step64,11,13,11846072320,36,0.12219137945645918,0.18109754842143871
EleutherAI/pythia-12b,65,step64,11,14,11846072320,36,0.11285925308080223,0.17189312773524548
EleutherAI/pythia-12b,65,step64,11,15,11846072320,36,0.12409094672415166,0.18012812358604086
EleutherAI/pythia-12b,65,step64,11,16,11846072320,36,0.14030782157393007,0.19773394675427547
EleutherAI/pythia-12b,65,step64,11,17,11846072320,36,0.1456345685285043,0.13763194292917977
EleutherAI/pythia-12b,65,step64,11,18,11846072320,36,0.09589567930401262,0.19115596113575467
EleutherAI/pythia-12b,65,step64,11,19,11846072320,36,0.11181494877491892,0.1918841898385379
EleutherAI/pythia-12b,65,step64,11,20,11846072320,36,0.1516821835156496,0.15625600700543535
EleutherAI/pythia-12b,65,step64,11,21,11846072320,36,0.12108256276864722,0.1718674852504386
EleutherAI/pythia-12b,65,step64,11,22,11846072320,36,0.14848599926353212,0.14503206409144773
EleutherAI/pythia-12b,65,step64,11,23,11846072320,36,0.11758044519246336,0.14231361170766407
EleutherAI/pythia-12b,65,step64,11,24,11846072320,36,0.13511474079846794,0.1440837618058642
EleutherAI/pythia-12b,65,step64,11,25,11846072320,36,0.11901566679883106,0.16588382733364895
EleutherAI/pythia-12b,65,step64,11,26,11846072320,36,0.09098823222837912,0.19537884712375853
EleutherAI/pythia-12b,65,step64,11,27,11846072320,36,0.14084461694946873,0.1390957382812469
EleutherAI/pythia-12b,65,step64,11,28,11846072320,36,0.09642909646772582,0.20457867620227568
EleutherAI/pythia-12b,65,step64,11,29,11846072320,36,0.1581598766953558,0.17407389409985535
EleutherAI/pythia-12b,65,step64,11,30,11846072320,36,0.1240316766339379,0.14569399683448195
EleutherAI/pythia-12b,65,step64,11,31,11846072320,36,0.14766523432176745,0.15883428306674005
EleutherAI/pythia-12b,65,step64,11,32,11846072320,36,0.13216711533208325,0.15682130076505754
EleutherAI/pythia-12b,65,step64,11,33,11846072320,36,0.12886060650149977,0.14614283528134178
EleutherAI/pythia-12b,65,step64,11,34,11846072320,36,0.11420684622729321,0.21471262988620418
EleutherAI/pythia-12b,65,step64,11,35,11846072320,36,0.14721654268826267,0.1450397459057358
EleutherAI/pythia-12b,65,step64,11,36,11846072320,36,0.10392360221986115,0.1974594540217214
EleutherAI/pythia-12b,65,step64,11,37,11846072320,36,0.13250234126261579,0.20567678480881735
EleutherAI/pythia-12b,65,step64,11,38,11846072320,36,0.13271915773908652,0.14603466827243383
EleutherAI/pythia-12b,65,step64,11,39,11846072320,36,0.1229281204307938,0.17678679057394148
EleutherAI/pythia-12b,65,step64,11,40,11846072320,36,0.1719973256682848,0.14778393156289513
EleutherAI/pythia-12b,65,step64,12,1,11846072320,36,0.13139278139057634,0.16286995209608077
EleutherAI/pythia-12b,65,step64,12,2,11846072320,36,0.11450316017499194,0.181661621782112
EleutherAI/pythia-12b,65,step64,12,3,11846072320,36,0.10456627904921319,0.19255028985015618
EleutherAI/pythia-12b,65,step64,12,4,11846072320,36,0.16446960041741346,0.14806801601181602
EleutherAI/pythia-12b,65,step64,12,5,11846072320,36,0.122039475262881,0.16646334808040125
EleutherAI/pythia-12b,65,step64,12,6,11846072320,36,0.11576061439071149,0.16222643668486456
EleutherAI/pythia-12b,65,step64,12,7,11846072320,36,0.17772751423465952,0.1227762149311266
EleutherAI/pythia-12b,65,step64,12,8,11846072320,36,0.09153328074684905,0.1794498097431194
EleutherAI/pythia-12b,65,step64,12,9,11846072320,36,0.11289159078766271,0.14881589274584975
EleutherAI/pythia-12b,65,step64,12,10,11846072320,36,0.12084792775882253,0.18930364300863248
EleutherAI/pythia-12b,65,step64,12,11,11846072320,36,0.13405503799674565,0.14357339912975153
EleutherAI/pythia-12b,65,step64,12,12,11846072320,36,0.11248711825491067,0.21725924703496707
EleutherAI/pythia-12b,65,step64,12,13,11846072320,36,0.13053477003432068,0.1778739782067032
EleutherAI/pythia-12b,65,step64,12,14,11846072320,36,0.1259694684117853,0.1617922988292333
EleutherAI/pythia-12b,65,step64,12,15,11846072320,36,0.13263672430840157,0.14696819257751864
EleutherAI/pythia-12b,65,step64,12,16,11846072320,36,0.12081630891552554,0.1598255147111487
EleutherAI/pythia-12b,65,step64,12,17,11846072320,36,0.141215047796254,0.16292777231002262
EleutherAI/pythia-12b,65,step64,12,18,11846072320,36,0.1305757136819688,0.16301185779228758
EleutherAI/pythia-12b,65,step64,12,19,11846072320,36,0.12079159171507876,0.19551922281359405
EleutherAI/pythia-12b,65,step64,12,20,11846072320,36,0.19352932405230158,0.13273734894969885
EleutherAI/pythia-12b,65,step64,12,21,11846072320,36,0.1350471518217801,0.1706963861724725
EleutherAI/pythia-12b,65,step64,12,22,11846072320,36,0.13014174247714308,0.178432204808156
EleutherAI/pythia-12b,65,step64,12,23,11846072320,36,0.19520549980683008,0.1470915016721005
EleutherAI/pythia-12b,65,step64,12,24,11846072320,36,0.13998735389551956,0.18292299959271605
EleutherAI/pythia-12b,65,step64,12,25,11846072320,36,0.1348698834102746,0.18249732616718284
EleutherAI/pythia-12b,65,step64,12,26,11846072320,36,0.08933039295959755,0.17036455550004498
EleutherAI/pythia-12b,65,step64,12,27,11846072320,36,0.11119173078409003,0.14070932327436877
EleutherAI/pythia-12b,65,step64,12,28,11846072320,36,0.10782146824428712,0.15197893309577534
EleutherAI/pythia-12b,65,step64,12,29,11846072320,36,0.11307069920450892,0.22529266487426672
EleutherAI/pythia-12b,65,step64,12,30,11846072320,36,0.1462779270524198,0.13487249954013492
EleutherAI/pythia-12b,65,step64,12,31,11846072320,36,0.11161561350005342,0.13553427431911405
EleutherAI/pythia-12b,65,step64,12,32,11846072320,36,0.1457831247320941,0.17458651663439048
EleutherAI/pythia-12b,65,step64,12,33,11846072320,36,0.13215287388288396,0.14691657971803307
EleutherAI/pythia-12b,65,step64,12,34,11846072320,36,0.13041064708686623,0.17793603481126347
EleutherAI/pythia-12b,65,step64,12,35,11846072320,36,0.11470892694261335,0.19583283066917373
EleutherAI/pythia-12b,65,step64,12,36,11846072320,36,0.16687548781994044,0.12669479134618425
EleutherAI/pythia-12b,65,step64,12,37,11846072320,36,0.12794269199620134,0.13444550356662663
EleutherAI/pythia-12b,65,step64,12,38,11846072320,36,0.11596904177073239,0.1741806017151018
EleutherAI/pythia-12b,65,step64,12,39,11846072320,36,0.11716463144969291,0.1679094002635271
EleutherAI/pythia-12b,65,step64,12,40,11846072320,36,0.1297775911329476,0.17224277833101892
EleutherAI/pythia-12b,65,step64,13,1,11846072320,36,0.07896951740109791,0.1857545858937072
EleutherAI/pythia-12b,65,step64,13,2,11846072320,36,0.14683778493388275,0.14206854284492068
EleutherAI/pythia-12b,65,step64,13,3,11846072320,36,0.13525316492841763,0.16682999152634231
EleutherAI/pythia-12b,65,step64,13,4,11846072320,36,0.1375078967696911,0.1594528578607751
EleutherAI/pythia-12b,65,step64,13,5,11846072320,36,0.12170698094900481,0.15652322932496082
EleutherAI/pythia-12b,65,step64,13,6,11846072320,36,0.10859517397935142,0.17300718687978142
EleutherAI/pythia-12b,65,step64,13,7,11846072320,36,0.14293821552606134,0.12321573717368611
EleutherAI/pythia-12b,65,step64,13,8,11846072320,36,0.12110239286087561,0.15283524744525862
EleutherAI/pythia-12b,65,step64,13,9,11846072320,36,0.13252852151768876,0.13252900723177746
EleutherAI/pythia-12b,65,step64,13,10,11846072320,36,0.12910311151150464,0.17753674398951072
EleutherAI/pythia-12b,65,step64,13,11,11846072320,36,0.12251145036907879,0.19043666439818902
EleutherAI/pythia-12b,65,step64,13,12,11846072320,36,0.12078673911334065,0.18656944646290288
EleutherAI/pythia-12b,65,step64,13,13,11846072320,36,0.13615795810547493,0.1518449313440793
EleutherAI/pythia-12b,65,step64,13,14,11846072320,36,0.121672987512819,0.2112511535071664
EleutherAI/pythia-12b,65,step64,13,15,11846072320,36,0.11277504633642259,0.16316598367684323
EleutherAI/pythia-12b,65,step64,13,16,11846072320,36,0.11431129403725575,0.15865856806772782
EleutherAI/pythia-12b,65,step64,13,17,11846072320,36,0.11515591567096942,0.18133642670471922
EleutherAI/pythia-12b,65,step64,13,18,11846072320,36,0.14133576481594692,0.1823065926183809
EleutherAI/pythia-12b,65,step64,13,19,11846072320,36,0.12246904317457392,0.16437962225864863
EleutherAI/pythia-12b,65,step64,13,20,11846072320,36,0.12435731212902172,0.1753314848060722
EleutherAI/pythia-12b,65,step64,13,21,11846072320,36,0.13771869364130243,0.1711630451299988
EleutherAI/pythia-12b,65,step64,13,22,11846072320,36,0.12345695172858842,0.18271836444355163
EleutherAI/pythia-12b,65,step64,13,23,11846072320,36,0.12622768292623057,0.17983346184094742
EleutherAI/pythia-12b,65,step64,13,24,11846072320,36,0.12427670420804714,0.1752586128503397
EleutherAI/pythia-12b,65,step64,13,25,11846072320,36,0.08469251304999124,0.1725222401757229
EleutherAI/pythia-12b,65,step64,13,26,11846072320,36,0.09920757662437785,0.19793060840619303
EleutherAI/pythia-12b,65,step64,13,27,11846072320,36,0.10756870563905514,0.1746488370269805
EleutherAI/pythia-12b,65,step64,13,28,11846072320,36,0.10480633423056773,0.17383852211462034
EleutherAI/pythia-12b,65,step64,13,29,11846072320,36,0.14320765484359346,0.16424406104505773
EleutherAI/pythia-12b,65,step64,13,30,11846072320,36,0.11923749146384516,0.1558090672288481
EleutherAI/pythia-12b,65,step64,13,31,11846072320,36,0.09908718445167702,0.15824044084696615
EleutherAI/pythia-12b,65,step64,13,32,11846072320,36,0.12588163243757708,0.15615481521106425
EleutherAI/pythia-12b,65,step64,13,33,11846072320,36,0.11908714593508397,0.2113421395751046
EleutherAI/pythia-12b,65,step64,13,34,11846072320,36,0.1105181208585162,0.21082831921990028
EleutherAI/pythia-12b,65,step64,13,35,11846072320,36,0.14227982601514447,0.15578818766752606
EleutherAI/pythia-12b,65,step64,13,36,11846072320,36,0.11737657886546649,0.19245185069012655
EleutherAI/pythia-12b,65,step64,13,37,11846072320,36,0.13865304037973325,0.17223274763729474
EleutherAI/pythia-12b,65,step64,13,38,11846072320,36,0.14485013132003152,0.162203531457788
EleutherAI/pythia-12b,65,step64,13,39,11846072320,36,0.11007086383933952,0.1713431097102818
EleutherAI/pythia-12b,65,step64,13,40,11846072320,36,0.10683213363404384,0.17418751513792405
EleutherAI/pythia-12b,65,step64,14,1,11846072320,36,0.1531276987423678,0.1424060878245993
EleutherAI/pythia-12b,65,step64,14,2,11846072320,36,0.10579155081206251,0.19903537185510264
EleutherAI/pythia-12b,65,step64,14,3,11846072320,36,0.16175149113790047,0.1644779379023714
EleutherAI/pythia-12b,65,step64,14,4,11846072320,36,0.1091829270611072,0.19496473466681016
EleutherAI/pythia-12b,65,step64,14,5,11846072320,36,0.11146971536380747,0.14444821391411278
EleutherAI/pythia-12b,65,step64,14,6,11846072320,36,0.14552800180026892,0.14642273537065081
EleutherAI/pythia-12b,65,step64,14,7,11846072320,36,0.09482271017020077,0.19569061929499865
EleutherAI/pythia-12b,65,step64,14,8,11846072320,36,0.12041940959589971,0.16358362485629477
EleutherAI/pythia-12b,65,step64,14,9,11846072320,36,0.15537841282449322,0.14625810165036543
EleutherAI/pythia-12b,65,step64,14,10,11846072320,36,0.12180875031999099,0.16734088700007385
EleutherAI/pythia-12b,65,step64,14,11,11846072320,36,0.12280650765777704,0.18859384066841978
EleutherAI/pythia-12b,65,step64,14,12,11846072320,36,0.14870042908746556,0.1445901340136567
EleutherAI/pythia-12b,65,step64,14,13,11846072320,36,0.16085879086284663,0.14737289629082329
EleutherAI/pythia-12b,65,step64,14,14,11846072320,36,0.15535058560515483,0.1512596211913559
EleutherAI/pythia-12b,65,step64,14,15,11846072320,36,0.15382228582515728,0.1400474709774683
EleutherAI/pythia-12b,65,step64,14,16,11846072320,36,0.14102209128954027,0.16240043153108147
EleutherAI/pythia-12b,65,step64,14,17,11846072320,36,0.14296363699096096,0.14396093164042037
EleutherAI/pythia-12b,65,step64,14,18,11846072320,36,0.12166322483023899,0.15839025457095987
EleutherAI/pythia-12b,65,step64,14,19,11846072320,36,0.10067436820337987,0.1993412835685698
EleutherAI/pythia-12b,65,step64,14,20,11846072320,36,0.18098115631275702,0.149011885562727
EleutherAI/pythia-12b,65,step64,14,21,11846072320,36,0.1770811271504149,0.14543820038583272
EleutherAI/pythia-12b,65,step64,14,22,11846072320,36,0.11356213346526425,0.16912921860411356
EleutherAI/pythia-12b,65,step64,14,23,11846072320,36,0.1172626400841875,0.19046111380004574
EleutherAI/pythia-12b,65,step64,14,24,11846072320,36,0.084410776571558,0.19148321448637912
EleutherAI/pythia-12b,65,step64,14,25,11846072320,36,0.09009232043705362,0.19191102714867916
EleutherAI/pythia-12b,65,step64,14,26,11846072320,36,0.11247049508666666,0.16690303248216257
EleutherAI/pythia-12b,65,step64,14,27,11846072320,36,0.12174020133151839,0.19673265717285976
EleutherAI/pythia-12b,65,step64,14,28,11846072320,36,0.13621606375160691,0.16067492165924369
EleutherAI/pythia-12b,65,step64,14,29,11846072320,36,0.0761127989409161,0.20111293989504955
EleutherAI/pythia-12b,65,step64,14,30,11846072320,36,0.12557319375510148,0.15255297867262413
EleutherAI/pythia-12b,65,step64,14,31,11846072320,36,0.1721757689418198,0.13663540555684411
EleutherAI/pythia-12b,65,step64,14,32,11846072320,36,0.1444985014987779,0.1713892574458419
EleutherAI/pythia-12b,65,step64,14,33,11846072320,36,0.11921101002520444,0.17251154058263282
EleutherAI/pythia-12b,65,step64,14,34,11846072320,36,0.16095928744868826,0.15413836843974593
EleutherAI/pythia-12b,65,step64,14,35,11846072320,36,0.10051531420164812,0.19803427664322534
EleutherAI/pythia-12b,65,step64,14,36,11846072320,36,0.11378875570008164,0.15305928708342187
EleutherAI/pythia-12b,65,step64,14,37,11846072320,36,0.13796140009665986,0.14092357971288774
EleutherAI/pythia-12b,65,step64,14,38,11846072320,36,0.12236075926370713,0.15982936020079133
EleutherAI/pythia-12b,65,step64,14,39,11846072320,36,0.12293872336770317,0.19337243922390376
EleutherAI/pythia-12b,65,step64,14,40,11846072320,36,0.1070950653225004,0.15277502134543008
EleutherAI/pythia-12b,65,step64,15,1,11846072320,36,0.13147031723356636,0.17405911005876798
EleutherAI/pythia-12b,65,step64,15,2,11846072320,36,0.14458152241781125,0.19250760065788797
EleutherAI/pythia-12b,65,step64,15,3,11846072320,36,0.1912147864676989,0.14235845074482684
EleutherAI/pythia-12b,65,step64,15,4,11846072320,36,0.0955229354295152,0.20475807288723125
EleutherAI/pythia-12b,65,step64,15,5,11846072320,36,0.11254228722561403,0.17307408332444343
EleutherAI/pythia-12b,65,step64,15,6,11846072320,36,0.1554758405877842,0.14420908974768876
EleutherAI/pythia-12b,65,step64,15,7,11846072320,36,0.16140770463569382,0.1262871067266206
EleutherAI/pythia-12b,65,step64,15,8,11846072320,36,0.10428456480226087,0.1759030425434445
EleutherAI/pythia-12b,65,step64,15,9,11846072320,36,0.1442711433513207,0.16599587384085573
EleutherAI/pythia-12b,65,step64,15,10,11846072320,36,0.16366367198683474,0.16064361040130834
EleutherAI/pythia-12b,65,step64,15,11,11846072320,36,0.1122243683673329,0.16418932898490274
EleutherAI/pythia-12b,65,step64,15,12,11846072320,36,0.11919790857636531,0.17807977584501103
EleutherAI/pythia-12b,65,step64,15,13,11846072320,36,0.12164233195911474,0.143056114369237
EleutherAI/pythia-12b,65,step64,15,14,11846072320,36,0.09619660938421523,0.20252661460132387
EleutherAI/pythia-12b,65,step64,15,15,11846072320,36,0.16799579034964957,0.13709961430256337
EleutherAI/pythia-12b,65,step64,15,16,11846072320,36,0.17476533448978046,0.11721343825383851
EleutherAI/pythia-12b,65,step64,15,17,11846072320,36,0.14025905750154907,0.15337064243606974
EleutherAI/pythia-12b,65,step64,15,18,11846072320,36,0.08462795725948097,0.22430496804371428
EleutherAI/pythia-12b,65,step64,15,19,11846072320,36,0.09197546397657451,0.2099941482616437
EleutherAI/pythia-12b,65,step64,15,20,11846072320,36,0.13770269223295886,0.14307311995027655
EleutherAI/pythia-12b,65,step64,15,21,11846072320,36,0.11094547327126822,0.15403097578500569
EleutherAI/pythia-12b,65,step64,15,22,11846072320,36,0.09431053173949228,0.18806158453114213
EleutherAI/pythia-12b,65,step64,15,23,11846072320,36,0.14917988832984058,0.14129004854283797
EleutherAI/pythia-12b,65,step64,15,24,11846072320,36,0.1266795403740785,0.16925598734670927
EleutherAI/pythia-12b,65,step64,15,25,11846072320,36,0.13306848242789412,0.16642321134405627
EleutherAI/pythia-12b,65,step64,15,26,11846072320,36,0.10755441406624269,0.20220457397222336
EleutherAI/pythia-12b,65,step64,15,27,11846072320,36,0.08974590644732605,0.17826533566477953
EleutherAI/pythia-12b,65,step64,15,28,11846072320,36,0.18274045785939366,0.12928850353938767
EleutherAI/pythia-12b,65,step64,15,29,11846072320,36,0.1476519299117294,0.1475286495343253
EleutherAI/pythia-12b,65,step64,15,30,11846072320,36,0.10195308523504311,0.18596557040863831
EleutherAI/pythia-12b,65,step64,15,31,11846072320,36,0.11271985939091386,0.1775759915393349
EleutherAI/pythia-12b,65,step64,15,32,11846072320,36,0.12655620566113393,0.19331695165418017
EleutherAI/pythia-12b,65,step64,15,33,11846072320,36,0.12948035592543286,0.15323008321695494
EleutherAI/pythia-12b,65,step64,15,34,11846072320,36,0.1406395150510756,0.14077568055877274
EleutherAI/pythia-12b,65,step64,15,35,11846072320,36,0.1265057029465476,0.18508588604897525
EleutherAI/pythia-12b,65,step64,15,36,11846072320,36,0.17966797386293293,0.13135665133539526
EleutherAI/pythia-12b,65,step64,15,37,11846072320,36,0.1479327043311463,0.15826038234830794
EleutherAI/pythia-12b,65,step64,15,38,11846072320,36,0.11081869890158237,0.17401418644185357
EleutherAI/pythia-12b,65,step64,15,39,11846072320,36,0.13085684239551107,0.16523296657849
EleutherAI/pythia-12b,65,step64,15,40,11846072320,36,0.14386850296220438,0.1621869236689519
EleutherAI/pythia-12b,65,step64,16,1,11846072320,36,0.14317880503766167,0.15363574890257625
EleutherAI/pythia-12b,65,step64,16,2,11846072320,36,0.13087710328176388,0.15363383062698457
EleutherAI/pythia-12b,65,step64,16,3,11846072320,36,0.12034325236762246,0.16451779675779038
EleutherAI/pythia-12b,65,step64,16,4,11846072320,36,0.09353340026159003,0.17676511733560588
EleutherAI/pythia-12b,65,step64,16,5,11846072320,36,0.14169229687871154,0.1414321281782186
EleutherAI/pythia-12b,65,step64,16,6,11846072320,36,0.11811752315867945,0.15112471765930852
EleutherAI/pythia-12b,65,step64,16,7,11846072320,36,0.09168312375576373,0.18761620379134158
EleutherAI/pythia-12b,65,step64,16,8,11846072320,36,0.15705671686086206,0.1328951153406375
EleutherAI/pythia-12b,65,step64,16,9,11846072320,36,0.11707880017389581,0.17594647537860958
EleutherAI/pythia-12b,65,step64,16,10,11846072320,36,0.0917240515149928,0.1964147264646875
EleutherAI/pythia-12b,65,step64,16,11,11846072320,36,0.11594835527845326,0.1761356177949556
EleutherAI/pythia-12b,65,step64,16,12,11846072320,36,0.10753354809999283,0.17237327259045102
EleutherAI/pythia-12b,65,step64,16,13,11846072320,36,0.10934095109278728,0.18699670709423472
EleutherAI/pythia-12b,65,step64,16,14,11846072320,36,0.10266082272962761,0.15809727412321273
EleutherAI/pythia-12b,65,step64,16,15,11846072320,36,0.12514217006596354,0.17403484206624303
EleutherAI/pythia-12b,65,step64,16,16,11846072320,36,0.14394243856942326,0.14663230871932728
EleutherAI/pythia-12b,65,step64,16,17,11846072320,36,0.1373629658664758,0.15824860561493634
EleutherAI/pythia-12b,65,step64,16,18,11846072320,36,0.13827106883531215,0.16011469394203506
EleutherAI/pythia-12b,65,step64,16,19,11846072320,36,0.10381525496507546,0.1971703083212445
EleutherAI/pythia-12b,65,step64,16,20,11846072320,36,0.11336174356686814,0.15529315681518374
EleutherAI/pythia-12b,65,step64,16,21,11846072320,36,0.09701737659695266,0.20705660204361145
EleutherAI/pythia-12b,65,step64,16,22,11846072320,36,0.16280615842669036,0.14824692410201545
EleutherAI/pythia-12b,65,step64,16,23,11846072320,36,0.14721903531579997,0.16035621317366397
EleutherAI/pythia-12b,65,step64,16,24,11846072320,36,0.11699832887486648,0.18643895355430806
EleutherAI/pythia-12b,65,step64,16,25,11846072320,36,0.11234032887092846,0.21176326053368075
EleutherAI/pythia-12b,65,step64,16,26,11846072320,36,0.10318698789980314,0.2097283405875479
EleutherAI/pythia-12b,65,step64,16,27,11846072320,36,0.13381561180492774,0.17545896607476308
EleutherAI/pythia-12b,65,step64,16,28,11846072320,36,0.11935641986315132,0.17939826006534038
EleutherAI/pythia-12b,65,step64,16,29,11846072320,36,0.12396927016253044,0.17385654186119542
EleutherAI/pythia-12b,65,step64,16,30,11846072320,36,0.10999929557020237,0.15040588606283198
EleutherAI/pythia-12b,65,step64,16,31,11846072320,36,0.090239742960971,0.18006491599542954
EleutherAI/pythia-12b,65,step64,16,32,11846072320,36,0.10015750298270946,0.2278606410476717
EleutherAI/pythia-12b,65,step64,16,33,11846072320,36,0.09924861343504784,0.21247643494122734
EleutherAI/pythia-12b,65,step64,16,34,11846072320,36,0.10781277930951329,0.1649486883333674
EleutherAI/pythia-12b,65,step64,16,35,11846072320,36,0.12966717385292587,0.1675734579305838
EleutherAI/pythia-12b,65,step64,16,36,11846072320,36,0.13206293457397467,0.1529226609122556
EleutherAI/pythia-12b,65,step64,16,37,11846072320,36,0.18858885086021263,0.15327536637472494
EleutherAI/pythia-12b,65,step64,16,38,11846072320,36,0.12057314511645838,0.1697383153646647
EleutherAI/pythia-12b,65,step64,16,39,11846072320,36,0.12012345055761454,0.11566165555548198
EleutherAI/pythia-12b,65,step64,16,40,11846072320,36,0.15673249233905615,0.1552815920961377
EleutherAI/pythia-12b,65,step64,17,1,11846072320,36,0.1628980658747054,0.13222955101010225
EleutherAI/pythia-12b,65,step64,17,2,11846072320,36,0.09874890589465693,0.17991214476570527
EleutherAI/pythia-12b,65,step64,17,3,11846072320,36,0.11458840357648714,0.18705388270989728
EleutherAI/pythia-12b,65,step64,17,4,11846072320,36,0.10473772005790521,0.1781877446779841
EleutherAI/pythia-12b,65,step64,17,5,11846072320,36,0.1126190147589187,0.15081548930758287
EleutherAI/pythia-12b,65,step64,17,6,11846072320,36,0.11220328881497584,0.17404268385545982
EleutherAI/pythia-12b,65,step64,17,7,11846072320,36,0.11835433262492619,0.18082795914419147
EleutherAI/pythia-12b,65,step64,17,8,11846072320,36,0.13591777031553218,0.1364707153558999
EleutherAI/pythia-12b,65,step64,17,9,11846072320,36,0.14434458366273575,0.13681089922550826
EleutherAI/pythia-12b,65,step64,17,10,11846072320,36,0.09067716170102354,0.14360590307908996
EleutherAI/pythia-12b,65,step64,17,11,11846072320,36,0.12772606149338203,0.13031712621338548
EleutherAI/pythia-12b,65,step64,17,12,11846072320,36,0.11352267315437839,0.18378975578547416
EleutherAI/pythia-12b,65,step64,17,13,11846072320,36,0.10290197449716716,0.17646912842787596
EleutherAI/pythia-12b,65,step64,17,14,11846072320,36,0.1543698648421524,0.15747761581227313
EleutherAI/pythia-12b,65,step64,17,15,11846072320,36,0.11473198224407233,0.1584481939997848
EleutherAI/pythia-12b,65,step64,17,16,11846072320,36,0.13763717315844942,0.14482607094531835
EleutherAI/pythia-12b,65,step64,17,17,11846072320,36,0.09522109390893672,0.21371975465042808
EleutherAI/pythia-12b,65,step64,17,18,11846072320,36,0.12828668695804588,0.12921818155325476
EleutherAI/pythia-12b,65,step64,17,19,11846072320,36,0.1158156390763349,0.1966931604676776
EleutherAI/pythia-12b,65,step64,17,20,11846072320,36,0.15606376609286743,0.16043379918501538
EleutherAI/pythia-12b,65,step64,17,21,11846072320,36,0.12115864439478682,0.16823869545359507
EleutherAI/pythia-12b,65,step64,17,22,11846072320,36,0.16771980936641803,0.11792385083128198
EleutherAI/pythia-12b,65,step64,17,23,11846072320,36,0.09755304256627505,0.1861531680377127
EleutherAI/pythia-12b,65,step64,17,24,11846072320,36,0.12285814888484481,0.15657984472352549
EleutherAI/pythia-12b,65,step64,17,25,11846072320,36,0.1343593388549737,0.16590771220579695
EleutherAI/pythia-12b,65,step64,17,26,11846072320,36,0.10286364701294054,0.16710214249163236
EleutherAI/pythia-12b,65,step64,17,27,11846072320,36,0.10825217646678105,0.1938317499176652
EleutherAI/pythia-12b,65,step64,17,28,11846072320,36,0.15550967196265494,0.16047637205705176
EleutherAI/pythia-12b,65,step64,17,29,11846072320,36,0.12661487201939112,0.15271916446854936
EleutherAI/pythia-12b,65,step64,17,30,11846072320,36,0.1268948326754319,0.15993970895728635
EleutherAI/pythia-12b,65,step64,17,31,11846072320,36,0.11852964104989444,0.1504862105065548
EleutherAI/pythia-12b,65,step64,17,32,11846072320,36,0.12333816811777983,0.158672714812888
EleutherAI/pythia-12b,65,step64,17,33,11846072320,36,0.13779322440559796,0.1431272659875877
EleutherAI/pythia-12b,65,step64,17,34,11846072320,36,0.11631032466530437,0.13884269536749733
EleutherAI/pythia-12b,65,step64,17,35,11846072320,36,0.12231283772501855,0.14482184537817852
EleutherAI/pythia-12b,65,step64,17,36,11846072320,36,0.08623641771026645,0.16565787076513774
EleutherAI/pythia-12b,65,step64,17,37,11846072320,36,0.11645679577469105,0.1738781750862215
EleutherAI/pythia-12b,65,step64,17,38,11846072320,36,0.18197936084759123,0.15731909344190945
EleutherAI/pythia-12b,65,step64,17,39,11846072320,36,0.1147723692069361,0.16919142614445973
EleutherAI/pythia-12b,65,step64,17,40,11846072320,36,0.13290665916225927,0.17250081483420127
EleutherAI/pythia-12b,65,step64,18,1,11846072320,36,0.0816618867705131,0.19232161373862092
EleutherAI/pythia-12b,65,step64,18,2,11846072320,36,0.10038133400181926,0.1829563227703084
EleutherAI/pythia-12b,65,step64,18,3,11846072320,36,0.1427930133870324,0.15905745807677146
EleutherAI/pythia-12b,65,step64,18,4,11846072320,36,0.15064965629832697,0.17138176897188293
EleutherAI/pythia-12b,65,step64,18,5,11846072320,36,0.10702083297017902,0.17173847037594056
EleutherAI/pythia-12b,65,step64,18,6,11846072320,36,0.1222704784614635,0.17827734311444082
EleutherAI/pythia-12b,65,step64,18,7,11846072320,36,0.12041437453604313,0.1765096106653188
EleutherAI/pythia-12b,65,step64,18,8,11846072320,36,0.1426931994578412,0.16328254948977053
EleutherAI/pythia-12b,65,step64,18,9,11846072320,36,0.18167487312634065,0.12015735938048752
EleutherAI/pythia-12b,65,step64,18,10,11846072320,36,0.17377732667859427,0.1602107458733939
EleutherAI/pythia-12b,65,step64,18,11,11846072320,36,0.13543246626607824,0.17872543521672932
EleutherAI/pythia-12b,65,step64,18,12,11846072320,36,0.11167945698820968,0.2076601834587372
EleutherAI/pythia-12b,65,step64,18,13,11846072320,36,0.13602187355851622,0.18214479132412786
EleutherAI/pythia-12b,65,step64,18,14,11846072320,36,0.14915178793373404,0.13870189614124123
EleutherAI/pythia-12b,65,step64,18,15,11846072320,36,0.13377696498333508,0.1894366768309035
EleutherAI/pythia-12b,65,step64,18,16,11846072320,36,0.08996529156459608,0.17179563142605367
EleutherAI/pythia-12b,65,step64,18,17,11846072320,36,0.10646028165053852,0.16654859575255582
EleutherAI/pythia-12b,65,step64,18,18,11846072320,36,0.15497622683689039,0.14786295931752733
EleutherAI/pythia-12b,65,step64,18,19,11846072320,36,0.12869104462208686,0.1400957865551024
EleutherAI/pythia-12b,65,step64,18,20,11846072320,36,0.13116564865114985,0.14969699637399417
EleutherAI/pythia-12b,65,step64,18,21,11846072320,36,0.1652178444617145,0.13560136445929424
EleutherAI/pythia-12b,65,step64,18,22,11846072320,36,0.16720033233409168,0.11763364667570712
EleutherAI/pythia-12b,65,step64,18,23,11846072320,36,0.11373041901882879,0.18341539898892867
EleutherAI/pythia-12b,65,step64,18,24,11846072320,36,0.14798548257162975,0.14179834619992304
EleutherAI/pythia-12b,65,step64,18,25,11846072320,36,0.09554952713059588,0.1987947876825257
EleutherAI/pythia-12b,65,step64,18,26,11846072320,36,0.12679529079870952,0.16849166305327376
EleutherAI/pythia-12b,65,step64,18,27,11846072320,36,0.11801200567020306,0.18640873024614898
EleutherAI/pythia-12b,65,step64,18,28,11846072320,36,0.12182707612489432,0.15994201834081437
EleutherAI/pythia-12b,65,step64,18,29,11846072320,36,0.12359497984228009,0.1721352064652038
EleutherAI/pythia-12b,65,step64,18,30,11846072320,36,0.12971361512849636,0.16812939086632503
EleutherAI/pythia-12b,65,step64,18,31,11846072320,36,0.11191370464615273,0.16857553837826478
EleutherAI/pythia-12b,65,step64,18,32,11846072320,36,0.16081978331457025,0.17766321705536794
EleutherAI/pythia-12b,65,step64,18,33,11846072320,36,0.13910349429929036,0.15195194283058422
EleutherAI/pythia-12b,65,step64,18,34,11846072320,36,0.15644601902535724,0.11951021557287854
EleutherAI/pythia-12b,65,step64,18,35,11846072320,36,0.1363233658890645,0.1937960928009526
EleutherAI/pythia-12b,65,step64,18,36,11846072320,36,0.10284869468494037,0.19227918953978795
EleutherAI/pythia-12b,65,step64,18,37,11846072320,36,0.08796019954522984,0.21539524247081157
EleutherAI/pythia-12b,65,step64,18,38,11846072320,36,0.161195740086941,0.14977413357176755
EleutherAI/pythia-12b,65,step64,18,39,11846072320,36,0.11952751496801144,0.16212342426673065
EleutherAI/pythia-12b,65,step64,18,40,11846072320,36,0.12819877808896804,0.1864504172010822
EleutherAI/pythia-12b,65,step64,19,1,11846072320,36,0.1416589966206042,0.15178485825523597
EleutherAI/pythia-12b,65,step64,19,2,11846072320,36,0.13989042552808917,0.1529469241335003
EleutherAI/pythia-12b,65,step64,19,3,11846072320,36,0.11618202689800172,0.18848632802409268
EleutherAI/pythia-12b,65,step64,19,4,11846072320,36,0.1729748147027986,0.12804280865277431
EleutherAI/pythia-12b,65,step64,19,5,11846072320,36,0.13550040799307747,0.14420477324654835
EleutherAI/pythia-12b,65,step64,19,6,11846072320,36,0.14587077952630523,0.17053582102295242
EleutherAI/pythia-12b,65,step64,19,7,11846072320,36,0.21208619175327786,0.13057544984919078
EleutherAI/pythia-12b,65,step64,19,8,11846072320,36,0.12859888107994114,0.17588955251774088
EleutherAI/pythia-12b,65,step64,19,9,11846072320,36,0.11431520290717523,0.17746122395368036
EleutherAI/pythia-12b,65,step64,19,10,11846072320,36,0.1546143065780043,0.1637730187800777
EleutherAI/pythia-12b,65,step64,19,11,11846072320,36,0.1015794190379592,0.17172178944891633
EleutherAI/pythia-12b,65,step64,19,12,11846072320,36,0.1180662347266713,0.19535678285020244
EleutherAI/pythia-12b,65,step64,19,13,11846072320,36,0.13410721234306017,0.17412184197008157
EleutherAI/pythia-12b,65,step64,19,14,11846072320,36,0.1507824548204113,0.14203501849605868
EleutherAI/pythia-12b,65,step64,19,15,11846072320,36,0.09392868332822128,0.22744018709225514
EleutherAI/pythia-12b,65,step64,19,16,11846072320,36,0.13683260047064347,0.1892098631743375
EleutherAI/pythia-12b,65,step64,19,17,11846072320,36,0.12335966795951392,0.15155301860872059
EleutherAI/pythia-12b,65,step64,19,18,11846072320,36,0.10594842751306273,0.17386680877244504
EleutherAI/pythia-12b,65,step64,19,19,11846072320,36,0.10100634570873979,0.19649406729473004
EleutherAI/pythia-12b,65,step64,19,20,11846072320,36,0.10715883959073558,0.19354513879339613
EleutherAI/pythia-12b,65,step64,19,21,11846072320,36,0.1356959799556313,0.14653928988744633
EleutherAI/pythia-12b,65,step64,19,22,11846072320,36,0.12397653679992697,0.1672976235593403
EleutherAI/pythia-12b,65,step64,19,23,11846072320,36,0.18104735494510185,0.15777625056828282
EleutherAI/pythia-12b,65,step64,19,24,11846072320,36,0.10920933103496512,0.1733507500183922
EleutherAI/pythia-12b,65,step64,19,25,11846072320,36,0.10781124281185163,0.16697454046704116
EleutherAI/pythia-12b,65,step64,19,26,11846072320,36,0.1196016770628121,0.18528797967476884
EleutherAI/pythia-12b,65,step64,19,27,11846072320,36,0.13309986588430472,0.16471864882431494
EleutherAI/pythia-12b,65,step64,19,28,11846072320,36,0.09444915545494613,0.20674008023072107
EleutherAI/pythia-12b,65,step64,19,29,11846072320,36,0.12538035654717375,0.16703361797205227
EleutherAI/pythia-12b,65,step64,19,30,11846072320,36,0.0864361927092254,0.17495250761755052
EleutherAI/pythia-12b,65,step64,19,31,11846072320,36,0.10786576661373577,0.19567597832519545
EleutherAI/pythia-12b,65,step64,19,32,11846072320,36,0.10987545174264063,0.19239397652659773
EleutherAI/pythia-12b,65,step64,19,33,11846072320,36,0.10854710643557273,0.16814732785384215
EleutherAI/pythia-12b,65,step64,19,34,11846072320,36,0.16535046914810528,0.14486987427906226
EleutherAI/pythia-12b,65,step64,19,35,11846072320,36,0.15804443287442213,0.16121367452101212
EleutherAI/pythia-12b,65,step64,19,36,11846072320,36,0.12886813945799794,0.1665295923279749
EleutherAI/pythia-12b,65,step64,19,37,11846072320,36,0.1166998616814076,0.1608079687521622
EleutherAI/pythia-12b,65,step64,19,38,11846072320,36,0.13215591236053997,0.16501972092701503
EleutherAI/pythia-12b,65,step64,19,39,11846072320,36,0.1220162081624473,0.1529963405260273
EleutherAI/pythia-12b,65,step64,19,40,11846072320,36,0.07930732862716229,0.18868796122973563
EleutherAI/pythia-12b,65,step64,20,1,11846072320,36,0.13102282480792593,0.1480803053781345
EleutherAI/pythia-12b,65,step64,20,2,11846072320,36,0.1266863932861043,0.17259549452467363
EleutherAI/pythia-12b,65,step64,20,3,11846072320,36,0.09820920340269353,0.20424532219655694
EleutherAI/pythia-12b,65,step64,20,4,11846072320,36,0.05794364268480385,0.21787932262316834
EleutherAI/pythia-12b,65,step64,20,5,11846072320,36,0.10326429787049955,0.1615392834496301
EleutherAI/pythia-12b,65,step64,20,6,11846072320,36,0.1280688268800934,0.12941979315109525
EleutherAI/pythia-12b,65,step64,20,7,11846072320,36,0.1372389679959228,0.1845449169471233
EleutherAI/pythia-12b,65,step64,20,8,11846072320,36,0.11478272082658855,0.17556587639110935
EleutherAI/pythia-12b,65,step64,20,9,11846072320,36,0.13239127099961487,0.14377295455193373
EleutherAI/pythia-12b,65,step64,20,10,11846072320,36,0.12105027532523813,0.1658927629234733
EleutherAI/pythia-12b,65,step64,20,11,11846072320,36,0.10829068494362154,0.1549439113167626
EleutherAI/pythia-12b,65,step64,20,12,11846072320,36,0.13136430398502325,0.1794452306118097
EleutherAI/pythia-12b,65,step64,20,13,11846072320,36,0.10701358675196002,0.16095615717562822
EleutherAI/pythia-12b,65,step64,20,14,11846072320,36,0.14090513359117612,0.19356154520120522
EleutherAI/pythia-12b,65,step64,20,15,11846072320,36,0.13099275273760336,0.18586024259393275
EleutherAI/pythia-12b,65,step64,20,16,11846072320,36,0.14724147618488145,0.15062033851818366
EleutherAI/pythia-12b,65,step64,20,17,11846072320,36,0.11892400749094847,0.1818785904640997
EleutherAI/pythia-12b,65,step64,20,18,11846072320,36,0.13875398923595383,0.14929741016916323
EleutherAI/pythia-12b,65,step64,20,19,11846072320,36,0.1060698953745243,0.16583457341356136
EleutherAI/pythia-12b,65,step64,20,20,11846072320,36,0.16012322527912998,0.14129289658879995
EleutherAI/pythia-12b,65,step64,20,21,11846072320,36,0.11094809614412773,0.16918623490488383
EleutherAI/pythia-12b,65,step64,20,22,11846072320,36,0.14046824288305573,0.15391833514713485
EleutherAI/pythia-12b,65,step64,20,23,11846072320,36,0.1368028602923627,0.1766608948889258
EleutherAI/pythia-12b,65,step64,20,24,11846072320,36,0.11576422613237172,0.18891207535692428
EleutherAI/pythia-12b,65,step64,20,25,11846072320,36,0.09472109966382783,0.20409138670174384
EleutherAI/pythia-12b,65,step64,20,26,11846072320,36,0.14655497269676965,0.15420662041462663
EleutherAI/pythia-12b,65,step64,20,27,11846072320,36,0.08778303466435215,0.20084623047696037
EleutherAI/pythia-12b,65,step64,20,28,11846072320,36,0.16004608405960927,0.1349028609133697
EleutherAI/pythia-12b,65,step64,20,29,11846072320,36,0.10771955438965071,0.16834699419850072
EleutherAI/pythia-12b,65,step64,20,30,11846072320,36,0.12073855865578927,0.1759989273988896
EleutherAI/pythia-12b,65,step64,20,31,11846072320,36,0.07783995140567641,0.20247619928003427
EleutherAI/pythia-12b,65,step64,20,32,11846072320,36,0.1291377228816171,0.17090225408228485
EleutherAI/pythia-12b,65,step64,20,33,11846072320,36,0.1366450616771036,0.17491236387810724
EleutherAI/pythia-12b,65,step64,20,34,11846072320,36,0.10278375170476081,0.17674751831470306
EleutherAI/pythia-12b,65,step64,20,35,11846072320,36,0.1266021413376202,0.15108991475837363
EleutherAI/pythia-12b,65,step64,20,36,11846072320,36,0.1146282702684402,0.15841349439175276
EleutherAI/pythia-12b,65,step64,20,37,11846072320,36,0.11751653898966022,0.17205055912134343
EleutherAI/pythia-12b,65,step64,20,38,11846072320,36,0.1105333007648363,0.17045929547477587
EleutherAI/pythia-12b,65,step64,20,39,11846072320,36,0.14004767060772072,0.17351944733399882
EleutherAI/pythia-12b,65,step64,20,40,11846072320,36,0.08237949565791328,0.21382631155083304
EleutherAI/pythia-12b,65,step64,21,1,11846072320,36,0.11273095451362494,0.16196322372300664
EleutherAI/pythia-12b,65,step64,21,2,11846072320,36,0.14093809971423654,0.1620275163100109
EleutherAI/pythia-12b,65,step64,21,3,11846072320,36,0.14250368325671808,0.13355638863177624
EleutherAI/pythia-12b,65,step64,21,4,11846072320,36,0.13636114862789436,0.1552156389134379
EleutherAI/pythia-12b,65,step64,21,5,11846072320,36,0.1583143317395144,0.1340900340897811
EleutherAI/pythia-12b,65,step64,21,6,11846072320,36,0.13804365390234877,0.17602478804531035
EleutherAI/pythia-12b,65,step64,21,7,11846072320,36,0.1730171417755944,0.1440028257265284
EleutherAI/pythia-12b,65,step64,21,8,11846072320,36,0.13399088270850362,0.16706931086497617
EleutherAI/pythia-12b,65,step64,21,9,11846072320,36,0.10501607393359275,0.15578109186769154
EleutherAI/pythia-12b,65,step64,21,10,11846072320,36,0.0959494476494667,0.16774102137633806
EleutherAI/pythia-12b,65,step64,21,11,11846072320,36,0.12100417496966524,0.13923420305098136
EleutherAI/pythia-12b,65,step64,21,12,11846072320,36,0.14582612189847424,0.1391572159387775
EleutherAI/pythia-12b,65,step64,21,13,11846072320,36,0.11871662257692295,0.17285916923234856
EleutherAI/pythia-12b,65,step64,21,14,11846072320,36,0.14726309871508012,0.14601641584903713
EleutherAI/pythia-12b,65,step64,21,15,11846072320,36,0.09914712729519816,0.1937235370837711
EleutherAI/pythia-12b,65,step64,21,16,11846072320,36,0.1432805708455699,0.16668341030833775
EleutherAI/pythia-12b,65,step64,21,17,11846072320,36,0.13210127516663642,0.1709942710180361
EleutherAI/pythia-12b,65,step64,21,18,11846072320,36,0.11945717362267473,0.18164223580769406
EleutherAI/pythia-12b,65,step64,21,19,11846072320,36,0.12432819079641282,0.18417142339990478
EleutherAI/pythia-12b,65,step64,21,20,11846072320,36,0.11177633701076911,0.16551153402909766
EleutherAI/pythia-12b,65,step64,21,21,11846072320,36,0.15553079334621847,0.1614841924583142
EleutherAI/pythia-12b,65,step64,21,22,11846072320,36,0.1451345932734263,0.13868359727197666
EleutherAI/pythia-12b,65,step64,21,23,11846072320,36,0.11407997734374824,0.16013029595283235
EleutherAI/pythia-12b,65,step64,21,24,11846072320,36,0.1448013417020037,0.13773392634494253
EleutherAI/pythia-12b,65,step64,21,25,11846072320,36,0.10693783375683485,0.19246247212483625
EleutherAI/pythia-12b,65,step64,21,26,11846072320,36,0.24835489276382655,0.11863342267055586
EleutherAI/pythia-12b,65,step64,21,27,11846072320,36,0.1307907549625223,0.16477297966902674
EleutherAI/pythia-12b,65,step64,21,28,11846072320,36,0.12368415647910697,0.1566105900953213
EleutherAI/pythia-12b,65,step64,21,29,11846072320,36,0.0860641889117501,0.196864444611443
EleutherAI/pythia-12b,65,step64,21,30,11846072320,36,0.14979145656879594,0.17604808102700262
EleutherAI/pythia-12b,65,step64,21,31,11846072320,36,0.1070805832676522,0.16614628937542883
EleutherAI/pythia-12b,65,step64,21,32,11846072320,36,0.1153928039444459,0.1792127965941085
EleutherAI/pythia-12b,65,step64,21,33,11846072320,36,0.13802903011866335,0.155116165123947
EleutherAI/pythia-12b,65,step64,21,34,11846072320,36,0.11419247449641377,0.16472529898489913
EleutherAI/pythia-12b,65,step64,21,35,11846072320,36,0.11154814500238619,0.17411167523054563
EleutherAI/pythia-12b,65,step64,21,36,11846072320,36,0.14334815839031434,0.1472742358451938
EleutherAI/pythia-12b,65,step64,21,37,11846072320,36,0.11259995977598443,0.15599616137598904
EleutherAI/pythia-12b,65,step64,21,38,11846072320,36,0.12361174148392745,0.1539385193069507
EleutherAI/pythia-12b,65,step64,21,39,11846072320,36,0.08915069850033017,0.2116318097276551
EleutherAI/pythia-12b,65,step64,21,40,11846072320,36,0.13720131621838685,0.1733481406986534
EleutherAI/pythia-12b,65,step64,22,1,11846072320,36,0.0920731425201436,0.17937198809317279
EleutherAI/pythia-12b,65,step64,22,2,11846072320,36,0.09646413654827315,0.16318104641551187
EleutherAI/pythia-12b,65,step64,22,3,11846072320,36,0.15140911564230913,0.17053508438035708
EleutherAI/pythia-12b,65,step64,22,4,11846072320,36,0.1268340820340333,0.15938839189954343
EleutherAI/pythia-12b,65,step64,22,5,11846072320,36,0.14916715537150338,0.14240840458319526
EleutherAI/pythia-12b,65,step64,22,6,11846072320,36,0.1364656417790028,0.17718643347198537
EleutherAI/pythia-12b,65,step64,22,7,11846072320,36,0.18377183225598775,0.13668375112698058
EleutherAI/pythia-12b,65,step64,22,8,11846072320,36,0.13915605344683732,0.12926833182237701
EleutherAI/pythia-12b,65,step64,22,9,11846072320,36,0.14374367727733048,0.14856856672076488
EleutherAI/pythia-12b,65,step64,22,10,11846072320,36,0.12112954227035642,0.15546778939082634
EleutherAI/pythia-12b,65,step64,22,11,11846072320,36,0.1064745767249001,0.19359187551916715
EleutherAI/pythia-12b,65,step64,22,12,11846072320,36,0.12569397967029078,0.17598100202913217
EleutherAI/pythia-12b,65,step64,22,13,11846072320,36,0.13799933675822013,0.15573738185918184
EleutherAI/pythia-12b,65,step64,22,14,11846072320,36,0.09075988832212331,0.18731435199824714
EleutherAI/pythia-12b,65,step64,22,15,11846072320,36,0.12165204618495322,0.19253780515500907
EleutherAI/pythia-12b,65,step64,22,16,11846072320,36,0.20397841477313552,0.12001088820118173
EleutherAI/pythia-12b,65,step64,22,17,11846072320,36,0.08695856112897302,0.2020975515671499
EleutherAI/pythia-12b,65,step64,22,18,11846072320,36,0.18356362023242598,0.13938966548970866
EleutherAI/pythia-12b,65,step64,22,19,11846072320,36,0.16016799933067308,0.1488323416784629
EleutherAI/pythia-12b,65,step64,22,20,11846072320,36,0.14347180319731834,0.16009498469240668
EleutherAI/pythia-12b,65,step64,22,21,11846072320,36,0.12886558874166223,0.17073921057711666
EleutherAI/pythia-12b,65,step64,22,22,11846072320,36,0.14482537815878696,0.15069536740860867
EleutherAI/pythia-12b,65,step64,22,23,11846072320,36,0.1451724165373736,0.16765536154779762
EleutherAI/pythia-12b,65,step64,22,24,11846072320,36,0.13386691304052373,0.1414699521273732
EleutherAI/pythia-12b,65,step64,22,25,11846072320,36,0.11450474212007654,0.19357107317930938
EleutherAI/pythia-12b,65,step64,22,26,11846072320,36,0.12063965477138842,0.16449863505591675
EleutherAI/pythia-12b,65,step64,22,27,11846072320,36,0.09468757589389608,0.21873553983822416
EleutherAI/pythia-12b,65,step64,22,28,11846072320,36,0.15614141588722974,0.13536312988492188
EleutherAI/pythia-12b,65,step64,22,29,11846072320,36,0.14667057300227,0.13037366137557377
EleutherAI/pythia-12b,65,step64,22,30,11846072320,36,0.1209186149800235,0.153183774225548
EleutherAI/pythia-12b,65,step64,22,31,11846072320,36,0.12639661166850508,0.17396913532603964
EleutherAI/pythia-12b,65,step64,22,32,11846072320,36,0.14338919229514602,0.16963297568328742
EleutherAI/pythia-12b,65,step64,22,33,11846072320,36,0.08722985996487169,0.21102899149082618
EleutherAI/pythia-12b,65,step64,22,34,11846072320,36,0.1281634582648495,0.17932959424482806
EleutherAI/pythia-12b,65,step64,22,35,11846072320,36,0.13893422361340246,0.167512208542174
EleutherAI/pythia-12b,65,step64,22,36,11846072320,36,0.13396643611739523,0.17068845183552203
EleutherAI/pythia-12b,65,step64,22,37,11846072320,36,0.08295206741538935,0.16838032220330856
EleutherAI/pythia-12b,65,step64,22,38,11846072320,36,0.14489904585834196,0.17174291607921005
EleutherAI/pythia-12b,65,step64,22,39,11846072320,36,0.14098729768225376,0.18264103724478598
EleutherAI/pythia-12b,65,step64,22,40,11846072320,36,0.13057336680501605,0.17003967499992506
EleutherAI/pythia-12b,65,step64,23,1,11846072320,36,0.12663932789575763,0.12237538948554441
EleutherAI/pythia-12b,65,step64,23,2,11846072320,36,0.13064082180549785,0.1552155689691548
EleutherAI/pythia-12b,65,step64,23,3,11846072320,36,0.17293228441709507,0.12319891276145657
EleutherAI/pythia-12b,65,step64,23,4,11846072320,36,0.24057506151251246,0.10584782934314134
EleutherAI/pythia-12b,65,step64,23,5,11846072320,36,0.1046455999886667,0.17037764485847123
EleutherAI/pythia-12b,65,step64,23,6,11846072320,36,0.13284572974048753,0.1609098471913699
EleutherAI/pythia-12b,65,step64,23,7,11846072320,36,0.12317990618492207,0.1784169493584303
EleutherAI/pythia-12b,65,step64,23,8,11846072320,36,0.11119493823106937,0.18057891844517293
EleutherAI/pythia-12b,65,step64,23,9,11846072320,36,0.12319598590826483,0.14515901214300508
EleutherAI/pythia-12b,65,step64,23,10,11846072320,36,0.12650366429541557,0.16793542254056118
EleutherAI/pythia-12b,65,step64,23,11,11846072320,36,0.09390285641637378,0.19657655100564694
EleutherAI/pythia-12b,65,step64,23,12,11846072320,36,0.14818039761335997,0.17213526434144813
EleutherAI/pythia-12b,65,step64,23,13,11846072320,36,0.11866120336851375,0.18509619891665893
EleutherAI/pythia-12b,65,step64,23,14,11846072320,36,0.13675168627598977,0.17494965505761065
EleutherAI/pythia-12b,65,step64,23,15,11846072320,36,0.12539118358322804,0.170002574414328
EleutherAI/pythia-12b,65,step64,23,16,11846072320,36,0.10878050259059968,0.1833151123757745
EleutherAI/pythia-12b,65,step64,23,17,11846072320,36,0.15121629607637183,0.15581924700410332
EleutherAI/pythia-12b,65,step64,23,18,11846072320,36,0.19316945534881882,0.17225463367305
EleutherAI/pythia-12b,65,step64,23,19,11846072320,36,0.10014711630841092,0.17885324960244486
EleutherAI/pythia-12b,65,step64,23,20,11846072320,36,0.15518954663618545,0.1766859000498378
EleutherAI/pythia-12b,65,step64,23,21,11846072320,36,0.08234204523343668,0.20208602750466925
EleutherAI/pythia-12b,65,step64,23,22,11846072320,36,0.07306352070345351,0.2084506008069257
EleutherAI/pythia-12b,65,step64,23,23,11846072320,36,0.1426509215745392,0.16461612861995042
EleutherAI/pythia-12b,65,step64,23,24,11846072320,36,0.12046501204908427,0.1564990044165928
EleutherAI/pythia-12b,65,step64,23,25,11846072320,36,0.15529220744788463,0.1351433800220176
EleutherAI/pythia-12b,65,step64,23,26,11846072320,36,0.1536442124181323,0.14810828995463007
EleutherAI/pythia-12b,65,step64,23,27,11846072320,36,0.16130009611268656,0.15658088400959963
EleutherAI/pythia-12b,65,step64,23,28,11846072320,36,0.09148887211496046,0.17307135910802593
EleutherAI/pythia-12b,65,step64,23,29,11846072320,36,0.11321548027386354,0.1588849469057253
EleutherAI/pythia-12b,65,step64,23,30,11846072320,36,0.11377446073759064,0.20466064672368958
EleutherAI/pythia-12b,65,step64,23,31,11846072320,36,0.11574487063149964,0.1947871163912542
EleutherAI/pythia-12b,65,step64,23,32,11846072320,36,0.11593748982044845,0.1800131397070111
EleutherAI/pythia-12b,65,step64,23,33,11846072320,36,0.12215006491309167,0.14898572313982442
EleutherAI/pythia-12b,65,step64,23,34,11846072320,36,0.12624419067200415,0.15869599163487505
EleutherAI/pythia-12b,65,step64,23,35,11846072320,36,0.10541490343463668,0.17173200030741206
EleutherAI/pythia-12b,65,step64,23,36,11846072320,36,0.1890485215898569,0.12953290806428802
EleutherAI/pythia-12b,65,step64,23,37,11846072320,36,0.13414637718137137,0.17069230592801224
EleutherAI/pythia-12b,65,step64,23,38,11846072320,36,0.09646593779045805,0.1887537095382496
EleutherAI/pythia-12b,65,step64,23,39,11846072320,36,0.15834894489955612,0.1358551026822568
EleutherAI/pythia-12b,65,step64,23,40,11846072320,36,0.13620860317537373,0.16301927450406656
EleutherAI/pythia-12b,65,step64,24,1,11846072320,36,0.12538650479201258,0.1693346379912114
EleutherAI/pythia-12b,65,step64,24,2,11846072320,36,0.110681767192286,0.1718060892891955
EleutherAI/pythia-12b,65,step64,24,3,11846072320,36,0.10724387207703365,0.1585226278505973
EleutherAI/pythia-12b,65,step64,24,4,11846072320,36,0.15480326510988193,0.1492117844108078
EleutherAI/pythia-12b,65,step64,24,5,11846072320,36,0.10663276285425316,0.1968410567411252
EleutherAI/pythia-12b,65,step64,24,6,11846072320,36,0.16181568764485751,0.15765712680938362
EleutherAI/pythia-12b,65,step64,24,7,11846072320,36,0.10587444025519728,0.17389283189130522
EleutherAI/pythia-12b,65,step64,24,8,11846072320,36,0.12336505063482228,0.17177860556287805
EleutherAI/pythia-12b,65,step64,24,9,11846072320,36,0.13234723235170043,0.1908007978822465
EleutherAI/pythia-12b,65,step64,24,10,11846072320,36,0.10482975031744249,0.19285885553930074
EleutherAI/pythia-12b,65,step64,24,11,11846072320,36,0.1212005868397496,0.14073477512611457
EleutherAI/pythia-12b,65,step64,24,12,11846072320,36,0.1227317207546026,0.16598374880402827
EleutherAI/pythia-12b,65,step64,24,13,11846072320,36,0.07610597883773454,0.1908661543752427
EleutherAI/pythia-12b,65,step64,24,14,11846072320,36,0.0940404822378679,0.19876374503424213
EleutherAI/pythia-12b,65,step64,24,15,11846072320,36,0.12520193401444418,0.19267140339511826
EleutherAI/pythia-12b,65,step64,24,16,11846072320,36,0.12125372852537183,0.1510065628087019
EleutherAI/pythia-12b,65,step64,24,17,11846072320,36,0.09082020027982486,0.17288142761534395
EleutherAI/pythia-12b,65,step64,24,18,11846072320,36,0.13141282603099894,0.1740396565313006
EleutherAI/pythia-12b,65,step64,24,19,11846072320,36,0.12492726885856267,0.15736114134167403
EleutherAI/pythia-12b,65,step64,24,20,11846072320,36,0.06591986554084682,0.19595819551150895
EleutherAI/pythia-12b,65,step64,24,21,11846072320,36,0.12097744079860477,0.17523128084010545
EleutherAI/pythia-12b,65,step64,24,22,11846072320,36,0.092099454027374,0.18718690724970696
EleutherAI/pythia-12b,65,step64,24,23,11846072320,36,0.09240363271453891,0.17803712656257206
EleutherAI/pythia-12b,65,step64,24,24,11846072320,36,0.0909384039815168,0.17773512473424988
EleutherAI/pythia-12b,65,step64,24,25,11846072320,36,0.10575486750372712,0.1858269673780546
EleutherAI/pythia-12b,65,step64,24,26,11846072320,36,0.0878094177100214,0.19588735538000634
EleutherAI/pythia-12b,65,step64,24,27,11846072320,36,0.1172978931719118,0.16842665160550277
EleutherAI/pythia-12b,65,step64,24,28,11846072320,36,0.1367817719274007,0.1519911614199121
EleutherAI/pythia-12b,65,step64,24,29,11846072320,36,0.07751845413198069,0.21217084520527188
EleutherAI/pythia-12b,65,step64,24,30,11846072320,36,0.1368974078804612,0.15571656872381315
EleutherAI/pythia-12b,65,step64,24,31,11846072320,36,0.10899727613114196,0.18533639781535025
EleutherAI/pythia-12b,65,step64,24,32,11846072320,36,0.09405185881856679,0.1701653533120144
EleutherAI/pythia-12b,65,step64,24,33,11846072320,36,0.13051878630712221,0.1847329934046522
EleutherAI/pythia-12b,65,step64,24,34,11846072320,36,0.14342333932963752,0.14654235168172786
EleutherAI/pythia-12b,65,step64,24,35,11846072320,36,0.1327075898457128,0.15508497629997067
EleutherAI/pythia-12b,65,step64,24,36,11846072320,36,0.11408018815826185,0.18988625795857322
EleutherAI/pythia-12b,65,step64,24,37,11846072320,36,0.11679061289104788,0.1706706370945807
EleutherAI/pythia-12b,65,step64,24,38,11846072320,36,0.15209318892107349,0.1581611263680386
EleutherAI/pythia-12b,65,step64,24,39,11846072320,36,0.11682149991616826,0.17132355085386702
EleutherAI/pythia-12b,65,step64,24,40,11846072320,36,0.09838595432047546,0.1609074068185803
EleutherAI/pythia-12b,65,step64,25,1,11846072320,36,0.15527277573518025,0.16450712799623202
EleutherAI/pythia-12b,65,step64,25,2,11846072320,36,0.1381128409558588,0.13866886871869674
EleutherAI/pythia-12b,65,step64,25,3,11846072320,36,0.184362232092175,0.13772424443292094
EleutherAI/pythia-12b,65,step64,25,4,11846072320,36,0.11104571936769524,0.17214008363092442
EleutherAI/pythia-12b,65,step64,25,5,11846072320,36,0.09966420493013145,0.1731596752866968
EleutherAI/pythia-12b,65,step64,25,6,11846072320,36,0.10152747560370788,0.17890624526339963
EleutherAI/pythia-12b,65,step64,25,7,11846072320,36,0.16379265243875546,0.14773041468572326
EleutherAI/pythia-12b,65,step64,25,8,11846072320,36,0.08316271306035124,0.18330632702813845
EleutherAI/pythia-12b,65,step64,25,9,11846072320,36,0.13889512712242183,0.1504706139690256
EleutherAI/pythia-12b,65,step64,25,10,11846072320,36,0.10987049712612101,0.2160596018405379
EleutherAI/pythia-12b,65,step64,25,11,11846072320,36,0.09954606213637654,0.20865762935722013
EleutherAI/pythia-12b,65,step64,25,12,11846072320,36,0.1064454459727884,0.1487405925105373
EleutherAI/pythia-12b,65,step64,25,13,11846072320,36,0.14170661287846503,0.16615178429887992
EleutherAI/pythia-12b,65,step64,25,14,11846072320,36,0.08919560898363854,0.1910568756742162
EleutherAI/pythia-12b,65,step64,25,15,11846072320,36,0.15250727688675525,0.15312271594844598
EleutherAI/pythia-12b,65,step64,25,16,11846072320,36,0.0529496856005834,0.21147261757414795
EleutherAI/pythia-12b,65,step64,25,17,11846072320,36,0.11950727936450958,0.16143107654767347
EleutherAI/pythia-12b,65,step64,25,18,11846072320,36,0.16438935025855222,0.14775680326618942
EleutherAI/pythia-12b,65,step64,25,19,11846072320,36,0.11690067787383407,0.15605291970320287
EleutherAI/pythia-12b,65,step64,25,20,11846072320,36,0.1484832501782848,0.15304336164918564
EleutherAI/pythia-12b,65,step64,25,21,11846072320,36,0.1054997835140507,0.20188332894431038
EleutherAI/pythia-12b,65,step64,25,22,11846072320,36,0.15996797980220465,0.146308682204501
EleutherAI/pythia-12b,65,step64,25,23,11846072320,36,0.14604309950773417,0.1413295826183872
EleutherAI/pythia-12b,65,step64,25,24,11846072320,36,0.18326281824403692,0.1413537392689211
EleutherAI/pythia-12b,65,step64,25,25,11846072320,36,0.16892240265266847,0.17160143146666137
EleutherAI/pythia-12b,65,step64,25,26,11846072320,36,0.1165471023770871,0.13531888324442923
EleutherAI/pythia-12b,65,step64,25,27,11846072320,36,0.08641908454845793,0.21991201730126192
EleutherAI/pythia-12b,65,step64,25,28,11846072320,36,0.15522708686756653,0.16297900805378457
EleutherAI/pythia-12b,65,step64,25,29,11846072320,36,0.1315524054987652,0.16448527268852822
EleutherAI/pythia-12b,65,step64,25,30,11846072320,36,0.15495355617445147,0.16892928942232513
EleutherAI/pythia-12b,65,step64,25,31,11846072320,36,0.12451780375440016,0.16192753723187664
EleutherAI/pythia-12b,65,step64,25,32,11846072320,36,0.08421178805074082,0.18086292581246777
EleutherAI/pythia-12b,65,step64,25,33,11846072320,36,0.09682333031976899,0.18205150285058905
EleutherAI/pythia-12b,65,step64,25,34,11846072320,36,0.1289228644479323,0.15276964636402082
EleutherAI/pythia-12b,65,step64,25,35,11846072320,36,0.10711781699042595,0.16472115866593767
EleutherAI/pythia-12b,65,step64,25,36,11846072320,36,0.11390429812374411,0.1790694228342703
EleutherAI/pythia-12b,65,step64,25,37,11846072320,36,0.09545213231598736,0.19378844012615376
EleutherAI/pythia-12b,65,step64,25,38,11846072320,36,0.07440129617458434,0.22914680538771742
EleutherAI/pythia-12b,65,step64,25,39,11846072320,36,0.10750978597783824,0.18391574829167964
EleutherAI/pythia-12b,65,step64,25,40,11846072320,36,0.08087480173644804,0.1640564636089601
EleutherAI/pythia-12b,65,step64,26,1,11846072320,36,0.10201251137632503,0.18516442764762997
EleutherAI/pythia-12b,65,step64,26,2,11846072320,36,0.11853888425025134,0.1781286887835722
EleutherAI/pythia-12b,65,step64,26,3,11846072320,36,0.10890623072425162,0.17551205199849493
EleutherAI/pythia-12b,65,step64,26,4,11846072320,36,0.09184274193201512,0.18744769618306698
EleutherAI/pythia-12b,65,step64,26,5,11846072320,36,0.13254251095044,0.15609778859862333
EleutherAI/pythia-12b,65,step64,26,6,11846072320,36,0.13017582925814045,0.16630409862118972
EleutherAI/pythia-12b,65,step64,26,7,11846072320,36,0.15162735526357682,0.14285591409986348
EleutherAI/pythia-12b,65,step64,26,8,11846072320,36,0.09707502350378945,0.19392605122547962
EleutherAI/pythia-12b,65,step64,26,9,11846072320,36,0.08872392121702428,0.23159810045437587
EleutherAI/pythia-12b,65,step64,26,10,11846072320,36,0.12728501275718745,0.1616581905655585
EleutherAI/pythia-12b,65,step64,26,11,11846072320,36,0.12369940862865057,0.17831220801684766
EleutherAI/pythia-12b,65,step64,26,12,11846072320,36,0.080717847036483,0.22827103258007098
EleutherAI/pythia-12b,65,step64,26,13,11846072320,36,0.09343853473171096,0.19307183624768218
EleutherAI/pythia-12b,65,step64,26,14,11846072320,36,0.10931593069510234,0.1793522328339718
EleutherAI/pythia-12b,65,step64,26,15,11846072320,36,0.15062346812281696,0.1859699515541931
EleutherAI/pythia-12b,65,step64,26,16,11846072320,36,0.1213779621016424,0.16322912219855873
EleutherAI/pythia-12b,65,step64,26,17,11846072320,36,0.09940352846865536,0.1831423248536325
EleutherAI/pythia-12b,65,step64,26,18,11846072320,36,0.12402355534446843,0.17347115900244436
EleutherAI/pythia-12b,65,step64,26,19,11846072320,36,0.11772125462131632,0.1760017980762698
EleutherAI/pythia-12b,65,step64,26,20,11846072320,36,0.11840060128419244,0.1719496335565775
EleutherAI/pythia-12b,65,step64,26,21,11846072320,36,0.16200445435784597,0.149576356712807
EleutherAI/pythia-12b,65,step64,26,22,11846072320,36,0.1982820515070591,0.13707752119716218
EleutherAI/pythia-12b,65,step64,26,23,11846072320,36,0.09959829633904466,0.18658140558447384
EleutherAI/pythia-12b,65,step64,26,24,11846072320,36,0.13100329831846658,0.15283553861081595
EleutherAI/pythia-12b,65,step64,26,25,11846072320,36,0.16222483793402215,0.13013450310820032
EleutherAI/pythia-12b,65,step64,26,26,11846072320,36,0.12407812577960366,0.15656909744839764
EleutherAI/pythia-12b,65,step64,26,27,11846072320,36,0.12413443125471155,0.16176816463392146
EleutherAI/pythia-12b,65,step64,26,28,11846072320,36,0.1591941179769175,0.13324929422254225
EleutherAI/pythia-12b,65,step64,26,29,11846072320,36,0.16877410182723765,0.13622219267639665
EleutherAI/pythia-12b,65,step64,26,30,11846072320,36,0.159532359311799,0.13896083837380635
EleutherAI/pythia-12b,65,step64,26,31,11846072320,36,0.0896855232476427,0.17736259150366343
EleutherAI/pythia-12b,65,step64,26,32,11846072320,36,0.1288283379809992,0.16619432866908943
EleutherAI/pythia-12b,65,step64,26,33,11846072320,36,0.14748222839545913,0.16964517652921307
EleutherAI/pythia-12b,65,step64,26,34,11846072320,36,0.14187494867310685,0.17193021612974613
EleutherAI/pythia-12b,65,step64,26,35,11846072320,36,0.13695241099184335,0.15046886822024172
EleutherAI/pythia-12b,65,step64,26,36,11846072320,36,0.1535235689477519,0.14860131165890897
EleutherAI/pythia-12b,65,step64,26,37,11846072320,36,0.12755770968446678,0.186267305702508
EleutherAI/pythia-12b,65,step64,26,38,11846072320,36,0.12884413420751284,0.18037645904173896
EleutherAI/pythia-12b,65,step64,26,39,11846072320,36,0.18371481714663918,0.14006115366948077
EleutherAI/pythia-12b,65,step64,26,40,11846072320,36,0.15351339514638565,0.13853168672694632
EleutherAI/pythia-12b,65,step64,27,1,11846072320,36,0.10064879686826159,0.1750888995680812
EleutherAI/pythia-12b,65,step64,27,2,11846072320,36,0.17159591819923198,0.15000891255343457
EleutherAI/pythia-12b,65,step64,27,3,11846072320,36,0.14013585287171437,0.16937214611573617
EleutherAI/pythia-12b,65,step64,27,4,11846072320,36,0.09754205373739512,0.17488980610427016
EleutherAI/pythia-12b,65,step64,27,5,11846072320,36,0.14682942400644486,0.13648747583409326
EleutherAI/pythia-12b,65,step64,27,6,11846072320,36,0.1702988785845381,0.14616104727750778
EleutherAI/pythia-12b,65,step64,27,7,11846072320,36,0.1280796820795661,0.1585150746651016
EleutherAI/pythia-12b,65,step64,27,8,11846072320,36,0.1187190435457605,0.15232722896959505
EleutherAI/pythia-12b,65,step64,27,9,11846072320,36,0.09204237966297621,0.19623482937703615
EleutherAI/pythia-12b,65,step64,27,10,11846072320,36,0.10528738020329141,0.15124984491090693
EleutherAI/pythia-12b,65,step64,27,11,11846072320,36,0.12827570940572036,0.179911375180021
EleutherAI/pythia-12b,65,step64,27,12,11846072320,36,0.11462168445861014,0.16969865309382162
EleutherAI/pythia-12b,65,step64,27,13,11846072320,36,0.11455969879398113,0.1658508918351597
EleutherAI/pythia-12b,65,step64,27,14,11846072320,36,0.0968375061624669,0.17330577077942563
EleutherAI/pythia-12b,65,step64,27,15,11846072320,36,0.11319729402191463,0.19346143602877403
EleutherAI/pythia-12b,65,step64,27,16,11846072320,36,0.17453549546119682,0.15339416693951985
EleutherAI/pythia-12b,65,step64,27,17,11846072320,36,0.12277321369238976,0.18124346248246165
EleutherAI/pythia-12b,65,step64,27,18,11846072320,36,0.1308166238538048,0.17454023939465077
EleutherAI/pythia-12b,65,step64,27,19,11846072320,36,0.14662594598782308,0.15117792205118735
EleutherAI/pythia-12b,65,step64,27,20,11846072320,36,0.10397020914779227,0.1773667372707221
EleutherAI/pythia-12b,65,step64,27,21,11846072320,36,0.16151938640006308,0.1527135434977195
EleutherAI/pythia-12b,65,step64,27,22,11846072320,36,0.12260708592653091,0.1767393013199528
EleutherAI/pythia-12b,65,step64,27,23,11846072320,36,0.08521629014407635,0.20284336973149492
EleutherAI/pythia-12b,65,step64,27,24,11846072320,36,0.11338826636965564,0.17310174495854352
EleutherAI/pythia-12b,65,step64,27,25,11846072320,36,0.1050746088662931,0.16383481118548376
EleutherAI/pythia-12b,65,step64,27,26,11846072320,36,0.0740678890722918,0.1638504304858791
EleutherAI/pythia-12b,65,step64,27,27,11846072320,36,0.09662356869493784,0.16676913133567872
EleutherAI/pythia-12b,65,step64,27,28,11846072320,36,0.11015603202465056,0.15686943707847822
EleutherAI/pythia-12b,65,step64,27,29,11846072320,36,0.1094917016322011,0.19412826239928466
EleutherAI/pythia-12b,65,step64,27,30,11846072320,36,0.15449641427925753,0.14405067839209468
EleutherAI/pythia-12b,65,step64,27,31,11846072320,36,0.09948866521833354,0.19397658930794967
EleutherAI/pythia-12b,65,step64,27,32,11846072320,36,0.10525612795988357,0.17589717955739645
EleutherAI/pythia-12b,65,step64,27,33,11846072320,36,0.11784568337259346,0.1924521406111237
EleutherAI/pythia-12b,65,step64,27,34,11846072320,36,0.16190127089798625,0.1438951426697475
EleutherAI/pythia-12b,65,step64,27,35,11846072320,36,0.17142049423432917,0.13435757555089908
EleutherAI/pythia-12b,65,step64,27,36,11846072320,36,0.13214055372698524,0.1750179865864572
EleutherAI/pythia-12b,65,step64,27,37,11846072320,36,0.11165844930430965,0.16009999054844848
EleutherAI/pythia-12b,65,step64,27,38,11846072320,36,0.10816735703800172,0.1854834338599765
EleutherAI/pythia-12b,65,step64,27,39,11846072320,36,0.14877182824184762,0.15893916798582122
EleutherAI/pythia-12b,65,step64,27,40,11846072320,36,0.13477356303427307,0.15435184574722344
EleutherAI/pythia-12b,65,step64,28,1,11846072320,36,0.1489876371279761,0.12691031627961102
EleutherAI/pythia-12b,65,step64,28,2,11846072320,36,0.15303462302989068,0.14777089159253298
EleutherAI/pythia-12b,65,step64,28,3,11846072320,36,0.12754061233599082,0.1514848131552204
EleutherAI/pythia-12b,65,step64,28,4,11846072320,36,0.1418784798455757,0.1739033577577756
EleutherAI/pythia-12b,65,step64,28,5,11846072320,36,0.1563838029856438,0.13234210441129518
EleutherAI/pythia-12b,65,step64,28,6,11846072320,36,0.12586623047095336,0.18909675471328038
EleutherAI/pythia-12b,65,step64,28,7,11846072320,36,0.18271661899961505,0.15974725320286395
EleutherAI/pythia-12b,65,step64,28,8,11846072320,36,0.10231567157695329,0.20104462194729134
EleutherAI/pythia-12b,65,step64,28,9,11846072320,36,0.14324273032558568,0.15377983119193314
EleutherAI/pythia-12b,65,step64,28,10,11846072320,36,0.10856171861827907,0.17128545986124877
EleutherAI/pythia-12b,65,step64,28,11,11846072320,36,0.21255506379334055,0.1334176348891478
EleutherAI/pythia-12b,65,step64,28,12,11846072320,36,0.12329487082500891,0.1762958535359607
EleutherAI/pythia-12b,65,step64,28,13,11846072320,36,0.1327281324668331,0.15338093796940713
EleutherAI/pythia-12b,65,step64,28,14,11846072320,36,0.12445542158128259,0.1405724443651892
EleutherAI/pythia-12b,65,step64,28,15,11846072320,36,0.08548713583700555,0.19537653611810712
EleutherAI/pythia-12b,65,step64,28,16,11846072320,36,0.1640592398899453,0.13629876771332083
EleutherAI/pythia-12b,65,step64,28,17,11846072320,36,0.1398886583141378,0.16344097619121134
EleutherAI/pythia-12b,65,step64,28,18,11846072320,36,0.11576979360109689,0.18128038503721844
EleutherAI/pythia-12b,65,step64,28,19,11846072320,36,0.1553780686714359,0.14029553159512015
EleutherAI/pythia-12b,65,step64,28,20,11846072320,36,0.12289483407260594,0.16976393245205323
EleutherAI/pythia-12b,65,step64,28,21,11846072320,36,0.13778074776513258,0.17382499540375693
EleutherAI/pythia-12b,65,step64,28,22,11846072320,36,0.06681739724613163,0.2365734617620169
EleutherAI/pythia-12b,65,step64,28,23,11846072320,36,0.18138843144964165,0.15906253129847947
EleutherAI/pythia-12b,65,step64,28,24,11846072320,36,0.12664745946613334,0.14670756045314998
EleutherAI/pythia-12b,65,step64,28,25,11846072320,36,0.11679240751888476,0.1778662535208123
EleutherAI/pythia-12b,65,step64,28,26,11846072320,36,0.12927431935953482,0.15795597581153692
EleutherAI/pythia-12b,65,step64,28,27,11846072320,36,0.14888378170069985,0.16971571741810249
EleutherAI/pythia-12b,65,step64,28,28,11846072320,36,0.12386944141608096,0.18861439678113198
EleutherAI/pythia-12b,65,step64,28,29,11846072320,36,0.07074986149028342,0.1922812507608094
EleutherAI/pythia-12b,65,step64,28,30,11846072320,36,0.11925192630371528,0.18917265611032283
EleutherAI/pythia-12b,65,step64,28,31,11846072320,36,0.10342319019407298,0.18842282327445772
EleutherAI/pythia-12b,65,step64,28,32,11846072320,36,0.10387291070689127,0.17460929281316
EleutherAI/pythia-12b,65,step64,28,33,11846072320,36,0.16143906465521798,0.1583630456099728
EleutherAI/pythia-12b,65,step64,28,34,11846072320,36,0.18313336335458194,0.13350946729717486
EleutherAI/pythia-12b,65,step64,28,35,11846072320,36,0.08866652833750921,0.2005046616635612
EleutherAI/pythia-12b,65,step64,28,36,11846072320,36,0.15533305223550162,0.15040049372470232
EleutherAI/pythia-12b,65,step64,28,37,11846072320,36,0.1657020329713105,0.14539978610681695
EleutherAI/pythia-12b,65,step64,28,38,11846072320,36,0.10385257846398929,0.1599510184939469
EleutherAI/pythia-12b,65,step64,28,39,11846072320,36,0.12136938880468985,0.14800761132738788
EleutherAI/pythia-12b,65,step64,28,40,11846072320,36,0.12096256099909808,0.16047997693824873
EleutherAI/pythia-12b,65,step64,29,1,11846072320,36,0.1059624473354569,0.18130635533918127
EleutherAI/pythia-12b,65,step64,29,2,11846072320,36,0.13202479657333888,0.15870885026302778
EleutherAI/pythia-12b,65,step64,29,3,11846072320,36,0.11146454892314228,0.16392703165856742
EleutherAI/pythia-12b,65,step64,29,4,11846072320,36,0.1456612164753156,0.17007084198117073
EleutherAI/pythia-12b,65,step64,29,5,11846072320,36,0.12260287047528823,0.18178567979428856
EleutherAI/pythia-12b,65,step64,29,6,11846072320,36,0.10987465152958846,0.19126272094142324
EleutherAI/pythia-12b,65,step64,29,7,11846072320,36,0.1367448805845356,0.17290891351195065
EleutherAI/pythia-12b,65,step64,29,8,11846072320,36,0.1009675709100009,0.17511540448276305
EleutherAI/pythia-12b,65,step64,29,9,11846072320,36,0.14556230067669804,0.15313797585062075
EleutherAI/pythia-12b,65,step64,29,10,11846072320,36,0.15623921110062625,0.13803693654949775
EleutherAI/pythia-12b,65,step64,29,11,11846072320,36,0.09546884843469915,0.19062004106359792
EleutherAI/pythia-12b,65,step64,29,12,11846072320,36,0.1407343791210436,0.1505875005568559
EleutherAI/pythia-12b,65,step64,29,13,11846072320,36,0.11180057811240351,0.1678215538573873
EleutherAI/pythia-12b,65,step64,29,14,11846072320,36,0.0897668710498659,0.16649739574585048
EleutherAI/pythia-12b,65,step64,29,15,11846072320,36,0.1558976101691837,0.15771085803058588
EleutherAI/pythia-12b,65,step64,29,16,11846072320,36,0.1416517730198196,0.13549249143236208
EleutherAI/pythia-12b,65,step64,29,17,11846072320,36,0.1439018782798771,0.17544161672102612
EleutherAI/pythia-12b,65,step64,29,18,11846072320,36,0.14531972476311986,0.1505874757327743
EleutherAI/pythia-12b,65,step64,29,19,11846072320,36,0.12427254670017113,0.1860466851396961
EleutherAI/pythia-12b,65,step64,29,20,11846072320,36,0.16393464699656035,0.1403844951128995
EleutherAI/pythia-12b,65,step64,29,21,11846072320,36,0.09383514470367635,0.19040737643994543
EleutherAI/pythia-12b,65,step64,29,22,11846072320,36,0.12559203918765968,0.16287102857912264
EleutherAI/pythia-12b,65,step64,29,23,11846072320,36,0.13073521586241302,0.15581303280037082
EleutherAI/pythia-12b,65,step64,29,24,11846072320,36,0.10592665575869803,0.1927320210615525
EleutherAI/pythia-12b,65,step64,29,25,11846072320,36,0.10777928700877557,0.1942540867024803
EleutherAI/pythia-12b,65,step64,29,26,11846072320,36,0.09061122899903008,0.1749687483953731
EleutherAI/pythia-12b,65,step64,29,27,11846072320,36,0.1151259909006389,0.17577290918129876
EleutherAI/pythia-12b,65,step64,29,28,11846072320,36,0.08433897366227058,0.17965976671279368
EleutherAI/pythia-12b,65,step64,29,29,11846072320,36,0.1580921855752353,0.14044544391624916
EleutherAI/pythia-12b,65,step64,29,30,11846072320,36,0.14102771624855626,0.18152557528793092
EleutherAI/pythia-12b,65,step64,29,31,11846072320,36,0.11617911442017945,0.1711769300952061
EleutherAI/pythia-12b,65,step64,29,32,11846072320,36,0.10112476165968551,0.18022022967705045
EleutherAI/pythia-12b,65,step64,29,33,11846072320,36,0.17422305237692035,0.18682427841375715
EleutherAI/pythia-12b,65,step64,29,34,11846072320,36,0.1361763378487782,0.16792571829078162
EleutherAI/pythia-12b,65,step64,29,35,11846072320,36,0.1285476336149392,0.16057819446308294
EleutherAI/pythia-12b,65,step64,29,36,11846072320,36,0.10870991330090403,0.18247331429395944
EleutherAI/pythia-12b,65,step64,29,37,11846072320,36,0.10645788481777849,0.16329803224373324
EleutherAI/pythia-12b,65,step64,29,38,11846072320,36,0.13348431958517687,0.12294121316211803
EleutherAI/pythia-12b,65,step64,29,39,11846072320,36,0.12455248173784919,0.1993141893588297
EleutherAI/pythia-12b,65,step64,29,40,11846072320,36,0.06127785477653006,0.17018539694000825
EleutherAI/pythia-12b,65,step64,30,1,11846072320,36,0.12292782963440936,0.16504398415105653
EleutherAI/pythia-12b,65,step64,30,2,11846072320,36,0.13027895293436248,0.17685588781495348
EleutherAI/pythia-12b,65,step64,30,3,11846072320,36,0.1180796163218157,0.1659016166352205
EleutherAI/pythia-12b,65,step64,30,4,11846072320,36,0.11291162339081094,0.1769651063066255
EleutherAI/pythia-12b,65,step64,30,5,11846072320,36,0.0875003735979532,0.18608511395909044
EleutherAI/pythia-12b,65,step64,30,6,11846072320,36,0.1011379593284101,0.17877421480555966
EleutherAI/pythia-12b,65,step64,30,7,11846072320,36,0.1572253142480735,0.14493338592551847
EleutherAI/pythia-12b,65,step64,30,8,11846072320,36,0.051782550746099505,0.20324439138129305
EleutherAI/pythia-12b,65,step64,30,9,11846072320,36,0.1369058663087027,0.15754402200090092
EleutherAI/pythia-12b,65,step64,30,10,11846072320,36,0.12239889868789602,0.17760703033647376
EleutherAI/pythia-12b,65,step64,30,11,11846072320,36,0.1054973689050556,0.18505352604071473
EleutherAI/pythia-12b,65,step64,30,12,11846072320,36,0.10291257802139706,0.20995736388383324
EleutherAI/pythia-12b,65,step64,30,13,11846072320,36,0.18316705869482797,0.14472854926108236
EleutherAI/pythia-12b,65,step64,30,14,11846072320,36,0.0908211450604302,0.17794766169679052
EleutherAI/pythia-12b,65,step64,30,15,11846072320,36,0.13593711261567584,0.15905511996767538
EleutherAI/pythia-12b,65,step64,30,16,11846072320,36,0.12325162119469839,0.16507259716053263
EleutherAI/pythia-12b,65,step64,30,17,11846072320,36,0.09123625466460218,0.22992792968881556
EleutherAI/pythia-12b,65,step64,30,18,11846072320,36,0.11326385539461359,0.19737695915451095
EleutherAI/pythia-12b,65,step64,30,19,11846072320,36,0.15370769761838352,0.16752798099618949
EleutherAI/pythia-12b,65,step64,30,20,11846072320,36,0.12821604282379861,0.1545560912875173
EleutherAI/pythia-12b,65,step64,30,21,11846072320,36,0.1257079881657888,0.16357322255367626
EleutherAI/pythia-12b,65,step64,30,22,11846072320,36,0.11607563521366215,0.16525001819986657
EleutherAI/pythia-12b,65,step64,30,23,11846072320,36,0.11941488177792442,0.16090050896814273
EleutherAI/pythia-12b,65,step64,30,24,11846072320,36,0.09474477931499119,0.17217367127336355
EleutherAI/pythia-12b,65,step64,30,25,11846072320,36,0.16114300029637574,0.1349252653182358
EleutherAI/pythia-12b,65,step64,30,26,11846072320,36,0.09130819654511703,0.20850172835785344
EleutherAI/pythia-12b,65,step64,30,27,11846072320,36,0.11198656099314262,0.1698374202133746
EleutherAI/pythia-12b,65,step64,30,28,11846072320,36,0.11903733604618374,0.13143011749450773
EleutherAI/pythia-12b,65,step64,30,29,11846072320,36,0.0675879464968591,0.21545085846796047
EleutherAI/pythia-12b,65,step64,30,30,11846072320,36,0.07634505499489937,0.2219398612486528
EleutherAI/pythia-12b,65,step64,30,31,11846072320,36,0.11274804104421586,0.17702171388263993
EleutherAI/pythia-12b,65,step64,30,32,11846072320,36,0.10118686226574146,0.19523333855443167
EleutherAI/pythia-12b,65,step64,30,33,11846072320,36,0.1929347686380058,0.15249857389823984
EleutherAI/pythia-12b,65,step64,30,34,11846072320,36,0.1654935663526838,0.15224889241852554
EleutherAI/pythia-12b,65,step64,30,35,11846072320,36,0.17079364754505696,0.14129604238110616
EleutherAI/pythia-12b,65,step64,30,36,11846072320,36,0.10320961682892235,0.19583879261873322
EleutherAI/pythia-12b,65,step64,30,37,11846072320,36,0.14426032169624128,0.16120310974036067
EleutherAI/pythia-12b,65,step64,30,38,11846072320,36,0.10549753850644769,0.1823937402417262
EleutherAI/pythia-12b,65,step64,30,39,11846072320,36,0.095897181723099,0.18769118564578144
EleutherAI/pythia-12b,65,step64,30,40,11846072320,36,0.12920161722054527,0.13983371037173195
EleutherAI/pythia-12b,65,step64,31,1,11846072320,36,0.12531614259399984,0.1609634091300112
EleutherAI/pythia-12b,65,step64,31,2,11846072320,36,0.11387423239648338,0.17786331897651822
EleutherAI/pythia-12b,65,step64,31,3,11846072320,36,0.09733245610720935,0.18218643076762597
EleutherAI/pythia-12b,65,step64,31,4,11846072320,36,0.1319683150754676,0.15965081763092995
EleutherAI/pythia-12b,65,step64,31,5,11846072320,36,0.09343077409620933,0.2141660467383113
EleutherAI/pythia-12b,65,step64,31,6,11846072320,36,0.11341002754945383,0.1885660758001489
EleutherAI/pythia-12b,65,step64,31,7,11846072320,36,0.11574484327354942,0.16666729104433864
EleutherAI/pythia-12b,65,step64,31,8,11846072320,36,0.12481382549055163,0.1638438584389271
EleutherAI/pythia-12b,65,step64,31,9,11846072320,36,0.12693447329931784,0.17635080024779018
EleutherAI/pythia-12b,65,step64,31,10,11846072320,36,0.14666740024076386,0.15932647372084155
EleutherAI/pythia-12b,65,step64,31,11,11846072320,36,0.0982402007266118,0.16949019080458635
EleutherAI/pythia-12b,65,step64,31,12,11846072320,36,0.1234267721897936,0.16367085750687405
EleutherAI/pythia-12b,65,step64,31,13,11846072320,36,0.14747170775054808,0.1628900727162042
EleutherAI/pythia-12b,65,step64,31,14,11846072320,36,0.13510680064984087,0.15311542734805791
EleutherAI/pythia-12b,65,step64,31,15,11846072320,36,0.1524603782395074,0.14974141052669587
EleutherAI/pythia-12b,65,step64,31,16,11846072320,36,0.11773794860363718,0.17599068353282613
EleutherAI/pythia-12b,65,step64,31,17,11846072320,36,0.1525736647985271,0.16466856116915604
EleutherAI/pythia-12b,65,step64,31,18,11846072320,36,0.1200628098794021,0.17260112568691324
EleutherAI/pythia-12b,65,step64,31,19,11846072320,36,0.15388620632502048,0.15044058182531286
EleutherAI/pythia-12b,65,step64,31,20,11846072320,36,0.11816342808753695,0.1606276969092565
EleutherAI/pythia-12b,65,step64,31,21,11846072320,36,0.11875114846113204,0.18349502263618656
EleutherAI/pythia-12b,65,step64,31,22,11846072320,36,0.06955695882517919,0.18118936600941074
EleutherAI/pythia-12b,65,step64,31,23,11846072320,36,0.11817671213712953,0.16182135717590915
EleutherAI/pythia-12b,65,step64,31,24,11846072320,36,0.12819807143048476,0.15397592205498306
EleutherAI/pythia-12b,65,step64,31,25,11846072320,36,0.10002605904833418,0.19303596577419707
EleutherAI/pythia-12b,65,step64,31,26,11846072320,36,0.10973490418883053,0.1832745655946008
EleutherAI/pythia-12b,65,step64,31,27,11846072320,36,0.11322747107718259,0.16688583761610243
EleutherAI/pythia-12b,65,step64,31,28,11846072320,36,0.152317515308703,0.14600854148310757
EleutherAI/pythia-12b,65,step64,31,29,11846072320,36,0.07767865187054994,0.19251911165947846
EleutherAI/pythia-12b,65,step64,31,30,11846072320,36,0.08855752177905656,0.19558893881917175
EleutherAI/pythia-12b,65,step64,31,31,11846072320,36,0.10493439101465825,0.18166247753611015
EleutherAI/pythia-12b,65,step64,31,32,11846072320,36,0.11398187334517812,0.17475862891130794
EleutherAI/pythia-12b,65,step64,31,33,11846072320,36,0.11057971805535453,0.2164471376150309
EleutherAI/pythia-12b,65,step64,31,34,11846072320,36,0.12912123819236995,0.16139819818148918
EleutherAI/pythia-12b,65,step64,31,35,11846072320,36,0.10991593351861732,0.18767126701078612
EleutherAI/pythia-12b,65,step64,31,36,11846072320,36,0.1903941199049219,0.14767492207902683
EleutherAI/pythia-12b,65,step64,31,37,11846072320,36,0.12017928483943498,0.1699018369655351
EleutherAI/pythia-12b,65,step64,31,38,11846072320,36,0.13247622562398956,0.20051634347474606
EleutherAI/pythia-12b,65,step64,31,39,11846072320,36,0.08808545327770545,0.18245105469996503
EleutherAI/pythia-12b,65,step64,31,40,11846072320,36,0.09981576555237931,0.20232986853466373
EleutherAI/pythia-12b,65,step64,32,1,11846072320,36,0.1248683557473682,0.14828472097848983
EleutherAI/pythia-12b,65,step64,32,2,11846072320,36,0.12568509334826966,0.16359243609078292
EleutherAI/pythia-12b,65,step64,32,3,11846072320,36,0.10379232854971115,0.21095090528373958
EleutherAI/pythia-12b,65,step64,32,4,11846072320,36,0.09077036140246073,0.2006819065514806
EleutherAI/pythia-12b,65,step64,32,5,11846072320,36,0.10063614455183163,0.17823180854991746
EleutherAI/pythia-12b,65,step64,32,6,11846072320,36,0.14606984562657255,0.16079511122593468
EleutherAI/pythia-12b,65,step64,32,7,11846072320,36,0.08233845890597534,0.1827749122135542
EleutherAI/pythia-12b,65,step64,32,8,11846072320,36,0.09855138116121825,0.1865679866133688
EleutherAI/pythia-12b,65,step64,32,9,11846072320,36,0.14578633511567612,0.13873188115387883
EleutherAI/pythia-12b,65,step64,32,10,11846072320,36,0.0678990506609012,0.20936599395632202
EleutherAI/pythia-12b,65,step64,32,11,11846072320,36,0.09981906228326816,0.19527351545790828
EleutherAI/pythia-12b,65,step64,32,12,11846072320,36,0.21134112915163994,0.12942243100342535
EleutherAI/pythia-12b,65,step64,32,13,11846072320,36,0.06822862681392967,0.21973456461374105
EleutherAI/pythia-12b,65,step64,32,14,11846072320,36,0.09412809580777048,0.22155206833403923
EleutherAI/pythia-12b,65,step64,32,15,11846072320,36,0.08918458948543923,0.19051849837596707
EleutherAI/pythia-12b,65,step64,32,16,11846072320,36,0.14095715111171872,0.16811273159185147
EleutherAI/pythia-12b,65,step64,32,17,11846072320,36,0.112689352071321,0.16787804725828825
EleutherAI/pythia-12b,65,step64,32,18,11846072320,36,0.18382501238593463,0.149226385764442
EleutherAI/pythia-12b,65,step64,32,19,11846072320,36,0.10408975279053764,0.17734763888759653
EleutherAI/pythia-12b,65,step64,32,20,11846072320,36,0.17026411884047601,0.13216501977798098
EleutherAI/pythia-12b,65,step64,32,21,11846072320,36,0.11481860465742084,0.17873363786967125
EleutherAI/pythia-12b,65,step64,32,22,11846072320,36,0.12482902734308267,0.16311430522204337
EleutherAI/pythia-12b,65,step64,32,23,11846072320,36,0.15448671534053374,0.13699613989249718
EleutherAI/pythia-12b,65,step64,32,24,11846072320,36,0.12543237106958482,0.16221555303390672
EleutherAI/pythia-12b,65,step64,32,25,11846072320,36,0.08514820586039762,0.1771543748039114
EleutherAI/pythia-12b,65,step64,32,26,11846072320,36,0.1014263504114863,0.1862090894051858
EleutherAI/pythia-12b,65,step64,32,27,11846072320,36,0.12004686619627758,0.16622253003958104
EleutherAI/pythia-12b,65,step64,32,28,11846072320,36,0.12436683304249878,0.16463286600805613
EleutherAI/pythia-12b,65,step64,32,29,11846072320,36,0.11902064002781834,0.1804294820662375
EleutherAI/pythia-12b,65,step64,32,30,11846072320,36,0.12592254032579445,0.1780132609601314
EleutherAI/pythia-12b,65,step64,32,31,11846072320,36,0.11768477713247315,0.1720211450290214
EleutherAI/pythia-12b,65,step64,32,32,11846072320,36,0.1006698901695129,0.20796535923719045
EleutherAI/pythia-12b,65,step64,32,33,11846072320,36,0.147773861834729,0.14865265808462555
EleutherAI/pythia-12b,65,step64,32,34,11846072320,36,0.09465101373580478,0.174225844280632
EleutherAI/pythia-12b,65,step64,32,35,11846072320,36,0.1571658577758807,0.15411000209371065
EleutherAI/pythia-12b,65,step64,32,36,11846072320,36,0.1114824484452023,0.18405117489979247
EleutherAI/pythia-12b,65,step64,32,37,11846072320,36,0.09952253531720541,0.18048970678726112
EleutherAI/pythia-12b,65,step64,32,38,11846072320,36,0.11015377975664693,0.1706613203505048
EleutherAI/pythia-12b,65,step64,32,39,11846072320,36,0.10102811891462526,0.1594465035587191
EleutherAI/pythia-12b,65,step64,32,40,11846072320,36,0.09518837071563653,0.18612850215230076
EleutherAI/pythia-12b,65,step64,33,1,11846072320,36,0.2579499515327247,0.1035251008184464
EleutherAI/pythia-12b,65,step64,33,2,11846072320,36,0.15624264488975562,0.15157951509675102
EleutherAI/pythia-12b,65,step64,33,3,11846072320,36,0.15922887745249018,0.18381014468523113
EleutherAI/pythia-12b,65,step64,33,4,11846072320,36,0.13757640118333128,0.16546834660162613
EleutherAI/pythia-12b,65,step64,33,5,11846072320,36,0.1362677291483134,0.16341155666197918
EleutherAI/pythia-12b,65,step64,33,6,11846072320,36,0.1250761866838008,0.1637408380024694
EleutherAI/pythia-12b,65,step64,33,7,11846072320,36,0.08744378236623046,0.21948301190281053
EleutherAI/pythia-12b,65,step64,33,8,11846072320,36,0.09845224411056203,0.2008397260529769
EleutherAI/pythia-12b,65,step64,33,9,11846072320,36,0.10736928476921248,0.13462277123698954
EleutherAI/pythia-12b,65,step64,33,10,11846072320,36,0.1159759797043986,0.1715574813139689
EleutherAI/pythia-12b,65,step64,33,11,11846072320,36,0.13539914638587122,0.13903915700320899
EleutherAI/pythia-12b,65,step64,33,12,11846072320,36,0.12142808469678006,0.18803941936710392
EleutherAI/pythia-12b,65,step64,33,13,11846072320,36,0.15828620492517048,0.16739859245158167
EleutherAI/pythia-12b,65,step64,33,14,11846072320,36,0.1432404643030943,0.17302589569319113
EleutherAI/pythia-12b,65,step64,33,15,11846072320,36,0.10830282022220053,0.13430551152855333
EleutherAI/pythia-12b,65,step64,33,16,11846072320,36,0.10714499800054872,0.21214876478319766
EleutherAI/pythia-12b,65,step64,33,17,11846072320,36,0.13541817974422246,0.1619333702589835
EleutherAI/pythia-12b,65,step64,33,18,11846072320,36,0.09867902689923838,0.17343819365129096
EleutherAI/pythia-12b,65,step64,33,19,11846072320,36,0.14195328396003878,0.1567063233046023
EleutherAI/pythia-12b,65,step64,33,20,11846072320,36,0.08169510416887897,0.18950172682088592
EleutherAI/pythia-12b,65,step64,33,21,11846072320,36,0.17423847218130797,0.17028577786285773
EleutherAI/pythia-12b,65,step64,33,22,11846072320,36,0.12265716938374632,0.1610509431767123
EleutherAI/pythia-12b,65,step64,33,23,11846072320,36,0.11097793960132753,0.23019681259005273
EleutherAI/pythia-12b,65,step64,33,24,11846072320,36,0.10565831351678467,0.17669515935955818
EleutherAI/pythia-12b,65,step64,33,25,11846072320,36,0.15494483511324397,0.15098703876361472
EleutherAI/pythia-12b,65,step64,33,26,11846072320,36,0.12572983849245503,0.20600498884401697
EleutherAI/pythia-12b,65,step64,33,27,11846072320,36,0.10511356062471146,0.15012253526117167
EleutherAI/pythia-12b,65,step64,33,28,11846072320,36,0.17588507037263013,0.1359754618894946
EleutherAI/pythia-12b,65,step64,33,29,11846072320,36,0.10701484319281288,0.20580938859498712
EleutherAI/pythia-12b,65,step64,33,30,11846072320,36,0.1113542151601017,0.1826155849427611
EleutherAI/pythia-12b,65,step64,33,31,11846072320,36,0.14710319209452322,0.1338243599388155
EleutherAI/pythia-12b,65,step64,33,32,11846072320,36,0.09948598377003859,0.1437134144508892
EleutherAI/pythia-12b,65,step64,33,33,11846072320,36,0.12110240904015818,0.1986536931515008
EleutherAI/pythia-12b,65,step64,33,34,11846072320,36,0.11591435262972524,0.1872813677549496
EleutherAI/pythia-12b,65,step64,33,35,11846072320,36,0.09519729595463551,0.16048845634222383
EleutherAI/pythia-12b,65,step64,33,36,11846072320,36,0.1978226471077035,0.12196753218255418
EleutherAI/pythia-12b,65,step64,33,37,11846072320,36,0.15129041006122979,0.1668725762762375
EleutherAI/pythia-12b,65,step64,33,38,11846072320,36,0.15700011167887806,0.16840696951245757
EleutherAI/pythia-12b,65,step64,33,39,11846072320,36,0.11622262019496239,0.18014077568152642
EleutherAI/pythia-12b,65,step64,33,40,11846072320,36,0.09413067213128185,0.15870323908087366
EleutherAI/pythia-12b,65,step64,34,1,11846072320,36,0.11598170453028095,0.17840654878421228
EleutherAI/pythia-12b,65,step64,34,2,11846072320,36,0.10857307903647598,0.17538596523013913
EleutherAI/pythia-12b,65,step64,34,3,11846072320,36,0.1345992727546362,0.1708959598183721
EleutherAI/pythia-12b,65,step64,34,4,11846072320,36,0.15888892261831605,0.13294778045479416
EleutherAI/pythia-12b,65,step64,34,5,11846072320,36,0.0885882867981229,0.14570619272733767
EleutherAI/pythia-12b,65,step64,34,6,11846072320,36,0.1471951876853679,0.1574567817319352
EleutherAI/pythia-12b,65,step64,34,7,11846072320,36,0.11353857304017102,0.1583816407097352
EleutherAI/pythia-12b,65,step64,34,8,11846072320,36,0.10336981626233087,0.20160919251116186
EleutherAI/pythia-12b,65,step64,34,9,11846072320,36,0.1558638379738495,0.1593127768911846
EleutherAI/pythia-12b,65,step64,34,10,11846072320,36,0.1141998975428643,0.1637417419670938
EleutherAI/pythia-12b,65,step64,34,11,11846072320,36,0.10767308621479937,0.16893939075393
EleutherAI/pythia-12b,65,step64,34,12,11846072320,36,0.11667110071190301,0.1756150987189453
EleutherAI/pythia-12b,65,step64,34,13,11846072320,36,0.10788044234452479,0.1743290028157266
EleutherAI/pythia-12b,65,step64,34,14,11846072320,36,0.12946504393072275,0.15227727003552172
EleutherAI/pythia-12b,65,step64,34,15,11846072320,36,0.11319760430056049,0.15159289755329888
EleutherAI/pythia-12b,65,step64,34,16,11846072320,36,0.12691280079093778,0.1739344745818469
EleutherAI/pythia-12b,65,step64,34,17,11846072320,36,0.12721455047975427,0.13867126809091893
EleutherAI/pythia-12b,65,step64,34,18,11846072320,36,0.11259491394299104,0.16138521553920548
EleutherAI/pythia-12b,65,step64,34,19,11846072320,36,0.09702907895037267,0.17895678970011858
EleutherAI/pythia-12b,65,step64,34,20,11846072320,36,0.18019421393046145,0.1303792510394219
EleutherAI/pythia-12b,65,step64,34,21,11846072320,36,0.12876883356107602,0.15954284986352416
EleutherAI/pythia-12b,65,step64,34,22,11846072320,36,0.11948941828118068,0.15291208248059668
EleutherAI/pythia-12b,65,step64,34,23,11846072320,36,0.12109896917645634,0.1720042066933872
EleutherAI/pythia-12b,65,step64,34,24,11846072320,36,0.1754419700698451,0.11792245142542201
EleutherAI/pythia-12b,65,step64,34,25,11846072320,36,0.10810493992210862,0.19788502551637607
EleutherAI/pythia-12b,65,step64,34,26,11846072320,36,0.10186188148933126,0.1763063689005804
EleutherAI/pythia-12b,65,step64,34,27,11846072320,36,0.10740057356633219,0.17432462760770281
EleutherAI/pythia-12b,65,step64,34,28,11846072320,36,0.14771798537210654,0.1505870431404303
EleutherAI/pythia-12b,65,step64,34,29,11846072320,36,0.13430954388401525,0.18648208245388914
EleutherAI/pythia-12b,65,step64,34,30,11846072320,36,0.1421989639130261,0.16239649320843516
EleutherAI/pythia-12b,65,step64,34,31,11846072320,36,0.09875837253691909,0.18394895032741818
EleutherAI/pythia-12b,65,step64,34,32,11846072320,36,0.1024030775430279,0.17315331790540306
EleutherAI/pythia-12b,65,step64,34,33,11846072320,36,0.12760171411117094,0.16233353289934963
EleutherAI/pythia-12b,65,step64,34,34,11846072320,36,0.11092586941211606,0.18781362023126252
EleutherAI/pythia-12b,65,step64,34,35,11846072320,36,0.14282641769596582,0.163696399680129
EleutherAI/pythia-12b,65,step64,34,36,11846072320,36,0.09784028821208093,0.18690964791017606
EleutherAI/pythia-12b,65,step64,34,37,11846072320,36,0.13320519725369795,0.1754785337102216
EleutherAI/pythia-12b,65,step64,34,38,11846072320,36,0.07053756437267175,0.19352974243708196
EleutherAI/pythia-12b,65,step64,34,39,11846072320,36,0.10581484525925937,0.18064810350738664
EleutherAI/pythia-12b,65,step64,34,40,11846072320,36,0.09212974595135302,0.21435614497968558
EleutherAI/pythia-12b,65,step64,35,1,11846072320,36,0.13579554978321798,0.1617869632122842
EleutherAI/pythia-12b,65,step64,35,2,11846072320,36,0.10760973462717485,0.2068639556589248
EleutherAI/pythia-12b,65,step64,35,3,11846072320,36,0.13635206247145704,0.1568258609678652
EleutherAI/pythia-12b,65,step64,35,4,11846072320,36,0.12069314877102678,0.1594326342470026
EleutherAI/pythia-12b,65,step64,35,5,11846072320,36,0.15022408283195335,0.16176463966187946
EleutherAI/pythia-12b,65,step64,35,6,11846072320,36,0.22996313299413196,0.1446661685982176
EleutherAI/pythia-12b,65,step64,35,7,11846072320,36,0.10036996380613368,0.16571854060521352
EleutherAI/pythia-12b,65,step64,35,8,11846072320,36,0.14058995367707428,0.16216775610505993
EleutherAI/pythia-12b,65,step64,35,9,11846072320,36,0.12440511554076861,0.1745186808152689
EleutherAI/pythia-12b,65,step64,35,10,11846072320,36,0.12029374062500375,0.15493102885737967
EleutherAI/pythia-12b,65,step64,35,11,11846072320,36,0.09432109746824688,0.18578152591222752
EleutherAI/pythia-12b,65,step64,35,12,11846072320,36,0.14658911023344895,0.16742228170124077
EleutherAI/pythia-12b,65,step64,35,13,11846072320,36,0.1710044923308375,0.14315881683594647
EleutherAI/pythia-12b,65,step64,35,14,11846072320,36,0.14179603907058722,0.1811638164023558
EleutherAI/pythia-12b,65,step64,35,15,11846072320,36,0.1391247790474612,0.16350927523843514
EleutherAI/pythia-12b,65,step64,35,16,11846072320,36,0.14127080371273348,0.1843806380187874
EleutherAI/pythia-12b,65,step64,35,17,11846072320,36,0.10365523571042233,0.19881555167874232
EleutherAI/pythia-12b,65,step64,35,18,11846072320,36,0.17051779913964926,0.15762232675835172
EleutherAI/pythia-12b,65,step64,35,19,11846072320,36,0.13256978244708104,0.17815476262734992
EleutherAI/pythia-12b,65,step64,35,20,11846072320,36,0.1276784225537612,0.16915158749566417
EleutherAI/pythia-12b,65,step64,35,21,11846072320,36,0.08751575273458839,0.17330271335089345
EleutherAI/pythia-12b,65,step64,35,22,11846072320,36,0.11855620517208049,0.17801339179277414
EleutherAI/pythia-12b,65,step64,35,23,11846072320,36,0.11485269599155079,0.16502860931304836
EleutherAI/pythia-12b,65,step64,35,24,11846072320,36,0.07636080230879887,0.19970970869892168
EleutherAI/pythia-12b,65,step64,35,25,11846072320,36,0.09734342661168836,0.2075276042561273
EleutherAI/pythia-12b,65,step64,35,26,11846072320,36,0.10444415159322115,0.19757449483728262
EleutherAI/pythia-12b,65,step64,35,27,11846072320,36,0.06586023247535071,0.23830910887871234
EleutherAI/pythia-12b,65,step64,35,28,11846072320,36,0.12479076789015223,0.14483998040179227
EleutherAI/pythia-12b,65,step64,35,29,11846072320,36,0.1265955357155105,0.17665789594073908
EleutherAI/pythia-12b,65,step64,35,30,11846072320,36,0.17061666163193567,0.16007026058954515
EleutherAI/pythia-12b,65,step64,35,31,11846072320,36,0.12246512820211433,0.1559544046977171
EleutherAI/pythia-12b,65,step64,35,32,11846072320,36,0.1111188465365776,0.18941083912354506
EleutherAI/pythia-12b,65,step64,35,33,11846072320,36,0.14887325552938216,0.1650541718523423
EleutherAI/pythia-12b,65,step64,35,34,11846072320,36,0.0974338923975288,0.20053487157521838
EleutherAI/pythia-12b,65,step64,35,35,11846072320,36,0.17218794655222608,0.152418447938096
EleutherAI/pythia-12b,65,step64,35,36,11846072320,36,0.11039476099986209,0.15342968474100296
EleutherAI/pythia-12b,65,step64,35,37,11846072320,36,0.13714518937262682,0.13643166580581445
EleutherAI/pythia-12b,65,step64,35,38,11846072320,36,0.1360441686826067,0.15910803141245788
EleutherAI/pythia-12b,65,step64,35,39,11846072320,36,0.13834560479599609,0.17154562523638875
EleutherAI/pythia-12b,65,step64,35,40,11846072320,36,0.16213750296661084,0.15471379679289304
EleutherAI/pythia-12b,65,step64,36,1,11846072320,36,0.10591775338324873,0.18388520935746103
EleutherAI/pythia-12b,65,step64,36,2,11846072320,36,0.10464294634580429,0.18257495541651322
EleutherAI/pythia-12b,65,step64,36,3,11846072320,36,0.12451394895153177,0.16550296343661638
EleutherAI/pythia-12b,65,step64,36,4,11846072320,36,0.1387340112759902,0.1844340586928544
EleutherAI/pythia-12b,65,step64,36,5,11846072320,36,0.11809084867057316,0.17204620402764983
EleutherAI/pythia-12b,65,step64,36,6,11846072320,36,0.12497254546631023,0.18015279476572796
EleutherAI/pythia-12b,65,step64,36,7,11846072320,36,0.11021867831861289,0.17442108776319667
EleutherAI/pythia-12b,65,step64,36,8,11846072320,36,0.13102475813290732,0.1718201712165419
EleutherAI/pythia-12b,65,step64,36,9,11846072320,36,0.11906445410673142,0.16527161078790462
EleutherAI/pythia-12b,65,step64,36,10,11846072320,36,0.11274433929148733,0.1949215159771052
EleutherAI/pythia-12b,65,step64,36,11,11846072320,36,0.1277331355064212,0.1581153561201718
EleutherAI/pythia-12b,65,step64,36,12,11846072320,36,0.07692705666472957,0.16254767596542652
EleutherAI/pythia-12b,65,step64,36,13,11846072320,36,0.15171693012051213,0.1639169050050569
EleutherAI/pythia-12b,65,step64,36,14,11846072320,36,0.08995779273701497,0.17148840898373818
EleutherAI/pythia-12b,65,step64,36,15,11846072320,36,0.12010931974841843,0.1560032628980037
EleutherAI/pythia-12b,65,step64,36,16,11846072320,36,0.16013720435266554,0.14645452853907512
EleutherAI/pythia-12b,65,step64,36,17,11846072320,36,0.1404513393503588,0.14609792632227003
EleutherAI/pythia-12b,65,step64,36,18,11846072320,36,0.13274775572434377,0.16555578540171584
EleutherAI/pythia-12b,65,step64,36,19,11846072320,36,0.12801282063081812,0.16796213922065653
EleutherAI/pythia-12b,65,step64,36,20,11846072320,36,0.07075198145454617,0.17306145495391104
EleutherAI/pythia-12b,65,step64,36,21,11846072320,36,0.11931985692196596,0.1819705420450584
EleutherAI/pythia-12b,65,step64,36,22,11846072320,36,0.13501403026573647,0.13188214632528675
EleutherAI/pythia-12b,65,step64,36,23,11846072320,36,0.1401556537181765,0.16347093758237607
EleutherAI/pythia-12b,65,step64,36,24,11846072320,36,0.12076552547290693,0.16925539611069643
EleutherAI/pythia-12b,65,step64,36,25,11846072320,36,0.12567696052494345,0.17671833262015296
EleutherAI/pythia-12b,65,step64,36,26,11846072320,36,0.1181402791504029,0.17737850287297105
EleutherAI/pythia-12b,65,step64,36,27,11846072320,36,0.10709231547653313,0.17177245745228392
EleutherAI/pythia-12b,65,step64,36,28,11846072320,36,0.17174005799286354,0.14850338801808718
EleutherAI/pythia-12b,65,step64,36,29,11846072320,36,0.1508151755721361,0.15211230804500453
EleutherAI/pythia-12b,65,step64,36,30,11846072320,36,0.11770167067512731,0.19189008478601052
EleutherAI/pythia-12b,65,step64,36,31,11846072320,36,0.12813085452415737,0.16043096799794973
EleutherAI/pythia-12b,65,step64,36,32,11846072320,36,0.08040417747029488,0.18182296555925592
EleutherAI/pythia-12b,65,step64,36,33,11846072320,36,0.12747907838238784,0.15759567806760108
EleutherAI/pythia-12b,65,step64,36,34,11846072320,36,0.13582984120347294,0.16495497519144778
EleutherAI/pythia-12b,65,step64,36,35,11846072320,36,0.10801394715591947,0.18354023874991823
EleutherAI/pythia-12b,65,step64,36,36,11846072320,36,0.1258098853153509,0.14889057912491818
EleutherAI/pythia-12b,65,step64,36,37,11846072320,36,0.12705933559943244,0.1569713316578138
EleutherAI/pythia-12b,65,step64,36,38,11846072320,36,0.18204214438438054,0.13553324558243554
EleutherAI/pythia-12b,65,step64,36,39,11846072320,36,0.10432654505108924,0.17332330044616268
EleutherAI/pythia-12b,65,step64,36,40,11846072320,36,0.08854130665595462,0.19161372665349424
