mpath,step_modded,revision,Layer,Head,n_params,n_layers,mean_1back,mean_first
EleutherAI/pythia-6.9b,143001,step143000,1,1,6857302016,32,0.16844267187802278,0.14539766277804653
EleutherAI/pythia-6.9b,143001,step143000,1,2,6857302016,32,0.1445060628424356,0.13088081239557656
EleutherAI/pythia-6.9b,143001,step143000,1,3,6857302016,32,0.13281333861542532,0.16270017101465756
EleutherAI/pythia-6.9b,143001,step143000,1,4,6857302016,32,0.13932076971362656,0.14716877017516986
EleutherAI/pythia-6.9b,143001,step143000,1,5,6857302016,32,0.10556337264207027,0.11454826771273265
EleutherAI/pythia-6.9b,143001,step143000,1,6,6857302016,32,0.17728300883739556,0.1350675726158393
EleutherAI/pythia-6.9b,143001,step143000,1,7,6857302016,32,0.14099379626099945,0.14889070765023024
EleutherAI/pythia-6.9b,143001,step143000,1,8,6857302016,32,0.13065910706290965,0.149003931091869
EleutherAI/pythia-6.9b,143001,step143000,1,9,6857302016,32,0.17587190403326133,0.12268697503987729
EleutherAI/pythia-6.9b,143001,step143000,1,10,6857302016,32,0.1421658483979938,0.10822058645812595
EleutherAI/pythia-6.9b,143001,step143000,1,11,6857302016,32,0.18363839189882747,0.15714455717005524
EleutherAI/pythia-6.9b,143001,step143000,1,12,6857302016,32,0.3681532200481798,0.12085742857754674
EleutherAI/pythia-6.9b,143001,step143000,1,13,6857302016,32,0.16302176043614966,0.13613673625933423
EleutherAI/pythia-6.9b,143001,step143000,1,14,6857302016,32,0.16235654764213,0.12413214424809621
EleutherAI/pythia-6.9b,143001,step143000,1,15,6857302016,32,0.12399909685592389,0.15745199723980266
EleutherAI/pythia-6.9b,143001,step143000,1,16,6857302016,32,0.14716555520489405,0.14300329965894462
EleutherAI/pythia-6.9b,143001,step143000,1,17,6857302016,32,0.14282071769416507,0.1179083717047228
EleutherAI/pythia-6.9b,143001,step143000,1,18,6857302016,32,0.13217853927598877,0.1303451059346979
EleutherAI/pythia-6.9b,143001,step143000,1,19,6857302016,32,0.13712810628205624,0.15222400179630638
EleutherAI/pythia-6.9b,143001,step143000,1,20,6857302016,32,0.15294958741680992,0.14727478609741984
EleutherAI/pythia-6.9b,143001,step143000,1,21,6857302016,32,0.19564690515846458,0.13456602860242123
EleutherAI/pythia-6.9b,143001,step143000,1,22,6857302016,32,0.1847331607798198,0.13220590550463654
EleutherAI/pythia-6.9b,143001,step143000,1,23,6857302016,32,0.11826086529270481,0.11788916604330496
EleutherAI/pythia-6.9b,143001,step143000,1,24,6857302016,32,0.13913227699965502,0.15730367413814267
EleutherAI/pythia-6.9b,143001,step143000,1,25,6857302016,32,0.1371018374870131,0.18985508713457316
EleutherAI/pythia-6.9b,143001,step143000,1,26,6857302016,32,0.13966759320001698,0.14889974297826977
EleutherAI/pythia-6.9b,143001,step143000,1,27,6857302016,32,0.13991871014147902,0.1512757127394189
EleutherAI/pythia-6.9b,143001,step143000,1,28,6857302016,32,0.15992734063271283,0.1485006252175068
EleutherAI/pythia-6.9b,143001,step143000,1,29,6857302016,32,0.14941899336359876,0.1426029003955222
EleutherAI/pythia-6.9b,143001,step143000,1,30,6857302016,32,0.12772012824142298,0.15563411504874847
EleutherAI/pythia-6.9b,143001,step143000,1,31,6857302016,32,0.14205338744385101,0.13104142464540738
EleutherAI/pythia-6.9b,143001,step143000,1,32,6857302016,32,0.1325641446285419,0.1232821618545207
EleutherAI/pythia-6.9b,143001,step143000,2,1,6857302016,32,0.3293124524591205,0.1366787651251699
EleutherAI/pythia-6.9b,143001,step143000,2,2,6857302016,32,0.16022209299577245,0.15088679029273463
EleutherAI/pythia-6.9b,143001,step143000,2,3,6857302016,32,0.2753907076052359,0.12460014434928467
EleutherAI/pythia-6.9b,143001,step143000,2,4,6857302016,32,0.13268092078892313,0.13201925899783096
EleutherAI/pythia-6.9b,143001,step143000,2,5,6857302016,32,0.12586673280901017,0.15513760164133955
EleutherAI/pythia-6.9b,143001,step143000,2,6,6857302016,32,0.14157801382131757,0.14145143619981834
EleutherAI/pythia-6.9b,143001,step143000,2,7,6857302016,32,0.7724280546198378,0.0904585654782998
EleutherAI/pythia-6.9b,143001,step143000,2,8,6857302016,32,0.17032109533210055,0.14116145783962605
EleutherAI/pythia-6.9b,143001,step143000,2,9,6857302016,32,0.1692427261746502,0.17596691892714467
EleutherAI/pythia-6.9b,143001,step143000,2,10,6857302016,32,0.16650073054629758,0.1392675174886847
EleutherAI/pythia-6.9b,143001,step143000,2,11,6857302016,32,0.27849199481912557,0.1021326973547672
EleutherAI/pythia-6.9b,143001,step143000,2,12,6857302016,32,0.2421518404249314,0.14032642711960783
EleutherAI/pythia-6.9b,143001,step143000,2,13,6857302016,32,0.20505532197229134,0.12488849879194931
EleutherAI/pythia-6.9b,143001,step143000,2,14,6857302016,32,0.24792662761859346,0.13143525216392832
EleutherAI/pythia-6.9b,143001,step143000,2,15,6857302016,32,0.13997491481560123,0.14168353893657074
EleutherAI/pythia-6.9b,143001,step143000,2,16,6857302016,32,0.13825509675943454,0.16698192129353498
EleutherAI/pythia-6.9b,143001,step143000,2,17,6857302016,32,0.22575707471853973,0.13036356083825001
EleutherAI/pythia-6.9b,143001,step143000,2,18,6857302016,32,0.2940297555681821,0.12729303025872674
EleutherAI/pythia-6.9b,143001,step143000,2,19,6857302016,32,0.3622154191181108,0.12552547992931468
EleutherAI/pythia-6.9b,143001,step143000,2,20,6857302016,32,0.14797874358300864,0.16489709330045868
EleutherAI/pythia-6.9b,143001,step143000,2,21,6857302016,32,0.36039754112919525,0.09836863856427032
EleutherAI/pythia-6.9b,143001,step143000,2,22,6857302016,32,0.14001208407854707,0.1461573603518262
EleutherAI/pythia-6.9b,143001,step143000,2,23,6857302016,32,0.10688592167431345,0.19289688068769265
EleutherAI/pythia-6.9b,143001,step143000,2,24,6857302016,32,0.13897179107967614,0.14307963989210778
EleutherAI/pythia-6.9b,143001,step143000,2,25,6857302016,32,0.3162417708484976,0.12760819728533782
EleutherAI/pythia-6.9b,143001,step143000,2,26,6857302016,32,0.35584360354387007,0.11315274795142555
EleutherAI/pythia-6.9b,143001,step143000,2,27,6857302016,32,0.13190365151443456,0.11855434259964714
EleutherAI/pythia-6.9b,143001,step143000,2,28,6857302016,32,0.26379495604081193,0.12260544155486618
EleutherAI/pythia-6.9b,143001,step143000,2,29,6857302016,32,0.21526620605283667,0.1429164479556563
EleutherAI/pythia-6.9b,143001,step143000,2,30,6857302016,32,0.21862570306023316,0.1353529163051743
EleutherAI/pythia-6.9b,143001,step143000,2,31,6857302016,32,0.12321616812712612,0.16392695721429026
EleutherAI/pythia-6.9b,143001,step143000,2,32,6857302016,32,0.14162613317236167,0.14013933302560544
EleutherAI/pythia-6.9b,143001,step143000,3,1,6857302016,32,0.10758254214472415,0.15148292130066285
EleutherAI/pythia-6.9b,143001,step143000,3,2,6857302016,32,0.1961589432335472,0.1452547921785139
EleutherAI/pythia-6.9b,143001,step143000,3,3,6857302016,32,0.1559465703506906,0.14553144295607598
EleutherAI/pythia-6.9b,143001,step143000,3,4,6857302016,32,0.1628907778532476,0.1402831255114293
EleutherAI/pythia-6.9b,143001,step143000,3,5,6857302016,32,0.12212856927769136,0.13586198590281934
EleutherAI/pythia-6.9b,143001,step143000,3,6,6857302016,32,0.12114557795584556,0.16254216514516606
EleutherAI/pythia-6.9b,143001,step143000,3,7,6857302016,32,0.26289720372394754,0.13582895455082075
EleutherAI/pythia-6.9b,143001,step143000,3,8,6857302016,32,0.2220469420781364,0.1734740793671425
EleutherAI/pythia-6.9b,143001,step143000,3,9,6857302016,32,0.3355539539554813,0.152717370131576
EleutherAI/pythia-6.9b,143001,step143000,3,10,6857302016,32,0.1354470263730298,0.14090743267142375
EleutherAI/pythia-6.9b,143001,step143000,3,11,6857302016,32,0.3808663440001261,0.14399251081161307
EleutherAI/pythia-6.9b,143001,step143000,3,12,6857302016,32,0.12596602714970123,0.15733753476717
EleutherAI/pythia-6.9b,143001,step143000,3,13,6857302016,32,0.1251711442384186,0.17380012815130183
EleutherAI/pythia-6.9b,143001,step143000,3,14,6857302016,32,0.1609582761610234,0.12244267477835706
EleutherAI/pythia-6.9b,143001,step143000,3,15,6857302016,32,0.12123235518688907,0.1861828944950669
EleutherAI/pythia-6.9b,143001,step143000,3,16,6857302016,32,0.14329934226455268,0.19791028745103253
EleutherAI/pythia-6.9b,143001,step143000,3,17,6857302016,32,0.2172158193570357,0.10857390265005662
EleutherAI/pythia-6.9b,143001,step143000,3,18,6857302016,32,0.12975134428131863,0.12938960725525472
EleutherAI/pythia-6.9b,143001,step143000,3,19,6857302016,32,0.13994275185617952,0.15160082350275264
EleutherAI/pythia-6.9b,143001,step143000,3,20,6857302016,32,0.08890293219459572,0.11936940193209826
EleutherAI/pythia-6.9b,143001,step143000,3,21,6857302016,32,0.12983542716538937,0.1858017727279582
EleutherAI/pythia-6.9b,143001,step143000,3,22,6857302016,32,0.1420580432288818,0.11611147631133144
EleutherAI/pythia-6.9b,143001,step143000,3,23,6857302016,32,0.16292548765828296,0.17251914844207752
EleutherAI/pythia-6.9b,143001,step143000,3,24,6857302016,32,0.08620477815692842,0.15087602324588023
EleutherAI/pythia-6.9b,143001,step143000,3,25,6857302016,32,0.12578202864608246,0.15751408674550035
EleutherAI/pythia-6.9b,143001,step143000,3,26,6857302016,32,0.13370580155704467,0.14768038599475006
EleutherAI/pythia-6.9b,143001,step143000,3,27,6857302016,32,0.26240963240464527,0.1537099278982247
EleutherAI/pythia-6.9b,143001,step143000,3,28,6857302016,32,0.1685888858528824,0.13850819877161452
EleutherAI/pythia-6.9b,143001,step143000,3,29,6857302016,32,0.2242130925794979,0.1865679669073662
EleutherAI/pythia-6.9b,143001,step143000,3,30,6857302016,32,0.12563477585780186,0.18118265652945176
EleutherAI/pythia-6.9b,143001,step143000,3,31,6857302016,32,0.1398910086367044,0.17728316023185084
EleutherAI/pythia-6.9b,143001,step143000,3,32,6857302016,32,0.14169332972943063,0.10813567763076973
EleutherAI/pythia-6.9b,143001,step143000,4,1,6857302016,32,0.12848247037836913,0.18914545126617308
EleutherAI/pythia-6.9b,143001,step143000,4,2,6857302016,32,0.13211416331184156,0.13455697602393835
EleutherAI/pythia-6.9b,143001,step143000,4,3,6857302016,32,0.33251945119541326,0.1473115035318755
EleutherAI/pythia-6.9b,143001,step143000,4,4,6857302016,32,0.22305445335022317,0.16999350295209129
EleutherAI/pythia-6.9b,143001,step143000,4,5,6857302016,32,0.197306242981204,0.15416611544787878
EleutherAI/pythia-6.9b,143001,step143000,4,6,6857302016,32,0.29975388767393496,0.15020145668281804
EleutherAI/pythia-6.9b,143001,step143000,4,7,6857302016,32,0.14696186994602367,0.10781900528482753
EleutherAI/pythia-6.9b,143001,step143000,4,8,6857302016,32,0.5225150877827996,0.11716936611187256
EleutherAI/pythia-6.9b,143001,step143000,4,9,6857302016,32,0.1284963332071855,0.18599089939292662
EleutherAI/pythia-6.9b,143001,step143000,4,10,6857302016,32,0.1118279272807879,0.14943341454127435
EleutherAI/pythia-6.9b,143001,step143000,4,11,6857302016,32,0.2703376997027311,0.14976062415609573
EleutherAI/pythia-6.9b,143001,step143000,4,12,6857302016,32,0.21783172685999766,0.19936603526430977
EleutherAI/pythia-6.9b,143001,step143000,4,13,6857302016,32,0.12242643230289843,0.12124655450283134
EleutherAI/pythia-6.9b,143001,step143000,4,14,6857302016,32,0.3659175897727499,0.1316244130892617
EleutherAI/pythia-6.9b,143001,step143000,4,15,6857302016,32,0.22308973625705045,0.167748840612446
EleutherAI/pythia-6.9b,143001,step143000,4,16,6857302016,32,0.13966142083028768,0.12833582369649818
EleutherAI/pythia-6.9b,143001,step143000,4,17,6857302016,32,0.11971683606684383,0.32685325018412714
EleutherAI/pythia-6.9b,143001,step143000,4,18,6857302016,32,0.132316798273776,0.1062661044288415
EleutherAI/pythia-6.9b,143001,step143000,4,19,6857302016,32,0.10510358913569474,0.291302933796748
EleutherAI/pythia-6.9b,143001,step143000,4,20,6857302016,32,0.1374872780150479,0.1791174599156902
EleutherAI/pythia-6.9b,143001,step143000,4,21,6857302016,32,0.14341029157867657,0.07329018455692325
EleutherAI/pythia-6.9b,143001,step143000,4,22,6857302016,32,0.20467034454370758,0.1835496962719314
EleutherAI/pythia-6.9b,143001,step143000,4,23,6857302016,32,0.16766678146995578,0.1734013541268783
EleutherAI/pythia-6.9b,143001,step143000,4,24,6857302016,32,0.5724461947206978,0.10650688110271816
EleutherAI/pythia-6.9b,143001,step143000,4,25,6857302016,32,0.12898641156295573,0.10837231429892255
EleutherAI/pythia-6.9b,143001,step143000,4,26,6857302016,32,0.1351653829261705,0.17447053010969812
EleutherAI/pythia-6.9b,143001,step143000,4,27,6857302016,32,0.1426234039626232,0.14888817367253
EleutherAI/pythia-6.9b,143001,step143000,4,28,6857302016,32,0.1473229726043728,0.2226096483747343
EleutherAI/pythia-6.9b,143001,step143000,4,29,6857302016,32,0.14885818249022992,0.11021648791923488
EleutherAI/pythia-6.9b,143001,step143000,4,30,6857302016,32,0.5471897643876147,0.09898950874682388
EleutherAI/pythia-6.9b,143001,step143000,4,31,6857302016,32,0.12241242053518599,0.15539360160494706
EleutherAI/pythia-6.9b,143001,step143000,4,32,6857302016,32,0.12351010989834055,0.10632643236725534
EleutherAI/pythia-6.9b,143001,step143000,5,1,6857302016,32,0.059008532413491216,0.8979167653633667
EleutherAI/pythia-6.9b,143001,step143000,5,2,6857302016,32,0.25878386293445615,0.24363159946537943
EleutherAI/pythia-6.9b,143001,step143000,5,3,6857302016,32,0.08967085357744231,0.6292571224965848
EleutherAI/pythia-6.9b,143001,step143000,5,4,6857302016,32,0.14186992432485826,0.508301828090135
EleutherAI/pythia-6.9b,143001,step143000,5,5,6857302016,32,0.15743338068885662,0.38049887456335457
EleutherAI/pythia-6.9b,143001,step143000,5,6,6857302016,32,0.0706407280929677,0.8148669036659034
EleutherAI/pythia-6.9b,143001,step143000,5,7,6857302016,32,0.05272882856853727,0.761740697765941
EleutherAI/pythia-6.9b,143001,step143000,5,8,6857302016,32,0.0845608828147431,0.6215237993243579
EleutherAI/pythia-6.9b,143001,step143000,5,9,6857302016,32,0.2354469929035898,0.42219124459200075
EleutherAI/pythia-6.9b,143001,step143000,5,10,6857302016,32,0.2053370802095523,0.26115330903827244
EleutherAI/pythia-6.9b,143001,step143000,5,11,6857302016,32,0.08554645908532196,0.29017124472706163
EleutherAI/pythia-6.9b,143001,step143000,5,12,6857302016,32,0.1009514011084675,0.7325894359398533
EleutherAI/pythia-6.9b,143001,step143000,5,13,6857302016,32,0.22300583445229324,0.42320934031997715
EleutherAI/pythia-6.9b,143001,step143000,5,14,6857302016,32,0.10076649499324344,0.6289607481108056
EleutherAI/pythia-6.9b,143001,step143000,5,15,6857302016,32,0.0547765323111938,0.8081048710478677
EleutherAI/pythia-6.9b,143001,step143000,5,16,6857302016,32,0.14728645389122105,0.45958630848038307
EleutherAI/pythia-6.9b,143001,step143000,5,17,6857302016,32,0.08753424872820438,0.3015878249082837
EleutherAI/pythia-6.9b,143001,step143000,5,18,6857302016,32,0.0817742167102234,0.6847351252048223
EleutherAI/pythia-6.9b,143001,step143000,5,19,6857302016,32,0.0592776489284661,0.8254515112967821
EleutherAI/pythia-6.9b,143001,step143000,5,20,6857302016,32,0.06761545106466553,0.779293324317302
EleutherAI/pythia-6.9b,143001,step143000,5,21,6857302016,32,0.1051396093759182,0.5799652341607813
EleutherAI/pythia-6.9b,143001,step143000,5,22,6857302016,32,0.22413494506174017,0.41946869882735405
EleutherAI/pythia-6.9b,143001,step143000,5,23,6857302016,32,0.07131439014463807,0.6974463922841413
EleutherAI/pythia-6.9b,143001,step143000,5,24,6857302016,32,0.09130279295280706,0.5628051443679912
EleutherAI/pythia-6.9b,143001,step143000,5,25,6857302016,32,0.17254912523222754,0.34967291778003845
EleutherAI/pythia-6.9b,143001,step143000,5,26,6857302016,32,0.13620623014307948,0.43781651927902177
EleutherAI/pythia-6.9b,143001,step143000,5,27,6857302016,32,0.29858981721752037,0.23360922496329553
EleutherAI/pythia-6.9b,143001,step143000,5,28,6857302016,32,0.08454970361569797,0.5441104168737972
EleutherAI/pythia-6.9b,143001,step143000,5,29,6857302016,32,0.1096290680090407,0.4503694525038874
EleutherAI/pythia-6.9b,143001,step143000,5,30,6857302016,32,0.06800123610933707,0.821251942320271
EleutherAI/pythia-6.9b,143001,step143000,5,31,6857302016,32,0.05002052173040825,0.9618318919707705
EleutherAI/pythia-6.9b,143001,step143000,5,32,6857302016,32,0.2566109750274423,0.29869260390599567
EleutherAI/pythia-6.9b,143001,step143000,6,1,6857302016,32,0.0584156961171879,0.7443458075458939
EleutherAI/pythia-6.9b,143001,step143000,6,2,6857302016,32,0.05339799606165769,0.9476991573253551
EleutherAI/pythia-6.9b,143001,step143000,6,3,6857302016,32,0.0690352442442207,0.7788650738942372
EleutherAI/pythia-6.9b,143001,step143000,6,4,6857302016,32,0.06324384318715008,0.851905493764906
EleutherAI/pythia-6.9b,143001,step143000,6,5,6857302016,32,0.16113405559469268,0.5872724656765167
EleutherAI/pythia-6.9b,143001,step143000,6,6,6857302016,32,0.06824447160905542,0.822820677861079
EleutherAI/pythia-6.9b,143001,step143000,6,7,6857302016,32,0.06941125273436036,0.7827381718534607
EleutherAI/pythia-6.9b,143001,step143000,6,8,6857302016,32,0.08249937499070664,0.6309332346862501
EleutherAI/pythia-6.9b,143001,step143000,6,9,6857302016,32,0.17317311657038892,0.5084979799953667
EleutherAI/pythia-6.9b,143001,step143000,6,10,6857302016,32,0.14181291667727733,0.2348114480865789
EleutherAI/pythia-6.9b,143001,step143000,6,11,6857302016,32,0.7149946441700509,0.09728716569183553
EleutherAI/pythia-6.9b,143001,step143000,6,12,6857302016,32,0.06099748790722795,0.8694019504674562
EleutherAI/pythia-6.9b,143001,step143000,6,13,6857302016,32,0.07948163480081175,0.38354004176708306
EleutherAI/pythia-6.9b,143001,step143000,6,14,6857302016,32,0.08526089998918607,0.7664429714550843
EleutherAI/pythia-6.9b,143001,step143000,6,15,6857302016,32,0.058632097509060316,0.8934804971690651
EleutherAI/pythia-6.9b,143001,step143000,6,16,6857302016,32,0.07871999089290067,0.7141576698413482
EleutherAI/pythia-6.9b,143001,step143000,6,17,6857302016,32,0.0766742740710218,0.47292162392948484
EleutherAI/pythia-6.9b,143001,step143000,6,18,6857302016,32,0.0639989931673348,0.8411890181514236
EleutherAI/pythia-6.9b,143001,step143000,6,19,6857302016,32,0.09746732494539323,0.7814461626448073
EleutherAI/pythia-6.9b,143001,step143000,6,20,6857302016,32,0.08446763886010142,0.7486878091150576
EleutherAI/pythia-6.9b,143001,step143000,6,21,6857302016,32,0.06458949533993144,0.8256848083512561
EleutherAI/pythia-6.9b,143001,step143000,6,22,6857302016,32,0.056032019976369835,0.9201137218568418
EleutherAI/pythia-6.9b,143001,step143000,6,23,6857302016,32,0.07280800231752001,0.7792257607072681
EleutherAI/pythia-6.9b,143001,step143000,6,24,6857302016,32,0.05454997967525908,0.9267274295245563
EleutherAI/pythia-6.9b,143001,step143000,6,25,6857302016,32,0.08418897014704191,0.7381524946596529
EleutherAI/pythia-6.9b,143001,step143000,6,26,6857302016,32,0.11145068536716714,0.7276071047371214
EleutherAI/pythia-6.9b,143001,step143000,6,27,6857302016,32,0.07398828403750156,0.4764398811189262
EleutherAI/pythia-6.9b,143001,step143000,6,28,6857302016,32,0.055200560029607236,0.934060943645758
EleutherAI/pythia-6.9b,143001,step143000,6,29,6857302016,32,0.19291090085408885,0.4176197242405679
EleutherAI/pythia-6.9b,143001,step143000,6,30,6857302016,32,0.051641616036181295,0.9559343687227896
EleutherAI/pythia-6.9b,143001,step143000,6,31,6857302016,32,0.07202167288811354,0.7282813056274219
EleutherAI/pythia-6.9b,143001,step143000,6,32,6857302016,32,0.11316259128150635,0.4148004984220227
EleutherAI/pythia-6.9b,143001,step143000,7,1,6857302016,32,0.05111115746194487,0.8950754272508191
EleutherAI/pythia-6.9b,143001,step143000,7,2,6857302016,32,0.1454694510826298,0.4302496231712021
EleutherAI/pythia-6.9b,143001,step143000,7,3,6857302016,32,0.08993135198570404,0.7380284267860848
EleutherAI/pythia-6.9b,143001,step143000,7,4,6857302016,32,0.0711357256582191,0.6831653240296218
EleutherAI/pythia-6.9b,143001,step143000,7,5,6857302016,32,0.11192936510653105,0.5278110680458424
EleutherAI/pythia-6.9b,143001,step143000,7,6,6857302016,32,0.07775423450635982,0.8021868792650578
EleutherAI/pythia-6.9b,143001,step143000,7,7,6857302016,32,0.08215975632762404,0.6795302795263024
EleutherAI/pythia-6.9b,143001,step143000,7,8,6857302016,32,0.060694848528473004,0.8696313464605773
EleutherAI/pythia-6.9b,143001,step143000,7,9,6857302016,32,0.10851460752320714,0.6401344138580758
EleutherAI/pythia-6.9b,143001,step143000,7,10,6857302016,32,0.6692600558111975,0.10955394162620237
EleutherAI/pythia-6.9b,143001,step143000,7,11,6857302016,32,0.10345241270802755,0.5644601501144089
EleutherAI/pythia-6.9b,143001,step143000,7,12,6857302016,32,0.09007396393486325,0.6473048578600984
EleutherAI/pythia-6.9b,143001,step143000,7,13,6857302016,32,0.05658211657783018,0.9382905459797776
EleutherAI/pythia-6.9b,143001,step143000,7,14,6857302016,32,0.05248715408012133,0.9442814076626981
EleutherAI/pythia-6.9b,143001,step143000,7,15,6857302016,32,0.07226547672673385,0.7430188603050358
EleutherAI/pythia-6.9b,143001,step143000,7,16,6857302016,32,0.06419440434389818,0.9045916453854099
EleutherAI/pythia-6.9b,143001,step143000,7,17,6857302016,32,0.10911227830940176,0.632027677654683
EleutherAI/pythia-6.9b,143001,step143000,7,18,6857302016,32,0.11394577683718708,0.5801547670418078
EleutherAI/pythia-6.9b,143001,step143000,7,19,6857302016,32,0.10230905145361971,0.577654730316039
EleutherAI/pythia-6.9b,143001,step143000,7,20,6857302016,32,0.0817299115250597,0.7045860185816482
EleutherAI/pythia-6.9b,143001,step143000,7,21,6857302016,32,0.06580931118021047,0.8220475945207808
EleutherAI/pythia-6.9b,143001,step143000,7,22,6857302016,32,0.0621342811671955,0.7749878858571296
EleutherAI/pythia-6.9b,143001,step143000,7,23,6857302016,32,0.06676636058165948,0.8114459375898402
EleutherAI/pythia-6.9b,143001,step143000,7,24,6857302016,32,0.20937940713253103,0.39121594494796014
EleutherAI/pythia-6.9b,143001,step143000,7,25,6857302016,32,0.09171506265799201,0.6920200454759168
EleutherAI/pythia-6.9b,143001,step143000,7,26,6857302016,32,0.058399542377472954,0.9324623953114759
EleutherAI/pythia-6.9b,143001,step143000,7,27,6857302016,32,0.09616679176911931,0.8182999824170951
EleutherAI/pythia-6.9b,143001,step143000,7,28,6857302016,32,0.09994205469741026,0.5495404392346606
EleutherAI/pythia-6.9b,143001,step143000,7,29,6857302016,32,0.08662512571783033,0.6545370917420488
EleutherAI/pythia-6.9b,143001,step143000,7,30,6857302016,32,0.050158001875432096,0.2781661921838024
EleutherAI/pythia-6.9b,143001,step143000,7,31,6857302016,32,0.05038707107641134,0.9845646188423798
EleutherAI/pythia-6.9b,143001,step143000,7,32,6857302016,32,0.12226547701871605,0.6944485930082677
EleutherAI/pythia-6.9b,143001,step143000,8,1,6857302016,32,0.07880175093820946,0.8298148696308021
EleutherAI/pythia-6.9b,143001,step143000,8,2,6857302016,32,0.050742469158851396,0.9910912289991751
EleutherAI/pythia-6.9b,143001,step143000,8,3,6857302016,32,0.05341980308462098,0.9214801816968946
EleutherAI/pythia-6.9b,143001,step143000,8,4,6857302016,32,0.08656089320532727,0.7451249784803964
EleutherAI/pythia-6.9b,143001,step143000,8,5,6857302016,32,0.05978071776864761,0.8942137022276182
EleutherAI/pythia-6.9b,143001,step143000,8,6,6857302016,32,0.10558443087469167,0.6953595061380942
EleutherAI/pythia-6.9b,143001,step143000,8,7,6857302016,32,0.1380834177964263,0.5032499409742184
EleutherAI/pythia-6.9b,143001,step143000,8,8,6857302016,32,0.118531727967588,0.6901473359571205
EleutherAI/pythia-6.9b,143001,step143000,8,9,6857302016,32,0.05838494078891051,0.8926597987567341
EleutherAI/pythia-6.9b,143001,step143000,8,10,6857302016,32,0.18484431748521754,0.4306271923286421
EleutherAI/pythia-6.9b,143001,step143000,8,11,6857302016,32,0.06645679649234082,0.8576567981157217
EleutherAI/pythia-6.9b,143001,step143000,8,12,6857302016,32,0.0651060182282382,0.8609860653991814
EleutherAI/pythia-6.9b,143001,step143000,8,13,6857302016,32,0.08283272718971552,0.7129896058513595
EleutherAI/pythia-6.9b,143001,step143000,8,14,6857302016,32,0.05860075159082269,0.9487600606662017
EleutherAI/pythia-6.9b,143001,step143000,8,15,6857302016,32,0.10446237268166852,0.7234209623333212
EleutherAI/pythia-6.9b,143001,step143000,8,16,6857302016,32,0.07693270846709113,0.7327735431648947
EleutherAI/pythia-6.9b,143001,step143000,8,17,6857302016,32,0.053108347087606256,0.9543554923376879
EleutherAI/pythia-6.9b,143001,step143000,8,18,6857302016,32,0.06826614193316242,0.7698760310540328
EleutherAI/pythia-6.9b,143001,step143000,8,19,6857302016,32,0.11148445642142141,0.5690587157601709
EleutherAI/pythia-6.9b,143001,step143000,8,20,6857302016,32,0.057279199775722246,0.9243001315865789
EleutherAI/pythia-6.9b,143001,step143000,8,21,6857302016,32,0.04976041273104845,0.9679435594482823
EleutherAI/pythia-6.9b,143001,step143000,8,22,6857302016,32,0.06015894344417715,0.9119870738761203
EleutherAI/pythia-6.9b,143001,step143000,8,23,6857302016,32,0.06485063869886476,0.8145594651008153
EleutherAI/pythia-6.9b,143001,step143000,8,24,6857302016,32,0.07834026232842833,0.7820798965008767
EleutherAI/pythia-6.9b,143001,step143000,8,25,6857302016,32,0.07345035459354024,0.7844917674411882
EleutherAI/pythia-6.9b,143001,step143000,8,26,6857302016,32,0.07539016525498825,0.7600138633100836
EleutherAI/pythia-6.9b,143001,step143000,8,27,6857302016,32,0.05062899119206686,0.9931323204312597
EleutherAI/pythia-6.9b,143001,step143000,8,28,6857302016,32,0.07143815957546767,0.7967370917668214
EleutherAI/pythia-6.9b,143001,step143000,8,29,6857302016,32,0.1307386673718422,0.382224043120851
EleutherAI/pythia-6.9b,143001,step143000,8,30,6857302016,32,0.15824514548028548,0.5427775598682083
EleutherAI/pythia-6.9b,143001,step143000,8,31,6857302016,32,0.05460288198860554,0.9190032444558702
EleutherAI/pythia-6.9b,143001,step143000,8,32,6857302016,32,0.05638877400015295,0.8983520631854599
EleutherAI/pythia-6.9b,143001,step143000,9,1,6857302016,32,0.0838533975519575,0.7828850713936059
EleutherAI/pythia-6.9b,143001,step143000,9,2,6857302016,32,0.0976244629704737,0.675249899427096
EleutherAI/pythia-6.9b,143001,step143000,9,3,6857302016,32,0.059722551248139764,0.8903600100998406
EleutherAI/pythia-6.9b,143001,step143000,9,4,6857302016,32,0.07521015358389584,0.6948262784216139
EleutherAI/pythia-6.9b,143001,step143000,9,5,6857302016,32,0.051207495184878105,0.9814659406293977
EleutherAI/pythia-6.9b,143001,step143000,9,6,6857302016,32,0.06887790052270563,0.8699963764027432
EleutherAI/pythia-6.9b,143001,step143000,9,7,6857302016,32,0.15707128232082085,0.7221492991612122
EleutherAI/pythia-6.9b,143001,step143000,9,8,6857302016,32,0.0999737786291329,0.7348370477333441
EleutherAI/pythia-6.9b,143001,step143000,9,9,6857302016,32,0.16941399324696518,0.4835035955538979
EleutherAI/pythia-6.9b,143001,step143000,9,10,6857302016,32,0.06101632632550083,0.8980451121076092
EleutherAI/pythia-6.9b,143001,step143000,9,11,6857302016,32,0.06387076347607656,0.9046139194442703
EleutherAI/pythia-6.9b,143001,step143000,9,12,6857302016,32,0.05146609244633227,0.9796532519586809
EleutherAI/pythia-6.9b,143001,step143000,9,13,6857302016,32,0.0655322739457314,0.8897445234092506
EleutherAI/pythia-6.9b,143001,step143000,9,14,6857302016,32,0.055637427328808844,0.9373955003492109
EleutherAI/pythia-6.9b,143001,step143000,9,15,6857302016,32,0.07157161846119268,0.8252226258362377
EleutherAI/pythia-6.9b,143001,step143000,9,16,6857302016,32,0.06647291619543194,0.8829874171688034
EleutherAI/pythia-6.9b,143001,step143000,9,17,6857302016,32,0.05618652307873101,0.9221393662888009
EleutherAI/pythia-6.9b,143001,step143000,9,18,6857302016,32,0.068387872036043,0.8209744315516125
EleutherAI/pythia-6.9b,143001,step143000,9,19,6857302016,32,0.05083951357662584,0.9947873131111935
EleutherAI/pythia-6.9b,143001,step143000,9,20,6857302016,32,0.19350497094584296,0.48774454946274515
EleutherAI/pythia-6.9b,143001,step143000,9,21,6857302016,32,0.07766318617685058,0.7366524021457266
EleutherAI/pythia-6.9b,143001,step143000,9,22,6857302016,32,0.052351024312277596,0.9590969470528153
EleutherAI/pythia-6.9b,143001,step143000,9,23,6857302016,32,0.07677605706784456,0.7710527588386793
EleutherAI/pythia-6.9b,143001,step143000,9,24,6857302016,32,0.07292627742620288,0.8023976733734658
EleutherAI/pythia-6.9b,143001,step143000,9,25,6857302016,32,0.05128499508804606,0.9782343206999896
EleutherAI/pythia-6.9b,143001,step143000,9,26,6857302016,32,0.11998004864554501,0.4372201959292094
EleutherAI/pythia-6.9b,143001,step143000,9,27,6857302016,32,0.054659756910134145,0.919383562989421
EleutherAI/pythia-6.9b,143001,step143000,9,28,6857302016,32,0.06157068702652375,0.8767231116602728
EleutherAI/pythia-6.9b,143001,step143000,9,29,6857302016,32,0.11680693710754221,0.5899751737221584
EleutherAI/pythia-6.9b,143001,step143000,9,30,6857302016,32,0.05204797055091224,0.9752409947706057
EleutherAI/pythia-6.9b,143001,step143000,9,31,6857302016,32,0.07143445220403928,0.7331817998989925
EleutherAI/pythia-6.9b,143001,step143000,9,32,6857302016,32,0.064659295721097,0.8403738467721967
EleutherAI/pythia-6.9b,143001,step143000,10,1,6857302016,32,0.0586359029714096,0.8745909052210169
EleutherAI/pythia-6.9b,143001,step143000,10,2,6857302016,32,0.06278163186825428,0.864609960589681
EleutherAI/pythia-6.9b,143001,step143000,10,3,6857302016,32,0.05819933221874021,0.9207654526462784
EleutherAI/pythia-6.9b,143001,step143000,10,4,6857302016,32,0.3060934956412057,0.6123373045756653
EleutherAI/pythia-6.9b,143001,step143000,10,5,6857302016,32,0.08516237489856752,0.7398835787544021
EleutherAI/pythia-6.9b,143001,step143000,10,6,6857302016,32,0.09475515641876164,0.747049035744982
EleutherAI/pythia-6.9b,143001,step143000,10,7,6857302016,32,0.08070542142578248,0.7882869649935771
EleutherAI/pythia-6.9b,143001,step143000,10,8,6857302016,32,0.11691113942870503,0.6281865351461433
EleutherAI/pythia-6.9b,143001,step143000,10,9,6857302016,32,0.06278309617583096,0.8624591370065648
EleutherAI/pythia-6.9b,143001,step143000,10,10,6857302016,32,0.06446099830735415,0.11364089746542785
EleutherAI/pythia-6.9b,143001,step143000,10,11,6857302016,32,0.11569960651969584,0.6473282662866352
EleutherAI/pythia-6.9b,143001,step143000,10,12,6857302016,32,0.05851014853418764,0.9021356259738361
EleutherAI/pythia-6.9b,143001,step143000,10,13,6857302016,32,0.08824333436675254,0.7129401612478692
EleutherAI/pythia-6.9b,143001,step143000,10,14,6857302016,32,0.055291509160676836,0.9460219954764163
EleutherAI/pythia-6.9b,143001,step143000,10,15,6857302016,32,0.07663313921138237,0.8362552911132664
EleutherAI/pythia-6.9b,143001,step143000,10,16,6857302016,32,0.060690972019915426,0.8862830054115605
EleutherAI/pythia-6.9b,143001,step143000,10,17,6857302016,32,0.06646550250415863,0.8266894880894784
EleutherAI/pythia-6.9b,143001,step143000,10,18,6857302016,32,0.10392866520820791,0.44042553083674685
EleutherAI/pythia-6.9b,143001,step143000,10,19,6857302016,32,0.05537098157848856,0.9359262515832713
EleutherAI/pythia-6.9b,143001,step143000,10,20,6857302016,32,0.05532403572744968,0.9373223530100631
EleutherAI/pythia-6.9b,143001,step143000,10,21,6857302016,32,0.056439272072110226,0.948277400868075
EleutherAI/pythia-6.9b,143001,step143000,10,22,6857302016,32,0.08876016636465758,0.6244351525564451
EleutherAI/pythia-6.9b,143001,step143000,10,23,6857302016,32,0.05579188440062169,0.9324901674065862
EleutherAI/pythia-6.9b,143001,step143000,10,24,6857302016,32,0.05822481981313618,0.8989342689156175
EleutherAI/pythia-6.9b,143001,step143000,10,25,6857302016,32,0.06550209630034613,0.8440969582792517
EleutherAI/pythia-6.9b,143001,step143000,10,26,6857302016,32,0.052657444046827005,0.9748092039569363
EleutherAI/pythia-6.9b,143001,step143000,10,27,6857302016,32,0.10547018480171129,0.7202770931942685
EleutherAI/pythia-6.9b,143001,step143000,10,28,6857302016,32,0.08181232029946892,0.630873284182391
EleutherAI/pythia-6.9b,143001,step143000,10,29,6857302016,32,0.08717648309652687,0.6841084541411729
EleutherAI/pythia-6.9b,143001,step143000,10,30,6857302016,32,0.06183390922050125,0.8608745793412039
EleutherAI/pythia-6.9b,143001,step143000,10,31,6857302016,32,0.051584786164935066,0.9779678497228537
EleutherAI/pythia-6.9b,143001,step143000,10,32,6857302016,32,0.05477792319950753,0.9219628763091456
EleutherAI/pythia-6.9b,143001,step143000,11,1,6857302016,32,0.061737473553477244,0.8895745988006707
EleutherAI/pythia-6.9b,143001,step143000,11,2,6857302016,32,0.05508628292093133,0.9469563385566792
EleutherAI/pythia-6.9b,143001,step143000,11,3,6857302016,32,0.0888328081774371,0.7467293310630787
EleutherAI/pythia-6.9b,143001,step143000,11,4,6857302016,32,0.0677260532136167,0.8774816339259391
EleutherAI/pythia-6.9b,143001,step143000,11,5,6857302016,32,0.06422582496091854,0.8360730668266972
EleutherAI/pythia-6.9b,143001,step143000,11,6,6857302016,32,0.10306035435839633,0.6781613702799106
EleutherAI/pythia-6.9b,143001,step143000,11,7,6857302016,32,0.06114077306556715,0.8920525592547637
EleutherAI/pythia-6.9b,143001,step143000,11,8,6857302016,32,0.10309279171397553,0.7771905615881041
EleutherAI/pythia-6.9b,143001,step143000,11,9,6857302016,32,0.09024082504033859,0.634445681228294
EleutherAI/pythia-6.9b,143001,step143000,11,10,6857302016,32,0.05284055010429593,0.9642774776832478
EleutherAI/pythia-6.9b,143001,step143000,11,11,6857302016,32,0.05675005670580953,0.9142676161395179
EleutherAI/pythia-6.9b,143001,step143000,11,12,6857302016,32,0.1191562480732306,0.48171766413314204
EleutherAI/pythia-6.9b,143001,step143000,11,13,6857302016,32,0.10864051143910071,0.5825723559559286
EleutherAI/pythia-6.9b,143001,step143000,11,14,6857302016,32,0.05258805922151458,0.9680873063412515
EleutherAI/pythia-6.9b,143001,step143000,11,15,6857302016,32,0.11773649260245103,0.8255170982879203
EleutherAI/pythia-6.9b,143001,step143000,11,16,6857302016,32,0.10124308186899252,0.6802448176138394
EleutherAI/pythia-6.9b,143001,step143000,11,17,6857302016,32,0.06286371475247825,0.4976652658379472
EleutherAI/pythia-6.9b,143001,step143000,11,18,6857302016,32,0.10946286091016036,0.6334728956133038
EleutherAI/pythia-6.9b,143001,step143000,11,19,6857302016,32,0.05964281095342858,0.8660451999834707
EleutherAI/pythia-6.9b,143001,step143000,11,20,6857302016,32,0.07179391417965601,0.7255681341027355
EleutherAI/pythia-6.9b,143001,step143000,11,21,6857302016,32,0.06574503024452706,0.8791473697613668
EleutherAI/pythia-6.9b,143001,step143000,11,22,6857302016,32,0.23548399896414068,0.25168287223792285
EleutherAI/pythia-6.9b,143001,step143000,11,23,6857302016,32,0.058876004447606725,0.8833478260505665
EleutherAI/pythia-6.9b,143001,step143000,11,24,6857302016,32,0.08418914841560715,0.7188094131670915
EleutherAI/pythia-6.9b,143001,step143000,11,25,6857302016,32,0.1704836581741367,0.569267005444289
EleutherAI/pythia-6.9b,143001,step143000,11,26,6857302016,32,0.1111879698070767,0.5373125474329468
EleutherAI/pythia-6.9b,143001,step143000,11,27,6857302016,32,0.09078938166636064,0.6783066672963781
EleutherAI/pythia-6.9b,143001,step143000,11,28,6857302016,32,0.07999704466075507,0.7730577969336295
EleutherAI/pythia-6.9b,143001,step143000,11,29,6857302016,32,0.053854402030228,0.9568001243982229
EleutherAI/pythia-6.9b,143001,step143000,11,30,6857302016,32,0.14627799242958647,0.5792662390359529
EleutherAI/pythia-6.9b,143001,step143000,11,31,6857302016,32,0.05579875156915443,0.9410771868966363
EleutherAI/pythia-6.9b,143001,step143000,11,32,6857302016,32,0.16951730481541905,0.2574033191366059
EleutherAI/pythia-6.9b,143001,step143000,12,1,6857302016,32,0.08756966543224476,0.7264302688407468
EleutherAI/pythia-6.9b,143001,step143000,12,2,6857302016,32,0.05496711555488023,0.9230897114262566
EleutherAI/pythia-6.9b,143001,step143000,12,3,6857302016,32,0.05781233590236069,0.9216197962249005
EleutherAI/pythia-6.9b,143001,step143000,12,4,6857302016,32,0.20995938510552895,0.42463593404214306
EleutherAI/pythia-6.9b,143001,step143000,12,5,6857302016,32,0.05754426196105662,0.9138143914597886
EleutherAI/pythia-6.9b,143001,step143000,12,6,6857302016,32,0.10527934732514097,0.6758959841531318
EleutherAI/pythia-6.9b,143001,step143000,12,7,6857302016,32,0.05676112857482227,0.9224121705279336
EleutherAI/pythia-6.9b,143001,step143000,12,8,6857302016,32,0.06805218512600691,0.878979608550802
EleutherAI/pythia-6.9b,143001,step143000,12,9,6857302016,32,0.06323679786332104,0.9037417828052251
EleutherAI/pythia-6.9b,143001,step143000,12,10,6857302016,32,0.05225526087836277,0.9791171327009573
EleutherAI/pythia-6.9b,143001,step143000,12,11,6857302016,32,0.09796223003003328,0.683576406525062
EleutherAI/pythia-6.9b,143001,step143000,12,12,6857302016,32,0.05336537119700337,0.9102300348224582
EleutherAI/pythia-6.9b,143001,step143000,12,13,6857302016,32,0.08273153990652553,0.7062705800876962
EleutherAI/pythia-6.9b,143001,step143000,12,14,6857302016,32,0.05885387961291242,0.9152285955600195
EleutherAI/pythia-6.9b,143001,step143000,12,15,6857302016,32,0.055332019072104284,0.9557542320307311
EleutherAI/pythia-6.9b,143001,step143000,12,16,6857302016,32,0.07522698056635194,0.8031241175111707
EleutherAI/pythia-6.9b,143001,step143000,12,17,6857302016,32,0.0960023913521308,0.7097251112754639
EleutherAI/pythia-6.9b,143001,step143000,12,18,6857302016,32,0.055422980763443194,0.27399419832068517
EleutherAI/pythia-6.9b,143001,step143000,12,19,6857302016,32,0.09104831889551408,0.7025229576024207
EleutherAI/pythia-6.9b,143001,step143000,12,20,6857302016,32,0.24218705097386783,0.49219679832458496
EleutherAI/pythia-6.9b,143001,step143000,12,21,6857302016,32,0.05309507900474214,0.9553365053178312
EleutherAI/pythia-6.9b,143001,step143000,12,22,6857302016,32,0.11469253037941524,0.4772286657635514
EleutherAI/pythia-6.9b,143001,step143000,12,23,6857302016,32,0.05645554631601668,0.9383953660279065
EleutherAI/pythia-6.9b,143001,step143000,12,24,6857302016,32,0.0700373589858278,0.810895311805579
EleutherAI/pythia-6.9b,143001,step143000,12,25,6857302016,32,0.08301324537163736,0.7886698924832873
EleutherAI/pythia-6.9b,143001,step143000,12,26,6857302016,32,0.05633211617746775,0.9451649348746549
EleutherAI/pythia-6.9b,143001,step143000,12,27,6857302016,32,0.055161254063763196,0.9175847978205294
EleutherAI/pythia-6.9b,143001,step143000,12,28,6857302016,32,0.0536245069642727,0.9674858256682262
EleutherAI/pythia-6.9b,143001,step143000,12,29,6857302016,32,0.05928922585119397,0.8803938037461346
EleutherAI/pythia-6.9b,143001,step143000,12,30,6857302016,32,0.11444717122090825,0.609019298900713
EleutherAI/pythia-6.9b,143001,step143000,12,31,6857302016,32,0.09550022871678204,0.6414934269043507
EleutherAI/pythia-6.9b,143001,step143000,12,32,6857302016,32,0.05574658589420819,0.9440678987238142
EleutherAI/pythia-6.9b,143001,step143000,13,1,6857302016,32,0.13280879458910347,0.5287524166631627
EleutherAI/pythia-6.9b,143001,step143000,13,2,6857302016,32,0.08512027904268227,0.7499842453557808
EleutherAI/pythia-6.9b,143001,step143000,13,3,6857302016,32,0.07874473640779113,0.7656070476358717
EleutherAI/pythia-6.9b,143001,step143000,13,4,6857302016,32,0.060023342147357606,0.8571235171040973
EleutherAI/pythia-6.9b,143001,step143000,13,5,6857302016,32,0.05944776835966034,0.8965180708212895
EleutherAI/pythia-6.9b,143001,step143000,13,6,6857302016,32,0.055148270957216625,0.9372226448209436
EleutherAI/pythia-6.9b,143001,step143000,13,7,6857302016,32,0.051849478339726016,0.9719942080544995
EleutherAI/pythia-6.9b,143001,step143000,13,8,6857302016,32,0.06798556733417793,0.9015973127103066
EleutherAI/pythia-6.9b,143001,step143000,13,9,6857302016,32,0.16511484255661832,0.4172659165060914
EleutherAI/pythia-6.9b,143001,step143000,13,10,6857302016,32,0.050263848281591285,0.9998914710394256
EleutherAI/pythia-6.9b,143001,step143000,13,11,6857302016,32,0.0889759648775866,0.7073960926708158
EleutherAI/pythia-6.9b,143001,step143000,13,12,6857302016,32,0.06387584112506277,0.8918193132132739
EleutherAI/pythia-6.9b,143001,step143000,13,13,6857302016,32,0.20536864676454042,0.4624040921081652
EleutherAI/pythia-6.9b,143001,step143000,13,14,6857302016,32,0.05459414423630756,0.9382542088941053
EleutherAI/pythia-6.9b,143001,step143000,13,15,6857302016,32,0.06751937454135654,0.7358942289610166
EleutherAI/pythia-6.9b,143001,step143000,13,16,6857302016,32,0.06681925518712299,0.8438593102199538
EleutherAI/pythia-6.9b,143001,step143000,13,17,6857302016,32,0.09483652695588338,0.6947588956391847
EleutherAI/pythia-6.9b,143001,step143000,13,18,6857302016,32,0.10924575383867226,0.6185969107815096
EleutherAI/pythia-6.9b,143001,step143000,13,19,6857302016,32,0.06005701032542695,0.8832383638208693
EleutherAI/pythia-6.9b,143001,step143000,13,20,6857302016,32,0.09783696883299325,0.7602840986427244
EleutherAI/pythia-6.9b,143001,step143000,13,21,6857302016,32,0.07070367466993961,0.8466440556017129
EleutherAI/pythia-6.9b,143001,step143000,13,22,6857302016,32,0.057082446806647355,0.9148194569725174
EleutherAI/pythia-6.9b,143001,step143000,13,23,6857302016,32,0.16371863227975256,0.5222814938461816
EleutherAI/pythia-6.9b,143001,step143000,13,24,6857302016,32,0.08977971009507368,0.6214160445305679
EleutherAI/pythia-6.9b,143001,step143000,13,25,6857302016,32,0.06931305478128402,0.8157369864953531
EleutherAI/pythia-6.9b,143001,step143000,13,26,6857302016,32,0.0603853164341401,0.9180738775132297
EleutherAI/pythia-6.9b,143001,step143000,13,27,6857302016,32,0.0805807894560041,0.804124507974755
EleutherAI/pythia-6.9b,143001,step143000,13,28,6857302016,32,0.08913092961808937,0.6673154778577186
EleutherAI/pythia-6.9b,143001,step143000,13,29,6857302016,32,0.12319017948398178,0.6433658443682186
EleutherAI/pythia-6.9b,143001,step143000,13,30,6857302016,32,0.07198175669063225,0.7850859197410377
EleutherAI/pythia-6.9b,143001,step143000,13,31,6857302016,32,0.0716164754983317,0.8594045802816614
EleutherAI/pythia-6.9b,143001,step143000,13,32,6857302016,32,0.053036654812728456,0.9787726487304356
EleutherAI/pythia-6.9b,143001,step143000,14,1,6857302016,32,0.10276139335141879,0.6143590988473849
EleutherAI/pythia-6.9b,143001,step143000,14,2,6857302016,32,0.06519855565304777,0.8416693829469852
EleutherAI/pythia-6.9b,143001,step143000,14,3,6857302016,32,0.12918309774529466,0.5527281277441047
EleutherAI/pythia-6.9b,143001,step143000,14,4,6857302016,32,0.08217949237864651,0.7390600508218771
EleutherAI/pythia-6.9b,143001,step143000,14,5,6857302016,32,0.05347483221570154,0.9589685210594544
EleutherAI/pythia-6.9b,143001,step143000,14,6,6857302016,32,0.05021233080715697,0.9979294955551445
EleutherAI/pythia-6.9b,143001,step143000,14,7,6857302016,32,0.11489849962719206,0.5054394616200043
EleutherAI/pythia-6.9b,143001,step143000,14,8,6857302016,32,0.09872402569597902,0.7385088612098951
EleutherAI/pythia-6.9b,143001,step143000,14,9,6857302016,32,0.07384453644534127,0.7770819785269173
EleutherAI/pythia-6.9b,143001,step143000,14,10,6857302016,32,0.06040342406204732,0.9077230349585816
EleutherAI/pythia-6.9b,143001,step143000,14,11,6857302016,32,0.09140580264409558,0.7087376479048271
EleutherAI/pythia-6.9b,143001,step143000,14,12,6857302016,32,0.1867785955424065,0.5780075103402496
EleutherAI/pythia-6.9b,143001,step143000,14,13,6857302016,32,0.05194888417343339,0.9723385193863431
EleutherAI/pythia-6.9b,143001,step143000,14,14,6857302016,32,0.06747541103411361,0.8769102339540515
EleutherAI/pythia-6.9b,143001,step143000,14,15,6857302016,32,0.06750216216475394,0.8535998043444779
EleutherAI/pythia-6.9b,143001,step143000,14,16,6857302016,32,0.10404184687177873,0.5336377106539838
EleutherAI/pythia-6.9b,143001,step143000,14,17,6857302016,32,0.056785355666064956,0.9428238912566647
EleutherAI/pythia-6.9b,143001,step143000,14,18,6857302016,32,0.09723613952641726,0.6354004364382397
EleutherAI/pythia-6.9b,143001,step143000,14,19,6857302016,32,0.07716850061864551,0.7625178066459862
EleutherAI/pythia-6.9b,143001,step143000,14,20,6857302016,32,0.09862899688539559,0.6854709914854696
EleutherAI/pythia-6.9b,143001,step143000,14,21,6857302016,32,0.18682172370923528,0.3679273690323571
EleutherAI/pythia-6.9b,143001,step143000,14,22,6857302016,32,0.10568323057402178,0.7309504580927325
EleutherAI/pythia-6.9b,143001,step143000,14,23,6857302016,32,0.0848005765003037,0.6700052812740251
EleutherAI/pythia-6.9b,143001,step143000,14,24,6857302016,32,0.08223511535092602,0.7799855537779696
EleutherAI/pythia-6.9b,143001,step143000,14,25,6857302016,32,0.09083041360786365,0.7691862459655281
EleutherAI/pythia-6.9b,143001,step143000,14,26,6857302016,32,0.08649696965419401,0.73995655197818
EleutherAI/pythia-6.9b,143001,step143000,14,27,6857302016,32,0.07316793584441007,0.7348083357016245
EleutherAI/pythia-6.9b,143001,step143000,14,28,6857302016,32,0.05026379278819031,0.9997908067595851
EleutherAI/pythia-6.9b,143001,step143000,14,29,6857302016,32,0.12068292130534351,0.5629038444018221
EleutherAI/pythia-6.9b,143001,step143000,14,30,6857302016,32,0.1540884800624471,0.6060474383848924
EleutherAI/pythia-6.9b,143001,step143000,14,31,6857302016,32,0.15522496180200537,0.44113193154782504
EleutherAI/pythia-6.9b,143001,step143000,14,32,6857302016,32,0.07941346570804667,0.9119052281966796
EleutherAI/pythia-6.9b,143001,step143000,15,1,6857302016,32,0.05923730699351059,0.9299354134379206
EleutherAI/pythia-6.9b,143001,step143000,15,2,6857302016,32,0.07033064773490832,0.8324206423562568
EleutherAI/pythia-6.9b,143001,step143000,15,3,6857302016,32,0.07285774500576311,0.8257329093107769
EleutherAI/pythia-6.9b,143001,step143000,15,4,6857302016,32,0.39229878912995886,0.34847003548173927
EleutherAI/pythia-6.9b,143001,step143000,15,5,6857302016,32,0.12022637227387932,0.5379313620495366
EleutherAI/pythia-6.9b,143001,step143000,15,6,6857302016,32,0.05404357163951513,0.9601522071941478
EleutherAI/pythia-6.9b,143001,step143000,15,7,6857302016,32,0.07198181467035686,0.7934495006371904
EleutherAI/pythia-6.9b,143001,step143000,15,8,6857302016,32,0.054286729712206994,0.9633011604035581
EleutherAI/pythia-6.9b,143001,step143000,15,9,6857302016,32,0.06126794729985897,0.8876251971220469
EleutherAI/pythia-6.9b,143001,step143000,15,10,6857302016,32,0.08456046463132974,0.6644713226649854
EleutherAI/pythia-6.9b,143001,step143000,15,11,6857302016,32,0.2472171984590567,0.1930357917595106
EleutherAI/pythia-6.9b,143001,step143000,15,12,6857302016,32,0.06946332713130399,0.8461660093015378
EleutherAI/pythia-6.9b,143001,step143000,15,13,6857302016,32,0.043551308242743926,0.35433939126160763
EleutherAI/pythia-6.9b,143001,step143000,15,14,6857302016,32,0.060297987035086875,0.8967884040630616
EleutherAI/pythia-6.9b,143001,step143000,15,15,6857302016,32,0.11161373499165601,0.6161599734255502
EleutherAI/pythia-6.9b,143001,step143000,15,16,6857302016,32,0.05797847982372961,0.9170928839985673
EleutherAI/pythia-6.9b,143001,step143000,15,17,6857302016,32,0.06783121935855425,0.8564518569289027
EleutherAI/pythia-6.9b,143001,step143000,15,18,6857302016,32,0.055219987036405765,0.8929679024371657
EleutherAI/pythia-6.9b,143001,step143000,15,19,6857302016,32,0.054780860081896726,0.948439161609243
EleutherAI/pythia-6.9b,143001,step143000,15,20,6857302016,32,0.06303972635955152,0.9053666680245787
EleutherAI/pythia-6.9b,143001,step143000,15,21,6857302016,32,0.10147460847086193,0.868011351059507
EleutherAI/pythia-6.9b,143001,step143000,15,22,6857302016,32,0.16528349709850884,0.5017640713054139
EleutherAI/pythia-6.9b,143001,step143000,15,23,6857302016,32,0.055754276105781625,0.9602500937722467
EleutherAI/pythia-6.9b,143001,step143000,15,24,6857302016,32,0.05607186921791088,0.9306905586440284
EleutherAI/pythia-6.9b,143001,step143000,15,25,6857302016,32,0.05868193103341723,0.8986808817844849
EleutherAI/pythia-6.9b,143001,step143000,15,26,6857302016,32,0.050298667532411384,0.9993500073213835
EleutherAI/pythia-6.9b,143001,step143000,15,27,6857302016,32,0.061992257260144075,0.8928405417202113
EleutherAI/pythia-6.9b,143001,step143000,15,28,6857302016,32,0.09449878518466831,0.6708072742094865
EleutherAI/pythia-6.9b,143001,step143000,15,29,6857302016,32,0.05529398044190916,0.9432494824713057
EleutherAI/pythia-6.9b,143001,step143000,15,30,6857302016,32,0.08086311367449456,0.7648889134238074
EleutherAI/pythia-6.9b,143001,step143000,15,31,6857302016,32,0.052349236105811985,0.9656925691856636
EleutherAI/pythia-6.9b,143001,step143000,15,32,6857302016,32,0.11249464389507294,0.6172906932709096
EleutherAI/pythia-6.9b,143001,step143000,16,1,6857302016,32,0.0924541147834098,0.7606216783190632
EleutherAI/pythia-6.9b,143001,step143000,16,2,6857302016,32,0.06736714794515843,0.8794341177061513
EleutherAI/pythia-6.9b,143001,step143000,16,3,6857302016,32,0.06355544988502249,0.8826318023888556
EleutherAI/pythia-6.9b,143001,step143000,16,4,6857302016,32,0.09987002983689304,0.6339294004502956
EleutherAI/pythia-6.9b,143001,step143000,16,5,6857302016,32,0.06593762493102216,0.8797857178537337
EleutherAI/pythia-6.9b,143001,step143000,16,6,6857302016,32,0.13555451044561084,0.7823892361945934
EleutherAI/pythia-6.9b,143001,step143000,16,7,6857302016,32,0.15489568378966487,0.576676749207594
EleutherAI/pythia-6.9b,143001,step143000,16,8,6857302016,32,0.05882950794992142,0.914881664353448
EleutherAI/pythia-6.9b,143001,step143000,16,9,6857302016,32,0.2295914219955245,0.5194617712998891
EleutherAI/pythia-6.9b,143001,step143000,16,10,6857302016,32,0.1560834857772241,0.6976552672751315
EleutherAI/pythia-6.9b,143001,step143000,16,11,6857302016,32,0.06920939576238748,0.8315646459569445
EleutherAI/pythia-6.9b,143001,step143000,16,12,6857302016,32,0.053843158006377186,0.9668480465720007
EleutherAI/pythia-6.9b,143001,step143000,16,13,6857302016,32,0.09957785482375736,0.5841179066994885
EleutherAI/pythia-6.9b,143001,step143000,16,14,6857302016,32,0.05172698874048907,0.9820380730850918
EleutherAI/pythia-6.9b,143001,step143000,16,15,6857302016,32,0.06772292134080737,0.8167887461615039
EleutherAI/pythia-6.9b,143001,step143000,16,16,6857302016,32,0.09862093920274088,0.7139302344025076
EleutherAI/pythia-6.9b,143001,step143000,16,17,6857302016,32,0.05505040995692746,0.5007191437321741
EleutherAI/pythia-6.9b,143001,step143000,16,18,6857302016,32,0.052670206410346046,0.9656492983614718
EleutherAI/pythia-6.9b,143001,step143000,16,19,6857302016,32,0.06976150055122264,0.8417012271311906
EleutherAI/pythia-6.9b,143001,step143000,16,20,6857302016,32,0.08123740388007758,0.7872689012829606
EleutherAI/pythia-6.9b,143001,step143000,16,21,6857302016,32,0.07219334209600722,0.7804727059853328
EleutherAI/pythia-6.9b,143001,step143000,16,22,6857302016,32,0.0556059288610522,0.9253113137351142
EleutherAI/pythia-6.9b,143001,step143000,16,23,6857302016,32,0.06315486345652699,0.8795465513750598
EleutherAI/pythia-6.9b,143001,step143000,16,24,6857302016,32,0.07139428969271275,0.8144893673089173
EleutherAI/pythia-6.9b,143001,step143000,16,25,6857302016,32,0.08070201914500183,0.7718406625248648
EleutherAI/pythia-6.9b,143001,step143000,16,26,6857302016,32,0.05859499513493237,0.9168572310839329
EleutherAI/pythia-6.9b,143001,step143000,16,27,6857302016,32,0.09017687905076384,0.6825010855276663
EleutherAI/pythia-6.9b,143001,step143000,16,28,6857302016,32,0.05985276957039714,0.923333002371831
EleutherAI/pythia-6.9b,143001,step143000,16,29,6857302016,32,0.07051890144018345,0.8233749029917402
EleutherAI/pythia-6.9b,143001,step143000,16,30,6857302016,32,0.060000672900081535,0.9281597062274143
EleutherAI/pythia-6.9b,143001,step143000,16,31,6857302016,32,0.0846318750566727,0.7162246817314589
EleutherAI/pythia-6.9b,143001,step143000,16,32,6857302016,32,0.07586618718431067,0.7706420661898347
EleutherAI/pythia-6.9b,143001,step143000,17,1,6857302016,32,0.08216751409644206,0.7577726251638688
EleutherAI/pythia-6.9b,143001,step143000,17,2,6857302016,32,0.059565251033093077,0.9041460679995047
EleutherAI/pythia-6.9b,143001,step143000,17,3,6857302016,32,0.05669125861714816,0.9296668405020917
EleutherAI/pythia-6.9b,143001,step143000,17,4,6857302016,32,0.130087408536413,0.5815986988691239
EleutherAI/pythia-6.9b,143001,step143000,17,5,6857302016,32,0.10187958634539585,0.6349683435740056
EleutherAI/pythia-6.9b,143001,step143000,17,6,6857302016,32,0.28239293226429646,0.18657214369613662
EleutherAI/pythia-6.9b,143001,step143000,17,7,6857302016,32,0.05026379278819031,0.9997980005748279
EleutherAI/pythia-6.9b,143001,step143000,17,8,6857302016,32,0.054598616580157175,0.9530203230567165
EleutherAI/pythia-6.9b,143001,step143000,17,9,6857302016,32,0.07672241968648118,0.7606424393059613
EleutherAI/pythia-6.9b,143001,step143000,17,10,6857302016,32,0.05937767880703053,0.929807850369462
EleutherAI/pythia-6.9b,143001,step143000,17,11,6857302016,32,0.08407084432685066,0.8073724775656208
EleutherAI/pythia-6.9b,143001,step143000,17,12,6857302016,32,0.061243022502576135,0.9108651185984368
EleutherAI/pythia-6.9b,143001,step143000,17,13,6857302016,32,0.13948126520972706,0.4180033828268896
EleutherAI/pythia-6.9b,143001,step143000,17,14,6857302016,32,0.08129133437634316,0.7881544949570755
EleutherAI/pythia-6.9b,143001,step143000,17,15,6857302016,32,0.07101749436364871,0.8353072481380927
EleutherAI/pythia-6.9b,143001,step143000,17,16,6857302016,32,0.1303782823073255,0.5722569195447383
EleutherAI/pythia-6.9b,143001,step143000,17,17,6857302016,32,0.0772099700692045,0.8125399953207454
EleutherAI/pythia-6.9b,143001,step143000,17,18,6857302016,32,0.05304011874538549,0.9638153346809181
EleutherAI/pythia-6.9b,143001,step143000,17,19,6857302016,32,0.05566374405200502,0.9416969532186205
EleutherAI/pythia-6.9b,143001,step143000,17,20,6857302016,32,0.0807778117395154,0.8140402983527284
EleutherAI/pythia-6.9b,143001,step143000,17,21,6857302016,32,0.04484360622152592,0.529132393029359
EleutherAI/pythia-6.9b,143001,step143000,17,22,6857302016,32,0.0822995576599204,0.7455423519955026
EleutherAI/pythia-6.9b,143001,step143000,17,23,6857302016,32,0.06718915868438664,0.8671368736852039
EleutherAI/pythia-6.9b,143001,step143000,17,24,6857302016,32,0.05894236674660941,0.900921986580969
EleutherAI/pythia-6.9b,143001,step143000,17,25,6857302016,32,0.05556040595903675,0.8253942905693082
EleutherAI/pythia-6.9b,143001,step143000,17,26,6857302016,32,0.10633868642442215,0.6320644987596048
EleutherAI/pythia-6.9b,143001,step143000,17,27,6857302016,32,0.12182332910373579,0.6214374158833478
EleutherAI/pythia-6.9b,143001,step143000,17,28,6857302016,32,0.07815061141555012,0.8509351746277051
EleutherAI/pythia-6.9b,143001,step143000,17,29,6857302016,32,0.07113049475213246,0.8228358381145351
EleutherAI/pythia-6.9b,143001,step143000,17,30,6857302016,32,0.14010251347568475,0.6549343381289605
EleutherAI/pythia-6.9b,143001,step143000,17,31,6857302016,32,0.09710785993808378,0.8026451438933879
EleutherAI/pythia-6.9b,143001,step143000,17,32,6857302016,32,0.09743961723739496,0.8064084383281501
EleutherAI/pythia-6.9b,143001,step143000,18,1,6857302016,32,0.07633883346923744,0.8003209082482455
EleutherAI/pythia-6.9b,143001,step143000,18,2,6857302016,32,0.09849335732604107,0.7327695519806029
EleutherAI/pythia-6.9b,143001,step143000,18,3,6857302016,32,0.08294806855397893,0.7492615065506628
EleutherAI/pythia-6.9b,143001,step143000,18,4,6857302016,32,0.08509403475568635,0.7973729689289499
EleutherAI/pythia-6.9b,143001,step143000,18,5,6857302016,32,0.09404131096393403,0.7726892993614838
EleutherAI/pythia-6.9b,143001,step143000,18,6,6857302016,32,0.07240434475075282,0.8181380615220055
EleutherAI/pythia-6.9b,143001,step143000,18,7,6857302016,32,0.07335598915172094,0.8506922698481841
EleutherAI/pythia-6.9b,143001,step143000,18,8,6857302016,32,0.038450527046849016,0.4971573982868825
EleutherAI/pythia-6.9b,143001,step143000,18,9,6857302016,32,0.09736641479079962,0.7285258586521264
EleutherAI/pythia-6.9b,143001,step143000,18,10,6857302016,32,0.12084130619515523,0.6601566351480312
EleutherAI/pythia-6.9b,143001,step143000,18,11,6857302016,32,0.06720316278756601,0.8307847002739305
EleutherAI/pythia-6.9b,143001,step143000,18,12,6857302016,32,0.07376254556907544,0.809837402345182
EleutherAI/pythia-6.9b,143001,step143000,18,13,6857302016,32,0.08404240858190137,0.7851191683484985
EleutherAI/pythia-6.9b,143001,step143000,18,14,6857302016,32,0.08254000183206059,0.7381178826854393
EleutherAI/pythia-6.9b,143001,step143000,18,15,6857302016,32,0.052480195016899406,0.9703626740086186
EleutherAI/pythia-6.9b,143001,step143000,18,16,6857302016,32,0.054783433067469675,0.95493725532884
EleutherAI/pythia-6.9b,143001,step143000,18,17,6857302016,32,0.08370763431484989,0.8292497520421719
EleutherAI/pythia-6.9b,143001,step143000,18,18,6857302016,32,0.05347931713100754,0.9622925946617628
EleutherAI/pythia-6.9b,143001,step143000,18,19,6857302016,32,0.06765248891324159,0.862928623171361
EleutherAI/pythia-6.9b,143001,step143000,18,20,6857302016,32,0.07193133264343746,0.8237681768767469
EleutherAI/pythia-6.9b,143001,step143000,18,21,6857302016,32,0.057674323251979895,0.9373283778001238
EleutherAI/pythia-6.9b,143001,step143000,18,22,6857302016,32,0.05517110028290172,0.9528055441630138
EleutherAI/pythia-6.9b,143001,step143000,18,23,6857302016,32,0.053090407055810994,0.9578828853708846
EleutherAI/pythia-6.9b,143001,step143000,18,24,6857302016,32,0.05378717195673341,0.9599886109700074
EleutherAI/pythia-6.9b,143001,step143000,18,25,6857302016,32,0.0974864475792637,0.7866143549347783
EleutherAI/pythia-6.9b,143001,step143000,18,26,6857302016,32,0.08728399373837058,0.8596777459522625
EleutherAI/pythia-6.9b,143001,step143000,18,27,6857302016,32,0.084370243533685,0.7008766083566992
EleutherAI/pythia-6.9b,143001,step143000,18,28,6857302016,32,0.05386514881452368,0.9599468026970241
EleutherAI/pythia-6.9b,143001,step143000,18,29,6857302016,32,0.09813121101586843,0.6350304951091429
EleutherAI/pythia-6.9b,143001,step143000,18,30,6857302016,32,0.05781812349323168,0.9188973819976812
EleutherAI/pythia-6.9b,143001,step143000,18,31,6857302016,32,0.0630997902638203,0.8876621408147497
EleutherAI/pythia-6.9b,143001,step143000,18,32,6857302016,32,0.07490463744479789,0.8564471275777789
EleutherAI/pythia-6.9b,143001,step143000,19,1,6857302016,32,0.052350845906670884,0.9680833716292281
EleutherAI/pythia-6.9b,143001,step143000,19,2,6857302016,32,0.08417291756350173,0.7617419381309916
EleutherAI/pythia-6.9b,143001,step143000,19,3,6857302016,32,0.05735620560387408,0.9050934818592874
EleutherAI/pythia-6.9b,143001,step143000,19,4,6857302016,32,0.05399742786417356,0.9533632016396737
EleutherAI/pythia-6.9b,143001,step143000,19,5,6857302016,32,0.05310652539128428,0.954579987146475
EleutherAI/pythia-6.9b,143001,step143000,19,6,6857302016,32,0.05425514029926272,0.9477786250837572
EleutherAI/pythia-6.9b,143001,step143000,19,7,6857302016,32,0.0775451674615522,0.7201198729219379
EleutherAI/pythia-6.9b,143001,step143000,19,8,6857302016,32,0.05911487112850976,0.9073736908378544
EleutherAI/pythia-6.9b,143001,step143000,19,9,6857302016,32,0.05535579987944242,0.9493282198816448
EleutherAI/pythia-6.9b,143001,step143000,19,10,6857302016,32,0.07770094380353212,0.7812127406756442
EleutherAI/pythia-6.9b,143001,step143000,19,11,6857302016,32,0.05997874856263663,0.8734968016455481
EleutherAI/pythia-6.9b,143001,step143000,19,12,6857302016,32,0.07974965512114866,0.7294967581627069
EleutherAI/pythia-6.9b,143001,step143000,19,13,6857302016,32,0.28594334860955983,0.5247813889661709
EleutherAI/pythia-6.9b,143001,step143000,19,14,6857302016,32,0.10398076676033634,0.6254172831684262
EleutherAI/pythia-6.9b,143001,step143000,19,15,6857302016,32,0.051544458997595244,0.9818835952976445
EleutherAI/pythia-6.9b,143001,step143000,19,16,6857302016,32,0.053608992536952144,0.4858028444352451
EleutherAI/pythia-6.9b,143001,step143000,19,17,6857302016,32,0.23407896367592493,0.4815526463919216
EleutherAI/pythia-6.9b,143001,step143000,19,18,6857302016,32,0.09786435583041411,0.6443890791397553
EleutherAI/pythia-6.9b,143001,step143000,19,19,6857302016,32,0.07056400192728088,0.9071400364240011
EleutherAI/pythia-6.9b,143001,step143000,19,20,6857302016,32,0.0744295602653164,0.8701546271821042
EleutherAI/pythia-6.9b,143001,step143000,19,21,6857302016,32,0.13945813029557014,0.6512586079739235
EleutherAI/pythia-6.9b,143001,step143000,19,22,6857302016,32,0.05690093726400763,0.8771654596110364
EleutherAI/pythia-6.9b,143001,step143000,19,23,6857302016,32,0.06833425344334346,0.7646599671951644
EleutherAI/pythia-6.9b,143001,step143000,19,24,6857302016,32,0.05933827239538989,0.8929316821220042
EleutherAI/pythia-6.9b,143001,step143000,19,25,6857302016,32,0.055656367804513864,0.9594259249555456
EleutherAI/pythia-6.9b,143001,step143000,19,26,6857302016,32,0.054320306471037125,0.9497858710564651
EleutherAI/pythia-6.9b,143001,step143000,19,27,6857302016,32,0.2004592506153447,0.38759736971812203
EleutherAI/pythia-6.9b,143001,step143000,19,28,6857302016,32,0.06347199319931744,0.8716074740653997
EleutherAI/pythia-6.9b,143001,step143000,19,29,6857302016,32,0.051271469226000684,0.977521976730129
EleutherAI/pythia-6.9b,143001,step143000,19,30,6857302016,32,0.14177178237279564,0.24403850845824754
EleutherAI/pythia-6.9b,143001,step143000,19,31,6857302016,32,0.21264660193979198,0.4210983858452187
EleutherAI/pythia-6.9b,143001,step143000,19,32,6857302016,32,0.11566831424899462,0.7029115380915077
EleutherAI/pythia-6.9b,143001,step143000,20,1,6857302016,32,0.05661172456144387,0.9554654182167025
EleutherAI/pythia-6.9b,143001,step143000,20,2,6857302016,32,0.054967287569880084,0.9617656328835645
EleutherAI/pythia-6.9b,143001,step143000,20,3,6857302016,32,0.04328720017291556,0.7314731580269588
EleutherAI/pythia-6.9b,143001,step143000,20,4,6857302016,32,0.09459348588024036,0.8619846497570072
EleutherAI/pythia-6.9b,143001,step143000,20,5,6857302016,32,0.06689154135214312,0.8062786493931446
EleutherAI/pythia-6.9b,143001,step143000,20,6,6857302016,32,0.05636694627833568,0.9062808224030802
EleutherAI/pythia-6.9b,143001,step143000,20,7,6857302016,32,0.05446594478366697,0.9408661471651839
EleutherAI/pythia-6.9b,143001,step143000,20,8,6857302016,32,0.10126217630028989,0.7127260548305941
EleutherAI/pythia-6.9b,143001,step143000,20,9,6857302016,32,0.05398538932288145,0.9755667797080031
EleutherAI/pythia-6.9b,143001,step143000,20,10,6857302016,32,0.052617062568418395,0.9588629079831613
EleutherAI/pythia-6.9b,143001,step143000,20,11,6857302016,32,0.054182318297939125,0.9660490978587497
EleutherAI/pythia-6.9b,143001,step143000,20,12,6857302016,32,0.07817809563409812,0.7572752034162974
EleutherAI/pythia-6.9b,143001,step143000,20,13,6857302016,32,0.07767606531927083,0.9072411169518938
EleutherAI/pythia-6.9b,143001,step143000,20,14,6857302016,32,0.04021401979118671,0.42027877660485
EleutherAI/pythia-6.9b,143001,step143000,20,15,6857302016,32,0.12185248956307988,0.5760838952329423
EleutherAI/pythia-6.9b,143001,step143000,20,16,6857302016,32,0.09387797601073529,0.6777331643365883
EleutherAI/pythia-6.9b,143001,step143000,20,17,6857302016,32,0.05529369238635392,0.9563152706837869
EleutherAI/pythia-6.9b,143001,step143000,20,18,6857302016,32,0.056679273405959706,0.936637887546608
EleutherAI/pythia-6.9b,143001,step143000,20,19,6857302016,32,0.051357651316748146,0.9805928755987872
EleutherAI/pythia-6.9b,143001,step143000,20,20,6857302016,32,0.05604239786043759,0.9535432308017313
EleutherAI/pythia-6.9b,143001,step143000,20,21,6857302016,32,0.05289855946202174,0.9593995396976356
EleutherAI/pythia-6.9b,143001,step143000,20,22,6857302016,32,0.05877651488855924,0.9130706772342458
EleutherAI/pythia-6.9b,143001,step143000,20,23,6857302016,32,0.056815520986109126,0.9275391772165671
EleutherAI/pythia-6.9b,143001,step143000,20,24,6857302016,32,0.06969577050977592,0.8348042285657143
EleutherAI/pythia-6.9b,143001,step143000,20,25,6857302016,32,0.05202485570913406,0.9641393628027346
EleutherAI/pythia-6.9b,143001,step143000,20,26,6857302016,32,0.07498330955167071,0.7969560758308606
EleutherAI/pythia-6.9b,143001,step143000,20,27,6857302016,32,0.06362237922522843,0.8854087224683246
EleutherAI/pythia-6.9b,143001,step143000,20,28,6857302016,32,0.15921442404210384,0.33152232189346714
EleutherAI/pythia-6.9b,143001,step143000,20,29,6857302016,32,0.10417263614511611,0.6316891821386578
EleutherAI/pythia-6.9b,143001,step143000,20,30,6857302016,32,0.0718289801274781,0.8249292394017672
EleutherAI/pythia-6.9b,143001,step143000,20,31,6857302016,32,0.0661433421273914,0.8627215644663518
EleutherAI/pythia-6.9b,143001,step143000,20,32,6857302016,32,0.054787163436692446,0.9426758930131838
EleutherAI/pythia-6.9b,143001,step143000,21,1,6857302016,32,0.17507795879880225,0.5119266365472976
EleutherAI/pythia-6.9b,143001,step143000,21,2,6857302016,32,0.062408071735666815,0.6985577716304733
EleutherAI/pythia-6.9b,143001,step143000,21,3,6857302016,32,0.05380247249449781,0.9480038178307159
EleutherAI/pythia-6.9b,143001,step143000,21,4,6857302016,32,0.19828868978419098,0.48992207507650415
EleutherAI/pythia-6.9b,143001,step143000,21,5,6857302016,32,0.11075029686070952,0.5966791482838066
EleutherAI/pythia-6.9b,143001,step143000,21,6,6857302016,32,0.06051781922774581,0.909895696327672
EleutherAI/pythia-6.9b,143001,step143000,21,7,6857302016,32,0.05213972435097902,0.9619930203075524
EleutherAI/pythia-6.9b,143001,step143000,21,8,6857302016,32,0.11630692217196963,0.7129468501688124
EleutherAI/pythia-6.9b,143001,step143000,21,9,6857302016,32,0.053019775884567126,0.9633432394033438
EleutherAI/pythia-6.9b,143001,step143000,21,10,6857302016,32,0.05311739021442356,0.9668788772087555
EleutherAI/pythia-6.9b,143001,step143000,21,11,6857302016,32,0.0539563885699767,0.9576537184887104
EleutherAI/pythia-6.9b,143001,step143000,21,12,6857302016,32,0.10811695770301794,0.5362799971590977
EleutherAI/pythia-6.9b,143001,step143000,21,13,6857302016,32,0.07456132499696878,0.7812237595026199
EleutherAI/pythia-6.9b,143001,step143000,21,14,6857302016,32,0.20558353929637785,0.4328175614009032
EleutherAI/pythia-6.9b,143001,step143000,21,15,6857302016,32,0.05454815670640928,0.9364661490684515
EleutherAI/pythia-6.9b,143001,step143000,21,16,6857302016,32,0.06493307565067619,0.8252751109030869
EleutherAI/pythia-6.9b,143001,step143000,21,17,6857302016,32,0.05422095654045672,0.9186671151592208
EleutherAI/pythia-6.9b,143001,step143000,21,18,6857302016,32,0.04261152072901925,0.5587235041208811
EleutherAI/pythia-6.9b,143001,step143000,21,19,6857302016,32,0.07275123882747891,0.821472711749263
EleutherAI/pythia-6.9b,143001,step143000,21,20,6857302016,32,0.06178618677648468,0.90315222520907
EleutherAI/pythia-6.9b,143001,step143000,21,21,6857302016,32,0.36084757286596586,0.37248958025250706
EleutherAI/pythia-6.9b,143001,step143000,21,22,6857302016,32,0.05890849784055759,0.9343816163214119
EleutherAI/pythia-6.9b,143001,step143000,21,23,6857302016,32,0.0514074494130909,0.9885978856691727
EleutherAI/pythia-6.9b,143001,step143000,21,24,6857302016,32,0.08299956454786359,0.7676695289912524
EleutherAI/pythia-6.9b,143001,step143000,21,25,6857302016,32,0.08597280412028586,0.8057688133673625
EleutherAI/pythia-6.9b,143001,step143000,21,26,6857302016,32,0.09439317137282617,0.7469548881053925
EleutherAI/pythia-6.9b,143001,step143000,21,27,6857302016,32,0.05482149965412261,0.904250170017506
EleutherAI/pythia-6.9b,143001,step143000,21,28,6857302016,32,0.053868774615519,0.9589418245328439
EleutherAI/pythia-6.9b,143001,step143000,21,29,6857302016,32,0.10945253567798087,0.6373175713751051
EleutherAI/pythia-6.9b,143001,step143000,21,30,6857302016,32,0.051688100835000736,0.9751758689547444
EleutherAI/pythia-6.9b,143001,step143000,21,31,6857302016,32,0.05060458970158259,0.9781952286446775
EleutherAI/pythia-6.9b,143001,step143000,21,32,6857302016,32,0.054387625608895235,0.9510069096142107
EleutherAI/pythia-6.9b,143001,step143000,22,1,6857302016,32,0.12475343631977608,0.5026395993010776
EleutherAI/pythia-6.9b,143001,step143000,22,2,6857302016,32,0.05170244880596748,0.9653255375655921
EleutherAI/pythia-6.9b,143001,step143000,22,3,6857302016,32,0.05690516589500297,0.9449710171591412
EleutherAI/pythia-6.9b,143001,step143000,22,4,6857302016,32,0.19664634970595704,0.805651217520058
EleutherAI/pythia-6.9b,143001,step143000,22,5,6857302016,32,0.051500312275009875,0.9813045424384039
EleutherAI/pythia-6.9b,143001,step143000,22,6,6857302016,32,0.05939239804009279,0.9359027897273456
EleutherAI/pythia-6.9b,143001,step143000,22,7,6857302016,32,0.05540109294055546,0.9593722335658632
EleutherAI/pythia-6.9b,143001,step143000,22,8,6857302016,32,0.11968056748512088,0.5819792113638855
EleutherAI/pythia-6.9b,143001,step143000,22,9,6857302016,32,0.07763259896768013,0.7991096186745275
EleutherAI/pythia-6.9b,143001,step143000,22,10,6857302016,32,0.12100138545718722,0.7350000578003961
EleutherAI/pythia-6.9b,143001,step143000,22,11,6857302016,32,0.05718741719205454,0.8784733577533527
EleutherAI/pythia-6.9b,143001,step143000,22,12,6857302016,32,0.052311108923061254,0.9617562523117295
EleutherAI/pythia-6.9b,143001,step143000,22,13,6857302016,32,0.05251271921341435,0.9721626333288245
EleutherAI/pythia-6.9b,143001,step143000,22,14,6857302016,32,0.05345951419815909,0.9759213205751356
EleutherAI/pythia-6.9b,143001,step143000,22,15,6857302016,32,0.05295312359884332,0.9663285413482884
EleutherAI/pythia-6.9b,143001,step143000,22,16,6857302016,32,0.052368162849927756,0.9667376868717663
EleutherAI/pythia-6.9b,143001,step143000,22,17,6857302016,32,0.051379478149194295,0.9798539679150682
EleutherAI/pythia-6.9b,143001,step143000,22,18,6857302016,32,0.056086611883664414,0.9449184881047802
EleutherAI/pythia-6.9b,143001,step143000,22,19,6857302016,32,0.05567074633782373,0.9511261185905239
EleutherAI/pythia-6.9b,143001,step143000,22,20,6857302016,32,0.03649704360652028,0.4160004022780123
EleutherAI/pythia-6.9b,143001,step143000,22,21,6857302016,32,0.0985847556174875,0.752869535092119
EleutherAI/pythia-6.9b,143001,step143000,22,22,6857302016,32,0.055203495428312876,0.9407507473821038
EleutherAI/pythia-6.9b,143001,step143000,22,23,6857302016,32,0.06033375499596642,0.9288745657191262
EleutherAI/pythia-6.9b,143001,step143000,22,24,6857302016,32,0.05185171445082119,0.9803715717864108
EleutherAI/pythia-6.9b,143001,step143000,22,25,6857302016,32,0.051548006594762746,0.942012849333766
EleutherAI/pythia-6.9b,143001,step143000,22,26,6857302016,32,0.05468935071135512,0.9467397849481027
EleutherAI/pythia-6.9b,143001,step143000,22,27,6857302016,32,0.07521557416095655,0.7734268171651227
EleutherAI/pythia-6.9b,143001,step143000,22,28,6857302016,32,0.07086594774340228,0.8522167538289909
EleutherAI/pythia-6.9b,143001,step143000,22,29,6857302016,32,0.05547000442326691,0.9414912166001203
EleutherAI/pythia-6.9b,143001,step143000,22,30,6857302016,32,0.06374099926726592,0.9295517303743162
EleutherAI/pythia-6.9b,143001,step143000,22,31,6857302016,32,0.05160986842425374,0.9624449052252211
EleutherAI/pythia-6.9b,143001,step143000,22,32,6857302016,32,0.05199763521429024,0.974968879698991
EleutherAI/pythia-6.9b,143001,step143000,23,1,6857302016,32,0.05142890029326748,0.9382274436342107
EleutherAI/pythia-6.9b,143001,step143000,23,2,6857302016,32,0.06407737791085158,0.9063314708235027
EleutherAI/pythia-6.9b,143001,step143000,23,3,6857302016,32,0.05192588035481511,0.9739539624155462
EleutherAI/pythia-6.9b,143001,step143000,23,4,6857302016,32,0.16915795707085107,0.5895673418725217
EleutherAI/pythia-6.9b,143001,step143000,23,5,6857302016,32,0.07887949741392339,0.7557146312506707
EleutherAI/pythia-6.9b,143001,step143000,23,6,6857302016,32,0.05248218914913429,0.9745806978271531
EleutherAI/pythia-6.9b,143001,step143000,23,7,6857302016,32,0.05222851490495616,0.9507030122451954
EleutherAI/pythia-6.9b,143001,step143000,23,8,6857302016,32,0.05143460983762866,0.9857534595706441
EleutherAI/pythia-6.9b,143001,step143000,23,9,6857302016,32,0.05220489115691977,0.9700859551941668
EleutherAI/pythia-6.9b,143001,step143000,23,10,6857302016,32,0.032390869458208744,0.4799299672380224
EleutherAI/pythia-6.9b,143001,step143000,23,11,6857302016,32,0.0901637351134786,0.6768214190686429
EleutherAI/pythia-6.9b,143001,step143000,23,12,6857302016,32,0.05431594709969225,0.9553600139356591
EleutherAI/pythia-6.9b,143001,step143000,23,13,6857302016,32,0.1381424455665745,0.4841606702219259
EleutherAI/pythia-6.9b,143001,step143000,23,14,6857302016,32,0.18268353862033498,0.5379984944544218
EleutherAI/pythia-6.9b,143001,step143000,23,15,6857302016,32,0.11603724944766036,0.7406781454523046
EleutherAI/pythia-6.9b,143001,step143000,23,16,6857302016,32,0.05299988320214787,0.9717359561640937
EleutherAI/pythia-6.9b,143001,step143000,23,17,6857302016,32,0.05505096899938427,0.9490284696892575
EleutherAI/pythia-6.9b,143001,step143000,23,18,6857302016,32,0.07209330099682366,0.8450228537883129
EleutherAI/pythia-6.9b,143001,step143000,23,19,6857302016,32,0.05182133341493366,0.9849881655103093
EleutherAI/pythia-6.9b,143001,step143000,23,20,6857302016,32,0.20070441674676023,0.6483014516823284
EleutherAI/pythia-6.9b,143001,step143000,23,21,6857302016,32,0.05626078837903565,0.9657452200447116
EleutherAI/pythia-6.9b,143001,step143000,23,22,6857302016,32,0.05128314488290528,0.9806398971750213
EleutherAI/pythia-6.9b,143001,step143000,23,23,6857302016,32,0.051241826867354665,0.9845609769627854
EleutherAI/pythia-6.9b,143001,step143000,23,24,6857302016,32,0.05132168175389723,0.9790645749182314
EleutherAI/pythia-6.9b,143001,step143000,23,25,6857302016,32,0.050961025006084605,0.9895082974398101
EleutherAI/pythia-6.9b,143001,step143000,23,26,6857302016,32,0.05216935649234518,0.975833531346049
EleutherAI/pythia-6.9b,143001,step143000,23,27,6857302016,32,0.06003599061561442,0.9486909701570019
EleutherAI/pythia-6.9b,143001,step143000,23,28,6857302016,32,0.05693164701900768,0.9589615393508304
EleutherAI/pythia-6.9b,143001,step143000,23,29,6857302016,32,0.07260819066416568,0.8435023591683075
EleutherAI/pythia-6.9b,143001,step143000,23,30,6857302016,32,0.05178086681979461,0.9785258969566127
EleutherAI/pythia-6.9b,143001,step143000,23,31,6857302016,32,0.05829768874906223,0.9594121241533721
EleutherAI/pythia-6.9b,143001,step143000,23,32,6857302016,32,0.05193422223628682,0.9806277526391519
EleutherAI/pythia-6.9b,143001,step143000,24,1,6857302016,32,0.05199161785942786,0.9716592200167544
EleutherAI/pythia-6.9b,143001,step143000,24,2,6857302016,32,0.05106003436766136,0.9831831158997418
EleutherAI/pythia-6.9b,143001,step143000,24,3,6857302016,32,0.051131222680960556,0.9839523942083925
EleutherAI/pythia-6.9b,143001,step143000,24,4,6857302016,32,0.05136403028067343,0.9829886807156755
EleutherAI/pythia-6.9b,143001,step143000,24,5,6857302016,32,0.06432825174915402,0.8828327375444563
EleutherAI/pythia-6.9b,143001,step143000,24,6,6857302016,32,0.051819439399875544,0.9814476600817373
EleutherAI/pythia-6.9b,143001,step143000,24,7,6857302016,32,0.05172971425320692,0.9728075065859804
EleutherAI/pythia-6.9b,143001,step143000,24,8,6857302016,32,0.0814416133910529,0.7506194707039777
EleutherAI/pythia-6.9b,143001,step143000,24,9,6857302016,32,0.05131660875872713,0.9851645313583695
EleutherAI/pythia-6.9b,143001,step143000,24,10,6857302016,32,0.05128421705473466,0.9837929058719326
EleutherAI/pythia-6.9b,143001,step143000,24,11,6857302016,32,0.05179172139698719,0.979329821002018
EleutherAI/pythia-6.9b,143001,step143000,24,12,6857302016,32,0.05293878051172658,0.9310195867542748
EleutherAI/pythia-6.9b,143001,step143000,24,13,6857302016,32,0.051221407664654446,0.9848812642219188
EleutherAI/pythia-6.9b,143001,step143000,24,14,6857302016,32,0.1119760418584844,0.5871694260486612
EleutherAI/pythia-6.9b,143001,step143000,24,15,6857302016,32,0.05195954116061326,0.9796591532659961
EleutherAI/pythia-6.9b,143001,step143000,24,16,6857302016,32,0.05068037030217162,0.9905406846119477
EleutherAI/pythia-6.9b,143001,step143000,24,17,6857302016,32,0.05174033268838669,0.9657507737477621
EleutherAI/pythia-6.9b,143001,step143000,24,18,6857302016,32,0.05309819122328902,0.9662651841615414
EleutherAI/pythia-6.9b,143001,step143000,24,19,6857302016,32,0.03265237200910125,0.49392028220065004
EleutherAI/pythia-6.9b,143001,step143000,24,20,6857302016,32,0.05327911621348386,0.9613333459015008
EleutherAI/pythia-6.9b,143001,step143000,24,21,6857302016,32,0.09516094009428318,0.7596409223727636
EleutherAI/pythia-6.9b,143001,step143000,24,22,6857302016,32,0.06503505722441995,0.9333900418188479
EleutherAI/pythia-6.9b,143001,step143000,24,23,6857302016,32,0.060099594314602184,0.9522951869993238
EleutherAI/pythia-6.9b,143001,step143000,24,24,6857302016,32,0.051504296626806126,0.9806350152771752
EleutherAI/pythia-6.9b,143001,step143000,24,25,6857302016,32,0.052851270225637355,0.9511783305589143
EleutherAI/pythia-6.9b,143001,step143000,24,26,6857302016,32,0.052400147489918066,0.9629415239657726
EleutherAI/pythia-6.9b,143001,step143000,24,27,6857302016,32,0.2047737266969036,0.6054280185932154
EleutherAI/pythia-6.9b,143001,step143000,24,28,6857302016,32,0.052592224487615274,0.9711137396079284
EleutherAI/pythia-6.9b,143001,step143000,24,29,6857302016,32,0.05149635371602452,0.946689582622803
EleutherAI/pythia-6.9b,143001,step143000,24,30,6857302016,32,0.06806866934539763,0.9253835239567915
EleutherAI/pythia-6.9b,143001,step143000,24,31,6857302016,32,0.06515914765843843,0.8790404282443158
EleutherAI/pythia-6.9b,143001,step143000,24,32,6857302016,32,0.05279544699663018,0.9761279914919678
EleutherAI/pythia-6.9b,143001,step143000,25,1,6857302016,32,0.05725253009385573,0.9332339793622673
EleutherAI/pythia-6.9b,143001,step143000,25,2,6857302016,32,0.05165553824729967,0.9637018990767253
EleutherAI/pythia-6.9b,143001,step143000,25,3,6857302016,32,0.05585669049735851,0.9464482385832984
EleutherAI/pythia-6.9b,143001,step143000,25,4,6857302016,32,0.1417481126515446,0.6811874344184234
EleutherAI/pythia-6.9b,143001,step143000,25,5,6857302016,32,0.17201592025903606,0.7629135068472441
EleutherAI/pythia-6.9b,143001,step143000,25,6,6857302016,32,0.06671091120315337,0.8296431402365366
EleutherAI/pythia-6.9b,143001,step143000,25,7,6857302016,32,0.05154467908757827,0.9700886412067814
EleutherAI/pythia-6.9b,143001,step143000,25,8,6857302016,32,0.06290411695491172,0.914012068295264
EleutherAI/pythia-6.9b,143001,step143000,25,9,6857302016,32,0.05219993220261845,0.9803755235922588
EleutherAI/pythia-6.9b,143001,step143000,25,10,6857302016,32,0.06137452730153859,0.9110759694028545
EleutherAI/pythia-6.9b,143001,step143000,25,11,6857302016,32,0.051538163591903385,0.9730243814644871
EleutherAI/pythia-6.9b,143001,step143000,25,12,6857302016,32,0.06570806270381348,0.8585344098351739
EleutherAI/pythia-6.9b,143001,step143000,25,13,6857302016,32,0.06965296781501608,0.9361485638417997
EleutherAI/pythia-6.9b,143001,step143000,25,14,6857302016,32,0.29933141382248907,0.18202827674512922
EleutherAI/pythia-6.9b,143001,step143000,25,15,6857302016,32,0.05603456134312186,0.9308762232641558
EleutherAI/pythia-6.9b,143001,step143000,25,16,6857302016,32,0.05356395906347822,0.945361485687999
EleutherAI/pythia-6.9b,143001,step143000,25,17,6857302016,32,0.05305188781002885,0.9729527358312506
EleutherAI/pythia-6.9b,143001,step143000,25,18,6857302016,32,0.050210619592820964,0.7124048015913805
EleutherAI/pythia-6.9b,143001,step143000,25,19,6857302016,32,0.05267255775093491,0.9636573625935448
EleutherAI/pythia-6.9b,143001,step143000,25,20,6857302016,32,0.057941966214673075,0.9286720934841368
EleutherAI/pythia-6.9b,143001,step143000,25,21,6857302016,32,0.11198085494753383,0.8600331720065426
EleutherAI/pythia-6.9b,143001,step143000,25,22,6857302016,32,0.05368410645181437,0.9517831360255634
EleutherAI/pythia-6.9b,143001,step143000,25,23,6857302016,32,0.053773590601287044,0.9493083204772021
EleutherAI/pythia-6.9b,143001,step143000,25,24,6857302016,32,0.0511363124007823,0.9895678063233694
EleutherAI/pythia-6.9b,143001,step143000,25,25,6857302016,32,0.05071317929461281,0.9901628081683997
EleutherAI/pythia-6.9b,143001,step143000,25,26,6857302016,32,0.057342036423069176,0.9372602866755592
EleutherAI/pythia-6.9b,143001,step143000,25,27,6857302016,32,0.03968468349421386,0.6085587123313824
EleutherAI/pythia-6.9b,143001,step143000,25,28,6857302016,32,0.05183796524755406,0.9780720575256748
EleutherAI/pythia-6.9b,143001,step143000,25,29,6857302016,32,0.06547168398089982,0.8570274405024789
EleutherAI/pythia-6.9b,143001,step143000,25,30,6857302016,32,0.06590206400203226,0.882970865648072
EleutherAI/pythia-6.9b,143001,step143000,25,31,6857302016,32,0.09658876094441331,0.7421690258267406
EleutherAI/pythia-6.9b,143001,step143000,25,32,6857302016,32,0.07074690451314138,0.9168738757257346
EleutherAI/pythia-6.9b,143001,step143000,26,1,6857302016,32,0.05474690809935417,0.9578632987118341
EleutherAI/pythia-6.9b,143001,step143000,26,2,6857302016,32,0.05275789598651875,0.9730740149278898
EleutherAI/pythia-6.9b,143001,step143000,26,3,6857302016,32,0.054145309028100996,0.9391800091341809
EleutherAI/pythia-6.9b,143001,step143000,26,4,6857302016,32,0.06390064703398478,0.8995042702815196
EleutherAI/pythia-6.9b,143001,step143000,26,5,6857302016,32,0.05211718562940081,0.9595336315331159
EleutherAI/pythia-6.9b,143001,step143000,26,6,6857302016,32,0.05420841872915845,0.9632651101540517
EleutherAI/pythia-6.9b,143001,step143000,26,7,6857302016,32,0.07052974177904803,0.8418103252445255
EleutherAI/pythia-6.9b,143001,step143000,26,8,6857302016,32,0.05940620135096409,0.9349958520304333
EleutherAI/pythia-6.9b,143001,step143000,26,9,6857302016,32,0.1901357129842669,0.6128135996985364
EleutherAI/pythia-6.9b,143001,step143000,26,10,6857302016,32,0.06950620473740064,0.8303082220636688
EleutherAI/pythia-6.9b,143001,step143000,26,11,6857302016,32,0.05446540349786788,0.9562028773554094
EleutherAI/pythia-6.9b,143001,step143000,26,12,6857302016,32,0.060609684626406785,0.9119564099489031
EleutherAI/pythia-6.9b,143001,step143000,26,13,6857302016,32,0.06124646605258837,0.9455364901829768
EleutherAI/pythia-6.9b,143001,step143000,26,14,6857302016,32,0.05761011928954792,0.9232107311397701
EleutherAI/pythia-6.9b,143001,step143000,26,15,6857302016,32,0.05183305809911974,0.9784354769789779
EleutherAI/pythia-6.9b,143001,step143000,26,16,6857302016,32,0.09926919235817122,0.5484153788100492
EleutherAI/pythia-6.9b,143001,step143000,26,17,6857302016,32,0.05147042044776826,0.980024850538543
EleutherAI/pythia-6.9b,143001,step143000,26,18,6857302016,32,0.055151589600755245,0.933517703422913
EleutherAI/pythia-6.9b,143001,step143000,26,19,6857302016,32,0.08761907160119918,0.8598959645977965
EleutherAI/pythia-6.9b,143001,step143000,26,20,6857302016,32,0.06130148726865063,0.8838996733273113
EleutherAI/pythia-6.9b,143001,step143000,26,21,6857302016,32,0.09362592943594437,0.5320354662164375
EleutherAI/pythia-6.9b,143001,step143000,26,22,6857302016,32,0.051626691866006,0.978613608144783
EleutherAI/pythia-6.9b,143001,step143000,26,23,6857302016,32,0.05211408688286846,0.969723039024227
EleutherAI/pythia-6.9b,143001,step143000,26,24,6857302016,32,0.05313491034978722,0.9525138915659072
EleutherAI/pythia-6.9b,143001,step143000,26,25,6857302016,32,0.051944349031033954,0.3985013871848046
EleutherAI/pythia-6.9b,143001,step143000,26,26,6857302016,32,0.16385772367296092,0.6224955568710963
EleutherAI/pythia-6.9b,143001,step143000,26,27,6857302016,32,0.05193695296916558,0.9785310325769333
EleutherAI/pythia-6.9b,143001,step143000,26,28,6857302016,32,0.08292866860412884,0.9165870646635691
EleutherAI/pythia-6.9b,143001,step143000,26,29,6857302016,32,0.05520713837976723,0.9517043778846214
EleutherAI/pythia-6.9b,143001,step143000,26,30,6857302016,32,0.052176594524434516,0.9583071690869402
EleutherAI/pythia-6.9b,143001,step143000,26,31,6857302016,32,0.07665462302066404,0.781197415368335
EleutherAI/pythia-6.9b,143001,step143000,26,32,6857302016,32,0.051950464074083144,0.9766131108766561
EleutherAI/pythia-6.9b,143001,step143000,27,1,6857302016,32,0.058837962716236786,0.7257762081451244
EleutherAI/pythia-6.9b,143001,step143000,27,2,6857302016,32,0.055065851764859695,0.9515553653777182
EleutherAI/pythia-6.9b,143001,step143000,27,3,6857302016,32,0.07384717132855628,0.5697869646388132
EleutherAI/pythia-6.9b,143001,step143000,27,4,6857302016,32,0.05316017681520215,0.9465636690189173
EleutherAI/pythia-6.9b,143001,step143000,27,5,6857302016,32,0.03498611232551095,0.4863805201229032
EleutherAI/pythia-6.9b,143001,step143000,27,6,6857302016,32,0.09392986838166058,0.686342098870435
EleutherAI/pythia-6.9b,143001,step143000,27,7,6857302016,32,0.061208327892362226,0.9103027875269497
EleutherAI/pythia-6.9b,143001,step143000,27,8,6857302016,32,0.053255263351004625,0.9668858224475706
EleutherAI/pythia-6.9b,143001,step143000,27,9,6857302016,32,0.08322856764871253,0.5529913143352704
EleutherAI/pythia-6.9b,143001,step143000,27,10,6857302016,32,0.050887507333367034,0.9880234755732276
EleutherAI/pythia-6.9b,143001,step143000,27,11,6857302016,32,0.05880076294015339,0.9025284585741548
EleutherAI/pythia-6.9b,143001,step143000,27,12,6857302016,32,0.1784095472122008,0.5718785045562206
EleutherAI/pythia-6.9b,143001,step143000,27,13,6857302016,32,0.12110250656053911,0.8485586622187326
EleutherAI/pythia-6.9b,143001,step143000,27,14,6857302016,32,0.2946608421859798,0.4655391595385096
EleutherAI/pythia-6.9b,143001,step143000,27,15,6857302016,32,0.05468446211595722,0.949846824547192
EleutherAI/pythia-6.9b,143001,step143000,27,16,6857302016,32,0.052758598147105526,0.9636798985190578
EleutherAI/pythia-6.9b,143001,step143000,27,17,6857302016,32,0.09385103456586505,0.9130108931043126
EleutherAI/pythia-6.9b,143001,step143000,27,18,6857302016,32,0.05569413059891698,0.9417264520808741
EleutherAI/pythia-6.9b,143001,step143000,27,19,6857302016,32,0.05396581541707696,0.9095228978910962
EleutherAI/pythia-6.9b,143001,step143000,27,20,6857302016,32,0.08520004330846188,0.6669801244730348
EleutherAI/pythia-6.9b,143001,step143000,27,21,6857302016,32,0.0525433374065402,0.9742535093167165
EleutherAI/pythia-6.9b,143001,step143000,27,22,6857302016,32,0.0565897872665891,0.867362979206595
EleutherAI/pythia-6.9b,143001,step143000,27,23,6857302016,32,0.05372732996366573,0.9382734341664357
EleutherAI/pythia-6.9b,143001,step143000,27,24,6857302016,32,0.057845328697464844,0.9329100944347926
EleutherAI/pythia-6.9b,143001,step143000,27,25,6857302016,32,0.05066498404637243,0.9843805189784225
EleutherAI/pythia-6.9b,143001,step143000,27,26,6857302016,32,0.051764806213735505,0.9800114297831023
EleutherAI/pythia-6.9b,143001,step143000,27,27,6857302016,32,0.05392004068040315,0.966084691363054
EleutherAI/pythia-6.9b,143001,step143000,27,28,6857302016,32,0.05228499275707012,0.9419249270681862
EleutherAI/pythia-6.9b,143001,step143000,27,29,6857302016,32,0.05306189757696273,0.9479099435133261
EleutherAI/pythia-6.9b,143001,step143000,27,30,6857302016,32,0.05172756890131453,0.9772752654982043
EleutherAI/pythia-6.9b,143001,step143000,27,31,6857302016,32,0.05186833144380922,0.9714332550495595
EleutherAI/pythia-6.9b,143001,step143000,27,32,6857302016,32,0.05257416491511388,0.9731669479662234
EleutherAI/pythia-6.9b,143001,step143000,28,1,6857302016,32,0.10671057059868674,0.6297399021752246
EleutherAI/pythia-6.9b,143001,step143000,28,2,6857302016,32,0.10519095939268037,0.6463294473138299
EleutherAI/pythia-6.9b,143001,step143000,28,3,6857302016,32,0.20896753368971938,0.279405728564248
EleutherAI/pythia-6.9b,143001,step143000,28,4,6857302016,32,0.055773358695447056,0.9461096056230791
EleutherAI/pythia-6.9b,143001,step143000,28,5,6857302016,32,0.053311160018152934,0.943128476808737
EleutherAI/pythia-6.9b,143001,step143000,28,6,6857302016,32,0.060949127916973767,0.8995941055563835
EleutherAI/pythia-6.9b,143001,step143000,28,7,6857302016,32,0.05506042073314373,0.9338102981940404
EleutherAI/pythia-6.9b,143001,step143000,28,8,6857302016,32,0.054733480386961735,0.9539536274410225
EleutherAI/pythia-6.9b,143001,step143000,28,9,6857302016,32,0.14489008717843,0.5323702020867093
EleutherAI/pythia-6.9b,143001,step143000,28,10,6857302016,32,0.05863831584221559,0.9257634058370963
EleutherAI/pythia-6.9b,143001,step143000,28,11,6857302016,32,0.056833629921503745,0.9318434298933447
EleutherAI/pythia-6.9b,143001,step143000,28,12,6857302016,32,0.05439439856561942,0.9528094172567219
EleutherAI/pythia-6.9b,143001,step143000,28,13,6857302016,32,0.13435145776282556,0.6312032055120926
EleutherAI/pythia-6.9b,143001,step143000,28,14,6857302016,32,0.05041684058575968,0.9937638453356139
EleutherAI/pythia-6.9b,143001,step143000,28,15,6857302016,32,0.06256709881993873,0.9006930122056881
EleutherAI/pythia-6.9b,143001,step143000,28,16,6857302016,32,0.029337826537320696,0.4975511535062446
EleutherAI/pythia-6.9b,143001,step143000,28,17,6857302016,32,0.051623245278893254,0.979680399905454
EleutherAI/pythia-6.9b,143001,step143000,28,18,6857302016,32,0.09616057820864264,0.7865612964193385
EleutherAI/pythia-6.9b,143001,step143000,28,19,6857302016,32,0.5017108417846061,0.0990936923632258
EleutherAI/pythia-6.9b,143001,step143000,28,20,6857302016,32,0.05238883114523354,0.9785058651869003
EleutherAI/pythia-6.9b,143001,step143000,28,21,6857302016,32,0.0810918163049507,0.5198703854828626
EleutherAI/pythia-6.9b,143001,step143000,28,22,6857302016,32,0.052565639461013065,0.9725468244191047
EleutherAI/pythia-6.9b,143001,step143000,28,23,6857302016,32,0.05448865260951239,0.9369157103446869
EleutherAI/pythia-6.9b,143001,step143000,28,24,6857302016,32,0.09348147152713286,0.7448054988373507
EleutherAI/pythia-6.9b,143001,step143000,28,25,6857302016,32,0.05443800229777776,0.955598756894693
EleutherAI/pythia-6.9b,143001,step143000,28,26,6857302016,32,0.057503931620088294,0.9448280948865879
EleutherAI/pythia-6.9b,143001,step143000,28,27,6857302016,32,0.23798882674884506,0.4328008695273428
EleutherAI/pythia-6.9b,143001,step143000,28,28,6857302016,32,0.0600102866899121,0.920886341694955
EleutherAI/pythia-6.9b,143001,step143000,28,29,6857302016,32,0.053769690989357216,0.907791221195513
EleutherAI/pythia-6.9b,143001,step143000,28,30,6857302016,32,0.05152540349096682,0.9749568119510874
EleutherAI/pythia-6.9b,143001,step143000,28,31,6857302016,32,0.20790014600565837,0.6924390160554165
EleutherAI/pythia-6.9b,143001,step143000,28,32,6857302016,32,0.052474081235191,0.9664008237041153
EleutherAI/pythia-6.9b,143001,step143000,29,1,6857302016,32,0.056386374060187566,0.9395775493603569
EleutherAI/pythia-6.9b,143001,step143000,29,2,6857302016,32,0.05891895753907612,0.9105854052770603
EleutherAI/pythia-6.9b,143001,step143000,29,3,6857302016,32,0.17738488922315135,0.6053926355398453
EleutherAI/pythia-6.9b,143001,step143000,29,4,6857302016,32,0.05026379278819031,0.9997800831143204
EleutherAI/pythia-6.9b,143001,step143000,29,5,6857302016,32,0.050936992124964754,0.984798023829589
EleutherAI/pythia-6.9b,143001,step143000,29,6,6857302016,32,0.05313700131579737,0.9494855610189495
EleutherAI/pythia-6.9b,143001,step143000,29,7,6857302016,32,0.05190075396268152,0.9746164871497197
EleutherAI/pythia-6.9b,143001,step143000,29,8,6857302016,32,0.052187549104136526,0.9685822838956529
EleutherAI/pythia-6.9b,143001,step143000,29,9,6857302016,32,0.07544216010216116,0.9310443693990106
EleutherAI/pythia-6.9b,143001,step143000,29,10,6857302016,32,0.06204540883093039,0.9232628438118342
EleutherAI/pythia-6.9b,143001,step143000,29,11,6857302016,32,0.04352453138571586,0.6302920346771991
EleutherAI/pythia-6.9b,143001,step143000,29,12,6857302016,32,0.052641738630557114,0.9131145683584271
EleutherAI/pythia-6.9b,143001,step143000,29,13,6857302016,32,0.07301255027327443,0.8814947057414699
EleutherAI/pythia-6.9b,143001,step143000,29,14,6857302016,32,0.0890119728428107,0.8695121616930575
EleutherAI/pythia-6.9b,143001,step143000,29,15,6857302016,32,0.05151931902074863,0.9835767361136886
EleutherAI/pythia-6.9b,143001,step143000,29,16,6857302016,32,0.052992917850401,0.9652544182610583
EleutherAI/pythia-6.9b,143001,step143000,29,17,6857302016,32,0.05716799171054144,0.7779062755920507
EleutherAI/pythia-6.9b,143001,step143000,29,18,6857302016,32,0.0939436868286213,0.5801464557289719
EleutherAI/pythia-6.9b,143001,step143000,29,19,6857302016,32,0.11628154446245041,0.851910554968917
EleutherAI/pythia-6.9b,143001,step143000,29,20,6857302016,32,0.05110609368893087,0.9796409532651529
EleutherAI/pythia-6.9b,143001,step143000,29,21,6857302016,32,0.3622463269231913,0.50325073621742
EleutherAI/pythia-6.9b,143001,step143000,29,22,6857302016,32,0.0676122515797251,0.7639424633961898
EleutherAI/pythia-6.9b,143001,step143000,29,23,6857302016,32,0.1399246905916356,0.21340750761654548
EleutherAI/pythia-6.9b,143001,step143000,29,24,6857302016,32,0.052008333340477345,0.9772392039721435
EleutherAI/pythia-6.9b,143001,step143000,29,25,6857302016,32,0.052953134679624224,0.9688700777184855
EleutherAI/pythia-6.9b,143001,step143000,29,26,6857302016,32,0.07970977552212748,0.7679113418579817
EleutherAI/pythia-6.9b,143001,step143000,29,27,6857302016,32,0.051731361526514814,0.9779387915188128
EleutherAI/pythia-6.9b,143001,step143000,29,28,6857302016,32,0.06475464823479583,0.896897796843503
EleutherAI/pythia-6.9b,143001,step143000,29,29,6857302016,32,0.05079896836688419,0.979399469790158
EleutherAI/pythia-6.9b,143001,step143000,29,30,6857302016,32,0.05251261609251252,0.9676238783039488
EleutherAI/pythia-6.9b,143001,step143000,29,31,6857302016,32,0.05363151812842028,0.9631709682422357
EleutherAI/pythia-6.9b,143001,step143000,29,32,6857302016,32,0.051853156149353756,0.9784879530514324
EleutherAI/pythia-6.9b,143001,step143000,30,1,6857302016,32,0.06087649930212587,0.9327615108844396
EleutherAI/pythia-6.9b,143001,step143000,30,2,6857302016,32,0.05145504767237389,0.9822912841766804
EleutherAI/pythia-6.9b,143001,step143000,30,3,6857302016,32,0.05635100076333042,0.8636815450839452
EleutherAI/pythia-6.9b,143001,step143000,30,4,6857302016,32,0.06715022564261543,0.9197190676902508
EleutherAI/pythia-6.9b,143001,step143000,30,5,6857302016,32,0.05942432452188996,0.9075305354935271
EleutherAI/pythia-6.9b,143001,step143000,30,6,6857302016,32,0.054224559497479695,0.9656143300347142
EleutherAI/pythia-6.9b,143001,step143000,30,7,6857302016,32,0.05162693349457153,0.9806290583925562
EleutherAI/pythia-6.9b,143001,step143000,30,8,6857302016,32,0.11885662543008452,0.7164710978040466
EleutherAI/pythia-6.9b,143001,step143000,30,9,6857302016,32,0.1708360920819613,0.7208007012043629
EleutherAI/pythia-6.9b,143001,step143000,30,10,6857302016,32,0.3167233013019368,0.5976177166263621
EleutherAI/pythia-6.9b,143001,step143000,30,11,6857302016,32,0.05969364217933656,0.9282407725940237
EleutherAI/pythia-6.9b,143001,step143000,30,12,6857302016,32,0.34477797410151617,0.27468454426115335
EleutherAI/pythia-6.9b,143001,step143000,30,13,6857302016,32,0.05420865790705911,0.9408909712467823
EleutherAI/pythia-6.9b,143001,step143000,30,14,6857302016,32,0.05202502306052913,0.981053098901972
EleutherAI/pythia-6.9b,143001,step143000,30,15,6857302016,32,0.05103953618712875,0.98738328195191
EleutherAI/pythia-6.9b,143001,step143000,30,16,6857302016,32,0.26068175982337094,0.1775338119846788
EleutherAI/pythia-6.9b,143001,step143000,30,17,6857302016,32,0.05166020469919022,0.9744104391282743
EleutherAI/pythia-6.9b,143001,step143000,30,18,6857302016,32,0.08514626306557167,0.7217228686934835
EleutherAI/pythia-6.9b,143001,step143000,30,19,6857302016,32,0.05795656439957314,0.9446032657637611
EleutherAI/pythia-6.9b,143001,step143000,30,20,6857302016,32,0.4506403446734489,0.27538916211317965
EleutherAI/pythia-6.9b,143001,step143000,30,21,6857302016,32,0.054657035178641886,0.9014347891907792
EleutherAI/pythia-6.9b,143001,step143000,30,22,6857302016,32,0.06397784558228316,0.9403486196343247
EleutherAI/pythia-6.9b,143001,step143000,30,23,6857302016,32,0.05411811091716176,0.9511444928409817
EleutherAI/pythia-6.9b,143001,step143000,30,24,6857302016,32,0.06479802152125144,0.9168565502395859
EleutherAI/pythia-6.9b,143001,step143000,30,25,6857302016,32,0.05911931752677522,0.9233546270443512
EleutherAI/pythia-6.9b,143001,step143000,30,26,6857302016,32,0.05727663179495936,0.932729083675522
EleutherAI/pythia-6.9b,143001,step143000,30,27,6857302016,32,0.0527131375003684,0.9686278499461509
EleutherAI/pythia-6.9b,143001,step143000,30,28,6857302016,32,0.052907423970678234,0.9579884966572484
EleutherAI/pythia-6.9b,143001,step143000,30,29,6857302016,32,0.05726378857697896,0.9249958278717579
EleutherAI/pythia-6.9b,143001,step143000,30,30,6857302016,32,0.05516748858878648,0.9277676175664495
EleutherAI/pythia-6.9b,143001,step143000,30,31,6857302016,32,0.050854203681385955,0.9682301781825475
EleutherAI/pythia-6.9b,143001,step143000,30,32,6857302016,32,0.05661862976107932,0.5680269287513183
EleutherAI/pythia-6.9b,143001,step143000,31,1,6857302016,32,0.053400394608834355,0.9703836203874411
EleutherAI/pythia-6.9b,143001,step143000,31,2,6857302016,32,0.06462531518918253,0.9354107814418661
EleutherAI/pythia-6.9b,143001,step143000,31,3,6857302016,32,0.05069743062843398,0.9083667723266212
EleutherAI/pythia-6.9b,143001,step143000,31,4,6857302016,32,0.053466411385763475,0.9483104740177188
EleutherAI/pythia-6.9b,143001,step143000,31,5,6857302016,32,0.08442411385756261,0.7302526441198569
EleutherAI/pythia-6.9b,143001,step143000,31,6,6857302016,32,0.05143059057521967,0.9495835088573776
EleutherAI/pythia-6.9b,143001,step143000,31,7,6857302016,32,0.07092854345088692,0.8444705870863911
EleutherAI/pythia-6.9b,143001,step143000,31,8,6857302016,32,0.056676038020701515,0.9127893600914929
EleutherAI/pythia-6.9b,143001,step143000,31,9,6857302016,32,0.06189836287037563,0.9445269126612861
EleutherAI/pythia-6.9b,143001,step143000,31,10,6857302016,32,0.05026379278819031,0.9997800831143204
EleutherAI/pythia-6.9b,143001,step143000,31,11,6857302016,32,0.11838471592479456,0.7558402292005293
EleutherAI/pythia-6.9b,143001,step143000,31,12,6857302016,32,0.05586657879102199,0.9684036824259314
EleutherAI/pythia-6.9b,143001,step143000,31,13,6857302016,32,0.1450238246806301,0.7610634189915728
EleutherAI/pythia-6.9b,143001,step143000,31,14,6857302016,32,0.051040388414406876,0.9858149911190296
EleutherAI/pythia-6.9b,143001,step143000,31,15,6857302016,32,0.292123164679553,0.4366662712829249
EleutherAI/pythia-6.9b,143001,step143000,31,16,6857302016,32,0.05361305062264737,0.9241909055380492
EleutherAI/pythia-6.9b,143001,step143000,31,17,6857302016,32,0.033532200904154694,0.625630971055489
EleutherAI/pythia-6.9b,143001,step143000,31,18,6857302016,32,0.24072881389756098,0.4909197959277007
EleutherAI/pythia-6.9b,143001,step143000,31,19,6857302016,32,0.165098174645736,0.5345670235631345
EleutherAI/pythia-6.9b,143001,step143000,31,20,6857302016,32,0.05698396805422125,0.951661606719186
EleutherAI/pythia-6.9b,143001,step143000,31,21,6857302016,32,0.0728687893616052,0.9119600431697147
EleutherAI/pythia-6.9b,143001,step143000,31,22,6857302016,32,0.08353408072815012,0.8520577755776254
EleutherAI/pythia-6.9b,143001,step143000,31,23,6857302016,32,0.05480984825635319,0.9677589384911655
EleutherAI/pythia-6.9b,143001,step143000,31,24,6857302016,32,0.05663386379283298,0.9423510263095031
EleutherAI/pythia-6.9b,143001,step143000,31,25,6857302016,32,0.06660280769478313,0.8570997530633623
EleutherAI/pythia-6.9b,143001,step143000,31,26,6857302016,32,0.05188907564173004,0.9876495361686111
EleutherAI/pythia-6.9b,143001,step143000,31,27,6857302016,32,0.05495882026610651,0.9676265665092267
EleutherAI/pythia-6.9b,143001,step143000,31,28,6857302016,32,0.05062478943098634,0.9940329159165288
EleutherAI/pythia-6.9b,143001,step143000,31,29,6857302016,32,0.06345815969597511,0.9509624862993086
EleutherAI/pythia-6.9b,143001,step143000,31,30,6857302016,32,0.07271592615189043,0.8646301991857208
EleutherAI/pythia-6.9b,143001,step143000,31,31,6857302016,32,0.08553116069966783,0.6881735076506933
EleutherAI/pythia-6.9b,143001,step143000,31,32,6857302016,32,0.060052080584729085,0.9380360721825838
EleutherAI/pythia-6.9b,143001,step143000,32,1,6857302016,32,0.06527476535736672,0.9280396593404604
EleutherAI/pythia-6.9b,143001,step143000,32,2,6857302016,32,0.05258130688673334,0.9830647241603863
EleutherAI/pythia-6.9b,143001,step143000,32,3,6857302016,32,0.045884779057683595,0.48962562931170156
EleutherAI/pythia-6.9b,143001,step143000,32,4,6857302016,32,0.054457684455847734,0.7968010352001534
EleutherAI/pythia-6.9b,143001,step143000,32,5,6857302016,32,0.05383225114227411,0.94944603512953
EleutherAI/pythia-6.9b,143001,step143000,32,6,6857302016,32,0.06429863973120754,0.9606663335014034
EleutherAI/pythia-6.9b,143001,step143000,32,7,6857302016,32,0.06726713632387259,0.874944130266393
EleutherAI/pythia-6.9b,143001,step143000,32,8,6857302016,32,0.15986554490125457,0.38438167672481266
EleutherAI/pythia-6.9b,143001,step143000,32,9,6857302016,32,0.052869459321196556,0.8524918549948627
EleutherAI/pythia-6.9b,143001,step143000,32,10,6857302016,32,0.06461406261562268,0.898154562300032
EleutherAI/pythia-6.9b,143001,step143000,32,11,6857302016,32,0.04939516493141669,0.9640819029407101
EleutherAI/pythia-6.9b,143001,step143000,32,12,6857302016,32,0.10326019386542738,0.576186673687743
EleutherAI/pythia-6.9b,143001,step143000,32,13,6857302016,32,0.05140339177627638,0.987390706489036
EleutherAI/pythia-6.9b,143001,step143000,32,14,6857302016,32,0.05080127043023075,0.9935798585951865
EleutherAI/pythia-6.9b,143001,step143000,32,15,6857302016,32,0.05119705442395113,0.9721271094080206
EleutherAI/pythia-6.9b,143001,step143000,32,16,6857302016,32,0.05187255026515312,0.9911165451323306
EleutherAI/pythia-6.9b,143001,step143000,32,17,6857302016,32,0.05302464330356351,0.9834322881054234
EleutherAI/pythia-6.9b,143001,step143000,32,18,6857302016,32,0.05445968172325561,0.9662464127705261
EleutherAI/pythia-6.9b,143001,step143000,32,19,6857302016,32,0.0493369662270104,0.967229246958956
EleutherAI/pythia-6.9b,143001,step143000,32,20,6857302016,32,0.055328212236543634,0.9425052018673928
EleutherAI/pythia-6.9b,143001,step143000,32,21,6857302016,32,0.05045715809657091,0.9963688280310359
EleutherAI/pythia-6.9b,143001,step143000,32,22,6857302016,32,0.05157294487472278,0.9756149203032702
EleutherAI/pythia-6.9b,143001,step143000,32,23,6857302016,32,0.050921469016487225,0.9911251007257639
EleutherAI/pythia-6.9b,143001,step143000,32,24,6857302016,32,0.4184818624465673,0.1105126420164609
EleutherAI/pythia-6.9b,143001,step143000,32,25,6857302016,32,0.05057928704463679,0.9949446748326849
EleutherAI/pythia-6.9b,143001,step143000,32,26,6857302016,32,0.05469066327121021,0.9693727440035736
EleutherAI/pythia-6.9b,143001,step143000,32,27,6857302016,32,0.05712724216778789,0.9241964938762309
EleutherAI/pythia-6.9b,143001,step143000,32,28,6857302016,32,0.05810470491166673,0.9173637748033077
EleutherAI/pythia-6.9b,143001,step143000,32,29,6857302016,32,0.06722632969950543,0.9638562041359979
EleutherAI/pythia-6.9b,143001,step143000,32,30,6857302016,32,0.07189851942718271,0.7714994536774294
EleutherAI/pythia-6.9b,143001,step143000,32,31,6857302016,32,0.058151688353667505,0.7851024694718398
EleutherAI/pythia-6.9b,143001,step143000,32,32,6857302016,32,0.05880346266530428,0.9325355898152601
