mpath,step_modded,revision,Layer,Head,n_params,n_layers,mean_1back,mean_first
EleutherAI/pythia-12b,100001,step100000,1,1,11846072320,36,0.159029014531646,0.13607147889206175
EleutherAI/pythia-12b,100001,step100000,1,2,11846072320,36,0.21493566908814882,0.1378972376542943
EleutherAI/pythia-12b,100001,step100000,1,3,11846072320,36,0.13671822076825582,0.1379161842206532
EleutherAI/pythia-12b,100001,step100000,1,4,11846072320,36,0.13426031739459376,0.12026700508632544
EleutherAI/pythia-12b,100001,step100000,1,5,11846072320,36,0.12240588390366268,0.17220126538238184
EleutherAI/pythia-12b,100001,step100000,1,6,11846072320,36,0.28429776186252137,0.14632203949296524
EleutherAI/pythia-12b,100001,step100000,1,7,11846072320,36,0.147051181017726,0.13125938870706352
EleutherAI/pythia-12b,100001,step100000,1,8,11846072320,36,0.2638930537186943,0.1564025509509596
EleutherAI/pythia-12b,100001,step100000,1,9,11846072320,36,0.12452066119189731,0.14131911498335026
EleutherAI/pythia-12b,100001,step100000,1,10,11846072320,36,0.11169751996437347,0.13038282032899398
EleutherAI/pythia-12b,100001,step100000,1,11,11846072320,36,0.13877922557741848,0.12874335110153964
EleutherAI/pythia-12b,100001,step100000,1,12,11846072320,36,0.13978654625000533,0.1191578181013017
EleutherAI/pythia-12b,100001,step100000,1,13,11846072320,36,0.15724487493077552,0.12105741262905766
EleutherAI/pythia-12b,100001,step100000,1,14,11846072320,36,0.14343493976056929,0.15655651912037222
EleutherAI/pythia-12b,100001,step100000,1,15,11846072320,36,0.10006457039185826,0.1435669106585127
EleutherAI/pythia-12b,100001,step100000,1,16,11846072320,36,0.1476822514031026,0.1451902739429572
EleutherAI/pythia-12b,100001,step100000,1,17,11846072320,36,0.1375948865268681,0.14492854761804363
EleutherAI/pythia-12b,100001,step100000,1,18,11846072320,36,0.16801768182231494,0.14301467246960498
EleutherAI/pythia-12b,100001,step100000,1,19,11846072320,36,0.12653756076777659,0.12998825574556624
EleutherAI/pythia-12b,100001,step100000,1,20,11846072320,36,0.11140359750761458,0.12020972098696514
EleutherAI/pythia-12b,100001,step100000,1,21,11846072320,36,0.1346241808510399,0.1671668548506122
EleutherAI/pythia-12b,100001,step100000,1,22,11846072320,36,0.1476116785863498,0.13978391182371172
EleutherAI/pythia-12b,100001,step100000,1,23,11846072320,36,0.13769389495432552,0.1470534230887263
EleutherAI/pythia-12b,100001,step100000,1,24,11846072320,36,0.15236942154598662,0.1477689052185228
EleutherAI/pythia-12b,100001,step100000,1,25,11846072320,36,0.14161279082141656,0.14599795343896912
EleutherAI/pythia-12b,100001,step100000,1,26,11846072320,36,0.15472623962047574,0.1455750072559526
EleutherAI/pythia-12b,100001,step100000,1,27,11846072320,36,0.1339901704005561,0.15064956269900984
EleutherAI/pythia-12b,100001,step100000,1,28,11846072320,36,0.11874378210230091,0.14167015366927457
EleutherAI/pythia-12b,100001,step100000,1,29,11846072320,36,0.13560747076664956,0.13114843436715387
EleutherAI/pythia-12b,100001,step100000,1,30,11846072320,36,0.14201049141966182,0.16488786410909512
EleutherAI/pythia-12b,100001,step100000,1,31,11846072320,36,0.12626838264008,0.15248114525063614
EleutherAI/pythia-12b,100001,step100000,1,32,11846072320,36,0.10006979653225821,0.12239131394091307
EleutherAI/pythia-12b,100001,step100000,1,33,11846072320,36,0.15796167546653886,0.12923502908633633
EleutherAI/pythia-12b,100001,step100000,1,34,11846072320,36,0.14408131862232632,0.1432495300571347
EleutherAI/pythia-12b,100001,step100000,1,35,11846072320,36,0.14905604630619193,0.12367811752902759
EleutherAI/pythia-12b,100001,step100000,1,36,11846072320,36,0.12196523019367148,0.14566617556945513
EleutherAI/pythia-12b,100001,step100000,1,37,11846072320,36,0.12793373743872022,0.1626960127852163
EleutherAI/pythia-12b,100001,step100000,1,38,11846072320,36,0.12871940302531099,0.13519132807962703
EleutherAI/pythia-12b,100001,step100000,1,39,11846072320,36,0.17133924509356682,0.14548291439923255
EleutherAI/pythia-12b,100001,step100000,1,40,11846072320,36,0.14512605177568597,0.15387287450669043
EleutherAI/pythia-12b,100001,step100000,2,1,11846072320,36,0.11719314135364937,0.1678749855982514
EleutherAI/pythia-12b,100001,step100000,2,2,11846072320,36,0.1435342393815517,0.1329499800093807
EleutherAI/pythia-12b,100001,step100000,2,3,11846072320,36,0.23236182092635835,0.12975934295783614
EleutherAI/pythia-12b,100001,step100000,2,4,11846072320,36,0.15194371120595893,0.0929538396189923
EleutherAI/pythia-12b,100001,step100000,2,5,11846072320,36,0.20480494141891908,0.12787945175895815
EleutherAI/pythia-12b,100001,step100000,2,6,11846072320,36,0.13877787360468422,0.15881541371065838
EleutherAI/pythia-12b,100001,step100000,2,7,11846072320,36,0.12691598476746951,0.14626293813155306
EleutherAI/pythia-12b,100001,step100000,2,8,11846072320,36,0.13766898517986315,0.1571736426872981
EleutherAI/pythia-12b,100001,step100000,2,9,11846072320,36,0.14702150174738227,0.11809188585068366
EleutherAI/pythia-12b,100001,step100000,2,10,11846072320,36,0.3015589205486638,0.11875486597362846
EleutherAI/pythia-12b,100001,step100000,2,11,11846072320,36,0.10724460008042348,0.14882514090766685
EleutherAI/pythia-12b,100001,step100000,2,12,11846072320,36,0.13286379977009136,0.1537760760126126
EleutherAI/pythia-12b,100001,step100000,2,13,11846072320,36,0.201066505555455,0.15239391210782632
EleutherAI/pythia-12b,100001,step100000,2,14,11846072320,36,0.3374916744214278,0.1310947532919389
EleutherAI/pythia-12b,100001,step100000,2,15,11846072320,36,0.3516393531192172,0.11021144870198789
EleutherAI/pythia-12b,100001,step100000,2,16,11846072320,36,0.6013356355933456,0.09750691343199558
EleutherAI/pythia-12b,100001,step100000,2,17,11846072320,36,0.31838940990132253,0.12460514593746386
EleutherAI/pythia-12b,100001,step100000,2,18,11846072320,36,0.15807973952577992,0.14384385123401427
EleutherAI/pythia-12b,100001,step100000,2,19,11846072320,36,0.2126950372021656,0.1488988282461021
EleutherAI/pythia-12b,100001,step100000,2,20,11846072320,36,0.3812004324641671,0.13058437886941537
EleutherAI/pythia-12b,100001,step100000,2,21,11846072320,36,0.3240416741093715,0.11843391821101616
EleutherAI/pythia-12b,100001,step100000,2,22,11846072320,36,0.21590376644207904,0.13496029134504156
EleutherAI/pythia-12b,100001,step100000,2,23,11846072320,36,0.32319156026786505,0.11018251888342086
EleutherAI/pythia-12b,100001,step100000,2,24,11846072320,36,0.145679327539048,0.11988146989340624
EleutherAI/pythia-12b,100001,step100000,2,25,11846072320,36,0.2957701183206684,0.11640877045646261
EleutherAI/pythia-12b,100001,step100000,2,26,11846072320,36,0.13011685696181588,0.13757477214352948
EleutherAI/pythia-12b,100001,step100000,2,27,11846072320,36,0.8566535620002059,0.09521111550352143
EleutherAI/pythia-12b,100001,step100000,2,28,11846072320,36,0.11572927651596852,0.1493089543837304
EleutherAI/pythia-12b,100001,step100000,2,29,11846072320,36,0.16061620366152696,0.13992089299378807
EleutherAI/pythia-12b,100001,step100000,2,30,11846072320,36,0.15331695910106904,0.13005310181226276
EleutherAI/pythia-12b,100001,step100000,2,31,11846072320,36,0.14322976422896072,0.13192104587510403
EleutherAI/pythia-12b,100001,step100000,2,32,11846072320,36,0.23072734018703833,0.13316637231456532
EleutherAI/pythia-12b,100001,step100000,2,33,11846072320,36,0.12399574290882713,0.16016314426498546
EleutherAI/pythia-12b,100001,step100000,2,34,11846072320,36,0.11808812218877641,0.14464410230539756
EleutherAI/pythia-12b,100001,step100000,2,35,11846072320,36,0.2889117012108052,0.11968640080868477
EleutherAI/pythia-12b,100001,step100000,2,36,11846072320,36,0.26352200451287416,0.11727476341778537
EleutherAI/pythia-12b,100001,step100000,2,37,11846072320,36,0.2952948004544318,0.12313904834480521
EleutherAI/pythia-12b,100001,step100000,2,38,11846072320,36,0.12126983679249297,0.1662996476991577
EleutherAI/pythia-12b,100001,step100000,2,39,11846072320,36,0.5109312818036065,0.08361439868058256
EleutherAI/pythia-12b,100001,step100000,2,40,11846072320,36,0.13410077867721826,0.15224419453659568
EleutherAI/pythia-12b,100001,step100000,3,1,11846072320,36,0.26385441769261253,0.18032567403293223
EleutherAI/pythia-12b,100001,step100000,3,2,11846072320,36,0.11378508572419123,0.23346999006250774
EleutherAI/pythia-12b,100001,step100000,3,3,11846072320,36,0.08425830564721744,0.19914366278864506
EleutherAI/pythia-12b,100001,step100000,3,4,11846072320,36,0.16125194243974866,0.10577198122166563
EleutherAI/pythia-12b,100001,step100000,3,5,11846072320,36,0.12406534239000919,0.20534738006109407
EleutherAI/pythia-12b,100001,step100000,3,6,11846072320,36,0.12587863011089884,0.20314688599939726
EleutherAI/pythia-12b,100001,step100000,3,7,11846072320,36,0.1192370681847269,0.23925795974685352
EleutherAI/pythia-12b,100001,step100000,3,8,11846072320,36,0.40007846670465785,0.12464944022083958
EleutherAI/pythia-12b,100001,step100000,3,9,11846072320,36,0.19458325297848594,0.22996232597375502
EleutherAI/pythia-12b,100001,step100000,3,10,11846072320,36,0.0878989711325537,0.13708928594499956
EleutherAI/pythia-12b,100001,step100000,3,11,11846072320,36,0.1294398898756629,0.12021186844901634
EleutherAI/pythia-12b,100001,step100000,3,12,11846072320,36,0.15613478428877148,0.2092329163059547
EleutherAI/pythia-12b,100001,step100000,3,13,11846072320,36,0.21360774814814057,0.13937562308903478
EleutherAI/pythia-12b,100001,step100000,3,14,11846072320,36,0.10569688342735391,0.13663048495737098
EleutherAI/pythia-12b,100001,step100000,3,15,11846072320,36,0.28330336323192523,0.10253942485160383
EleutherAI/pythia-12b,100001,step100000,3,16,11846072320,36,0.16487460366419482,0.09353433462424765
EleutherAI/pythia-12b,100001,step100000,3,17,11846072320,36,0.3491749476876344,0.139903462877883
EleutherAI/pythia-12b,100001,step100000,3,18,11846072320,36,0.18365067415856737,0.20878721676297013
EleutherAI/pythia-12b,100001,step100000,3,19,11846072320,36,0.3186837126229618,0.1258549670445489
EleutherAI/pythia-12b,100001,step100000,3,20,11846072320,36,0.24986334776019187,0.17427284906229543
EleutherAI/pythia-12b,100001,step100000,3,21,11846072320,36,0.1337080619692265,0.1435233297766194
EleutherAI/pythia-12b,100001,step100000,3,22,11846072320,36,0.137061121238692,0.15304748075468846
EleutherAI/pythia-12b,100001,step100000,3,23,11846072320,36,0.3479787700616561,0.16663182034036952
EleutherAI/pythia-12b,100001,step100000,3,24,11846072320,36,0.12813169520918846,0.13482099447634302
EleutherAI/pythia-12b,100001,step100000,3,25,11846072320,36,0.13704340869152506,0.08051134172306804
EleutherAI/pythia-12b,100001,step100000,3,26,11846072320,36,0.21480531555351548,0.14858013420860774
EleutherAI/pythia-12b,100001,step100000,3,27,11846072320,36,0.1947777801425428,0.18970714384751453
EleutherAI/pythia-12b,100001,step100000,3,28,11846072320,36,0.12291290914197937,0.21583331383026394
EleutherAI/pythia-12b,100001,step100000,3,29,11846072320,36,0.12067771235945163,0.16798178410554698
EleutherAI/pythia-12b,100001,step100000,3,30,11846072320,36,0.1418297989713447,0.12242308610843283
EleutherAI/pythia-12b,100001,step100000,3,31,11846072320,36,0.13171965755276133,0.1592091216563104
EleutherAI/pythia-12b,100001,step100000,3,32,11846072320,36,0.4113373159019797,0.10544092483908023
EleutherAI/pythia-12b,100001,step100000,3,33,11846072320,36,0.2838896559747131,0.15108480059762702
EleutherAI/pythia-12b,100001,step100000,3,34,11846072320,36,0.12425201149607022,0.16921726418742988
EleutherAI/pythia-12b,100001,step100000,3,35,11846072320,36,0.1466710325050819,0.1481555561414799
EleutherAI/pythia-12b,100001,step100000,3,36,11846072320,36,0.12846393376454573,0.11487043309710669
EleutherAI/pythia-12b,100001,step100000,3,37,11846072320,36,0.16603063927353678,0.18957904585309926
EleutherAI/pythia-12b,100001,step100000,3,38,11846072320,36,0.13010926197308137,0.10816420753159228
EleutherAI/pythia-12b,100001,step100000,3,39,11846072320,36,0.14793284576352647,0.1175394489153011
EleutherAI/pythia-12b,100001,step100000,3,40,11846072320,36,0.120697771240999,0.20691893844901615
EleutherAI/pythia-12b,100001,step100000,4,1,11846072320,36,0.11576648552653127,0.19424314476415377
EleutherAI/pythia-12b,100001,step100000,4,2,11846072320,36,0.12285928765462859,0.3459335159364942
EleutherAI/pythia-12b,100001,step100000,4,3,11846072320,36,0.13399904957964073,0.20102780826345037
EleutherAI/pythia-12b,100001,step100000,4,4,11846072320,36,0.24831038317433343,0.19651584925728513
EleutherAI/pythia-12b,100001,step100000,4,5,11846072320,36,0.17017310372254507,0.21244462972713837
EleutherAI/pythia-12b,100001,step100000,4,6,11846072320,36,0.15207075935092054,0.2729857566937043
EleutherAI/pythia-12b,100001,step100000,4,7,11846072320,36,0.12407542317098857,0.1246612338214978
EleutherAI/pythia-12b,100001,step100000,4,8,11846072320,36,0.8060714527293369,0.09803249914333355
EleutherAI/pythia-12b,100001,step100000,4,9,11846072320,36,0.28161397688202666,0.19579784065910105
EleutherAI/pythia-12b,100001,step100000,4,10,11846072320,36,0.18892200225153122,0.2052778648268487
EleutherAI/pythia-12b,100001,step100000,4,11,11846072320,36,0.1179002664938524,0.262322023248037
EleutherAI/pythia-12b,100001,step100000,4,12,11846072320,36,0.1313983488760821,0.36409188918881225
EleutherAI/pythia-12b,100001,step100000,4,13,11846072320,36,0.12166465445234248,0.2120455272842545
EleutherAI/pythia-12b,100001,step100000,4,14,11846072320,36,0.23788771568028413,0.1929032360021774
EleutherAI/pythia-12b,100001,step100000,4,15,11846072320,36,0.11420132780263012,0.2803276758585069
EleutherAI/pythia-12b,100001,step100000,4,16,11846072320,36,0.1300886365509516,0.16554882284813185
EleutherAI/pythia-12b,100001,step100000,4,17,11846072320,36,0.09838947446250518,0.13196110920057635
EleutherAI/pythia-12b,100001,step100000,4,18,11846072320,36,0.1430420053412427,0.14875136068588615
EleutherAI/pythia-12b,100001,step100000,4,19,11846072320,36,0.13046525551884378,0.20897416769898863
EleutherAI/pythia-12b,100001,step100000,4,20,11846072320,36,0.09786747845152652,0.5003381557874493
EleutherAI/pythia-12b,100001,step100000,4,21,11846072320,36,0.13889749561836406,0.10832758886913006
EleutherAI/pythia-12b,100001,step100000,4,22,11846072320,36,0.2550218907875699,0.14752595376100264
EleutherAI/pythia-12b,100001,step100000,4,23,11846072320,36,0.11977735411812052,0.29642082144458726
EleutherAI/pythia-12b,100001,step100000,4,24,11846072320,36,0.16629040106996756,0.1828874438810903
EleutherAI/pythia-12b,100001,step100000,4,25,11846072320,36,0.13260205045857046,0.20965425501222362
EleutherAI/pythia-12b,100001,step100000,4,26,11846072320,36,0.13871016291839935,0.26143268223393246
EleutherAI/pythia-12b,100001,step100000,4,27,11846072320,36,0.157738352021029,0.19854946900438794
EleutherAI/pythia-12b,100001,step100000,4,28,11846072320,36,0.13563674208414442,0.19809742716585726
EleutherAI/pythia-12b,100001,step100000,4,29,11846072320,36,0.1289193883437562,0.2249590674633378
EleutherAI/pythia-12b,100001,step100000,4,30,11846072320,36,0.1288378117242464,0.055292900895011814
EleutherAI/pythia-12b,100001,step100000,4,31,11846072320,36,0.6563970204946157,0.10633024284979688
EleutherAI/pythia-12b,100001,step100000,4,32,11846072320,36,0.12457238200928888,0.24168511843113027
EleutherAI/pythia-12b,100001,step100000,4,33,11846072320,36,0.1271676405951067,0.15649953382173631
EleutherAI/pythia-12b,100001,step100000,4,34,11846072320,36,0.1279274206328857,0.1796548503699961
EleutherAI/pythia-12b,100001,step100000,4,35,11846072320,36,0.1234411966984157,0.20975650686983227
EleutherAI/pythia-12b,100001,step100000,4,36,11846072320,36,0.11440249446600492,0.21446400770621074
EleutherAI/pythia-12b,100001,step100000,4,37,11846072320,36,0.11043191891913116,0.166014341128481
EleutherAI/pythia-12b,100001,step100000,4,38,11846072320,36,0.13128635072493333,0.24876249279524826
EleutherAI/pythia-12b,100001,step100000,4,39,11846072320,36,0.12848285983341767,0.20371764515702784
EleutherAI/pythia-12b,100001,step100000,4,40,11846072320,36,0.09218845738506348,0.4129936841201854
EleutherAI/pythia-12b,100001,step100000,5,1,11846072320,36,0.056547683364412404,0.9102841433104094
EleutherAI/pythia-12b,100001,step100000,5,2,11846072320,36,0.041616728391593374,0.787104905278117
EleutherAI/pythia-12b,100001,step100000,5,3,11846072320,36,0.08127301397478881,0.7208642998078206
EleutherAI/pythia-12b,100001,step100000,5,4,11846072320,36,0.08505140647135515,0.6204436058486188
EleutherAI/pythia-12b,100001,step100000,5,5,11846072320,36,0.06929062711852445,0.8039797859506922
EleutherAI/pythia-12b,100001,step100000,5,6,11846072320,36,0.0555775463329376,0.9053604749587921
EleutherAI/pythia-12b,100001,step100000,5,7,11846072320,36,0.0741282979043217,0.6768257319032251
EleutherAI/pythia-12b,100001,step100000,5,8,11846072320,36,0.06683327855861129,0.7880136386768238
EleutherAI/pythia-12b,100001,step100000,5,9,11846072320,36,0.05056528032088911,0.9853316604554117
EleutherAI/pythia-12b,100001,step100000,5,10,11846072320,36,0.0662573734605992,0.8119906064894822
EleutherAI/pythia-12b,100001,step100000,5,11,11846072320,36,0.29425516189845113,0.33553630892220915
EleutherAI/pythia-12b,100001,step100000,5,12,11846072320,36,0.0517697790945256,0.9594380497574448
EleutherAI/pythia-12b,100001,step100000,5,13,11846072320,36,0.06893655903883521,0.832917755967504
EleutherAI/pythia-12b,100001,step100000,5,14,11846072320,36,0.21001066703785642,0.42790481470547637
EleutherAI/pythia-12b,100001,step100000,5,15,11846072320,36,0.05109834008327158,0.9509405801604102
EleutherAI/pythia-12b,100001,step100000,5,16,11846072320,36,0.08310822636314158,0.6234474900338027
EleutherAI/pythia-12b,100001,step100000,5,17,11846072320,36,0.06936189743156006,0.7244200602218553
EleutherAI/pythia-12b,100001,step100000,5,18,11846072320,36,0.05936880120811784,0.8430807886717914
EleutherAI/pythia-12b,100001,step100000,5,19,11846072320,36,0.08277667361359155,0.5718032652372355
EleutherAI/pythia-12b,100001,step100000,5,20,11846072320,36,0.06122597174959493,0.8439601100421883
EleutherAI/pythia-12b,100001,step100000,5,21,11846072320,36,0.05735221875177038,0.829223218354377
EleutherAI/pythia-12b,100001,step100000,5,22,11846072320,36,0.07942657001797587,0.7012182212806679
EleutherAI/pythia-12b,100001,step100000,5,23,11846072320,36,0.06693680876133226,0.5706081589510491
EleutherAI/pythia-12b,100001,step100000,5,24,11846072320,36,0.055753229605453467,0.9268107933325095
EleutherAI/pythia-12b,100001,step100000,5,25,11846072320,36,0.109901688008516,0.4894479963111806
EleutherAI/pythia-12b,100001,step100000,5,26,11846072320,36,0.09707004019805973,0.6284940961423937
EleutherAI/pythia-12b,100001,step100000,5,27,11846072320,36,0.05735197886488992,0.8311862809074534
EleutherAI/pythia-12b,100001,step100000,5,28,11846072320,36,0.27870073068786305,0.2418595185173345
EleutherAI/pythia-12b,100001,step100000,5,29,11846072320,36,0.06255554359450977,0.893300346873544
EleutherAI/pythia-12b,100001,step100000,5,30,11846072320,36,0.08090240897068207,0.5382377881635059
EleutherAI/pythia-12b,100001,step100000,5,31,11846072320,36,0.2037323001022632,0.2239687604824075
EleutherAI/pythia-12b,100001,step100000,5,32,11846072320,36,0.08646974892721873,0.45696382524372936
EleutherAI/pythia-12b,100001,step100000,5,33,11846072320,36,0.08377766916276631,0.573270275159641
EleutherAI/pythia-12b,100001,step100000,5,34,11846072320,36,0.07953960032904286,0.7205553632956725
EleutherAI/pythia-12b,100001,step100000,5,35,11846072320,36,0.09923246288084765,0.47889617591111866
EleutherAI/pythia-12b,100001,step100000,5,36,11846072320,36,0.03983049423576471,0.8448583096176296
EleutherAI/pythia-12b,100001,step100000,5,37,11846072320,36,0.09595373474822205,0.784998936785592
EleutherAI/pythia-12b,100001,step100000,5,38,11846072320,36,0.08166803161168953,0.6953820762960045
EleutherAI/pythia-12b,100001,step100000,5,39,11846072320,36,0.04836656605718547,0.9485406649184298
EleutherAI/pythia-12b,100001,step100000,5,40,11846072320,36,0.06085371968193764,0.857226672383758
EleutherAI/pythia-12b,100001,step100000,6,1,11846072320,36,0.08214154751137924,0.8199825537455333
EleutherAI/pythia-12b,100001,step100000,6,2,11846072320,36,0.07470514492184904,0.7583910898045376
EleutherAI/pythia-12b,100001,step100000,6,3,11846072320,36,0.08721169126541671,0.740649816778687
EleutherAI/pythia-12b,100001,step100000,6,4,11846072320,36,0.05198879215122384,0.9725106297670542
EleutherAI/pythia-12b,100001,step100000,6,5,11846072320,36,0.0825810668201328,0.6940297366710039
EleutherAI/pythia-12b,100001,step100000,6,6,11846072320,36,0.08758738831625325,0.48475017998222114
EleutherAI/pythia-12b,100001,step100000,6,7,11846072320,36,0.10212690669025204,0.6837515522230853
EleutherAI/pythia-12b,100001,step100000,6,8,11846072320,36,0.05214815252312307,0.9785304702259041
EleutherAI/pythia-12b,100001,step100000,6,9,11846072320,36,0.05494414920731256,0.9505600234767696
EleutherAI/pythia-12b,100001,step100000,6,10,11846072320,36,0.04685055559106703,0.9172229579798095
EleutherAI/pythia-12b,100001,step100000,6,11,11846072320,36,0.0488089265374539,0.9745357086708596
EleutherAI/pythia-12b,100001,step100000,6,12,11846072320,36,0.051054702586474765,0.9767689496368259
EleutherAI/pythia-12b,100001,step100000,6,13,11846072320,36,0.04919305482498917,0.8836077305379214
EleutherAI/pythia-12b,100001,step100000,6,14,11846072320,36,0.08104652291381946,0.7990054687759182
EleutherAI/pythia-12b,100001,step100000,6,15,11846072320,36,0.07352240034309142,0.8700139713179957
EleutherAI/pythia-12b,100001,step100000,6,16,11846072320,36,0.05716326003810303,0.9108592533134483
EleutherAI/pythia-12b,100001,step100000,6,17,11846072320,36,0.05781281092302036,0.8599499002233282
EleutherAI/pythia-12b,100001,step100000,6,18,11846072320,36,0.0550469747652207,0.9307359150938086
EleutherAI/pythia-12b,100001,step100000,6,19,11846072320,36,0.05946404905570247,0.8987139507725432
EleutherAI/pythia-12b,100001,step100000,6,20,11846072320,36,0.0521336344333628,0.9564524724318817
EleutherAI/pythia-12b,100001,step100000,6,21,11846072320,36,0.19237129498754174,0.3775326676510118
EleutherAI/pythia-12b,100001,step100000,6,22,11846072320,36,0.08874582969681453,0.5702769541525626
EleutherAI/pythia-12b,100001,step100000,6,23,11846072320,36,0.0907805131205746,0.6235394984394222
EleutherAI/pythia-12b,100001,step100000,6,24,11846072320,36,0.4066677154810937,0.1612421436509391
EleutherAI/pythia-12b,100001,step100000,6,25,11846072320,36,0.05482943167675047,0.9461961075350329
EleutherAI/pythia-12b,100001,step100000,6,26,11846072320,36,0.0568436887562722,0.9113661827625813
EleutherAI/pythia-12b,100001,step100000,6,27,11846072320,36,0.04590950546612785,0.961583245623935
EleutherAI/pythia-12b,100001,step100000,6,28,11846072320,36,0.08309425291110262,0.7898961177638343
EleutherAI/pythia-12b,100001,step100000,6,29,11846072320,36,0.17784164724004514,0.5866231163432291
EleutherAI/pythia-12b,100001,step100000,6,30,11846072320,36,0.07179963980820976,0.8307582799557809
EleutherAI/pythia-12b,100001,step100000,6,31,11846072320,36,0.1269713678584621,0.5322020995813805
EleutherAI/pythia-12b,100001,step100000,6,32,11846072320,36,0.06762207884554028,0.8139358530262927
EleutherAI/pythia-12b,100001,step100000,6,33,11846072320,36,0.050322756393569236,0.9956096439390211
EleutherAI/pythia-12b,100001,step100000,6,34,11846072320,36,0.0585649909267017,0.8876106522462748
EleutherAI/pythia-12b,100001,step100000,6,35,11846072320,36,0.06169335487894374,0.912424384205191
EleutherAI/pythia-12b,100001,step100000,6,36,11846072320,36,0.05191323557007192,0.9640958506960768
EleutherAI/pythia-12b,100001,step100000,6,37,11846072320,36,0.07960943468250666,0.7724471187090373
EleutherAI/pythia-12b,100001,step100000,6,38,11846072320,36,0.059007923686513274,0.9164307953359129
EleutherAI/pythia-12b,100001,step100000,6,39,11846072320,36,0.05137025961490182,0.9832162781878635
EleutherAI/pythia-12b,100001,step100000,6,40,11846072320,36,0.05997903907095433,0.836934463666366
EleutherAI/pythia-12b,100001,step100000,7,1,11846072320,36,0.14657256184509385,0.4956131387759257
EleutherAI/pythia-12b,100001,step100000,7,2,11846072320,36,0.06601487715971895,0.8427505495848956
EleutherAI/pythia-12b,100001,step100000,7,3,11846072320,36,0.09471032569917648,0.5723904511994786
EleutherAI/pythia-12b,100001,step100000,7,4,11846072320,36,0.07583475565990883,0.730550211202633
EleutherAI/pythia-12b,100001,step100000,7,5,11846072320,36,0.050826185480789335,0.9831819182580656
EleutherAI/pythia-12b,100001,step100000,7,6,11846072320,36,0.06700791553636119,0.8746340445301555
EleutherAI/pythia-12b,100001,step100000,7,7,11846072320,36,0.48109295834471155,0.20835924947315504
EleutherAI/pythia-12b,100001,step100000,7,8,11846072320,36,0.06294994628442833,0.8846628982741553
EleutherAI/pythia-12b,100001,step100000,7,9,11846072320,36,0.05269045722824671,0.9677745899459621
EleutherAI/pythia-12b,100001,step100000,7,10,11846072320,36,0.07323668019527246,0.803222880170152
EleutherAI/pythia-12b,100001,step100000,7,11,11846072320,36,0.06071807614138888,0.8748332529633611
EleutherAI/pythia-12b,100001,step100000,7,12,11846072320,36,0.06311105238413574,0.8166181497924678
EleutherAI/pythia-12b,100001,step100000,7,13,11846072320,36,0.05502275100072937,0.9446225900191803
EleutherAI/pythia-12b,100001,step100000,7,14,11846072320,36,0.06225550011102408,0.8984021012847488
EleutherAI/pythia-12b,100001,step100000,7,15,11846072320,36,0.060532495617172874,0.9005345729020264
EleutherAI/pythia-12b,100001,step100000,7,16,11846072320,36,0.14782129143093437,0.1402386279312429
EleutherAI/pythia-12b,100001,step100000,7,17,11846072320,36,0.05094682853445183,0.9800483952234457
EleutherAI/pythia-12b,100001,step100000,7,18,11846072320,36,0.053263574996655454,0.9560763794738609
EleutherAI/pythia-12b,100001,step100000,7,19,11846072320,36,0.09187475307187336,0.6167827849430186
EleutherAI/pythia-12b,100001,step100000,7,20,11846072320,36,0.051972049896747904,0.9690488087343382
EleutherAI/pythia-12b,100001,step100000,7,21,11846072320,36,0.061252594371703786,0.8389855197242072
EleutherAI/pythia-12b,100001,step100000,7,22,11846072320,36,0.06079029214957182,0.8866089935954269
EleutherAI/pythia-12b,100001,step100000,7,23,11846072320,36,0.05866501767848343,0.8112014297608499
EleutherAI/pythia-12b,100001,step100000,7,24,11846072320,36,0.0511278755775465,0.9864809778001573
EleutherAI/pythia-12b,100001,step100000,7,25,11846072320,36,0.055181903985549875,0.9380514666482851
EleutherAI/pythia-12b,100001,step100000,7,26,11846072320,36,0.0849043472471448,0.7767284875875479
EleutherAI/pythia-12b,100001,step100000,7,27,11846072320,36,0.05351840175391805,0.9634689355755711
EleutherAI/pythia-12b,100001,step100000,7,28,11846072320,36,0.058310005363557925,0.8489887761819112
EleutherAI/pythia-12b,100001,step100000,7,29,11846072320,36,0.11760131464907532,0.48159222192950435
EleutherAI/pythia-12b,100001,step100000,7,30,11846072320,36,0.08643587461082601,0.6788867230082417
EleutherAI/pythia-12b,100001,step100000,7,31,11846072320,36,0.05430660368287344,0.9343537944215196
EleutherAI/pythia-12b,100001,step100000,7,32,11846072320,36,0.05858103073462168,0.9049886883916082
EleutherAI/pythia-12b,100001,step100000,7,33,11846072320,36,0.05622552422381508,0.9532596007123724
EleutherAI/pythia-12b,100001,step100000,7,34,11846072320,36,0.07091032301688244,0.7666758731141821
EleutherAI/pythia-12b,100001,step100000,7,35,11846072320,36,0.06692142878566772,0.9267944292621212
EleutherAI/pythia-12b,100001,step100000,7,36,11846072320,36,0.06832909985940464,0.7872237023917047
EleutherAI/pythia-12b,100001,step100000,7,37,11846072320,36,0.0760001386026362,0.7930935865586942
EleutherAI/pythia-12b,100001,step100000,7,38,11846072320,36,0.06394988917340115,0.8467009814830871
EleutherAI/pythia-12b,100001,step100000,7,39,11846072320,36,0.05954076541313623,0.9256629941162763
EleutherAI/pythia-12b,100001,step100000,7,40,11846072320,36,0.05531241850474392,0.9279174253389284
EleutherAI/pythia-12b,100001,step100000,8,1,11846072320,36,0.054204444988286665,0.9503535537927358
EleutherAI/pythia-12b,100001,step100000,8,2,11846072320,36,0.14467619478635418,0.5466343891602736
EleutherAI/pythia-12b,100001,step100000,8,3,11846072320,36,0.08631102023114846,0.7116032547062939
EleutherAI/pythia-12b,100001,step100000,8,4,11846072320,36,0.10368286437905941,0.615515029466188
EleutherAI/pythia-12b,100001,step100000,8,5,11846072320,36,0.053177581102987176,0.9554020344495058
EleutherAI/pythia-12b,100001,step100000,8,6,11846072320,36,0.08906607125681616,0.6891784495240575
EleutherAI/pythia-12b,100001,step100000,8,7,11846072320,36,0.05176639806775669,0.9788647941998891
EleutherAI/pythia-12b,100001,step100000,8,8,11846072320,36,0.11557267252747357,0.6991216794059083
EleutherAI/pythia-12b,100001,step100000,8,9,11846072320,36,0.08408473268733006,0.6786126911013692
EleutherAI/pythia-12b,100001,step100000,8,10,11846072320,36,0.08960221624756982,0.6416333454909984
EleutherAI/pythia-12b,100001,step100000,8,11,11846072320,36,0.05007482033122226,0.977944212006377
EleutherAI/pythia-12b,100001,step100000,8,12,11846072320,36,0.051928997141876786,0.9798978034619454
EleutherAI/pythia-12b,100001,step100000,8,13,11846072320,36,0.0684165903185312,0.8261536079215573
EleutherAI/pythia-12b,100001,step100000,8,14,11846072320,36,0.005941794818613624,0.048328187712398246
EleutherAI/pythia-12b,100001,step100000,8,15,11846072320,36,0.07461209377615118,0.8026430362516696
EleutherAI/pythia-12b,100001,step100000,8,16,11846072320,36,0.0526319927152794,0.9588623143531181
EleutherAI/pythia-12b,100001,step100000,8,17,11846072320,36,0.07661027023876389,0.8093523114651173
EleutherAI/pythia-12b,100001,step100000,8,18,11846072320,36,0.0686617650360137,0.9122979430644004
EleutherAI/pythia-12b,100001,step100000,8,19,11846072320,36,0.10612132950118171,0.6855085518983033
EleutherAI/pythia-12b,100001,step100000,8,20,11846072320,36,0.11054274349755885,0.5070522547260419
EleutherAI/pythia-12b,100001,step100000,8,21,11846072320,36,0.0894081040716229,0.6203738589947289
EleutherAI/pythia-12b,100001,step100000,8,22,11846072320,36,0.05360291042999995,0.9511151251134213
EleutherAI/pythia-12b,100001,step100000,8,23,11846072320,36,0.055004791041987126,0.9376142626410132
EleutherAI/pythia-12b,100001,step100000,8,24,11846072320,36,0.053022024978243064,0.9537470463338915
EleutherAI/pythia-12b,100001,step100000,8,25,11846072320,36,0.0538181069673405,0.9458245299420915
EleutherAI/pythia-12b,100001,step100000,8,26,11846072320,36,0.13452194830229328,0.6242864208894449
EleutherAI/pythia-12b,100001,step100000,8,27,11846072320,36,0.06476549586902058,0.8630325462635573
EleutherAI/pythia-12b,100001,step100000,8,28,11846072320,36,0.05502509546687112,0.9317370865259085
EleutherAI/pythia-12b,100001,step100000,8,29,11846072320,36,0.08119817917142898,0.7253261095321214
EleutherAI/pythia-12b,100001,step100000,8,30,11846072320,36,0.05708392239357522,0.9097759524086216
EleutherAI/pythia-12b,100001,step100000,8,31,11846072320,36,0.055135930026951274,0.9490874219943095
EleutherAI/pythia-12b,100001,step100000,8,32,11846072320,36,0.24540710995147175,0.15396330686280493
EleutherAI/pythia-12b,100001,step100000,8,33,11846072320,36,0.05918120775321444,0.895091201897498
EleutherAI/pythia-12b,100001,step100000,8,34,11846072320,36,0.05040439610389077,0.9952305353976585
EleutherAI/pythia-12b,100001,step100000,8,35,11846072320,36,0.05043890953690436,0.9974698403755108
EleutherAI/pythia-12b,100001,step100000,8,36,11846072320,36,0.06257857454733712,0.9311059213078415
EleutherAI/pythia-12b,100001,step100000,8,37,11846072320,36,0.07543127290770273,0.813471653976956
EleutherAI/pythia-12b,100001,step100000,8,38,11846072320,36,0.053845554153929914,0.9659508742369689
EleutherAI/pythia-12b,100001,step100000,8,39,11846072320,36,0.10104723035864102,0.6701643891833924
EleutherAI/pythia-12b,100001,step100000,8,40,11846072320,36,0.05204424353221332,0.9702041046218471
EleutherAI/pythia-12b,100001,step100000,9,1,11846072320,36,0.0502659276648013,0.9997583262555234
EleutherAI/pythia-12b,100001,step100000,9,2,11846072320,36,0.0595340194885392,0.8538553691930599
EleutherAI/pythia-12b,100001,step100000,9,3,11846072320,36,0.1262472635163022,0.5357339162457813
EleutherAI/pythia-12b,100001,step100000,9,4,11846072320,36,0.055375687699686614,0.44540089742467925
EleutherAI/pythia-12b,100001,step100000,9,5,11846072320,36,0.05542771482012334,0.9547646453788688
EleutherAI/pythia-12b,100001,step100000,9,6,11846072320,36,0.05939604189560126,0.9143645428680442
EleutherAI/pythia-12b,100001,step100000,9,7,11846072320,36,0.05255120650336545,0.9647841078562064
EleutherAI/pythia-12b,100001,step100000,9,8,11846072320,36,0.0535352512335477,0.9609846453945916
EleutherAI/pythia-12b,100001,step100000,9,9,11846072320,36,0.17276999353243777,0.5242283555480453
EleutherAI/pythia-12b,100001,step100000,9,10,11846072320,36,0.051032751549717675,0.9871397134778019
EleutherAI/pythia-12b,100001,step100000,9,11,11846072320,36,0.17831719963176468,0.6345107069423607
EleutherAI/pythia-12b,100001,step100000,9,12,11846072320,36,0.05071401694375603,0.9394561053217352
EleutherAI/pythia-12b,100001,step100000,9,13,11846072320,36,0.10108098690887467,0.6916667337084675
EleutherAI/pythia-12b,100001,step100000,9,14,11846072320,36,0.11291823456729493,0.586243254689125
EleutherAI/pythia-12b,100001,step100000,9,15,11846072320,36,0.058206255807801366,0.9114764725660777
EleutherAI/pythia-12b,100001,step100000,9,16,11846072320,36,0.06413029446672118,0.817689850478917
EleutherAI/pythia-12b,100001,step100000,9,17,11846072320,36,0.05993713171140205,0.8661838369416045
EleutherAI/pythia-12b,100001,step100000,9,18,11846072320,36,0.06428232408120284,0.8879164690459455
EleutherAI/pythia-12b,100001,step100000,9,19,11846072320,36,0.052875555682558154,0.9660308591954343
EleutherAI/pythia-12b,100001,step100000,9,20,11846072320,36,0.06050645594286529,0.8895743574287083
EleutherAI/pythia-12b,100001,step100000,9,21,11846072320,36,0.12768694645985285,0.4097081046025674
EleutherAI/pythia-12b,100001,step100000,9,22,11846072320,36,0.07197796810395989,0.812867106618108
EleutherAI/pythia-12b,100001,step100000,9,23,11846072320,36,0.05333876154209306,0.9609175631412873
EleutherAI/pythia-12b,100001,step100000,9,24,11846072320,36,0.07048055719215049,0.7637760782385016
EleutherAI/pythia-12b,100001,step100000,9,25,11846072320,36,0.05463004104972061,0.9534306122555031
EleutherAI/pythia-12b,100001,step100000,9,26,11846072320,36,0.05508550433455976,0.9531127240385737
EleutherAI/pythia-12b,100001,step100000,9,27,11846072320,36,0.06057747058687845,0.8953771068527175
EleutherAI/pythia-12b,100001,step100000,9,28,11846072320,36,0.12627855162541785,0.6823212493647326
EleutherAI/pythia-12b,100001,step100000,9,29,11846072320,36,0.07782014340229396,0.7039866549922181
EleutherAI/pythia-12b,100001,step100000,9,30,11846072320,36,0.055068326982538045,0.9187734934302779
EleutherAI/pythia-12b,100001,step100000,9,31,11846072320,36,0.054839612205733725,0.9346032743160431
EleutherAI/pythia-12b,100001,step100000,9,32,11846072320,36,0.06079684991065084,0.8254967313092034
EleutherAI/pythia-12b,100001,step100000,9,33,11846072320,36,0.13215598352700916,0.43269362563530245
EleutherAI/pythia-12b,100001,step100000,9,34,11846072320,36,0.10635744957616912,0.6327494380173383
EleutherAI/pythia-12b,100001,step100000,9,35,11846072320,36,0.05523670936847946,0.9445078113415578
EleutherAI/pythia-12b,100001,step100000,9,36,11846072320,36,0.07333234280862425,0.7380488905552272
EleutherAI/pythia-12b,100001,step100000,9,37,11846072320,36,0.07544126668972918,0.7960221123945964
EleutherAI/pythia-12b,100001,step100000,9,38,11846072320,36,0.06863755000022434,0.7841841280460358
EleutherAI/pythia-12b,100001,step100000,9,39,11846072320,36,0.07898064947186464,0.8001366476038912
EleutherAI/pythia-12b,100001,step100000,9,40,11846072320,36,0.05375935750602329,0.9640355946065428
EleutherAI/pythia-12b,100001,step100000,10,1,11846072320,36,0.05696447200055143,0.8972500269119446
EleutherAI/pythia-12b,100001,step100000,10,2,11846072320,36,0.08586915080958565,0.6993847173881961
EleutherAI/pythia-12b,100001,step100000,10,3,11846072320,36,0.0533321459145584,0.9577642806299456
EleutherAI/pythia-12b,100001,step100000,10,4,11846072320,36,0.054364376983887755,0.9303090876645154
EleutherAI/pythia-12b,100001,step100000,10,5,11846072320,36,0.13021057068339514,0.4172161346351778
EleutherAI/pythia-12b,100001,step100000,10,6,11846072320,36,0.06577510374119955,0.9071724362022526
EleutherAI/pythia-12b,100001,step100000,10,7,11846072320,36,0.06906683331875646,0.8419504625661237
EleutherAI/pythia-12b,100001,step100000,10,8,11846072320,36,0.05568536712617438,0.9422615119018354
EleutherAI/pythia-12b,100001,step100000,10,9,11846072320,36,0.09395288884102757,0.7445402860909969
EleutherAI/pythia-12b,100001,step100000,10,10,11846072320,36,0.0620903750236898,0.9146435193650357
EleutherAI/pythia-12b,100001,step100000,10,11,11846072320,36,0.08997479593800796,0.7024863708887372
EleutherAI/pythia-12b,100001,step100000,10,12,11846072320,36,0.05474623682833197,0.9392897225357033
EleutherAI/pythia-12b,100001,step100000,10,13,11846072320,36,0.07652915207048253,0.7989963589308856
EleutherAI/pythia-12b,100001,step100000,10,14,11846072320,36,0.054841794743406745,0.9444984330966308
EleutherAI/pythia-12b,100001,step100000,10,15,11846072320,36,0.08669900830958158,0.6753879328658273
EleutherAI/pythia-12b,100001,step100000,10,16,11846072320,36,0.05540263573373398,0.9561758383258327
EleutherAI/pythia-12b,100001,step100000,10,17,11846072320,36,0.07306358702033307,0.7557968087382503
EleutherAI/pythia-12b,100001,step100000,10,18,11846072320,36,0.08893219353323491,0.651797620428575
EleutherAI/pythia-12b,100001,step100000,10,19,11846072320,36,0.19145558833762685,0.6477714488366703
EleutherAI/pythia-12b,100001,step100000,10,20,11846072320,36,0.055856892704829395,0.9480187290602619
EleutherAI/pythia-12b,100001,step100000,10,21,11846072320,36,0.15708921039784632,0.07444103102566105
EleutherAI/pythia-12b,100001,step100000,10,22,11846072320,36,0.05591018712176034,0.6527864484189151
EleutherAI/pythia-12b,100001,step100000,10,23,11846072320,36,0.11657383351645487,0.5641371460782515
EleutherAI/pythia-12b,100001,step100000,10,24,11846072320,36,0.078720531938178,0.8174645454138965
EleutherAI/pythia-12b,100001,step100000,10,25,11846072320,36,0.05428329490505535,0.9601307489850499
EleutherAI/pythia-12b,100001,step100000,10,26,11846072320,36,0.08229372379098743,0.8010437286741383
EleutherAI/pythia-12b,100001,step100000,10,27,11846072320,36,0.09289597255644852,0.7411437046688956
EleutherAI/pythia-12b,100001,step100000,10,28,11846072320,36,0.05026381629219907,0.9998921640105434
EleutherAI/pythia-12b,100001,step100000,10,29,11846072320,36,0.055535370766467654,0.9532476391520228
EleutherAI/pythia-12b,100001,step100000,10,30,11846072320,36,0.07909545500401974,0.7337082309631614
EleutherAI/pythia-12b,100001,step100000,10,31,11846072320,36,0.05453487551511001,0.9518348991691887
EleutherAI/pythia-12b,100001,step100000,10,32,11846072320,36,0.0525239572731649,0.9599155652093457
EleutherAI/pythia-12b,100001,step100000,10,33,11846072320,36,0.07731174378076916,0.8216439967488384
EleutherAI/pythia-12b,100001,step100000,10,34,11846072320,36,0.05786333588586819,0.9174477067348119
EleutherAI/pythia-12b,100001,step100000,10,35,11846072320,36,0.1494413888803473,0.8207086287103258
EleutherAI/pythia-12b,100001,step100000,10,36,11846072320,36,0.0974190128189665,0.6474183131535132
EleutherAI/pythia-12b,100001,step100000,10,37,11846072320,36,0.0644379670874358,0.898406332453808
EleutherAI/pythia-12b,100001,step100000,10,38,11846072320,36,0.06697985250223144,0.8538039601869412
EleutherAI/pythia-12b,100001,step100000,10,39,11846072320,36,0.060904942215182535,0.9007552384256242
EleutherAI/pythia-12b,100001,step100000,10,40,11846072320,36,0.05595237500518108,0.9424029235188309
EleutherAI/pythia-12b,100001,step100000,11,1,11846072320,36,0.06779476188335776,0.7143114249448519
EleutherAI/pythia-12b,100001,step100000,11,2,11846072320,36,0.23707612803032443,0.6197957458707305
EleutherAI/pythia-12b,100001,step100000,11,3,11846072320,36,0.06935632737023421,0.9420518644221194
EleutherAI/pythia-12b,100001,step100000,11,4,11846072320,36,0.06074763952779604,0.8945030981490204
EleutherAI/pythia-12b,100001,step100000,11,5,11846072320,36,0.051616673395541025,0.9790722623064712
EleutherAI/pythia-12b,100001,step100000,11,6,11846072320,36,0.08846078887190274,0.703153224902468
EleutherAI/pythia-12b,100001,step100000,11,7,11846072320,36,0.0629611900216108,0.8461530787182284
EleutherAI/pythia-12b,100001,step100000,11,8,11846072320,36,0.05555242218368042,0.9498192838899366
EleutherAI/pythia-12b,100001,step100000,11,9,11846072320,36,0.06460021366854683,0.8515212562707093
EleutherAI/pythia-12b,100001,step100000,11,10,11846072320,36,0.05905586453126711,0.9387216402424706
EleutherAI/pythia-12b,100001,step100000,11,11,11846072320,36,0.06509030429931638,0.9454632558085181
EleutherAI/pythia-12b,100001,step100000,11,12,11846072320,36,0.06288274786051906,0.8952274662596328
EleutherAI/pythia-12b,100001,step100000,11,13,11846072320,36,0.09449089329421248,0.7622286860828285
EleutherAI/pythia-12b,100001,step100000,11,14,11846072320,36,0.06322809550687443,0.8666043826812381
EleutherAI/pythia-12b,100001,step100000,11,15,11846072320,36,0.05050946433829872,0.9963419892050482
EleutherAI/pythia-12b,100001,step100000,11,16,11846072320,36,0.050453603747314744,0.9987297115383206
EleutherAI/pythia-12b,100001,step100000,11,17,11846072320,36,0.05218355757234664,0.9741220053609785
EleutherAI/pythia-12b,100001,step100000,11,18,11846072320,36,0.05289071984868772,0.9588735466067856
EleutherAI/pythia-12b,100001,step100000,11,19,11846072320,36,0.0717921137513296,0.8075732815194059
EleutherAI/pythia-12b,100001,step100000,11,20,11846072320,36,0.16800606553932207,0.5275740583648195
EleutherAI/pythia-12b,100001,step100000,11,21,11846072320,36,0.06997061370908315,0.7547886174272846
EleutherAI/pythia-12b,100001,step100000,11,22,11846072320,36,0.052954484413548504,0.9574135035365909
EleutherAI/pythia-12b,100001,step100000,11,23,11846072320,36,0.16142885461337747,0.531262384587759
EleutherAI/pythia-12b,100001,step100000,11,24,11846072320,36,0.08264078946319872,0.7681719939092974
EleutherAI/pythia-12b,100001,step100000,11,25,11846072320,36,0.08257324995568113,0.728756293117463
EleutherAI/pythia-12b,100001,step100000,11,26,11846072320,36,0.07924468009019485,0.7912772157349744
EleutherAI/pythia-12b,100001,step100000,11,27,11846072320,36,0.07436902364632027,0.8105620595964942
EleutherAI/pythia-12b,100001,step100000,11,28,11846072320,36,0.053788690430646324,0.9367792987608695
EleutherAI/pythia-12b,100001,step100000,11,29,11846072320,36,0.06658523345461206,0.8684708509627763
EleutherAI/pythia-12b,100001,step100000,11,30,11846072320,36,0.05775184501745586,0.9251668937392421
EleutherAI/pythia-12b,100001,step100000,11,31,11846072320,36,0.08709839360603874,0.7226124926282836
EleutherAI/pythia-12b,100001,step100000,11,32,11846072320,36,0.21209746093542364,0.42903521287817137
EleutherAI/pythia-12b,100001,step100000,11,33,11846072320,36,0.05589365169501023,0.9520767782185529
EleutherAI/pythia-12b,100001,step100000,11,34,11846072320,36,0.07738765352615361,0.7036881199380657
EleutherAI/pythia-12b,100001,step100000,11,35,11846072320,36,0.09497302847245967,0.7185992161790888
EleutherAI/pythia-12b,100001,step100000,11,36,11846072320,36,0.05120060362016873,0.9910434283114768
EleutherAI/pythia-12b,100001,step100000,11,37,11846072320,36,0.07276233267486538,0.797007566994733
EleutherAI/pythia-12b,100001,step100000,11,38,11846072320,36,0.06619359104538908,0.8592430381356059
EleutherAI/pythia-12b,100001,step100000,11,39,11846072320,36,0.052560840162809326,0.9752747720784253
EleutherAI/pythia-12b,100001,step100000,11,40,11846072320,36,0.16997234997627608,0.4731025754644706
EleutherAI/pythia-12b,100001,step100000,12,1,11846072320,36,0.052785315489334884,0.9779927420007574
EleutherAI/pythia-12b,100001,step100000,12,2,11846072320,36,0.05682408695693708,0.9173769847050801
EleutherAI/pythia-12b,100001,step100000,12,3,11846072320,36,0.06713890425256776,0.8405752813404387
EleutherAI/pythia-12b,100001,step100000,12,4,11846072320,36,0.08340445822020905,0.7755400692378437
EleutherAI/pythia-12b,100001,step100000,12,5,11846072320,36,0.09848270710703126,0.7141934820750097
EleutherAI/pythia-12b,100001,step100000,12,6,11846072320,36,0.050621698578321765,0.9921944248783696
EleutherAI/pythia-12b,100001,step100000,12,7,11846072320,36,0.08763432777948203,0.7556126572348334
EleutherAI/pythia-12b,100001,step100000,12,8,11846072320,36,0.062285554156199546,0.8808869970095409
EleutherAI/pythia-12b,100001,step100000,12,9,11846072320,36,0.0846994345274952,0.7748979914474774
EleutherAI/pythia-12b,100001,step100000,12,10,11846072320,36,0.060883760273277535,0.9162872076571524
EleutherAI/pythia-12b,100001,step100000,12,11,11846072320,36,0.07320296575312496,0.7772853321678288
EleutherAI/pythia-12b,100001,step100000,12,12,11846072320,36,0.1369518804232458,0.5174372477663888
EleutherAI/pythia-12b,100001,step100000,12,13,11846072320,36,0.06672772378087398,0.8515113666429892
EleutherAI/pythia-12b,100001,step100000,12,14,11846072320,36,0.12543387075063878,0.7953398056753405
EleutherAI/pythia-12b,100001,step100000,12,15,11846072320,36,0.06533901442077242,0.8513307673884584
EleutherAI/pythia-12b,100001,step100000,12,16,11846072320,36,0.12907706158565682,0.603011869632446
EleutherAI/pythia-12b,100001,step100000,12,17,11846072320,36,0.08631340216834082,0.7224469542861343
EleutherAI/pythia-12b,100001,step100000,12,18,11846072320,36,0.10777800553688054,0.603682384409525
EleutherAI/pythia-12b,100001,step100000,12,19,11846072320,36,0.05087314030245032,0.9887766146266067
EleutherAI/pythia-12b,100001,step100000,12,20,11846072320,36,0.07532083747947624,0.7851040387475813
EleutherAI/pythia-12b,100001,step100000,12,21,11846072320,36,0.12697748450685412,0.3528957087490651
EleutherAI/pythia-12b,100001,step100000,12,22,11846072320,36,0.05438742354825447,0.9466424400026018
EleutherAI/pythia-12b,100001,step100000,12,23,11846072320,36,0.07799747381247464,0.8145828326274683
EleutherAI/pythia-12b,100001,step100000,12,24,11846072320,36,0.06026321025313554,0.9139561729209201
EleutherAI/pythia-12b,100001,step100000,12,25,11846072320,36,0.05320311075093237,0.961880944154642
EleutherAI/pythia-12b,100001,step100000,12,26,11846072320,36,0.08969956424154404,0.7810729343343426
EleutherAI/pythia-12b,100001,step100000,12,27,11846072320,36,0.07312490560628984,0.8404308887752326
EleutherAI/pythia-12b,100001,step100000,12,28,11846072320,36,0.06534228630240879,0.8944183099377263
EleutherAI/pythia-12b,100001,step100000,12,29,11846072320,36,0.09280940961909362,0.54515746260459
EleutherAI/pythia-12b,100001,step100000,12,30,11846072320,36,0.08710074279871248,0.789955811278598
EleutherAI/pythia-12b,100001,step100000,12,31,11846072320,36,0.05150436296466141,0.979820309816538
EleutherAI/pythia-12b,100001,step100000,12,32,11846072320,36,0.10697739160208547,0.5573992755140986
EleutherAI/pythia-12b,100001,step100000,12,33,11846072320,36,0.09358611582098776,0.7774574787498595
EleutherAI/pythia-12b,100001,step100000,12,34,11846072320,36,0.05403195009440985,0.9669872983260913
EleutherAI/pythia-12b,100001,step100000,12,35,11846072320,36,0.05109563892198212,0.9768183287736532
EleutherAI/pythia-12b,100001,step100000,12,36,11846072320,36,0.05166951271596251,0.9888668546268532
EleutherAI/pythia-12b,100001,step100000,12,37,11846072320,36,0.14576422015356047,0.6070792894284647
EleutherAI/pythia-12b,100001,step100000,12,38,11846072320,36,0.04391305540148555,0.4092156401312387
EleutherAI/pythia-12b,100001,step100000,12,39,11846072320,36,0.21830825297324144,0.26188798867412155
EleutherAI/pythia-12b,100001,step100000,12,40,11846072320,36,0.056733685779153095,0.9351194109823611
EleutherAI/pythia-12b,100001,step100000,13,1,11846072320,36,0.058363498732525894,0.9254963658414446
EleutherAI/pythia-12b,100001,step100000,13,2,11846072320,36,0.05660045089748301,0.9411880640654234
EleutherAI/pythia-12b,100001,step100000,13,3,11846072320,36,0.06624045038131529,0.8532502259220089
EleutherAI/pythia-12b,100001,step100000,13,4,11846072320,36,0.08425072693844901,0.8199588307389268
EleutherAI/pythia-12b,100001,step100000,13,5,11846072320,36,0.11886170804612446,0.5889909303447863
EleutherAI/pythia-12b,100001,step100000,13,6,11846072320,36,0.1396112862426239,0.4367677336922279
EleutherAI/pythia-12b,100001,step100000,13,7,11846072320,36,0.060309310157030956,0.8898299224562831
EleutherAI/pythia-12b,100001,step100000,13,8,11846072320,36,0.19658938494396277,0.5421647743598835
EleutherAI/pythia-12b,100001,step100000,13,9,11846072320,36,0.06603472507852419,0.824751499134141
EleutherAI/pythia-12b,100001,step100000,13,10,11846072320,36,0.05361579058205218,0.42303741257917415
EleutherAI/pythia-12b,100001,step100000,13,11,11846072320,36,0.05484931791472516,0.9489959446159569
EleutherAI/pythia-12b,100001,step100000,13,12,11846072320,36,0.08808232493720967,0.7897617988310777
EleutherAI/pythia-12b,100001,step100000,13,13,11846072320,36,0.07436559677079271,0.7653759146506364
EleutherAI/pythia-12b,100001,step100000,13,14,11846072320,36,0.0949269060084635,0.6442643445063461
EleutherAI/pythia-12b,100001,step100000,13,15,11846072320,36,0.05112371869474735,0.9839677537704731
EleutherAI/pythia-12b,100001,step100000,13,16,11846072320,36,0.07758186930963938,0.8321140453264162
EleutherAI/pythia-12b,100001,step100000,13,17,11846072320,36,0.11630577691928577,0.5947762861758381
EleutherAI/pythia-12b,100001,step100000,13,18,11846072320,36,0.0646567602667051,0.9042461232559101
EleutherAI/pythia-12b,100001,step100000,13,19,11846072320,36,0.05566275395961983,0.9373973833548056
EleutherAI/pythia-12b,100001,step100000,13,20,11846072320,36,0.05759985784946883,0.9328104834835809
EleutherAI/pythia-12b,100001,step100000,13,21,11846072320,36,0.058291820172981144,0.9326665448891865
EleutherAI/pythia-12b,100001,step100000,13,22,11846072320,36,0.11620500868370937,0.6192506099785412
EleutherAI/pythia-12b,100001,step100000,13,23,11846072320,36,0.171564993703061,0.4508800091775688
EleutherAI/pythia-12b,100001,step100000,13,24,11846072320,36,0.1505178279682501,0.6019385333086277
EleutherAI/pythia-12b,100001,step100000,13,25,11846072320,36,0.151142841143472,0.5866071674916837
EleutherAI/pythia-12b,100001,step100000,13,26,11846072320,36,0.08500335472090552,0.7133920245968902
EleutherAI/pythia-12b,100001,step100000,13,27,11846072320,36,0.05090485594176624,0.9927618072197602
EleutherAI/pythia-12b,100001,step100000,13,28,11846072320,36,0.052002366963639676,0.9845194770946158
EleutherAI/pythia-12b,100001,step100000,13,29,11846072320,36,0.06202075700625191,0.8573559551267652
EleutherAI/pythia-12b,100001,step100000,13,30,11846072320,36,0.08353684424190545,0.6873409811619882
EleutherAI/pythia-12b,100001,step100000,13,31,11846072320,36,0.09777193038246113,0.6900405304746943
EleutherAI/pythia-12b,100001,step100000,13,32,11846072320,36,0.05335260984731146,0.9738376807343136
EleutherAI/pythia-12b,100001,step100000,13,33,11846072320,36,0.13545124247312185,0.42764862313553376
EleutherAI/pythia-12b,100001,step100000,13,34,11846072320,36,0.08694098278734683,0.7273232366766658
EleutherAI/pythia-12b,100001,step100000,13,35,11846072320,36,0.10429865521219395,0.6946853491010608
EleutherAI/pythia-12b,100001,step100000,13,36,11846072320,36,0.0633666927271799,0.9036113944452804
EleutherAI/pythia-12b,100001,step100000,13,37,11846072320,36,0.07877910110047893,0.715168437442264
EleutherAI/pythia-12b,100001,step100000,13,38,11846072320,36,0.1285950244144276,0.5606964997522108
EleutherAI/pythia-12b,100001,step100000,13,39,11846072320,36,0.22701235554060775,0.3414908883807895
EleutherAI/pythia-12b,100001,step100000,13,40,11846072320,36,0.1074451473024156,0.6615599563216662
EleutherAI/pythia-12b,100001,step100000,14,1,11846072320,36,0.05360203795135017,0.9638706279230548
EleutherAI/pythia-12b,100001,step100000,14,2,11846072320,36,0.06130697824726543,0.9221175231554128
EleutherAI/pythia-12b,100001,step100000,14,3,11846072320,36,0.10988056494130025,0.47844415039450555
EleutherAI/pythia-12b,100001,step100000,14,4,11846072320,36,0.07948238529018807,0.7755319694498995
EleutherAI/pythia-12b,100001,step100000,14,5,11846072320,36,0.06266328962603664,0.8898800233820895
EleutherAI/pythia-12b,100001,step100000,14,6,11846072320,36,0.27135769629084666,0.6121512808957258
EleutherAI/pythia-12b,100001,step100000,14,7,11846072320,36,0.0826117653712943,0.7428648428426491
EleutherAI/pythia-12b,100001,step100000,14,8,11846072320,36,0.15631415791160705,0.47306257416983627
EleutherAI/pythia-12b,100001,step100000,14,9,11846072320,36,0.06968796436392416,0.8645515811962409
EleutherAI/pythia-12b,100001,step100000,14,10,11846072320,36,0.07030700291744667,0.8615748309516333
EleutherAI/pythia-12b,100001,step100000,14,11,11846072320,36,0.10458149397941498,0.6261661385183219
EleutherAI/pythia-12b,100001,step100000,14,12,11846072320,36,0.05169973574024998,0.979008797768716
EleutherAI/pythia-12b,100001,step100000,14,13,11846072320,36,0.05889899106472503,0.9465042501240521
EleutherAI/pythia-12b,100001,step100000,14,14,11846072320,36,0.08796827507403873,0.7390817164837777
EleutherAI/pythia-12b,100001,step100000,14,15,11846072320,36,0.10107197784525045,0.6258895662095811
EleutherAI/pythia-12b,100001,step100000,14,16,11846072320,36,0.06725373683223222,0.8585323221511669
EleutherAI/pythia-12b,100001,step100000,14,17,11846072320,36,0.05299285442957108,0.9693946477708157
EleutherAI/pythia-12b,100001,step100000,14,18,11846072320,36,0.09586706367676497,0.7091123824184006
EleutherAI/pythia-12b,100001,step100000,14,19,11846072320,36,0.11460626129810512,0.6071694363076408
EleutherAI/pythia-12b,100001,step100000,14,20,11846072320,36,0.06748048931237183,0.865112204496209
EleutherAI/pythia-12b,100001,step100000,14,21,11846072320,36,0.06155435612855906,0.8959665125733739
EleutherAI/pythia-12b,100001,step100000,14,22,11846072320,36,0.06729872175981776,0.8419599419868028
EleutherAI/pythia-12b,100001,step100000,14,23,11846072320,36,0.05135689732442429,0.9892374169719111
EleutherAI/pythia-12b,100001,step100000,14,24,11846072320,36,0.05352401484905908,0.9648002085385022
EleutherAI/pythia-12b,100001,step100000,14,25,11846072320,36,0.09393933507706127,0.7068863603266867
EleutherAI/pythia-12b,100001,step100000,14,26,11846072320,36,0.06048286371436469,0.9236616865024194
EleutherAI/pythia-12b,100001,step100000,14,27,11846072320,36,0.11312109599443702,0.6113910398504756
EleutherAI/pythia-12b,100001,step100000,14,28,11846072320,36,0.0878685886045923,0.7194267437533215
EleutherAI/pythia-12b,100001,step100000,14,29,11846072320,36,0.06362226571574489,0.8770930919203315
EleutherAI/pythia-12b,100001,step100000,14,30,11846072320,36,0.07639767202428417,0.7975183612591511
EleutherAI/pythia-12b,100001,step100000,14,31,11846072320,36,0.14756457632346012,0.5832558440285044
EleutherAI/pythia-12b,100001,step100000,14,32,11846072320,36,0.32760074121637023,0.47109690988743985
EleutherAI/pythia-12b,100001,step100000,14,33,11846072320,36,0.059694703984390286,0.8050360271522591
EleutherAI/pythia-12b,100001,step100000,14,34,11846072320,36,0.05338556594816633,0.963832895319025
EleutherAI/pythia-12b,100001,step100000,14,35,11846072320,36,0.07083882714479084,0.8385153296920989
EleutherAI/pythia-12b,100001,step100000,14,36,11846072320,36,0.10397713485959767,0.680479944960491
EleutherAI/pythia-12b,100001,step100000,14,37,11846072320,36,0.07071486341154518,0.780323741224793
EleutherAI/pythia-12b,100001,step100000,14,38,11846072320,36,0.08284053134846611,0.7426457493244348
EleutherAI/pythia-12b,100001,step100000,14,39,11846072320,36,0.07185582583630314,0.7830812991918387
EleutherAI/pythia-12b,100001,step100000,14,40,11846072320,36,0.05562056059733745,0.9531808136193244
EleutherAI/pythia-12b,100001,step100000,15,1,11846072320,36,0.08378363493550285,0.7227440954328658
EleutherAI/pythia-12b,100001,step100000,15,2,11846072320,36,0.13160074708630906,0.5103297226309955
EleutherAI/pythia-12b,100001,step100000,15,3,11846072320,36,0.07914077395198488,0.7592970207781047
EleutherAI/pythia-12b,100001,step100000,15,4,11846072320,36,0.059434880443789896,0.9158984235636107
EleutherAI/pythia-12b,100001,step100000,15,5,11846072320,36,0.0847382007010124,0.7464912434307126
EleutherAI/pythia-12b,100001,step100000,15,6,11846072320,36,0.0521895872224849,0.9784908605230463
EleutherAI/pythia-12b,100001,step100000,15,7,11846072320,36,0.0814060817274066,0.7603570908397526
EleutherAI/pythia-12b,100001,step100000,15,8,11846072320,36,0.2244481585986979,0.36592687639567223
EleutherAI/pythia-12b,100001,step100000,15,9,11846072320,36,0.06497099834099945,0.8359096087850966
EleutherAI/pythia-12b,100001,step100000,15,10,11846072320,36,0.20151978353032832,0.20074182127353482
EleutherAI/pythia-12b,100001,step100000,15,11,11846072320,36,0.0679148023461436,0.836850459018985
EleutherAI/pythia-12b,100001,step100000,15,12,11846072320,36,0.15897330841994853,0.5122195180874687
EleutherAI/pythia-12b,100001,step100000,15,13,11846072320,36,0.17380145411412634,0.5260488860331498
EleutherAI/pythia-12b,100001,step100000,15,14,11846072320,36,0.086523313752121,0.7475221568757707
EleutherAI/pythia-12b,100001,step100000,15,15,11846072320,36,0.08227456448314421,0.7704311563624991
EleutherAI/pythia-12b,100001,step100000,15,16,11846072320,36,0.06876751572710343,0.872218536833922
EleutherAI/pythia-12b,100001,step100000,15,17,11846072320,36,0.16821886544806638,0.4798960781043714
EleutherAI/pythia-12b,100001,step100000,15,18,11846072320,36,0.07848916955392904,0.7983572377009435
EleutherAI/pythia-12b,100001,step100000,15,19,11846072320,36,0.05465888420075129,0.948933034508794
EleutherAI/pythia-12b,100001,step100000,15,20,11846072320,36,0.06423041303068754,0.9063470604809912
EleutherAI/pythia-12b,100001,step100000,15,21,11846072320,36,0.06694773857987987,0.8446546310821811
EleutherAI/pythia-12b,100001,step100000,15,22,11846072320,36,0.07392789074709193,0.8142414560189118
EleutherAI/pythia-12b,100001,step100000,15,23,11846072320,36,0.05579538053242827,0.9146663344300187
EleutherAI/pythia-12b,100001,step100000,15,24,11846072320,36,0.09792879584606162,0.7049245696526032
EleutherAI/pythia-12b,100001,step100000,15,25,11846072320,36,0.06641637047266097,0.8391090689433945
EleutherAI/pythia-12b,100001,step100000,15,26,11846072320,36,0.055950419988494336,0.9626464346597144
EleutherAI/pythia-12b,100001,step100000,15,27,11846072320,36,0.1278797977075383,0.4780935495979972
EleutherAI/pythia-12b,100001,step100000,15,28,11846072320,36,0.08868468881727334,0.7647859365553469
EleutherAI/pythia-12b,100001,step100000,15,29,11846072320,36,0.03833879719630953,0.47534064944083987
EleutherAI/pythia-12b,100001,step100000,15,30,11846072320,36,0.07463321752577748,0.8245991276459651
EleutherAI/pythia-12b,100001,step100000,15,31,11846072320,36,0.057199616561288545,0.9360470649179395
EleutherAI/pythia-12b,100001,step100000,15,32,11846072320,36,0.06671057992779811,0.8316074965504913
EleutherAI/pythia-12b,100001,step100000,15,33,11846072320,36,0.09679602666592987,0.6783421900537279
EleutherAI/pythia-12b,100001,step100000,15,34,11846072320,36,0.05534028854674177,0.9376044209833976
EleutherAI/pythia-12b,100001,step100000,15,35,11846072320,36,0.05176619473179132,0.988125251936125
EleutherAI/pythia-12b,100001,step100000,15,36,11846072320,36,0.2906173169389143,0.20663897530944852
EleutherAI/pythia-12b,100001,step100000,15,37,11846072320,36,0.08655680190525698,0.7550987896618543
EleutherAI/pythia-12b,100001,step100000,15,38,11846072320,36,0.052776829420669975,0.9834549703576543
EleutherAI/pythia-12b,100001,step100000,15,39,11846072320,36,0.10111007296309632,0.5646681037616801
EleutherAI/pythia-12b,100001,step100000,15,40,11846072320,36,0.08090064666505238,0.7363944992915288
EleutherAI/pythia-12b,100001,step100000,16,1,11846072320,36,0.07691009598015035,0.7436841778658532
EleutherAI/pythia-12b,100001,step100000,16,2,11846072320,36,0.1830252000597772,0.44457946086789035
EleutherAI/pythia-12b,100001,step100000,16,3,11846072320,36,0.06627386841397202,0.8900192549099794
EleutherAI/pythia-12b,100001,step100000,16,4,11846072320,36,0.18828050647904201,0.5641158142605344
EleutherAI/pythia-12b,100001,step100000,16,5,11846072320,36,0.07594804384314952,0.7767399511000773
EleutherAI/pythia-12b,100001,step100000,16,6,11846072320,36,0.08487842105295472,0.7701204032511324
EleutherAI/pythia-12b,100001,step100000,16,7,11846072320,36,0.2833657882235071,0.20343398747479052
EleutherAI/pythia-12b,100001,step100000,16,8,11846072320,36,0.09576641692145088,0.7425189655464333
EleutherAI/pythia-12b,100001,step100000,16,9,11846072320,36,0.06906614106640707,0.8241148566430038
EleutherAI/pythia-12b,100001,step100000,16,10,11846072320,36,0.10634783742104739,0.6525563844689378
EleutherAI/pythia-12b,100001,step100000,16,11,11846072320,36,0.07028182715110409,0.6958580619848527
EleutherAI/pythia-12b,100001,step100000,16,12,11846072320,36,0.056497316684450787,0.9086851365752406
EleutherAI/pythia-12b,100001,step100000,16,13,11846072320,36,0.05269791639770738,0.9692739935161115
EleutherAI/pythia-12b,100001,step100000,16,14,11846072320,36,0.06374257643862313,0.8854606944071995
EleutherAI/pythia-12b,100001,step100000,16,15,11846072320,36,0.07676104863674876,0.7857899641668474
EleutherAI/pythia-12b,100001,step100000,16,16,11846072320,36,0.09042903083424127,0.7190833415713038
EleutherAI/pythia-12b,100001,step100000,16,17,11846072320,36,0.054114050920227606,0.9649979013490964
EleutherAI/pythia-12b,100001,step100000,16,18,11846072320,36,0.0538382458461409,0.9704339518561378
EleutherAI/pythia-12b,100001,step100000,16,19,11846072320,36,0.05348265231461134,0.8981283326764723
EleutherAI/pythia-12b,100001,step100000,16,20,11846072320,36,0.05476808924138452,0.9291763499871388
EleutherAI/pythia-12b,100001,step100000,16,21,11846072320,36,0.13607329023895676,0.5907937882317079
EleutherAI/pythia-12b,100001,step100000,16,22,11846072320,36,0.06908449732248217,0.8148193537472963
EleutherAI/pythia-12b,100001,step100000,16,23,11846072320,36,0.07228398349068987,0.810941197716438
EleutherAI/pythia-12b,100001,step100000,16,24,11846072320,36,0.09073674516590145,0.6748269316222932
EleutherAI/pythia-12b,100001,step100000,16,25,11846072320,36,0.05825425878827185,0.9127803924563411
EleutherAI/pythia-12b,100001,step100000,16,26,11846072320,36,0.05622439653481221,0.9406906958814856
EleutherAI/pythia-12b,100001,step100000,16,27,11846072320,36,0.051991763010106426,0.9813215005863178
EleutherAI/pythia-12b,100001,step100000,16,28,11846072320,36,0.105197436822293,0.5799434968122132
EleutherAI/pythia-12b,100001,step100000,16,29,11846072320,36,0.03460298075869272,0.4058525840396638
EleutherAI/pythia-12b,100001,step100000,16,30,11846072320,36,0.08795171824504838,0.7110425827202497
EleutherAI/pythia-12b,100001,step100000,16,31,11846072320,36,0.05409921832975589,0.9640936549898382
EleutherAI/pythia-12b,100001,step100000,16,32,11846072320,36,0.061134222447424634,0.9143985415453667
EleutherAI/pythia-12b,100001,step100000,16,33,11846072320,36,0.05496498568447767,0.9415898906576025
EleutherAI/pythia-12b,100001,step100000,16,34,11846072320,36,0.06499445647303313,0.8534474314691068
EleutherAI/pythia-12b,100001,step100000,16,35,11846072320,36,0.06370871894162244,0.8654546069132315
EleutherAI/pythia-12b,100001,step100000,16,36,11846072320,36,0.06582731621300758,0.8884062825648992
EleutherAI/pythia-12b,100001,step100000,16,37,11846072320,36,0.05340234372434803,0.9661158375195913
EleutherAI/pythia-12b,100001,step100000,16,38,11846072320,36,0.057331100061491044,0.9016638612067019
EleutherAI/pythia-12b,100001,step100000,16,39,11846072320,36,0.06301821219698485,0.8735200849112805
EleutherAI/pythia-12b,100001,step100000,16,40,11846072320,36,0.10523586809165301,0.5903874335212035
EleutherAI/pythia-12b,100001,step100000,17,1,11846072320,36,0.05799872343786414,0.9420115493976318
EleutherAI/pythia-12b,100001,step100000,17,2,11846072320,36,0.0559235932445293,0.9022297732554398
EleutherAI/pythia-12b,100001,step100000,17,3,11846072320,36,0.08460886565291573,0.8917952848447336
EleutherAI/pythia-12b,100001,step100000,17,4,11846072320,36,0.04209333846440629,0.4338049825739574
EleutherAI/pythia-12b,100001,step100000,17,5,11846072320,36,0.06837279179522221,0.8357332894080752
EleutherAI/pythia-12b,100001,step100000,17,6,11846072320,36,0.17644903695283526,0.4708854082423645
EleutherAI/pythia-12b,100001,step100000,17,7,11846072320,36,0.08499708800791973,0.6850993214874296
EleutherAI/pythia-12b,100001,step100000,17,8,11846072320,36,0.10353220767948448,0.7125292647932027
EleutherAI/pythia-12b,100001,step100000,17,9,11846072320,36,0.17805183248163697,0.33531766840153265
EleutherAI/pythia-12b,100001,step100000,17,10,11846072320,36,0.0874623452192983,0.689475001515569
EleutherAI/pythia-12b,100001,step100000,17,11,11846072320,36,0.05247031513450512,0.9800732813260935
EleutherAI/pythia-12b,100001,step100000,17,12,11846072320,36,0.05907326282139069,0.9151022423047561
EleutherAI/pythia-12b,100001,step100000,17,13,11846072320,36,0.268896189314109,0.3375707837017448
EleutherAI/pythia-12b,100001,step100000,17,14,11846072320,36,0.12801467474583567,0.5694269403233543
EleutherAI/pythia-12b,100001,step100000,17,15,11846072320,36,0.05287693065868032,0.9715112647315761
EleutherAI/pythia-12b,100001,step100000,17,16,11846072320,36,0.06288721894582466,0.9124331390177524
EleutherAI/pythia-12b,100001,step100000,17,17,11846072320,36,0.11547197059199613,0.6169237059963358
EleutherAI/pythia-12b,100001,step100000,17,18,11846072320,36,0.05717532109894279,0.9284888375606444
EleutherAI/pythia-12b,100001,step100000,17,19,11846072320,36,0.1192248206160537,0.5467263156318808
EleutherAI/pythia-12b,100001,step100000,17,20,11846072320,36,0.08479983169954634,0.6666258006572008
EleutherAI/pythia-12b,100001,step100000,17,21,11846072320,36,0.07207783374812327,0.7784027897336103
EleutherAI/pythia-12b,100001,step100000,17,22,11846072320,36,0.053593328033850765,0.9360595912904711
EleutherAI/pythia-12b,100001,step100000,17,23,11846072320,36,0.13108363113849902,0.4764940591232555
EleutherAI/pythia-12b,100001,step100000,17,24,11846072320,36,0.0788536945766246,0.7651755079492792
EleutherAI/pythia-12b,100001,step100000,17,25,11846072320,36,0.053416792907424834,0.9615140968972856
EleutherAI/pythia-12b,100001,step100000,17,26,11846072320,36,0.06864711154509588,0.8195609968524795
EleutherAI/pythia-12b,100001,step100000,17,27,11846072320,36,0.05454427653409022,0.9609646616397319
EleutherAI/pythia-12b,100001,step100000,17,28,11846072320,36,0.05729791903924249,0.918196418129646
EleutherAI/pythia-12b,100001,step100000,17,29,11846072320,36,0.05316898513686008,0.9614149067136977
EleutherAI/pythia-12b,100001,step100000,17,30,11846072320,36,0.09268115116590937,0.7227905814398874
EleutherAI/pythia-12b,100001,step100000,17,31,11846072320,36,0.05515571409842001,0.950799075377596
EleutherAI/pythia-12b,100001,step100000,17,32,11846072320,36,0.051894999337144844,0.9693281961095942
EleutherAI/pythia-12b,100001,step100000,17,33,11846072320,36,0.25215197418321356,0.29799143107490494
EleutherAI/pythia-12b,100001,step100000,17,34,11846072320,36,0.07164901212786318,0.8525321613829415
EleutherAI/pythia-12b,100001,step100000,17,35,11846072320,36,0.07392495726556834,0.8612208660837408
EleutherAI/pythia-12b,100001,step100000,17,36,11846072320,36,0.05868831376738104,0.8763297700488174
EleutherAI/pythia-12b,100001,step100000,17,37,11846072320,36,0.1243093386068716,0.5211946321679307
EleutherAI/pythia-12b,100001,step100000,17,38,11846072320,36,0.14961290981497488,0.35143624689127945
EleutherAI/pythia-12b,100001,step100000,17,39,11846072320,36,0.0598213456056497,0.8235221019646785
EleutherAI/pythia-12b,100001,step100000,17,40,11846072320,36,0.07258128508220649,0.8526631014662104
EleutherAI/pythia-12b,100001,step100000,18,1,11846072320,36,0.12472752450934577,0.571343734032578
EleutherAI/pythia-12b,100001,step100000,18,2,11846072320,36,0.050797822216788524,0.9937825822257422
EleutherAI/pythia-12b,100001,step100000,18,3,11846072320,36,0.05429019919504315,0.9690549967883227
EleutherAI/pythia-12b,100001,step100000,18,4,11846072320,36,0.06229404557787169,0.9210502391194438
EleutherAI/pythia-12b,100001,step100000,18,5,11846072320,36,0.07739938709426208,0.7592030236491928
EleutherAI/pythia-12b,100001,step100000,18,6,11846072320,36,0.05847498043733938,0.9496119012972256
EleutherAI/pythia-12b,100001,step100000,18,7,11846072320,36,0.10325814188421663,0.7722524178547187
EleutherAI/pythia-12b,100001,step100000,18,8,11846072320,36,0.0571378187021917,0.9144686939301075
EleutherAI/pythia-12b,100001,step100000,18,9,11846072320,36,0.07353473347597737,0.8405617105889249
EleutherAI/pythia-12b,100001,step100000,18,10,11846072320,36,0.07993114643447746,0.8398616738595046
EleutherAI/pythia-12b,100001,step100000,18,11,11846072320,36,0.08408984712670432,0.6637302064099111
EleutherAI/pythia-12b,100001,step100000,18,12,11846072320,36,0.049880340820536335,0.9797920360042526
EleutherAI/pythia-12b,100001,step100000,18,13,11846072320,36,0.1026812591184456,0.7240113086058749
EleutherAI/pythia-12b,100001,step100000,18,14,11846072320,36,0.05301905824668567,0.9771067543072743
EleutherAI/pythia-12b,100001,step100000,18,15,11846072320,36,0.06253566614326991,0.8830112667681577
EleutherAI/pythia-12b,100001,step100000,18,16,11846072320,36,0.11419541444685362,0.6365208564040897
EleutherAI/pythia-12b,100001,step100000,18,17,11846072320,36,0.054612659808673344,0.9261976883218095
EleutherAI/pythia-12b,100001,step100000,18,18,11846072320,36,0.05171520242540234,0.9773099832348637
EleutherAI/pythia-12b,100001,step100000,18,19,11846072320,36,0.12348990350424702,0.5139386373104992
EleutherAI/pythia-12b,100001,step100000,18,20,11846072320,36,0.052498033278630084,0.955498076863475
EleutherAI/pythia-12b,100001,step100000,18,21,11846072320,36,0.0541285832311857,0.9755330701042582
EleutherAI/pythia-12b,100001,step100000,18,22,11846072320,36,0.05867411798375232,0.9229104353321923
EleutherAI/pythia-12b,100001,step100000,18,23,11846072320,36,0.050639937307361146,0.9929621369094104
EleutherAI/pythia-12b,100001,step100000,18,24,11846072320,36,0.05991088479334993,0.9229103240433398
EleutherAI/pythia-12b,100001,step100000,18,25,11846072320,36,0.07035826669597586,0.8911978899537623
EleutherAI/pythia-12b,100001,step100000,18,26,11846072320,36,0.09080103608044056,0.7142783858038642
EleutherAI/pythia-12b,100001,step100000,18,27,11846072320,36,0.057347904012591586,0.9189947054192826
EleutherAI/pythia-12b,100001,step100000,18,28,11846072320,36,0.06123738216834737,0.8744129822575473
EleutherAI/pythia-12b,100001,step100000,18,29,11846072320,36,0.22580438844479236,0.46955422314258666
EleutherAI/pythia-12b,100001,step100000,18,30,11846072320,36,0.07385156607093123,0.7920801314237239
EleutherAI/pythia-12b,100001,step100000,18,31,11846072320,36,0.054506169135651476,0.9504905685827181
EleutherAI/pythia-12b,100001,step100000,18,32,11846072320,36,0.11233714210042899,0.6841720287148301
EleutherAI/pythia-12b,100001,step100000,18,33,11846072320,36,0.16709011962061168,0.2755466128556846
EleutherAI/pythia-12b,100001,step100000,18,34,11846072320,36,0.0897340453635375,0.7329873448914593
EleutherAI/pythia-12b,100001,step100000,18,35,11846072320,36,0.1986257643536762,0.5056228695868014
EleutherAI/pythia-12b,100001,step100000,18,36,11846072320,36,0.10111915310928678,0.7322339583803583
EleutherAI/pythia-12b,100001,step100000,18,37,11846072320,36,0.037393631729613325,0.4720894620941208
EleutherAI/pythia-12b,100001,step100000,18,38,11846072320,36,0.061070941981521056,0.9256173902982706
EleutherAI/pythia-12b,100001,step100000,18,39,11846072320,36,0.05083557958826529,0.9807285830244288
EleutherAI/pythia-12b,100001,step100000,18,40,11846072320,36,0.06338390322855192,0.9061919683898175
EleutherAI/pythia-12b,100001,step100000,19,1,11846072320,36,0.05802897506116608,0.8977998406500429
EleutherAI/pythia-12b,100001,step100000,19,2,11846072320,36,0.061481350870640744,0.8970548195076419
EleutherAI/pythia-12b,100001,step100000,19,3,11846072320,36,0.052623362478998646,0.9693038803231608
EleutherAI/pythia-12b,100001,step100000,19,4,11846072320,36,0.06480077536379517,0.8997439608738587
EleutherAI/pythia-12b,100001,step100000,19,5,11846072320,36,0.05230400554679173,0.9734760649032421
EleutherAI/pythia-12b,100001,step100000,19,6,11846072320,36,0.0675411657835762,0.8445318928351989
EleutherAI/pythia-12b,100001,step100000,19,7,11846072320,36,0.06046349525048922,0.9597943168323677
EleutherAI/pythia-12b,100001,step100000,19,8,11846072320,36,0.0843508286994543,0.7406835903947776
EleutherAI/pythia-12b,100001,step100000,19,9,11846072320,36,0.0691370428553796,0.8149051264196903
EleutherAI/pythia-12b,100001,step100000,19,10,11846072320,36,0.054022493490609426,0.9500685634913745
EleutherAI/pythia-12b,100001,step100000,19,11,11846072320,36,0.05222474914827232,0.9787982000602974
EleutherAI/pythia-12b,100001,step100000,19,12,11846072320,36,0.07801517289182218,0.7281304935927506
EleutherAI/pythia-12b,100001,step100000,19,13,11846072320,36,0.05248706858023415,0.9628042478013683
EleutherAI/pythia-12b,100001,step100000,19,14,11846072320,36,0.0577619580367395,0.9224455703844179
EleutherAI/pythia-12b,100001,step100000,19,15,11846072320,36,0.0633977028393038,0.8838433169119351
EleutherAI/pythia-12b,100001,step100000,19,16,11846072320,36,0.054467558225214034,0.9422874277507937
EleutherAI/pythia-12b,100001,step100000,19,17,11846072320,36,0.05141527468881177,0.9854317328951381
EleutherAI/pythia-12b,100001,step100000,19,18,11846072320,36,0.04290204165522955,0.4617056621087564
EleutherAI/pythia-12b,100001,step100000,19,19,11846072320,36,0.0997727911264912,0.6725323677130111
EleutherAI/pythia-12b,100001,step100000,19,20,11846072320,36,0.0609793594028722,0.8985978829878587
EleutherAI/pythia-12b,100001,step100000,19,21,11846072320,36,0.10249340828429825,0.6674671996015686
EleutherAI/pythia-12b,100001,step100000,19,22,11846072320,36,0.05292803768974699,0.961181588314317
EleutherAI/pythia-12b,100001,step100000,19,23,11846072320,36,0.2216310951937068,0.28167748412078203
EleutherAI/pythia-12b,100001,step100000,19,24,11846072320,36,0.05281958743152358,0.9652748638624186
EleutherAI/pythia-12b,100001,step100000,19,25,11846072320,36,0.05547062589649901,0.9472572293814954
EleutherAI/pythia-12b,100001,step100000,19,26,11846072320,36,0.052917362206165185,0.9632972525404738
EleutherAI/pythia-12b,100001,step100000,19,27,11846072320,36,0.06477894700151883,0.9138965363259072
EleutherAI/pythia-12b,100001,step100000,19,28,11846072320,36,0.07437238647594104,0.8115639173322253
EleutherAI/pythia-12b,100001,step100000,19,29,11846072320,36,0.05227190020071847,0.963137199615573
EleutherAI/pythia-12b,100001,step100000,19,30,11846072320,36,0.23619421448435507,0.3040755980231382
EleutherAI/pythia-12b,100001,step100000,19,31,11846072320,36,0.18257127102050513,0.6656749009772822
EleutherAI/pythia-12b,100001,step100000,19,32,11846072320,36,0.05322964010024635,0.9649331255091561
EleutherAI/pythia-12b,100001,step100000,19,33,11846072320,36,0.08883667403871229,0.7679431440459715
EleutherAI/pythia-12b,100001,step100000,19,34,11846072320,36,0.059248648260163475,0.9071663525011446
EleutherAI/pythia-12b,100001,step100000,19,35,11846072320,36,0.06574360863235705,0.824208865786816
EleutherAI/pythia-12b,100001,step100000,19,36,11846072320,36,0.0601241306161267,0.90930280098328
EleutherAI/pythia-12b,100001,step100000,19,37,11846072320,36,0.05911261903530391,0.9310006022274315
EleutherAI/pythia-12b,100001,step100000,19,38,11846072320,36,0.07534373206206714,0.7955592293012608
EleutherAI/pythia-12b,100001,step100000,19,39,11846072320,36,0.08709802451423244,0.826040687816995
EleutherAI/pythia-12b,100001,step100000,19,40,11846072320,36,0.06365466539051615,0.9093463338978656
EleutherAI/pythia-12b,100001,step100000,20,1,11846072320,36,0.03952193006945842,0.42300824843369444
EleutherAI/pythia-12b,100001,step100000,20,2,11846072320,36,0.05150162626628399,0.9674591311105378
EleutherAI/pythia-12b,100001,step100000,20,3,11846072320,36,0.05167487186348962,0.98416246200825
EleutherAI/pythia-12b,100001,step100000,20,4,11846072320,36,0.059473551616810956,0.9190707641678888
EleutherAI/pythia-12b,100001,step100000,20,5,11846072320,36,0.05257463182935168,0.9667673062633824
EleutherAI/pythia-12b,100001,step100000,20,6,11846072320,36,0.0578246187298438,0.901632877262505
EleutherAI/pythia-12b,100001,step100000,20,7,11846072320,36,0.051748422059781425,0.9773854898797857
EleutherAI/pythia-12b,100001,step100000,20,8,11846072320,36,0.05277956321181071,0.9600404732757144
EleutherAI/pythia-12b,100001,step100000,20,9,11846072320,36,0.051673784640872134,0.9794452089268166
EleutherAI/pythia-12b,100001,step100000,20,10,11846072320,36,0.06097909756558566,0.9235848157076506
EleutherAI/pythia-12b,100001,step100000,20,11,11846072320,36,0.0578485671962211,0.901835630874376
EleutherAI/pythia-12b,100001,step100000,20,12,11846072320,36,0.36370385098117247,0.5999292814964289
EleutherAI/pythia-12b,100001,step100000,20,13,11846072320,36,0.23212824431289955,0.10934195054734161
EleutherAI/pythia-12b,100001,step100000,20,14,11846072320,36,0.1221016330963319,0.6763816489740176
EleutherAI/pythia-12b,100001,step100000,20,15,11846072320,36,0.05710728748844143,0.9401774015109818
EleutherAI/pythia-12b,100001,step100000,20,16,11846072320,36,0.0615332032443379,0.9083196191458373
EleutherAI/pythia-12b,100001,step100000,20,17,11846072320,36,0.06133360802349784,0.9111137512746874
EleutherAI/pythia-12b,100001,step100000,20,18,11846072320,36,0.08484620232325234,0.7562929116211854
EleutherAI/pythia-12b,100001,step100000,20,19,11846072320,36,0.0665873138446573,0.8621810217787912
EleutherAI/pythia-12b,100001,step100000,20,20,11846072320,36,0.07348561715110909,0.8274264322655337
EleutherAI/pythia-12b,100001,step100000,20,21,11846072320,36,0.05065596801041434,0.9866438621694261
EleutherAI/pythia-12b,100001,step100000,20,22,11846072320,36,0.19355313362436247,0.5085170022002211
EleutherAI/pythia-12b,100001,step100000,20,23,11846072320,36,0.056913410658128626,0.9118754383031134
EleutherAI/pythia-12b,100001,step100000,20,24,11846072320,36,0.10599288111133078,0.5695049026393676
EleutherAI/pythia-12b,100001,step100000,20,25,11846072320,36,0.05492968729476219,0.9415275174397248
EleutherAI/pythia-12b,100001,step100000,20,26,11846072320,36,0.05320128924618876,0.9622551398323821
EleutherAI/pythia-12b,100001,step100000,20,27,11846072320,36,0.05351091017135535,0.9686034578639824
EleutherAI/pythia-12b,100001,step100000,20,28,11846072320,36,0.06203201316596304,0.7703859833357213
EleutherAI/pythia-12b,100001,step100000,20,29,11846072320,36,0.13272954803519507,0.4843576808904742
EleutherAI/pythia-12b,100001,step100000,20,30,11846072320,36,0.05226572391971405,0.9527643493435405
EleutherAI/pythia-12b,100001,step100000,20,31,11846072320,36,0.05263666551582533,0.9731331916005762
EleutherAI/pythia-12b,100001,step100000,20,32,11846072320,36,0.2822423160926357,0.4812071018211834
EleutherAI/pythia-12b,100001,step100000,20,33,11846072320,36,0.05737891737315744,0.950887015452972
EleutherAI/pythia-12b,100001,step100000,20,34,11846072320,36,0.3345644122979662,0.1424807583292325
EleutherAI/pythia-12b,100001,step100000,20,35,11846072320,36,0.05228187423199411,0.9616723538519026
EleutherAI/pythia-12b,100001,step100000,20,36,11846072320,36,0.31251255549244333,0.19148559934339363
EleutherAI/pythia-12b,100001,step100000,20,37,11846072320,36,0.05777850668659211,0.9381653790896362
EleutherAI/pythia-12b,100001,step100000,20,38,11846072320,36,0.06400481737589364,0.9500925028109336
EleutherAI/pythia-12b,100001,step100000,20,39,11846072320,36,0.05375411692033476,0.9660427878210852
EleutherAI/pythia-12b,100001,step100000,20,40,11846072320,36,0.054167839934820036,0.96075766070469
EleutherAI/pythia-12b,100001,step100000,21,1,11846072320,36,0.05936586749166604,0.9360718322140319
EleutherAI/pythia-12b,100001,step100000,21,2,11846072320,36,0.05574153356153413,0.955804601199813
EleutherAI/pythia-12b,100001,step100000,21,3,11846072320,36,0.05680274012478976,0.9551748262869345
EleutherAI/pythia-12b,100001,step100000,21,4,11846072320,36,0.05439381428096473,0.9462541408009
EleutherAI/pythia-12b,100001,step100000,21,5,11846072320,36,0.052390891425143714,0.9768090800748573
EleutherAI/pythia-12b,100001,step100000,21,6,11846072320,36,0.051982689141253854,0.9728824949568814
EleutherAI/pythia-12b,100001,step100000,21,7,11846072320,36,0.22017016577291054,0.519842727428621
EleutherAI/pythia-12b,100001,step100000,21,8,11846072320,36,0.035795564704515864,0.4387706916879963
EleutherAI/pythia-12b,100001,step100000,21,9,11846072320,36,0.05287894294191674,0.9692555894633313
EleutherAI/pythia-12b,100001,step100000,21,10,11846072320,36,0.05229771621357478,0.9750787575055171
EleutherAI/pythia-12b,100001,step100000,21,11,11846072320,36,0.05295080284087414,0.9825028479546756
EleutherAI/pythia-12b,100001,step100000,21,12,11846072320,36,0.0815833098403326,0.7810085066356458
EleutherAI/pythia-12b,100001,step100000,21,13,11846072320,36,0.05274821018279937,0.9740188688308269
EleutherAI/pythia-12b,100001,step100000,21,14,11846072320,36,0.05244407091043639,0.9778433293551654
EleutherAI/pythia-12b,100001,step100000,21,15,11846072320,36,0.07078633622711034,0.7856579923459718
EleutherAI/pythia-12b,100001,step100000,21,16,11846072320,36,0.1341027190388591,0.6804969785091756
EleutherAI/pythia-12b,100001,step100000,21,17,11846072320,36,0.07850273450215653,0.8072099695961039
EleutherAI/pythia-12b,100001,step100000,21,18,11846072320,36,0.13459162766466265,0.6328891939945049
EleutherAI/pythia-12b,100001,step100000,21,19,11846072320,36,0.055696623145348095,0.9682940546277765
EleutherAI/pythia-12b,100001,step100000,21,20,11846072320,36,0.055698499531001255,0.9478505269006208
EleutherAI/pythia-12b,100001,step100000,21,21,11846072320,36,0.05170239284271007,0.9728325251881424
EleutherAI/pythia-12b,100001,step100000,21,22,11846072320,36,0.060977770207175666,0.8809417042735819
EleutherAI/pythia-12b,100001,step100000,21,23,11846072320,36,0.050851905866674256,0.9893198174399298
EleutherAI/pythia-12b,100001,step100000,21,24,11846072320,36,0.07603490750889874,0.7860103295416804
EleutherAI/pythia-12b,100001,step100000,21,25,11846072320,36,0.06056051578529331,0.9250665631917145
EleutherAI/pythia-12b,100001,step100000,21,26,11846072320,36,0.05187509637242095,0.9814612870817786
EleutherAI/pythia-12b,100001,step100000,21,27,11846072320,36,0.05293987766495557,0.9717358413401309
EleutherAI/pythia-12b,100001,step100000,21,28,11846072320,36,0.10415988454354683,0.6356538952448526
EleutherAI/pythia-12b,100001,step100000,21,29,11846072320,36,0.057014343286822464,0.9492140048974985
EleutherAI/pythia-12b,100001,step100000,21,30,11846072320,36,0.050948743276331566,0.9872942178904474
EleutherAI/pythia-12b,100001,step100000,21,31,11846072320,36,0.052918243683404705,0.97968705155112
EleutherAI/pythia-12b,100001,step100000,21,32,11846072320,36,0.1290483628833168,0.6236761938836481
EleutherAI/pythia-12b,100001,step100000,21,33,11846072320,36,0.05815638604856374,0.8743365664292384
EleutherAI/pythia-12b,100001,step100000,21,34,11846072320,36,0.05096378989654726,0.9836311182818255
EleutherAI/pythia-12b,100001,step100000,21,35,11846072320,36,0.1252507808486799,0.4268897559840579
EleutherAI/pythia-12b,100001,step100000,21,36,11846072320,36,0.1323575016122322,0.5508178449697323
EleutherAI/pythia-12b,100001,step100000,21,37,11846072320,36,0.050817171215183164,0.9893992017876279
EleutherAI/pythia-12b,100001,step100000,21,38,11846072320,36,0.16442754321001668,0.7566214995430754
EleutherAI/pythia-12b,100001,step100000,21,39,11846072320,36,0.050626410276268206,0.9866738603100762
EleutherAI/pythia-12b,100001,step100000,21,40,11846072320,36,0.08921838024569609,0.6875926657012096
EleutherAI/pythia-12b,100001,step100000,22,1,11846072320,36,0.05515845230984701,0.9463537622679461
EleutherAI/pythia-12b,100001,step100000,22,2,11846072320,36,0.05304765843369577,0.970973344536515
EleutherAI/pythia-12b,100001,step100000,22,3,11846072320,36,0.05162056085343158,0.9776936972642446
EleutherAI/pythia-12b,100001,step100000,22,4,11846072320,36,0.057176040479907715,0.9419834782948365
EleutherAI/pythia-12b,100001,step100000,22,5,11846072320,36,0.05480179985755821,0.969608123953994
EleutherAI/pythia-12b,100001,step100000,22,6,11846072320,36,0.059732524556451776,0.9227227803107139
EleutherAI/pythia-12b,100001,step100000,22,7,11846072320,36,0.051721433774699545,0.968622100603831
EleutherAI/pythia-12b,100001,step100000,22,8,11846072320,36,0.23344173072068178,0.6208017277377503
EleutherAI/pythia-12b,100001,step100000,22,9,11846072320,36,0.10881600260466065,0.6338607462139817
EleutherAI/pythia-12b,100001,step100000,22,10,11846072320,36,0.05617077654582799,0.9659261134293702
EleutherAI/pythia-12b,100001,step100000,22,11,11846072320,36,0.05398986103326391,0.9158763475604244
EleutherAI/pythia-12b,100001,step100000,22,12,11846072320,36,0.0639034175739117,0.8894232884664703
EleutherAI/pythia-12b,100001,step100000,22,13,11846072320,36,0.06133445530539714,0.8707634527180288
EleutherAI/pythia-12b,100001,step100000,22,14,11846072320,36,0.051030792288940814,0.9866540239558922
EleutherAI/pythia-12b,100001,step100000,22,15,11846072320,36,0.05188308027642845,0.9791157759345688
EleutherAI/pythia-12b,100001,step100000,22,16,11846072320,36,0.05283341865829962,0.9698087116619488
EleutherAI/pythia-12b,100001,step100000,22,17,11846072320,36,0.05748178726257948,0.8991913471046511
EleutherAI/pythia-12b,100001,step100000,22,18,11846072320,36,0.05254510011770073,0.9699452651871575
EleutherAI/pythia-12b,100001,step100000,22,19,11846072320,36,0.06753618397551386,0.8747977379922036
EleutherAI/pythia-12b,100001,step100000,22,20,11846072320,36,0.0657773858325013,0.8878835178687945
EleutherAI/pythia-12b,100001,step100000,22,21,11846072320,36,0.03975266451994931,0.5346805425332831
EleutherAI/pythia-12b,100001,step100000,22,22,11846072320,36,0.08567766965277399,0.8734591432340868
EleutherAI/pythia-12b,100001,step100000,22,23,11846072320,36,0.07387184531234939,0.8151847928225457
EleutherAI/pythia-12b,100001,step100000,22,24,11846072320,36,0.06762001972768575,0.9014761365122266
EleutherAI/pythia-12b,100001,step100000,22,25,11846072320,36,0.053492825107744016,0.9547582317937959
EleutherAI/pythia-12b,100001,step100000,22,26,11846072320,36,0.05959179270844735,0.9370839439175866
EleutherAI/pythia-12b,100001,step100000,22,27,11846072320,36,0.05119790094985004,0.9773268478589731
EleutherAI/pythia-12b,100001,step100000,22,28,11846072320,36,0.09379550832248212,0.8381627183239739
EleutherAI/pythia-12b,100001,step100000,22,29,11846072320,36,0.12157525749619788,0.625454863113863
EleutherAI/pythia-12b,100001,step100000,22,30,11846072320,36,0.12394320182558201,0.7606550936136875
EleutherAI/pythia-12b,100001,step100000,22,31,11846072320,36,0.07572258369544063,0.7993740662261173
EleutherAI/pythia-12b,100001,step100000,22,32,11846072320,36,0.05112478725805136,0.9716319429042103
EleutherAI/pythia-12b,100001,step100000,22,33,11846072320,36,0.05124584579485109,0.9771840951822184
EleutherAI/pythia-12b,100001,step100000,22,34,11846072320,36,0.04885149784574935,0.9654405431614982
EleutherAI/pythia-12b,100001,step100000,22,35,11846072320,36,0.05117892561195129,0.9885324406194257
EleutherAI/pythia-12b,100001,step100000,22,36,11846072320,36,0.07134916029983075,0.8861869035719393
EleutherAI/pythia-12b,100001,step100000,22,37,11846072320,36,0.06166052372494076,0.9066427572219221
EleutherAI/pythia-12b,100001,step100000,22,38,11846072320,36,0.05847853761272607,0.9105783858009286
EleutherAI/pythia-12b,100001,step100000,22,39,11846072320,36,0.05596838156376645,0.9471745099033322
EleutherAI/pythia-12b,100001,step100000,22,40,11846072320,36,0.05568239127926233,0.9478278016005909
EleutherAI/pythia-12b,100001,step100000,23,1,11846072320,36,0.08273797586851109,0.783763041568769
EleutherAI/pythia-12b,100001,step100000,23,2,11846072320,36,0.05350297649583968,0.957641249080678
EleutherAI/pythia-12b,100001,step100000,23,3,11846072320,36,0.05207019652919588,0.9716217309549764
EleutherAI/pythia-12b,100001,step100000,23,4,11846072320,36,0.05734740166055096,0.9435216522700077
EleutherAI/pythia-12b,100001,step100000,23,5,11846072320,36,0.034671945785460304,0.39051925279088207
EleutherAI/pythia-12b,100001,step100000,23,6,11846072320,36,0.0538525566229367,0.9621184801196193
EleutherAI/pythia-12b,100001,step100000,23,7,11846072320,36,0.055962997442530846,0.9344183366756897
EleutherAI/pythia-12b,100001,step100000,23,8,11846072320,36,0.3928581031861606,0.2885812662161506
EleutherAI/pythia-12b,100001,step100000,23,9,11846072320,36,0.05387840323799003,0.9489286574604991
EleutherAI/pythia-12b,100001,step100000,23,10,11846072320,36,0.05391835257503292,0.948597734173139
EleutherAI/pythia-12b,100001,step100000,23,11,11846072320,36,0.07979646640027066,0.7290835097297892
EleutherAI/pythia-12b,100001,step100000,23,12,11846072320,36,0.07298452664703664,0.7909944772988826
EleutherAI/pythia-12b,100001,step100000,23,13,11846072320,36,0.05138820388239689,0.9685640568668777
EleutherAI/pythia-12b,100001,step100000,23,14,11846072320,36,0.21685315577967743,0.4813695271854644
EleutherAI/pythia-12b,100001,step100000,23,15,11846072320,36,0.060280841092827935,0.9140405108978799
EleutherAI/pythia-12b,100001,step100000,23,16,11846072320,36,0.09264169803711472,0.69742503070885
EleutherAI/pythia-12b,100001,step100000,23,17,11846072320,36,0.24885447769685903,0.4857080082098643
EleutherAI/pythia-12b,100001,step100000,23,18,11846072320,36,0.10835979659915772,0.6487755349895976
EleutherAI/pythia-12b,100001,step100000,23,19,11846072320,36,0.055647793686011755,0.9308502416968256
EleutherAI/pythia-12b,100001,step100000,23,20,11846072320,36,0.07102617671483893,0.8153356931678526
EleutherAI/pythia-12b,100001,step100000,23,21,11846072320,36,0.05248659368822565,0.9543421414789853
EleutherAI/pythia-12b,100001,step100000,23,22,11846072320,36,0.05295153619307606,0.9690004024240706
EleutherAI/pythia-12b,100001,step100000,23,23,11846072320,36,0.06986323558912795,0.8054827485267106
EleutherAI/pythia-12b,100001,step100000,23,24,11846072320,36,0.05106903630547926,0.9705072893752708
EleutherAI/pythia-12b,100001,step100000,23,25,11846072320,36,0.1137426722257792,0.8191031175959218
EleutherAI/pythia-12b,100001,step100000,23,26,11846072320,36,0.05193980285959376,0.9725094452813581
EleutherAI/pythia-12b,100001,step100000,23,27,11846072320,36,0.05471091982614883,0.9559574139838641
EleutherAI/pythia-12b,100001,step100000,23,28,11846072320,36,0.05526025546155306,0.9424681477360539
EleutherAI/pythia-12b,100001,step100000,23,29,11846072320,36,0.05078481383448289,0.9924646778865619
EleutherAI/pythia-12b,100001,step100000,23,30,11846072320,36,0.08198754697780794,0.7582774582030894
EleutherAI/pythia-12b,100001,step100000,23,31,11846072320,36,0.06229980616598153,0.8420626035144737
EleutherAI/pythia-12b,100001,step100000,23,32,11846072320,36,0.05899315877389662,0.91844447118205
EleutherAI/pythia-12b,100001,step100000,23,33,11846072320,36,0.05980807452745082,0.9041041549261626
EleutherAI/pythia-12b,100001,step100000,23,34,11846072320,36,0.09899412769007607,0.714892945132098
EleutherAI/pythia-12b,100001,step100000,23,35,11846072320,36,0.052546025960015334,0.9773894535886632
EleutherAI/pythia-12b,100001,step100000,23,36,11846072320,36,0.10692347852966266,0.6296807072452597
EleutherAI/pythia-12b,100001,step100000,23,37,11846072320,36,0.06464164414059914,0.8934128904664839
EleutherAI/pythia-12b,100001,step100000,23,38,11846072320,36,0.0513055122460241,0.9833882391989768
EleutherAI/pythia-12b,100001,step100000,23,39,11846072320,36,0.052195425805364425,0.9731117662814286
EleutherAI/pythia-12b,100001,step100000,23,40,11846072320,36,0.05448394022915542,0.9451377273679854
EleutherAI/pythia-12b,100001,step100000,24,1,11846072320,36,0.06904872177537895,0.8607531504330782
EleutherAI/pythia-12b,100001,step100000,24,2,11846072320,36,0.03733885772777968,0.3825601599327436
EleutherAI/pythia-12b,100001,step100000,24,3,11846072320,36,0.2716320589990229,0.24878635132187477
EleutherAI/pythia-12b,100001,step100000,24,4,11846072320,36,0.051931377817029174,0.9727864385367155
EleutherAI/pythia-12b,100001,step100000,24,5,11846072320,36,0.055427525696615916,0.9582883021360761
EleutherAI/pythia-12b,100001,step100000,24,6,11846072320,36,0.05274211455838521,0.9724571982303539
EleutherAI/pythia-12b,100001,step100000,24,7,11846072320,36,0.08918757105732819,0.6416882476112148
EleutherAI/pythia-12b,100001,step100000,24,8,11846072320,36,0.05612556142704529,0.9632300298224699
EleutherAI/pythia-12b,100001,step100000,24,9,11846072320,36,0.0701709130818063,0.8239920951381281
EleutherAI/pythia-12b,100001,step100000,24,10,11846072320,36,0.08579065448775122,0.6799991387236226
EleutherAI/pythia-12b,100001,step100000,24,11,11846072320,36,0.051869434826131926,0.9798400412137444
EleutherAI/pythia-12b,100001,step100000,24,12,11846072320,36,0.12202257541072616,0.6748096784045389
EleutherAI/pythia-12b,100001,step100000,24,13,11846072320,36,0.05130964925221804,0.9817194039220208
EleutherAI/pythia-12b,100001,step100000,24,14,11846072320,36,0.05527087371214638,0.9516172947826328
EleutherAI/pythia-12b,100001,step100000,24,15,11846072320,36,0.10225013976597835,0.6330155698476253
EleutherAI/pythia-12b,100001,step100000,24,16,11846072320,36,0.10129182420491989,0.6045570969134122
EleutherAI/pythia-12b,100001,step100000,24,17,11846072320,36,0.07408980224784963,0.8215557942250827
EleutherAI/pythia-12b,100001,step100000,24,18,11846072320,36,0.05064857420693329,0.9918503796195125
EleutherAI/pythia-12b,100001,step100000,24,19,11846072320,36,0.05294481992676805,0.9411009637353657
EleutherAI/pythia-12b,100001,step100000,24,20,11846072320,36,0.05171253362827155,0.9776412516653359
EleutherAI/pythia-12b,100001,step100000,24,21,11846072320,36,0.05144547078305398,0.9848049222617536
EleutherAI/pythia-12b,100001,step100000,24,22,11846072320,36,0.05237392757043193,0.9673538787944896
EleutherAI/pythia-12b,100001,step100000,24,23,11846072320,36,0.045859451899682505,0.8755301160139365
EleutherAI/pythia-12b,100001,step100000,24,24,11846072320,36,0.05084395519801755,0.9870092285287989
EleutherAI/pythia-12b,100001,step100000,24,25,11846072320,36,0.050620737187032944,0.9914261083882134
EleutherAI/pythia-12b,100001,step100000,24,26,11846072320,36,0.06469559423798864,0.8801282594377572
EleutherAI/pythia-12b,100001,step100000,24,27,11846072320,36,0.05291318693463952,0.9718920350432754
EleutherAI/pythia-12b,100001,step100000,24,28,11846072320,36,0.05572602388871321,0.9410606467867041
EleutherAI/pythia-12b,100001,step100000,24,29,11846072320,36,0.0693445238228831,0.9305331543222204
EleutherAI/pythia-12b,100001,step100000,24,30,11846072320,36,0.07464414841968103,0.7565100240680549
EleutherAI/pythia-12b,100001,step100000,24,31,11846072320,36,0.05579117370920403,0.9570932645607997
EleutherAI/pythia-12b,100001,step100000,24,32,11846072320,36,0.055329190920926474,0.9459911845736317
EleutherAI/pythia-12b,100001,step100000,24,33,11846072320,36,0.06669639026349009,0.9160599107923988
EleutherAI/pythia-12b,100001,step100000,24,34,11846072320,36,0.05385916151229411,0.9532890709581318
EleutherAI/pythia-12b,100001,step100000,24,35,11846072320,36,0.09586894267739293,0.8110355238790985
EleutherAI/pythia-12b,100001,step100000,24,36,11846072320,36,0.15952552211758964,0.6453812546110727
EleutherAI/pythia-12b,100001,step100000,24,37,11846072320,36,0.09080064066269014,0.6978378206401974
EleutherAI/pythia-12b,100001,step100000,24,38,11846072320,36,0.05804507428634762,0.9307588184470529
EleutherAI/pythia-12b,100001,step100000,24,39,11846072320,36,0.05154622246493097,0.9778555443695
EleutherAI/pythia-12b,100001,step100000,24,40,11846072320,36,0.05085141921007593,0.9842419112408841
EleutherAI/pythia-12b,100001,step100000,25,1,11846072320,36,0.051316440835393724,0.9749323847415569
EleutherAI/pythia-12b,100001,step100000,25,2,11846072320,36,0.05354399791871146,0.9638016759991288
EleutherAI/pythia-12b,100001,step100000,25,3,11846072320,36,0.09028125195777985,0.7328304953134812
EleutherAI/pythia-12b,100001,step100000,25,4,11846072320,36,0.07728634730775699,0.8119896133472254
EleutherAI/pythia-12b,100001,step100000,25,5,11846072320,36,0.05309530773672744,0.9538336039126456
EleutherAI/pythia-12b,100001,step100000,25,6,11846072320,36,0.05090802181973579,0.9899304645197528
EleutherAI/pythia-12b,100001,step100000,25,7,11846072320,36,0.07000418790747538,0.6587113822186673
EleutherAI/pythia-12b,100001,step100000,25,8,11846072320,36,0.06480347775146585,0.8962125395600861
EleutherAI/pythia-12b,100001,step100000,25,9,11846072320,36,0.051192235674250366,0.9820092684245324
EleutherAI/pythia-12b,100001,step100000,25,10,11846072320,36,0.05142203145087119,0.9848430071686123
EleutherAI/pythia-12b,100001,step100000,25,11,11846072320,36,0.05126915084947646,0.9787459077240827
EleutherAI/pythia-12b,100001,step100000,25,12,11846072320,36,0.11029836216902317,0.7240893497123374
EleutherAI/pythia-12b,100001,step100000,25,13,11846072320,36,0.16446292546630886,0.5873994411111952
EleutherAI/pythia-12b,100001,step100000,25,14,11846072320,36,0.15726031040823132,0.776404849133334
EleutherAI/pythia-12b,100001,step100000,25,15,11846072320,36,0.2221971578873671,0.612071117302319
EleutherAI/pythia-12b,100001,step100000,25,16,11846072320,36,0.05128332210268385,0.9784133735898737
EleutherAI/pythia-12b,100001,step100000,25,17,11846072320,36,0.05474464188248765,0.9469339549988955
EleutherAI/pythia-12b,100001,step100000,25,18,11846072320,36,0.05784649802539661,0.9311413752424108
EleutherAI/pythia-12b,100001,step100000,25,19,11846072320,36,0.05299275967938536,0.9689480836416507
EleutherAI/pythia-12b,100001,step100000,25,20,11846072320,36,0.05495202939785375,0.9211250214247374
EleutherAI/pythia-12b,100001,step100000,25,21,11846072320,36,0.0522635673262268,0.9776980462106498
EleutherAI/pythia-12b,100001,step100000,25,22,11846072320,36,0.05625166835028439,0.9053132384120524
EleutherAI/pythia-12b,100001,step100000,25,23,11846072320,36,0.05648146356755231,0.9544987310249884
EleutherAI/pythia-12b,100001,step100000,25,24,11846072320,36,0.12054989907146614,0.5530284405224495
EleutherAI/pythia-12b,100001,step100000,25,25,11846072320,36,0.03811235733570767,0.44886162429600507
EleutherAI/pythia-12b,100001,step100000,25,26,11846072320,36,0.053271903340388664,0.9668454334542558
EleutherAI/pythia-12b,100001,step100000,25,27,11846072320,36,0.05181512918026817,0.9788321883112818
EleutherAI/pythia-12b,100001,step100000,25,28,11846072320,36,0.06059015380440964,0.9208832221614706
EleutherAI/pythia-12b,100001,step100000,25,29,11846072320,36,0.12447631694991752,0.8007875951202782
EleutherAI/pythia-12b,100001,step100000,25,30,11846072320,36,0.05358829716075062,0.9677932645018036
EleutherAI/pythia-12b,100001,step100000,25,31,11846072320,36,0.07061654844324103,0.8340431003867685
EleutherAI/pythia-12b,100001,step100000,25,32,11846072320,36,0.05487921612628091,0.9647535832973572
EleutherAI/pythia-12b,100001,step100000,25,33,11846072320,36,0.05210558789594839,0.9785550240281824
EleutherAI/pythia-12b,100001,step100000,25,34,11846072320,36,0.06963901774252987,0.8623693270368261
EleutherAI/pythia-12b,100001,step100000,25,35,11846072320,36,0.05533599796208168,0.9663967871898645
EleutherAI/pythia-12b,100001,step100000,25,36,11846072320,36,0.055330981447308226,0.9415884072984662
EleutherAI/pythia-12b,100001,step100000,25,37,11846072320,36,0.0538656143961032,0.9701607553092567
EleutherAI/pythia-12b,100001,step100000,25,38,11846072320,36,0.08262223712876211,0.7472646161690131
EleutherAI/pythia-12b,100001,step100000,25,39,11846072320,36,0.05183246439775901,0.9772663716081385
EleutherAI/pythia-12b,100001,step100000,25,40,11846072320,36,0.061942458277226976,0.9386726604388641
EleutherAI/pythia-12b,100001,step100000,26,1,11846072320,36,0.05314263858617064,0.9724049761936113
EleutherAI/pythia-12b,100001,step100000,26,2,11846072320,36,0.0583876643299094,0.8399708275501434
EleutherAI/pythia-12b,100001,step100000,26,3,11846072320,36,0.06854411695913237,0.8490238156583574
EleutherAI/pythia-12b,100001,step100000,26,4,11846072320,36,0.053372472700839065,0.9659471954400833
EleutherAI/pythia-12b,100001,step100000,26,5,11846072320,36,0.15942425297589985,0.6572000389700537
EleutherAI/pythia-12b,100001,step100000,26,6,11846072320,36,0.052017901052214585,0.983718097998618
EleutherAI/pythia-12b,100001,step100000,26,7,11846072320,36,0.05839531746372722,0.882995816255296
EleutherAI/pythia-12b,100001,step100000,26,8,11846072320,36,0.05122689143740554,0.977016254319801
EleutherAI/pythia-12b,100001,step100000,26,9,11846072320,36,0.26188885276247786,0.552680553392963
EleutherAI/pythia-12b,100001,step100000,26,10,11846072320,36,0.05082831914779969,0.9887812271848455
EleutherAI/pythia-12b,100001,step100000,26,11,11846072320,36,0.07317294563410111,0.826995731071309
EleutherAI/pythia-12b,100001,step100000,26,12,11846072320,36,0.16279828284976178,0.6282765373095378
EleutherAI/pythia-12b,100001,step100000,26,13,11846072320,36,0.05261032357420377,0.9751729176746117
EleutherAI/pythia-12b,100001,step100000,26,14,11846072320,36,0.07576543706477624,0.85760637920898
EleutherAI/pythia-12b,100001,step100000,26,15,11846072320,36,0.08519661785229231,0.8396048159212679
EleutherAI/pythia-12b,100001,step100000,26,16,11846072320,36,0.052125800458306,0.9792632832899466
EleutherAI/pythia-12b,100001,step100000,26,17,11846072320,36,0.052507014581919594,0.9514306252067154
EleutherAI/pythia-12b,100001,step100000,26,18,11846072320,36,0.05190694831485098,0.9829741977714561
EleutherAI/pythia-12b,100001,step100000,26,19,11846072320,36,0.05175287121425829,0.9759605718446566
EleutherAI/pythia-12b,100001,step100000,26,20,11846072320,36,0.03143557058486456,0.49546067016171264
EleutherAI/pythia-12b,100001,step100000,26,21,11846072320,36,0.051461430611899894,0.978018226297768
EleutherAI/pythia-12b,100001,step100000,26,22,11846072320,36,0.07116999309062506,0.921333461373418
EleutherAI/pythia-12b,100001,step100000,26,23,11846072320,36,0.2862360121251584,0.1234546933804188
EleutherAI/pythia-12b,100001,step100000,26,24,11846072320,36,0.05254596543103989,0.9515636171306576
EleutherAI/pythia-12b,100001,step100000,26,25,11846072320,36,0.09703353151620303,0.8268669899161514
EleutherAI/pythia-12b,100001,step100000,26,26,11846072320,36,0.0581063749548327,0.9374963799575428
EleutherAI/pythia-12b,100001,step100000,26,27,11846072320,36,0.08496463831860915,0.9151328045863647
EleutherAI/pythia-12b,100001,step100000,26,28,11846072320,36,0.05144154945914224,0.9748363094823854
EleutherAI/pythia-12b,100001,step100000,26,29,11846072320,36,0.3700783141740449,0.1377900305313167
EleutherAI/pythia-12b,100001,step100000,26,30,11846072320,36,0.0591646925771368,0.9124065339900889
EleutherAI/pythia-12b,100001,step100000,26,31,11846072320,36,0.05320485469650238,0.9680863022356778
EleutherAI/pythia-12b,100001,step100000,26,32,11846072320,36,0.06969423252982908,0.8829190805330649
EleutherAI/pythia-12b,100001,step100000,26,33,11846072320,36,0.12072689029144806,0.6232933834329382
EleutherAI/pythia-12b,100001,step100000,26,34,11846072320,36,0.05339145257736219,0.967200862618538
EleutherAI/pythia-12b,100001,step100000,26,35,11846072320,36,0.05366419791313885,0.9590994281632764
EleutherAI/pythia-12b,100001,step100000,26,36,11846072320,36,0.3218649931520492,0.5057374748650256
EleutherAI/pythia-12b,100001,step100000,26,37,11846072320,36,0.29225428159664696,0.34712717769382234
EleutherAI/pythia-12b,100001,step100000,26,38,11846072320,36,0.05438546185848766,0.7025237632495863
EleutherAI/pythia-12b,100001,step100000,26,39,11846072320,36,0.07266288528822962,0.8688705072209642
EleutherAI/pythia-12b,100001,step100000,26,40,11846072320,36,0.055443870647622975,0.9480133391804881
EleutherAI/pythia-12b,100001,step100000,27,1,11846072320,36,0.056015680897869013,0.9552903592407525
EleutherAI/pythia-12b,100001,step100000,27,2,11846072320,36,0.053779732785537215,0.9602875145258488
EleutherAI/pythia-12b,100001,step100000,27,3,11846072320,36,0.052360011857595846,0.964911163837702
EleutherAI/pythia-12b,100001,step100000,27,4,11846072320,36,0.05247519380908019,0.9479719213358275
EleutherAI/pythia-12b,100001,step100000,27,5,11846072320,36,0.05689162024165368,0.9387397519774265
EleutherAI/pythia-12b,100001,step100000,27,6,11846072320,36,0.05151955904187379,0.9836138326663513
EleutherAI/pythia-12b,100001,step100000,27,7,11846072320,36,0.10995092051098114,0.6487741950485442
EleutherAI/pythia-12b,100001,step100000,27,8,11846072320,36,0.11290754199967724,0.7898686295515066
EleutherAI/pythia-12b,100001,step100000,27,9,11846072320,36,0.051784779821933614,0.9777112112746941
EleutherAI/pythia-12b,100001,step100000,27,10,11846072320,36,0.12613487061023618,0.21611261994273093
EleutherAI/pythia-12b,100001,step100000,27,11,11846072320,36,0.05538919887522248,0.8916573232716626
EleutherAI/pythia-12b,100001,step100000,27,12,11846072320,36,0.05170684460377143,0.9721462237047361
EleutherAI/pythia-12b,100001,step100000,27,13,11846072320,36,0.05534017872619061,0.9542432947380765
EleutherAI/pythia-12b,100001,step100000,27,14,11846072320,36,0.059511147677204765,0.9159518481867092
EleutherAI/pythia-12b,100001,step100000,27,15,11846072320,36,0.05832553892634111,0.90789571039759
EleutherAI/pythia-12b,100001,step100000,27,16,11846072320,36,0.05065437596761155,0.9877224671948064
EleutherAI/pythia-12b,100001,step100000,27,17,11846072320,36,0.05873871676053277,0.9405993879199386
EleutherAI/pythia-12b,100001,step100000,27,18,11846072320,36,0.05243093891953066,0.9664406392488394
EleutherAI/pythia-12b,100001,step100000,27,19,11846072320,36,0.05292721214639886,0.9734443411812768
EleutherAI/pythia-12b,100001,step100000,27,20,11846072320,36,0.052321214901490304,0.9682829150029489
EleutherAI/pythia-12b,100001,step100000,27,21,11846072320,36,0.05317468734810477,0.9752049513228305
EleutherAI/pythia-12b,100001,step100000,27,22,11846072320,36,0.03402575734281186,0.5229194041665968
EleutherAI/pythia-12b,100001,step100000,27,23,11846072320,36,0.05620094742653915,0.9186215381006578
EleutherAI/pythia-12b,100001,step100000,27,24,11846072320,36,0.05115635992886421,0.978435878728603
EleutherAI/pythia-12b,100001,step100000,27,25,11846072320,36,0.06621027930115986,0.8653006661716882
EleutherAI/pythia-12b,100001,step100000,27,26,11846072320,36,0.05191149818780896,0.9697995023863452
EleutherAI/pythia-12b,100001,step100000,27,27,11846072320,36,0.05829085154016987,0.8870001556547554
EleutherAI/pythia-12b,100001,step100000,27,28,11846072320,36,0.0675395577069226,0.8866939460551059
EleutherAI/pythia-12b,100001,step100000,27,29,11846072320,36,0.05507961165036879,0.952220146765222
EleutherAI/pythia-12b,100001,step100000,27,30,11846072320,36,0.05237554273128998,0.9722503748562958
EleutherAI/pythia-12b,100001,step100000,27,31,11846072320,36,0.052548951677720696,0.9717409262607047
EleutherAI/pythia-12b,100001,step100000,27,32,11846072320,36,0.05219089752622503,0.9709495062584633
EleutherAI/pythia-12b,100001,step100000,27,33,11846072320,36,0.051849323710463004,0.9800493496137338
EleutherAI/pythia-12b,100001,step100000,27,34,11846072320,36,0.051708173599687025,0.9719348107730305
EleutherAI/pythia-12b,100001,step100000,27,35,11846072320,36,0.07106246210896201,0.8646209724583067
EleutherAI/pythia-12b,100001,step100000,27,36,11846072320,36,0.05260510151288482,0.9792054306279432
EleutherAI/pythia-12b,100001,step100000,27,37,11846072320,36,0.05160337511740912,0.9728823159639541
EleutherAI/pythia-12b,100001,step100000,27,38,11846072320,36,0.19667551606088066,0.6891223530064116
EleutherAI/pythia-12b,100001,step100000,27,39,11846072320,36,0.14368763167757884,0.415194377213627
EleutherAI/pythia-12b,100001,step100000,27,40,11846072320,36,0.10229757815241451,0.6571320592014639
EleutherAI/pythia-12b,100001,step100000,28,1,11846072320,36,0.06822420994530207,0.8507001954424489
EleutherAI/pythia-12b,100001,step100000,28,2,11846072320,36,0.07169709918187094,0.7485889384338448
EleutherAI/pythia-12b,100001,step100000,28,3,11846072320,36,0.051228047301013865,0.9830850760142008
EleutherAI/pythia-12b,100001,step100000,28,4,11846072320,36,0.051195934580222244,0.9794458185767269
EleutherAI/pythia-12b,100001,step100000,28,5,11846072320,36,0.05138863230476504,0.9794717401534587
EleutherAI/pythia-12b,100001,step100000,28,6,11846072320,36,0.058736462290077104,0.950071955407346
EleutherAI/pythia-12b,100001,step100000,28,7,11846072320,36,0.06658144411421167,0.8902045375144517
EleutherAI/pythia-12b,100001,step100000,28,8,11846072320,36,0.05144298942228243,0.9790149135990543
EleutherAI/pythia-12b,100001,step100000,28,9,11846072320,36,0.05538367775867356,0.9456308851907919
EleutherAI/pythia-12b,100001,step100000,28,10,11846072320,36,0.051558716481344524,0.983951473513523
EleutherAI/pythia-12b,100001,step100000,28,11,11846072320,36,0.05710094385464355,0.906506482948054
EleutherAI/pythia-12b,100001,step100000,28,12,11846072320,36,0.07464471940432221,0.7689762587124879
EleutherAI/pythia-12b,100001,step100000,28,13,11846072320,36,0.05095936033847477,0.9738697605179595
EleutherAI/pythia-12b,100001,step100000,28,14,11846072320,36,0.06344449503750008,0.8937940594401803
EleutherAI/pythia-12b,100001,step100000,28,15,11846072320,36,0.050783147269093554,0.9843407162316926
EleutherAI/pythia-12b,100001,step100000,28,16,11846072320,36,0.18614970863022062,0.6405758347597208
EleutherAI/pythia-12b,100001,step100000,28,17,11846072320,36,0.11519591405417196,0.7227084110896509
EleutherAI/pythia-12b,100001,step100000,28,18,11846072320,36,0.05211799810766364,0.9777227951599671
EleutherAI/pythia-12b,100001,step100000,28,19,11846072320,36,0.09065673264042769,0.7302083443324487
EleutherAI/pythia-12b,100001,step100000,28,20,11846072320,36,0.25047015056976146,0.23418368847184887
EleutherAI/pythia-12b,100001,step100000,28,21,11846072320,36,0.08583981380448323,0.8966095341039492
EleutherAI/pythia-12b,100001,step100000,28,22,11846072320,36,0.05307581111391605,0.9716658572534899
EleutherAI/pythia-12b,100001,step100000,28,23,11846072320,36,0.08889081585011231,0.729465351493151
EleutherAI/pythia-12b,100001,step100000,28,24,11846072320,36,0.06518530155540449,0.8865987240552187
EleutherAI/pythia-12b,100001,step100000,28,25,11846072320,36,0.05394320723155996,0.9653932398056483
EleutherAI/pythia-12b,100001,step100000,28,26,11846072320,36,0.07941481923438358,0.8897150725394756
EleutherAI/pythia-12b,100001,step100000,28,27,11846072320,36,0.03595942305540801,0.46586324364036413
EleutherAI/pythia-12b,100001,step100000,28,28,11846072320,36,0.05560230604700136,0.965749589843793
EleutherAI/pythia-12b,100001,step100000,28,29,11846072320,36,0.09687951819652368,0.7461994814521468
EleutherAI/pythia-12b,100001,step100000,28,30,11846072320,36,0.0526329422629698,0.9627225005680377
EleutherAI/pythia-12b,100001,step100000,28,31,11846072320,36,0.053001593858529365,0.964772616778766
EleutherAI/pythia-12b,100001,step100000,28,32,11846072320,36,0.05250141900396334,0.9733671915155273
EleutherAI/pythia-12b,100001,step100000,28,33,11846072320,36,0.05415342323930913,0.9653417942961594
EleutherAI/pythia-12b,100001,step100000,28,34,11846072320,36,0.05752984382346402,0.9164669930196561
EleutherAI/pythia-12b,100001,step100000,28,35,11846072320,36,0.0527162388961359,0.9251328723745661
EleutherAI/pythia-12b,100001,step100000,28,36,11846072320,36,0.05162223120424165,0.975443646714494
EleutherAI/pythia-12b,100001,step100000,28,37,11846072320,36,0.05726134534449768,0.9275715023100197
EleutherAI/pythia-12b,100001,step100000,28,38,11846072320,36,0.051022903776277294,0.9797173809181821
EleutherAI/pythia-12b,100001,step100000,28,39,11846072320,36,0.05144802307816324,0.9788482897095494
EleutherAI/pythia-12b,100001,step100000,28,40,11846072320,36,0.05026379287209325,0.9997928562286021
EleutherAI/pythia-12b,100001,step100000,29,1,11846072320,36,0.05139004485961325,0.982056517858763
EleutherAI/pythia-12b,100001,step100000,29,2,11846072320,36,0.05443339977223231,0.9396673058783328
EleutherAI/pythia-12b,100001,step100000,29,3,11846072320,36,0.05108542080728092,0.9874263766470615
EleutherAI/pythia-12b,100001,step100000,29,4,11846072320,36,0.05086860950342612,0.9868796957326723
EleutherAI/pythia-12b,100001,step100000,29,5,11846072320,36,0.05296867416665379,0.9569896957179805
EleutherAI/pythia-12b,100001,step100000,29,6,11846072320,36,0.059157731323349096,0.9497357594805795
EleutherAI/pythia-12b,100001,step100000,29,7,11846072320,36,0.05675316897889332,0.9446866648780691
EleutherAI/pythia-12b,100001,step100000,29,8,11846072320,36,0.09524560574017035,0.7025882817424454
EleutherAI/pythia-12b,100001,step100000,29,9,11846072320,36,0.053373982773271454,0.9692003645517446
EleutherAI/pythia-12b,100001,step100000,29,10,11846072320,36,0.05690910364291417,0.9474510018889969
EleutherAI/pythia-12b,100001,step100000,29,11,11846072320,36,0.17585239672960637,0.7488743217141779
EleutherAI/pythia-12b,100001,step100000,29,12,11846072320,36,0.07124057010392298,0.858096472482692
EleutherAI/pythia-12b,100001,step100000,29,13,11846072320,36,0.05268383996040967,0.966110800211136
EleutherAI/pythia-12b,100001,step100000,29,14,11846072320,36,0.13619248197321684,0.6314615456907599
EleutherAI/pythia-12b,100001,step100000,29,15,11846072320,36,0.05324955589442815,0.9504693830693448
EleutherAI/pythia-12b,100001,step100000,29,16,11846072320,36,0.05183427380230106,0.981324610409436
EleutherAI/pythia-12b,100001,step100000,29,17,11846072320,36,0.05811404801293184,0.7203886862452682
EleutherAI/pythia-12b,100001,step100000,29,18,11846072320,36,0.05142859704428916,0.9760482903715368
EleutherAI/pythia-12b,100001,step100000,29,19,11846072320,36,0.05121659235497401,0.9851070532390663
EleutherAI/pythia-12b,100001,step100000,29,20,11846072320,36,0.06214179044069198,0.8788853090804618
EleutherAI/pythia-12b,100001,step100000,29,21,11846072320,36,0.10010626847791416,0.6549477932510434
EleutherAI/pythia-12b,100001,step100000,29,22,11846072320,36,0.05135128879639968,0.9896072105423466
EleutherAI/pythia-12b,100001,step100000,29,23,11846072320,36,0.054182793991220654,0.9627817145383751
EleutherAI/pythia-12b,100001,step100000,29,24,11846072320,36,0.058341237295463685,0.9236318744920395
EleutherAI/pythia-12b,100001,step100000,29,25,11846072320,36,0.3423697498959822,0.509719754325914
EleutherAI/pythia-12b,100001,step100000,29,26,11846072320,36,0.054541504694367006,0.8615122994145116
EleutherAI/pythia-12b,100001,step100000,29,27,11846072320,36,0.23484145094816744,0.44263778812623955
EleutherAI/pythia-12b,100001,step100000,29,28,11846072320,36,0.07498668026746814,0.8686127664001139
EleutherAI/pythia-12b,100001,step100000,29,29,11846072320,36,0.05143196317370147,0.9657905678133348
EleutherAI/pythia-12b,100001,step100000,29,30,11846072320,36,0.05582042559163288,0.9657598539694652
EleutherAI/pythia-12b,100001,step100000,29,31,11846072320,36,0.052378810958953546,0.966106435468605
EleutherAI/pythia-12b,100001,step100000,29,32,11846072320,36,0.05065098329161936,0.989852536279518
EleutherAI/pythia-12b,100001,step100000,29,33,11846072320,36,0.04101983957166021,0.5739437794094687
EleutherAI/pythia-12b,100001,step100000,29,34,11846072320,36,0.05280601966695425,0.9628840002480212
EleutherAI/pythia-12b,100001,step100000,29,35,11846072320,36,0.17414216340908234,0.6067757276488138
EleutherAI/pythia-12b,100001,step100000,29,36,11846072320,36,0.05113593354547118,0.9917221676121961
EleutherAI/pythia-12b,100001,step100000,29,37,11846072320,36,0.0514679269518356,0.9739325221057411
EleutherAI/pythia-12b,100001,step100000,29,38,11846072320,36,0.1604377649998566,0.5129363939568803
EleutherAI/pythia-12b,100001,step100000,29,39,11846072320,36,0.05302421386177471,0.9604428034421202
EleutherAI/pythia-12b,100001,step100000,29,40,11846072320,36,0.05091791600967801,0.9901008615801642
EleutherAI/pythia-12b,100001,step100000,30,1,11846072320,36,0.05248569797125972,0.9671401027086619
EleutherAI/pythia-12b,100001,step100000,30,2,11846072320,36,0.0530140428040344,0.9790721378168902
EleutherAI/pythia-12b,100001,step100000,30,3,11846072320,36,0.05287975951464278,0.9759489909127668
EleutherAI/pythia-12b,100001,step100000,30,4,11846072320,36,0.09124075501769856,0.7961849124805706
EleutherAI/pythia-12b,100001,step100000,30,5,11846072320,36,0.05153712786331366,0.9849260821714774
EleutherAI/pythia-12b,100001,step100000,30,6,11846072320,36,0.054792426781052006,0.9341246707661374
EleutherAI/pythia-12b,100001,step100000,30,7,11846072320,36,0.05145575245702495,0.9804995516399005
EleutherAI/pythia-12b,100001,step100000,30,8,11846072320,36,0.05209784697693721,0.9029339033293653
EleutherAI/pythia-12b,100001,step100000,30,9,11846072320,36,0.06196972017816904,0.9466553389489114
EleutherAI/pythia-12b,100001,step100000,30,10,11846072320,36,0.0508628711384069,0.992597477124618
EleutherAI/pythia-12b,100001,step100000,30,11,11846072320,36,0.05110411477686313,0.9819528686033713
EleutherAI/pythia-12b,100001,step100000,30,12,11846072320,36,0.05431450242400389,0.9485120676211767
EleutherAI/pythia-12b,100001,step100000,30,13,11846072320,36,0.05140332725352125,0.9858016619184712
EleutherAI/pythia-12b,100001,step100000,30,14,11846072320,36,0.051084748793857826,0.995017323229048
EleutherAI/pythia-12b,100001,step100000,30,15,11846072320,36,0.07567740137920943,0.8987012113536801
EleutherAI/pythia-12b,100001,step100000,30,16,11846072320,36,0.08218318422803197,0.7490789909978529
EleutherAI/pythia-12b,100001,step100000,30,17,11846072320,36,0.05367578174667177,0.9773492954514764
EleutherAI/pythia-12b,100001,step100000,30,18,11846072320,36,0.052109240621395436,0.9427403521251392
EleutherAI/pythia-12b,100001,step100000,30,19,11846072320,36,0.030134198385187272,0.4392512673372263
EleutherAI/pythia-12b,100001,step100000,30,20,11846072320,36,0.05966275273444681,0.9344026423073388
EleutherAI/pythia-12b,100001,step100000,30,21,11846072320,36,0.05112179947105252,0.9884109519444428
EleutherAI/pythia-12b,100001,step100000,30,22,11846072320,36,0.08367470946014706,0.48952480140435806
EleutherAI/pythia-12b,100001,step100000,30,23,11846072320,36,0.05026404263994264,0.9997815535412179
EleutherAI/pythia-12b,100001,step100000,30,24,11846072320,36,0.05610612150024361,0.9644899364258792
EleutherAI/pythia-12b,100001,step100000,30,25,11846072320,36,0.05102046458022637,0.9795520682413656
EleutherAI/pythia-12b,100001,step100000,30,26,11846072320,36,0.05271135355617187,0.9709915611389521
EleutherAI/pythia-12b,100001,step100000,30,27,11846072320,36,0.05026379278819031,0.9998862289630615
EleutherAI/pythia-12b,100001,step100000,30,28,11846072320,36,0.050878094574967885,0.9901671394392535
EleutherAI/pythia-12b,100001,step100000,30,29,11846072320,36,0.17553086926763475,0.5420737661667414
EleutherAI/pythia-12b,100001,step100000,30,30,11846072320,36,0.06377099134453063,0.8971121434469123
EleutherAI/pythia-12b,100001,step100000,30,31,11846072320,36,0.19283075687718818,0.3742291112584215
EleutherAI/pythia-12b,100001,step100000,30,32,11846072320,36,0.06587744779974307,0.8818828485481016
EleutherAI/pythia-12b,100001,step100000,30,33,11846072320,36,0.05478957986078772,0.9024929498677497
EleutherAI/pythia-12b,100001,step100000,30,34,11846072320,36,0.05205263840957532,0.9768361757109473
EleutherAI/pythia-12b,100001,step100000,30,35,11846072320,36,0.3624974512928599,0.12089372544015219
EleutherAI/pythia-12b,100001,step100000,30,36,11846072320,36,0.055185896435377704,0.8847147758390095
EleutherAI/pythia-12b,100001,step100000,30,37,11846072320,36,0.10258771539400062,0.647732862525874
EleutherAI/pythia-12b,100001,step100000,30,38,11846072320,36,0.05486033075732418,0.9521901466556497
EleutherAI/pythia-12b,100001,step100000,30,39,11846072320,36,0.0578053518080966,0.9208959505051464
EleutherAI/pythia-12b,100001,step100000,30,40,11846072320,36,0.05149101694575968,0.9780207106748501
EleutherAI/pythia-12b,100001,step100000,31,1,11846072320,36,0.06869591409815946,0.8310364752381414
EleutherAI/pythia-12b,100001,step100000,31,2,11846072320,36,0.052222160402931476,0.9809527399840655
EleutherAI/pythia-12b,100001,step100000,31,3,11846072320,36,0.05363585073333062,0.9733066126122489
EleutherAI/pythia-12b,100001,step100000,31,4,11846072320,36,0.05985412473144291,0.8868151613407664
EleutherAI/pythia-12b,100001,step100000,31,5,11846072320,36,0.05064418393134082,0.9801126809807511
EleutherAI/pythia-12b,100001,step100000,31,6,11846072320,36,0.05183449633805463,0.9837631274003524
EleutherAI/pythia-12b,100001,step100000,31,7,11846072320,36,0.08293731029595694,0.7693793225932766
EleutherAI/pythia-12b,100001,step100000,31,8,11846072320,36,0.05404598779931615,0.9487615771837778
EleutherAI/pythia-12b,100001,step100000,31,9,11846072320,36,0.05130337775676499,0.9713640577263303
EleutherAI/pythia-12b,100001,step100000,31,10,11846072320,36,0.05045043119748871,0.996407322070978
EleutherAI/pythia-12b,100001,step100000,31,11,11846072320,36,0.1549952712872096,0.5992189441491533
EleutherAI/pythia-12b,100001,step100000,31,12,11846072320,36,0.056035800857956036,0.9003708812746558
EleutherAI/pythia-12b,100001,step100000,31,13,11846072320,36,0.05272449927499609,0.970232677352321
EleutherAI/pythia-12b,100001,step100000,31,14,11846072320,36,0.039207903193533594,0.5740413621918217
EleutherAI/pythia-12b,100001,step100000,31,15,11846072320,36,0.051871084837472256,0.981115705168641
EleutherAI/pythia-12b,100001,step100000,31,16,11846072320,36,0.069047869171936,0.8387967774549404
EleutherAI/pythia-12b,100001,step100000,31,17,11846072320,36,0.06339503576393114,0.8872689668301705
EleutherAI/pythia-12b,100001,step100000,31,18,11846072320,36,0.05416651860903105,0.9798841983885378
EleutherAI/pythia-12b,100001,step100000,31,19,11846072320,36,0.05326520323238748,0.9700134542432275
EleutherAI/pythia-12b,100001,step100000,31,20,11846072320,36,0.0563130547899428,0.9656240842542849
EleutherAI/pythia-12b,100001,step100000,31,21,11846072320,36,0.05026379278819031,0.9999396443009019
EleutherAI/pythia-12b,100001,step100000,31,22,11846072320,36,0.06400788552896884,0.9425763315982647
EleutherAI/pythia-12b,100001,step100000,31,23,11846072320,36,0.29787233150801856,0.6942893910157429
EleutherAI/pythia-12b,100001,step100000,31,24,11846072320,36,0.05026379278819031,0.9999954500892857
EleutherAI/pythia-12b,100001,step100000,31,25,11846072320,36,0.06997110546418313,0.9127715028621055
EleutherAI/pythia-12b,100001,step100000,31,26,11846072320,36,0.053872500501528295,0.9677914453966839
EleutherAI/pythia-12b,100001,step100000,31,27,11846072320,36,0.05539206323820769,0.959909932659911
EleutherAI/pythia-12b,100001,step100000,31,28,11846072320,36,0.053227303834917264,0.9695273560357165
EleutherAI/pythia-12b,100001,step100000,31,29,11846072320,36,0.0515982059778662,0.9628549057084161
EleutherAI/pythia-12b,100001,step100000,31,30,11846072320,36,0.05300267349282561,0.9723584515017432
EleutherAI/pythia-12b,100001,step100000,31,31,11846072320,36,0.0644211428755245,0.8666787744239643
EleutherAI/pythia-12b,100001,step100000,31,32,11846072320,36,0.05057418678800484,0.9919876138548235
EleutherAI/pythia-12b,100001,step100000,31,33,11846072320,36,0.05158317496569392,0.983963348486044
EleutherAI/pythia-12b,100001,step100000,31,34,11846072320,36,0.053244476501659276,0.9496358940685475
EleutherAI/pythia-12b,100001,step100000,31,35,11846072320,36,0.052498033811413714,0.9545907787195556
EleutherAI/pythia-12b,100001,step100000,31,36,11846072320,36,0.054082329948530586,0.9656021649594063
EleutherAI/pythia-12b,100001,step100000,31,37,11846072320,36,0.05231870415791104,0.9823891875801144
EleutherAI/pythia-12b,100001,step100000,31,38,11846072320,36,0.05026379307066353,0.9999089599908652
EleutherAI/pythia-12b,100001,step100000,31,39,11846072320,36,0.050449707029336974,0.9950462409683892
EleutherAI/pythia-12b,100001,step100000,31,40,11846072320,36,0.05450973964740963,0.9480312789703632
EleutherAI/pythia-12b,100001,step100000,32,1,11846072320,36,0.0687502803873164,0.9362972638270518
EleutherAI/pythia-12b,100001,step100000,32,2,11846072320,36,0.05088159488234385,0.9950664577720402
EleutherAI/pythia-12b,100001,step100000,32,3,11846072320,36,0.07840813200518082,0.7808592268475542
EleutherAI/pythia-12b,100001,step100000,32,4,11846072320,36,0.05313073079431755,0.9389606778686111
EleutherAI/pythia-12b,100001,step100000,32,5,11846072320,36,0.12661921262025114,0.29300861335820977
EleutherAI/pythia-12b,100001,step100000,32,6,11846072320,36,0.05140995507075394,0.9846190936841048
EleutherAI/pythia-12b,100001,step100000,32,7,11846072320,36,0.07938434115531305,0.8463366824137913
EleutherAI/pythia-12b,100001,step100000,32,8,11846072320,36,0.05124519210638804,0.9839738862471538
EleutherAI/pythia-12b,100001,step100000,32,9,11846072320,36,0.07309247369950705,0.788273272191261
EleutherAI/pythia-12b,100001,step100000,32,10,11846072320,36,0.05181198548413697,0.9824237935356908
EleutherAI/pythia-12b,100001,step100000,32,11,11846072320,36,0.05032599980973665,0.998556539371565
EleutherAI/pythia-12b,100001,step100000,32,12,11846072320,36,0.13441677512349304,0.5667850464448199
EleutherAI/pythia-12b,100001,step100000,32,13,11846072320,36,0.14041395944629878,0.7309423767410599
EleutherAI/pythia-12b,100001,step100000,32,14,11846072320,36,0.05210027145921016,0.982621507422702
EleutherAI/pythia-12b,100001,step100000,32,15,11846072320,36,0.051240844225550065,0.9889998733997345
EleutherAI/pythia-12b,100001,step100000,32,16,11846072320,36,0.057950357450647715,0.9612031915524343
EleutherAI/pythia-12b,100001,step100000,32,17,11846072320,36,0.05098408677925662,0.9868472923745623
EleutherAI/pythia-12b,100001,step100000,32,18,11846072320,36,0.0710412780652885,0.716833747296899
EleutherAI/pythia-12b,100001,step100000,32,19,11846072320,36,0.05026379278819031,1.0
EleutherAI/pythia-12b,100001,step100000,32,20,11846072320,36,0.05145135636136558,0.985728388076072
EleutherAI/pythia-12b,100001,step100000,32,21,11846072320,36,0.0458141474162337,0.7017838800544137
EleutherAI/pythia-12b,100001,step100000,32,22,11846072320,36,0.05301483859959706,0.9740497385775363
EleutherAI/pythia-12b,100001,step100000,32,23,11846072320,36,0.05026379278819031,1.0
EleutherAI/pythia-12b,100001,step100000,32,24,11846072320,36,0.05149809418206991,0.977830947966905
EleutherAI/pythia-12b,100001,step100000,32,25,11846072320,36,0.07236761933153452,0.7411460098740574
EleutherAI/pythia-12b,100001,step100000,32,26,11846072320,36,0.05432153890586199,0.8812327757254019
EleutherAI/pythia-12b,100001,step100000,32,27,11846072320,36,0.08771618815731846,0.8244643718362212
EleutherAI/pythia-12b,100001,step100000,32,28,11846072320,36,0.05177310377627875,0.9795889770304477
EleutherAI/pythia-12b,100001,step100000,32,29,11846072320,36,0.05464951601298941,0.9529575285342362
EleutherAI/pythia-12b,100001,step100000,32,30,11846072320,36,0.05162361915315589,0.9870072448396826
EleutherAI/pythia-12b,100001,step100000,32,31,11846072320,36,0.05062613062219349,0.9944103812133228
EleutherAI/pythia-12b,100001,step100000,32,32,11846072320,36,0.05491045105212305,0.936769948796825
EleutherAI/pythia-12b,100001,step100000,32,33,11846072320,36,0.05661065030777291,0.8600113684529657
EleutherAI/pythia-12b,100001,step100000,32,34,11846072320,36,0.08008467399462069,0.6808696547159562
EleutherAI/pythia-12b,100001,step100000,32,35,11846072320,36,0.056388676449007594,0.9458968808969578
EleutherAI/pythia-12b,100001,step100000,32,36,11846072320,36,0.053042501580339255,0.9680467336564451
EleutherAI/pythia-12b,100001,step100000,32,37,11846072320,36,0.10214697253014944,0.5148043218362439
EleutherAI/pythia-12b,100001,step100000,32,38,11846072320,36,0.05151780116911582,0.993271791809672
EleutherAI/pythia-12b,100001,step100000,32,39,11846072320,36,0.052496300557175156,0.9671364751485017
EleutherAI/pythia-12b,100001,step100000,32,40,11846072320,36,0.15259466192184443,0.8521538462724771
EleutherAI/pythia-12b,100001,step100000,33,1,11846072320,36,0.052467977662197365,0.9646610036805585
EleutherAI/pythia-12b,100001,step100000,33,2,11846072320,36,0.10768535459480894,0.5000878646522313
EleutherAI/pythia-12b,100001,step100000,33,3,11846072320,36,0.05043438365319376,0.9923760507915829
EleutherAI/pythia-12b,100001,step100000,33,4,11846072320,36,0.09258456011939029,0.8668101616539396
EleutherAI/pythia-12b,100001,step100000,33,5,11846072320,36,0.4024985046671318,0.1046922289942567
EleutherAI/pythia-12b,100001,step100000,33,6,11846072320,36,0.12181340350962433,0.4263715965857914
EleutherAI/pythia-12b,100001,step100000,33,7,11846072320,36,0.06413639893520384,0.8682442567011973
EleutherAI/pythia-12b,100001,step100000,33,8,11846072320,36,0.06121101527399304,0.877682525675755
EleutherAI/pythia-12b,100001,step100000,33,9,11846072320,36,0.05100505381707914,0.9878774351543851
EleutherAI/pythia-12b,100001,step100000,33,10,11846072320,36,0.10878506831701718,0.7340665250211149
EleutherAI/pythia-12b,100001,step100000,33,11,11846072320,36,0.0635796162459227,0.8582016841785328
EleutherAI/pythia-12b,100001,step100000,33,12,11846072320,36,0.05275413926058744,0.975948003386413
EleutherAI/pythia-12b,100001,step100000,33,13,11846072320,36,0.05092017426415602,0.9912817812896706
EleutherAI/pythia-12b,100001,step100000,33,14,11846072320,36,0.07835652398130105,0.9189824060992794
EleutherAI/pythia-12b,100001,step100000,33,15,11846072320,36,0.05365334392886033,0.9769629333112333
EleutherAI/pythia-12b,100001,step100000,33,16,11846072320,36,0.052728612319910266,0.9687698090577627
EleutherAI/pythia-12b,100001,step100000,33,17,11846072320,36,0.05443173171057398,0.9643491954953821
EleutherAI/pythia-12b,100001,step100000,33,18,11846072320,36,0.05325133809064687,0.97538614912971
EleutherAI/pythia-12b,100001,step100000,33,19,11846072320,36,0.05334923394701185,0.9723711501549672
EleutherAI/pythia-12b,100001,step100000,33,20,11846072320,36,0.056035362259560295,0.9061915428788813
EleutherAI/pythia-12b,100001,step100000,33,21,11846072320,36,0.0586103916031171,0.9013137568806385
EleutherAI/pythia-12b,100001,step100000,33,22,11846072320,36,0.0777820503708344,0.810293398775138
EleutherAI/pythia-12b,100001,step100000,33,23,11846072320,36,0.07321028585067468,0.786143325403467
EleutherAI/pythia-12b,100001,step100000,33,24,11846072320,36,0.04445935089515893,0.5679133902709406
EleutherAI/pythia-12b,100001,step100000,33,25,11846072320,36,0.07008069064663915,0.9111033199248729
EleutherAI/pythia-12b,100001,step100000,33,26,11846072320,36,0.053858397497764714,0.9617136892031979
EleutherAI/pythia-12b,100001,step100000,33,27,11846072320,36,0.051960099829002813,0.9731077973817562
EleutherAI/pythia-12b,100001,step100000,33,28,11846072320,36,0.07363203551211914,0.8466137295236459
EleutherAI/pythia-12b,100001,step100000,33,29,11846072320,36,0.05146283369410678,0.9865644492723562
EleutherAI/pythia-12b,100001,step100000,33,30,11846072320,36,0.05890055234731358,0.9459955215275109
EleutherAI/pythia-12b,100001,step100000,33,31,11846072320,36,0.05190767575754417,0.9861012297618138
EleutherAI/pythia-12b,100001,step100000,33,32,11846072320,36,0.06766227520470904,0.9243160961895017
EleutherAI/pythia-12b,100001,step100000,33,33,11846072320,36,0.050800167665993,0.9923060673314172
EleutherAI/pythia-12b,100001,step100000,33,34,11846072320,36,0.05846663887190206,0.9250789317372325
EleutherAI/pythia-12b,100001,step100000,33,35,11846072320,36,0.05955332206483848,0.8432921641939753
EleutherAI/pythia-12b,100001,step100000,33,36,11846072320,36,0.05568997964525854,0.9506388061397426
EleutherAI/pythia-12b,100001,step100000,33,37,11846072320,36,0.06274153456698775,0.9500913843736276
EleutherAI/pythia-12b,100001,step100000,33,38,11846072320,36,0.06761098863115088,0.7436019024467683
EleutherAI/pythia-12b,100001,step100000,33,39,11846072320,36,0.05067598178993917,0.9717616378008066
EleutherAI/pythia-12b,100001,step100000,33,40,11846072320,36,0.05026379278819031,0.9999228341801388
EleutherAI/pythia-12b,100001,step100000,34,1,11846072320,36,0.3783770153472373,0.23721564469394738
EleutherAI/pythia-12b,100001,step100000,34,2,11846072320,36,0.05327438706827175,0.962901639799635
EleutherAI/pythia-12b,100001,step100000,34,3,11846072320,36,0.050991426465027995,0.9839052984843383
EleutherAI/pythia-12b,100001,step100000,34,4,11846072320,36,0.05357216585196086,0.9660236477941364
EleutherAI/pythia-12b,100001,step100000,34,5,11846072320,36,0.14078310429322732,0.5652071151423741
EleutherAI/pythia-12b,100001,step100000,34,6,11846072320,36,0.07681710014047025,0.9352753734266436
EleutherAI/pythia-12b,100001,step100000,34,7,11846072320,36,0.05973947068692124,0.9394560568146519
EleutherAI/pythia-12b,100001,step100000,34,8,11846072320,36,0.13924601046765617,0.8716712106276561
EleutherAI/pythia-12b,100001,step100000,34,9,11846072320,36,0.05026379278819031,0.9999999939142404
EleutherAI/pythia-12b,100001,step100000,34,10,11846072320,36,0.10649798199668657,0.5993446174326602
EleutherAI/pythia-12b,100001,step100000,34,11,11846072320,36,0.05053494155809682,0.9962388400558952
EleutherAI/pythia-12b,100001,step100000,34,12,11846072320,36,0.05026379278819031,0.9999999999105036
EleutherAI/pythia-12b,100001,step100000,34,13,11846072320,36,0.05026379278819031,0.9999977900638236
EleutherAI/pythia-12b,100001,step100000,34,14,11846072320,36,0.05228027310250351,0.9810660570054441
EleutherAI/pythia-12b,100001,step100000,34,15,11846072320,36,0.053140739211812574,0.9771655917436153
EleutherAI/pythia-12b,100001,step100000,34,16,11846072320,36,0.051159456264585575,0.9820639481236627
EleutherAI/pythia-12b,100001,step100000,34,17,11846072320,36,0.09411097284093181,0.8336748137577876
EleutherAI/pythia-12b,100001,step100000,34,18,11846072320,36,0.05233056350770562,0.9765038692557418
EleutherAI/pythia-12b,100001,step100000,34,19,11846072320,36,0.07177439554351134,0.9363091455565559
EleutherAI/pythia-12b,100001,step100000,34,20,11846072320,36,0.48769477506478626,0.08301382881586433
EleutherAI/pythia-12b,100001,step100000,34,21,11846072320,36,0.1274923245358216,0.5255186983549202
EleutherAI/pythia-12b,100001,step100000,34,22,11846072320,36,0.05639520194219783,0.8378447457566276
EleutherAI/pythia-12b,100001,step100000,34,23,11846072320,36,0.05116754809573468,0.9921014547885001
EleutherAI/pythia-12b,100001,step100000,34,24,11846072320,36,0.0948774273823331,0.7988366456898125
EleutherAI/pythia-12b,100001,step100000,34,25,11846072320,36,0.22934688999130198,0.5527262094321551
EleutherAI/pythia-12b,100001,step100000,34,26,11846072320,36,0.0573939262559307,0.9479655219806923
EleutherAI/pythia-12b,100001,step100000,34,27,11846072320,36,0.10877137662221983,0.8671503774933629
EleutherAI/pythia-12b,100001,step100000,34,28,11846072320,36,0.05470932221498795,0.9676253992516
EleutherAI/pythia-12b,100001,step100000,34,29,11846072320,36,0.051942801309956405,0.9797819966489488
EleutherAI/pythia-12b,100001,step100000,34,30,11846072320,36,0.05052606308379685,0.9942035927428855
EleutherAI/pythia-12b,100001,step100000,34,31,11846072320,36,0.050429038635969634,0.9904035788935583
EleutherAI/pythia-12b,100001,step100000,34,32,11846072320,36,0.05541735490806419,0.9457369917505855
EleutherAI/pythia-12b,100001,step100000,34,33,11846072320,36,0.18849218485166536,0.416585029077691
EleutherAI/pythia-12b,100001,step100000,34,34,11846072320,36,0.13031993447257587,0.6367106878005706
EleutherAI/pythia-12b,100001,step100000,34,35,11846072320,36,0.052273635088267496,0.9848855939713327
EleutherAI/pythia-12b,100001,step100000,34,36,11846072320,36,0.08365748331856884,0.6348439332198452
EleutherAI/pythia-12b,100001,step100000,34,37,11846072320,36,0.053572736139333686,0.9733886961285416
EleutherAI/pythia-12b,100001,step100000,34,38,11846072320,36,0.05177488789946821,0.9869189756858098
EleutherAI/pythia-12b,100001,step100000,34,39,11846072320,36,0.057395476846488616,0.9237022322711644
EleutherAI/pythia-12b,100001,step100000,34,40,11846072320,36,0.0505380146904616,0.9938389865664748
EleutherAI/pythia-12b,100001,step100000,35,1,11846072320,36,0.08696739047810476,0.8300348987002989
EleutherAI/pythia-12b,100001,step100000,35,2,11846072320,36,0.05026379278819031,1.0
EleutherAI/pythia-12b,100001,step100000,35,3,11846072320,36,0.30494420054751825,0.16029220489455054
EleutherAI/pythia-12b,100001,step100000,35,4,11846072320,36,0.05026379278819031,0.9999675362317769
EleutherAI/pythia-12b,100001,step100000,35,5,11846072320,36,0.05026379278819031,0.9999999355625462
EleutherAI/pythia-12b,100001,step100000,35,6,11846072320,36,0.052328700201121583,0.9823937206654936
EleutherAI/pythia-12b,100001,step100000,35,7,11846072320,36,0.05026379278819031,1.0
EleutherAI/pythia-12b,100001,step100000,35,8,11846072320,36,0.05249408224888433,0.9647325156508265
EleutherAI/pythia-12b,100001,step100000,35,9,11846072320,36,0.05026379278819031,1.0
EleutherAI/pythia-12b,100001,step100000,35,10,11846072320,36,0.05026379278819031,1.0
EleutherAI/pythia-12b,100001,step100000,35,11,11846072320,36,0.11655316610649985,0.33696293396534055
EleutherAI/pythia-12b,100001,step100000,35,12,11846072320,36,0.060782368188617604,0.9264176413640604
EleutherAI/pythia-12b,100001,step100000,35,13,11846072320,36,0.681972754923431,0.0910211119286201
EleutherAI/pythia-12b,100001,step100000,35,14,11846072320,36,0.07588683901768588,0.9182128513136784
EleutherAI/pythia-12b,100001,step100000,35,15,11846072320,36,0.05928560243164361,0.9332473396628469
EleutherAI/pythia-12b,100001,step100000,35,16,11846072320,36,0.05033683108428752,0.9992944161455195
EleutherAI/pythia-12b,100001,step100000,35,17,11846072320,36,0.05026379278819031,1.0
EleutherAI/pythia-12b,100001,step100000,35,18,11846072320,36,0.05331358433192083,0.967935190723465
EleutherAI/pythia-12b,100001,step100000,35,19,11846072320,36,0.05026379278819031,1.0
EleutherAI/pythia-12b,100001,step100000,35,20,11846072320,36,0.05026379278819031,1.0
EleutherAI/pythia-12b,100001,step100000,35,21,11846072320,36,0.10518454507205843,0.5321225898267629
EleutherAI/pythia-12b,100001,step100000,35,22,11846072320,36,0.055180686527748435,0.9725010188313218
EleutherAI/pythia-12b,100001,step100000,35,23,11846072320,36,0.05026379278819031,1.0
EleutherAI/pythia-12b,100001,step100000,35,24,11846072320,36,0.05026379278819031,1.0
EleutherAI/pythia-12b,100001,step100000,35,25,11846072320,36,0.05695951130806098,0.9378343799987713
EleutherAI/pythia-12b,100001,step100000,35,26,11846072320,36,0.03710860495870119,0.8632448723724296
EleutherAI/pythia-12b,100001,step100000,35,27,11846072320,36,0.050263794608884,0.9999984800815582
EleutherAI/pythia-12b,100001,step100000,35,28,11846072320,36,0.05026379278819031,1.0
EleutherAI/pythia-12b,100001,step100000,35,29,11846072320,36,0.05026379278819031,1.0
EleutherAI/pythia-12b,100001,step100000,35,30,11846072320,36,0.05026379278819031,1.0
EleutherAI/pythia-12b,100001,step100000,35,31,11846072320,36,0.20931096044970343,0.4773829614256953
EleutherAI/pythia-12b,100001,step100000,35,32,11846072320,36,0.05238946502565579,0.9702888595180826
EleutherAI/pythia-12b,100001,step100000,35,33,11846072320,36,0.05026379278819031,0.9999994733133115
EleutherAI/pythia-12b,100001,step100000,35,34,11846072320,36,0.051640929475247635,0.9873071039045179
EleutherAI/pythia-12b,100001,step100000,35,35,11846072320,36,0.04583555856940859,0.972036775973466
EleutherAI/pythia-12b,100001,step100000,35,36,11846072320,36,0.2534832396564093,0.3477285306665811
EleutherAI/pythia-12b,100001,step100000,35,37,11846072320,36,0.2059263785903876,0.5677106563706655
EleutherAI/pythia-12b,100001,step100000,35,38,11846072320,36,0.1691133324560281,0.7491015417182499
EleutherAI/pythia-12b,100001,step100000,35,39,11846072320,36,0.05151219609789209,0.9898874680022219
EleutherAI/pythia-12b,100001,step100000,35,40,11846072320,36,0.08009188491277751,0.6971182563417667
EleutherAI/pythia-12b,100001,step100000,36,1,11846072320,36,0.6164575719887072,0.07982444108181347
EleutherAI/pythia-12b,100001,step100000,36,2,11846072320,36,0.05026379321749366,0.9999999108615222
EleutherAI/pythia-12b,100001,step100000,36,3,11846072320,36,0.14571216273437565,0.07669386877496541
EleutherAI/pythia-12b,100001,step100000,36,4,11846072320,36,0.05026379333775454,0.9999988498809459
EleutherAI/pythia-12b,100001,step100000,36,5,11846072320,36,0.052037512476215936,0.9703691837576417
EleutherAI/pythia-12b,100001,step100000,36,6,11846072320,36,0.0522106483920586,0.9265956543945335
EleutherAI/pythia-12b,100001,step100000,36,7,11846072320,36,0.055626318279609,0.9714586617531361
EleutherAI/pythia-12b,100001,step100000,36,8,11846072320,36,0.06663939691856276,0.9757861332134442
EleutherAI/pythia-12b,100001,step100000,36,9,11846072320,36,0.05027429522336778,0.9998599983550407
EleutherAI/pythia-12b,100001,step100000,36,10,11846072320,36,0.05026379300354118,0.9999890015110955
EleutherAI/pythia-12b,100001,step100000,36,11,11846072320,36,0.05121188282172329,0.9872304773903466
EleutherAI/pythia-12b,100001,step100000,36,12,11846072320,36,0.05128089407481271,0.9908447493840983
EleutherAI/pythia-12b,100001,step100000,36,13,11846072320,36,0.0543431760421632,0.9665544664000606
EleutherAI/pythia-12b,100001,step100000,36,14,11846072320,36,0.050263792726661496,0.999999971808614
EleutherAI/pythia-12b,100001,step100000,36,15,11846072320,36,0.06558345727952523,0.9626958985049445
EleutherAI/pythia-12b,100001,step100000,36,16,11846072320,36,0.05026380927791374,0.9999073521868961
EleutherAI/pythia-12b,100001,step100000,36,17,11846072320,36,0.0963648383326649,0.46725522195388963
EleutherAI/pythia-12b,100001,step100000,36,18,11846072320,36,0.051254133193253,0.9916348358890316
EleutherAI/pythia-12b,100001,step100000,36,19,11846072320,36,0.05061636435835654,0.9958000404161734
EleutherAI/pythia-12b,100001,step100000,36,20,11846072320,36,0.061831901844188124,0.9647773957109308
EleutherAI/pythia-12b,100001,step100000,36,21,11846072320,36,0.050335847323777126,0.9992430144781107
EleutherAI/pythia-12b,100001,step100000,36,22,11846072320,36,0.0502637928525159,0.9999963858643094
EleutherAI/pythia-12b,100001,step100000,36,23,11846072320,36,0.05026379278819031,0.9999874179606681
EleutherAI/pythia-12b,100001,step100000,36,24,11846072320,36,0.45846692445847365,0.0618174767468471
EleutherAI/pythia-12b,100001,step100000,36,25,11846072320,36,0.05026379278819031,0.9999929672783917
EleutherAI/pythia-12b,100001,step100000,36,26,11846072320,36,0.0529077006755648,0.9885942575272855
EleutherAI/pythia-12b,100001,step100000,36,27,11846072320,36,0.05115897128884271,0.9945755361973703
EleutherAI/pythia-12b,100001,step100000,36,28,11846072320,36,0.05124076124135255,0.990731942224073
EleutherAI/pythia-12b,100001,step100000,36,29,11846072320,36,0.05291422135294509,0.9701071376199121
EleutherAI/pythia-12b,100001,step100000,36,30,11846072320,36,0.05026379278819031,0.9999959410668852
EleutherAI/pythia-12b,100001,step100000,36,31,11846072320,36,0.06184196592149161,0.9614099584542237
EleutherAI/pythia-12b,100001,step100000,36,32,11846072320,36,0.050346799980703544,0.9993014040293994
EleutherAI/pythia-12b,100001,step100000,36,33,11846072320,36,0.049866429937013325,0.7408127160043688
EleutherAI/pythia-12b,100001,step100000,36,34,11846072320,36,0.0887153012532595,0.6739585639701949
EleutherAI/pythia-12b,100001,step100000,36,35,11846072320,36,0.054542440200726496,0.9294398072156104
EleutherAI/pythia-12b,100001,step100000,36,36,11846072320,36,0.05026379278819031,0.9999971083692603
EleutherAI/pythia-12b,100001,step100000,36,37,11846072320,36,0.052134930701540357,0.9851935388626637
EleutherAI/pythia-12b,100001,step100000,36,38,11846072320,36,0.05026379275742591,0.9999984051730182
EleutherAI/pythia-12b,100001,step100000,36,39,11846072320,36,0.05027657125547927,0.9998526194611111
EleutherAI/pythia-12b,100001,step100000,36,40,11846072320,36,0.05026379278819031,0.9999999992840283
