mpath,step,revision,n_params,n_layers,n_heads,sample,layer,head,ps,ar_acc,ar_mean_rank
EleutherAI/pythia-70m,50000,step50000,70426624,6,8,0,0,0,0.009448254480957985,0.2199999988079071,12019.1201171875
EleutherAI/pythia-70m,50000,step50000,70426624,6,8,0,0,1,0.0003854286333080381,0.2199999988079071,12019.1201171875
EleutherAI/pythia-70m,50000,step50000,70426624,6,8,0,0,2,0.015357458963990211,0.2199999988079071,12019.1201171875
EleutherAI/pythia-70m,50000,step50000,70426624,6,8,0,0,3,0.0007870556437410414,0.2199999988079071,12019.1201171875
EleutherAI/pythia-70m,50000,step50000,70426624,6,8,0,0,4,0.0006570356199517846,0.2199999988079071,12019.1201171875
EleutherAI/pythia-70m,50000,step50000,70426624,6,8,0,0,5,1.0019745786848944e-05,0.2199999988079071,12019.1201171875
EleutherAI/pythia-70m,50000,step50000,70426624,6,8,0,0,6,0.009630130603909492,0.2199999988079071,12019.1201171875
EleutherAI/pythia-70m,50000,step50000,70426624,6,8,0,0,7,0.0007641884731128812,0.2199999988079071,12019.1201171875
EleutherAI/pythia-70m,50000,step50000,70426624,6,8,0,1,0,0.008987332694232464,0.2199999988079071,12019.1201171875
EleutherAI/pythia-70m,50000,step50000,70426624,6,8,0,1,1,1.9239114408264868e-05,0.2199999988079071,12019.1201171875
EleutherAI/pythia-70m,50000,step50000,70426624,6,8,0,1,2,0.00013270616182126105,0.2199999988079071,12019.1201171875
EleutherAI/pythia-70m,50000,step50000,70426624,6,8,0,1,3,4.352917130745482e-06,0.2199999988079071,12019.1201171875
EleutherAI/pythia-70m,50000,step50000,70426624,6,8,0,1,4,0.00811521615833044,0.2199999988079071,12019.1201171875
EleutherAI/pythia-70m,50000,step50000,70426624,6,8,0,1,5,0.0010976707562804222,0.2199999988079071,12019.1201171875
EleutherAI/pythia-70m,50000,step50000,70426624,6,8,0,1,6,0.0031529387924820185,0.2199999988079071,12019.1201171875
EleutherAI/pythia-70m,50000,step50000,70426624,6,8,0,1,7,0.0010896738385781646,0.2199999988079071,12019.1201171875
EleutherAI/pythia-70m,50000,step50000,70426624,6,8,0,2,0,0.0013873082352802157,0.2199999988079071,12019.1201171875
EleutherAI/pythia-70m,50000,step50000,70426624,6,8,0,2,1,3.568915302176734e-11,0.2199999988079071,12019.1201171875
EleutherAI/pythia-70m,50000,step50000,70426624,6,8,0,2,2,0.0015425292076542974,0.2199999988079071,12019.1201171875
EleutherAI/pythia-70m,50000,step50000,70426624,6,8,0,2,3,0.0013074048329144716,0.2199999988079071,12019.1201171875
EleutherAI/pythia-70m,50000,step50000,70426624,6,8,0,2,4,8.882227007234178e-07,0.2199999988079071,12019.1201171875
EleutherAI/pythia-70m,50000,step50000,70426624,6,8,0,2,5,0.012954838573932648,0.2199999988079071,12019.1201171875
EleutherAI/pythia-70m,50000,step50000,70426624,6,8,0,2,6,0.00608429778367281,0.2199999988079071,12019.1201171875
EleutherAI/pythia-70m,50000,step50000,70426624,6,8,0,2,7,8.816994522931054e-06,0.2199999988079071,12019.1201171875
EleutherAI/pythia-70m,50000,step50000,70426624,6,8,0,3,0,0.1422235071659088,0.2199999988079071,12019.1201171875
EleutherAI/pythia-70m,50000,step50000,70426624,6,8,0,3,1,0.3263683319091797,0.2199999988079071,12019.1201171875
EleutherAI/pythia-70m,50000,step50000,70426624,6,8,0,3,2,0.0015142130432650447,0.2199999988079071,12019.1201171875
EleutherAI/pythia-70m,50000,step50000,70426624,6,8,0,3,3,0.01216557715088129,0.2199999988079071,12019.1201171875
EleutherAI/pythia-70m,50000,step50000,70426624,6,8,0,3,4,0.005117726977914572,0.2199999988079071,12019.1201171875
EleutherAI/pythia-70m,50000,step50000,70426624,6,8,0,3,5,0.3251994848251343,0.2199999988079071,12019.1201171875
EleutherAI/pythia-70m,50000,step50000,70426624,6,8,0,3,6,0.5091807842254639,0.2199999988079071,12019.1201171875
EleutherAI/pythia-70m,50000,step50000,70426624,6,8,0,3,7,0.01014475803822279,0.2199999988079071,12019.1201171875
EleutherAI/pythia-70m,50000,step50000,70426624,6,8,0,4,0,0.012217334471642971,0.2199999988079071,12019.1201171875
EleutherAI/pythia-70m,50000,step50000,70426624,6,8,0,4,1,0.014928404241800308,0.2199999988079071,12019.1201171875
EleutherAI/pythia-70m,50000,step50000,70426624,6,8,0,4,2,0.023410439491271973,0.2199999988079071,12019.1201171875
EleutherAI/pythia-70m,50000,step50000,70426624,6,8,0,4,3,0.022589068859815598,0.2199999988079071,12019.1201171875
EleutherAI/pythia-70m,50000,step50000,70426624,6,8,0,4,4,0.013797532767057419,0.2199999988079071,12019.1201171875
EleutherAI/pythia-70m,50000,step50000,70426624,6,8,0,4,5,0.010561499744653702,0.2199999988079071,12019.1201171875
EleutherAI/pythia-70m,50000,step50000,70426624,6,8,0,4,6,0.020401068031787872,0.2199999988079071,12019.1201171875
EleutherAI/pythia-70m,50000,step50000,70426624,6,8,0,4,7,0.02916378527879715,0.2199999988079071,12019.1201171875
EleutherAI/pythia-70m,50000,step50000,70426624,6,8,0,5,0,0.00538194365799427,0.2199999988079071,12019.1201171875
EleutherAI/pythia-70m,50000,step50000,70426624,6,8,0,5,1,0.0009998662862926722,0.2199999988079071,12019.1201171875
EleutherAI/pythia-70m,50000,step50000,70426624,6,8,0,5,2,0.0022036749869585037,0.2199999988079071,12019.1201171875
EleutherAI/pythia-70m,50000,step50000,70426624,6,8,0,5,3,0.0002459093520883471,0.2199999988079071,12019.1201171875
EleutherAI/pythia-70m,50000,step50000,70426624,6,8,0,5,4,0.002213774248957634,0.2199999988079071,12019.1201171875
EleutherAI/pythia-70m,50000,step50000,70426624,6,8,0,5,5,0.005079607479274273,0.2199999988079071,12019.1201171875
EleutherAI/pythia-70m,50000,step50000,70426624,6,8,0,5,6,0.006116158328950405,0.2199999988079071,12019.1201171875
EleutherAI/pythia-70m,50000,step50000,70426624,6,8,0,5,7,6.482822755060624e-06,0.2199999988079071,12019.1201171875
EleutherAI/pythia-70m,50000,step50000,70426624,6,8,1,0,0,0.0067117176949977875,0.03999999910593033,16071.599609375
EleutherAI/pythia-70m,50000,step50000,70426624,6,8,1,0,1,0.0002709996188059449,0.03999999910593033,16071.599609375
EleutherAI/pythia-70m,50000,step50000,70426624,6,8,1,0,2,0.008738632313907146,0.03999999910593033,16071.599609375
EleutherAI/pythia-70m,50000,step50000,70426624,6,8,1,0,3,0.0005667798104695976,0.03999999910593033,16071.599609375
EleutherAI/pythia-70m,50000,step50000,70426624,6,8,1,0,4,0.0016366130439564586,0.03999999910593033,16071.599609375
EleutherAI/pythia-70m,50000,step50000,70426624,6,8,1,0,5,5.198982034926303e-05,0.03999999910593033,16071.599609375
EleutherAI/pythia-70m,50000,step50000,70426624,6,8,1,0,6,0.009054715745151043,0.03999999910593033,16071.599609375
EleutherAI/pythia-70m,50000,step50000,70426624,6,8,1,0,7,0.001233339193277061,0.03999999910593033,16071.599609375
EleutherAI/pythia-70m,50000,step50000,70426624,6,8,1,1,0,0.008608880452811718,0.03999999910593033,16071.599609375
EleutherAI/pythia-70m,50000,step50000,70426624,6,8,1,1,1,3.6648798413807526e-05,0.03999999910593033,16071.599609375
EleutherAI/pythia-70m,50000,step50000,70426624,6,8,1,1,2,0.00040042426553554833,0.03999999910593033,16071.599609375
EleutherAI/pythia-70m,50000,step50000,70426624,6,8,1,1,3,2.4978348847071175e-06,0.03999999910593033,16071.599609375
EleutherAI/pythia-70m,50000,step50000,70426624,6,8,1,1,4,0.007769403513520956,0.03999999910593033,16071.599609375
EleutherAI/pythia-70m,50000,step50000,70426624,6,8,1,1,5,0.0010499154450371861,0.03999999910593033,16071.599609375
EleutherAI/pythia-70m,50000,step50000,70426624,6,8,1,1,6,0.003233560360968113,0.03999999910593033,16071.599609375
EleutherAI/pythia-70m,50000,step50000,70426624,6,8,1,1,7,0.001375991152599454,0.03999999910593033,16071.599609375
EleutherAI/pythia-70m,50000,step50000,70426624,6,8,1,2,0,0.002006834838539362,0.03999999910593033,16071.599609375
EleutherAI/pythia-70m,50000,step50000,70426624,6,8,1,2,1,1.3886700123144635e-10,0.03999999910593033,16071.599609375
EleutherAI/pythia-70m,50000,step50000,70426624,6,8,1,2,2,0.0025477909948676825,0.03999999910593033,16071.599609375
EleutherAI/pythia-70m,50000,step50000,70426624,6,8,1,2,3,0.0011057170340791345,0.03999999910593033,16071.599609375
EleutherAI/pythia-70m,50000,step50000,70426624,6,8,1,2,4,3.228408615996159e-07,0.03999999910593033,16071.599609375
EleutherAI/pythia-70m,50000,step50000,70426624,6,8,1,2,5,0.011883649975061417,0.03999999910593033,16071.599609375
EleutherAI/pythia-70m,50000,step50000,70426624,6,8,1,2,6,0.008855508640408516,0.03999999910593033,16071.599609375
EleutherAI/pythia-70m,50000,step50000,70426624,6,8,1,2,7,1.426926155545516e-05,0.03999999910593033,16071.599609375
EleutherAI/pythia-70m,50000,step50000,70426624,6,8,1,3,0,0.08840179443359375,0.03999999910593033,16071.599609375
EleutherAI/pythia-70m,50000,step50000,70426624,6,8,1,3,1,0.1895567774772644,0.03999999910593033,16071.599609375
EleutherAI/pythia-70m,50000,step50000,70426624,6,8,1,3,2,0.0025297768879681826,0.03999999910593033,16071.599609375
EleutherAI/pythia-70m,50000,step50000,70426624,6,8,1,3,3,0.012585453689098358,0.03999999910593033,16071.599609375
EleutherAI/pythia-70m,50000,step50000,70426624,6,8,1,3,4,0.005948667414486408,0.03999999910593033,16071.599609375
EleutherAI/pythia-70m,50000,step50000,70426624,6,8,1,3,5,0.20551300048828125,0.03999999910593033,16071.599609375
EleutherAI/pythia-70m,50000,step50000,70426624,6,8,1,3,6,0.3663119971752167,0.03999999910593033,16071.599609375
EleutherAI/pythia-70m,50000,step50000,70426624,6,8,1,3,7,0.010523965582251549,0.03999999910593033,16071.599609375
EleutherAI/pythia-70m,50000,step50000,70426624,6,8,1,4,0,0.011688419617712498,0.03999999910593033,16071.599609375
EleutherAI/pythia-70m,50000,step50000,70426624,6,8,1,4,1,0.012818604707717896,0.03999999910593033,16071.599609375
EleutherAI/pythia-70m,50000,step50000,70426624,6,8,1,4,2,0.017306223511695862,0.03999999910593033,16071.599609375
EleutherAI/pythia-70m,50000,step50000,70426624,6,8,1,4,3,0.016625763848423958,0.03999999910593033,16071.599609375
EleutherAI/pythia-70m,50000,step50000,70426624,6,8,1,4,4,0.013645470142364502,0.03999999910593033,16071.599609375
EleutherAI/pythia-70m,50000,step50000,70426624,6,8,1,4,5,0.010294667445123196,0.03999999910593033,16071.599609375
EleutherAI/pythia-70m,50000,step50000,70426624,6,8,1,4,6,0.01580551452934742,0.03999999910593033,16071.599609375
EleutherAI/pythia-70m,50000,step50000,70426624,6,8,1,4,7,0.019514702260494232,0.03999999910593033,16071.599609375
EleutherAI/pythia-70m,50000,step50000,70426624,6,8,1,5,0,0.004494118504226208,0.03999999910593033,16071.599609375
EleutherAI/pythia-70m,50000,step50000,70426624,6,8,1,5,1,0.0020367931574583054,0.03999999910593033,16071.599609375
EleutherAI/pythia-70m,50000,step50000,70426624,6,8,1,5,2,0.0017532026395201683,0.03999999910593033,16071.599609375
EleutherAI/pythia-70m,50000,step50000,70426624,6,8,1,5,3,0.0009869637433439493,0.03999999910593033,16071.599609375
EleutherAI/pythia-70m,50000,step50000,70426624,6,8,1,5,4,0.002588945906609297,0.03999999910593033,16071.599609375
EleutherAI/pythia-70m,50000,step50000,70426624,6,8,1,5,5,0.005152706056833267,0.03999999910593033,16071.599609375
EleutherAI/pythia-70m,50000,step50000,70426624,6,8,1,5,6,0.006195182912051678,0.03999999910593033,16071.599609375
EleutherAI/pythia-70m,50000,step50000,70426624,6,8,1,5,7,1.2723759027721826e-05,0.03999999910593033,16071.599609375
EleutherAI/pythia-70m,50000,step50000,70426624,6,8,2,0,0,0.007031904999166727,0.5,6896.83984375
EleutherAI/pythia-70m,50000,step50000,70426624,6,8,2,0,1,0.00019073109433520585,0.5,6896.83984375
EleutherAI/pythia-70m,50000,step50000,70426624,6,8,2,0,2,0.005669027101248503,0.5,6896.83984375
EleutherAI/pythia-70m,50000,step50000,70426624,6,8,2,0,3,0.0015477108536288142,0.5,6896.83984375
EleutherAI/pythia-70m,50000,step50000,70426624,6,8,2,0,4,0.0008541125571355224,0.5,6896.83984375
EleutherAI/pythia-70m,50000,step50000,70426624,6,8,2,0,5,0.0004114665789529681,0.5,6896.83984375
EleutherAI/pythia-70m,50000,step50000,70426624,6,8,2,0,6,0.009067114442586899,0.5,6896.83984375
EleutherAI/pythia-70m,50000,step50000,70426624,6,8,2,0,7,0.006958625745028257,0.5,6896.83984375
EleutherAI/pythia-70m,50000,step50000,70426624,6,8,2,1,0,0.007272452116012573,0.5,6896.83984375
EleutherAI/pythia-70m,50000,step50000,70426624,6,8,2,1,1,7.84394214861095e-05,0.5,6896.83984375
EleutherAI/pythia-70m,50000,step50000,70426624,6,8,2,1,2,0.0025559761561453342,0.5,6896.83984375
EleutherAI/pythia-70m,50000,step50000,70426624,6,8,2,1,3,4.2520528950262815e-05,0.5,6896.83984375
EleutherAI/pythia-70m,50000,step50000,70426624,6,8,2,1,4,0.007965979166328907,0.5,6896.83984375
EleutherAI/pythia-70m,50000,step50000,70426624,6,8,2,1,5,0.0010443676728755236,0.5,6896.83984375
EleutherAI/pythia-70m,50000,step50000,70426624,6,8,2,1,6,0.003429041476920247,0.5,6896.83984375
EleutherAI/pythia-70m,50000,step50000,70426624,6,8,2,1,7,0.0025910837575793266,0.5,6896.83984375
EleutherAI/pythia-70m,50000,step50000,70426624,6,8,2,2,0,0.0017702366458252072,0.5,6896.83984375
EleutherAI/pythia-70m,50000,step50000,70426624,6,8,2,2,1,7.929033124520757e-11,0.5,6896.83984375
EleutherAI/pythia-70m,50000,step50000,70426624,6,8,2,2,2,0.00227872165851295,0.5,6896.83984375
EleutherAI/pythia-70m,50000,step50000,70426624,6,8,2,2,3,0.00247525074519217,0.5,6896.83984375
EleutherAI/pythia-70m,50000,step50000,70426624,6,8,2,2,4,6.152707101136912e-06,0.5,6896.83984375
EleutherAI/pythia-70m,50000,step50000,70426624,6,8,2,2,5,0.018519237637519836,0.5,6896.83984375
EleutherAI/pythia-70m,50000,step50000,70426624,6,8,2,2,6,0.008441059850156307,0.5,6896.83984375
EleutherAI/pythia-70m,50000,step50000,70426624,6,8,2,2,7,1.794060881366022e-05,0.5,6896.83984375
EleutherAI/pythia-70m,50000,step50000,70426624,6,8,2,3,0,0.47087612748146057,0.5,6896.83984375
EleutherAI/pythia-70m,50000,step50000,70426624,6,8,2,3,1,0.633679211139679,0.5,6896.83984375
EleutherAI/pythia-70m,50000,step50000,70426624,6,8,2,3,2,0.002265561604872346,0.5,6896.83984375
EleutherAI/pythia-70m,50000,step50000,70426624,6,8,2,3,3,0.01900930143892765,0.5,6896.83984375
EleutherAI/pythia-70m,50000,step50000,70426624,6,8,2,3,4,0.004361232742667198,0.5,6896.83984375
EleutherAI/pythia-70m,50000,step50000,70426624,6,8,2,3,5,0.6052271127700806,0.5,6896.83984375
EleutherAI/pythia-70m,50000,step50000,70426624,6,8,2,3,6,0.7436972260475159,0.5,6896.83984375
EleutherAI/pythia-70m,50000,step50000,70426624,6,8,2,3,7,0.00973688717931509,0.5,6896.83984375
EleutherAI/pythia-70m,50000,step50000,70426624,6,8,2,4,0,0.02003468945622444,0.5,6896.83984375
EleutherAI/pythia-70m,50000,step50000,70426624,6,8,2,4,1,0.03651908412575722,0.5,6896.83984375
EleutherAI/pythia-70m,50000,step50000,70426624,6,8,2,4,2,0.05680561065673828,0.5,6896.83984375
EleutherAI/pythia-70m,50000,step50000,70426624,6,8,2,4,3,0.04028816521167755,0.5,6896.83984375
EleutherAI/pythia-70m,50000,step50000,70426624,6,8,2,4,4,0.02330264076590538,0.5,6896.83984375
EleutherAI/pythia-70m,50000,step50000,70426624,6,8,2,4,5,0.01480815652757883,0.5,6896.83984375
EleutherAI/pythia-70m,50000,step50000,70426624,6,8,2,4,6,0.04469052329659462,0.5,6896.83984375
EleutherAI/pythia-70m,50000,step50000,70426624,6,8,2,4,7,0.07871698588132858,0.5,6896.83984375
EleutherAI/pythia-70m,50000,step50000,70426624,6,8,2,5,0,0.005359442438930273,0.5,6896.83984375
EleutherAI/pythia-70m,50000,step50000,70426624,6,8,2,5,1,0.00044158316450193524,0.5,6896.83984375
EleutherAI/pythia-70m,50000,step50000,70426624,6,8,2,5,2,0.006521208677440882,0.5,6896.83984375
EleutherAI/pythia-70m,50000,step50000,70426624,6,8,2,5,3,2.0890396626782604e-05,0.5,6896.83984375
EleutherAI/pythia-70m,50000,step50000,70426624,6,8,2,5,4,0.005220596678555012,0.5,6896.83984375
EleutherAI/pythia-70m,50000,step50000,70426624,6,8,2,5,5,0.003320832271128893,0.5,6896.83984375
EleutherAI/pythia-70m,50000,step50000,70426624,6,8,2,5,6,0.008528787642717361,0.5,6896.83984375
EleutherAI/pythia-70m,50000,step50000,70426624,6,8,2,5,7,0.0001029745108098723,0.5,6896.83984375
EleutherAI/pythia-70m,50000,step50000,70426624,6,8,3,0,0,0.00838281400501728,0.4399999976158142,5987.56005859375
EleutherAI/pythia-70m,50000,step50000,70426624,6,8,3,0,1,0.0007516613695770502,0.4399999976158142,5987.56005859375
EleutherAI/pythia-70m,50000,step50000,70426624,6,8,3,0,2,0.011195756494998932,0.4399999976158142,5987.56005859375
EleutherAI/pythia-70m,50000,step50000,70426624,6,8,3,0,3,0.001020299969241023,0.4399999976158142,5987.56005859375
EleutherAI/pythia-70m,50000,step50000,70426624,6,8,3,0,4,0.0017159557901322842,0.4399999976158142,5987.56005859375
EleutherAI/pythia-70m,50000,step50000,70426624,6,8,3,0,5,0.00010299982386641204,0.4399999976158142,5987.56005859375
EleutherAI/pythia-70m,50000,step50000,70426624,6,8,3,0,6,0.008432598784565926,0.4399999976158142,5987.56005859375
EleutherAI/pythia-70m,50000,step50000,70426624,6,8,3,0,7,0.0009627193794585764,0.4399999976158142,5987.56005859375
EleutherAI/pythia-70m,50000,step50000,70426624,6,8,3,1,0,0.007613950874656439,0.4399999976158142,5987.56005859375
EleutherAI/pythia-70m,50000,step50000,70426624,6,8,3,1,1,0.00018948790966533124,0.4399999976158142,5987.56005859375
EleutherAI/pythia-70m,50000,step50000,70426624,6,8,3,1,2,0.0005392045713961124,0.4399999976158142,5987.56005859375
EleutherAI/pythia-70m,50000,step50000,70426624,6,8,3,1,3,9.838076039159205e-06,0.4399999976158142,5987.56005859375
EleutherAI/pythia-70m,50000,step50000,70426624,6,8,3,1,4,0.0066317226737737656,0.4399999976158142,5987.56005859375
EleutherAI/pythia-70m,50000,step50000,70426624,6,8,3,1,5,0.0011400885414332151,0.4399999976158142,5987.56005859375
EleutherAI/pythia-70m,50000,step50000,70426624,6,8,3,1,6,0.0029111341573297977,0.4399999976158142,5987.56005859375
EleutherAI/pythia-70m,50000,step50000,70426624,6,8,3,1,7,0.002963076811283827,0.4399999976158142,5987.56005859375
EleutherAI/pythia-70m,50000,step50000,70426624,6,8,3,2,0,0.0015464224852621555,0.4399999976158142,5987.56005859375
EleutherAI/pythia-70m,50000,step50000,70426624,6,8,3,2,1,1.3190368242099737e-10,0.4399999976158142,5987.56005859375
EleutherAI/pythia-70m,50000,step50000,70426624,6,8,3,2,2,0.0017524698050692677,0.4399999976158142,5987.56005859375
EleutherAI/pythia-70m,50000,step50000,70426624,6,8,3,2,3,0.002482031937688589,0.4399999976158142,5987.56005859375
EleutherAI/pythia-70m,50000,step50000,70426624,6,8,3,2,4,2.891909616664634e-06,0.4399999976158142,5987.56005859375
EleutherAI/pythia-70m,50000,step50000,70426624,6,8,3,2,5,0.0152505561709404,0.4399999976158142,5987.56005859375
EleutherAI/pythia-70m,50000,step50000,70426624,6,8,3,2,6,0.01066568586975336,0.4399999976158142,5987.56005859375
EleutherAI/pythia-70m,50000,step50000,70426624,6,8,3,2,7,5.812209565192461e-05,0.4399999976158142,5987.56005859375
EleutherAI/pythia-70m,50000,step50000,70426624,6,8,3,3,0,0.3535339832305908,0.4399999976158142,5987.56005859375
EleutherAI/pythia-70m,50000,step50000,70426624,6,8,3,3,1,0.5840300917625427,0.4399999976158142,5987.56005859375
EleutherAI/pythia-70m,50000,step50000,70426624,6,8,3,3,2,0.0018385860603302717,0.4399999976158142,5987.56005859375
EleutherAI/pythia-70m,50000,step50000,70426624,6,8,3,3,3,0.016103392466902733,0.4399999976158142,5987.56005859375
EleutherAI/pythia-70m,50000,step50000,70426624,6,8,3,3,4,0.0056075542233884335,0.4399999976158142,5987.56005859375
EleutherAI/pythia-70m,50000,step50000,70426624,6,8,3,3,5,0.6077685952186584,0.4399999976158142,5987.56005859375
EleutherAI/pythia-70m,50000,step50000,70426624,6,8,3,3,6,0.7272769808769226,0.4399999976158142,5987.56005859375
EleutherAI/pythia-70m,50000,step50000,70426624,6,8,3,3,7,0.010523349046707153,0.4399999976158142,5987.56005859375
EleutherAI/pythia-70m,50000,step50000,70426624,6,8,3,4,0,0.018976395949721336,0.4399999976158142,5987.56005859375
EleutherAI/pythia-70m,50000,step50000,70426624,6,8,3,4,1,0.03593101352453232,0.4399999976158142,5987.56005859375
EleutherAI/pythia-70m,50000,step50000,70426624,6,8,3,4,2,0.04030357673764229,0.4399999976158142,5987.56005859375
EleutherAI/pythia-70m,50000,step50000,70426624,6,8,3,4,3,0.031297676265239716,0.4399999976158142,5987.56005859375
EleutherAI/pythia-70m,50000,step50000,70426624,6,8,3,4,4,0.018008459359407425,0.4399999976158142,5987.56005859375
EleutherAI/pythia-70m,50000,step50000,70426624,6,8,3,4,5,0.013254581950604916,0.4399999976158142,5987.56005859375
EleutherAI/pythia-70m,50000,step50000,70426624,6,8,3,4,6,0.0339101143181324,0.4399999976158142,5987.56005859375
EleutherAI/pythia-70m,50000,step50000,70426624,6,8,3,4,7,0.05271073430776596,0.4399999976158142,5987.56005859375
EleutherAI/pythia-70m,50000,step50000,70426624,6,8,3,5,0,0.006242881529033184,0.4399999976158142,5987.56005859375
EleutherAI/pythia-70m,50000,step50000,70426624,6,8,3,5,1,0.005064371973276138,0.4399999976158142,5987.56005859375
EleutherAI/pythia-70m,50000,step50000,70426624,6,8,3,5,2,0.0018361281836405396,0.4399999976158142,5987.56005859375
EleutherAI/pythia-70m,50000,step50000,70426624,6,8,3,5,3,0.00032675269176252186,0.4399999976158142,5987.56005859375
EleutherAI/pythia-70m,50000,step50000,70426624,6,8,3,5,4,0.007347580045461655,0.4399999976158142,5987.56005859375
EleutherAI/pythia-70m,50000,step50000,70426624,6,8,3,5,5,0.00708243390545249,0.4399999976158142,5987.56005859375
EleutherAI/pythia-70m,50000,step50000,70426624,6,8,3,5,6,0.006227800622582436,0.4399999976158142,5987.56005859375
EleutherAI/pythia-70m,50000,step50000,70426624,6,8,3,5,7,1.2938925465277862e-05,0.4399999976158142,5987.56005859375
EleutherAI/pythia-70m,50000,step50000,70426624,6,8,4,0,0,0.008881878107786179,0.0,17911.640625
EleutherAI/pythia-70m,50000,step50000,70426624,6,8,4,0,1,0.0004657002573367208,0.0,17911.640625
EleutherAI/pythia-70m,50000,step50000,70426624,6,8,4,0,2,0.006913747638463974,0.0,17911.640625
EleutherAI/pythia-70m,50000,step50000,70426624,6,8,4,0,3,0.0008482274133712053,0.0,17911.640625
EleutherAI/pythia-70m,50000,step50000,70426624,6,8,4,0,4,0.0003947082150261849,0.0,17911.640625
EleutherAI/pythia-70m,50000,step50000,70426624,6,8,4,0,5,3.4040544960589614e-06,0.0,17911.640625
EleutherAI/pythia-70m,50000,step50000,70426624,6,8,4,0,6,0.009771893732249737,0.0,17911.640625
EleutherAI/pythia-70m,50000,step50000,70426624,6,8,4,0,7,0.0009399874252267182,0.0,17911.640625
EleutherAI/pythia-70m,50000,step50000,70426624,6,8,4,1,0,0.008759128861129284,0.0,17911.640625
EleutherAI/pythia-70m,50000,step50000,70426624,6,8,4,1,1,3.7701644032495096e-05,0.0,17911.640625
EleutherAI/pythia-70m,50000,step50000,70426624,6,8,4,1,2,0.00035547034349292517,0.0,17911.640625
EleutherAI/pythia-70m,50000,step50000,70426624,6,8,4,1,3,2.9084245397825725e-05,0.0,17911.640625
EleutherAI/pythia-70m,50000,step50000,70426624,6,8,4,1,4,0.01104916911572218,0.0,17911.640625
EleutherAI/pythia-70m,50000,step50000,70426624,6,8,4,1,5,0.0019704503938555717,0.0,17911.640625
EleutherAI/pythia-70m,50000,step50000,70426624,6,8,4,1,6,0.0026253017131239176,0.0,17911.640625
EleutherAI/pythia-70m,50000,step50000,70426624,6,8,4,1,7,0.0010481086792424321,0.0,17911.640625
EleutherAI/pythia-70m,50000,step50000,70426624,6,8,4,2,0,0.0023621926084160805,0.0,17911.640625
EleutherAI/pythia-70m,50000,step50000,70426624,6,8,4,2,1,8.923706218411098e-11,0.0,17911.640625
EleutherAI/pythia-70m,50000,step50000,70426624,6,8,4,2,2,0.004769783467054367,0.0,17911.640625
EleutherAI/pythia-70m,50000,step50000,70426624,6,8,4,2,3,0.0012720952508971095,0.0,17911.640625
EleutherAI/pythia-70m,50000,step50000,70426624,6,8,4,2,4,1.3108754046697868e-06,0.0,17911.640625
EleutherAI/pythia-70m,50000,step50000,70426624,6,8,4,2,5,0.01249050721526146,0.0,17911.640625
EleutherAI/pythia-70m,50000,step50000,70426624,6,8,4,2,6,0.012917549349367619,0.0,17911.640625
EleutherAI/pythia-70m,50000,step50000,70426624,6,8,4,2,7,3.736991129699163e-05,0.0,17911.640625
EleutherAI/pythia-70m,50000,step50000,70426624,6,8,4,3,0,0.03744959458708763,0.0,17911.640625
EleutherAI/pythia-70m,50000,step50000,70426624,6,8,4,3,1,0.10029418766498566,0.0,17911.640625
EleutherAI/pythia-70m,50000,step50000,70426624,6,8,4,3,2,0.002810485428199172,0.0,17911.640625
EleutherAI/pythia-70m,50000,step50000,70426624,6,8,4,3,3,0.014099285937845707,0.0,17911.640625
EleutherAI/pythia-70m,50000,step50000,70426624,6,8,4,3,4,0.008242428302764893,0.0,17911.640625
EleutherAI/pythia-70m,50000,step50000,70426624,6,8,4,3,5,0.10611604899168015,0.0,17911.640625
EleutherAI/pythia-70m,50000,step50000,70426624,6,8,4,3,6,0.20224535465240479,0.0,17911.640625
EleutherAI/pythia-70m,50000,step50000,70426624,6,8,4,3,7,0.012923505157232285,0.0,17911.640625
EleutherAI/pythia-70m,50000,step50000,70426624,6,8,4,4,0,0.012615196406841278,0.0,17911.640625
EleutherAI/pythia-70m,50000,step50000,70426624,6,8,4,4,1,0.013476992025971413,0.0,17911.640625
EleutherAI/pythia-70m,50000,step50000,70426624,6,8,4,4,2,0.01678112894296646,0.0,17911.640625
EleutherAI/pythia-70m,50000,step50000,70426624,6,8,4,4,3,0.017174208536744118,0.0,17911.640625
EleutherAI/pythia-70m,50000,step50000,70426624,6,8,4,4,4,0.014723421074450016,0.0,17911.640625
EleutherAI/pythia-70m,50000,step50000,70426624,6,8,4,4,5,0.0113504184409976,0.0,17911.640625
EleutherAI/pythia-70m,50000,step50000,70426624,6,8,4,4,6,0.015304453670978546,0.0,17911.640625
EleutherAI/pythia-70m,50000,step50000,70426624,6,8,4,4,7,0.016759615391492844,0.0,17911.640625
EleutherAI/pythia-70m,50000,step50000,70426624,6,8,4,5,0,0.010808801278471947,0.0,17911.640625
EleutherAI/pythia-70m,50000,step50000,70426624,6,8,4,5,1,0.0029495791532099247,0.0,17911.640625
EleutherAI/pythia-70m,50000,step50000,70426624,6,8,4,5,2,0.004569615237414837,0.0,17911.640625
EleutherAI/pythia-70m,50000,step50000,70426624,6,8,4,5,3,0.0007610845495946705,0.0,17911.640625
EleutherAI/pythia-70m,50000,step50000,70426624,6,8,4,5,4,0.0037656924687325954,0.0,17911.640625
EleutherAI/pythia-70m,50000,step50000,70426624,6,8,4,5,5,0.010666638612747192,0.0,17911.640625
EleutherAI/pythia-70m,50000,step50000,70426624,6,8,4,5,6,0.007464710623025894,0.0,17911.640625
EleutherAI/pythia-70m,50000,step50000,70426624,6,8,4,5,7,1.599448296474293e-05,0.0,17911.640625
EleutherAI/pythia-70m,50000,step50000,70426624,6,8,5,0,0,0.007062388584017754,0.46000000834465027,5591.14013671875
EleutherAI/pythia-70m,50000,step50000,70426624,6,8,5,0,1,0.000404882594011724,0.46000000834465027,5591.14013671875
EleutherAI/pythia-70m,50000,step50000,70426624,6,8,5,0,2,0.010485094040632248,0.46000000834465027,5591.14013671875
EleutherAI/pythia-70m,50000,step50000,70426624,6,8,5,0,3,0.0015002457657828927,0.46000000834465027,5591.14013671875
EleutherAI/pythia-70m,50000,step50000,70426624,6,8,5,0,4,0.004306991584599018,0.46000000834465027,5591.14013671875
EleutherAI/pythia-70m,50000,step50000,70426624,6,8,5,0,5,5.4495802032761276e-05,0.46000000834465027,5591.14013671875
EleutherAI/pythia-70m,50000,step50000,70426624,6,8,5,0,6,0.008378577418625355,0.46000000834465027,5591.14013671875
EleutherAI/pythia-70m,50000,step50000,70426624,6,8,5,0,7,0.0018149128882214427,0.46000000834465027,5591.14013671875
EleutherAI/pythia-70m,50000,step50000,70426624,6,8,5,1,0,0.009165567345917225,0.46000000834465027,5591.14013671875
EleutherAI/pythia-70m,50000,step50000,70426624,6,8,5,1,1,5.755994425271638e-05,0.46000000834465027,5591.14013671875
EleutherAI/pythia-70m,50000,step50000,70426624,6,8,5,1,2,0.0002976186224259436,0.46000000834465027,5591.14013671875
EleutherAI/pythia-70m,50000,step50000,70426624,6,8,5,1,3,3.998832653451245e-06,0.46000000834465027,5591.14013671875
EleutherAI/pythia-70m,50000,step50000,70426624,6,8,5,1,4,0.008454148657619953,0.46000000834465027,5591.14013671875
EleutherAI/pythia-70m,50000,step50000,70426624,6,8,5,1,5,0.0009236855548806489,0.46000000834465027,5591.14013671875
EleutherAI/pythia-70m,50000,step50000,70426624,6,8,5,1,6,0.002950515830889344,0.46000000834465027,5591.14013671875
EleutherAI/pythia-70m,50000,step50000,70426624,6,8,5,1,7,0.0019333490636199713,0.46000000834465027,5591.14013671875
EleutherAI/pythia-70m,50000,step50000,70426624,6,8,5,2,0,0.0016679312102496624,0.46000000834465027,5591.14013671875
EleutherAI/pythia-70m,50000,step50000,70426624,6,8,5,2,1,5.391600013671116e-11,0.46000000834465027,5591.14013671875
EleutherAI/pythia-70m,50000,step50000,70426624,6,8,5,2,2,0.001712252153083682,0.46000000834465027,5591.14013671875
EleutherAI/pythia-70m,50000,step50000,70426624,6,8,5,2,3,0.001956357853487134,0.46000000834465027,5591.14013671875
EleutherAI/pythia-70m,50000,step50000,70426624,6,8,5,2,4,2.0596691285845736e-07,0.46000000834465027,5591.14013671875
EleutherAI/pythia-70m,50000,step50000,70426624,6,8,5,2,5,0.013545402325689793,0.46000000834465027,5591.14013671875
EleutherAI/pythia-70m,50000,step50000,70426624,6,8,5,2,6,0.0077091180719435215,0.46000000834465027,5591.14013671875
EleutherAI/pythia-70m,50000,step50000,70426624,6,8,5,2,7,5.449449417938013e-06,0.46000000834465027,5591.14013671875
EleutherAI/pythia-70m,50000,step50000,70426624,6,8,5,3,0,0.4210343062877655,0.46000000834465027,5591.14013671875
EleutherAI/pythia-70m,50000,step50000,70426624,6,8,5,3,1,0.6320973038673401,0.46000000834465027,5591.14013671875
EleutherAI/pythia-70m,50000,step50000,70426624,6,8,5,3,2,0.0015100125456228852,0.46000000834465027,5591.14013671875
EleutherAI/pythia-70m,50000,step50000,70426624,6,8,5,3,3,0.017313899472355843,0.46000000834465027,5591.14013671875
EleutherAI/pythia-70m,50000,step50000,70426624,6,8,5,3,4,0.004237763117998838,0.46000000834465027,5591.14013671875
EleutherAI/pythia-70m,50000,step50000,70426624,6,8,5,3,5,0.6490280032157898,0.46000000834465027,5591.14013671875
EleutherAI/pythia-70m,50000,step50000,70426624,6,8,5,3,6,0.7197279334068298,0.46000000834465027,5591.14013671875
EleutherAI/pythia-70m,50000,step50000,70426624,6,8,5,3,7,0.010815384797751904,0.46000000834465027,5591.14013671875
EleutherAI/pythia-70m,50000,step50000,70426624,6,8,5,4,0,0.026625238358974457,0.46000000834465027,5591.14013671875
EleutherAI/pythia-70m,50000,step50000,70426624,6,8,5,4,1,0.0352611280977726,0.46000000834465027,5591.14013671875
EleutherAI/pythia-70m,50000,step50000,70426624,6,8,5,4,2,0.06088781729340553,0.46000000834465027,5591.14013671875
EleutherAI/pythia-70m,50000,step50000,70426624,6,8,5,4,3,0.052791718393564224,0.46000000834465027,5591.14013671875
EleutherAI/pythia-70m,50000,step50000,70426624,6,8,5,4,4,0.022000303491950035,0.46000000834465027,5591.14013671875
EleutherAI/pythia-70m,50000,step50000,70426624,6,8,5,4,5,0.011212500743567944,0.46000000834465027,5591.14013671875
EleutherAI/pythia-70m,50000,step50000,70426624,6,8,5,4,6,0.03875484690070152,0.46000000834465027,5591.14013671875
EleutherAI/pythia-70m,50000,step50000,70426624,6,8,5,4,7,0.06582146137952805,0.46000000834465027,5591.14013671875
EleutherAI/pythia-70m,50000,step50000,70426624,6,8,5,5,0,0.006401431746780872,0.46000000834465027,5591.14013671875
EleutherAI/pythia-70m,50000,step50000,70426624,6,8,5,5,1,0.00206080824136734,0.46000000834465027,5591.14013671875
EleutherAI/pythia-70m,50000,step50000,70426624,6,8,5,5,2,0.003117545275017619,0.46000000834465027,5591.14013671875
EleutherAI/pythia-70m,50000,step50000,70426624,6,8,5,5,3,0.00021880827262066305,0.46000000834465027,5591.14013671875
EleutherAI/pythia-70m,50000,step50000,70426624,6,8,5,5,4,0.004302758723497391,0.46000000834465027,5591.14013671875
EleutherAI/pythia-70m,50000,step50000,70426624,6,8,5,5,5,0.005440422799438238,0.46000000834465027,5591.14013671875
EleutherAI/pythia-70m,50000,step50000,70426624,6,8,5,5,6,0.010363005101680756,0.46000000834465027,5591.14013671875
EleutherAI/pythia-70m,50000,step50000,70426624,6,8,5,5,7,5.1797037485812325e-06,0.46000000834465027,5591.14013671875
EleutherAI/pythia-70m,50000,step50000,70426624,6,8,6,0,0,0.005486571695655584,0.3799999952316284,8148.06005859375
EleutherAI/pythia-70m,50000,step50000,70426624,6,8,6,0,1,0.0002853441401384771,0.3799999952316284,8148.06005859375
EleutherAI/pythia-70m,50000,step50000,70426624,6,8,6,0,2,0.007004736457020044,0.3799999952316284,8148.06005859375
EleutherAI/pythia-70m,50000,step50000,70426624,6,8,6,0,3,0.000409877160564065,0.3799999952316284,8148.06005859375
EleutherAI/pythia-70m,50000,step50000,70426624,6,8,6,0,4,0.0023248926736414433,0.3799999952316284,8148.06005859375
EleutherAI/pythia-70m,50000,step50000,70426624,6,8,6,0,5,0.0037928223609924316,0.3799999952316284,8148.06005859375
EleutherAI/pythia-70m,50000,step50000,70426624,6,8,6,0,6,0.007939756847918034,0.3799999952316284,8148.06005859375
EleutherAI/pythia-70m,50000,step50000,70426624,6,8,6,0,7,0.0012571512488648295,0.3799999952316284,8148.06005859375
EleutherAI/pythia-70m,50000,step50000,70426624,6,8,6,1,0,0.010074082762002945,0.3799999952316284,8148.06005859375
EleutherAI/pythia-70m,50000,step50000,70426624,6,8,6,1,1,3.1822823075344786e-05,0.3799999952316284,8148.06005859375
EleutherAI/pythia-70m,50000,step50000,70426624,6,8,6,1,2,0.00021169827959965914,0.3799999952316284,8148.06005859375
EleutherAI/pythia-70m,50000,step50000,70426624,6,8,6,1,3,4.947482466377551e-06,0.3799999952316284,8148.06005859375
EleutherAI/pythia-70m,50000,step50000,70426624,6,8,6,1,4,0.005372112616896629,0.3799999952316284,8148.06005859375
EleutherAI/pythia-70m,50000,step50000,70426624,6,8,6,1,5,0.001319157425314188,0.3799999952316284,8148.06005859375
EleutherAI/pythia-70m,50000,step50000,70426624,6,8,6,1,6,0.00298570329323411,0.3799999952316284,8148.06005859375
EleutherAI/pythia-70m,50000,step50000,70426624,6,8,6,1,7,0.0012913622194901109,0.3799999952316284,8148.06005859375
EleutherAI/pythia-70m,50000,step50000,70426624,6,8,6,2,0,0.0018593185814097524,0.3799999952316284,8148.06005859375
EleutherAI/pythia-70m,50000,step50000,70426624,6,8,6,2,1,1.509288874435022e-11,0.3799999952316284,8148.06005859375
EleutherAI/pythia-70m,50000,step50000,70426624,6,8,6,2,2,0.0008801191579550505,0.3799999952316284,8148.06005859375
EleutherAI/pythia-70m,50000,step50000,70426624,6,8,6,2,3,0.0016406464856117964,0.3799999952316284,8148.06005859375
EleutherAI/pythia-70m,50000,step50000,70426624,6,8,6,2,4,2.6640603323357936e-07,0.3799999952316284,8148.06005859375
EleutherAI/pythia-70m,50000,step50000,70426624,6,8,6,2,5,0.011161641217768192,0.3799999952316284,8148.06005859375
EleutherAI/pythia-70m,50000,step50000,70426624,6,8,6,2,6,0.010055935010313988,0.3799999952316284,8148.06005859375
EleutherAI/pythia-70m,50000,step50000,70426624,6,8,6,2,7,5.490842795552453e-06,0.3799999952316284,8148.06005859375
EleutherAI/pythia-70m,50000,step50000,70426624,6,8,6,3,0,0.24627847969532013,0.3799999952316284,8148.06005859375
EleutherAI/pythia-70m,50000,step50000,70426624,6,8,6,3,1,0.48129528760910034,0.3799999952316284,8148.06005859375
EleutherAI/pythia-70m,50000,step50000,70426624,6,8,6,3,2,0.0011469755554571748,0.3799999952316284,8148.06005859375
EleutherAI/pythia-70m,50000,step50000,70426624,6,8,6,3,3,0.012249729596078396,0.3799999952316284,8148.06005859375
EleutherAI/pythia-70m,50000,step50000,70426624,6,8,6,3,4,0.00459545711055398,0.3799999952316284,8148.06005859375
EleutherAI/pythia-70m,50000,step50000,70426624,6,8,6,3,5,0.5334685444831848,0.3799999952316284,8148.06005859375
EleutherAI/pythia-70m,50000,step50000,70426624,6,8,6,3,6,0.6770876049995422,0.3799999952316284,8148.06005859375
EleutherAI/pythia-70m,50000,step50000,70426624,6,8,6,3,7,0.009577241726219654,0.3799999952316284,8148.06005859375
EleutherAI/pythia-70m,50000,step50000,70426624,6,8,6,4,0,0.010808343067765236,0.3799999952316284,8148.06005859375
EleutherAI/pythia-70m,50000,step50000,70426624,6,8,6,4,1,0.01406954601407051,0.3799999952316284,8148.06005859375
EleutherAI/pythia-70m,50000,step50000,70426624,6,8,6,4,2,0.02470332197844982,0.3799999952316284,8148.06005859375
EleutherAI/pythia-70m,50000,step50000,70426624,6,8,6,4,3,0.021900169551372528,0.3799999952316284,8148.06005859375
EleutherAI/pythia-70m,50000,step50000,70426624,6,8,6,4,4,0.012478874996304512,0.3799999952316284,8148.06005859375
EleutherAI/pythia-70m,50000,step50000,70426624,6,8,6,4,5,0.008227751590311527,0.3799999952316284,8148.06005859375
EleutherAI/pythia-70m,50000,step50000,70426624,6,8,6,4,6,0.02124776691198349,0.3799999952316284,8148.06005859375
EleutherAI/pythia-70m,50000,step50000,70426624,6,8,6,4,7,0.031613755971193314,0.3799999952316284,8148.06005859375
EleutherAI/pythia-70m,50000,step50000,70426624,6,8,6,5,0,0.0028159734793007374,0.3799999952316284,8148.06005859375
EleutherAI/pythia-70m,50000,step50000,70426624,6,8,6,5,1,0.0009081485914066434,0.3799999952316284,8148.06005859375
EleutherAI/pythia-70m,50000,step50000,70426624,6,8,6,5,2,0.0007632754859514534,0.3799999952316284,8148.06005859375
EleutherAI/pythia-70m,50000,step50000,70426624,6,8,6,5,3,3.616917456383817e-05,0.3799999952316284,8148.06005859375
EleutherAI/pythia-70m,50000,step50000,70426624,6,8,6,5,4,0.0032682057935744524,0.3799999952316284,8148.06005859375
EleutherAI/pythia-70m,50000,step50000,70426624,6,8,6,5,5,0.003303287550806999,0.3799999952316284,8148.06005859375
EleutherAI/pythia-70m,50000,step50000,70426624,6,8,6,5,6,0.004553862381726503,0.3799999952316284,8148.06005859375
EleutherAI/pythia-70m,50000,step50000,70426624,6,8,6,5,7,3.2129432838701177e-06,0.3799999952316284,8148.06005859375
EleutherAI/pythia-70m,50000,step50000,70426624,6,8,7,0,0,0.006724595557898283,0.03999999910593033,15327.599609375
EleutherAI/pythia-70m,50000,step50000,70426624,6,8,7,0,1,0.00035386448143981397,0.03999999910593033,15327.599609375
EleutherAI/pythia-70m,50000,step50000,70426624,6,8,7,0,2,0.006752527318894863,0.03999999910593033,15327.599609375
EleutherAI/pythia-70m,50000,step50000,70426624,6,8,7,0,3,0.0012625280069187284,0.03999999910593033,15327.599609375
EleutherAI/pythia-70m,50000,step50000,70426624,6,8,7,0,4,0.0035666620824486017,0.03999999910593033,15327.599609375
EleutherAI/pythia-70m,50000,step50000,70426624,6,8,7,0,5,0.0003589484840631485,0.03999999910593033,15327.599609375
EleutherAI/pythia-70m,50000,step50000,70426624,6,8,7,0,6,0.011369150131940842,0.03999999910593033,15327.599609375
EleutherAI/pythia-70m,50000,step50000,70426624,6,8,7,0,7,0.001347987214103341,0.03999999910593033,15327.599609375
EleutherAI/pythia-70m,50000,step50000,70426624,6,8,7,1,0,0.008823342621326447,0.03999999910593033,15327.599609375
EleutherAI/pythia-70m,50000,step50000,70426624,6,8,7,1,1,0.00010334744001738727,0.03999999910593033,15327.599609375
EleutherAI/pythia-70m,50000,step50000,70426624,6,8,7,1,2,0.0031670164316892624,0.03999999910593033,15327.599609375
EleutherAI/pythia-70m,50000,step50000,70426624,6,8,7,1,3,2.2657827685179655e-06,0.03999999910593033,15327.599609375
EleutherAI/pythia-70m,50000,step50000,70426624,6,8,7,1,4,0.006950555834919214,0.03999999910593033,15327.599609375
EleutherAI/pythia-70m,50000,step50000,70426624,6,8,7,1,5,0.000705955782905221,0.03999999910593033,15327.599609375
EleutherAI/pythia-70m,50000,step50000,70426624,6,8,7,1,6,0.002816242165863514,0.03999999910593033,15327.599609375
EleutherAI/pythia-70m,50000,step50000,70426624,6,8,7,1,7,0.0014005397679284215,0.03999999910593033,15327.599609375
EleutherAI/pythia-70m,50000,step50000,70426624,6,8,7,2,0,0.0011412883177399635,0.03999999910593033,15327.599609375
EleutherAI/pythia-70m,50000,step50000,70426624,6,8,7,2,1,5.166930425182237e-11,0.03999999910593033,15327.599609375
EleutherAI/pythia-70m,50000,step50000,70426624,6,8,7,2,2,0.0017859421204775572,0.03999999910593033,15327.599609375
EleutherAI/pythia-70m,50000,step50000,70426624,6,8,7,2,3,0.0011359158670529723,0.03999999910593033,15327.599609375
EleutherAI/pythia-70m,50000,step50000,70426624,6,8,7,2,4,4.7539305114696617e-07,0.03999999910593033,15327.599609375
EleutherAI/pythia-70m,50000,step50000,70426624,6,8,7,2,5,0.009222450666129589,0.03999999910593033,15327.599609375
EleutherAI/pythia-70m,50000,step50000,70426624,6,8,7,2,6,0.008093594573438168,0.03999999910593033,15327.599609375
EleutherAI/pythia-70m,50000,step50000,70426624,6,8,7,2,7,1.016897749650525e-05,0.03999999910593033,15327.599609375
EleutherAI/pythia-70m,50000,step50000,70426624,6,8,7,3,0,0.08889898657798767,0.03999999910593033,15327.599609375
EleutherAI/pythia-70m,50000,step50000,70426624,6,8,7,3,1,0.16008514165878296,0.03999999910593033,15327.599609375
EleutherAI/pythia-70m,50000,step50000,70426624,6,8,7,3,2,0.0017942568520084023,0.03999999910593033,15327.599609375
EleutherAI/pythia-70m,50000,step50000,70426624,6,8,7,3,3,0.012693626806139946,0.03999999910593033,15327.599609375
EleutherAI/pythia-70m,50000,step50000,70426624,6,8,7,3,4,0.005530121736228466,0.03999999910593033,15327.599609375
EleutherAI/pythia-70m,50000,step50000,70426624,6,8,7,3,5,0.17094849050045013,0.03999999910593033,15327.599609375
EleutherAI/pythia-70m,50000,step50000,70426624,6,8,7,3,6,0.2993486821651459,0.03999999910593033,15327.599609375
EleutherAI/pythia-70m,50000,step50000,70426624,6,8,7,3,7,0.010066945105791092,0.03999999910593033,15327.599609375
EleutherAI/pythia-70m,50000,step50000,70426624,6,8,7,4,0,0.011694415472447872,0.03999999910593033,15327.599609375
EleutherAI/pythia-70m,50000,step50000,70426624,6,8,7,4,1,0.011694665066897869,0.03999999910593033,15327.599609375
EleutherAI/pythia-70m,50000,step50000,70426624,6,8,7,4,2,0.022371530532836914,0.03999999910593033,15327.599609375
EleutherAI/pythia-70m,50000,step50000,70426624,6,8,7,4,3,0.020780151709914207,0.03999999910593033,15327.599609375
EleutherAI/pythia-70m,50000,step50000,70426624,6,8,7,4,4,0.012893464416265488,0.03999999910593033,15327.599609375
EleutherAI/pythia-70m,50000,step50000,70426624,6,8,7,4,5,0.010331431403756142,0.03999999910593033,15327.599609375
EleutherAI/pythia-70m,50000,step50000,70426624,6,8,7,4,6,0.015596767887473106,0.03999999910593033,15327.599609375
EleutherAI/pythia-70m,50000,step50000,70426624,6,8,7,4,7,0.01936093159019947,0.03999999910593033,15327.599609375
EleutherAI/pythia-70m,50000,step50000,70426624,6,8,7,5,0,0.006892131641507149,0.03999999910593033,15327.599609375
EleutherAI/pythia-70m,50000,step50000,70426624,6,8,7,5,1,0.0010152992326766253,0.03999999910593033,15327.599609375
EleutherAI/pythia-70m,50000,step50000,70426624,6,8,7,5,2,0.0011812277371063828,0.03999999910593033,15327.599609375
EleutherAI/pythia-70m,50000,step50000,70426624,6,8,7,5,3,0.000649301684461534,0.03999999910593033,15327.599609375
EleutherAI/pythia-70m,50000,step50000,70426624,6,8,7,5,4,0.0022039846517145634,0.03999999910593033,15327.599609375
EleutherAI/pythia-70m,50000,step50000,70426624,6,8,7,5,5,0.005982592236250639,0.03999999910593033,15327.599609375
EleutherAI/pythia-70m,50000,step50000,70426624,6,8,7,5,6,0.00401340052485466,0.03999999910593033,15327.599609375
EleutherAI/pythia-70m,50000,step50000,70426624,6,8,7,5,7,4.690415153163485e-05,0.03999999910593033,15327.599609375
EleutherAI/pythia-70m,50000,step50000,70426624,6,8,8,0,0,0.00876978412270546,0.019999999552965164,22521.80078125
EleutherAI/pythia-70m,50000,step50000,70426624,6,8,8,0,1,0.00029799691401422024,0.019999999552965164,22521.80078125
EleutherAI/pythia-70m,50000,step50000,70426624,6,8,8,0,2,0.011023886501789093,0.019999999552965164,22521.80078125
EleutherAI/pythia-70m,50000,step50000,70426624,6,8,8,0,3,0.0012696264311671257,0.019999999552965164,22521.80078125
EleutherAI/pythia-70m,50000,step50000,70426624,6,8,8,0,4,0.002059285994619131,0.019999999552965164,22521.80078125
EleutherAI/pythia-70m,50000,step50000,70426624,6,8,8,0,5,3.4854558180086315e-05,0.019999999552965164,22521.80078125
EleutherAI/pythia-70m,50000,step50000,70426624,6,8,8,0,6,0.009438741020858288,0.019999999552965164,22521.80078125
EleutherAI/pythia-70m,50000,step50000,70426624,6,8,8,0,7,0.00044117579818703234,0.019999999552965164,22521.80078125
EleutherAI/pythia-70m,50000,step50000,70426624,6,8,8,1,0,0.008024606853723526,0.019999999552965164,22521.80078125
EleutherAI/pythia-70m,50000,step50000,70426624,6,8,8,1,1,2.3868284188210964e-05,0.019999999552965164,22521.80078125
EleutherAI/pythia-70m,50000,step50000,70426624,6,8,8,1,2,0.0008722420898266137,0.019999999552965164,22521.80078125
EleutherAI/pythia-70m,50000,step50000,70426624,6,8,8,1,3,2.815300149450195e-06,0.019999999552965164,22521.80078125
EleutherAI/pythia-70m,50000,step50000,70426624,6,8,8,1,4,0.008021675050258636,0.019999999552965164,22521.80078125
EleutherAI/pythia-70m,50000,step50000,70426624,6,8,8,1,5,0.0009491518721915781,0.019999999552965164,22521.80078125
EleutherAI/pythia-70m,50000,step50000,70426624,6,8,8,1,6,0.0022364305332303047,0.019999999552965164,22521.80078125
EleutherAI/pythia-70m,50000,step50000,70426624,6,8,8,1,7,0.001143700908869505,0.019999999552965164,22521.80078125
EleutherAI/pythia-70m,50000,step50000,70426624,6,8,8,2,0,0.0026458515785634518,0.019999999552965164,22521.80078125
EleutherAI/pythia-70m,50000,step50000,70426624,6,8,8,2,1,9.278558477099352e-11,0.019999999552965164,22521.80078125
EleutherAI/pythia-70m,50000,step50000,70426624,6,8,8,2,2,0.003061439376324415,0.019999999552965164,22521.80078125
EleutherAI/pythia-70m,50000,step50000,70426624,6,8,8,2,3,0.001405707560479641,0.019999999552965164,22521.80078125
EleutherAI/pythia-70m,50000,step50000,70426624,6,8,8,2,4,5.408053311839467e-06,0.019999999552965164,22521.80078125
EleutherAI/pythia-70m,50000,step50000,70426624,6,8,8,2,5,0.012276820838451385,0.019999999552965164,22521.80078125
EleutherAI/pythia-70m,50000,step50000,70426624,6,8,8,2,6,0.010748887434601784,0.019999999552965164,22521.80078125
EleutherAI/pythia-70m,50000,step50000,70426624,6,8,8,2,7,1.128580879594665e-05,0.019999999552965164,22521.80078125
EleutherAI/pythia-70m,50000,step50000,70426624,6,8,8,3,0,0.038709260523319244,0.019999999552965164,22521.80078125
EleutherAI/pythia-70m,50000,step50000,70426624,6,8,8,3,1,0.10447073727846146,0.019999999552965164,22521.80078125
EleutherAI/pythia-70m,50000,step50000,70426624,6,8,8,3,2,0.0026981369592249393,0.019999999552965164,22521.80078125
EleutherAI/pythia-70m,50000,step50000,70426624,6,8,8,3,3,0.013761090114712715,0.019999999552965164,22521.80078125
EleutherAI/pythia-70m,50000,step50000,70426624,6,8,8,3,4,0.0073595852591097355,0.019999999552965164,22521.80078125
EleutherAI/pythia-70m,50000,step50000,70426624,6,8,8,3,5,0.09887136518955231,0.019999999552965164,22521.80078125
EleutherAI/pythia-70m,50000,step50000,70426624,6,8,8,3,6,0.23817482590675354,0.019999999552965164,22521.80078125
EleutherAI/pythia-70m,50000,step50000,70426624,6,8,8,3,7,0.011927948333323002,0.019999999552965164,22521.80078125
EleutherAI/pythia-70m,50000,step50000,70426624,6,8,8,4,0,0.011638048104941845,0.019999999552965164,22521.80078125
EleutherAI/pythia-70m,50000,step50000,70426624,6,8,8,4,1,0.012317758984863758,0.019999999552965164,22521.80078125
EleutherAI/pythia-70m,50000,step50000,70426624,6,8,8,4,2,0.01564878225326538,0.019999999552965164,22521.80078125
EleutherAI/pythia-70m,50000,step50000,70426624,6,8,8,4,3,0.016428031027317047,0.019999999552965164,22521.80078125
EleutherAI/pythia-70m,50000,step50000,70426624,6,8,8,4,4,0.013269216753542423,0.019999999552965164,22521.80078125
EleutherAI/pythia-70m,50000,step50000,70426624,6,8,8,4,5,0.010631046257913113,0.019999999552965164,22521.80078125
EleutherAI/pythia-70m,50000,step50000,70426624,6,8,8,4,6,0.013717485591769218,0.019999999552965164,22521.80078125
EleutherAI/pythia-70m,50000,step50000,70426624,6,8,8,4,7,0.015110061503946781,0.019999999552965164,22521.80078125
EleutherAI/pythia-70m,50000,step50000,70426624,6,8,8,5,0,0.007013563998043537,0.019999999552965164,22521.80078125
EleutherAI/pythia-70m,50000,step50000,70426624,6,8,8,5,1,0.001974454615265131,0.019999999552965164,22521.80078125
EleutherAI/pythia-70m,50000,step50000,70426624,6,8,8,5,2,0.004015907179564238,0.019999999552965164,22521.80078125
EleutherAI/pythia-70m,50000,step50000,70426624,6,8,8,5,3,0.0005526180611923337,0.019999999552965164,22521.80078125
EleutherAI/pythia-70m,50000,step50000,70426624,6,8,8,5,4,0.003462033811956644,0.019999999552965164,22521.80078125
EleutherAI/pythia-70m,50000,step50000,70426624,6,8,8,5,5,0.007676245644688606,0.019999999552965164,22521.80078125
EleutherAI/pythia-70m,50000,step50000,70426624,6,8,8,5,6,0.009537385776638985,0.019999999552965164,22521.80078125
EleutherAI/pythia-70m,50000,step50000,70426624,6,8,8,5,7,2.0508785382844508e-05,0.019999999552965164,22521.80078125
EleutherAI/pythia-70m,50000,step50000,70426624,6,8,9,0,0,0.006157466676086187,0.07999999821186066,16771.33984375
EleutherAI/pythia-70m,50000,step50000,70426624,6,8,9,0,1,0.00039646439836360514,0.07999999821186066,16771.33984375
EleutherAI/pythia-70m,50000,step50000,70426624,6,8,9,0,2,0.006290235556662083,0.07999999821186066,16771.33984375
EleutherAI/pythia-70m,50000,step50000,70426624,6,8,9,0,3,0.0007356753339990973,0.07999999821186066,16771.33984375
EleutherAI/pythia-70m,50000,step50000,70426624,6,8,9,0,4,0.0015032574301585555,0.07999999821186066,16771.33984375
EleutherAI/pythia-70m,50000,step50000,70426624,6,8,9,0,5,0.00012610762496478856,0.07999999821186066,16771.33984375
EleutherAI/pythia-70m,50000,step50000,70426624,6,8,9,0,6,0.008905299007892609,0.07999999821186066,16771.33984375
EleutherAI/pythia-70m,50000,step50000,70426624,6,8,9,0,7,0.00033836488728411496,0.07999999821186066,16771.33984375
EleutherAI/pythia-70m,50000,step50000,70426624,6,8,9,1,0,0.006120659876614809,0.07999999821186066,16771.33984375
EleutherAI/pythia-70m,50000,step50000,70426624,6,8,9,1,1,7.425264630001038e-05,0.07999999821186066,16771.33984375
EleutherAI/pythia-70m,50000,step50000,70426624,6,8,9,1,2,0.00034874939592555165,0.07999999821186066,16771.33984375
EleutherAI/pythia-70m,50000,step50000,70426624,6,8,9,1,3,4.0060705941868946e-05,0.07999999821186066,16771.33984375
EleutherAI/pythia-70m,50000,step50000,70426624,6,8,9,1,4,0.005961844697594643,0.07999999821186066,16771.33984375
EleutherAI/pythia-70m,50000,step50000,70426624,6,8,9,1,5,0.0010204045102000237,0.07999999821186066,16771.33984375
EleutherAI/pythia-70m,50000,step50000,70426624,6,8,9,1,6,0.002309773350134492,0.07999999821186066,16771.33984375
EleutherAI/pythia-70m,50000,step50000,70426624,6,8,9,1,7,0.001299302326515317,0.07999999821186066,16771.33984375
EleutherAI/pythia-70m,50000,step50000,70426624,6,8,9,2,0,0.004331236705183983,0.07999999821186066,16771.33984375
EleutherAI/pythia-70m,50000,step50000,70426624,6,8,9,2,1,1.812231431586042e-08,0.07999999821186066,16771.33984375
EleutherAI/pythia-70m,50000,step50000,70426624,6,8,9,2,2,0.0025188899599015713,0.07999999821186066,16771.33984375
EleutherAI/pythia-70m,50000,step50000,70426624,6,8,9,2,3,0.0029689997900277376,0.07999999821186066,16771.33984375
EleutherAI/pythia-70m,50000,step50000,70426624,6,8,9,2,4,1.629608595976606e-05,0.07999999821186066,16771.33984375
EleutherAI/pythia-70m,50000,step50000,70426624,6,8,9,2,5,0.010480981320142746,0.07999999821186066,16771.33984375
EleutherAI/pythia-70m,50000,step50000,70426624,6,8,9,2,6,0.008090848103165627,0.07999999821186066,16771.33984375
EleutherAI/pythia-70m,50000,step50000,70426624,6,8,9,2,7,7.729434582870454e-05,0.07999999821186066,16771.33984375
EleutherAI/pythia-70m,50000,step50000,70426624,6,8,9,3,0,0.0944434106349945,0.07999999821186066,16771.33984375
EleutherAI/pythia-70m,50000,step50000,70426624,6,8,9,3,1,0.25165316462516785,0.07999999821186066,16771.33984375
EleutherAI/pythia-70m,50000,step50000,70426624,6,8,9,3,2,0.002497793175280094,0.07999999821186066,16771.33984375
EleutherAI/pythia-70m,50000,step50000,70426624,6,8,9,3,3,0.013768499717116356,0.07999999821186066,16771.33984375
EleutherAI/pythia-70m,50000,step50000,70426624,6,8,9,3,4,0.006472234148532152,0.07999999821186066,16771.33984375
EleutherAI/pythia-70m,50000,step50000,70426624,6,8,9,3,5,0.24897541105747223,0.07999999821186066,16771.33984375
EleutherAI/pythia-70m,50000,step50000,70426624,6,8,9,3,6,0.41239601373672485,0.07999999821186066,16771.33984375
EleutherAI/pythia-70m,50000,step50000,70426624,6,8,9,3,7,0.012312674894928932,0.07999999821186066,16771.33984375
EleutherAI/pythia-70m,50000,step50000,70426624,6,8,9,4,0,0.013106904923915863,0.07999999821186066,16771.33984375
EleutherAI/pythia-70m,50000,step50000,70426624,6,8,9,4,1,0.014577198773622513,0.07999999821186066,16771.33984375
EleutherAI/pythia-70m,50000,step50000,70426624,6,8,9,4,2,0.022579975426197052,0.07999999821186066,16771.33984375
EleutherAI/pythia-70m,50000,step50000,70426624,6,8,9,4,3,0.01895846799015999,0.07999999821186066,16771.33984375
EleutherAI/pythia-70m,50000,step50000,70426624,6,8,9,4,4,0.015589740127325058,0.07999999821186066,16771.33984375
EleutherAI/pythia-70m,50000,step50000,70426624,6,8,9,4,5,0.011005193926393986,0.07999999821186066,16771.33984375
EleutherAI/pythia-70m,50000,step50000,70426624,6,8,9,4,6,0.018095631152391434,0.07999999821186066,16771.33984375
EleutherAI/pythia-70m,50000,step50000,70426624,6,8,9,4,7,0.02279680036008358,0.07999999821186066,16771.33984375
EleutherAI/pythia-70m,50000,step50000,70426624,6,8,9,5,0,0.008555038832128048,0.07999999821186066,16771.33984375
EleutherAI/pythia-70m,50000,step50000,70426624,6,8,9,5,1,0.0013978785136714578,0.07999999821186066,16771.33984375
EleutherAI/pythia-70m,50000,step50000,70426624,6,8,9,5,2,0.0055768764577806,0.07999999821186066,16771.33984375
EleutherAI/pythia-70m,50000,step50000,70426624,6,8,9,5,3,0.0005327400285750628,0.07999999821186066,16771.33984375
EleutherAI/pythia-70m,50000,step50000,70426624,6,8,9,5,4,0.004291306249797344,0.07999999821186066,16771.33984375
EleutherAI/pythia-70m,50000,step50000,70426624,6,8,9,5,5,0.006203948054462671,0.07999999821186066,16771.33984375
EleutherAI/pythia-70m,50000,step50000,70426624,6,8,9,5,6,0.0061903358437120914,0.07999999821186066,16771.33984375
EleutherAI/pythia-70m,50000,step50000,70426624,6,8,9,5,7,2.016165672102943e-05,0.07999999821186066,16771.33984375
EleutherAI/pythia-70m,50000,step50000,70426624,6,8,10,0,0,0.007256874814629555,0.0,17160.83984375
EleutherAI/pythia-70m,50000,step50000,70426624,6,8,10,0,1,0.00033207799424417317,0.0,17160.83984375
EleutherAI/pythia-70m,50000,step50000,70426624,6,8,10,0,2,0.009213034994900227,0.0,17160.83984375
EleutherAI/pythia-70m,50000,step50000,70426624,6,8,10,0,3,0.000339174410328269,0.0,17160.83984375
EleutherAI/pythia-70m,50000,step50000,70426624,6,8,10,0,4,0.0007276505348272622,0.0,17160.83984375
EleutherAI/pythia-70m,50000,step50000,70426624,6,8,10,0,5,0.0008179121650755405,0.0,17160.83984375
EleutherAI/pythia-70m,50000,step50000,70426624,6,8,10,0,6,0.009818998165428638,0.0,17160.83984375
EleutherAI/pythia-70m,50000,step50000,70426624,6,8,10,0,7,0.0004935337929055095,0.0,17160.83984375
EleutherAI/pythia-70m,50000,step50000,70426624,6,8,10,1,0,0.007281199563294649,0.0,17160.83984375
EleutherAI/pythia-70m,50000,step50000,70426624,6,8,10,1,1,2.5480152544332668e-05,0.0,17160.83984375
EleutherAI/pythia-70m,50000,step50000,70426624,6,8,10,1,2,0.00014663529873359948,0.0,17160.83984375
EleutherAI/pythia-70m,50000,step50000,70426624,6,8,10,1,3,4.970849659002852e-06,0.0,17160.83984375
EleutherAI/pythia-70m,50000,step50000,70426624,6,8,10,1,4,0.007939491420984268,0.0,17160.83984375
EleutherAI/pythia-70m,50000,step50000,70426624,6,8,10,1,5,0.0018178359605371952,0.0,17160.83984375
EleutherAI/pythia-70m,50000,step50000,70426624,6,8,10,1,6,0.0013217224041000009,0.0,17160.83984375
EleutherAI/pythia-70m,50000,step50000,70426624,6,8,10,1,7,0.001014252658933401,0.0,17160.83984375
EleutherAI/pythia-70m,50000,step50000,70426624,6,8,10,2,0,0.0014203658793121576,0.0,17160.83984375
EleutherAI/pythia-70m,50000,step50000,70426624,6,8,10,2,1,5.209800993388747e-11,0.0,17160.83984375
EleutherAI/pythia-70m,50000,step50000,70426624,6,8,10,2,2,0.0016661231638863683,0.0,17160.83984375
EleutherAI/pythia-70m,50000,step50000,70426624,6,8,10,2,3,0.0022393304388970137,0.0,17160.83984375
EleutherAI/pythia-70m,50000,step50000,70426624,6,8,10,2,4,1.4468188282990013e-06,0.0,17160.83984375
EleutherAI/pythia-70m,50000,step50000,70426624,6,8,10,2,5,0.010920851491391659,0.0,17160.83984375
EleutherAI/pythia-70m,50000,step50000,70426624,6,8,10,2,6,0.005787747912108898,0.0,17160.83984375
EleutherAI/pythia-70m,50000,step50000,70426624,6,8,10,2,7,6.7661540015251376e-06,0.0,17160.83984375
EleutherAI/pythia-70m,50000,step50000,70426624,6,8,10,3,0,0.06211213022470474,0.0,17160.83984375
EleutherAI/pythia-70m,50000,step50000,70426624,6,8,10,3,1,0.14619328081607819,0.0,17160.83984375
EleutherAI/pythia-70m,50000,step50000,70426624,6,8,10,3,2,0.0016376397106796503,0.0,17160.83984375
EleutherAI/pythia-70m,50000,step50000,70426624,6,8,10,3,3,0.010311830788850784,0.0,17160.83984375
EleutherAI/pythia-70m,50000,step50000,70426624,6,8,10,3,4,0.003935307264328003,0.0,17160.83984375
EleutherAI/pythia-70m,50000,step50000,70426624,6,8,10,3,5,0.14438138902187347,0.0,17160.83984375
EleutherAI/pythia-70m,50000,step50000,70426624,6,8,10,3,6,0.2732202708721161,0.0,17160.83984375
EleutherAI/pythia-70m,50000,step50000,70426624,6,8,10,3,7,0.007370471954345703,0.0,17160.83984375
EleutherAI/pythia-70m,50000,step50000,70426624,6,8,10,4,0,0.009143439121544361,0.0,17160.83984375
EleutherAI/pythia-70m,50000,step50000,70426624,6,8,10,4,1,0.009836670942604542,0.0,17160.83984375
EleutherAI/pythia-70m,50000,step50000,70426624,6,8,10,4,2,0.01426124107092619,0.0,17160.83984375
EleutherAI/pythia-70m,50000,step50000,70426624,6,8,10,4,3,0.015133755281567574,0.0,17160.83984375
EleutherAI/pythia-70m,50000,step50000,70426624,6,8,10,4,4,0.011208929121494293,0.0,17160.83984375
EleutherAI/pythia-70m,50000,step50000,70426624,6,8,10,4,5,0.008297491818666458,0.0,17160.83984375
EleutherAI/pythia-70m,50000,step50000,70426624,6,8,10,4,6,0.013275359757244587,0.0,17160.83984375
EleutherAI/pythia-70m,50000,step50000,70426624,6,8,10,4,7,0.01605256460607052,0.0,17160.83984375
EleutherAI/pythia-70m,50000,step50000,70426624,6,8,10,5,0,0.0031644890550523996,0.0,17160.83984375
EleutherAI/pythia-70m,50000,step50000,70426624,6,8,10,5,1,0.0013265341985970736,0.0,17160.83984375
EleutherAI/pythia-70m,50000,step50000,70426624,6,8,10,5,2,0.0011215530103072524,0.0,17160.83984375
EleutherAI/pythia-70m,50000,step50000,70426624,6,8,10,5,3,0.0003454076359048486,0.0,17160.83984375
EleutherAI/pythia-70m,50000,step50000,70426624,6,8,10,5,4,0.0006409138441085815,0.0,17160.83984375
EleutherAI/pythia-70m,50000,step50000,70426624,6,8,10,5,5,0.0027961176820099354,0.0,17160.83984375
EleutherAI/pythia-70m,50000,step50000,70426624,6,8,10,5,6,0.002619827399030328,0.0,17160.83984375
EleutherAI/pythia-70m,50000,step50000,70426624,6,8,10,5,7,8.592984158894978e-06,0.0,17160.83984375
EleutherAI/pythia-70m,50000,step50000,70426624,6,8,11,0,0,0.007076653651893139,0.25999999046325684,10999.0400390625
EleutherAI/pythia-70m,50000,step50000,70426624,6,8,11,0,1,0.00034136101021431386,0.25999999046325684,10999.0400390625
EleutherAI/pythia-70m,50000,step50000,70426624,6,8,11,0,2,0.007757259998470545,0.25999999046325684,10999.0400390625
EleutherAI/pythia-70m,50000,step50000,70426624,6,8,11,0,3,0.0008610852528363466,0.25999999046325684,10999.0400390625
EleutherAI/pythia-70m,50000,step50000,70426624,6,8,11,0,4,0.0021018318366259336,0.25999999046325684,10999.0400390625
EleutherAI/pythia-70m,50000,step50000,70426624,6,8,11,0,5,0.00011851907765958458,0.25999999046325684,10999.0400390625
EleutherAI/pythia-70m,50000,step50000,70426624,6,8,11,0,6,0.010167913511395454,0.25999999046325684,10999.0400390625
EleutherAI/pythia-70m,50000,step50000,70426624,6,8,11,0,7,0.007053660228848457,0.25999999046325684,10999.0400390625
EleutherAI/pythia-70m,50000,step50000,70426624,6,8,11,1,0,0.006781407631933689,0.25999999046325684,10999.0400390625
EleutherAI/pythia-70m,50000,step50000,70426624,6,8,11,1,1,3.106636359007098e-05,0.25999999046325684,10999.0400390625
EleutherAI/pythia-70m,50000,step50000,70426624,6,8,11,1,2,0.0001919967180583626,0.25999999046325684,10999.0400390625
EleutherAI/pythia-70m,50000,step50000,70426624,6,8,11,1,3,3.723056806848035e-06,0.25999999046325684,10999.0400390625
EleutherAI/pythia-70m,50000,step50000,70426624,6,8,11,1,4,0.004105886444449425,0.25999999046325684,10999.0400390625
EleutherAI/pythia-70m,50000,step50000,70426624,6,8,11,1,5,0.0007549793808721006,0.25999999046325684,10999.0400390625
EleutherAI/pythia-70m,50000,step50000,70426624,6,8,11,1,6,0.0013350063236430287,0.25999999046325684,10999.0400390625
EleutherAI/pythia-70m,50000,step50000,70426624,6,8,11,1,7,0.0009235047618858516,0.25999999046325684,10999.0400390625
EleutherAI/pythia-70m,50000,step50000,70426624,6,8,11,2,0,0.0014942644629627466,0.25999999046325684,10999.0400390625
EleutherAI/pythia-70m,50000,step50000,70426624,6,8,11,2,1,2.1364048030658722e-10,0.25999999046325684,10999.0400390625
EleutherAI/pythia-70m,50000,step50000,70426624,6,8,11,2,2,0.0017994344234466553,0.25999999046325684,10999.0400390625
EleutherAI/pythia-70m,50000,step50000,70426624,6,8,11,2,3,0.0011974115623161197,0.25999999046325684,10999.0400390625
EleutherAI/pythia-70m,50000,step50000,70426624,6,8,11,2,4,2.2718668333254755e-06,0.25999999046325684,10999.0400390625
EleutherAI/pythia-70m,50000,step50000,70426624,6,8,11,2,5,0.010326637886464596,0.25999999046325684,10999.0400390625
EleutherAI/pythia-70m,50000,step50000,70426624,6,8,11,2,6,0.009837726131081581,0.25999999046325684,10999.0400390625
EleutherAI/pythia-70m,50000,step50000,70426624,6,8,11,2,7,4.319402069086209e-05,0.25999999046325684,10999.0400390625
EleutherAI/pythia-70m,50000,step50000,70426624,6,8,11,3,0,0.2157210409641266,0.25999999046325684,10999.0400390625
EleutherAI/pythia-70m,50000,step50000,70426624,6,8,11,3,1,0.41839781403541565,0.25999999046325684,10999.0400390625
EleutherAI/pythia-70m,50000,step50000,70426624,6,8,11,3,2,0.002656851662322879,0.25999999046325684,10999.0400390625
EleutherAI/pythia-70m,50000,step50000,70426624,6,8,11,3,3,0.014993683435022831,0.25999999046325684,10999.0400390625
EleutherAI/pythia-70m,50000,step50000,70426624,6,8,11,3,4,0.006987143307924271,0.25999999046325684,10999.0400390625
EleutherAI/pythia-70m,50000,step50000,70426624,6,8,11,3,5,0.469227135181427,0.25999999046325684,10999.0400390625
EleutherAI/pythia-70m,50000,step50000,70426624,6,8,11,3,6,0.6146706342697144,0.25999999046325684,10999.0400390625
EleutherAI/pythia-70m,50000,step50000,70426624,6,8,11,3,7,0.012371022254228592,0.25999999046325684,10999.0400390625
EleutherAI/pythia-70m,50000,step50000,70426624,6,8,11,4,0,0.013771983794867992,0.25999999046325684,10999.0400390625
EleutherAI/pythia-70m,50000,step50000,70426624,6,8,11,4,1,0.019927648827433586,0.25999999046325684,10999.0400390625
EleutherAI/pythia-70m,50000,step50000,70426624,6,8,11,4,2,0.029886895790696144,0.25999999046325684,10999.0400390625
EleutherAI/pythia-70m,50000,step50000,70426624,6,8,11,4,3,0.027270369231700897,0.25999999046325684,10999.0400390625
EleutherAI/pythia-70m,50000,step50000,70426624,6,8,11,4,4,0.016933873295783997,0.25999999046325684,10999.0400390625
EleutherAI/pythia-70m,50000,step50000,70426624,6,8,11,4,5,0.011243271641433239,0.25999999046325684,10999.0400390625
EleutherAI/pythia-70m,50000,step50000,70426624,6,8,11,4,6,0.024105481803417206,0.25999999046325684,10999.0400390625
EleutherAI/pythia-70m,50000,step50000,70426624,6,8,11,4,7,0.03445709869265556,0.25999999046325684,10999.0400390625
EleutherAI/pythia-70m,50000,step50000,70426624,6,8,11,5,0,0.009681295603513718,0.25999999046325684,10999.0400390625
EleutherAI/pythia-70m,50000,step50000,70426624,6,8,11,5,1,0.0016573142493143678,0.25999999046325684,10999.0400390625
EleutherAI/pythia-70m,50000,step50000,70426624,6,8,11,5,2,0.0013162021059542894,0.25999999046325684,10999.0400390625
EleutherAI/pythia-70m,50000,step50000,70426624,6,8,11,5,3,7.702667062403634e-05,0.25999999046325684,10999.0400390625
EleutherAI/pythia-70m,50000,step50000,70426624,6,8,11,5,4,0.0015914476243779063,0.25999999046325684,10999.0400390625
EleutherAI/pythia-70m,50000,step50000,70426624,6,8,11,5,5,0.006597508210688829,0.25999999046325684,10999.0400390625
EleutherAI/pythia-70m,50000,step50000,70426624,6,8,11,5,6,0.009752226062119007,0.25999999046325684,10999.0400390625
EleutherAI/pythia-70m,50000,step50000,70426624,6,8,11,5,7,9.261968443752266e-06,0.25999999046325684,10999.0400390625
EleutherAI/pythia-70m,50000,step50000,70426624,6,8,12,0,0,0.0092011084780097,0.5400000214576721,3410.10009765625
EleutherAI/pythia-70m,50000,step50000,70426624,6,8,12,0,1,0.0004139274242334068,0.5400000214576721,3410.10009765625
EleutherAI/pythia-70m,50000,step50000,70426624,6,8,12,0,2,0.009996865876019001,0.5400000214576721,3410.10009765625
EleutherAI/pythia-70m,50000,step50000,70426624,6,8,12,0,3,0.00034894372220151126,0.5400000214576721,3410.10009765625
EleutherAI/pythia-70m,50000,step50000,70426624,6,8,12,0,4,0.00418861024081707,0.5400000214576721,3410.10009765625
EleutherAI/pythia-70m,50000,step50000,70426624,6,8,12,0,5,3.960213507525623e-05,0.5400000214576721,3410.10009765625
EleutherAI/pythia-70m,50000,step50000,70426624,6,8,12,0,6,0.008797002956271172,0.5400000214576721,3410.10009765625
EleutherAI/pythia-70m,50000,step50000,70426624,6,8,12,0,7,0.0043411836959421635,0.5400000214576721,3410.10009765625
EleutherAI/pythia-70m,50000,step50000,70426624,6,8,12,1,0,0.009617907926440239,0.5400000214576721,3410.10009765625
EleutherAI/pythia-70m,50000,step50000,70426624,6,8,12,1,1,0.0005914626526646316,0.5400000214576721,3410.10009765625
EleutherAI/pythia-70m,50000,step50000,70426624,6,8,12,1,2,0.0011914568021893501,0.5400000214576721,3410.10009765625
EleutherAI/pythia-70m,50000,step50000,70426624,6,8,12,1,3,7.884115802880842e-06,0.5400000214576721,3410.10009765625
EleutherAI/pythia-70m,50000,step50000,70426624,6,8,12,1,4,0.009958826005458832,0.5400000214576721,3410.10009765625
EleutherAI/pythia-70m,50000,step50000,70426624,6,8,12,1,5,0.0011813138844445348,0.5400000214576721,3410.10009765625
EleutherAI/pythia-70m,50000,step50000,70426624,6,8,12,1,6,0.0034625607077032328,0.5400000214576721,3410.10009765625
EleutherAI/pythia-70m,50000,step50000,70426624,6,8,12,1,7,0.004728017374873161,0.5400000214576721,3410.10009765625
EleutherAI/pythia-70m,50000,step50000,70426624,6,8,12,2,0,0.0028644902631640434,0.5400000214576721,3410.10009765625
EleutherAI/pythia-70m,50000,step50000,70426624,6,8,12,2,1,6.679137798393242e-11,0.5400000214576721,3410.10009765625
EleutherAI/pythia-70m,50000,step50000,70426624,6,8,12,2,2,0.0011442931136116385,0.5400000214576721,3410.10009765625
EleutherAI/pythia-70m,50000,step50000,70426624,6,8,12,2,3,0.0044935317710042,0.5400000214576721,3410.10009765625
EleutherAI/pythia-70m,50000,step50000,70426624,6,8,12,2,4,3.0007815894350642e-06,0.5400000214576721,3410.10009765625
EleutherAI/pythia-70m,50000,step50000,70426624,6,8,12,2,5,0.014283611439168453,0.5400000214576721,3410.10009765625
EleutherAI/pythia-70m,50000,step50000,70426624,6,8,12,2,6,0.00570683553814888,0.5400000214576721,3410.10009765625
EleutherAI/pythia-70m,50000,step50000,70426624,6,8,12,2,7,9.303581464337185e-06,0.5400000214576721,3410.10009765625
EleutherAI/pythia-70m,50000,step50000,70426624,6,8,12,3,0,0.4825131297111511,0.5400000214576721,3410.10009765625
EleutherAI/pythia-70m,50000,step50000,70426624,6,8,12,3,1,0.6501805186271667,0.5400000214576721,3410.10009765625
EleutherAI/pythia-70m,50000,step50000,70426624,6,8,12,3,2,0.0007779411971569061,0.5400000214576721,3410.10009765625
EleutherAI/pythia-70m,50000,step50000,70426624,6,8,12,3,3,0.026137303560972214,0.5400000214576721,3410.10009765625
EleutherAI/pythia-70m,50000,step50000,70426624,6,8,12,3,4,0.0033971574157476425,0.5400000214576721,3410.10009765625
EleutherAI/pythia-70m,50000,step50000,70426624,6,8,12,3,5,0.7058529853820801,0.5400000214576721,3410.10009765625
EleutherAI/pythia-70m,50000,step50000,70426624,6,8,12,3,6,0.8043699860572815,0.5400000214576721,3410.10009765625
EleutherAI/pythia-70m,50000,step50000,70426624,6,8,12,3,7,0.007957114838063717,0.5400000214576721,3410.10009765625
EleutherAI/pythia-70m,50000,step50000,70426624,6,8,12,4,0,0.02225896343588829,0.5400000214576721,3410.10009765625
EleutherAI/pythia-70m,50000,step50000,70426624,6,8,12,4,1,0.03692517429590225,0.5400000214576721,3410.10009765625
EleutherAI/pythia-70m,50000,step50000,70426624,6,8,12,4,2,0.03929287567734718,0.5400000214576721,3410.10009765625
EleutherAI/pythia-70m,50000,step50000,70426624,6,8,12,4,3,0.058874331414699554,0.5400000214576721,3410.10009765625
EleutherAI/pythia-70m,50000,step50000,70426624,6,8,12,4,4,0.019426262006163597,0.5400000214576721,3410.10009765625
EleutherAI/pythia-70m,50000,step50000,70426624,6,8,12,4,5,0.0112116988748312,0.5400000214576721,3410.10009765625
EleutherAI/pythia-70m,50000,step50000,70426624,6,8,12,4,6,0.047824736684560776,0.5400000214576721,3410.10009765625
EleutherAI/pythia-70m,50000,step50000,70426624,6,8,12,4,7,0.06250770390033722,0.5400000214576721,3410.10009765625
EleutherAI/pythia-70m,50000,step50000,70426624,6,8,12,5,0,0.002920009894296527,0.5400000214576721,3410.10009765625
EleutherAI/pythia-70m,50000,step50000,70426624,6,8,12,5,1,0.0014905970310792327,0.5400000214576721,3410.10009765625
EleutherAI/pythia-70m,50000,step50000,70426624,6,8,12,5,2,0.0012432524235919118,0.5400000214576721,3410.10009765625
EleutherAI/pythia-70m,50000,step50000,70426624,6,8,12,5,3,3.6200653994455934e-05,0.5400000214576721,3410.10009765625
EleutherAI/pythia-70m,50000,step50000,70426624,6,8,12,5,4,0.005801255814731121,0.5400000214576721,3410.10009765625
EleutherAI/pythia-70m,50000,step50000,70426624,6,8,12,5,5,0.00205151061527431,0.5400000214576721,3410.10009765625
EleutherAI/pythia-70m,50000,step50000,70426624,6,8,12,5,6,0.02174106426537037,0.5400000214576721,3410.10009765625
EleutherAI/pythia-70m,50000,step50000,70426624,6,8,12,5,7,1.2615369996638037e-05,0.5400000214576721,3410.10009765625
EleutherAI/pythia-70m,50000,step50000,70426624,6,8,13,0,0,0.007824920117855072,0.03999999910593033,17934.359375
EleutherAI/pythia-70m,50000,step50000,70426624,6,8,13,0,1,0.0004369217494968325,0.03999999910593033,17934.359375
EleutherAI/pythia-70m,50000,step50000,70426624,6,8,13,0,2,0.006788422353565693,0.03999999910593033,17934.359375
EleutherAI/pythia-70m,50000,step50000,70426624,6,8,13,0,3,0.0011798387859016657,0.03999999910593033,17934.359375
EleutherAI/pythia-70m,50000,step50000,70426624,6,8,13,0,4,0.001637146226130426,0.03999999910593033,17934.359375
EleutherAI/pythia-70m,50000,step50000,70426624,6,8,13,0,5,0.0001829485408961773,0.03999999910593033,17934.359375
EleutherAI/pythia-70m,50000,step50000,70426624,6,8,13,0,6,0.011027105152606964,0.03999999910593033,17934.359375
EleutherAI/pythia-70m,50000,step50000,70426624,6,8,13,0,7,0.0010231005726382136,0.03999999910593033,17934.359375
EleutherAI/pythia-70m,50000,step50000,70426624,6,8,13,1,0,0.008747471496462822,0.03999999910593033,17934.359375
EleutherAI/pythia-70m,50000,step50000,70426624,6,8,13,1,1,3.296516661066562e-05,0.03999999910593033,17934.359375
EleutherAI/pythia-70m,50000,step50000,70426624,6,8,13,1,2,0.00020017946371808648,0.03999999910593033,17934.359375
EleutherAI/pythia-70m,50000,step50000,70426624,6,8,13,1,3,1.1295012427581241e-06,0.03999999910593033,17934.359375
EleutherAI/pythia-70m,50000,step50000,70426624,6,8,13,1,4,0.006283984985202551,0.03999999910593033,17934.359375
EleutherAI/pythia-70m,50000,step50000,70426624,6,8,13,1,5,0.0012843990698456764,0.03999999910593033,17934.359375
EleutherAI/pythia-70m,50000,step50000,70426624,6,8,13,1,6,0.0015745710115879774,0.03999999910593033,17934.359375
EleutherAI/pythia-70m,50000,step50000,70426624,6,8,13,1,7,0.0014357141917571425,0.03999999910593033,17934.359375
EleutherAI/pythia-70m,50000,step50000,70426624,6,8,13,2,0,0.0016179096419364214,0.03999999910593033,17934.359375
EleutherAI/pythia-70m,50000,step50000,70426624,6,8,13,2,1,2.3851327163315617e-11,0.03999999910593033,17934.359375
EleutherAI/pythia-70m,50000,step50000,70426624,6,8,13,2,2,0.0021254541352391243,0.03999999910593033,17934.359375
EleutherAI/pythia-70m,50000,step50000,70426624,6,8,13,2,3,0.001437411061488092,0.03999999910593033,17934.359375
EleutherAI/pythia-70m,50000,step50000,70426624,6,8,13,2,4,5.704871455236571e-07,0.03999999910593033,17934.359375
EleutherAI/pythia-70m,50000,step50000,70426624,6,8,13,2,5,0.0104522705078125,0.03999999910593033,17934.359375
EleutherAI/pythia-70m,50000,step50000,70426624,6,8,13,2,6,0.008060953579843044,0.03999999910593033,17934.359375
EleutherAI/pythia-70m,50000,step50000,70426624,6,8,13,2,7,1.2623849215742666e-05,0.03999999910593033,17934.359375
EleutherAI/pythia-70m,50000,step50000,70426624,6,8,13,3,0,0.06554968655109406,0.03999999910593033,17934.359375
EleutherAI/pythia-70m,50000,step50000,70426624,6,8,13,3,1,0.1201346218585968,0.03999999910593033,17934.359375
EleutherAI/pythia-70m,50000,step50000,70426624,6,8,13,3,2,0.0018646341050043702,0.03999999910593033,17934.359375
EleutherAI/pythia-70m,50000,step50000,70426624,6,8,13,3,3,0.011038621887564659,0.03999999910593033,17934.359375
EleutherAI/pythia-70m,50000,step50000,70426624,6,8,13,3,4,0.005332165397703648,0.03999999910593033,17934.359375
EleutherAI/pythia-70m,50000,step50000,70426624,6,8,13,3,5,0.1000397801399231,0.03999999910593033,17934.359375
EleutherAI/pythia-70m,50000,step50000,70426624,6,8,13,3,6,0.18672458827495575,0.03999999910593033,17934.359375
EleutherAI/pythia-70m,50000,step50000,70426624,6,8,13,3,7,0.009499110281467438,0.03999999910593033,17934.359375
EleutherAI/pythia-70m,50000,step50000,70426624,6,8,13,4,0,0.01029404066503048,0.03999999910593033,17934.359375
EleutherAI/pythia-70m,50000,step50000,70426624,6,8,13,4,1,0.011230668984353542,0.03999999910593033,17934.359375
EleutherAI/pythia-70m,50000,step50000,70426624,6,8,13,4,2,0.01587376371026039,0.03999999910593033,17934.359375
EleutherAI/pythia-70m,50000,step50000,70426624,6,8,13,4,3,0.01694619096815586,0.03999999910593033,17934.359375
EleutherAI/pythia-70m,50000,step50000,70426624,6,8,13,4,4,0.01130418386310339,0.03999999910593033,17934.359375
EleutherAI/pythia-70m,50000,step50000,70426624,6,8,13,4,5,0.009354072622954845,0.03999999910593033,17934.359375
EleutherAI/pythia-70m,50000,step50000,70426624,6,8,13,4,6,0.011918690986931324,0.03999999910593033,17934.359375
EleutherAI/pythia-70m,50000,step50000,70426624,6,8,13,4,7,0.01520143635571003,0.03999999910593033,17934.359375
EleutherAI/pythia-70m,50000,step50000,70426624,6,8,13,5,0,0.005461066961288452,0.03999999910593033,17934.359375
EleutherAI/pythia-70m,50000,step50000,70426624,6,8,13,5,1,0.0015618476318195462,0.03999999910593033,17934.359375
EleutherAI/pythia-70m,50000,step50000,70426624,6,8,13,5,2,0.0013717893743887544,0.03999999910593033,17934.359375
EleutherAI/pythia-70m,50000,step50000,70426624,6,8,13,5,3,0.0003603699733503163,0.03999999910593033,17934.359375
EleutherAI/pythia-70m,50000,step50000,70426624,6,8,13,5,4,0.0006186212413012981,0.03999999910593033,17934.359375
EleutherAI/pythia-70m,50000,step50000,70426624,6,8,13,5,5,0.005892532411962748,0.03999999910593033,17934.359375
EleutherAI/pythia-70m,50000,step50000,70426624,6,8,13,5,6,0.0040753805078566074,0.03999999910593033,17934.359375
EleutherAI/pythia-70m,50000,step50000,70426624,6,8,13,5,7,6.9270117819542065e-06,0.03999999910593033,17934.359375
EleutherAI/pythia-70m,50000,step50000,70426624,6,8,14,0,0,0.006783038377761841,0.3400000035762787,6334.16015625
EleutherAI/pythia-70m,50000,step50000,70426624,6,8,14,0,1,0.0007516915211454034,0.3400000035762787,6334.16015625
EleutherAI/pythia-70m,50000,step50000,70426624,6,8,14,0,2,0.012802406214177608,0.3400000035762787,6334.16015625
EleutherAI/pythia-70m,50000,step50000,70426624,6,8,14,0,3,0.0023116597440093756,0.3400000035762787,6334.16015625
EleutherAI/pythia-70m,50000,step50000,70426624,6,8,14,0,4,0.0032671659719198942,0.3400000035762787,6334.16015625
EleutherAI/pythia-70m,50000,step50000,70426624,6,8,14,0,5,6.009700882714242e-05,0.3400000035762787,6334.16015625
EleutherAI/pythia-70m,50000,step50000,70426624,6,8,14,0,6,0.008886252529919147,0.3400000035762787,6334.16015625
EleutherAI/pythia-70m,50000,step50000,70426624,6,8,14,0,7,0.004676366690546274,0.3400000035762787,6334.16015625
EleutherAI/pythia-70m,50000,step50000,70426624,6,8,14,1,0,0.00860641524195671,0.3400000035762787,6334.16015625
EleutherAI/pythia-70m,50000,step50000,70426624,6,8,14,1,1,0.0029563524294644594,0.3400000035762787,6334.16015625
EleutherAI/pythia-70m,50000,step50000,70426624,6,8,14,1,2,0.010924434289336205,0.3400000035762787,6334.16015625
EleutherAI/pythia-70m,50000,step50000,70426624,6,8,14,1,3,2.864703128580004e-05,0.3400000035762787,6334.16015625
EleutherAI/pythia-70m,50000,step50000,70426624,6,8,14,1,4,0.010773245245218277,0.3400000035762787,6334.16015625
EleutherAI/pythia-70m,50000,step50000,70426624,6,8,14,1,5,0.004463818855583668,0.3400000035762787,6334.16015625
EleutherAI/pythia-70m,50000,step50000,70426624,6,8,14,1,6,0.009023456834256649,0.3400000035762787,6334.16015625
EleutherAI/pythia-70m,50000,step50000,70426624,6,8,14,1,7,0.00630756001919508,0.3400000035762787,6334.16015625
EleutherAI/pythia-70m,50000,step50000,70426624,6,8,14,2,0,0.009782095439732075,0.3400000035762787,6334.16015625
EleutherAI/pythia-70m,50000,step50000,70426624,6,8,14,2,1,8.510758764401771e-10,0.3400000035762787,6334.16015625
EleutherAI/pythia-70m,50000,step50000,70426624,6,8,14,2,2,0.004858928732573986,0.3400000035762787,6334.16015625
EleutherAI/pythia-70m,50000,step50000,70426624,6,8,14,2,3,0.004103238228708506,0.3400000035762787,6334.16015625
EleutherAI/pythia-70m,50000,step50000,70426624,6,8,14,2,4,1.3642439853356336e-06,0.3400000035762787,6334.16015625
EleutherAI/pythia-70m,50000,step50000,70426624,6,8,14,2,5,0.022099554538726807,0.3400000035762787,6334.16015625
EleutherAI/pythia-70m,50000,step50000,70426624,6,8,14,2,6,0.013825859874486923,0.3400000035762787,6334.16015625
EleutherAI/pythia-70m,50000,step50000,70426624,6,8,14,2,7,0.0001858172909123823,0.3400000035762787,6334.16015625
EleutherAI/pythia-70m,50000,step50000,70426624,6,8,14,3,0,0.2519204616546631,0.3400000035762787,6334.16015625
EleutherAI/pythia-70m,50000,step50000,70426624,6,8,14,3,1,0.5384470224380493,0.3400000035762787,6334.16015625
EleutherAI/pythia-70m,50000,step50000,70426624,6,8,14,3,2,0.004570704884827137,0.3400000035762787,6334.16015625
EleutherAI/pythia-70m,50000,step50000,70426624,6,8,14,3,3,0.023063097149133682,0.3400000035762787,6334.16015625
EleutherAI/pythia-70m,50000,step50000,70426624,6,8,14,3,4,0.0069205788895487785,0.3400000035762787,6334.16015625
EleutherAI/pythia-70m,50000,step50000,70426624,6,8,14,3,5,0.5779706835746765,0.3400000035762787,6334.16015625
EleutherAI/pythia-70m,50000,step50000,70426624,6,8,14,3,6,0.7571471929550171,0.3400000035762787,6334.16015625
EleutherAI/pythia-70m,50000,step50000,70426624,6,8,14,3,7,0.017042377963662148,0.3400000035762787,6334.16015625
EleutherAI/pythia-70m,50000,step50000,70426624,6,8,14,4,0,0.021782515570521355,0.3400000035762787,6334.16015625
EleutherAI/pythia-70m,50000,step50000,70426624,6,8,14,4,1,0.0407930426299572,0.3400000035762787,6334.16015625
EleutherAI/pythia-70m,50000,step50000,70426624,6,8,14,4,2,0.05853860825300217,0.3400000035762787,6334.16015625
EleutherAI/pythia-70m,50000,step50000,70426624,6,8,14,4,3,0.036723509430885315,0.3400000035762787,6334.16015625
EleutherAI/pythia-70m,50000,step50000,70426624,6,8,14,4,4,0.031326521188020706,0.3400000035762787,6334.16015625
EleutherAI/pythia-70m,50000,step50000,70426624,6,8,14,4,5,0.019462058320641518,0.3400000035762787,6334.16015625
EleutherAI/pythia-70m,50000,step50000,70426624,6,8,14,4,6,0.049865201115608215,0.3400000035762787,6334.16015625
EleutherAI/pythia-70m,50000,step50000,70426624,6,8,14,4,7,0.05779057368636131,0.3400000035762787,6334.16015625
EleutherAI/pythia-70m,50000,step50000,70426624,6,8,14,5,0,0.02039375528693199,0.3400000035762787,6334.16015625
EleutherAI/pythia-70m,50000,step50000,70426624,6,8,14,5,1,0.002620547777041793,0.3400000035762787,6334.16015625
EleutherAI/pythia-70m,50000,step50000,70426624,6,8,14,5,2,0.01612384431064129,0.3400000035762787,6334.16015625
EleutherAI/pythia-70m,50000,step50000,70426624,6,8,14,5,3,0.00021147723600734025,0.3400000035762787,6334.16015625
EleutherAI/pythia-70m,50000,step50000,70426624,6,8,14,5,4,0.02052384614944458,0.3400000035762787,6334.16015625
EleutherAI/pythia-70m,50000,step50000,70426624,6,8,14,5,5,0.020013969391584396,0.3400000035762787,6334.16015625
EleutherAI/pythia-70m,50000,step50000,70426624,6,8,14,5,6,0.02259000390768051,0.3400000035762787,6334.16015625
EleutherAI/pythia-70m,50000,step50000,70426624,6,8,14,5,7,9.839260746957734e-05,0.3400000035762787,6334.16015625
EleutherAI/pythia-70m,50000,step50000,70426624,6,8,15,0,0,0.008338890969753265,0.019999999552965164,19627.6796875
EleutherAI/pythia-70m,50000,step50000,70426624,6,8,15,0,1,0.0003519750898703933,0.019999999552965164,19627.6796875
EleutherAI/pythia-70m,50000,step50000,70426624,6,8,15,0,2,0.008121231570839882,0.019999999552965164,19627.6796875
EleutherAI/pythia-70m,50000,step50000,70426624,6,8,15,0,3,0.0018949845107272267,0.019999999552965164,19627.6796875
EleutherAI/pythia-70m,50000,step50000,70426624,6,8,15,0,4,0.0009183335932902992,0.019999999552965164,19627.6796875
EleutherAI/pythia-70m,50000,step50000,70426624,6,8,15,0,5,3.233841653127456e-06,0.019999999552965164,19627.6796875
EleutherAI/pythia-70m,50000,step50000,70426624,6,8,15,0,6,0.00782572291791439,0.019999999552965164,19627.6796875
EleutherAI/pythia-70m,50000,step50000,70426624,6,8,15,0,7,0.0006128271343186498,0.019999999552965164,19627.6796875
EleutherAI/pythia-70m,50000,step50000,70426624,6,8,15,1,0,0.008007883094251156,0.019999999552965164,19627.6796875
EleutherAI/pythia-70m,50000,step50000,70426624,6,8,15,1,1,4.1412717109778896e-05,0.019999999552965164,19627.6796875
EleutherAI/pythia-70m,50000,step50000,70426624,6,8,15,1,2,0.00037848108331672847,0.019999999552965164,19627.6796875
EleutherAI/pythia-70m,50000,step50000,70426624,6,8,15,1,3,2.3288507691177074e-06,0.019999999552965164,19627.6796875
EleutherAI/pythia-70m,50000,step50000,70426624,6,8,15,1,4,0.006496008485555649,0.019999999552965164,19627.6796875
EleutherAI/pythia-70m,50000,step50000,70426624,6,8,15,1,5,0.0013071935391053557,0.019999999552965164,19627.6796875
EleutherAI/pythia-70m,50000,step50000,70426624,6,8,15,1,6,0.0029688782524317503,0.019999999552965164,19627.6796875
EleutherAI/pythia-70m,50000,step50000,70426624,6,8,15,1,7,0.0018689519492909312,0.019999999552965164,19627.6796875
EleutherAI/pythia-70m,50000,step50000,70426624,6,8,15,2,0,0.0021081152372062206,0.019999999552965164,19627.6796875
EleutherAI/pythia-70m,50000,step50000,70426624,6,8,15,2,1,3.5404787435133755e-10,0.019999999552965164,19627.6796875
EleutherAI/pythia-70m,50000,step50000,70426624,6,8,15,2,2,0.0035523397382348776,0.019999999552965164,19627.6796875
EleutherAI/pythia-70m,50000,step50000,70426624,6,8,15,2,3,0.0014738382305949926,0.019999999552965164,19627.6796875
EleutherAI/pythia-70m,50000,step50000,70426624,6,8,15,2,4,7.892323083069641e-06,0.019999999552965164,19627.6796875
EleutherAI/pythia-70m,50000,step50000,70426624,6,8,15,2,5,0.012277481146156788,0.019999999552965164,19627.6796875
EleutherAI/pythia-70m,50000,step50000,70426624,6,8,15,2,6,0.009804703295230865,0.019999999552965164,19627.6796875
EleutherAI/pythia-70m,50000,step50000,70426624,6,8,15,2,7,2.5322364308522083e-05,0.019999999552965164,19627.6796875
EleutherAI/pythia-70m,50000,step50000,70426624,6,8,15,3,0,0.04371053725481033,0.019999999552965164,19627.6796875
EleutherAI/pythia-70m,50000,step50000,70426624,6,8,15,3,1,0.09602690488100052,0.019999999552965164,19627.6796875
EleutherAI/pythia-70m,50000,step50000,70426624,6,8,15,3,2,0.0025154948234558105,0.019999999552965164,19627.6796875
EleutherAI/pythia-70m,50000,step50000,70426624,6,8,15,3,3,0.01285178866237402,0.019999999552965164,19627.6796875
EleutherAI/pythia-70m,50000,step50000,70426624,6,8,15,3,4,0.007171426899731159,0.019999999552965164,19627.6796875
EleutherAI/pythia-70m,50000,step50000,70426624,6,8,15,3,5,0.10986628383398056,0.019999999552965164,19627.6796875
EleutherAI/pythia-70m,50000,step50000,70426624,6,8,15,3,6,0.23423577845096588,0.019999999552965164,19627.6796875
EleutherAI/pythia-70m,50000,step50000,70426624,6,8,15,3,7,0.011827132664620876,0.019999999552965164,19627.6796875
EleutherAI/pythia-70m,50000,step50000,70426624,6,8,15,4,0,0.012343350797891617,0.019999999552965164,19627.6796875
EleutherAI/pythia-70m,50000,step50000,70426624,6,8,15,4,1,0.013264639303088188,0.019999999552965164,19627.6796875
EleutherAI/pythia-70m,50000,step50000,70426624,6,8,15,4,2,0.016654588282108307,0.019999999552965164,19627.6796875
EleutherAI/pythia-70m,50000,step50000,70426624,6,8,15,4,3,0.018075736239552498,0.019999999552965164,19627.6796875
EleutherAI/pythia-70m,50000,step50000,70426624,6,8,15,4,4,0.013524079695343971,0.019999999552965164,19627.6796875
EleutherAI/pythia-70m,50000,step50000,70426624,6,8,15,4,5,0.010889469645917416,0.019999999552965164,19627.6796875
EleutherAI/pythia-70m,50000,step50000,70426624,6,8,15,4,6,0.015257636085152626,0.019999999552965164,19627.6796875
EleutherAI/pythia-70m,50000,step50000,70426624,6,8,15,4,7,0.01637590490281582,0.019999999552965164,19627.6796875
EleutherAI/pythia-70m,50000,step50000,70426624,6,8,15,5,0,0.007671576924622059,0.019999999552965164,19627.6796875
EleutherAI/pythia-70m,50000,step50000,70426624,6,8,15,5,1,0.0014040059177204967,0.019999999552965164,19627.6796875
EleutherAI/pythia-70m,50000,step50000,70426624,6,8,15,5,2,0.002233644714578986,0.019999999552965164,19627.6796875
EleutherAI/pythia-70m,50000,step50000,70426624,6,8,15,5,3,0.0007908796542324126,0.019999999552965164,19627.6796875
EleutherAI/pythia-70m,50000,step50000,70426624,6,8,15,5,4,0.0014175857650116086,0.019999999552965164,19627.6796875
EleutherAI/pythia-70m,50000,step50000,70426624,6,8,15,5,5,0.007456366904079914,0.019999999552965164,19627.6796875
EleutherAI/pythia-70m,50000,step50000,70426624,6,8,15,5,6,0.004030685406178236,0.019999999552965164,19627.6796875
EleutherAI/pythia-70m,50000,step50000,70426624,6,8,15,5,7,2.1562726033153012e-05,0.019999999552965164,19627.6796875
EleutherAI/pythia-70m,50000,step50000,70426624,6,8,16,0,0,0.008265957236289978,0.25999999046325684,7443.419921875
EleutherAI/pythia-70m,50000,step50000,70426624,6,8,16,0,1,0.0005523883737623692,0.25999999046325684,7443.419921875
EleutherAI/pythia-70m,50000,step50000,70426624,6,8,16,0,2,0.005450490862131119,0.25999999046325684,7443.419921875
EleutherAI/pythia-70m,50000,step50000,70426624,6,8,16,0,3,0.0004293190431781113,0.25999999046325684,7443.419921875
EleutherAI/pythia-70m,50000,step50000,70426624,6,8,16,0,4,0.0012971137184649706,0.25999999046325684,7443.419921875
EleutherAI/pythia-70m,50000,step50000,70426624,6,8,16,0,5,8.019142114790156e-05,0.25999999046325684,7443.419921875
EleutherAI/pythia-70m,50000,step50000,70426624,6,8,16,0,6,0.008837954141199589,0.25999999046325684,7443.419921875
EleutherAI/pythia-70m,50000,step50000,70426624,6,8,16,0,7,0.0007721726433373988,0.25999999046325684,7443.419921875
EleutherAI/pythia-70m,50000,step50000,70426624,6,8,16,1,0,0.009807036258280277,0.25999999046325684,7443.419921875
EleutherAI/pythia-70m,50000,step50000,70426624,6,8,16,1,1,1.5052306480356492e-05,0.25999999046325684,7443.419921875
EleutherAI/pythia-70m,50000,step50000,70426624,6,8,16,1,2,0.00026462896494194865,0.25999999046325684,7443.419921875
EleutherAI/pythia-70m,50000,step50000,70426624,6,8,16,1,3,2.7079956907982705e-06,0.25999999046325684,7443.419921875
EleutherAI/pythia-70m,50000,step50000,70426624,6,8,16,1,4,0.0078104049898684025,0.25999999046325684,7443.419921875
EleutherAI/pythia-70m,50000,step50000,70426624,6,8,16,1,5,0.0006894441903568804,0.25999999046325684,7443.419921875
EleutherAI/pythia-70m,50000,step50000,70426624,6,8,16,1,6,0.003939154092222452,0.25999999046325684,7443.419921875
EleutherAI/pythia-70m,50000,step50000,70426624,6,8,16,1,7,0.000692070578224957,0.25999999046325684,7443.419921875
EleutherAI/pythia-70m,50000,step50000,70426624,6,8,16,2,0,0.0009100842289626598,0.25999999046325684,7443.419921875
EleutherAI/pythia-70m,50000,step50000,70426624,6,8,16,2,1,7.468421714396101e-11,0.25999999046325684,7443.419921875
EleutherAI/pythia-70m,50000,step50000,70426624,6,8,16,2,2,0.000333413336193189,0.25999999046325684,7443.419921875
EleutherAI/pythia-70m,50000,step50000,70426624,6,8,16,2,3,0.0006372894276864827,0.25999999046325684,7443.419921875
EleutherAI/pythia-70m,50000,step50000,70426624,6,8,16,2,4,4.407642109072185e-07,0.25999999046325684,7443.419921875
EleutherAI/pythia-70m,50000,step50000,70426624,6,8,16,2,5,0.013541221618652344,0.25999999046325684,7443.419921875
EleutherAI/pythia-70m,50000,step50000,70426624,6,8,16,2,6,0.00691533787176013,0.25999999046325684,7443.419921875
EleutherAI/pythia-70m,50000,step50000,70426624,6,8,16,2,7,3.7462609725480434e-06,0.25999999046325684,7443.419921875
EleutherAI/pythia-70m,50000,step50000,70426624,6,8,16,3,0,0.3361126184463501,0.25999999046325684,7443.419921875
EleutherAI/pythia-70m,50000,step50000,70426624,6,8,16,3,1,0.5262371301651001,0.25999999046325684,7443.419921875
EleutherAI/pythia-70m,50000,step50000,70426624,6,8,16,3,2,0.0007283592130988836,0.25999999046325684,7443.419921875
EleutherAI/pythia-70m,50000,step50000,70426624,6,8,16,3,3,0.0173562653362751,0.25999999046325684,7443.419921875
EleutherAI/pythia-70m,50000,step50000,70426624,6,8,16,3,4,0.0025528741534799337,0.25999999046325684,7443.419921875
EleutherAI/pythia-70m,50000,step50000,70426624,6,8,16,3,5,0.5250098705291748,0.25999999046325684,7443.419921875
EleutherAI/pythia-70m,50000,step50000,70426624,6,8,16,3,6,0.6641058325767517,0.25999999046325684,7443.419921875
EleutherAI/pythia-70m,50000,step50000,70426624,6,8,16,3,7,0.007040472235530615,0.25999999046325684,7443.419921875
EleutherAI/pythia-70m,50000,step50000,70426624,6,8,16,4,0,0.017151590436697006,0.25999999046325684,7443.419921875
EleutherAI/pythia-70m,50000,step50000,70426624,6,8,16,4,1,0.025734923779964447,0.25999999046325684,7443.419921875
EleutherAI/pythia-70m,50000,step50000,70426624,6,8,16,4,2,0.04398389905691147,0.25999999046325684,7443.419921875
EleutherAI/pythia-70m,50000,step50000,70426624,6,8,16,4,3,0.059529487043619156,0.25999999046325684,7443.419921875
EleutherAI/pythia-70m,50000,step50000,70426624,6,8,16,4,4,0.018553180620074272,0.25999999046325684,7443.419921875
EleutherAI/pythia-70m,50000,step50000,70426624,6,8,16,4,5,0.010024381801486015,0.25999999046325684,7443.419921875
EleutherAI/pythia-70m,50000,step50000,70426624,6,8,16,4,6,0.030789172276854515,0.25999999046325684,7443.419921875
EleutherAI/pythia-70m,50000,step50000,70426624,6,8,16,4,7,0.03831106051802635,0.25999999046325684,7443.419921875
EleutherAI/pythia-70m,50000,step50000,70426624,6,8,16,5,0,0.001684875227510929,0.25999999046325684,7443.419921875
EleutherAI/pythia-70m,50000,step50000,70426624,6,8,16,5,1,0.0004067683476023376,0.25999999046325684,7443.419921875
EleutherAI/pythia-70m,50000,step50000,70426624,6,8,16,5,2,0.0009459377615712583,0.25999999046325684,7443.419921875
EleutherAI/pythia-70m,50000,step50000,70426624,6,8,16,5,3,0.0001158003433374688,0.25999999046325684,7443.419921875
EleutherAI/pythia-70m,50000,step50000,70426624,6,8,16,5,4,0.0001749411749187857,0.25999999046325684,7443.419921875
EleutherAI/pythia-70m,50000,step50000,70426624,6,8,16,5,5,0.0008826975245028734,0.25999999046325684,7443.419921875
EleutherAI/pythia-70m,50000,step50000,70426624,6,8,16,5,6,0.0027329029981046915,0.25999999046325684,7443.419921875
EleutherAI/pythia-70m,50000,step50000,70426624,6,8,16,5,7,3.1842553198657697e-06,0.25999999046325684,7443.419921875
EleutherAI/pythia-70m,50000,step50000,70426624,6,8,17,0,0,0.007146814372390509,0.18000000715255737,10661.7197265625
EleutherAI/pythia-70m,50000,step50000,70426624,6,8,17,0,1,0.0003381675051059574,0.18000000715255737,10661.7197265625
EleutherAI/pythia-70m,50000,step50000,70426624,6,8,17,0,2,0.007028006482869387,0.18000000715255737,10661.7197265625
EleutherAI/pythia-70m,50000,step50000,70426624,6,8,17,0,3,0.000865318754222244,0.18000000715255737,10661.7197265625
EleutherAI/pythia-70m,50000,step50000,70426624,6,8,17,0,4,0.0011308399261906743,0.18000000715255737,10661.7197265625
EleutherAI/pythia-70m,50000,step50000,70426624,6,8,17,0,5,8.177824201993644e-05,0.18000000715255737,10661.7197265625
EleutherAI/pythia-70m,50000,step50000,70426624,6,8,17,0,6,0.008797313086688519,0.18000000715255737,10661.7197265625
EleutherAI/pythia-70m,50000,step50000,70426624,6,8,17,0,7,0.0005114289233461022,0.18000000715255737,10661.7197265625
EleutherAI/pythia-70m,50000,step50000,70426624,6,8,17,1,0,0.006219685077667236,0.18000000715255737,10661.7197265625
EleutherAI/pythia-70m,50000,step50000,70426624,6,8,17,1,1,0.0007134201587177813,0.18000000715255737,10661.7197265625
EleutherAI/pythia-70m,50000,step50000,70426624,6,8,17,1,2,0.00032708715298213065,0.18000000715255737,10661.7197265625
EleutherAI/pythia-70m,50000,step50000,70426624,6,8,17,1,3,4.0454640839016065e-05,0.18000000715255737,10661.7197265625
EleutherAI/pythia-70m,50000,step50000,70426624,6,8,17,1,4,0.010988243855535984,0.18000000715255737,10661.7197265625
EleutherAI/pythia-70m,50000,step50000,70426624,6,8,17,1,5,0.0015337575459852815,0.18000000715255737,10661.7197265625
EleutherAI/pythia-70m,50000,step50000,70426624,6,8,17,1,6,0.005854195915162563,0.18000000715255737,10661.7197265625
EleutherAI/pythia-70m,50000,step50000,70426624,6,8,17,1,7,0.0015355981886386871,0.18000000715255737,10661.7197265625
EleutherAI/pythia-70m,50000,step50000,70426624,6,8,17,2,0,0.0026107640005648136,0.18000000715255737,10661.7197265625
EleutherAI/pythia-70m,50000,step50000,70426624,6,8,17,2,1,2.258237347119163e-10,0.18000000715255737,10661.7197265625
EleutherAI/pythia-70m,50000,step50000,70426624,6,8,17,2,2,0.0021417641546577215,0.18000000715255737,10661.7197265625
EleutherAI/pythia-70m,50000,step50000,70426624,6,8,17,2,3,0.0020253914408385754,0.18000000715255737,10661.7197265625
EleutherAI/pythia-70m,50000,step50000,70426624,6,8,17,2,4,3.64334846381098e-05,0.18000000715255737,10661.7197265625
EleutherAI/pythia-70m,50000,step50000,70426624,6,8,17,2,5,0.01475098729133606,0.18000000715255737,10661.7197265625
EleutherAI/pythia-70m,50000,step50000,70426624,6,8,17,2,6,0.011055689305067062,0.18000000715255737,10661.7197265625
EleutherAI/pythia-70m,50000,step50000,70426624,6,8,17,2,7,1.1502194865897764e-05,0.18000000715255737,10661.7197265625
EleutherAI/pythia-70m,50000,step50000,70426624,6,8,17,3,0,0.22828426957130432,0.18000000715255737,10661.7197265625
EleutherAI/pythia-70m,50000,step50000,70426624,6,8,17,3,1,0.33806464076042175,0.18000000715255737,10661.7197265625
EleutherAI/pythia-70m,50000,step50000,70426624,6,8,17,3,2,0.0022330100182443857,0.18000000715255737,10661.7197265625
EleutherAI/pythia-70m,50000,step50000,70426624,6,8,17,3,3,0.019530795514583588,0.18000000715255737,10661.7197265625
EleutherAI/pythia-70m,50000,step50000,70426624,6,8,17,3,4,0.005549965891987085,0.18000000715255737,10661.7197265625
EleutherAI/pythia-70m,50000,step50000,70426624,6,8,17,3,5,0.34245792031288147,0.18000000715255737,10661.7197265625
EleutherAI/pythia-70m,50000,step50000,70426624,6,8,17,3,6,0.5285491347312927,0.18000000715255737,10661.7197265625
EleutherAI/pythia-70m,50000,step50000,70426624,6,8,17,3,7,0.011678172275424004,0.18000000715255737,10661.7197265625
EleutherAI/pythia-70m,50000,step50000,70426624,6,8,17,4,0,0.014971346594393253,0.18000000715255737,10661.7197265625
EleutherAI/pythia-70m,50000,step50000,70426624,6,8,17,4,1,0.025537241250276566,0.18000000715255737,10661.7197265625
EleutherAI/pythia-70m,50000,step50000,70426624,6,8,17,4,2,0.04171936213970184,0.18000000715255737,10661.7197265625
EleutherAI/pythia-70m,50000,step50000,70426624,6,8,17,4,3,0.024446643888950348,0.18000000715255737,10661.7197265625
EleutherAI/pythia-70m,50000,step50000,70426624,6,8,17,4,4,0.01674322411417961,0.18000000715255737,10661.7197265625
EleutherAI/pythia-70m,50000,step50000,70426624,6,8,17,4,5,0.01170665305107832,0.18000000715255737,10661.7197265625
EleutherAI/pythia-70m,50000,step50000,70426624,6,8,17,4,6,0.021255498751997948,0.18000000715255737,10661.7197265625
EleutherAI/pythia-70m,50000,step50000,70426624,6,8,17,4,7,0.0384352020919323,0.18000000715255737,10661.7197265625
EleutherAI/pythia-70m,50000,step50000,70426624,6,8,17,5,0,0.0042190831154584885,0.18000000715255737,10661.7197265625
EleutherAI/pythia-70m,50000,step50000,70426624,6,8,17,5,1,0.0012641948414966464,0.18000000715255737,10661.7197265625
EleutherAI/pythia-70m,50000,step50000,70426624,6,8,17,5,2,0.0008601197623647749,0.18000000715255737,10661.7197265625
EleutherAI/pythia-70m,50000,step50000,70426624,6,8,17,5,3,0.0007687995093874633,0.18000000715255737,10661.7197265625
EleutherAI/pythia-70m,50000,step50000,70426624,6,8,17,5,4,0.0025205593556165695,0.18000000715255737,10661.7197265625
EleutherAI/pythia-70m,50000,step50000,70426624,6,8,17,5,5,0.005903084296733141,0.18000000715255737,10661.7197265625
EleutherAI/pythia-70m,50000,step50000,70426624,6,8,17,5,6,0.007990711368620396,0.18000000715255737,10661.7197265625
EleutherAI/pythia-70m,50000,step50000,70426624,6,8,17,5,7,1.5130113752093166e-05,0.18000000715255737,10661.7197265625
EleutherAI/pythia-70m,50000,step50000,70426624,6,8,18,0,0,0.0068743000738322735,0.05999999865889549,21135.30078125
EleutherAI/pythia-70m,50000,step50000,70426624,6,8,18,0,1,0.00038286298513412476,0.05999999865889549,21135.30078125
EleutherAI/pythia-70m,50000,step50000,70426624,6,8,18,0,2,0.00859801284968853,0.05999999865889549,21135.30078125
EleutherAI/pythia-70m,50000,step50000,70426624,6,8,18,0,3,0.0004695096577052027,0.05999999865889549,21135.30078125
EleutherAI/pythia-70m,50000,step50000,70426624,6,8,18,0,4,0.0029326179064810276,0.05999999865889549,21135.30078125
EleutherAI/pythia-70m,50000,step50000,70426624,6,8,18,0,5,0.0002516605600249022,0.05999999865889549,21135.30078125
EleutherAI/pythia-70m,50000,step50000,70426624,6,8,18,0,6,0.00828009843826294,0.05999999865889549,21135.30078125
EleutherAI/pythia-70m,50000,step50000,70426624,6,8,18,0,7,0.000761484494432807,0.05999999865889549,21135.30078125
EleutherAI/pythia-70m,50000,step50000,70426624,6,8,18,1,0,0.006924143992364407,0.05999999865889549,21135.30078125
EleutherAI/pythia-70m,50000,step50000,70426624,6,8,18,1,1,6.625330570386723e-05,0.05999999865889549,21135.30078125
EleutherAI/pythia-70m,50000,step50000,70426624,6,8,18,1,2,0.0005200558225624263,0.05999999865889549,21135.30078125
EleutherAI/pythia-70m,50000,step50000,70426624,6,8,18,1,3,7.408196324831806e-06,0.05999999865889549,21135.30078125
EleutherAI/pythia-70m,50000,step50000,70426624,6,8,18,1,4,0.0089525505900383,0.05999999865889549,21135.30078125
EleutherAI/pythia-70m,50000,step50000,70426624,6,8,18,1,5,0.0009803618304431438,0.05999999865889549,21135.30078125
EleutherAI/pythia-70m,50000,step50000,70426624,6,8,18,1,6,0.001857115887105465,0.05999999865889549,21135.30078125
EleutherAI/pythia-70m,50000,step50000,70426624,6,8,18,1,7,0.000981090939603746,0.05999999865889549,21135.30078125
EleutherAI/pythia-70m,50000,step50000,70426624,6,8,18,2,0,0.0018657079199329019,0.05999999865889549,21135.30078125
EleutherAI/pythia-70m,50000,step50000,70426624,6,8,18,2,1,2.3096079215800813e-10,0.05999999865889549,21135.30078125
EleutherAI/pythia-70m,50000,step50000,70426624,6,8,18,2,2,0.002658984623849392,0.05999999865889549,21135.30078125
EleutherAI/pythia-70m,50000,step50000,70426624,6,8,18,2,3,0.0018681528745219111,0.05999999865889549,21135.30078125
EleutherAI/pythia-70m,50000,step50000,70426624,6,8,18,2,4,5.1549786803661846e-06,0.05999999865889549,21135.30078125
EleutherAI/pythia-70m,50000,step50000,70426624,6,8,18,2,5,0.013442551717162132,0.05999999865889549,21135.30078125
EleutherAI/pythia-70m,50000,step50000,70426624,6,8,18,2,6,0.0068206507712602615,0.05999999865889549,21135.30078125
EleutherAI/pythia-70m,50000,step50000,70426624,6,8,18,2,7,2.0491666873567738e-05,0.05999999865889549,21135.30078125
EleutherAI/pythia-70m,50000,step50000,70426624,6,8,18,3,0,0.036625783890485764,0.05999999865889549,21135.30078125
EleutherAI/pythia-70m,50000,step50000,70426624,6,8,18,3,1,0.11402320116758347,0.05999999865889549,21135.30078125
EleutherAI/pythia-70m,50000,step50000,70426624,6,8,18,3,2,0.002956683048978448,0.05999999865889549,21135.30078125
EleutherAI/pythia-70m,50000,step50000,70426624,6,8,18,3,3,0.013307592831552029,0.05999999865889549,21135.30078125
EleutherAI/pythia-70m,50000,step50000,70426624,6,8,18,3,4,0.0072849164716899395,0.05999999865889549,21135.30078125
EleutherAI/pythia-70m,50000,step50000,70426624,6,8,18,3,5,0.11486253887414932,0.05999999865889549,21135.30078125
EleutherAI/pythia-70m,50000,step50000,70426624,6,8,18,3,6,0.2032545506954193,0.05999999865889549,21135.30078125
EleutherAI/pythia-70m,50000,step50000,70426624,6,8,18,3,7,0.011905958876013756,0.05999999865889549,21135.30078125
EleutherAI/pythia-70m,50000,step50000,70426624,6,8,18,4,0,0.012222916819155216,0.05999999865889549,21135.30078125
EleutherAI/pythia-70m,50000,step50000,70426624,6,8,18,4,1,0.013873614370822906,0.05999999865889549,21135.30078125
EleutherAI/pythia-70m,50000,step50000,70426624,6,8,18,4,2,0.016527319326996803,0.05999999865889549,21135.30078125
EleutherAI/pythia-70m,50000,step50000,70426624,6,8,18,4,3,0.01679135486483574,0.05999999865889549,21135.30078125
EleutherAI/pythia-70m,50000,step50000,70426624,6,8,18,4,4,0.014639725908637047,0.05999999865889549,21135.30078125
EleutherAI/pythia-70m,50000,step50000,70426624,6,8,18,4,5,0.011654393747448921,0.05999999865889549,21135.30078125
EleutherAI/pythia-70m,50000,step50000,70426624,6,8,18,4,6,0.014824935235083103,0.05999999865889549,21135.30078125
EleutherAI/pythia-70m,50000,step50000,70426624,6,8,18,4,7,0.016942715272307396,0.05999999865889549,21135.30078125
EleutherAI/pythia-70m,50000,step50000,70426624,6,8,18,5,0,0.005707787815481424,0.05999999865889549,21135.30078125
EleutherAI/pythia-70m,50000,step50000,70426624,6,8,18,5,1,0.001958295702934265,0.05999999865889549,21135.30078125
EleutherAI/pythia-70m,50000,step50000,70426624,6,8,18,5,2,0.006922701373696327,0.05999999865889549,21135.30078125
EleutherAI/pythia-70m,50000,step50000,70426624,6,8,18,5,3,0.0005599096184596419,0.05999999865889549,21135.30078125
EleutherAI/pythia-70m,50000,step50000,70426624,6,8,18,5,4,0.003554964903742075,0.05999999865889549,21135.30078125
EleutherAI/pythia-70m,50000,step50000,70426624,6,8,18,5,5,0.008670222945511341,0.05999999865889549,21135.30078125
EleutherAI/pythia-70m,50000,step50000,70426624,6,8,18,5,6,0.005575128830969334,0.05999999865889549,21135.30078125
EleutherAI/pythia-70m,50000,step50000,70426624,6,8,18,5,7,1.3037477401667275e-05,0.05999999865889549,21135.30078125
EleutherAI/pythia-70m,50000,step50000,70426624,6,8,19,0,0,0.007909578271210194,0.4399999976158142,4155.240234375
EleutherAI/pythia-70m,50000,step50000,70426624,6,8,19,0,1,0.00040647797868587077,0.4399999976158142,4155.240234375
EleutherAI/pythia-70m,50000,step50000,70426624,6,8,19,0,2,0.009050419554114342,0.4399999976158142,4155.240234375
EleutherAI/pythia-70m,50000,step50000,70426624,6,8,19,0,3,0.0009369735489599407,0.4399999976158142,4155.240234375
EleutherAI/pythia-70m,50000,step50000,70426624,6,8,19,0,4,0.0005788028938695788,0.4399999976158142,4155.240234375
EleutherAI/pythia-70m,50000,step50000,70426624,6,8,19,0,5,0.00020926450088154525,0.4399999976158142,4155.240234375
EleutherAI/pythia-70m,50000,step50000,70426624,6,8,19,0,6,0.01055216696113348,0.4399999976158142,4155.240234375
EleutherAI/pythia-70m,50000,step50000,70426624,6,8,19,0,7,0.000594169890973717,0.4399999976158142,4155.240234375
EleutherAI/pythia-70m,50000,step50000,70426624,6,8,19,1,0,0.00735493004322052,0.4399999976158142,4155.240234375
EleutherAI/pythia-70m,50000,step50000,70426624,6,8,19,1,1,2.856197716027964e-05,0.4399999976158142,4155.240234375
EleutherAI/pythia-70m,50000,step50000,70426624,6,8,19,1,2,0.0002191198436776176,0.4399999976158142,4155.240234375
EleutherAI/pythia-70m,50000,step50000,70426624,6,8,19,1,3,5.551170488615753e-06,0.4399999976158142,4155.240234375
EleutherAI/pythia-70m,50000,step50000,70426624,6,8,19,1,4,0.01124868169426918,0.4399999976158142,4155.240234375
EleutherAI/pythia-70m,50000,step50000,70426624,6,8,19,1,5,0.004326937720179558,0.4399999976158142,4155.240234375
EleutherAI/pythia-70m,50000,step50000,70426624,6,8,19,1,6,0.004229977261275053,0.4399999976158142,4155.240234375
EleutherAI/pythia-70m,50000,step50000,70426624,6,8,19,1,7,0.0012849195627495646,0.4399999976158142,4155.240234375
EleutherAI/pythia-70m,50000,step50000,70426624,6,8,19,2,0,0.0015349374152719975,0.4399999976158142,4155.240234375
EleutherAI/pythia-70m,50000,step50000,70426624,6,8,19,2,1,1.8837112425451608e-11,0.4399999976158142,4155.240234375
EleutherAI/pythia-70m,50000,step50000,70426624,6,8,19,2,2,0.0004954259493388236,0.4399999976158142,4155.240234375
EleutherAI/pythia-70m,50000,step50000,70426624,6,8,19,2,3,0.0006760373944416642,0.4399999976158142,4155.240234375
EleutherAI/pythia-70m,50000,step50000,70426624,6,8,19,2,4,1.4718011698278133e-06,0.4399999976158142,4155.240234375
EleutherAI/pythia-70m,50000,step50000,70426624,6,8,19,2,5,0.013166364282369614,0.4399999976158142,4155.240234375
EleutherAI/pythia-70m,50000,step50000,70426624,6,8,19,2,6,0.011453078128397465,0.4399999976158142,4155.240234375
EleutherAI/pythia-70m,50000,step50000,70426624,6,8,19,2,7,1.4800518783886218e-06,0.4399999976158142,4155.240234375
EleutherAI/pythia-70m,50000,step50000,70426624,6,8,19,3,0,0.3512312173843384,0.4399999976158142,4155.240234375
EleutherAI/pythia-70m,50000,step50000,70426624,6,8,19,3,1,0.6689482927322388,0.4399999976158142,4155.240234375
EleutherAI/pythia-70m,50000,step50000,70426624,6,8,19,3,2,0.000637690769508481,0.4399999976158142,4155.240234375
EleutherAI/pythia-70m,50000,step50000,70426624,6,8,19,3,3,0.017557689920067787,0.4399999976158142,4155.240234375
EleutherAI/pythia-70m,50000,step50000,70426624,6,8,19,3,4,0.002075103111565113,0.4399999976158142,4155.240234375
EleutherAI/pythia-70m,50000,step50000,70426624,6,8,19,3,5,0.6312921643257141,0.4399999976158142,4155.240234375
EleutherAI/pythia-70m,50000,step50000,70426624,6,8,19,3,6,0.8034641742706299,0.4399999976158142,4155.240234375
EleutherAI/pythia-70m,50000,step50000,70426624,6,8,19,3,7,0.01006480772048235,0.4399999976158142,4155.240234375
EleutherAI/pythia-70m,50000,step50000,70426624,6,8,19,4,0,0.016461821272969246,0.4399999976158142,4155.240234375
EleutherAI/pythia-70m,50000,step50000,70426624,6,8,19,4,1,0.029827497899532318,0.4399999976158142,4155.240234375
EleutherAI/pythia-70m,50000,step50000,70426624,6,8,19,4,2,0.051366329193115234,0.4399999976158142,4155.240234375
EleutherAI/pythia-70m,50000,step50000,70426624,6,8,19,4,3,0.049159083515405655,0.4399999976158142,4155.240234375
EleutherAI/pythia-70m,50000,step50000,70426624,6,8,19,4,4,0.018986184149980545,0.4399999976158142,4155.240234375
EleutherAI/pythia-70m,50000,step50000,70426624,6,8,19,4,5,0.009813387878239155,0.4399999976158142,4155.240234375
EleutherAI/pythia-70m,50000,step50000,70426624,6,8,19,4,6,0.041118644177913666,0.4399999976158142,4155.240234375
EleutherAI/pythia-70m,50000,step50000,70426624,6,8,19,4,7,0.0623893067240715,0.4399999976158142,4155.240234375
EleutherAI/pythia-70m,50000,step50000,70426624,6,8,19,5,0,0.0019826272036880255,0.4399999976158142,4155.240234375
EleutherAI/pythia-70m,50000,step50000,70426624,6,8,19,5,1,0.0012176866875961423,0.4399999976158142,4155.240234375
EleutherAI/pythia-70m,50000,step50000,70426624,6,8,19,5,2,0.0019490268314257264,0.4399999976158142,4155.240234375
EleutherAI/pythia-70m,50000,step50000,70426624,6,8,19,5,3,8.507493475917727e-06,0.4399999976158142,4155.240234375
EleutherAI/pythia-70m,50000,step50000,70426624,6,8,19,5,4,0.0006682221428491175,0.4399999976158142,4155.240234375
EleutherAI/pythia-70m,50000,step50000,70426624,6,8,19,5,5,0.0027013218495994806,0.4399999976158142,4155.240234375
EleutherAI/pythia-70m,50000,step50000,70426624,6,8,19,5,6,0.0067766890861094,0.4399999976158142,4155.240234375
EleutherAI/pythia-70m,50000,step50000,70426624,6,8,19,5,7,4.118583092349581e-06,0.4399999976158142,4155.240234375
EleutherAI/pythia-70m,50000,step50000,70426624,6,8,20,0,0,0.005826557986438274,0.1599999964237213,14144.9404296875
EleutherAI/pythia-70m,50000,step50000,70426624,6,8,20,0,1,0.00042186956852674484,0.1599999964237213,14144.9404296875
EleutherAI/pythia-70m,50000,step50000,70426624,6,8,20,0,2,0.005990395322442055,0.1599999964237213,14144.9404296875
EleutherAI/pythia-70m,50000,step50000,70426624,6,8,20,0,3,0.000770268146879971,0.1599999964237213,14144.9404296875
EleutherAI/pythia-70m,50000,step50000,70426624,6,8,20,0,4,0.0008333934820257127,0.1599999964237213,14144.9404296875
EleutherAI/pythia-70m,50000,step50000,70426624,6,8,20,0,5,0.007995263673365116,0.1599999964237213,14144.9404296875
EleutherAI/pythia-70m,50000,step50000,70426624,6,8,20,0,6,0.007890566252171993,0.1599999964237213,14144.9404296875
EleutherAI/pythia-70m,50000,step50000,70426624,6,8,20,0,7,0.0017533492064103484,0.1599999964237213,14144.9404296875
EleutherAI/pythia-70m,50000,step50000,70426624,6,8,20,1,0,0.010568184778094292,0.1599999964237213,14144.9404296875
EleutherAI/pythia-70m,50000,step50000,70426624,6,8,20,1,1,1.708342824713327e-05,0.1599999964237213,14144.9404296875
EleutherAI/pythia-70m,50000,step50000,70426624,6,8,20,1,2,9.323958511231467e-05,0.1599999964237213,14144.9404296875
EleutherAI/pythia-70m,50000,step50000,70426624,6,8,20,1,3,2.705744009290356e-06,0.1599999964237213,14144.9404296875
EleutherAI/pythia-70m,50000,step50000,70426624,6,8,20,1,4,0.006962936371564865,0.1599999964237213,14144.9404296875
EleutherAI/pythia-70m,50000,step50000,70426624,6,8,20,1,5,0.0010223048739135265,0.1599999964237213,14144.9404296875
EleutherAI/pythia-70m,50000,step50000,70426624,6,8,20,1,6,0.0015777847729623318,0.1599999964237213,14144.9404296875
EleutherAI/pythia-70m,50000,step50000,70426624,6,8,20,1,7,0.0007971783052198589,0.1599999964237213,14144.9404296875
EleutherAI/pythia-70m,50000,step50000,70426624,6,8,20,2,0,0.0019583299290388823,0.1599999964237213,14144.9404296875
EleutherAI/pythia-70m,50000,step50000,70426624,6,8,20,2,1,1.0102052527827254e-10,0.1599999964237213,14144.9404296875
EleutherAI/pythia-70m,50000,step50000,70426624,6,8,20,2,2,0.0021052295342087746,0.1599999964237213,14144.9404296875
EleutherAI/pythia-70m,50000,step50000,70426624,6,8,20,2,3,0.0009750572498887777,0.1599999964237213,14144.9404296875
EleutherAI/pythia-70m,50000,step50000,70426624,6,8,20,2,4,1.2508247664300143e-06,0.1599999964237213,14144.9404296875
EleutherAI/pythia-70m,50000,step50000,70426624,6,8,20,2,5,0.010033066384494305,0.1599999964237213,14144.9404296875
EleutherAI/pythia-70m,50000,step50000,70426624,6,8,20,2,6,0.006945362314581871,0.1599999964237213,14144.9404296875
EleutherAI/pythia-70m,50000,step50000,70426624,6,8,20,2,7,1.9199878806830384e-05,0.1599999964237213,14144.9404296875
EleutherAI/pythia-70m,50000,step50000,70426624,6,8,20,3,0,0.17045073211193085,0.1599999964237213,14144.9404296875
EleutherAI/pythia-70m,50000,step50000,70426624,6,8,20,3,1,0.31270328164100647,0.1599999964237213,14144.9404296875
EleutherAI/pythia-70m,50000,step50000,70426624,6,8,20,3,2,0.001826482592150569,0.1599999964237213,14144.9404296875
EleutherAI/pythia-70m,50000,step50000,70426624,6,8,20,3,3,0.014842488802969456,0.1599999964237213,14144.9404296875
EleutherAI/pythia-70m,50000,step50000,70426624,6,8,20,3,4,0.005893121473491192,0.1599999964237213,14144.9404296875
EleutherAI/pythia-70m,50000,step50000,70426624,6,8,20,3,5,0.31165850162506104,0.1599999964237213,14144.9404296875
EleutherAI/pythia-70m,50000,step50000,70426624,6,8,20,3,6,0.4985688030719757,0.1599999964237213,14144.9404296875
EleutherAI/pythia-70m,50000,step50000,70426624,6,8,20,3,7,0.011550240218639374,0.1599999964237213,14144.9404296875
EleutherAI/pythia-70m,50000,step50000,70426624,6,8,20,4,0,0.012335095554590225,0.1599999964237213,14144.9404296875
EleutherAI/pythia-70m,50000,step50000,70426624,6,8,20,4,1,0.01638035848736763,0.1599999964237213,14144.9404296875
EleutherAI/pythia-70m,50000,step50000,70426624,6,8,20,4,2,0.030188344419002533,0.1599999964237213,14144.9404296875
EleutherAI/pythia-70m,50000,step50000,70426624,6,8,20,4,3,0.02339218556880951,0.1599999964237213,14144.9404296875
EleutherAI/pythia-70m,50000,step50000,70426624,6,8,20,4,4,0.01418275386095047,0.1599999964237213,14144.9404296875
EleutherAI/pythia-70m,50000,step50000,70426624,6,8,20,4,5,0.010201034136116505,0.1599999964237213,14144.9404296875
EleutherAI/pythia-70m,50000,step50000,70426624,6,8,20,4,6,0.01946762576699257,0.1599999964237213,14144.9404296875
EleutherAI/pythia-70m,50000,step50000,70426624,6,8,20,4,7,0.031507134437561035,0.1599999964237213,14144.9404296875
EleutherAI/pythia-70m,50000,step50000,70426624,6,8,20,5,0,0.007216265425086021,0.1599999964237213,14144.9404296875
EleutherAI/pythia-70m,50000,step50000,70426624,6,8,20,5,1,0.0014913807390257716,0.1599999964237213,14144.9404296875
EleutherAI/pythia-70m,50000,step50000,70426624,6,8,20,5,2,0.002000744454562664,0.1599999964237213,14144.9404296875
EleutherAI/pythia-70m,50000,step50000,70426624,6,8,20,5,3,0.0005121014546602964,0.1599999964237213,14144.9404296875
EleutherAI/pythia-70m,50000,step50000,70426624,6,8,20,5,4,0.0021892734803259373,0.1599999964237213,14144.9404296875
EleutherAI/pythia-70m,50000,step50000,70426624,6,8,20,5,5,0.004037819337099791,0.1599999964237213,14144.9404296875
EleutherAI/pythia-70m,50000,step50000,70426624,6,8,20,5,6,0.003625962184742093,0.1599999964237213,14144.9404296875
EleutherAI/pythia-70m,50000,step50000,70426624,6,8,20,5,7,1.1669787454593461e-05,0.1599999964237213,14144.9404296875
EleutherAI/pythia-70m,50000,step50000,70426624,6,8,21,0,0,0.00939254555851221,0.11999999731779099,16444.599609375
EleutherAI/pythia-70m,50000,step50000,70426624,6,8,21,0,1,0.0003782082349061966,0.11999999731779099,16444.599609375
EleutherAI/pythia-70m,50000,step50000,70426624,6,8,21,0,2,0.010099339298903942,0.11999999731779099,16444.599609375
EleutherAI/pythia-70m,50000,step50000,70426624,6,8,21,0,3,0.0005498446407727897,0.11999999731779099,16444.599609375
EleutherAI/pythia-70m,50000,step50000,70426624,6,8,21,0,4,0.002353889402002096,0.11999999731779099,16444.599609375
EleutherAI/pythia-70m,50000,step50000,70426624,6,8,21,0,5,4.341624662629329e-05,0.11999999731779099,16444.599609375
EleutherAI/pythia-70m,50000,step50000,70426624,6,8,21,0,6,0.009411744773387909,0.11999999731779099,16444.599609375
EleutherAI/pythia-70m,50000,step50000,70426624,6,8,21,0,7,0.001852294895797968,0.11999999731779099,16444.599609375
EleutherAI/pythia-70m,50000,step50000,70426624,6,8,21,1,0,0.008388073183596134,0.11999999731779099,16444.599609375
EleutherAI/pythia-70m,50000,step50000,70426624,6,8,21,1,1,1.8162427295465022e-05,0.11999999731779099,16444.599609375
EleutherAI/pythia-70m,50000,step50000,70426624,6,8,21,1,2,0.0001559596712468192,0.11999999731779099,16444.599609375
EleutherAI/pythia-70m,50000,step50000,70426624,6,8,21,1,3,3.223164185328642e-06,0.11999999731779099,16444.599609375
EleutherAI/pythia-70m,50000,step50000,70426624,6,8,21,1,4,0.008178218267858028,0.11999999731779099,16444.599609375
EleutherAI/pythia-70m,50000,step50000,70426624,6,8,21,1,5,0.0012111456599086523,0.11999999731779099,16444.599609375
EleutherAI/pythia-70m,50000,step50000,70426624,6,8,21,1,6,0.0024463715963065624,0.11999999731779099,16444.599609375
EleutherAI/pythia-70m,50000,step50000,70426624,6,8,21,1,7,0.0008307087700814009,0.11999999731779099,16444.599609375
EleutherAI/pythia-70m,50000,step50000,70426624,6,8,21,2,0,0.002845947165042162,0.11999999731779099,16444.599609375
EleutherAI/pythia-70m,50000,step50000,70426624,6,8,21,2,1,3.0190315525313594e-11,0.11999999731779099,16444.599609375
EleutherAI/pythia-70m,50000,step50000,70426624,6,8,21,2,2,0.00236325291916728,0.11999999731779099,16444.599609375
EleutherAI/pythia-70m,50000,step50000,70426624,6,8,21,2,3,0.0013333637034520507,0.11999999731779099,16444.599609375
EleutherAI/pythia-70m,50000,step50000,70426624,6,8,21,2,4,2.8577670718732406e-07,0.11999999731779099,16444.599609375
EleutherAI/pythia-70m,50000,step50000,70426624,6,8,21,2,5,0.01058676466345787,0.11999999731779099,16444.599609375
EleutherAI/pythia-70m,50000,step50000,70426624,6,8,21,2,6,0.009273980744183064,0.11999999731779099,16444.599609375
EleutherAI/pythia-70m,50000,step50000,70426624,6,8,21,2,7,1.2443650120985694e-05,0.11999999731779099,16444.599609375
EleutherAI/pythia-70m,50000,step50000,70426624,6,8,21,3,0,0.09825518727302551,0.11999999731779099,16444.599609375
EleutherAI/pythia-70m,50000,step50000,70426624,6,8,21,3,1,0.1988004893064499,0.11999999731779099,16444.599609375
EleutherAI/pythia-70m,50000,step50000,70426624,6,8,21,3,2,0.0019691914785653353,0.11999999731779099,16444.599609375
EleutherAI/pythia-70m,50000,step50000,70426624,6,8,21,3,3,0.01127704419195652,0.11999999731779099,16444.599609375
EleutherAI/pythia-70m,50000,step50000,70426624,6,8,21,3,4,0.0058108139783144,0.11999999731779099,16444.599609375
EleutherAI/pythia-70m,50000,step50000,70426624,6,8,21,3,5,0.2223600149154663,0.11999999731779099,16444.599609375
EleutherAI/pythia-70m,50000,step50000,70426624,6,8,21,3,6,0.2920382022857666,0.11999999731779099,16444.599609375
EleutherAI/pythia-70m,50000,step50000,70426624,6,8,21,3,7,0.009894945658743382,0.11999999731779099,16444.599609375
EleutherAI/pythia-70m,50000,step50000,70426624,6,8,21,4,0,0.010312809608876705,0.11999999731779099,16444.599609375
EleutherAI/pythia-70m,50000,step50000,70426624,6,8,21,4,1,0.011471450328826904,0.11999999731779099,16444.599609375
EleutherAI/pythia-70m,50000,step50000,70426624,6,8,21,4,2,0.01524577010422945,0.11999999731779099,16444.599609375
EleutherAI/pythia-70m,50000,step50000,70426624,6,8,21,4,3,0.016180196776986122,0.11999999731779099,16444.599609375
EleutherAI/pythia-70m,50000,step50000,70426624,6,8,21,4,4,0.011733610183000565,0.11999999731779099,16444.599609375
EleutherAI/pythia-70m,50000,step50000,70426624,6,8,21,4,5,0.008578960783779621,0.11999999731779099,16444.599609375
EleutherAI/pythia-70m,50000,step50000,70426624,6,8,21,4,6,0.013541871681809425,0.11999999731779099,16444.599609375
EleutherAI/pythia-70m,50000,step50000,70426624,6,8,21,4,7,0.01635032705962658,0.11999999731779099,16444.599609375
EleutherAI/pythia-70m,50000,step50000,70426624,6,8,21,5,0,0.007228105794638395,0.11999999731779099,16444.599609375
EleutherAI/pythia-70m,50000,step50000,70426624,6,8,21,5,1,0.001211346942000091,0.11999999731779099,16444.599609375
EleutherAI/pythia-70m,50000,step50000,70426624,6,8,21,5,2,0.0031894417479634285,0.11999999731779099,16444.599609375
EleutherAI/pythia-70m,50000,step50000,70426624,6,8,21,5,3,0.0001783298939699307,0.11999999731779099,16444.599609375
EleutherAI/pythia-70m,50000,step50000,70426624,6,8,21,5,4,0.0016243841964751482,0.11999999731779099,16444.599609375
EleutherAI/pythia-70m,50000,step50000,70426624,6,8,21,5,5,0.0036018099635839462,0.11999999731779099,16444.599609375
EleutherAI/pythia-70m,50000,step50000,70426624,6,8,21,5,6,0.00443411897867918,0.11999999731779099,16444.599609375
EleutherAI/pythia-70m,50000,step50000,70426624,6,8,21,5,7,8.897207408153918e-06,0.11999999731779099,16444.599609375
EleutherAI/pythia-70m,50000,step50000,70426624,6,8,22,0,0,0.008688529953360558,0.18000000715255737,9738.7802734375
EleutherAI/pythia-70m,50000,step50000,70426624,6,8,22,0,1,0.0005201950552873313,0.18000000715255737,9738.7802734375
EleutherAI/pythia-70m,50000,step50000,70426624,6,8,22,0,2,0.00969670806080103,0.18000000715255737,9738.7802734375
EleutherAI/pythia-70m,50000,step50000,70426624,6,8,22,0,3,0.0003341010306030512,0.18000000715255737,9738.7802734375
EleutherAI/pythia-70m,50000,step50000,70426624,6,8,22,0,4,0.0021359859965741634,0.18000000715255737,9738.7802734375
EleutherAI/pythia-70m,50000,step50000,70426624,6,8,22,0,5,0.005856894887983799,0.18000000715255737,9738.7802734375
EleutherAI/pythia-70m,50000,step50000,70426624,6,8,22,0,6,0.009024012833833694,0.18000000715255737,9738.7802734375
EleutherAI/pythia-70m,50000,step50000,70426624,6,8,22,0,7,0.00043941751937381923,0.18000000715255737,9738.7802734375
EleutherAI/pythia-70m,50000,step50000,70426624,6,8,22,1,0,0.012279476039111614,0.18000000715255737,9738.7802734375
EleutherAI/pythia-70m,50000,step50000,70426624,6,8,22,1,1,0.00014499340613838285,0.18000000715255737,9738.7802734375
EleutherAI/pythia-70m,50000,step50000,70426624,6,8,22,1,2,0.00033448412432335317,0.18000000715255737,9738.7802734375
EleutherAI/pythia-70m,50000,step50000,70426624,6,8,22,1,3,8.830044862406794e-06,0.18000000715255737,9738.7802734375
EleutherAI/pythia-70m,50000,step50000,70426624,6,8,22,1,4,0.008681219071149826,0.18000000715255737,9738.7802734375
EleutherAI/pythia-70m,50000,step50000,70426624,6,8,22,1,5,0.0016245710430666804,0.18000000715255737,9738.7802734375
EleutherAI/pythia-70m,50000,step50000,70426624,6,8,22,1,6,0.003933153115212917,0.18000000715255737,9738.7802734375
EleutherAI/pythia-70m,50000,step50000,70426624,6,8,22,1,7,0.0013786465860903263,0.18000000715255737,9738.7802734375
EleutherAI/pythia-70m,50000,step50000,70426624,6,8,22,2,0,0.0019374856492504478,0.18000000715255737,9738.7802734375
EleutherAI/pythia-70m,50000,step50000,70426624,6,8,22,2,1,1.0091523450217466e-10,0.18000000715255737,9738.7802734375
EleutherAI/pythia-70m,50000,step50000,70426624,6,8,22,2,2,0.002395346062257886,0.18000000715255737,9738.7802734375
EleutherAI/pythia-70m,50000,step50000,70426624,6,8,22,2,3,0.0014718344900757074,0.18000000715255737,9738.7802734375
EleutherAI/pythia-70m,50000,step50000,70426624,6,8,22,2,4,2.9912698664702475e-05,0.18000000715255737,9738.7802734375
EleutherAI/pythia-70m,50000,step50000,70426624,6,8,22,2,5,0.01402974035590887,0.18000000715255737,9738.7802734375
EleutherAI/pythia-70m,50000,step50000,70426624,6,8,22,2,6,0.008950676769018173,0.18000000715255737,9738.7802734375
EleutherAI/pythia-70m,50000,step50000,70426624,6,8,22,2,7,2.446566395519767e-05,0.18000000715255737,9738.7802734375
EleutherAI/pythia-70m,50000,step50000,70426624,6,8,22,3,0,0.2121850997209549,0.18000000715255737,9738.7802734375
EleutherAI/pythia-70m,50000,step50000,70426624,6,8,22,3,1,0.38916388154029846,0.18000000715255737,9738.7802734375
EleutherAI/pythia-70m,50000,step50000,70426624,6,8,22,3,2,0.002237095031887293,0.18000000715255737,9738.7802734375
EleutherAI/pythia-70m,50000,step50000,70426624,6,8,22,3,3,0.014175069518387318,0.18000000715255737,9738.7802734375
EleutherAI/pythia-70m,50000,step50000,70426624,6,8,22,3,4,0.006097824778407812,0.18000000715255737,9738.7802734375
EleutherAI/pythia-70m,50000,step50000,70426624,6,8,22,3,5,0.4159085750579834,0.18000000715255737,9738.7802734375
EleutherAI/pythia-70m,50000,step50000,70426624,6,8,22,3,6,0.5516829490661621,0.18000000715255737,9738.7802734375
EleutherAI/pythia-70m,50000,step50000,70426624,6,8,22,3,7,0.011762586422264576,0.18000000715255737,9738.7802734375
EleutherAI/pythia-70m,50000,step50000,70426624,6,8,22,4,0,0.014229200780391693,0.18000000715255737,9738.7802734375
EleutherAI/pythia-70m,50000,step50000,70426624,6,8,22,4,1,0.018231263384222984,0.18000000715255737,9738.7802734375
EleutherAI/pythia-70m,50000,step50000,70426624,6,8,22,4,2,0.025095725432038307,0.18000000715255737,9738.7802734375
EleutherAI/pythia-70m,50000,step50000,70426624,6,8,22,4,3,0.028359470888972282,0.18000000715255737,9738.7802734375
EleutherAI/pythia-70m,50000,step50000,70426624,6,8,22,4,4,0.01572861149907112,0.18000000715255737,9738.7802734375
EleutherAI/pythia-70m,50000,step50000,70426624,6,8,22,4,5,0.011256730183959007,0.18000000715255737,9738.7802734375
EleutherAI/pythia-70m,50000,step50000,70426624,6,8,22,4,6,0.024987466633319855,0.18000000715255737,9738.7802734375
EleutherAI/pythia-70m,50000,step50000,70426624,6,8,22,4,7,0.03477676957845688,0.18000000715255737,9738.7802734375
EleutherAI/pythia-70m,50000,step50000,70426624,6,8,22,5,0,0.0052231187000870705,0.18000000715255737,9738.7802734375
EleutherAI/pythia-70m,50000,step50000,70426624,6,8,22,5,1,0.001462568063288927,0.18000000715255737,9738.7802734375
EleutherAI/pythia-70m,50000,step50000,70426624,6,8,22,5,2,0.002704793121665716,0.18000000715255737,9738.7802734375
EleutherAI/pythia-70m,50000,step50000,70426624,6,8,22,5,3,0.0005247872904874384,0.18000000715255737,9738.7802734375
EleutherAI/pythia-70m,50000,step50000,70426624,6,8,22,5,4,0.0029532043263316154,0.18000000715255737,9738.7802734375
EleutherAI/pythia-70m,50000,step50000,70426624,6,8,22,5,5,0.006535317283123732,0.18000000715255737,9738.7802734375
EleutherAI/pythia-70m,50000,step50000,70426624,6,8,22,5,6,0.003984883427619934,0.18000000715255737,9738.7802734375
EleutherAI/pythia-70m,50000,step50000,70426624,6,8,22,5,7,1.2212158253532834e-05,0.18000000715255737,9738.7802734375
EleutherAI/pythia-70m,50000,step50000,70426624,6,8,23,0,0,0.01068811397999525,0.20000000298023224,11984.400390625
EleutherAI/pythia-70m,50000,step50000,70426624,6,8,23,0,1,0.00048348578275181353,0.20000000298023224,11984.400390625
EleutherAI/pythia-70m,50000,step50000,70426624,6,8,23,0,2,0.009099888615310192,0.20000000298023224,11984.400390625
EleutherAI/pythia-70m,50000,step50000,70426624,6,8,23,0,3,0.0008820145740173757,0.20000000298023224,11984.400390625
EleutherAI/pythia-70m,50000,step50000,70426624,6,8,23,0,4,0.0011477972147986293,0.20000000298023224,11984.400390625
EleutherAI/pythia-70m,50000,step50000,70426624,6,8,23,0,5,2.6291969334124587e-05,0.20000000298023224,11984.400390625
EleutherAI/pythia-70m,50000,step50000,70426624,6,8,23,0,6,0.00954419281333685,0.20000000298023224,11984.400390625
EleutherAI/pythia-70m,50000,step50000,70426624,6,8,23,0,7,0.00046041564201004803,0.20000000298023224,11984.400390625
EleutherAI/pythia-70m,50000,step50000,70426624,6,8,23,1,0,0.006825595628470182,0.20000000298023224,11984.400390625
EleutherAI/pythia-70m,50000,step50000,70426624,6,8,23,1,1,2.8476757506723516e-05,0.20000000298023224,11984.400390625
EleutherAI/pythia-70m,50000,step50000,70426624,6,8,23,1,2,0.0003896933048963547,0.20000000298023224,11984.400390625
EleutherAI/pythia-70m,50000,step50000,70426624,6,8,23,1,3,1.8178794562118128e-05,0.20000000298023224,11984.400390625
EleutherAI/pythia-70m,50000,step50000,70426624,6,8,23,1,4,0.0109171187505126,0.20000000298023224,11984.400390625
EleutherAI/pythia-70m,50000,step50000,70426624,6,8,23,1,5,0.0012533735716715455,0.20000000298023224,11984.400390625
EleutherAI/pythia-70m,50000,step50000,70426624,6,8,23,1,6,0.003247894113883376,0.20000000298023224,11984.400390625
EleutherAI/pythia-70m,50000,step50000,70426624,6,8,23,1,7,0.002218844136223197,0.20000000298023224,11984.400390625
EleutherAI/pythia-70m,50000,step50000,70426624,6,8,23,2,0,0.0015785378636792302,0.20000000298023224,11984.400390625
EleutherAI/pythia-70m,50000,step50000,70426624,6,8,23,2,1,1.167635710341841e-10,0.20000000298023224,11984.400390625
EleutherAI/pythia-70m,50000,step50000,70426624,6,8,23,2,2,0.0017683784244582057,0.20000000298023224,11984.400390625
EleutherAI/pythia-70m,50000,step50000,70426624,6,8,23,2,3,0.0035922760143876076,0.20000000298023224,11984.400390625
EleutherAI/pythia-70m,50000,step50000,70426624,6,8,23,2,4,1.7711837472234038e-06,0.20000000298023224,11984.400390625
EleutherAI/pythia-70m,50000,step50000,70426624,6,8,23,2,5,0.01312447339296341,0.20000000298023224,11984.400390625
EleutherAI/pythia-70m,50000,step50000,70426624,6,8,23,2,6,0.005477931350469589,0.20000000298023224,11984.400390625
EleutherAI/pythia-70m,50000,step50000,70426624,6,8,23,2,7,1.788568260963075e-05,0.20000000298023224,11984.400390625
EleutherAI/pythia-70m,50000,step50000,70426624,6,8,23,3,0,0.1592862457036972,0.20000000298023224,11984.400390625
EleutherAI/pythia-70m,50000,step50000,70426624,6,8,23,3,1,0.2974870800971985,0.20000000298023224,11984.400390625
EleutherAI/pythia-70m,50000,step50000,70426624,6,8,23,3,2,0.0016794902039691806,0.20000000298023224,11984.400390625
EleutherAI/pythia-70m,50000,step50000,70426624,6,8,23,3,3,0.012887018732726574,0.20000000298023224,11984.400390625
EleutherAI/pythia-70m,50000,step50000,70426624,6,8,23,3,4,0.004952968563884497,0.20000000298023224,11984.400390625
EleutherAI/pythia-70m,50000,step50000,70426624,6,8,23,3,5,0.30367961525917053,0.20000000298023224,11984.400390625
EleutherAI/pythia-70m,50000,step50000,70426624,6,8,23,3,6,0.5155743360519409,0.20000000298023224,11984.400390625
EleutherAI/pythia-70m,50000,step50000,70426624,6,8,23,3,7,0.009903034195303917,0.20000000298023224,11984.400390625
EleutherAI/pythia-70m,50000,step50000,70426624,6,8,23,4,0,0.012747984379529953,0.20000000298023224,11984.400390625
EleutherAI/pythia-70m,50000,step50000,70426624,6,8,23,4,1,0.015090486034750938,0.20000000298023224,11984.400390625
EleutherAI/pythia-70m,50000,step50000,70426624,6,8,23,4,2,0.023815743625164032,0.20000000298023224,11984.400390625
EleutherAI/pythia-70m,50000,step50000,70426624,6,8,23,4,3,0.02690652571618557,0.20000000298023224,11984.400390625
EleutherAI/pythia-70m,50000,step50000,70426624,6,8,23,4,4,0.01645073853433132,0.20000000298023224,11984.400390625
EleutherAI/pythia-70m,50000,step50000,70426624,6,8,23,4,5,0.009975084103643894,0.20000000298023224,11984.400390625
EleutherAI/pythia-70m,50000,step50000,70426624,6,8,23,4,6,0.024188661947846413,0.20000000298023224,11984.400390625
EleutherAI/pythia-70m,50000,step50000,70426624,6,8,23,4,7,0.029554050415754318,0.20000000298023224,11984.400390625
EleutherAI/pythia-70m,50000,step50000,70426624,6,8,23,5,0,0.007492879405617714,0.20000000298023224,11984.400390625
EleutherAI/pythia-70m,50000,step50000,70426624,6,8,23,5,1,0.0015195755986496806,0.20000000298023224,11984.400390625
EleutherAI/pythia-70m,50000,step50000,70426624,6,8,23,5,2,0.0028693214990198612,0.20000000298023224,11984.400390625
EleutherAI/pythia-70m,50000,step50000,70426624,6,8,23,5,3,0.00014637790445704013,0.20000000298023224,11984.400390625
EleutherAI/pythia-70m,50000,step50000,70426624,6,8,23,5,4,0.0016596645582467318,0.20000000298023224,11984.400390625
EleutherAI/pythia-70m,50000,step50000,70426624,6,8,23,5,5,0.004978707060217857,0.20000000298023224,11984.400390625
EleutherAI/pythia-70m,50000,step50000,70426624,6,8,23,5,6,0.00400158716365695,0.20000000298023224,11984.400390625
EleutherAI/pythia-70m,50000,step50000,70426624,6,8,23,5,7,1.2538501323433593e-05,0.20000000298023224,11984.400390625
EleutherAI/pythia-70m,50000,step50000,70426624,6,8,24,0,0,0.007443265523761511,0.019999999552965164,19041.4609375
EleutherAI/pythia-70m,50000,step50000,70426624,6,8,24,0,1,0.0003748491290025413,0.019999999552965164,19041.4609375
EleutherAI/pythia-70m,50000,step50000,70426624,6,8,24,0,2,0.007452811114490032,0.019999999552965164,19041.4609375
EleutherAI/pythia-70m,50000,step50000,70426624,6,8,24,0,3,0.0010667407186701894,0.019999999552965164,19041.4609375
EleutherAI/pythia-70m,50000,step50000,70426624,6,8,24,0,4,0.004579191096127033,0.019999999552965164,19041.4609375
EleutherAI/pythia-70m,50000,step50000,70426624,6,8,24,0,5,0.0008095607627183199,0.019999999552965164,19041.4609375
EleutherAI/pythia-70m,50000,step50000,70426624,6,8,24,0,6,0.010401945561170578,0.019999999552965164,19041.4609375
EleutherAI/pythia-70m,50000,step50000,70426624,6,8,24,0,7,0.0009229037095792592,0.019999999552965164,19041.4609375
EleutherAI/pythia-70m,50000,step50000,70426624,6,8,24,1,0,0.008315431885421276,0.019999999552965164,19041.4609375
EleutherAI/pythia-70m,50000,step50000,70426624,6,8,24,1,1,6.0169575590407476e-05,0.019999999552965164,19041.4609375
EleutherAI/pythia-70m,50000,step50000,70426624,6,8,24,1,2,0.0004983097896911204,0.019999999552965164,19041.4609375
EleutherAI/pythia-70m,50000,step50000,70426624,6,8,24,1,3,3.6732785702042747e-06,0.019999999552965164,19041.4609375
EleutherAI/pythia-70m,50000,step50000,70426624,6,8,24,1,4,0.0063826884143054485,0.019999999552965164,19041.4609375
EleutherAI/pythia-70m,50000,step50000,70426624,6,8,24,1,5,0.0014227032661437988,0.019999999552965164,19041.4609375
EleutherAI/pythia-70m,50000,step50000,70426624,6,8,24,1,6,0.002538074739277363,0.019999999552965164,19041.4609375
EleutherAI/pythia-70m,50000,step50000,70426624,6,8,24,1,7,0.001330426661297679,0.019999999552965164,19041.4609375
EleutherAI/pythia-70m,50000,step50000,70426624,6,8,24,2,0,0.0020721564069390297,0.019999999552965164,19041.4609375
EleutherAI/pythia-70m,50000,step50000,70426624,6,8,24,2,1,1.2485873446266282e-10,0.019999999552965164,19041.4609375
EleutherAI/pythia-70m,50000,step50000,70426624,6,8,24,2,2,0.0032253479585051537,0.019999999552965164,19041.4609375
EleutherAI/pythia-70m,50000,step50000,70426624,6,8,24,2,3,0.002014195080846548,0.019999999552965164,19041.4609375
EleutherAI/pythia-70m,50000,step50000,70426624,6,8,24,2,4,1.627459141673171e-06,0.019999999552965164,19041.4609375
EleutherAI/pythia-70m,50000,step50000,70426624,6,8,24,2,5,0.012093787081539631,0.019999999552965164,19041.4609375
EleutherAI/pythia-70m,50000,step50000,70426624,6,8,24,2,6,0.01087015587836504,0.019999999552965164,19041.4609375
EleutherAI/pythia-70m,50000,step50000,70426624,6,8,24,2,7,3.607076723710634e-05,0.019999999552965164,19041.4609375
EleutherAI/pythia-70m,50000,step50000,70426624,6,8,24,3,0,0.07076050341129303,0.019999999552965164,19041.4609375
EleutherAI/pythia-70m,50000,step50000,70426624,6,8,24,3,1,0.1483324021100998,0.019999999552965164,19041.4609375
EleutherAI/pythia-70m,50000,step50000,70426624,6,8,24,3,2,0.00236465223133564,0.019999999552965164,19041.4609375
EleutherAI/pythia-70m,50000,step50000,70426624,6,8,24,3,3,0.014066644012928009,0.019999999552965164,19041.4609375
EleutherAI/pythia-70m,50000,step50000,70426624,6,8,24,3,4,0.007088791113346815,0.019999999552965164,19041.4609375
EleutherAI/pythia-70m,50000,step50000,70426624,6,8,24,3,5,0.1583988219499588,0.019999999552965164,19041.4609375
EleutherAI/pythia-70m,50000,step50000,70426624,6,8,24,3,6,0.26716360449790955,0.019999999552965164,19041.4609375
EleutherAI/pythia-70m,50000,step50000,70426624,6,8,24,3,7,0.012188352644443512,0.019999999552965164,19041.4609375
EleutherAI/pythia-70m,50000,step50000,70426624,6,8,24,4,0,0.012849608436226845,0.019999999552965164,19041.4609375
EleutherAI/pythia-70m,50000,step50000,70426624,6,8,24,4,1,0.014525134116411209,0.019999999552965164,19041.4609375
EleutherAI/pythia-70m,50000,step50000,70426624,6,8,24,4,2,0.025037279352545738,0.019999999552965164,19041.4609375
EleutherAI/pythia-70m,50000,step50000,70426624,6,8,24,4,3,0.017459146678447723,0.019999999552965164,19041.4609375
EleutherAI/pythia-70m,50000,step50000,70426624,6,8,24,4,4,0.015231859870254993,0.019999999552965164,19041.4609375
EleutherAI/pythia-70m,50000,step50000,70426624,6,8,24,4,5,0.011051230132579803,0.019999999552965164,19041.4609375
EleutherAI/pythia-70m,50000,step50000,70426624,6,8,24,4,6,0.01724875159561634,0.019999999552965164,19041.4609375
EleutherAI/pythia-70m,50000,step50000,70426624,6,8,24,4,7,0.02398545667529106,0.019999999552965164,19041.4609375
EleutherAI/pythia-70m,50000,step50000,70426624,6,8,24,5,0,0.009479766711592674,0.019999999552965164,19041.4609375
EleutherAI/pythia-70m,50000,step50000,70426624,6,8,24,5,1,0.001994851278141141,0.019999999552965164,19041.4609375
EleutherAI/pythia-70m,50000,step50000,70426624,6,8,24,5,2,0.009244119748473167,0.019999999552965164,19041.4609375
EleutherAI/pythia-70m,50000,step50000,70426624,6,8,24,5,3,0.00076065375469625,0.019999999552965164,19041.4609375
EleutherAI/pythia-70m,50000,step50000,70426624,6,8,24,5,4,0.00846315547823906,0.019999999552965164,19041.4609375
EleutherAI/pythia-70m,50000,step50000,70426624,6,8,24,5,5,0.010092346929013729,0.019999999552965164,19041.4609375
EleutherAI/pythia-70m,50000,step50000,70426624,6,8,24,5,6,0.007472553290426731,0.019999999552965164,19041.4609375
EleutherAI/pythia-70m,50000,step50000,70426624,6,8,24,5,7,1.5761297618155368e-05,0.019999999552965164,19041.4609375
EleutherAI/pythia-70m,50000,step50000,70426624,6,8,25,0,0,0.00852837786078453,0.11999999731779099,9343.4599609375
EleutherAI/pythia-70m,50000,step50000,70426624,6,8,25,0,1,0.00046878252760507166,0.11999999731779099,9343.4599609375
EleutherAI/pythia-70m,50000,step50000,70426624,6,8,25,0,2,0.006841931492090225,0.11999999731779099,9343.4599609375
EleutherAI/pythia-70m,50000,step50000,70426624,6,8,25,0,3,0.0030520930886268616,0.11999999731779099,9343.4599609375
EleutherAI/pythia-70m,50000,step50000,70426624,6,8,25,0,4,0.0016077974578365684,0.11999999731779099,9343.4599609375
EleutherAI/pythia-70m,50000,step50000,70426624,6,8,25,0,5,0.0014036070788279176,0.11999999731779099,9343.4599609375
EleutherAI/pythia-70m,50000,step50000,70426624,6,8,25,0,6,0.00779839139431715,0.11999999731779099,9343.4599609375
EleutherAI/pythia-70m,50000,step50000,70426624,6,8,25,0,7,0.002584652276709676,0.11999999731779099,9343.4599609375
EleutherAI/pythia-70m,50000,step50000,70426624,6,8,25,1,0,0.006119085475802422,0.11999999731779099,9343.4599609375
EleutherAI/pythia-70m,50000,step50000,70426624,6,8,25,1,1,5.1245686336187646e-05,0.11999999731779099,9343.4599609375
EleutherAI/pythia-70m,50000,step50000,70426624,6,8,25,1,2,0.0013371686218306422,0.11999999731779099,9343.4599609375
EleutherAI/pythia-70m,50000,step50000,70426624,6,8,25,1,3,7.60832108426257e-06,0.11999999731779099,9343.4599609375
EleutherAI/pythia-70m,50000,step50000,70426624,6,8,25,1,4,0.006958318874239922,0.11999999731779099,9343.4599609375
EleutherAI/pythia-70m,50000,step50000,70426624,6,8,25,1,5,0.0008590208017267287,0.11999999731779099,9343.4599609375
EleutherAI/pythia-70m,50000,step50000,70426624,6,8,25,1,6,0.0023399528581649065,0.11999999731779099,9343.4599609375
EleutherAI/pythia-70m,50000,step50000,70426624,6,8,25,1,7,0.0018468309426680207,0.11999999731779099,9343.4599609375
EleutherAI/pythia-70m,50000,step50000,70426624,6,8,25,2,0,0.001147719332948327,0.11999999731779099,9343.4599609375
EleutherAI/pythia-70m,50000,step50000,70426624,6,8,25,2,1,5.563716709566791e-10,0.11999999731779099,9343.4599609375
EleutherAI/pythia-70m,50000,step50000,70426624,6,8,25,2,2,0.001322670141234994,0.11999999731779099,9343.4599609375
EleutherAI/pythia-70m,50000,step50000,70426624,6,8,25,2,3,0.0021231970749795437,0.11999999731779099,9343.4599609375
EleutherAI/pythia-70m,50000,step50000,70426624,6,8,25,2,4,1.0564340300334152e-05,0.11999999731779099,9343.4599609375
EleutherAI/pythia-70m,50000,step50000,70426624,6,8,25,2,5,0.013080921024084091,0.11999999731779099,9343.4599609375
EleutherAI/pythia-70m,50000,step50000,70426624,6,8,25,2,6,0.007330930791795254,0.11999999731779099,9343.4599609375
EleutherAI/pythia-70m,50000,step50000,70426624,6,8,25,2,7,7.829376954759937e-06,0.11999999731779099,9343.4599609375
EleutherAI/pythia-70m,50000,step50000,70426624,6,8,25,3,0,0.17191265523433685,0.11999999731779099,9343.4599609375
EleutherAI/pythia-70m,50000,step50000,70426624,6,8,25,3,1,0.3723388612270355,0.11999999731779099,9343.4599609375
EleutherAI/pythia-70m,50000,step50000,70426624,6,8,25,3,2,0.002940001431852579,0.11999999731779099,9343.4599609375
EleutherAI/pythia-70m,50000,step50000,70426624,6,8,25,3,3,0.014674503356218338,0.11999999731779099,9343.4599609375
EleutherAI/pythia-70m,50000,step50000,70426624,6,8,25,3,4,0.005656866822391748,0.11999999731779099,9343.4599609375
EleutherAI/pythia-70m,50000,step50000,70426624,6,8,25,3,5,0.3498234450817108,0.11999999731779099,9343.4599609375
EleutherAI/pythia-70m,50000,step50000,70426624,6,8,25,3,6,0.5623323917388916,0.11999999731779099,9343.4599609375
EleutherAI/pythia-70m,50000,step50000,70426624,6,8,25,3,7,0.011665666475892067,0.11999999731779099,9343.4599609375
EleutherAI/pythia-70m,50000,step50000,70426624,6,8,25,4,0,0.01298012025654316,0.11999999731779099,9343.4599609375
EleutherAI/pythia-70m,50000,step50000,70426624,6,8,25,4,1,0.0164139773696661,0.11999999731779099,9343.4599609375
EleutherAI/pythia-70m,50000,step50000,70426624,6,8,25,4,2,0.036788731813430786,0.11999999731779099,9343.4599609375
EleutherAI/pythia-70m,50000,step50000,70426624,6,8,25,4,3,0.027009999379515648,0.11999999731779099,9343.4599609375
EleutherAI/pythia-70m,50000,step50000,70426624,6,8,25,4,4,0.017563598230481148,0.11999999731779099,9343.4599609375
EleutherAI/pythia-70m,50000,step50000,70426624,6,8,25,4,5,0.01108663808554411,0.11999999731779099,9343.4599609375
EleutherAI/pythia-70m,50000,step50000,70426624,6,8,25,4,6,0.021457359194755554,0.11999999731779099,9343.4599609375
EleutherAI/pythia-70m,50000,step50000,70426624,6,8,25,4,7,0.029446382075548172,0.11999999731779099,9343.4599609375
EleutherAI/pythia-70m,50000,step50000,70426624,6,8,25,5,0,0.003965366631746292,0.11999999731779099,9343.4599609375
EleutherAI/pythia-70m,50000,step50000,70426624,6,8,25,5,1,0.00259100622497499,0.11999999731779099,9343.4599609375
EleutherAI/pythia-70m,50000,step50000,70426624,6,8,25,5,2,0.0030864367727190256,0.11999999731779099,9343.4599609375
EleutherAI/pythia-70m,50000,step50000,70426624,6,8,25,5,3,0.0002722428471315652,0.11999999731779099,9343.4599609375
EleutherAI/pythia-70m,50000,step50000,70426624,6,8,25,5,4,0.002667695051059127,0.11999999731779099,9343.4599609375
EleutherAI/pythia-70m,50000,step50000,70426624,6,8,25,5,5,0.0030922023579478264,0.11999999731779099,9343.4599609375
EleutherAI/pythia-70m,50000,step50000,70426624,6,8,25,5,6,0.0028245788998901844,0.11999999731779099,9343.4599609375
EleutherAI/pythia-70m,50000,step50000,70426624,6,8,25,5,7,8.322265784954652e-06,0.11999999731779099,9343.4599609375
EleutherAI/pythia-70m,50000,step50000,70426624,6,8,26,0,0,0.007231202907860279,0.18000000715255737,12447.3798828125
EleutherAI/pythia-70m,50000,step50000,70426624,6,8,26,0,1,0.000435696478234604,0.18000000715255737,12447.3798828125
EleutherAI/pythia-70m,50000,step50000,70426624,6,8,26,0,2,0.014613755978643894,0.18000000715255737,12447.3798828125
EleutherAI/pythia-70m,50000,step50000,70426624,6,8,26,0,3,0.0005381882656365633,0.18000000715255737,12447.3798828125
EleutherAI/pythia-70m,50000,step50000,70426624,6,8,26,0,4,0.0022121951915323734,0.18000000715255737,12447.3798828125
EleutherAI/pythia-70m,50000,step50000,70426624,6,8,26,0,5,0.0018212752183899283,0.18000000715255737,12447.3798828125
EleutherAI/pythia-70m,50000,step50000,70426624,6,8,26,0,6,0.009902159683406353,0.18000000715255737,12447.3798828125
EleutherAI/pythia-70m,50000,step50000,70426624,6,8,26,0,7,0.001004285179078579,0.18000000715255737,12447.3798828125
EleutherAI/pythia-70m,50000,step50000,70426624,6,8,26,1,0,0.011564000509679317,0.18000000715255737,12447.3798828125
EleutherAI/pythia-70m,50000,step50000,70426624,6,8,26,1,1,0.00010521633521420881,0.18000000715255737,12447.3798828125
EleutherAI/pythia-70m,50000,step50000,70426624,6,8,26,1,2,0.00043165870010852814,0.18000000715255737,12447.3798828125
EleutherAI/pythia-70m,50000,step50000,70426624,6,8,26,1,3,8.256967703346163e-06,0.18000000715255737,12447.3798828125
EleutherAI/pythia-70m,50000,step50000,70426624,6,8,26,1,4,0.018207833170890808,0.18000000715255737,12447.3798828125
EleutherAI/pythia-70m,50000,step50000,70426624,6,8,26,1,5,0.0018161487532779574,0.18000000715255737,12447.3798828125
EleutherAI/pythia-70m,50000,step50000,70426624,6,8,26,1,6,0.0019272997742518783,0.18000000715255737,12447.3798828125
EleutherAI/pythia-70m,50000,step50000,70426624,6,8,26,1,7,0.0007810586830601096,0.18000000715255737,12447.3798828125
EleutherAI/pythia-70m,50000,step50000,70426624,6,8,26,2,0,0.0013684364967048168,0.18000000715255737,12447.3798828125
EleutherAI/pythia-70m,50000,step50000,70426624,6,8,26,2,1,4.077170545624398e-11,0.18000000715255737,12447.3798828125
EleutherAI/pythia-70m,50000,step50000,70426624,6,8,26,2,2,0.0018554717535153031,0.18000000715255737,12447.3798828125
EleutherAI/pythia-70m,50000,step50000,70426624,6,8,26,2,3,0.003270143875852227,0.18000000715255737,12447.3798828125
EleutherAI/pythia-70m,50000,step50000,70426624,6,8,26,2,4,1.2968459941475885e-06,0.18000000715255737,12447.3798828125
EleutherAI/pythia-70m,50000,step50000,70426624,6,8,26,2,5,0.01190282218158245,0.18000000715255737,12447.3798828125
EleutherAI/pythia-70m,50000,step50000,70426624,6,8,26,2,6,0.009701310656964779,0.18000000715255737,12447.3798828125
EleutherAI/pythia-70m,50000,step50000,70426624,6,8,26,2,7,9.219654202752281e-06,0.18000000715255737,12447.3798828125
EleutherAI/pythia-70m,50000,step50000,70426624,6,8,26,3,0,0.1961289942264557,0.18000000715255737,12447.3798828125
EleutherAI/pythia-70m,50000,step50000,70426624,6,8,26,3,1,0.2898595929145813,0.18000000715255737,12447.3798828125
EleutherAI/pythia-70m,50000,step50000,70426624,6,8,26,3,2,0.002297536237165332,0.18000000715255737,12447.3798828125
EleutherAI/pythia-70m,50000,step50000,70426624,6,8,26,3,3,0.016198519617319107,0.18000000715255737,12447.3798828125
EleutherAI/pythia-70m,50000,step50000,70426624,6,8,26,3,4,0.0053116921335458755,0.18000000715255737,12447.3798828125
EleutherAI/pythia-70m,50000,step50000,70426624,6,8,26,3,5,0.3108115792274475,0.18000000715255737,12447.3798828125
EleutherAI/pythia-70m,50000,step50000,70426624,6,8,26,3,6,0.48119041323661804,0.18000000715255737,12447.3798828125
EleutherAI/pythia-70m,50000,step50000,70426624,6,8,26,3,7,0.011853494681417942,0.18000000715255737,12447.3798828125
EleutherAI/pythia-70m,50000,step50000,70426624,6,8,26,4,0,0.018615780398249626,0.18000000715255737,12447.3798828125
EleutherAI/pythia-70m,50000,step50000,70426624,6,8,26,4,1,0.0179913192987442,0.18000000715255737,12447.3798828125
EleutherAI/pythia-70m,50000,step50000,70426624,6,8,26,4,2,0.03363220393657684,0.18000000715255737,12447.3798828125
EleutherAI/pythia-70m,50000,step50000,70426624,6,8,26,4,3,0.03319871798157692,0.18000000715255737,12447.3798828125
EleutherAI/pythia-70m,50000,step50000,70426624,6,8,26,4,4,0.017895132303237915,0.18000000715255737,12447.3798828125
EleutherAI/pythia-70m,50000,step50000,70426624,6,8,26,4,5,0.011161107569932938,0.18000000715255737,12447.3798828125
EleutherAI/pythia-70m,50000,step50000,70426624,6,8,26,4,6,0.024524031206965446,0.18000000715255737,12447.3798828125
EleutherAI/pythia-70m,50000,step50000,70426624,6,8,26,4,7,0.03285069763660431,0.18000000715255737,12447.3798828125
EleutherAI/pythia-70m,50000,step50000,70426624,6,8,26,5,0,0.0045212022960186005,0.18000000715255737,12447.3798828125
EleutherAI/pythia-70m,50000,step50000,70426624,6,8,26,5,1,0.0016823699697852135,0.18000000715255737,12447.3798828125
EleutherAI/pythia-70m,50000,step50000,70426624,6,8,26,5,2,0.0011224381159991026,0.18000000715255737,12447.3798828125
EleutherAI/pythia-70m,50000,step50000,70426624,6,8,26,5,3,0.0001454090524930507,0.18000000715255737,12447.3798828125
EleutherAI/pythia-70m,50000,step50000,70426624,6,8,26,5,4,0.0009238755446858704,0.18000000715255737,12447.3798828125
EleutherAI/pythia-70m,50000,step50000,70426624,6,8,26,5,5,0.00460159732028842,0.18000000715255737,12447.3798828125
EleutherAI/pythia-70m,50000,step50000,70426624,6,8,26,5,6,0.005002720281481743,0.18000000715255737,12447.3798828125
EleutherAI/pythia-70m,50000,step50000,70426624,6,8,26,5,7,6.0719962675648276e-06,0.18000000715255737,12447.3798828125
EleutherAI/pythia-70m,50000,step50000,70426624,6,8,27,0,0,0.008232705295085907,0.2199999988079071,6704.93994140625
EleutherAI/pythia-70m,50000,step50000,70426624,6,8,27,0,1,0.0004196150111965835,0.2199999988079071,6704.93994140625
EleutherAI/pythia-70m,50000,step50000,70426624,6,8,27,0,2,0.010094661265611649,0.2199999988079071,6704.93994140625
EleutherAI/pythia-70m,50000,step50000,70426624,6,8,27,0,3,0.000741295050829649,0.2199999988079071,6704.93994140625
EleutherAI/pythia-70m,50000,step50000,70426624,6,8,27,0,4,0.0007659479160793126,0.2199999988079071,6704.93994140625
EleutherAI/pythia-70m,50000,step50000,70426624,6,8,27,0,5,2.8888985070807394e-06,0.2199999988079071,6704.93994140625
EleutherAI/pythia-70m,50000,step50000,70426624,6,8,27,0,6,0.008446097373962402,0.2199999988079071,6704.93994140625
EleutherAI/pythia-70m,50000,step50000,70426624,6,8,27,0,7,0.0008982880390249193,0.2199999988079071,6704.93994140625
EleutherAI/pythia-70m,50000,step50000,70426624,6,8,27,1,0,0.008433994837105274,0.2199999988079071,6704.93994140625
EleutherAI/pythia-70m,50000,step50000,70426624,6,8,27,1,1,4.4442476792028174e-05,0.2199999988079071,6704.93994140625
EleutherAI/pythia-70m,50000,step50000,70426624,6,8,27,1,2,0.00011574481322895736,0.2199999988079071,6704.93994140625
EleutherAI/pythia-70m,50000,step50000,70426624,6,8,27,1,3,2.1147113784536486e-06,0.2199999988079071,6704.93994140625
EleutherAI/pythia-70m,50000,step50000,70426624,6,8,27,1,4,0.0071152509190142155,0.2199999988079071,6704.93994140625
EleutherAI/pythia-70m,50000,step50000,70426624,6,8,27,1,5,0.0009289227891713381,0.2199999988079071,6704.93994140625
EleutherAI/pythia-70m,50000,step50000,70426624,6,8,27,1,6,0.003442942164838314,0.2199999988079071,6704.93994140625
EleutherAI/pythia-70m,50000,step50000,70426624,6,8,27,1,7,0.001143515226431191,0.2199999988079071,6704.93994140625
EleutherAI/pythia-70m,50000,step50000,70426624,6,8,27,2,0,0.0017044286942109466,0.2199999988079071,6704.93994140625
EleutherAI/pythia-70m,50000,step50000,70426624,6,8,27,2,1,3.1066629303799775e-12,0.2199999988079071,6704.93994140625
EleutherAI/pythia-70m,50000,step50000,70426624,6,8,27,2,2,0.0005846635322086513,0.2199999988079071,6704.93994140625
EleutherAI/pythia-70m,50000,step50000,70426624,6,8,27,2,3,0.0011908119777217507,0.2199999988079071,6704.93994140625
EleutherAI/pythia-70m,50000,step50000,70426624,6,8,27,2,4,2.50632041343124e-07,0.2199999988079071,6704.93994140625
EleutherAI/pythia-70m,50000,step50000,70426624,6,8,27,2,5,0.009520611725747585,0.2199999988079071,6704.93994140625
EleutherAI/pythia-70m,50000,step50000,70426624,6,8,27,2,6,0.007383652962744236,0.2199999988079071,6704.93994140625
EleutherAI/pythia-70m,50000,step50000,70426624,6,8,27,2,7,2.425807224426535e-06,0.2199999988079071,6704.93994140625
EleutherAI/pythia-70m,50000,step50000,70426624,6,8,27,3,0,0.2096947729587555,0.2199999988079071,6704.93994140625
EleutherAI/pythia-70m,50000,step50000,70426624,6,8,27,3,1,0.5001740455627441,0.2199999988079071,6704.93994140625
EleutherAI/pythia-70m,50000,step50000,70426624,6,8,27,3,2,0.0013512363657355309,0.2199999988079071,6704.93994140625
EleutherAI/pythia-70m,50000,step50000,70426624,6,8,27,3,3,0.014693493954837322,0.2199999988079071,6704.93994140625
EleutherAI/pythia-70m,50000,step50000,70426624,6,8,27,3,4,0.005302907433360815,0.2199999988079071,6704.93994140625
EleutherAI/pythia-70m,50000,step50000,70426624,6,8,27,3,5,0.47636330127716064,0.2199999988079071,6704.93994140625
EleutherAI/pythia-70m,50000,step50000,70426624,6,8,27,3,6,0.6544148325920105,0.2199999988079071,6704.93994140625
EleutherAI/pythia-70m,50000,step50000,70426624,6,8,27,3,7,0.01085653156042099,0.2199999988079071,6704.93994140625
EleutherAI/pythia-70m,50000,step50000,70426624,6,8,27,4,0,0.01409236527979374,0.2199999988079071,6704.93994140625
EleutherAI/pythia-70m,50000,step50000,70426624,6,8,27,4,1,0.019703548401594162,0.2199999988079071,6704.93994140625
EleutherAI/pythia-70m,50000,step50000,70426624,6,8,27,4,2,0.025416912510991096,0.2199999988079071,6704.93994140625
EleutherAI/pythia-70m,50000,step50000,70426624,6,8,27,4,3,0.025973055511713028,0.2199999988079071,6704.93994140625
EleutherAI/pythia-70m,50000,step50000,70426624,6,8,27,4,4,0.016022134572267532,0.2199999988079071,6704.93994140625
EleutherAI/pythia-70m,50000,step50000,70426624,6,8,27,4,5,0.01055533904582262,0.2199999988079071,6704.93994140625
EleutherAI/pythia-70m,50000,step50000,70426624,6,8,27,4,6,0.023331599310040474,0.2199999988079071,6704.93994140625
EleutherAI/pythia-70m,50000,step50000,70426624,6,8,27,4,7,0.02555975690484047,0.2199999988079071,6704.93994140625
EleutherAI/pythia-70m,50000,step50000,70426624,6,8,27,5,0,0.004379069432616234,0.2199999988079071,6704.93994140625
EleutherAI/pythia-70m,50000,step50000,70426624,6,8,27,5,1,0.000981171615421772,0.2199999988079071,6704.93994140625
EleutherAI/pythia-70m,50000,step50000,70426624,6,8,27,5,2,0.0027404914144426584,0.2199999988079071,6704.93994140625
EleutherAI/pythia-70m,50000,step50000,70426624,6,8,27,5,3,0.00020948592282366008,0.2199999988079071,6704.93994140625
EleutherAI/pythia-70m,50000,step50000,70426624,6,8,27,5,4,0.0019979365170001984,0.2199999988079071,6704.93994140625
EleutherAI/pythia-70m,50000,step50000,70426624,6,8,27,5,5,0.005418332759290934,0.2199999988079071,6704.93994140625
EleutherAI/pythia-70m,50000,step50000,70426624,6,8,27,5,6,0.013051732443273067,0.2199999988079071,6704.93994140625
EleutherAI/pythia-70m,50000,step50000,70426624,6,8,27,5,7,4.48229229732533e-06,0.2199999988079071,6704.93994140625
EleutherAI/pythia-70m,50000,step50000,70426624,6,8,28,0,0,0.008921856060624123,0.2800000011920929,10353.099609375
EleutherAI/pythia-70m,50000,step50000,70426624,6,8,28,0,1,0.0008226893842220306,0.2800000011920929,10353.099609375
EleutherAI/pythia-70m,50000,step50000,70426624,6,8,28,0,2,0.00927803386002779,0.2800000011920929,10353.099609375
EleutherAI/pythia-70m,50000,step50000,70426624,6,8,28,0,3,0.001965957460924983,0.2800000011920929,10353.099609375
EleutherAI/pythia-70m,50000,step50000,70426624,6,8,28,0,4,0.0009722638642415404,0.2800000011920929,10353.099609375
EleutherAI/pythia-70m,50000,step50000,70426624,6,8,28,0,5,0.0016274413792416453,0.2800000011920929,10353.099609375
EleutherAI/pythia-70m,50000,step50000,70426624,6,8,28,0,6,0.00886585097759962,0.2800000011920929,10353.099609375
EleutherAI/pythia-70m,50000,step50000,70426624,6,8,28,0,7,0.00851387344300747,0.2800000011920929,10353.099609375
EleutherAI/pythia-70m,50000,step50000,70426624,6,8,28,1,0,0.007738214917480946,0.2800000011920929,10353.099609375
EleutherAI/pythia-70m,50000,step50000,70426624,6,8,28,1,1,5.0738846766762435e-05,0.2800000011920929,10353.099609375
EleutherAI/pythia-70m,50000,step50000,70426624,6,8,28,1,2,0.00026293593691661954,0.2800000011920929,10353.099609375
EleutherAI/pythia-70m,50000,step50000,70426624,6,8,28,1,3,6.179982392495731e-06,0.2800000011920929,10353.099609375
EleutherAI/pythia-70m,50000,step50000,70426624,6,8,28,1,4,0.010964586399495602,0.2800000011920929,10353.099609375
EleutherAI/pythia-70m,50000,step50000,70426624,6,8,28,1,5,0.001512333401478827,0.2800000011920929,10353.099609375
EleutherAI/pythia-70m,50000,step50000,70426624,6,8,28,1,6,0.001639586640521884,0.2800000011920929,10353.099609375
EleutherAI/pythia-70m,50000,step50000,70426624,6,8,28,1,7,0.0009269553702324629,0.2800000011920929,10353.099609375
EleutherAI/pythia-70m,50000,step50000,70426624,6,8,28,2,0,0.0014120446285232902,0.2800000011920929,10353.099609375
EleutherAI/pythia-70m,50000,step50000,70426624,6,8,28,2,1,1.397175708461873e-10,0.2800000011920929,10353.099609375
EleutherAI/pythia-70m,50000,step50000,70426624,6,8,28,2,2,0.001395544153638184,0.2800000011920929,10353.099609375
EleutherAI/pythia-70m,50000,step50000,70426624,6,8,28,2,3,0.0008450478198938072,0.2800000011920929,10353.099609375
EleutherAI/pythia-70m,50000,step50000,70426624,6,8,28,2,4,3.694610313687008e-06,0.2800000011920929,10353.099609375
EleutherAI/pythia-70m,50000,step50000,70426624,6,8,28,2,5,0.015098746865987778,0.2800000011920929,10353.099609375
EleutherAI/pythia-70m,50000,step50000,70426624,6,8,28,2,6,0.009617023169994354,0.2800000011920929,10353.099609375
EleutherAI/pythia-70m,50000,step50000,70426624,6,8,28,2,7,4.624725534085883e-06,0.2800000011920929,10353.099609375
EleutherAI/pythia-70m,50000,step50000,70426624,6,8,28,3,0,0.14118562638759613,0.2800000011920929,10353.099609375
EleutherAI/pythia-70m,50000,step50000,70426624,6,8,28,3,1,0.4310218095779419,0.2800000011920929,10353.099609375
EleutherAI/pythia-70m,50000,step50000,70426624,6,8,28,3,2,0.0018594686407595873,0.2800000011920929,10353.099609375
EleutherAI/pythia-70m,50000,step50000,70426624,6,8,28,3,3,0.014634029939770699,0.2800000011920929,10353.099609375
EleutherAI/pythia-70m,50000,step50000,70426624,6,8,28,3,4,0.0029345375951379538,0.2800000011920929,10353.099609375
EleutherAI/pythia-70m,50000,step50000,70426624,6,8,28,3,5,0.44322463870048523,0.2800000011920929,10353.099609375
EleutherAI/pythia-70m,50000,step50000,70426624,6,8,28,3,6,0.6420178413391113,0.2800000011920929,10353.099609375
EleutherAI/pythia-70m,50000,step50000,70426624,6,8,28,3,7,0.009407758712768555,0.2800000011920929,10353.099609375
EleutherAI/pythia-70m,50000,step50000,70426624,6,8,28,4,0,0.012704720720648766,0.2800000011920929,10353.099609375
EleutherAI/pythia-70m,50000,step50000,70426624,6,8,28,4,1,0.018401451408863068,0.2800000011920929,10353.099609375
EleutherAI/pythia-70m,50000,step50000,70426624,6,8,28,4,2,0.030604228377342224,0.2800000011920929,10353.099609375
EleutherAI/pythia-70m,50000,step50000,70426624,6,8,28,4,3,0.02648157626390457,0.2800000011920929,10353.099609375
EleutherAI/pythia-70m,50000,step50000,70426624,6,8,28,4,4,0.018198896199464798,0.2800000011920929,10353.099609375
EleutherAI/pythia-70m,50000,step50000,70426624,6,8,28,4,5,0.011184274218976498,0.2800000011920929,10353.099609375
EleutherAI/pythia-70m,50000,step50000,70426624,6,8,28,4,6,0.024639416486024857,0.2800000011920929,10353.099609375
EleutherAI/pythia-70m,50000,step50000,70426624,6,8,28,4,7,0.03819384425878525,0.2800000011920929,10353.099609375
EleutherAI/pythia-70m,50000,step50000,70426624,6,8,28,5,0,0.005450407974421978,0.2800000011920929,10353.099609375
EleutherAI/pythia-70m,50000,step50000,70426624,6,8,28,5,1,0.001341121969744563,0.2800000011920929,10353.099609375
EleutherAI/pythia-70m,50000,step50000,70426624,6,8,28,5,2,0.006263713352382183,0.2800000011920929,10353.099609375
EleutherAI/pythia-70m,50000,step50000,70426624,6,8,28,5,3,0.0018556788563728333,0.2800000011920929,10353.099609375
EleutherAI/pythia-70m,50000,step50000,70426624,6,8,28,5,4,0.004310098476707935,0.2800000011920929,10353.099609375
EleutherAI/pythia-70m,50000,step50000,70426624,6,8,28,5,5,0.005569526460021734,0.2800000011920929,10353.099609375
EleutherAI/pythia-70m,50000,step50000,70426624,6,8,28,5,6,0.0038675470277667046,0.2800000011920929,10353.099609375
EleutherAI/pythia-70m,50000,step50000,70426624,6,8,28,5,7,5.713986411137739e-06,0.2800000011920929,10353.099609375
EleutherAI/pythia-70m,50000,step50000,70426624,6,8,29,0,0,0.007627410814166069,0.03999999910593033,16635.4609375
EleutherAI/pythia-70m,50000,step50000,70426624,6,8,29,0,1,0.0002769180864561349,0.03999999910593033,16635.4609375
EleutherAI/pythia-70m,50000,step50000,70426624,6,8,29,0,2,0.011322367005050182,0.03999999910593033,16635.4609375
EleutherAI/pythia-70m,50000,step50000,70426624,6,8,29,0,3,0.000507008982822299,0.03999999910593033,16635.4609375
EleutherAI/pythia-70m,50000,step50000,70426624,6,8,29,0,4,0.000865283771418035,0.03999999910593033,16635.4609375
EleutherAI/pythia-70m,50000,step50000,70426624,6,8,29,0,5,0.0005031816544942558,0.03999999910593033,16635.4609375
EleutherAI/pythia-70m,50000,step50000,70426624,6,8,29,0,6,0.010656844824552536,0.03999999910593033,16635.4609375
EleutherAI/pythia-70m,50000,step50000,70426624,6,8,29,0,7,0.0004391804395709187,0.03999999910593033,16635.4609375
EleutherAI/pythia-70m,50000,step50000,70426624,6,8,29,1,0,0.007267204578965902,0.03999999910593033,16635.4609375
EleutherAI/pythia-70m,50000,step50000,70426624,6,8,29,1,1,6.385494634741917e-05,0.03999999910593033,16635.4609375
EleutherAI/pythia-70m,50000,step50000,70426624,6,8,29,1,2,0.0007367685320787132,0.03999999910593033,16635.4609375
EleutherAI/pythia-70m,50000,step50000,70426624,6,8,29,1,3,4.213645752315642e-06,0.03999999910593033,16635.4609375
EleutherAI/pythia-70m,50000,step50000,70426624,6,8,29,1,4,0.00617956044152379,0.03999999910593033,16635.4609375
EleutherAI/pythia-70m,50000,step50000,70426624,6,8,29,1,5,0.001600817427970469,0.03999999910593033,16635.4609375
EleutherAI/pythia-70m,50000,step50000,70426624,6,8,29,1,6,0.0016646194271743298,0.03999999910593033,16635.4609375
EleutherAI/pythia-70m,50000,step50000,70426624,6,8,29,1,7,0.0014103618450462818,0.03999999910593033,16635.4609375
EleutherAI/pythia-70m,50000,step50000,70426624,6,8,29,2,0,0.001237488817423582,0.03999999910593033,16635.4609375
EleutherAI/pythia-70m,50000,step50000,70426624,6,8,29,2,1,5.077029074929129e-11,0.03999999910593033,16635.4609375
EleutherAI/pythia-70m,50000,step50000,70426624,6,8,29,2,2,0.001712484983727336,0.03999999910593033,16635.4609375
EleutherAI/pythia-70m,50000,step50000,70426624,6,8,29,2,3,0.0007395444554276764,0.03999999910593033,16635.4609375
EleutherAI/pythia-70m,50000,step50000,70426624,6,8,29,2,4,1.1073258292526589e-06,0.03999999910593033,16635.4609375
EleutherAI/pythia-70m,50000,step50000,70426624,6,8,29,2,5,0.013327967375516891,0.03999999910593033,16635.4609375
EleutherAI/pythia-70m,50000,step50000,70426624,6,8,29,2,6,0.008042273111641407,0.03999999910593033,16635.4609375
EleutherAI/pythia-70m,50000,step50000,70426624,6,8,29,2,7,7.139248282328481e-06,0.03999999910593033,16635.4609375
EleutherAI/pythia-70m,50000,step50000,70426624,6,8,29,3,0,0.06640434265136719,0.03999999910593033,16635.4609375
EleutherAI/pythia-70m,50000,step50000,70426624,6,8,29,3,1,0.19726186990737915,0.03999999910593033,16635.4609375
EleutherAI/pythia-70m,50000,step50000,70426624,6,8,29,3,2,0.0018631250131875277,0.03999999910593033,16635.4609375
EleutherAI/pythia-70m,50000,step50000,70426624,6,8,29,3,3,0.011703155934810638,0.03999999910593033,16635.4609375
EleutherAI/pythia-70m,50000,step50000,70426624,6,8,29,3,4,0.004517912399023771,0.03999999910593033,16635.4609375
EleutherAI/pythia-70m,50000,step50000,70426624,6,8,29,3,5,0.22165538370609283,0.03999999910593033,16635.4609375
EleutherAI/pythia-70m,50000,step50000,70426624,6,8,29,3,6,0.39186111092567444,0.03999999910593033,16635.4609375
EleutherAI/pythia-70m,50000,step50000,70426624,6,8,29,3,7,0.009442784823477268,0.03999999910593033,16635.4609375
EleutherAI/pythia-70m,50000,step50000,70426624,6,8,29,4,0,0.010266313329339027,0.03999999910593033,16635.4609375
EleutherAI/pythia-70m,50000,step50000,70426624,6,8,29,4,1,0.0139276422560215,0.03999999910593033,16635.4609375
EleutherAI/pythia-70m,50000,step50000,70426624,6,8,29,4,2,0.02058025635778904,0.03999999910593033,16635.4609375
EleutherAI/pythia-70m,50000,step50000,70426624,6,8,29,4,3,0.021234232932329178,0.03999999910593033,16635.4609375
EleutherAI/pythia-70m,50000,step50000,70426624,6,8,29,4,4,0.01319491770118475,0.03999999910593033,16635.4609375
EleutherAI/pythia-70m,50000,step50000,70426624,6,8,29,4,5,0.00991501472890377,0.03999999910593033,16635.4609375
EleutherAI/pythia-70m,50000,step50000,70426624,6,8,29,4,6,0.015855586156249046,0.03999999910593033,16635.4609375
EleutherAI/pythia-70m,50000,step50000,70426624,6,8,29,4,7,0.02364644967019558,0.03999999910593033,16635.4609375
EleutherAI/pythia-70m,50000,step50000,70426624,6,8,29,5,0,0.004162306897342205,0.03999999910593033,16635.4609375
EleutherAI/pythia-70m,50000,step50000,70426624,6,8,29,5,1,0.001235581818036735,0.03999999910593033,16635.4609375
EleutherAI/pythia-70m,50000,step50000,70426624,6,8,29,5,2,0.0005691371625289321,0.03999999910593033,16635.4609375
EleutherAI/pythia-70m,50000,step50000,70426624,6,8,29,5,3,0.00036741685471497476,0.03999999910593033,16635.4609375
EleutherAI/pythia-70m,50000,step50000,70426624,6,8,29,5,4,0.0013456904562190175,0.03999999910593033,16635.4609375
EleutherAI/pythia-70m,50000,step50000,70426624,6,8,29,5,5,0.004131462424993515,0.03999999910593033,16635.4609375
EleutherAI/pythia-70m,50000,step50000,70426624,6,8,29,5,6,0.002119267825037241,0.03999999910593033,16635.4609375
EleutherAI/pythia-70m,50000,step50000,70426624,6,8,29,5,7,6.935747933312086e-06,0.03999999910593033,16635.4609375
EleutherAI/pythia-70m,50000,step50000,70426624,6,8,30,0,0,0.005679361056536436,0.30000001192092896,7742.06005859375
EleutherAI/pythia-70m,50000,step50000,70426624,6,8,30,0,1,0.0003731343022082001,0.30000001192092896,7742.06005859375
EleutherAI/pythia-70m,50000,step50000,70426624,6,8,30,0,2,0.007714576553553343,0.30000001192092896,7742.06005859375
EleutherAI/pythia-70m,50000,step50000,70426624,6,8,30,0,3,0.0011980108683928847,0.30000001192092896,7742.06005859375
EleutherAI/pythia-70m,50000,step50000,70426624,6,8,30,0,4,0.0010140667436644435,0.30000001192092896,7742.06005859375
EleutherAI/pythia-70m,50000,step50000,70426624,6,8,30,0,5,1.7588732589501888e-05,0.30000001192092896,7742.06005859375
EleutherAI/pythia-70m,50000,step50000,70426624,6,8,30,0,6,0.008095341734588146,0.30000001192092896,7742.06005859375
EleutherAI/pythia-70m,50000,step50000,70426624,6,8,30,0,7,0.0014664672780781984,0.30000001192092896,7742.06005859375
EleutherAI/pythia-70m,50000,step50000,70426624,6,8,30,1,0,0.010604544542729855,0.30000001192092896,7742.06005859375
EleutherAI/pythia-70m,50000,step50000,70426624,6,8,30,1,1,3.720487075042911e-05,0.30000001192092896,7742.06005859375
EleutherAI/pythia-70m,50000,step50000,70426624,6,8,30,1,2,7.362459291471168e-05,0.30000001192092896,7742.06005859375
EleutherAI/pythia-70m,50000,step50000,70426624,6,8,30,1,3,4.257605269231135e-06,0.30000001192092896,7742.06005859375
EleutherAI/pythia-70m,50000,step50000,70426624,6,8,30,1,4,0.013653279282152653,0.30000001192092896,7742.06005859375
EleutherAI/pythia-70m,50000,step50000,70426624,6,8,30,1,5,0.0007755442056804895,0.30000001192092896,7742.06005859375
EleutherAI/pythia-70m,50000,step50000,70426624,6,8,30,1,6,0.0036452533677220345,0.30000001192092896,7742.06005859375
EleutherAI/pythia-70m,50000,step50000,70426624,6,8,30,1,7,0.0027921933215111494,0.30000001192092896,7742.06005859375
EleutherAI/pythia-70m,50000,step50000,70426624,6,8,30,2,0,0.00225274870172143,0.30000001192092896,7742.06005859375
EleutherAI/pythia-70m,50000,step50000,70426624,6,8,30,2,1,3.7256194657109276e-11,0.30000001192092896,7742.06005859375
EleutherAI/pythia-70m,50000,step50000,70426624,6,8,30,2,2,0.0008534052176401019,0.30000001192092896,7742.06005859375
EleutherAI/pythia-70m,50000,step50000,70426624,6,8,30,2,3,0.0012137414887547493,0.30000001192092896,7742.06005859375
EleutherAI/pythia-70m,50000,step50000,70426624,6,8,30,2,4,1.6477923736601952e-06,0.30000001192092896,7742.06005859375
EleutherAI/pythia-70m,50000,step50000,70426624,6,8,30,2,5,0.01601657085120678,0.30000001192092896,7742.06005859375
EleutherAI/pythia-70m,50000,step50000,70426624,6,8,30,2,6,0.009044606238603592,0.30000001192092896,7742.06005859375
EleutherAI/pythia-70m,50000,step50000,70426624,6,8,30,2,7,2.4614889753138414e-06,0.30000001192092896,7742.06005859375
EleutherAI/pythia-70m,50000,step50000,70426624,6,8,30,3,0,0.32685890793800354,0.30000001192092896,7742.06005859375
EleutherAI/pythia-70m,50000,step50000,70426624,6,8,30,3,1,0.44882750511169434,0.30000001192092896,7742.06005859375
EleutherAI/pythia-70m,50000,step50000,70426624,6,8,30,3,2,0.001243828795850277,0.30000001192092896,7742.06005859375
EleutherAI/pythia-70m,50000,step50000,70426624,6,8,30,3,3,0.019303344190120697,0.30000001192092896,7742.06005859375
EleutherAI/pythia-70m,50000,step50000,70426624,6,8,30,3,4,0.0037256174255162477,0.30000001192092896,7742.06005859375
EleutherAI/pythia-70m,50000,step50000,70426624,6,8,30,3,5,0.44867777824401855,0.30000001192092896,7742.06005859375
EleutherAI/pythia-70m,50000,step50000,70426624,6,8,30,3,6,0.6203153729438782,0.30000001192092896,7742.06005859375
EleutherAI/pythia-70m,50000,step50000,70426624,6,8,30,3,7,0.00804573018103838,0.30000001192092896,7742.06005859375
EleutherAI/pythia-70m,50000,step50000,70426624,6,8,30,4,0,0.01599358767271042,0.30000001192092896,7742.06005859375
EleutherAI/pythia-70m,50000,step50000,70426624,6,8,30,4,1,0.021256690844893456,0.30000001192092896,7742.06005859375
EleutherAI/pythia-70m,50000,step50000,70426624,6,8,30,4,2,0.03911350294947624,0.30000001192092896,7742.06005859375
EleutherAI/pythia-70m,50000,step50000,70426624,6,8,30,4,3,0.04607062786817551,0.30000001192092896,7742.06005859375
EleutherAI/pythia-70m,50000,step50000,70426624,6,8,30,4,4,0.01406239252537489,0.30000001192092896,7742.06005859375
EleutherAI/pythia-70m,50000,step50000,70426624,6,8,30,4,5,0.011679938063025475,0.30000001192092896,7742.06005859375
EleutherAI/pythia-70m,50000,step50000,70426624,6,8,30,4,6,0.02646671235561371,0.30000001192092896,7742.06005859375
EleutherAI/pythia-70m,50000,step50000,70426624,6,8,30,4,7,0.045110683888196945,0.30000001192092896,7742.06005859375
EleutherAI/pythia-70m,50000,step50000,70426624,6,8,30,5,0,0.010110215283930302,0.30000001192092896,7742.06005859375
EleutherAI/pythia-70m,50000,step50000,70426624,6,8,30,5,1,0.0011373150628060102,0.30000001192092896,7742.06005859375
EleutherAI/pythia-70m,50000,step50000,70426624,6,8,30,5,2,0.002017923863604665,0.30000001192092896,7742.06005859375
EleutherAI/pythia-70m,50000,step50000,70426624,6,8,30,5,3,0.00031890152604319155,0.30000001192092896,7742.06005859375
EleutherAI/pythia-70m,50000,step50000,70426624,6,8,30,5,4,0.001394354971125722,0.30000001192092896,7742.06005859375
EleutherAI/pythia-70m,50000,step50000,70426624,6,8,30,5,5,0.002620293525978923,0.30000001192092896,7742.06005859375
EleutherAI/pythia-70m,50000,step50000,70426624,6,8,30,5,6,0.002408699132502079,0.30000001192092896,7742.06005859375
EleutherAI/pythia-70m,50000,step50000,70426624,6,8,30,5,7,9.614918781153392e-06,0.30000001192092896,7742.06005859375
EleutherAI/pythia-70m,50000,step50000,70426624,6,8,31,0,0,0.007719383109360933,0.05999999865889549,19893.359375
EleutherAI/pythia-70m,50000,step50000,70426624,6,8,31,0,1,0.00028157574706710875,0.05999999865889549,19893.359375
EleutherAI/pythia-70m,50000,step50000,70426624,6,8,31,0,2,0.0074113900773227215,0.05999999865889549,19893.359375
EleutherAI/pythia-70m,50000,step50000,70426624,6,8,31,0,3,0.00040613478631712496,0.05999999865889549,19893.359375
EleutherAI/pythia-70m,50000,step50000,70426624,6,8,31,0,4,0.001929632155224681,0.05999999865889549,19893.359375
EleutherAI/pythia-70m,50000,step50000,70426624,6,8,31,0,5,4.099457146367058e-05,0.05999999865889549,19893.359375
EleutherAI/pythia-70m,50000,step50000,70426624,6,8,31,0,6,0.009444956667721272,0.05999999865889549,19893.359375
EleutherAI/pythia-70m,50000,step50000,70426624,6,8,31,0,7,0.0009210260468535125,0.05999999865889549,19893.359375
EleutherAI/pythia-70m,50000,step50000,70426624,6,8,31,1,0,0.009400883689522743,0.05999999865889549,19893.359375
EleutherAI/pythia-70m,50000,step50000,70426624,6,8,31,1,1,0.00010777144052553922,0.05999999865889549,19893.359375
EleutherAI/pythia-70m,50000,step50000,70426624,6,8,31,1,2,0.0012507340870797634,0.05999999865889549,19893.359375
EleutherAI/pythia-70m,50000,step50000,70426624,6,8,31,1,3,4.411269401316531e-06,0.05999999865889549,19893.359375
EleutherAI/pythia-70m,50000,step50000,70426624,6,8,31,1,4,0.012343533337116241,0.05999999865889549,19893.359375
EleutherAI/pythia-70m,50000,step50000,70426624,6,8,31,1,5,0.0010296908440068364,0.05999999865889549,19893.359375
EleutherAI/pythia-70m,50000,step50000,70426624,6,8,31,1,6,0.0028600150253623724,0.05999999865889549,19893.359375
EleutherAI/pythia-70m,50000,step50000,70426624,6,8,31,1,7,0.0016987472772598267,0.05999999865889549,19893.359375
EleutherAI/pythia-70m,50000,step50000,70426624,6,8,31,2,0,0.002426503226161003,0.05999999865889549,19893.359375
EleutherAI/pythia-70m,50000,step50000,70426624,6,8,31,2,1,1.8445106553244273e-10,0.05999999865889549,19893.359375
EleutherAI/pythia-70m,50000,step50000,70426624,6,8,31,2,2,0.002543672686442733,0.05999999865889549,19893.359375
EleutherAI/pythia-70m,50000,step50000,70426624,6,8,31,2,3,0.002861686982214451,0.05999999865889549,19893.359375
EleutherAI/pythia-70m,50000,step50000,70426624,6,8,31,2,4,2.614799996081274e-06,0.05999999865889549,19893.359375
EleutherAI/pythia-70m,50000,step50000,70426624,6,8,31,2,5,0.015143428929150105,0.05999999865889549,19893.359375
EleutherAI/pythia-70m,50000,step50000,70426624,6,8,31,2,6,0.006562849506735802,0.05999999865889549,19893.359375
EleutherAI/pythia-70m,50000,step50000,70426624,6,8,31,2,7,9.618202057026792e-06,0.05999999865889549,19893.359375
EleutherAI/pythia-70m,50000,step50000,70426624,6,8,31,3,0,0.07224947959184647,0.05999999865889549,19893.359375
EleutherAI/pythia-70m,50000,step50000,70426624,6,8,31,3,1,0.14754648506641388,0.05999999865889549,19893.359375
EleutherAI/pythia-70m,50000,step50000,70426624,6,8,31,3,2,0.00231027789413929,0.05999999865889549,19893.359375
EleutherAI/pythia-70m,50000,step50000,70426624,6,8,31,3,3,0.015188035555183887,0.05999999865889549,19893.359375
EleutherAI/pythia-70m,50000,step50000,70426624,6,8,31,3,4,0.006421309895813465,0.05999999865889549,19893.359375
EleutherAI/pythia-70m,50000,step50000,70426624,6,8,31,3,5,0.21047930419445038,0.05999999865889549,19893.359375
EleutherAI/pythia-70m,50000,step50000,70426624,6,8,31,3,6,0.30774909257888794,0.05999999865889549,19893.359375
EleutherAI/pythia-70m,50000,step50000,70426624,6,8,31,3,7,0.010628631338477135,0.05999999865889549,19893.359375
EleutherAI/pythia-70m,50000,step50000,70426624,6,8,31,4,0,0.01228038314729929,0.05999999865889549,19893.359375
EleutherAI/pythia-70m,50000,step50000,70426624,6,8,31,4,1,0.013677218928933144,0.05999999865889549,19893.359375
EleutherAI/pythia-70m,50000,step50000,70426624,6,8,31,4,2,0.0192557442933321,0.05999999865889549,19893.359375
EleutherAI/pythia-70m,50000,step50000,70426624,6,8,31,4,3,0.01894877478480339,0.05999999865889549,19893.359375
EleutherAI/pythia-70m,50000,step50000,70426624,6,8,31,4,4,0.014706489630043507,0.05999999865889549,19893.359375
EleutherAI/pythia-70m,50000,step50000,70426624,6,8,31,4,5,0.01019208412617445,0.05999999865889549,19893.359375
EleutherAI/pythia-70m,50000,step50000,70426624,6,8,31,4,6,0.019846534356474876,0.05999999865889549,19893.359375
EleutherAI/pythia-70m,50000,step50000,70426624,6,8,31,4,7,0.02211538329720497,0.05999999865889549,19893.359375
EleutherAI/pythia-70m,50000,step50000,70426624,6,8,31,5,0,0.007326441816985607,0.05999999865889549,19893.359375
EleutherAI/pythia-70m,50000,step50000,70426624,6,8,31,5,1,0.0020449734292924404,0.05999999865889549,19893.359375
EleutherAI/pythia-70m,50000,step50000,70426624,6,8,31,5,2,0.004431945271790028,0.05999999865889549,19893.359375
EleutherAI/pythia-70m,50000,step50000,70426624,6,8,31,5,3,0.0005501704872585833,0.05999999865889549,19893.359375
EleutherAI/pythia-70m,50000,step50000,70426624,6,8,31,5,4,0.004783171694725752,0.05999999865889549,19893.359375
EleutherAI/pythia-70m,50000,step50000,70426624,6,8,31,5,5,0.008099336177110672,0.05999999865889549,19893.359375
EleutherAI/pythia-70m,50000,step50000,70426624,6,8,31,5,6,0.007221007253974676,0.05999999865889549,19893.359375
EleutherAI/pythia-70m,50000,step50000,70426624,6,8,31,5,7,1.550911838421598e-05,0.05999999865889549,19893.359375
EleutherAI/pythia-70m,50000,step50000,70426624,6,8,32,0,0,0.007472783327102661,0.1599999964237213,9799.98046875
EleutherAI/pythia-70m,50000,step50000,70426624,6,8,32,0,1,0.00044365227222442627,0.1599999964237213,9799.98046875
EleutherAI/pythia-70m,50000,step50000,70426624,6,8,32,0,2,0.00946407113224268,0.1599999964237213,9799.98046875
EleutherAI/pythia-70m,50000,step50000,70426624,6,8,32,0,3,0.0008638531435281038,0.1599999964237213,9799.98046875
EleutherAI/pythia-70m,50000,step50000,70426624,6,8,32,0,4,0.0006880328874103725,0.1599999964237213,9799.98046875
EleutherAI/pythia-70m,50000,step50000,70426624,6,8,32,0,5,0.00012764679559040815,0.1599999964237213,9799.98046875
EleutherAI/pythia-70m,50000,step50000,70426624,6,8,32,0,6,0.010440060868859291,0.1599999964237213,9799.98046875
EleutherAI/pythia-70m,50000,step50000,70426624,6,8,32,0,7,0.0008807448903098702,0.1599999964237213,9799.98046875
EleutherAI/pythia-70m,50000,step50000,70426624,6,8,32,1,0,0.010047512128949165,0.1599999964237213,9799.98046875
EleutherAI/pythia-70m,50000,step50000,70426624,6,8,32,1,1,2.9344624635996297e-05,0.1599999964237213,9799.98046875
EleutherAI/pythia-70m,50000,step50000,70426624,6,8,32,1,2,0.0002515312808100134,0.1599999964237213,9799.98046875
EleutherAI/pythia-70m,50000,step50000,70426624,6,8,32,1,3,3.3630528832873097e-06,0.1599999964237213,9799.98046875
EleutherAI/pythia-70m,50000,step50000,70426624,6,8,32,1,4,0.0075475736521184444,0.1599999964237213,9799.98046875
EleutherAI/pythia-70m,50000,step50000,70426624,6,8,32,1,5,0.0011068858439102769,0.1599999964237213,9799.98046875
EleutherAI/pythia-70m,50000,step50000,70426624,6,8,32,1,6,0.0038288766518235207,0.1599999964237213,9799.98046875
EleutherAI/pythia-70m,50000,step50000,70426624,6,8,32,1,7,0.0009242899832315743,0.1599999964237213,9799.98046875
EleutherAI/pythia-70m,50000,step50000,70426624,6,8,32,2,0,0.0028424528427422047,0.1599999964237213,9799.98046875
EleutherAI/pythia-70m,50000,step50000,70426624,6,8,32,2,1,1.5244566026195727e-11,0.1599999964237213,9799.98046875
EleutherAI/pythia-70m,50000,step50000,70426624,6,8,32,2,2,0.0018951225792989135,0.1599999964237213,9799.98046875
EleutherAI/pythia-70m,50000,step50000,70426624,6,8,32,2,3,0.0015218305634334683,0.1599999964237213,9799.98046875
EleutherAI/pythia-70m,50000,step50000,70426624,6,8,32,2,4,7.830401045794133e-06,0.1599999964237213,9799.98046875
EleutherAI/pythia-70m,50000,step50000,70426624,6,8,32,2,5,0.01091022603213787,0.1599999964237213,9799.98046875
EleutherAI/pythia-70m,50000,step50000,70426624,6,8,32,2,6,0.0073497784323990345,0.1599999964237213,9799.98046875
EleutherAI/pythia-70m,50000,step50000,70426624,6,8,32,2,7,4.0726940824242774e-06,0.1599999964237213,9799.98046875
EleutherAI/pythia-70m,50000,step50000,70426624,6,8,32,3,0,0.19446715712547302,0.1599999964237213,9799.98046875
EleutherAI/pythia-70m,50000,step50000,70426624,6,8,32,3,1,0.3410107493400574,0.1599999964237213,9799.98046875
EleutherAI/pythia-70m,50000,step50000,70426624,6,8,32,3,2,0.0015898712445050478,0.1599999964237213,9799.98046875
EleutherAI/pythia-70m,50000,step50000,70426624,6,8,32,3,3,0.014543389901518822,0.1599999964237213,9799.98046875
EleutherAI/pythia-70m,50000,step50000,70426624,6,8,32,3,4,0.005069267936050892,0.1599999964237213,9799.98046875
EleutherAI/pythia-70m,50000,step50000,70426624,6,8,32,3,5,0.3322765827178955,0.1599999964237213,9799.98046875
EleutherAI/pythia-70m,50000,step50000,70426624,6,8,32,3,6,0.5517604351043701,0.1599999964237213,9799.98046875
EleutherAI/pythia-70m,50000,step50000,70426624,6,8,32,3,7,0.010341797955334187,0.1599999964237213,9799.98046875
EleutherAI/pythia-70m,50000,step50000,70426624,6,8,32,4,0,0.013360557146370411,0.1599999964237213,9799.98046875
EleutherAI/pythia-70m,50000,step50000,70426624,6,8,32,4,1,0.015292019583284855,0.1599999964237213,9799.98046875
EleutherAI/pythia-70m,50000,step50000,70426624,6,8,32,4,2,0.03052043356001377,0.1599999964237213,9799.98046875
EleutherAI/pythia-70m,50000,step50000,70426624,6,8,32,4,3,0.02651025541126728,0.1599999964237213,9799.98046875
EleutherAI/pythia-70m,50000,step50000,70426624,6,8,32,4,4,0.016043979674577713,0.1599999964237213,9799.98046875
EleutherAI/pythia-70m,50000,step50000,70426624,6,8,32,4,5,0.00994348805397749,0.1599999964237213,9799.98046875
EleutherAI/pythia-70m,50000,step50000,70426624,6,8,32,4,6,0.021453915163874626,0.1599999964237213,9799.98046875
EleutherAI/pythia-70m,50000,step50000,70426624,6,8,32,4,7,0.029962865635752678,0.1599999964237213,9799.98046875
EleutherAI/pythia-70m,50000,step50000,70426624,6,8,32,5,0,0.005237488076090813,0.1599999964237213,9799.98046875
EleutherAI/pythia-70m,50000,step50000,70426624,6,8,32,5,1,0.0016156475758180022,0.1599999964237213,9799.98046875
EleutherAI/pythia-70m,50000,step50000,70426624,6,8,32,5,2,0.004791824612766504,0.1599999964237213,9799.98046875
EleutherAI/pythia-70m,50000,step50000,70426624,6,8,32,5,3,9.837593825068325e-05,0.1599999964237213,9799.98046875
EleutherAI/pythia-70m,50000,step50000,70426624,6,8,32,5,4,0.0025820760056376457,0.1599999964237213,9799.98046875
EleutherAI/pythia-70m,50000,step50000,70426624,6,8,32,5,5,0.005646851845085621,0.1599999964237213,9799.98046875
EleutherAI/pythia-70m,50000,step50000,70426624,6,8,32,5,6,0.012642640620470047,0.1599999964237213,9799.98046875
EleutherAI/pythia-70m,50000,step50000,70426624,6,8,32,5,7,5.9056155805592425e-06,0.1599999964237213,9799.98046875
EleutherAI/pythia-70m,50000,step50000,70426624,6,8,33,0,0,0.009087007492780685,0.019999999552965164,19305.16015625
EleutherAI/pythia-70m,50000,step50000,70426624,6,8,33,0,1,0.0002957406686618924,0.019999999552965164,19305.16015625
EleutherAI/pythia-70m,50000,step50000,70426624,6,8,33,0,2,0.018454857170581818,0.019999999552965164,19305.16015625
EleutherAI/pythia-70m,50000,step50000,70426624,6,8,33,0,3,0.0008834425825625658,0.019999999552965164,19305.16015625
EleutherAI/pythia-70m,50000,step50000,70426624,6,8,33,0,4,0.0009413447114638984,0.019999999552965164,19305.16015625
EleutherAI/pythia-70m,50000,step50000,70426624,6,8,33,0,5,7.556504442618461e-06,0.019999999552965164,19305.16015625
EleutherAI/pythia-70m,50000,step50000,70426624,6,8,33,0,6,0.008802080526947975,0.019999999552965164,19305.16015625
EleutherAI/pythia-70m,50000,step50000,70426624,6,8,33,0,7,0.0003744503774214536,0.019999999552965164,19305.16015625
EleutherAI/pythia-70m,50000,step50000,70426624,6,8,33,1,0,0.00802359264343977,0.019999999552965164,19305.16015625
EleutherAI/pythia-70m,50000,step50000,70426624,6,8,33,1,1,2.5146318876068108e-05,0.019999999552965164,19305.16015625
EleutherAI/pythia-70m,50000,step50000,70426624,6,8,33,1,2,0.00021916377590969205,0.019999999552965164,19305.16015625
EleutherAI/pythia-70m,50000,step50000,70426624,6,8,33,1,3,4.846861429541605e-06,0.019999999552965164,19305.16015625
EleutherAI/pythia-70m,50000,step50000,70426624,6,8,33,1,4,0.009319474920630455,0.019999999552965164,19305.16015625
EleutherAI/pythia-70m,50000,step50000,70426624,6,8,33,1,5,0.0015060019213706255,0.019999999552965164,19305.16015625
EleutherAI/pythia-70m,50000,step50000,70426624,6,8,33,1,6,0.003095692489296198,0.019999999552965164,19305.16015625
EleutherAI/pythia-70m,50000,step50000,70426624,6,8,33,1,7,0.001480383682064712,0.019999999552965164,19305.16015625
EleutherAI/pythia-70m,50000,step50000,70426624,6,8,33,2,0,0.0029198264237493277,0.019999999552965164,19305.16015625
EleutherAI/pythia-70m,50000,step50000,70426624,6,8,33,2,1,2.5561585834110723e-11,0.019999999552965164,19305.16015625
EleutherAI/pythia-70m,50000,step50000,70426624,6,8,33,2,2,0.002314141485840082,0.019999999552965164,19305.16015625
EleutherAI/pythia-70m,50000,step50000,70426624,6,8,33,2,3,0.0013356334529817104,0.019999999552965164,19305.16015625
EleutherAI/pythia-70m,50000,step50000,70426624,6,8,33,2,4,9.572485168973799e-07,0.019999999552965164,19305.16015625
EleutherAI/pythia-70m,50000,step50000,70426624,6,8,33,2,5,0.011222795583307743,0.019999999552965164,19305.16015625
EleutherAI/pythia-70m,50000,step50000,70426624,6,8,33,2,6,0.007448569405823946,0.019999999552965164,19305.16015625
EleutherAI/pythia-70m,50000,step50000,70426624,6,8,33,2,7,1.3795893210044596e-05,0.019999999552965164,19305.16015625
EleutherAI/pythia-70m,50000,step50000,70426624,6,8,33,3,0,0.04253711551427841,0.019999999552965164,19305.16015625
EleutherAI/pythia-70m,50000,step50000,70426624,6,8,33,3,1,0.1018393486738205,0.019999999552965164,19305.16015625
EleutherAI/pythia-70m,50000,step50000,70426624,6,8,33,3,2,0.0019210991449654102,0.019999999552965164,19305.16015625
EleutherAI/pythia-70m,50000,step50000,70426624,6,8,33,3,3,0.011652190238237381,0.019999999552965164,19305.16015625
EleutherAI/pythia-70m,50000,step50000,70426624,6,8,33,3,4,0.005368984770029783,0.019999999552965164,19305.16015625
EleutherAI/pythia-70m,50000,step50000,70426624,6,8,33,3,5,0.10239329934120178,0.019999999552965164,19305.16015625
EleutherAI/pythia-70m,50000,step50000,70426624,6,8,33,3,6,0.18583200871944427,0.019999999552965164,19305.16015625
EleutherAI/pythia-70m,50000,step50000,70426624,6,8,33,3,7,0.010030735284090042,0.019999999552965164,19305.16015625
EleutherAI/pythia-70m,50000,step50000,70426624,6,8,33,4,0,0.01090755220502615,0.019999999552965164,19305.16015625
EleutherAI/pythia-70m,50000,step50000,70426624,6,8,33,4,1,0.010944128036499023,0.019999999552965164,19305.16015625
EleutherAI/pythia-70m,50000,step50000,70426624,6,8,33,4,2,0.01451876200735569,0.019999999552965164,19305.16015625
EleutherAI/pythia-70m,50000,step50000,70426624,6,8,33,4,3,0.015297488309442997,0.019999999552965164,19305.16015625
EleutherAI/pythia-70m,50000,step50000,70426624,6,8,33,4,4,0.011973989196121693,0.019999999552965164,19305.16015625
EleutherAI/pythia-70m,50000,step50000,70426624,6,8,33,4,5,0.009376618079841137,0.019999999552965164,19305.16015625
EleutherAI/pythia-70m,50000,step50000,70426624,6,8,33,4,6,0.01254227850586176,0.019999999552965164,19305.16015625
EleutherAI/pythia-70m,50000,step50000,70426624,6,8,33,4,7,0.014548706822097301,0.019999999552965164,19305.16015625
EleutherAI/pythia-70m,50000,step50000,70426624,6,8,33,5,0,0.00447675958275795,0.019999999552965164,19305.16015625
EleutherAI/pythia-70m,50000,step50000,70426624,6,8,33,5,1,0.001788410940207541,0.019999999552965164,19305.16015625
EleutherAI/pythia-70m,50000,step50000,70426624,6,8,33,5,2,0.0016172971809282899,0.019999999552965164,19305.16015625
EleutherAI/pythia-70m,50000,step50000,70426624,6,8,33,5,3,0.00042068614857271314,0.019999999552965164,19305.16015625
EleutherAI/pythia-70m,50000,step50000,70426624,6,8,33,5,4,0.000982586294412613,0.019999999552965164,19305.16015625
EleutherAI/pythia-70m,50000,step50000,70426624,6,8,33,5,5,0.004978327080607414,0.019999999552965164,19305.16015625
EleutherAI/pythia-70m,50000,step50000,70426624,6,8,33,5,6,0.00326192076317966,0.019999999552965164,19305.16015625
EleutherAI/pythia-70m,50000,step50000,70426624,6,8,33,5,7,6.1816740526410285e-06,0.019999999552965164,19305.16015625
EleutherAI/pythia-70m,50000,step50000,70426624,6,8,34,0,0,0.008355900645256042,0.05999999865889549,13085.3203125
EleutherAI/pythia-70m,50000,step50000,70426624,6,8,34,0,1,0.0008168500498868525,0.05999999865889549,13085.3203125
EleutherAI/pythia-70m,50000,step50000,70426624,6,8,34,0,2,0.009249632246792316,0.05999999865889549,13085.3203125
EleutherAI/pythia-70m,50000,step50000,70426624,6,8,34,0,3,0.0010859048925340176,0.05999999865889549,13085.3203125
EleutherAI/pythia-70m,50000,step50000,70426624,6,8,34,0,4,0.0028659251984208822,0.05999999865889549,13085.3203125
EleutherAI/pythia-70m,50000,step50000,70426624,6,8,34,0,5,0.0003394907107576728,0.05999999865889549,13085.3203125
EleutherAI/pythia-70m,50000,step50000,70426624,6,8,34,0,6,0.008242427371442318,0.05999999865889549,13085.3203125
EleutherAI/pythia-70m,50000,step50000,70426624,6,8,34,0,7,0.004772106185555458,0.05999999865889549,13085.3203125
EleutherAI/pythia-70m,50000,step50000,70426624,6,8,34,1,0,0.00817265547811985,0.05999999865889549,13085.3203125
EleutherAI/pythia-70m,50000,step50000,70426624,6,8,34,1,1,2.2151614757603966e-05,0.05999999865889549,13085.3203125
EleutherAI/pythia-70m,50000,step50000,70426624,6,8,34,1,2,0.00044134995550848544,0.05999999865889549,13085.3203125
EleutherAI/pythia-70m,50000,step50000,70426624,6,8,34,1,3,2.0769089132954832e-06,0.05999999865889549,13085.3203125
EleutherAI/pythia-70m,50000,step50000,70426624,6,8,34,1,4,0.007426568306982517,0.05999999865889549,13085.3203125
EleutherAI/pythia-70m,50000,step50000,70426624,6,8,34,1,5,0.0009887233609333634,0.05999999865889549,13085.3203125
EleutherAI/pythia-70m,50000,step50000,70426624,6,8,34,1,6,0.0018204364459961653,0.05999999865889549,13085.3203125
EleutherAI/pythia-70m,50000,step50000,70426624,6,8,34,1,7,0.00201019668020308,0.05999999865889549,13085.3203125
EleutherAI/pythia-70m,50000,step50000,70426624,6,8,34,2,0,0.0019932955037802458,0.05999999865889549,13085.3203125
EleutherAI/pythia-70m,50000,step50000,70426624,6,8,34,2,1,2.1633755897809692e-10,0.05999999865889549,13085.3203125
EleutherAI/pythia-70m,50000,step50000,70426624,6,8,34,2,2,0.0030551881063729525,0.05999999865889549,13085.3203125
EleutherAI/pythia-70m,50000,step50000,70426624,6,8,34,2,3,0.0010402847547084093,0.05999999865889549,13085.3203125
EleutherAI/pythia-70m,50000,step50000,70426624,6,8,34,2,4,2.5365570763824508e-06,0.05999999865889549,13085.3203125
EleutherAI/pythia-70m,50000,step50000,70426624,6,8,34,2,5,0.014550640247762203,0.05999999865889549,13085.3203125
EleutherAI/pythia-70m,50000,step50000,70426624,6,8,34,2,6,0.006558041088283062,0.05999999865889549,13085.3203125
EleutherAI/pythia-70m,50000,step50000,70426624,6,8,34,2,7,3.630842184065841e-05,0.05999999865889549,13085.3203125
EleutherAI/pythia-70m,50000,step50000,70426624,6,8,34,3,0,0.06846362352371216,0.05999999865889549,13085.3203125
EleutherAI/pythia-70m,50000,step50000,70426624,6,8,34,3,1,0.16981105506420135,0.05999999865889549,13085.3203125
EleutherAI/pythia-70m,50000,step50000,70426624,6,8,34,3,2,0.0019053140422329307,0.05999999865889549,13085.3203125
EleutherAI/pythia-70m,50000,step50000,70426624,6,8,34,3,3,0.012255294248461723,0.05999999865889549,13085.3203125
EleutherAI/pythia-70m,50000,step50000,70426624,6,8,34,3,4,0.0055707963183522224,0.05999999865889549,13085.3203125
EleutherAI/pythia-70m,50000,step50000,70426624,6,8,34,3,5,0.20444881916046143,0.05999999865889549,13085.3203125
EleutherAI/pythia-70m,50000,step50000,70426624,6,8,34,3,6,0.32229357957839966,0.05999999865889549,13085.3203125
EleutherAI/pythia-70m,50000,step50000,70426624,6,8,34,3,7,0.010494615882635117,0.05999999865889549,13085.3203125
EleutherAI/pythia-70m,50000,step50000,70426624,6,8,34,4,0,0.011482537724077702,0.05999999865889549,13085.3203125
EleutherAI/pythia-70m,50000,step50000,70426624,6,8,34,4,1,0.013121983967721462,0.05999999865889549,13085.3203125
EleutherAI/pythia-70m,50000,step50000,70426624,6,8,34,4,2,0.01829925738275051,0.05999999865889549,13085.3203125
EleutherAI/pythia-70m,50000,step50000,70426624,6,8,34,4,3,0.01692875660955906,0.05999999865889549,13085.3203125
EleutherAI/pythia-70m,50000,step50000,70426624,6,8,34,4,4,0.01371817197650671,0.05999999865889549,13085.3203125
EleutherAI/pythia-70m,50000,step50000,70426624,6,8,34,4,5,0.011138774454593658,0.05999999865889549,13085.3203125
EleutherAI/pythia-70m,50000,step50000,70426624,6,8,34,4,6,0.015624153427779675,0.05999999865889549,13085.3203125
EleutherAI/pythia-70m,50000,step50000,70426624,6,8,34,4,7,0.01877181977033615,0.05999999865889549,13085.3203125
EleutherAI/pythia-70m,50000,step50000,70426624,6,8,34,5,0,0.0036979555152356625,0.05999999865889549,13085.3203125
EleutherAI/pythia-70m,50000,step50000,70426624,6,8,34,5,1,0.0016351095400750637,0.05999999865889549,13085.3203125
EleutherAI/pythia-70m,50000,step50000,70426624,6,8,34,5,2,0.0012250578729435802,0.05999999865889549,13085.3203125
EleutherAI/pythia-70m,50000,step50000,70426624,6,8,34,5,3,0.00033597409492358565,0.05999999865889549,13085.3203125
EleutherAI/pythia-70m,50000,step50000,70426624,6,8,34,5,4,0.002356036566197872,0.05999999865889549,13085.3203125
EleutherAI/pythia-70m,50000,step50000,70426624,6,8,34,5,5,0.005999933462589979,0.05999999865889549,13085.3203125
EleutherAI/pythia-70m,50000,step50000,70426624,6,8,34,5,6,0.0029150526970624924,0.05999999865889549,13085.3203125
EleutherAI/pythia-70m,50000,step50000,70426624,6,8,34,5,7,1.1347110557835549e-05,0.05999999865889549,13085.3203125
EleutherAI/pythia-70m,50000,step50000,70426624,6,8,35,0,0,0.008913775905966759,0.23999999463558197,13158.5595703125
EleutherAI/pythia-70m,50000,step50000,70426624,6,8,35,0,1,0.0008407650166191161,0.23999999463558197,13158.5595703125
EleutherAI/pythia-70m,50000,step50000,70426624,6,8,35,0,2,0.008546832017600536,0.23999999463558197,13158.5595703125
EleutherAI/pythia-70m,50000,step50000,70426624,6,8,35,0,3,0.0009242751402780414,0.23999999463558197,13158.5595703125
EleutherAI/pythia-70m,50000,step50000,70426624,6,8,35,0,4,0.001998611493036151,0.23999999463558197,13158.5595703125
EleutherAI/pythia-70m,50000,step50000,70426624,6,8,35,0,5,8.27860931167379e-05,0.23999999463558197,13158.5595703125
EleutherAI/pythia-70m,50000,step50000,70426624,6,8,35,0,6,0.010775002650916576,0.23999999463558197,13158.5595703125
EleutherAI/pythia-70m,50000,step50000,70426624,6,8,35,0,7,0.0008259118185378611,0.23999999463558197,13158.5595703125
EleutherAI/pythia-70m,50000,step50000,70426624,6,8,35,1,0,0.009290306828916073,0.23999999463558197,13158.5595703125
EleutherAI/pythia-70m,50000,step50000,70426624,6,8,35,1,1,4.4756401621270925e-05,0.23999999463558197,13158.5595703125
EleutherAI/pythia-70m,50000,step50000,70426624,6,8,35,1,2,0.00011127485049655661,0.23999999463558197,13158.5595703125
EleutherAI/pythia-70m,50000,step50000,70426624,6,8,35,1,3,1.7282279713981552e-06,0.23999999463558197,13158.5595703125
EleutherAI/pythia-70m,50000,step50000,70426624,6,8,35,1,4,0.007380129303783178,0.23999999463558197,13158.5595703125
EleutherAI/pythia-70m,50000,step50000,70426624,6,8,35,1,5,0.0006472814129665494,0.23999999463558197,13158.5595703125
EleutherAI/pythia-70m,50000,step50000,70426624,6,8,35,1,6,0.002874736674129963,0.23999999463558197,13158.5595703125
EleutherAI/pythia-70m,50000,step50000,70426624,6,8,35,1,7,0.0018533794209361076,0.23999999463558197,13158.5595703125
EleutherAI/pythia-70m,50000,step50000,70426624,6,8,35,2,0,0.0009162875358015299,0.23999999463558197,13158.5595703125
EleutherAI/pythia-70m,50000,step50000,70426624,6,8,35,2,1,7.813490132679846e-11,0.23999999463558197,13158.5595703125
EleutherAI/pythia-70m,50000,step50000,70426624,6,8,35,2,2,0.0010665555018931627,0.23999999463558197,13158.5595703125
EleutherAI/pythia-70m,50000,step50000,70426624,6,8,35,2,3,0.0010268259793519974,0.23999999463558197,13158.5595703125
EleutherAI/pythia-70m,50000,step50000,70426624,6,8,35,2,4,3.470062495125603e-07,0.23999999463558197,13158.5595703125
EleutherAI/pythia-70m,50000,step50000,70426624,6,8,35,2,5,0.011032218113541603,0.23999999463558197,13158.5595703125
EleutherAI/pythia-70m,50000,step50000,70426624,6,8,35,2,6,0.008917724713683128,0.23999999463558197,13158.5595703125
EleutherAI/pythia-70m,50000,step50000,70426624,6,8,35,2,7,6.839722573204199e-06,0.23999999463558197,13158.5595703125
EleutherAI/pythia-70m,50000,step50000,70426624,6,8,35,3,0,0.25337591767311096,0.23999999463558197,13158.5595703125
EleutherAI/pythia-70m,50000,step50000,70426624,6,8,35,3,1,0.4207722544670105,0.23999999463558197,13158.5595703125
EleutherAI/pythia-70m,50000,step50000,70426624,6,8,35,3,2,0.0010837820591405034,0.23999999463558197,13158.5595703125
EleutherAI/pythia-70m,50000,step50000,70426624,6,8,35,3,3,0.012997202575206757,0.23999999463558197,13158.5595703125
EleutherAI/pythia-70m,50000,step50000,70426624,6,8,35,3,4,0.004060206934809685,0.23999999463558197,13158.5595703125
EleutherAI/pythia-70m,50000,step50000,70426624,6,8,35,3,5,0.39998841285705566,0.23999999463558197,13158.5595703125
EleutherAI/pythia-70m,50000,step50000,70426624,6,8,35,3,6,0.5835995674133301,0.23999999463558197,13158.5595703125
EleutherAI/pythia-70m,50000,step50000,70426624,6,8,35,3,7,0.0093525480479002,0.23999999463558197,13158.5595703125
EleutherAI/pythia-70m,50000,step50000,70426624,6,8,35,4,0,0.013270280323922634,0.23999999463558197,13158.5595703125
EleutherAI/pythia-70m,50000,step50000,70426624,6,8,35,4,1,0.015297499485313892,0.23999999463558197,13158.5595703125
EleutherAI/pythia-70m,50000,step50000,70426624,6,8,35,4,2,0.04035145789384842,0.23999999463558197,13158.5595703125
EleutherAI/pythia-70m,50000,step50000,70426624,6,8,35,4,3,0.030438225716352463,0.23999999463558197,13158.5595703125
EleutherAI/pythia-70m,50000,step50000,70426624,6,8,35,4,4,0.01516697183251381,0.23999999463558197,13158.5595703125
EleutherAI/pythia-70m,50000,step50000,70426624,6,8,35,4,5,0.00857867207378149,0.23999999463558197,13158.5595703125
EleutherAI/pythia-70m,50000,step50000,70426624,6,8,35,4,6,0.023794565349817276,0.23999999463558197,13158.5595703125
EleutherAI/pythia-70m,50000,step50000,70426624,6,8,35,4,7,0.0422525517642498,0.23999999463558197,13158.5595703125
EleutherAI/pythia-70m,50000,step50000,70426624,6,8,35,5,0,0.0025552022270858288,0.23999999463558197,13158.5595703125
EleutherAI/pythia-70m,50000,step50000,70426624,6,8,35,5,1,0.0005261378828436136,0.23999999463558197,13158.5595703125
EleutherAI/pythia-70m,50000,step50000,70426624,6,8,35,5,2,0.0014308243989944458,0.23999999463558197,13158.5595703125
EleutherAI/pythia-70m,50000,step50000,70426624,6,8,35,5,3,7.135720079531893e-05,0.23999999463558197,13158.5595703125
EleutherAI/pythia-70m,50000,step50000,70426624,6,8,35,5,4,0.0010767909698188305,0.23999999463558197,13158.5595703125
EleutherAI/pythia-70m,50000,step50000,70426624,6,8,35,5,5,0.003742594039067626,0.23999999463558197,13158.5595703125
EleutherAI/pythia-70m,50000,step50000,70426624,6,8,35,5,6,0.0043881796300411224,0.23999999463558197,13158.5595703125
EleutherAI/pythia-70m,50000,step50000,70426624,6,8,35,5,7,3.5598254726210143e-06,0.23999999463558197,13158.5595703125
EleutherAI/pythia-70m,50000,step50000,70426624,6,8,36,0,0,0.01075376383960247,0.1599999964237213,14301.419921875
EleutherAI/pythia-70m,50000,step50000,70426624,6,8,36,0,1,0.00026958761736750603,0.1599999964237213,14301.419921875
EleutherAI/pythia-70m,50000,step50000,70426624,6,8,36,0,2,0.011404634453356266,0.1599999964237213,14301.419921875
EleutherAI/pythia-70m,50000,step50000,70426624,6,8,36,0,3,0.000739860231988132,0.1599999964237213,14301.419921875
EleutherAI/pythia-70m,50000,step50000,70426624,6,8,36,0,4,0.001278766430914402,0.1599999964237213,14301.419921875
EleutherAI/pythia-70m,50000,step50000,70426624,6,8,36,0,5,2.582358501967974e-05,0.1599999964237213,14301.419921875
EleutherAI/pythia-70m,50000,step50000,70426624,6,8,36,0,6,0.009822279214859009,0.1599999964237213,14301.419921875
EleutherAI/pythia-70m,50000,step50000,70426624,6,8,36,0,7,0.000739390728995204,0.1599999964237213,14301.419921875
EleutherAI/pythia-70m,50000,step50000,70426624,6,8,36,1,0,0.007531613577157259,0.1599999964237213,14301.419921875
EleutherAI/pythia-70m,50000,step50000,70426624,6,8,36,1,1,7.505905523430556e-05,0.1599999964237213,14301.419921875
EleutherAI/pythia-70m,50000,step50000,70426624,6,8,36,1,2,0.0049018398858606815,0.1599999964237213,14301.419921875
EleutherAI/pythia-70m,50000,step50000,70426624,6,8,36,1,3,6.192969522089697e-06,0.1599999964237213,14301.419921875
EleutherAI/pythia-70m,50000,step50000,70426624,6,8,36,1,4,0.01080987136811018,0.1599999964237213,14301.419921875
EleutherAI/pythia-70m,50000,step50000,70426624,6,8,36,1,5,0.0009243602980859578,0.1599999964237213,14301.419921875
EleutherAI/pythia-70m,50000,step50000,70426624,6,8,36,1,6,0.003433531615883112,0.1599999964237213,14301.419921875
EleutherAI/pythia-70m,50000,step50000,70426624,6,8,36,1,7,0.0015664052916690707,0.1599999964237213,14301.419921875
EleutherAI/pythia-70m,50000,step50000,70426624,6,8,36,2,0,0.000965848274063319,0.1599999964237213,14301.419921875
EleutherAI/pythia-70m,50000,step50000,70426624,6,8,36,2,1,4.273953066458169e-11,0.1599999964237213,14301.419921875
EleutherAI/pythia-70m,50000,step50000,70426624,6,8,36,2,2,0.0008598078857176006,0.1599999964237213,14301.419921875
EleutherAI/pythia-70m,50000,step50000,70426624,6,8,36,2,3,0.0011347999097779393,0.1599999964237213,14301.419921875
EleutherAI/pythia-70m,50000,step50000,70426624,6,8,36,2,4,1.3201200772527955e-06,0.1599999964237213,14301.419921875
EleutherAI/pythia-70m,50000,step50000,70426624,6,8,36,2,5,0.01330684032291174,0.1599999964237213,14301.419921875
EleutherAI/pythia-70m,50000,step50000,70426624,6,8,36,2,6,0.00729791447520256,0.1599999964237213,14301.419921875
EleutherAI/pythia-70m,50000,step50000,70426624,6,8,36,2,7,5.710267942049541e-06,0.1599999964237213,14301.419921875
EleutherAI/pythia-70m,50000,step50000,70426624,6,8,36,3,0,0.1622493863105774,0.1599999964237213,14301.419921875
EleutherAI/pythia-70m,50000,step50000,70426624,6,8,36,3,1,0.3068379759788513,0.1599999964237213,14301.419921875
EleutherAI/pythia-70m,50000,step50000,70426624,6,8,36,3,2,0.0016138884238898754,0.1599999964237213,14301.419921875
EleutherAI/pythia-70m,50000,step50000,70426624,6,8,36,3,3,0.013416713103652,0.1599999964237213,14301.419921875
EleutherAI/pythia-70m,50000,step50000,70426624,6,8,36,3,4,0.004432428628206253,0.1599999964237213,14301.419921875
EleutherAI/pythia-70m,50000,step50000,70426624,6,8,36,3,5,0.30868521332740784,0.1599999964237213,14301.419921875
EleutherAI/pythia-70m,50000,step50000,70426624,6,8,36,3,6,0.40496131777763367,0.1599999964237213,14301.419921875
EleutherAI/pythia-70m,50000,step50000,70426624,6,8,36,3,7,0.009702774696052074,0.1599999964237213,14301.419921875
EleutherAI/pythia-70m,50000,step50000,70426624,6,8,36,4,0,0.012331771664321423,0.1599999964237213,14301.419921875
EleutherAI/pythia-70m,50000,step50000,70426624,6,8,36,4,1,0.012811945751309395,0.1599999964237213,14301.419921875
EleutherAI/pythia-70m,50000,step50000,70426624,6,8,36,4,2,0.023416101932525635,0.1599999964237213,14301.419921875
EleutherAI/pythia-70m,50000,step50000,70426624,6,8,36,4,3,0.02085704728960991,0.1599999964237213,14301.419921875
EleutherAI/pythia-70m,50000,step50000,70426624,6,8,36,4,4,0.012953480705618858,0.1599999964237213,14301.419921875
EleutherAI/pythia-70m,50000,step50000,70426624,6,8,36,4,5,0.00916257780045271,0.1599999964237213,14301.419921875
EleutherAI/pythia-70m,50000,step50000,70426624,6,8,36,4,6,0.017928659915924072,0.1599999964237213,14301.419921875
EleutherAI/pythia-70m,50000,step50000,70426624,6,8,36,4,7,0.02752635069191456,0.1599999964237213,14301.419921875
EleutherAI/pythia-70m,50000,step50000,70426624,6,8,36,5,0,0.00383001915179193,0.1599999964237213,14301.419921875
EleutherAI/pythia-70m,50000,step50000,70426624,6,8,36,5,1,0.0014044159324839711,0.1599999964237213,14301.419921875
EleutherAI/pythia-70m,50000,step50000,70426624,6,8,36,5,2,0.0018259170465171337,0.1599999964237213,14301.419921875
EleutherAI/pythia-70m,50000,step50000,70426624,6,8,36,5,3,0.0004687402688432485,0.1599999964237213,14301.419921875
EleutherAI/pythia-70m,50000,step50000,70426624,6,8,36,5,4,0.0019312702352181077,0.1599999964237213,14301.419921875
EleutherAI/pythia-70m,50000,step50000,70426624,6,8,36,5,5,0.003618135815486312,0.1599999964237213,14301.419921875
EleutherAI/pythia-70m,50000,step50000,70426624,6,8,36,5,6,0.0054853977635502815,0.1599999964237213,14301.419921875
EleutherAI/pythia-70m,50000,step50000,70426624,6,8,36,5,7,8.913209967431612e-06,0.1599999964237213,14301.419921875
EleutherAI/pythia-70m,50000,step50000,70426624,6,8,37,0,0,0.007183527573943138,0.05999999865889549,17299.619140625
EleutherAI/pythia-70m,50000,step50000,70426624,6,8,37,0,1,0.00031908153323456645,0.05999999865889549,17299.619140625
EleutherAI/pythia-70m,50000,step50000,70426624,6,8,37,0,2,0.007740976754575968,0.05999999865889549,17299.619140625
EleutherAI/pythia-70m,50000,step50000,70426624,6,8,37,0,3,0.0012735879281535745,0.05999999865889549,17299.619140625
EleutherAI/pythia-70m,50000,step50000,70426624,6,8,37,0,4,0.0005641981260851026,0.05999999865889549,17299.619140625
EleutherAI/pythia-70m,50000,step50000,70426624,6,8,37,0,5,4.715473551186733e-06,0.05999999865889549,17299.619140625
EleutherAI/pythia-70m,50000,step50000,70426624,6,8,37,0,6,0.00863701943308115,0.05999999865889549,17299.619140625
EleutherAI/pythia-70m,50000,step50000,70426624,6,8,37,0,7,0.0023671137169003487,0.05999999865889549,17299.619140625
EleutherAI/pythia-70m,50000,step50000,70426624,6,8,37,1,0,0.009271597489714622,0.05999999865889549,17299.619140625
EleutherAI/pythia-70m,50000,step50000,70426624,6,8,37,1,1,6.195027526700869e-05,0.05999999865889549,17299.619140625
EleutherAI/pythia-70m,50000,step50000,70426624,6,8,37,1,2,0.00019776188128162175,0.05999999865889549,17299.619140625
EleutherAI/pythia-70m,50000,step50000,70426624,6,8,37,1,3,1.6926243233683635e-06,0.05999999865889549,17299.619140625
EleutherAI/pythia-70m,50000,step50000,70426624,6,8,37,1,4,0.007386837154626846,0.05999999865889549,17299.619140625
EleutherAI/pythia-70m,50000,step50000,70426624,6,8,37,1,5,0.0014224090846255422,0.05999999865889549,17299.619140625
EleutherAI/pythia-70m,50000,step50000,70426624,6,8,37,1,6,0.002072826959192753,0.05999999865889549,17299.619140625
EleutherAI/pythia-70m,50000,step50000,70426624,6,8,37,1,7,0.00107129558455199,0.05999999865889549,17299.619140625
EleutherAI/pythia-70m,50000,step50000,70426624,6,8,37,2,0,0.0018569949315860868,0.05999999865889549,17299.619140625
EleutherAI/pythia-70m,50000,step50000,70426624,6,8,37,2,1,7.309641780750553e-11,0.05999999865889549,17299.619140625
EleutherAI/pythia-70m,50000,step50000,70426624,6,8,37,2,2,0.002358707133680582,0.05999999865889549,17299.619140625
EleutherAI/pythia-70m,50000,step50000,70426624,6,8,37,2,3,0.00128604203928262,0.05999999865889549,17299.619140625
EleutherAI/pythia-70m,50000,step50000,70426624,6,8,37,2,4,1.450314698558941e-06,0.05999999865889549,17299.619140625
EleutherAI/pythia-70m,50000,step50000,70426624,6,8,37,2,5,0.013324813917279243,0.05999999865889549,17299.619140625
EleutherAI/pythia-70m,50000,step50000,70426624,6,8,37,2,6,0.006457291077822447,0.05999999865889549,17299.619140625
EleutherAI/pythia-70m,50000,step50000,70426624,6,8,37,2,7,1.7338817997369915e-05,0.05999999865889549,17299.619140625
EleutherAI/pythia-70m,50000,step50000,70426624,6,8,37,3,0,0.06899269670248032,0.05999999865889549,17299.619140625
EleutherAI/pythia-70m,50000,step50000,70426624,6,8,37,3,1,0.16285911202430725,0.05999999865889549,17299.619140625
EleutherAI/pythia-70m,50000,step50000,70426624,6,8,37,3,2,0.0016222808044403791,0.05999999865889549,17299.619140625
EleutherAI/pythia-70m,50000,step50000,70426624,6,8,37,3,3,0.011048998683691025,0.05999999865889549,17299.619140625
EleutherAI/pythia-70m,50000,step50000,70426624,6,8,37,3,4,0.005708686076104641,0.05999999865889549,17299.619140625
EleutherAI/pythia-70m,50000,step50000,70426624,6,8,37,3,5,0.17140524089336395,0.05999999865889549,17299.619140625
EleutherAI/pythia-70m,50000,step50000,70426624,6,8,37,3,6,0.30339449644088745,0.05999999865889549,17299.619140625
EleutherAI/pythia-70m,50000,step50000,70426624,6,8,37,3,7,0.009587976150214672,0.05999999865889549,17299.619140625
EleutherAI/pythia-70m,50000,step50000,70426624,6,8,37,4,0,0.01062775868922472,0.05999999865889549,17299.619140625
EleutherAI/pythia-70m,50000,step50000,70426624,6,8,37,4,1,0.010883272625505924,0.05999999865889549,17299.619140625
EleutherAI/pythia-70m,50000,step50000,70426624,6,8,37,4,2,0.01604655757546425,0.05999999865889549,17299.619140625
EleutherAI/pythia-70m,50000,step50000,70426624,6,8,37,4,3,0.016211586073040962,0.05999999865889549,17299.619140625
EleutherAI/pythia-70m,50000,step50000,70426624,6,8,37,4,4,0.011903255246579647,0.05999999865889549,17299.619140625
EleutherAI/pythia-70m,50000,step50000,70426624,6,8,37,4,5,0.008816552348434925,0.05999999865889549,17299.619140625
EleutherAI/pythia-70m,50000,step50000,70426624,6,8,37,4,6,0.013150716200470924,0.05999999865889549,17299.619140625
EleutherAI/pythia-70m,50000,step50000,70426624,6,8,37,4,7,0.016471607610583305,0.05999999865889549,17299.619140625
EleutherAI/pythia-70m,50000,step50000,70426624,6,8,37,5,0,0.006335058715194464,0.05999999865889549,17299.619140625
EleutherAI/pythia-70m,50000,step50000,70426624,6,8,37,5,1,0.0015405386220663786,0.05999999865889549,17299.619140625
EleutherAI/pythia-70m,50000,step50000,70426624,6,8,37,5,2,0.0022851864341646433,0.05999999865889549,17299.619140625
EleutherAI/pythia-70m,50000,step50000,70426624,6,8,37,5,3,0.0009658432682044804,0.05999999865889549,17299.619140625
EleutherAI/pythia-70m,50000,step50000,70426624,6,8,37,5,4,0.00391047541052103,0.05999999865889549,17299.619140625
EleutherAI/pythia-70m,50000,step50000,70426624,6,8,37,5,5,0.005779766943305731,0.05999999865889549,17299.619140625
EleutherAI/pythia-70m,50000,step50000,70426624,6,8,37,5,6,0.0034074115101248026,0.05999999865889549,17299.619140625
EleutherAI/pythia-70m,50000,step50000,70426624,6,8,37,5,7,1.0095052857650444e-05,0.05999999865889549,17299.619140625
EleutherAI/pythia-70m,50000,step50000,70426624,6,8,38,0,0,0.006702457554638386,0.4399999976158142,6715.7998046875
EleutherAI/pythia-70m,50000,step50000,70426624,6,8,38,0,1,0.00041819672333076596,0.4399999976158142,6715.7998046875
EleutherAI/pythia-70m,50000,step50000,70426624,6,8,38,0,2,0.008972954005002975,0.4399999976158142,6715.7998046875
EleutherAI/pythia-70m,50000,step50000,70426624,6,8,38,0,3,0.001692978199571371,0.4399999976158142,6715.7998046875
EleutherAI/pythia-70m,50000,step50000,70426624,6,8,38,0,4,0.0023256505373865366,0.4399999976158142,6715.7998046875
EleutherAI/pythia-70m,50000,step50000,70426624,6,8,38,0,5,0.003724877256900072,0.4399999976158142,6715.7998046875
EleutherAI/pythia-70m,50000,step50000,70426624,6,8,38,0,6,0.008764228783547878,0.4399999976158142,6715.7998046875
EleutherAI/pythia-70m,50000,step50000,70426624,6,8,38,0,7,0.005499357357621193,0.4399999976158142,6715.7998046875
EleutherAI/pythia-70m,50000,step50000,70426624,6,8,38,1,0,0.009005132131278515,0.4399999976158142,6715.7998046875
EleutherAI/pythia-70m,50000,step50000,70426624,6,8,38,1,1,0.0017897096695378423,0.4399999976158142,6715.7998046875
EleutherAI/pythia-70m,50000,step50000,70426624,6,8,38,1,2,0.002013215096667409,0.4399999976158142,6715.7998046875
EleutherAI/pythia-70m,50000,step50000,70426624,6,8,38,1,3,3.1265622965293005e-05,0.4399999976158142,6715.7998046875
EleutherAI/pythia-70m,50000,step50000,70426624,6,8,38,1,4,0.014278775081038475,0.4399999976158142,6715.7998046875
EleutherAI/pythia-70m,50000,step50000,70426624,6,8,38,1,5,0.0022951450664550066,0.4399999976158142,6715.7998046875
EleutherAI/pythia-70m,50000,step50000,70426624,6,8,38,1,6,0.005123040173202753,0.4399999976158142,6715.7998046875
EleutherAI/pythia-70m,50000,step50000,70426624,6,8,38,1,7,0.009484667330980301,0.4399999976158142,6715.7998046875
EleutherAI/pythia-70m,50000,step50000,70426624,6,8,38,2,0,0.0006848946213722229,0.4399999976158142,6715.7998046875
EleutherAI/pythia-70m,50000,step50000,70426624,6,8,38,2,1,2.981209723529332e-10,0.4399999976158142,6715.7998046875
EleutherAI/pythia-70m,50000,step50000,70426624,6,8,38,2,2,0.0018770289607346058,0.4399999976158142,6715.7998046875
EleutherAI/pythia-70m,50000,step50000,70426624,6,8,38,2,3,0.0021843230351805687,0.4399999976158142,6715.7998046875
EleutherAI/pythia-70m,50000,step50000,70426624,6,8,38,2,4,1.299824180023279e-05,0.4399999976158142,6715.7998046875
EleutherAI/pythia-70m,50000,step50000,70426624,6,8,38,2,5,0.010647394694387913,0.4399999976158142,6715.7998046875
EleutherAI/pythia-70m,50000,step50000,70426624,6,8,38,2,6,0.008870046585798264,0.4399999976158142,6715.7998046875
EleutherAI/pythia-70m,50000,step50000,70426624,6,8,38,2,7,5.694705123460153e-06,0.4399999976158142,6715.7998046875
EleutherAI/pythia-70m,50000,step50000,70426624,6,8,38,3,0,0.43136852979660034,0.4399999976158142,6715.7998046875
EleutherAI/pythia-70m,50000,step50000,70426624,6,8,38,3,1,0.658124566078186,0.4399999976158142,6715.7998046875
EleutherAI/pythia-70m,50000,step50000,70426624,6,8,38,3,2,0.0013495167950168252,0.4399999976158142,6715.7998046875
EleutherAI/pythia-70m,50000,step50000,70426624,6,8,38,3,3,0.02163872681558132,0.4399999976158142,6715.7998046875
EleutherAI/pythia-70m,50000,step50000,70426624,6,8,38,3,4,0.002920143073424697,0.4399999976158142,6715.7998046875
EleutherAI/pythia-70m,50000,step50000,70426624,6,8,38,3,5,0.6317242980003357,0.4399999976158142,6715.7998046875
EleutherAI/pythia-70m,50000,step50000,70426624,6,8,38,3,6,0.8258767127990723,0.4399999976158142,6715.7998046875
EleutherAI/pythia-70m,50000,step50000,70426624,6,8,38,3,7,0.010821504518389702,0.4399999976158142,6715.7998046875
EleutherAI/pythia-70m,50000,step50000,70426624,6,8,38,4,0,0.02035536803305149,0.4399999976158142,6715.7998046875
EleutherAI/pythia-70m,50000,step50000,70426624,6,8,38,4,1,0.03086281009018421,0.4399999976158142,6715.7998046875
EleutherAI/pythia-70m,50000,step50000,70426624,6,8,38,4,2,0.04761548340320587,0.4399999976158142,6715.7998046875
EleutherAI/pythia-70m,50000,step50000,70426624,6,8,38,4,3,0.06464722752571106,0.4399999976158142,6715.7998046875
EleutherAI/pythia-70m,50000,step50000,70426624,6,8,38,4,4,0.02391958236694336,0.4399999976158142,6715.7998046875
EleutherAI/pythia-70m,50000,step50000,70426624,6,8,38,4,5,0.014331611804664135,0.4399999976158142,6715.7998046875
EleutherAI/pythia-70m,50000,step50000,70426624,6,8,38,4,6,0.043030641973018646,0.4399999976158142,6715.7998046875
EleutherAI/pythia-70m,50000,step50000,70426624,6,8,38,4,7,0.05830452963709831,0.4399999976158142,6715.7998046875
EleutherAI/pythia-70m,50000,step50000,70426624,6,8,38,5,0,0.008634308353066444,0.4399999976158142,6715.7998046875
EleutherAI/pythia-70m,50000,step50000,70426624,6,8,38,5,1,0.0027673779986798763,0.4399999976158142,6715.7998046875
EleutherAI/pythia-70m,50000,step50000,70426624,6,8,38,5,2,0.0007981114322319627,0.4399999976158142,6715.7998046875
EleutherAI/pythia-70m,50000,step50000,70426624,6,8,38,5,3,1.4056093277758919e-05,0.4399999976158142,6715.7998046875
EleutherAI/pythia-70m,50000,step50000,70426624,6,8,38,5,4,0.0035828547552227974,0.4399999976158142,6715.7998046875
EleutherAI/pythia-70m,50000,step50000,70426624,6,8,38,5,5,0.006591635290533304,0.4399999976158142,6715.7998046875
EleutherAI/pythia-70m,50000,step50000,70426624,6,8,38,5,6,0.012550009414553642,0.4399999976158142,6715.7998046875
EleutherAI/pythia-70m,50000,step50000,70426624,6,8,38,5,7,2.8105792807764374e-05,0.4399999976158142,6715.7998046875
EleutherAI/pythia-70m,50000,step50000,70426624,6,8,39,0,0,0.007245404180139303,0.07999999821186066,19612.279296875
EleutherAI/pythia-70m,50000,step50000,70426624,6,8,39,0,1,0.00032921956153586507,0.07999999821186066,19612.279296875
EleutherAI/pythia-70m,50000,step50000,70426624,6,8,39,0,2,0.008503366261720657,0.07999999821186066,19612.279296875
EleutherAI/pythia-70m,50000,step50000,70426624,6,8,39,0,3,0.0011975168017670512,0.07999999821186066,19612.279296875
EleutherAI/pythia-70m,50000,step50000,70426624,6,8,39,0,4,0.00046331004705280066,0.07999999821186066,19612.279296875
EleutherAI/pythia-70m,50000,step50000,70426624,6,8,39,0,5,1.7247397408937104e-05,0.07999999821186066,19612.279296875
EleutherAI/pythia-70m,50000,step50000,70426624,6,8,39,0,6,0.009846209548413754,0.07999999821186066,19612.279296875
EleutherAI/pythia-70m,50000,step50000,70426624,6,8,39,0,7,0.0004307941999286413,0.07999999821186066,19612.279296875
EleutherAI/pythia-70m,50000,step50000,70426624,6,8,39,1,0,0.008673864416778088,0.07999999821186066,19612.279296875
EleutherAI/pythia-70m,50000,step50000,70426624,6,8,39,1,1,3.367346289451234e-05,0.07999999821186066,19612.279296875
EleutherAI/pythia-70m,50000,step50000,70426624,6,8,39,1,2,0.0003988207899965346,0.07999999821186066,19612.279296875
EleutherAI/pythia-70m,50000,step50000,70426624,6,8,39,1,3,4.006180461146869e-06,0.07999999821186066,19612.279296875
EleutherAI/pythia-70m,50000,step50000,70426624,6,8,39,1,4,0.0069025070406496525,0.07999999821186066,19612.279296875
EleutherAI/pythia-70m,50000,step50000,70426624,6,8,39,1,5,0.0012159750331193209,0.07999999821186066,19612.279296875
EleutherAI/pythia-70m,50000,step50000,70426624,6,8,39,1,6,0.0028119736816734076,0.07999999821186066,19612.279296875
EleutherAI/pythia-70m,50000,step50000,70426624,6,8,39,1,7,0.0011345335515215993,0.07999999821186066,19612.279296875
EleutherAI/pythia-70m,50000,step50000,70426624,6,8,39,2,0,0.0015205666422843933,0.07999999821186066,19612.279296875
EleutherAI/pythia-70m,50000,step50000,70426624,6,8,39,2,1,7.728668816042727e-10,0.07999999821186066,19612.279296875
EleutherAI/pythia-70m,50000,step50000,70426624,6,8,39,2,2,0.0018290552543476224,0.07999999821186066,19612.279296875
EleutherAI/pythia-70m,50000,step50000,70426624,6,8,39,2,3,0.001016180613078177,0.07999999821186066,19612.279296875
EleutherAI/pythia-70m,50000,step50000,70426624,6,8,39,2,4,1.1704385087796254e-06,0.07999999821186066,19612.279296875
EleutherAI/pythia-70m,50000,step50000,70426624,6,8,39,2,5,0.012224653735756874,0.07999999821186066,19612.279296875
EleutherAI/pythia-70m,50000,step50000,70426624,6,8,39,2,6,0.006123551167547703,0.07999999821186066,19612.279296875
EleutherAI/pythia-70m,50000,step50000,70426624,6,8,39,2,7,1.5937717762426473e-05,0.07999999821186066,19612.279296875
EleutherAI/pythia-70m,50000,step50000,70426624,6,8,39,3,0,0.09418477863073349,0.07999999821186066,19612.279296875
EleutherAI/pythia-70m,50000,step50000,70426624,6,8,39,3,1,0.18265372514724731,0.07999999821186066,19612.279296875
EleutherAI/pythia-70m,50000,step50000,70426624,6,8,39,3,2,0.001476505072787404,0.07999999821186066,19612.279296875
EleutherAI/pythia-70m,50000,step50000,70426624,6,8,39,3,3,0.010740344412624836,0.07999999821186066,19612.279296875
EleutherAI/pythia-70m,50000,step50000,70426624,6,8,39,3,4,0.004185884725302458,0.07999999821186066,19612.279296875
EleutherAI/pythia-70m,50000,step50000,70426624,6,8,39,3,5,0.1834934651851654,0.07999999821186066,19612.279296875
EleutherAI/pythia-70m,50000,step50000,70426624,6,8,39,3,6,0.2893401086330414,0.07999999821186066,19612.279296875
EleutherAI/pythia-70m,50000,step50000,70426624,6,8,39,3,7,0.0073094977997243404,0.07999999821186066,19612.279296875
EleutherAI/pythia-70m,50000,step50000,70426624,6,8,39,4,0,0.009282700717449188,0.07999999821186066,19612.279296875
EleutherAI/pythia-70m,50000,step50000,70426624,6,8,39,4,1,0.009458362124860287,0.07999999821186066,19612.279296875
EleutherAI/pythia-70m,50000,step50000,70426624,6,8,39,4,2,0.014164195396006107,0.07999999821186066,19612.279296875
EleutherAI/pythia-70m,50000,step50000,70426624,6,8,39,4,3,0.015858618542551994,0.07999999821186066,19612.279296875
EleutherAI/pythia-70m,50000,step50000,70426624,6,8,39,4,4,0.010614338330924511,0.07999999821186066,19612.279296875
EleutherAI/pythia-70m,50000,step50000,70426624,6,8,39,4,5,0.00833488255739212,0.07999999821186066,19612.279296875
EleutherAI/pythia-70m,50000,step50000,70426624,6,8,39,4,6,0.01580139622092247,0.07999999821186066,19612.279296875
EleutherAI/pythia-70m,50000,step50000,70426624,6,8,39,4,7,0.01862148940563202,0.07999999821186066,19612.279296875
EleutherAI/pythia-70m,50000,step50000,70426624,6,8,39,5,0,0.002082711784169078,0.07999999821186066,19612.279296875
EleutherAI/pythia-70m,50000,step50000,70426624,6,8,39,5,1,0.0018619769252836704,0.07999999821186066,19612.279296875
EleutherAI/pythia-70m,50000,step50000,70426624,6,8,39,5,2,0.0007587439613416791,0.07999999821186066,19612.279296875
EleutherAI/pythia-70m,50000,step50000,70426624,6,8,39,5,3,0.00012997029989492148,0.07999999821186066,19612.279296875
EleutherAI/pythia-70m,50000,step50000,70426624,6,8,39,5,4,0.0012935941340401769,0.07999999821186066,19612.279296875
EleutherAI/pythia-70m,50000,step50000,70426624,6,8,39,5,5,0.0031418143771588802,0.07999999821186066,19612.279296875
EleutherAI/pythia-70m,50000,step50000,70426624,6,8,39,5,6,0.003444876754656434,0.07999999821186066,19612.279296875
EleutherAI/pythia-70m,50000,step50000,70426624,6,8,39,5,7,6.861646397737786e-06,0.07999999821186066,19612.279296875
EleutherAI/pythia-70m,50000,step50000,70426624,6,8,40,0,0,0.010181887075304985,0.05999999865889549,12453.1201171875
EleutherAI/pythia-70m,50000,step50000,70426624,6,8,40,0,1,0.0003572664281819016,0.05999999865889549,12453.1201171875
EleutherAI/pythia-70m,50000,step50000,70426624,6,8,40,0,2,0.00732702249661088,0.05999999865889549,12453.1201171875
EleutherAI/pythia-70m,50000,step50000,70426624,6,8,40,0,3,0.0007554423646070063,0.05999999865889549,12453.1201171875
EleutherAI/pythia-70m,50000,step50000,70426624,6,8,40,0,4,0.0013772069942206144,0.05999999865889549,12453.1201171875
EleutherAI/pythia-70m,50000,step50000,70426624,6,8,40,0,5,0.0003344279248267412,0.05999999865889549,12453.1201171875
EleutherAI/pythia-70m,50000,step50000,70426624,6,8,40,0,6,0.007580748293548822,0.05999999865889549,12453.1201171875
EleutherAI/pythia-70m,50000,step50000,70426624,6,8,40,0,7,0.001095808926038444,0.05999999865889549,12453.1201171875
EleutherAI/pythia-70m,50000,step50000,70426624,6,8,40,1,0,0.009319622069597244,0.05999999865889549,12453.1201171875
EleutherAI/pythia-70m,50000,step50000,70426624,6,8,40,1,1,3.277581708971411e-05,0.05999999865889549,12453.1201171875
EleutherAI/pythia-70m,50000,step50000,70426624,6,8,40,1,2,0.0005018726224079728,0.05999999865889549,12453.1201171875
EleutherAI/pythia-70m,50000,step50000,70426624,6,8,40,1,3,3.4606841836648528e-06,0.05999999865889549,12453.1201171875
EleutherAI/pythia-70m,50000,step50000,70426624,6,8,40,1,4,0.008921545930206776,0.05999999865889549,12453.1201171875
EleutherAI/pythia-70m,50000,step50000,70426624,6,8,40,1,5,0.0025419914163649082,0.05999999865889549,12453.1201171875
EleutherAI/pythia-70m,50000,step50000,70426624,6,8,40,1,6,0.003838286967948079,0.05999999865889549,12453.1201171875
EleutherAI/pythia-70m,50000,step50000,70426624,6,8,40,1,7,0.0013150679878890514,0.05999999865889549,12453.1201171875
EleutherAI/pythia-70m,50000,step50000,70426624,6,8,40,2,0,0.0019283258588984609,0.05999999865889549,12453.1201171875
EleutherAI/pythia-70m,50000,step50000,70426624,6,8,40,2,1,1.575471697545794e-11,0.05999999865889549,12453.1201171875
EleutherAI/pythia-70m,50000,step50000,70426624,6,8,40,2,2,0.0011820767540484667,0.05999999865889549,12453.1201171875
EleutherAI/pythia-70m,50000,step50000,70426624,6,8,40,2,3,0.001324875047430396,0.05999999865889549,12453.1201171875
EleutherAI/pythia-70m,50000,step50000,70426624,6,8,40,2,4,2.267580612169695e-06,0.05999999865889549,12453.1201171875
EleutherAI/pythia-70m,50000,step50000,70426624,6,8,40,2,5,0.009196429513394833,0.05999999865889549,12453.1201171875
EleutherAI/pythia-70m,50000,step50000,70426624,6,8,40,2,6,0.005365145392715931,0.05999999865889549,12453.1201171875
EleutherAI/pythia-70m,50000,step50000,70426624,6,8,40,2,7,2.7630774184217444e-06,0.05999999865889549,12453.1201171875
EleutherAI/pythia-70m,50000,step50000,70426624,6,8,40,3,0,0.08421418070793152,0.05999999865889549,12453.1201171875
EleutherAI/pythia-70m,50000,step50000,70426624,6,8,40,3,1,0.2715042233467102,0.05999999865889549,12453.1201171875
EleutherAI/pythia-70m,50000,step50000,70426624,6,8,40,3,2,0.0016155074117705226,0.05999999865889549,12453.1201171875
EleutherAI/pythia-70m,50000,step50000,70426624,6,8,40,3,3,0.011864973232150078,0.05999999865889549,12453.1201171875
EleutherAI/pythia-70m,50000,step50000,70426624,6,8,40,3,4,0.00447945948690176,0.05999999865889549,12453.1201171875
EleutherAI/pythia-70m,50000,step50000,70426624,6,8,40,3,5,0.30059120059013367,0.05999999865889549,12453.1201171875
EleutherAI/pythia-70m,50000,step50000,70426624,6,8,40,3,6,0.488982617855072,0.05999999865889549,12453.1201171875
EleutherAI/pythia-70m,50000,step50000,70426624,6,8,40,3,7,0.008162553422152996,0.05999999865889549,12453.1201171875
EleutherAI/pythia-70m,50000,step50000,70426624,6,8,40,4,0,0.011357828043401241,0.05999999865889549,12453.1201171875
EleutherAI/pythia-70m,50000,step50000,70426624,6,8,40,4,1,0.012636642903089523,0.05999999865889549,12453.1201171875
EleutherAI/pythia-70m,50000,step50000,70426624,6,8,40,4,2,0.018635787069797516,0.05999999865889549,12453.1201171875
EleutherAI/pythia-70m,50000,step50000,70426624,6,8,40,4,3,0.016377627849578857,0.05999999865889549,12453.1201171875
EleutherAI/pythia-70m,50000,step50000,70426624,6,8,40,4,4,0.012030310928821564,0.05999999865889549,12453.1201171875
EleutherAI/pythia-70m,50000,step50000,70426624,6,8,40,4,5,0.00849401205778122,0.05999999865889549,12453.1201171875
EleutherAI/pythia-70m,50000,step50000,70426624,6,8,40,4,6,0.015836670994758606,0.05999999865889549,12453.1201171875
EleutherAI/pythia-70m,50000,step50000,70426624,6,8,40,4,7,0.020708270370960236,0.05999999865889549,12453.1201171875
EleutherAI/pythia-70m,50000,step50000,70426624,6,8,40,5,0,0.007719513028860092,0.05999999865889549,12453.1201171875
EleutherAI/pythia-70m,50000,step50000,70426624,6,8,40,5,1,0.001570270978845656,0.05999999865889549,12453.1201171875
EleutherAI/pythia-70m,50000,step50000,70426624,6,8,40,5,2,0.00593443401157856,0.05999999865889549,12453.1201171875
EleutherAI/pythia-70m,50000,step50000,70426624,6,8,40,5,3,0.00012513724504970014,0.05999999865889549,12453.1201171875
EleutherAI/pythia-70m,50000,step50000,70426624,6,8,40,5,4,0.007740640547126532,0.05999999865889549,12453.1201171875
EleutherAI/pythia-70m,50000,step50000,70426624,6,8,40,5,5,0.004066148307174444,0.05999999865889549,12453.1201171875
EleutherAI/pythia-70m,50000,step50000,70426624,6,8,40,5,6,0.0058191148564219475,0.05999999865889549,12453.1201171875
EleutherAI/pythia-70m,50000,step50000,70426624,6,8,40,5,7,1.668551158218179e-05,0.05999999865889549,12453.1201171875
EleutherAI/pythia-70m,50000,step50000,70426624,6,8,41,0,0,0.007020542398095131,0.07999999821186066,13927.919921875
EleutherAI/pythia-70m,50000,step50000,70426624,6,8,41,0,1,0.00046907245996408165,0.07999999821186066,13927.919921875
EleutherAI/pythia-70m,50000,step50000,70426624,6,8,41,0,2,0.01807052083313465,0.07999999821186066,13927.919921875
EleutherAI/pythia-70m,50000,step50000,70426624,6,8,41,0,3,0.0014499044045805931,0.07999999821186066,13927.919921875
EleutherAI/pythia-70m,50000,step50000,70426624,6,8,41,0,4,0.0018425392918288708,0.07999999821186066,13927.919921875
EleutherAI/pythia-70m,50000,step50000,70426624,6,8,41,0,5,2.871321703423746e-05,0.07999999821186066,13927.919921875
EleutherAI/pythia-70m,50000,step50000,70426624,6,8,41,0,6,0.009414514526724815,0.07999999821186066,13927.919921875
EleutherAI/pythia-70m,50000,step50000,70426624,6,8,41,0,7,0.0017801013309508562,0.07999999821186066,13927.919921875
EleutherAI/pythia-70m,50000,step50000,70426624,6,8,41,1,0,0.007830865681171417,0.07999999821186066,13927.919921875
EleutherAI/pythia-70m,50000,step50000,70426624,6,8,41,1,1,0.00010609594755806029,0.07999999821186066,13927.919921875
EleutherAI/pythia-70m,50000,step50000,70426624,6,8,41,1,2,0.0014669279335066676,0.07999999821186066,13927.919921875
EleutherAI/pythia-70m,50000,step50000,70426624,6,8,41,1,3,2.7778023650171235e-05,0.07999999821186066,13927.919921875
EleutherAI/pythia-70m,50000,step50000,70426624,6,8,41,1,4,0.006964920554310083,0.07999999821186066,13927.919921875
EleutherAI/pythia-70m,50000,step50000,70426624,6,8,41,1,5,0.0010446974774822593,0.07999999821186066,13927.919921875
EleutherAI/pythia-70m,50000,step50000,70426624,6,8,41,1,6,0.002300191903486848,0.07999999821186066,13927.919921875
EleutherAI/pythia-70m,50000,step50000,70426624,6,8,41,1,7,0.0012177509488537908,0.07999999821186066,13927.919921875
EleutherAI/pythia-70m,50000,step50000,70426624,6,8,41,2,0,0.0012703090906143188,0.07999999821186066,13927.919921875
EleutherAI/pythia-70m,50000,step50000,70426624,6,8,41,2,1,7.85324305585533e-11,0.07999999821186066,13927.919921875
EleutherAI/pythia-70m,50000,step50000,70426624,6,8,41,2,2,0.0014312609564512968,0.07999999821186066,13927.919921875
EleutherAI/pythia-70m,50000,step50000,70426624,6,8,41,2,3,0.0014400067739188671,0.07999999821186066,13927.919921875
EleutherAI/pythia-70m,50000,step50000,70426624,6,8,41,2,4,5.594590220425744e-06,0.07999999821186066,13927.919921875
EleutherAI/pythia-70m,50000,step50000,70426624,6,8,41,2,5,0.01101794932037592,0.07999999821186066,13927.919921875
EleutherAI/pythia-70m,50000,step50000,70426624,6,8,41,2,6,0.009185994043946266,0.07999999821186066,13927.919921875
EleutherAI/pythia-70m,50000,step50000,70426624,6,8,41,2,7,1.4321783055493142e-05,0.07999999821186066,13927.919921875
EleutherAI/pythia-70m,50000,step50000,70426624,6,8,41,3,0,0.16675397753715515,0.07999999821186066,13927.919921875
EleutherAI/pythia-70m,50000,step50000,70426624,6,8,41,3,1,0.23790937662124634,0.07999999821186066,13927.919921875
EleutherAI/pythia-70m,50000,step50000,70426624,6,8,41,3,2,0.001944696414284408,0.07999999821186066,13927.919921875
EleutherAI/pythia-70m,50000,step50000,70426624,6,8,41,3,3,0.012828261591494083,0.07999999821186066,13927.919921875
EleutherAI/pythia-70m,50000,step50000,70426624,6,8,41,3,4,0.005729075521230698,0.07999999821186066,13927.919921875
EleutherAI/pythia-70m,50000,step50000,70426624,6,8,41,3,5,0.2559753656387329,0.07999999821186066,13927.919921875
EleutherAI/pythia-70m,50000,step50000,70426624,6,8,41,3,6,0.45437946915626526,0.07999999821186066,13927.919921875
EleutherAI/pythia-70m,50000,step50000,70426624,6,8,41,3,7,0.00991195160895586,0.07999999821186066,13927.919921875
EleutherAI/pythia-70m,50000,step50000,70426624,6,8,41,4,0,0.01366360206156969,0.07999999821186066,13927.919921875
EleutherAI/pythia-70m,50000,step50000,70426624,6,8,41,4,1,0.013272895477712154,0.07999999821186066,13927.919921875
EleutherAI/pythia-70m,50000,step50000,70426624,6,8,41,4,2,0.02304612472653389,0.07999999821186066,13927.919921875
EleutherAI/pythia-70m,50000,step50000,70426624,6,8,41,4,3,0.021223068237304688,0.07999999821186066,13927.919921875
EleutherAI/pythia-70m,50000,step50000,70426624,6,8,41,4,4,0.01330160815268755,0.07999999821186066,13927.919921875
EleutherAI/pythia-70m,50000,step50000,70426624,6,8,41,4,5,0.011107775382697582,0.07999999821186066,13927.919921875
EleutherAI/pythia-70m,50000,step50000,70426624,6,8,41,4,6,0.01689530909061432,0.07999999821186066,13927.919921875
EleutherAI/pythia-70m,50000,step50000,70426624,6,8,41,4,7,0.02522975765168667,0.07999999821186066,13927.919921875
EleutherAI/pythia-70m,50000,step50000,70426624,6,8,41,5,0,0.004210655111819506,0.07999999821186066,13927.919921875
EleutherAI/pythia-70m,50000,step50000,70426624,6,8,41,5,1,0.001810495276004076,0.07999999821186066,13927.919921875
EleutherAI/pythia-70m,50000,step50000,70426624,6,8,41,5,2,0.001969888573512435,0.07999999821186066,13927.919921875
EleutherAI/pythia-70m,50000,step50000,70426624,6,8,41,5,3,0.000825850002001971,0.07999999821186066,13927.919921875
EleutherAI/pythia-70m,50000,step50000,70426624,6,8,41,5,4,0.0011136694811284542,0.07999999821186066,13927.919921875
EleutherAI/pythia-70m,50000,step50000,70426624,6,8,41,5,5,0.0035364674404263496,0.07999999821186066,13927.919921875
EleutherAI/pythia-70m,50000,step50000,70426624,6,8,41,5,6,0.003384122857823968,0.07999999821186066,13927.919921875
EleutherAI/pythia-70m,50000,step50000,70426624,6,8,41,5,7,1.2578690984810237e-05,0.07999999821186066,13927.919921875
EleutherAI/pythia-70m,50000,step50000,70426624,6,8,42,0,0,0.006838615983724594,0.3199999928474426,10396.0400390625
EleutherAI/pythia-70m,50000,step50000,70426624,6,8,42,0,1,0.0002902256674133241,0.3199999928474426,10396.0400390625
EleutherAI/pythia-70m,50000,step50000,70426624,6,8,42,0,2,0.009288354776799679,0.3199999928474426,10396.0400390625
EleutherAI/pythia-70m,50000,step50000,70426624,6,8,42,0,3,0.001164590590633452,0.3199999928474426,10396.0400390625
EleutherAI/pythia-70m,50000,step50000,70426624,6,8,42,0,4,0.0011129644699394703,0.3199999928474426,10396.0400390625
EleutherAI/pythia-70m,50000,step50000,70426624,6,8,42,0,5,0.002365949796512723,0.3199999928474426,10396.0400390625
EleutherAI/pythia-70m,50000,step50000,70426624,6,8,42,0,6,0.009561984799802303,0.3199999928474426,10396.0400390625
EleutherAI/pythia-70m,50000,step50000,70426624,6,8,42,0,7,0.0016453915741294622,0.3199999928474426,10396.0400390625
EleutherAI/pythia-70m,50000,step50000,70426624,6,8,42,1,0,0.008854268118739128,0.3199999928474426,10396.0400390625
EleutherAI/pythia-70m,50000,step50000,70426624,6,8,42,1,1,7.370892126346007e-05,0.3199999928474426,10396.0400390625
EleutherAI/pythia-70m,50000,step50000,70426624,6,8,42,1,2,0.0006671602022834122,0.3199999928474426,10396.0400390625
EleutherAI/pythia-70m,50000,step50000,70426624,6,8,42,1,3,3.265280247433111e-05,0.3199999928474426,10396.0400390625
EleutherAI/pythia-70m,50000,step50000,70426624,6,8,42,1,4,0.008810521103441715,0.3199999928474426,10396.0400390625
EleutherAI/pythia-70m,50000,step50000,70426624,6,8,42,1,5,0.0017231443198397756,0.3199999928474426,10396.0400390625
EleutherAI/pythia-70m,50000,step50000,70426624,6,8,42,1,6,0.003980847541242838,0.3199999928474426,10396.0400390625
EleutherAI/pythia-70m,50000,step50000,70426624,6,8,42,1,7,0.0024247581604868174,0.3199999928474426,10396.0400390625
EleutherAI/pythia-70m,50000,step50000,70426624,6,8,42,2,0,0.0014678892912343144,0.3199999928474426,10396.0400390625
EleutherAI/pythia-70m,50000,step50000,70426624,6,8,42,2,1,6.37175937012735e-11,0.3199999928474426,10396.0400390625
EleutherAI/pythia-70m,50000,step50000,70426624,6,8,42,2,2,0.0020049409940838814,0.3199999928474426,10396.0400390625
EleutherAI/pythia-70m,50000,step50000,70426624,6,8,42,2,3,0.0027779757510870695,0.3199999928474426,10396.0400390625
EleutherAI/pythia-70m,50000,step50000,70426624,6,8,42,2,4,1.347405486740172e-06,0.3199999928474426,10396.0400390625
EleutherAI/pythia-70m,50000,step50000,70426624,6,8,42,2,5,0.016431061550974846,0.3199999928474426,10396.0400390625
EleutherAI/pythia-70m,50000,step50000,70426624,6,8,42,2,6,0.012440629303455353,0.3199999928474426,10396.0400390625
EleutherAI/pythia-70m,50000,step50000,70426624,6,8,42,2,7,1.220254216605099e-05,0.3199999928474426,10396.0400390625
EleutherAI/pythia-70m,50000,step50000,70426624,6,8,42,3,0,0.2850201725959778,0.3199999928474426,10396.0400390625
EleutherAI/pythia-70m,50000,step50000,70426624,6,8,42,3,1,0.44156113266944885,0.3199999928474426,10396.0400390625
EleutherAI/pythia-70m,50000,step50000,70426624,6,8,42,3,2,0.002348873997107148,0.3199999928474426,10396.0400390625
EleutherAI/pythia-70m,50000,step50000,70426624,6,8,42,3,3,0.018767450004816055,0.3199999928474426,10396.0400390625
EleutherAI/pythia-70m,50000,step50000,70426624,6,8,42,3,4,0.007222692482173443,0.3199999928474426,10396.0400390625
EleutherAI/pythia-70m,50000,step50000,70426624,6,8,42,3,5,0.41744834184646606,0.3199999928474426,10396.0400390625
EleutherAI/pythia-70m,50000,step50000,70426624,6,8,42,3,6,0.5733461976051331,0.3199999928474426,10396.0400390625
EleutherAI/pythia-70m,50000,step50000,70426624,6,8,42,3,7,0.014543143101036549,0.3199999928474426,10396.0400390625
EleutherAI/pythia-70m,50000,step50000,70426624,6,8,42,4,0,0.018676279112696648,0.3199999928474426,10396.0400390625
EleutherAI/pythia-70m,50000,step50000,70426624,6,8,42,4,1,0.02468086965382099,0.3199999928474426,10396.0400390625
EleutherAI/pythia-70m,50000,step50000,70426624,6,8,42,4,2,0.03472438454627991,0.3199999928474426,10396.0400390625
EleutherAI/pythia-70m,50000,step50000,70426624,6,8,42,4,3,0.032645970582962036,0.3199999928474426,10396.0400390625
EleutherAI/pythia-70m,50000,step50000,70426624,6,8,42,4,4,0.020275454968214035,0.3199999928474426,10396.0400390625
EleutherAI/pythia-70m,50000,step50000,70426624,6,8,42,4,5,0.01328849047422409,0.3199999928474426,10396.0400390625
EleutherAI/pythia-70m,50000,step50000,70426624,6,8,42,4,6,0.03295685723423958,0.3199999928474426,10396.0400390625
EleutherAI/pythia-70m,50000,step50000,70426624,6,8,42,4,7,0.04169458523392677,0.3199999928474426,10396.0400390625
EleutherAI/pythia-70m,50000,step50000,70426624,6,8,42,5,0,0.011038530617952347,0.3199999928474426,10396.0400390625
EleutherAI/pythia-70m,50000,step50000,70426624,6,8,42,5,1,0.0017294996650889516,0.3199999928474426,10396.0400390625
EleutherAI/pythia-70m,50000,step50000,70426624,6,8,42,5,2,0.003008167492225766,0.3199999928474426,10396.0400390625
EleutherAI/pythia-70m,50000,step50000,70426624,6,8,42,5,3,0.0002857609943021089,0.3199999928474426,10396.0400390625
EleutherAI/pythia-70m,50000,step50000,70426624,6,8,42,5,4,0.0025798820424824953,0.3199999928474426,10396.0400390625
EleutherAI/pythia-70m,50000,step50000,70426624,6,8,42,5,5,0.0075350613333284855,0.3199999928474426,10396.0400390625
EleutherAI/pythia-70m,50000,step50000,70426624,6,8,42,5,6,0.010770615190267563,0.3199999928474426,10396.0400390625
EleutherAI/pythia-70m,50000,step50000,70426624,6,8,42,5,7,8.93940705282148e-06,0.3199999928474426,10396.0400390625
EleutherAI/pythia-70m,50000,step50000,70426624,6,8,43,0,0,0.006474900059401989,0.14000000059604645,14258.6796875
EleutherAI/pythia-70m,50000,step50000,70426624,6,8,43,0,1,0.00046054660924710333,0.14000000059604645,14258.6796875
EleutherAI/pythia-70m,50000,step50000,70426624,6,8,43,0,2,0.012575644068419933,0.14000000059604645,14258.6796875
EleutherAI/pythia-70m,50000,step50000,70426624,6,8,43,0,3,0.0013606022112071514,0.14000000059604645,14258.6796875
EleutherAI/pythia-70m,50000,step50000,70426624,6,8,43,0,4,0.0009393944055773318,0.14000000059604645,14258.6796875
EleutherAI/pythia-70m,50000,step50000,70426624,6,8,43,0,5,1.4101558917900547e-05,0.14000000059604645,14258.6796875
EleutherAI/pythia-70m,50000,step50000,70426624,6,8,43,0,6,0.008393610827624798,0.14000000059604645,14258.6796875
EleutherAI/pythia-70m,50000,step50000,70426624,6,8,43,0,7,0.0028391648083925247,0.14000000059604645,14258.6796875
EleutherAI/pythia-70m,50000,step50000,70426624,6,8,43,1,0,0.008217807859182358,0.14000000059604645,14258.6796875
EleutherAI/pythia-70m,50000,step50000,70426624,6,8,43,1,1,5.196265919948928e-05,0.14000000059604645,14258.6796875
EleutherAI/pythia-70m,50000,step50000,70426624,6,8,43,1,2,0.0008851845632307231,0.14000000059604645,14258.6796875
EleutherAI/pythia-70m,50000,step50000,70426624,6,8,43,1,3,9.777814739209134e-06,0.14000000059604645,14258.6796875
EleutherAI/pythia-70m,50000,step50000,70426624,6,8,43,1,4,0.0074785673059523106,0.14000000059604645,14258.6796875
EleutherAI/pythia-70m,50000,step50000,70426624,6,8,43,1,5,0.000792113016359508,0.14000000059604645,14258.6796875
EleutherAI/pythia-70m,50000,step50000,70426624,6,8,43,1,6,0.002455097623169422,0.14000000059604645,14258.6796875
EleutherAI/pythia-70m,50000,step50000,70426624,6,8,43,1,7,0.0026825154200196266,0.14000000059604645,14258.6796875
EleutherAI/pythia-70m,50000,step50000,70426624,6,8,43,2,0,0.0026292852126061916,0.14000000059604645,14258.6796875
EleutherAI/pythia-70m,50000,step50000,70426624,6,8,43,2,1,1.4071549481187162e-10,0.14000000059604645,14258.6796875
EleutherAI/pythia-70m,50000,step50000,70426624,6,8,43,2,2,0.001954690320417285,0.14000000059604645,14258.6796875
EleutherAI/pythia-70m,50000,step50000,70426624,6,8,43,2,3,0.0014880106318742037,0.14000000059604645,14258.6796875
EleutherAI/pythia-70m,50000,step50000,70426624,6,8,43,2,4,3.6787612771149725e-05,0.14000000059604645,14258.6796875
EleutherAI/pythia-70m,50000,step50000,70426624,6,8,43,2,5,0.012150807306170464,0.14000000059604645,14258.6796875
EleutherAI/pythia-70m,50000,step50000,70426624,6,8,43,2,6,0.008850551210343838,0.14000000059604645,14258.6796875
EleutherAI/pythia-70m,50000,step50000,70426624,6,8,43,2,7,1.265564606001135e-05,0.14000000059604645,14258.6796875
EleutherAI/pythia-70m,50000,step50000,70426624,6,8,43,3,0,0.138837069272995,0.14000000059604645,14258.6796875
EleutherAI/pythia-70m,50000,step50000,70426624,6,8,43,3,1,0.23262356221675873,0.14000000059604645,14258.6796875
EleutherAI/pythia-70m,50000,step50000,70426624,6,8,43,3,2,0.001942475326359272,0.14000000059604645,14258.6796875
EleutherAI/pythia-70m,50000,step50000,70426624,6,8,43,3,3,0.013059408403933048,0.14000000059604645,14258.6796875
EleutherAI/pythia-70m,50000,step50000,70426624,6,8,43,3,4,0.00531725725159049,0.14000000059604645,14258.6796875
EleutherAI/pythia-70m,50000,step50000,70426624,6,8,43,3,5,0.23927722871303558,0.14000000059604645,14258.6796875
EleutherAI/pythia-70m,50000,step50000,70426624,6,8,43,3,6,0.4356885254383087,0.14000000059604645,14258.6796875
EleutherAI/pythia-70m,50000,step50000,70426624,6,8,43,3,7,0.010142778046429157,0.14000000059604645,14258.6796875
EleutherAI/pythia-70m,50000,step50000,70426624,6,8,43,4,0,0.01189736369997263,0.14000000059604645,14258.6796875
EleutherAI/pythia-70m,50000,step50000,70426624,6,8,43,4,1,0.01248278096318245,0.14000000059604645,14258.6796875
EleutherAI/pythia-70m,50000,step50000,70426624,6,8,43,4,2,0.020107664167881012,0.14000000059604645,14258.6796875
EleutherAI/pythia-70m,50000,step50000,70426624,6,8,43,4,3,0.020485887303948402,0.14000000059604645,14258.6796875
EleutherAI/pythia-70m,50000,step50000,70426624,6,8,43,4,4,0.014265161007642746,0.14000000059604645,14258.6796875
EleutherAI/pythia-70m,50000,step50000,70426624,6,8,43,4,5,0.00960925966501236,0.14000000059604645,14258.6796875
EleutherAI/pythia-70m,50000,step50000,70426624,6,8,43,4,6,0.016976628452539444,0.14000000059604645,14258.6796875
EleutherAI/pythia-70m,50000,step50000,70426624,6,8,43,4,7,0.02436995506286621,0.14000000059604645,14258.6796875
EleutherAI/pythia-70m,50000,step50000,70426624,6,8,43,5,0,0.007512479554861784,0.14000000059604645,14258.6796875
EleutherAI/pythia-70m,50000,step50000,70426624,6,8,43,5,1,0.0019095735624432564,0.14000000059604645,14258.6796875
EleutherAI/pythia-70m,50000,step50000,70426624,6,8,43,5,2,0.006484003271907568,0.14000000059604645,14258.6796875
EleutherAI/pythia-70m,50000,step50000,70426624,6,8,43,5,3,0.0011178762651979923,0.14000000059604645,14258.6796875
EleutherAI/pythia-70m,50000,step50000,70426624,6,8,43,5,4,0.0013420304749161005,0.14000000059604645,14258.6796875
EleutherAI/pythia-70m,50000,step50000,70426624,6,8,43,5,5,0.004011828918009996,0.14000000059604645,14258.6796875
EleutherAI/pythia-70m,50000,step50000,70426624,6,8,43,5,6,0.005942468531429768,0.14000000059604645,14258.6796875
EleutherAI/pythia-70m,50000,step50000,70426624,6,8,43,5,7,1.8798853488988243e-05,0.14000000059604645,14258.6796875
EleutherAI/pythia-70m,50000,step50000,70426624,6,8,44,0,0,0.008676725439727306,0.05999999865889549,13095.6796875
EleutherAI/pythia-70m,50000,step50000,70426624,6,8,44,0,1,0.0005288225947879255,0.05999999865889549,13095.6796875
EleutherAI/pythia-70m,50000,step50000,70426624,6,8,44,0,2,0.007454748265445232,0.05999999865889549,13095.6796875
EleutherAI/pythia-70m,50000,step50000,70426624,6,8,44,0,3,0.0007902256911620498,0.05999999865889549,13095.6796875
EleutherAI/pythia-70m,50000,step50000,70426624,6,8,44,0,4,0.0004452222492545843,0.05999999865889549,13095.6796875
EleutherAI/pythia-70m,50000,step50000,70426624,6,8,44,0,5,0.0015724897384643555,0.05999999865889549,13095.6796875
EleutherAI/pythia-70m,50000,step50000,70426624,6,8,44,0,6,0.009073395282030106,0.05999999865889549,13095.6796875
EleutherAI/pythia-70m,50000,step50000,70426624,6,8,44,0,7,0.014945540577173233,0.05999999865889549,13095.6796875
EleutherAI/pythia-70m,50000,step50000,70426624,6,8,44,1,0,0.008908949792385101,0.05999999865889549,13095.6796875
EleutherAI/pythia-70m,50000,step50000,70426624,6,8,44,1,1,1.845259430410806e-05,0.05999999865889549,13095.6796875
EleutherAI/pythia-70m,50000,step50000,70426624,6,8,44,1,2,0.00020681374007835984,0.05999999865889549,13095.6796875
EleutherAI/pythia-70m,50000,step50000,70426624,6,8,44,1,3,7.993183317012154e-06,0.05999999865889549,13095.6796875
EleutherAI/pythia-70m,50000,step50000,70426624,6,8,44,1,4,0.0064605711959302425,0.05999999865889549,13095.6796875
EleutherAI/pythia-70m,50000,step50000,70426624,6,8,44,1,5,0.001476061181165278,0.05999999865889549,13095.6796875
EleutherAI/pythia-70m,50000,step50000,70426624,6,8,44,1,6,0.0022137050982564688,0.05999999865889549,13095.6796875
EleutherAI/pythia-70m,50000,step50000,70426624,6,8,44,1,7,0.0007181543041951954,0.05999999865889549,13095.6796875
EleutherAI/pythia-70m,50000,step50000,70426624,6,8,44,2,0,0.0018121313769370317,0.05999999865889549,13095.6796875
EleutherAI/pythia-70m,50000,step50000,70426624,6,8,44,2,1,6.772423177814346e-10,0.05999999865889549,13095.6796875
EleutherAI/pythia-70m,50000,step50000,70426624,6,8,44,2,2,0.0025838667061179876,0.05999999865889549,13095.6796875
EleutherAI/pythia-70m,50000,step50000,70426624,6,8,44,2,3,0.002085740678012371,0.05999999865889549,13095.6796875
EleutherAI/pythia-70m,50000,step50000,70426624,6,8,44,2,4,3.091712642344646e-06,0.05999999865889549,13095.6796875
EleutherAI/pythia-70m,50000,step50000,70426624,6,8,44,2,5,0.01115616224706173,0.05999999865889549,13095.6796875
EleutherAI/pythia-70m,50000,step50000,70426624,6,8,44,2,6,0.0073637147434055805,0.05999999865889549,13095.6796875
EleutherAI/pythia-70m,50000,step50000,70426624,6,8,44,2,7,2.0479126760619693e-05,0.05999999865889549,13095.6796875
EleutherAI/pythia-70m,50000,step50000,70426624,6,8,44,3,0,0.13649040460586548,0.05999999865889549,13095.6796875
EleutherAI/pythia-70m,50000,step50000,70426624,6,8,44,3,1,0.2756483554840088,0.05999999865889549,13095.6796875
EleutherAI/pythia-70m,50000,step50000,70426624,6,8,44,3,2,0.002085871761664748,0.05999999865889549,13095.6796875
EleutherAI/pythia-70m,50000,step50000,70426624,6,8,44,3,3,0.01327255368232727,0.05999999865889549,13095.6796875
EleutherAI/pythia-70m,50000,step50000,70426624,6,8,44,3,4,0.005988826043903828,0.05999999865889549,13095.6796875
EleutherAI/pythia-70m,50000,step50000,70426624,6,8,44,3,5,0.29889219999313354,0.05999999865889549,13095.6796875
EleutherAI/pythia-70m,50000,step50000,70426624,6,8,44,3,6,0.4413467347621918,0.05999999865889549,13095.6796875
EleutherAI/pythia-70m,50000,step50000,70426624,6,8,44,3,7,0.010709852911531925,0.05999999865889549,13095.6796875
EleutherAI/pythia-70m,50000,step50000,70426624,6,8,44,4,0,0.011891615577042103,0.05999999865889549,13095.6796875
EleutherAI/pythia-70m,50000,step50000,70426624,6,8,44,4,1,0.013523152098059654,0.05999999865889549,13095.6796875
EleutherAI/pythia-70m,50000,step50000,70426624,6,8,44,4,2,0.01915990561246872,0.05999999865889549,13095.6796875
EleutherAI/pythia-70m,50000,step50000,70426624,6,8,44,4,3,0.02239389158785343,0.05999999865889549,13095.6796875
EleutherAI/pythia-70m,50000,step50000,70426624,6,8,44,4,4,0.013583697378635406,0.05999999865889549,13095.6796875
EleutherAI/pythia-70m,50000,step50000,70426624,6,8,44,4,5,0.010615784674882889,0.05999999865889549,13095.6796875
EleutherAI/pythia-70m,50000,step50000,70426624,6,8,44,4,6,0.017068462446331978,0.05999999865889549,13095.6796875
EleutherAI/pythia-70m,50000,step50000,70426624,6,8,44,4,7,0.01984497159719467,0.05999999865889549,13095.6796875
EleutherAI/pythia-70m,50000,step50000,70426624,6,8,44,5,0,0.005963933654129505,0.05999999865889549,13095.6796875
EleutherAI/pythia-70m,50000,step50000,70426624,6,8,44,5,1,0.0018031352665275335,0.05999999865889549,13095.6796875
EleutherAI/pythia-70m,50000,step50000,70426624,6,8,44,5,2,0.002844523871317506,0.05999999865889549,13095.6796875
EleutherAI/pythia-70m,50000,step50000,70426624,6,8,44,5,3,0.0010970315197482705,0.05999999865889549,13095.6796875
EleutherAI/pythia-70m,50000,step50000,70426624,6,8,44,5,4,0.0037383961025625467,0.05999999865889549,13095.6796875
EleutherAI/pythia-70m,50000,step50000,70426624,6,8,44,5,5,0.007662828546017408,0.05999999865889549,13095.6796875
EleutherAI/pythia-70m,50000,step50000,70426624,6,8,44,5,6,0.006896972190588713,0.05999999865889549,13095.6796875
EleutherAI/pythia-70m,50000,step50000,70426624,6,8,44,5,7,1.8965911294799298e-05,0.05999999865889549,13095.6796875
EleutherAI/pythia-70m,50000,step50000,70426624,6,8,45,0,0,0.007772037759423256,0.2800000011920929,13091.900390625
EleutherAI/pythia-70m,50000,step50000,70426624,6,8,45,0,1,0.00060700299218297,0.2800000011920929,13091.900390625
EleutherAI/pythia-70m,50000,step50000,70426624,6,8,45,0,2,0.00899733230471611,0.2800000011920929,13091.900390625
EleutherAI/pythia-70m,50000,step50000,70426624,6,8,45,0,3,0.00048205358325503767,0.2800000011920929,13091.900390625
EleutherAI/pythia-70m,50000,step50000,70426624,6,8,45,0,4,0.0007978474604897201,0.2800000011920929,13091.900390625
EleutherAI/pythia-70m,50000,step50000,70426624,6,8,45,0,5,0.003990894183516502,0.2800000011920929,13091.900390625
EleutherAI/pythia-70m,50000,step50000,70426624,6,8,45,0,6,0.0073165688663721085,0.2800000011920929,13091.900390625
EleutherAI/pythia-70m,50000,step50000,70426624,6,8,45,0,7,0.003292857436463237,0.2800000011920929,13091.900390625
EleutherAI/pythia-70m,50000,step50000,70426624,6,8,45,1,0,0.009697220288217068,0.2800000011920929,13091.900390625
EleutherAI/pythia-70m,50000,step50000,70426624,6,8,45,1,1,4.971252928953618e-05,0.2800000011920929,13091.900390625
EleutherAI/pythia-70m,50000,step50000,70426624,6,8,45,1,2,0.00015843143046367913,0.2800000011920929,13091.900390625
EleutherAI/pythia-70m,50000,step50000,70426624,6,8,45,1,3,3.126101773887058e-06,0.2800000011920929,13091.900390625
EleutherAI/pythia-70m,50000,step50000,70426624,6,8,45,1,4,0.00767417112365365,0.2800000011920929,13091.900390625
EleutherAI/pythia-70m,50000,step50000,70426624,6,8,45,1,5,0.0018665377283468843,0.2800000011920929,13091.900390625
EleutherAI/pythia-70m,50000,step50000,70426624,6,8,45,1,6,0.00534446956589818,0.2800000011920929,13091.900390625
EleutherAI/pythia-70m,50000,step50000,70426624,6,8,45,1,7,0.000856701226439327,0.2800000011920929,13091.900390625
EleutherAI/pythia-70m,50000,step50000,70426624,6,8,45,2,0,0.002035746816545725,0.2800000011920929,13091.900390625
EleutherAI/pythia-70m,50000,step50000,70426624,6,8,45,2,1,4.162792333062271e-11,0.2800000011920929,13091.900390625
EleutherAI/pythia-70m,50000,step50000,70426624,6,8,45,2,2,0.002623904263600707,0.2800000011920929,13091.900390625
EleutherAI/pythia-70m,50000,step50000,70426624,6,8,45,2,3,0.0022519684862345457,0.2800000011920929,13091.900390625
EleutherAI/pythia-70m,50000,step50000,70426624,6,8,45,2,4,9.478347919866792e-07,0.2800000011920929,13091.900390625
EleutherAI/pythia-70m,50000,step50000,70426624,6,8,45,2,5,0.013110768049955368,0.2800000011920929,13091.900390625
EleutherAI/pythia-70m,50000,step50000,70426624,6,8,45,2,6,0.009188449010252953,0.2800000011920929,13091.900390625
EleutherAI/pythia-70m,50000,step50000,70426624,6,8,45,2,7,9.622646757634357e-06,0.2800000011920929,13091.900390625
EleutherAI/pythia-70m,50000,step50000,70426624,6,8,45,3,0,0.20943541824817657,0.2800000011920929,13091.900390625
EleutherAI/pythia-70m,50000,step50000,70426624,6,8,45,3,1,0.3806896209716797,0.2800000011920929,13091.900390625
EleutherAI/pythia-70m,50000,step50000,70426624,6,8,45,3,2,0.0025949336122721434,0.2800000011920929,13091.900390625
EleutherAI/pythia-70m,50000,step50000,70426624,6,8,45,3,3,0.018700720742344856,0.2800000011920929,13091.900390625
EleutherAI/pythia-70m,50000,step50000,70426624,6,8,45,3,4,0.0075564319267869,0.2800000011920929,13091.900390625
EleutherAI/pythia-70m,50000,step50000,70426624,6,8,45,3,5,0.41484901309013367,0.2800000011920929,13091.900390625
EleutherAI/pythia-70m,50000,step50000,70426624,6,8,45,3,6,0.5550878047943115,0.2800000011920929,13091.900390625
EleutherAI/pythia-70m,50000,step50000,70426624,6,8,45,3,7,0.013114839792251587,0.2800000011920929,13091.900390625
EleutherAI/pythia-70m,50000,step50000,70426624,6,8,45,4,0,0.013977334834635258,0.2800000011920929,13091.900390625
EleutherAI/pythia-70m,50000,step50000,70426624,6,8,45,4,1,0.01783565804362297,0.2800000011920929,13091.900390625
EleutherAI/pythia-70m,50000,step50000,70426624,6,8,45,4,2,0.031254466623067856,0.2800000011920929,13091.900390625
EleutherAI/pythia-70m,50000,step50000,70426624,6,8,45,4,3,0.022127710282802582,0.2800000011920929,13091.900390625
EleutherAI/pythia-70m,50000,step50000,70426624,6,8,45,4,4,0.015881532803177834,0.2800000011920929,13091.900390625
EleutherAI/pythia-70m,50000,step50000,70426624,6,8,45,4,5,0.010311364196240902,0.2800000011920929,13091.900390625
EleutherAI/pythia-70m,50000,step50000,70426624,6,8,45,4,6,0.025409257039427757,0.2800000011920929,13091.900390625
EleutherAI/pythia-70m,50000,step50000,70426624,6,8,45,4,7,0.030902937054634094,0.2800000011920929,13091.900390625
EleutherAI/pythia-70m,50000,step50000,70426624,6,8,45,5,0,0.010532699525356293,0.2800000011920929,13091.900390625
EleutherAI/pythia-70m,50000,step50000,70426624,6,8,45,5,1,0.0012217318871989846,0.2800000011920929,13091.900390625
EleutherAI/pythia-70m,50000,step50000,70426624,6,8,45,5,2,0.002768576378002763,0.2800000011920929,13091.900390625
EleutherAI/pythia-70m,50000,step50000,70426624,6,8,45,5,3,0.00021978197037242353,0.2800000011920929,13091.900390625
EleutherAI/pythia-70m,50000,step50000,70426624,6,8,45,5,4,0.0023395437747240067,0.2800000011920929,13091.900390625
EleutherAI/pythia-70m,50000,step50000,70426624,6,8,45,5,5,0.006454608868807554,0.2800000011920929,13091.900390625
EleutherAI/pythia-70m,50000,step50000,70426624,6,8,45,5,6,0.006730565335601568,0.2800000011920929,13091.900390625
EleutherAI/pythia-70m,50000,step50000,70426624,6,8,45,5,7,1.559098564030137e-05,0.2800000011920929,13091.900390625
EleutherAI/pythia-70m,50000,step50000,70426624,6,8,46,0,0,0.006251083221286535,0.07999999821186066,14965.5
EleutherAI/pythia-70m,50000,step50000,70426624,6,8,46,0,1,0.0004176167421974242,0.07999999821186066,14965.5
EleutherAI/pythia-70m,50000,step50000,70426624,6,8,46,0,2,0.007610426750034094,0.07999999821186066,14965.5
EleutherAI/pythia-70m,50000,step50000,70426624,6,8,46,0,3,0.0017750695114955306,0.07999999821186066,14965.5
EleutherAI/pythia-70m,50000,step50000,70426624,6,8,46,0,4,0.000642493658233434,0.07999999821186066,14965.5
EleutherAI/pythia-70m,50000,step50000,70426624,6,8,46,0,5,6.946331996005028e-05,0.07999999821186066,14965.5
EleutherAI/pythia-70m,50000,step50000,70426624,6,8,46,0,6,0.00800441112369299,0.07999999821186066,14965.5
EleutherAI/pythia-70m,50000,step50000,70426624,6,8,46,0,7,0.000639619305729866,0.07999999821186066,14965.5
EleutherAI/pythia-70m,50000,step50000,70426624,6,8,46,1,0,0.0059585957787930965,0.07999999821186066,14965.5
EleutherAI/pythia-70m,50000,step50000,70426624,6,8,46,1,1,5.860605597263202e-05,0.07999999821186066,14965.5
EleutherAI/pythia-70m,50000,step50000,70426624,6,8,46,1,2,0.0003718389489222318,0.07999999821186066,14965.5
EleutherAI/pythia-70m,50000,step50000,70426624,6,8,46,1,3,3.0193848942872137e-05,0.07999999821186066,14965.5
EleutherAI/pythia-70m,50000,step50000,70426624,6,8,46,1,4,0.006134188733994961,0.07999999821186066,14965.5
EleutherAI/pythia-70m,50000,step50000,70426624,6,8,46,1,5,0.0013716149842366576,0.07999999821186066,14965.5
EleutherAI/pythia-70m,50000,step50000,70426624,6,8,46,1,6,0.0013691525673493743,0.07999999821186066,14965.5
EleutherAI/pythia-70m,50000,step50000,70426624,6,8,46,1,7,0.0010627113515511155,0.07999999821186066,14965.5
EleutherAI/pythia-70m,50000,step50000,70426624,6,8,46,2,0,0.0021503218449652195,0.07999999821186066,14965.5
EleutherAI/pythia-70m,50000,step50000,70426624,6,8,46,2,1,1.1296281271500064e-10,0.07999999821186066,14965.5
EleutherAI/pythia-70m,50000,step50000,70426624,6,8,46,2,2,0.0027599064633250237,0.07999999821186066,14965.5
EleutherAI/pythia-70m,50000,step50000,70426624,6,8,46,2,3,0.003565940074622631,0.07999999821186066,14965.5
EleutherAI/pythia-70m,50000,step50000,70426624,6,8,46,2,4,3.6153819564788137e-06,0.07999999821186066,14965.5
EleutherAI/pythia-70m,50000,step50000,70426624,6,8,46,2,5,0.013899687677621841,0.07999999821186066,14965.5
EleutherAI/pythia-70m,50000,step50000,70426624,6,8,46,2,6,0.00771367410197854,0.07999999821186066,14965.5
EleutherAI/pythia-70m,50000,step50000,70426624,6,8,46,2,7,2.7822356059914455e-05,0.07999999821186066,14965.5
EleutherAI/pythia-70m,50000,step50000,70426624,6,8,46,3,0,0.10403075814247131,0.07999999821186066,14965.5
EleutherAI/pythia-70m,50000,step50000,70426624,6,8,46,3,1,0.24264776706695557,0.07999999821186066,14965.5
EleutherAI/pythia-70m,50000,step50000,70426624,6,8,46,3,2,0.003258293494582176,0.07999999821186066,14965.5
EleutherAI/pythia-70m,50000,step50000,70426624,6,8,46,3,3,0.01412622258067131,0.07999999821186066,14965.5
EleutherAI/pythia-70m,50000,step50000,70426624,6,8,46,3,4,0.006683263927698135,0.07999999821186066,14965.5
EleutherAI/pythia-70m,50000,step50000,70426624,6,8,46,3,5,0.288547545671463,0.07999999821186066,14965.5
EleutherAI/pythia-70m,50000,step50000,70426624,6,8,46,3,6,0.42656490206718445,0.07999999821186066,14965.5
EleutherAI/pythia-70m,50000,step50000,70426624,6,8,46,3,7,0.012020030990242958,0.07999999821186066,14965.5
EleutherAI/pythia-70m,50000,step50000,70426624,6,8,46,4,0,0.014046933501958847,0.07999999821186066,14965.5
EleutherAI/pythia-70m,50000,step50000,70426624,6,8,46,4,1,0.015584907494485378,0.07999999821186066,14965.5
EleutherAI/pythia-70m,50000,step50000,70426624,6,8,46,4,2,0.02366453967988491,0.07999999821186066,14965.5
EleutherAI/pythia-70m,50000,step50000,70426624,6,8,46,4,3,0.019661303609609604,0.07999999821186066,14965.5
EleutherAI/pythia-70m,50000,step50000,70426624,6,8,46,4,4,0.017288174480199814,0.07999999821186066,14965.5
EleutherAI/pythia-70m,50000,step50000,70426624,6,8,46,4,5,0.012409994378685951,0.07999999821186066,14965.5
EleutherAI/pythia-70m,50000,step50000,70426624,6,8,46,4,6,0.021121179684996605,0.07999999821186066,14965.5
EleutherAI/pythia-70m,50000,step50000,70426624,6,8,46,4,7,0.025123734027147293,0.07999999821186066,14965.5
EleutherAI/pythia-70m,50000,step50000,70426624,6,8,46,5,0,0.011012677103281021,0.07999999821186066,14965.5
EleutherAI/pythia-70m,50000,step50000,70426624,6,8,46,5,1,0.0019480757182464004,0.07999999821186066,14965.5
EleutherAI/pythia-70m,50000,step50000,70426624,6,8,46,5,2,0.010720081627368927,0.07999999821186066,14965.5
EleutherAI/pythia-70m,50000,step50000,70426624,6,8,46,5,3,0.0012797493254765868,0.07999999821186066,14965.5
EleutherAI/pythia-70m,50000,step50000,70426624,6,8,46,5,4,0.007412381935864687,0.07999999821186066,14965.5
EleutherAI/pythia-70m,50000,step50000,70426624,6,8,46,5,5,0.006891150958836079,0.07999999821186066,14965.5
EleutherAI/pythia-70m,50000,step50000,70426624,6,8,46,5,6,0.006163493264466524,0.07999999821186066,14965.5
EleutherAI/pythia-70m,50000,step50000,70426624,6,8,46,5,7,1.739515755616594e-05,0.07999999821186066,14965.5
EleutherAI/pythia-70m,50000,step50000,70426624,6,8,47,0,0,0.007720067631453276,0.30000001192092896,9241.9599609375
EleutherAI/pythia-70m,50000,step50000,70426624,6,8,47,0,1,0.0006594476290047169,0.30000001192092896,9241.9599609375
EleutherAI/pythia-70m,50000,step50000,70426624,6,8,47,0,2,0.012526875361800194,0.30000001192092896,9241.9599609375
EleutherAI/pythia-70m,50000,step50000,70426624,6,8,47,0,3,0.001410969067364931,0.30000001192092896,9241.9599609375
EleutherAI/pythia-70m,50000,step50000,70426624,6,8,47,0,4,0.0021454235538840294,0.30000001192092896,9241.9599609375
EleutherAI/pythia-70m,50000,step50000,70426624,6,8,47,0,5,7.543016545241699e-05,0.30000001192092896,9241.9599609375
EleutherAI/pythia-70m,50000,step50000,70426624,6,8,47,0,6,0.011178353801369667,0.30000001192092896,9241.9599609375
EleutherAI/pythia-70m,50000,step50000,70426624,6,8,47,0,7,0.002702155150473118,0.30000001192092896,9241.9599609375
EleutherAI/pythia-70m,50000,step50000,70426624,6,8,47,1,0,0.008900273591279984,0.30000001192092896,9241.9599609375
EleutherAI/pythia-70m,50000,step50000,70426624,6,8,47,1,1,7.136648491723463e-05,0.30000001192092896,9241.9599609375
EleutherAI/pythia-70m,50000,step50000,70426624,6,8,47,1,2,0.0005070678889751434,0.30000001192092896,9241.9599609375
EleutherAI/pythia-70m,50000,step50000,70426624,6,8,47,1,3,6.742132427461911e-06,0.30000001192092896,9241.9599609375
EleutherAI/pythia-70m,50000,step50000,70426624,6,8,47,1,4,0.010620780289173126,0.30000001192092896,9241.9599609375
EleutherAI/pythia-70m,50000,step50000,70426624,6,8,47,1,5,0.001900465227663517,0.30000001192092896,9241.9599609375
EleutherAI/pythia-70m,50000,step50000,70426624,6,8,47,1,6,0.004632791504263878,0.30000001192092896,9241.9599609375
EleutherAI/pythia-70m,50000,step50000,70426624,6,8,47,1,7,0.002672152826562524,0.30000001192092896,9241.9599609375
EleutherAI/pythia-70m,50000,step50000,70426624,6,8,47,2,0,0.0030679339542984962,0.30000001192092896,9241.9599609375
EleutherAI/pythia-70m,50000,step50000,70426624,6,8,47,2,1,6.326018181512794e-11,0.30000001192092896,9241.9599609375
EleutherAI/pythia-70m,50000,step50000,70426624,6,8,47,2,2,0.002402497921139002,0.30000001192092896,9241.9599609375
EleutherAI/pythia-70m,50000,step50000,70426624,6,8,47,2,3,0.002057465957477689,0.30000001192092896,9241.9599609375
EleutherAI/pythia-70m,50000,step50000,70426624,6,8,47,2,4,5.35840263182763e-06,0.30000001192092896,9241.9599609375
EleutherAI/pythia-70m,50000,step50000,70426624,6,8,47,2,5,0.014867660589516163,0.30000001192092896,9241.9599609375
EleutherAI/pythia-70m,50000,step50000,70426624,6,8,47,2,6,0.01015862263739109,0.30000001192092896,9241.9599609375
EleutherAI/pythia-70m,50000,step50000,70426624,6,8,47,2,7,9.256142220692709e-06,0.30000001192092896,9241.9599609375
EleutherAI/pythia-70m,50000,step50000,70426624,6,8,47,3,0,0.25788605213165283,0.30000001192092896,9241.9599609375
EleutherAI/pythia-70m,50000,step50000,70426624,6,8,47,3,1,0.511203944683075,0.30000001192092896,9241.9599609375
EleutherAI/pythia-70m,50000,step50000,70426624,6,8,47,3,2,0.003511159447953105,0.30000001192092896,9241.9599609375
EleutherAI/pythia-70m,50000,step50000,70426624,6,8,47,3,3,0.0205715112388134,0.30000001192092896,9241.9599609375
EleutherAI/pythia-70m,50000,step50000,70426624,6,8,47,3,4,0.004408558830618858,0.30000001192092896,9241.9599609375
EleutherAI/pythia-70m,50000,step50000,70426624,6,8,47,3,5,0.5341402888298035,0.30000001192092896,9241.9599609375
EleutherAI/pythia-70m,50000,step50000,70426624,6,8,47,3,6,0.7049663662910461,0.30000001192092896,9241.9599609375
EleutherAI/pythia-70m,50000,step50000,70426624,6,8,47,3,7,0.014302699826657772,0.30000001192092896,9241.9599609375
EleutherAI/pythia-70m,50000,step50000,70426624,6,8,47,4,0,0.023964568972587585,0.30000001192092896,9241.9599609375
EleutherAI/pythia-70m,50000,step50000,70426624,6,8,47,4,1,0.023819157853722572,0.30000001192092896,9241.9599609375
EleutherAI/pythia-70m,50000,step50000,70426624,6,8,47,4,2,0.032419148832559586,0.30000001192092896,9241.9599609375
EleutherAI/pythia-70m,50000,step50000,70426624,6,8,47,4,3,0.0397808700799942,0.30000001192092896,9241.9599609375
EleutherAI/pythia-70m,50000,step50000,70426624,6,8,47,4,4,0.021849920973181725,0.30000001192092896,9241.9599609375
EleutherAI/pythia-70m,50000,step50000,70426624,6,8,47,4,5,0.018768835812807083,0.30000001192092896,9241.9599609375
EleutherAI/pythia-70m,50000,step50000,70426624,6,8,47,4,6,0.03188300132751465,0.30000001192092896,9241.9599609375
EleutherAI/pythia-70m,50000,step50000,70426624,6,8,47,4,7,0.03752411529421806,0.30000001192092896,9241.9599609375
EleutherAI/pythia-70m,50000,step50000,70426624,6,8,47,5,0,0.00925412867218256,0.30000001192092896,9241.9599609375
EleutherAI/pythia-70m,50000,step50000,70426624,6,8,47,5,1,0.0016133328899741173,0.30000001192092896,9241.9599609375
EleutherAI/pythia-70m,50000,step50000,70426624,6,8,47,5,2,0.013280291110277176,0.30000001192092896,9241.9599609375
EleutherAI/pythia-70m,50000,step50000,70426624,6,8,47,5,3,0.0020783368963748217,0.30000001192092896,9241.9599609375
EleutherAI/pythia-70m,50000,step50000,70426624,6,8,47,5,4,0.011012017726898193,0.30000001192092896,9241.9599609375
EleutherAI/pythia-70m,50000,step50000,70426624,6,8,47,5,5,0.011378343217074871,0.30000001192092896,9241.9599609375
EleutherAI/pythia-70m,50000,step50000,70426624,6,8,47,5,6,0.0148865832015872,0.30000001192092896,9241.9599609375
EleutherAI/pythia-70m,50000,step50000,70426624,6,8,47,5,7,1.053277537721442e-05,0.30000001192092896,9241.9599609375
EleutherAI/pythia-70m,50000,step50000,70426624,6,8,48,0,0,0.009248804301023483,0.20000000298023224,15549.83984375
EleutherAI/pythia-70m,50000,step50000,70426624,6,8,48,0,1,0.00043546580127440393,0.20000000298023224,15549.83984375
EleutherAI/pythia-70m,50000,step50000,70426624,6,8,48,0,2,0.009730791673064232,0.20000000298023224,15549.83984375
EleutherAI/pythia-70m,50000,step50000,70426624,6,8,48,0,3,0.0006826118915341794,0.20000000298023224,15549.83984375
EleutherAI/pythia-70m,50000,step50000,70426624,6,8,48,0,4,0.002124151913449168,0.20000000298023224,15549.83984375
EleutherAI/pythia-70m,50000,step50000,70426624,6,8,48,0,5,4.644176078727469e-05,0.20000000298023224,15549.83984375
EleutherAI/pythia-70m,50000,step50000,70426624,6,8,48,0,6,0.010558238252997398,0.20000000298023224,15549.83984375
EleutherAI/pythia-70m,50000,step50000,70426624,6,8,48,0,7,0.0012557252775877714,0.20000000298023224,15549.83984375
EleutherAI/pythia-70m,50000,step50000,70426624,6,8,48,1,0,0.007807467598468065,0.20000000298023224,15549.83984375
EleutherAI/pythia-70m,50000,step50000,70426624,6,8,48,1,1,5.091808634460904e-05,0.20000000298023224,15549.83984375
EleutherAI/pythia-70m,50000,step50000,70426624,6,8,48,1,2,0.00011708834790624678,0.20000000298023224,15549.83984375
EleutherAI/pythia-70m,50000,step50000,70426624,6,8,48,1,3,2.056267021544045e-06,0.20000000298023224,15549.83984375
EleutherAI/pythia-70m,50000,step50000,70426624,6,8,48,1,4,0.0067346845753490925,0.20000000298023224,15549.83984375
EleutherAI/pythia-70m,50000,step50000,70426624,6,8,48,1,5,0.0022805584594607353,0.20000000298023224,15549.83984375
EleutherAI/pythia-70m,50000,step50000,70426624,6,8,48,1,6,0.003398277796804905,0.20000000298023224,15549.83984375
EleutherAI/pythia-70m,50000,step50000,70426624,6,8,48,1,7,0.0008297773310914636,0.20000000298023224,15549.83984375
EleutherAI/pythia-70m,50000,step50000,70426624,6,8,48,2,0,0.0016552964225411415,0.20000000298023224,15549.83984375
EleutherAI/pythia-70m,50000,step50000,70426624,6,8,48,2,1,3.852700797279951e-11,0.20000000298023224,15549.83984375
EleutherAI/pythia-70m,50000,step50000,70426624,6,8,48,2,2,0.0020542212296277285,0.20000000298023224,15549.83984375
EleutherAI/pythia-70m,50000,step50000,70426624,6,8,48,2,3,0.0015472880331799388,0.20000000298023224,15549.83984375
EleutherAI/pythia-70m,50000,step50000,70426624,6,8,48,2,4,9.963165439330623e-07,0.20000000298023224,15549.83984375
EleutherAI/pythia-70m,50000,step50000,70426624,6,8,48,2,5,0.011535950005054474,0.20000000298023224,15549.83984375
EleutherAI/pythia-70m,50000,step50000,70426624,6,8,48,2,6,0.008036071434617043,0.20000000298023224,15549.83984375
EleutherAI/pythia-70m,50000,step50000,70426624,6,8,48,2,7,1.4338060282170773e-05,0.20000000298023224,15549.83984375
EleutherAI/pythia-70m,50000,step50000,70426624,6,8,48,3,0,0.17117400467395782,0.20000000298023224,15549.83984375
EleutherAI/pythia-70m,50000,step50000,70426624,6,8,48,3,1,0.25160840153694153,0.20000000298023224,15549.83984375
EleutherAI/pythia-70m,50000,step50000,70426624,6,8,48,3,2,0.0030694985762238503,0.20000000298023224,15549.83984375
EleutherAI/pythia-70m,50000,step50000,70426624,6,8,48,3,3,0.015337896533310413,0.20000000298023224,15549.83984375
EleutherAI/pythia-70m,50000,step50000,70426624,6,8,48,3,4,0.007077057845890522,0.20000000298023224,15549.83984375
EleutherAI/pythia-70m,50000,step50000,70426624,6,8,48,3,5,0.2711885869503021,0.20000000298023224,15549.83984375
EleutherAI/pythia-70m,50000,step50000,70426624,6,8,48,3,6,0.44684767723083496,0.20000000298023224,15549.83984375
EleutherAI/pythia-70m,50000,step50000,70426624,6,8,48,3,7,0.012972402386367321,0.20000000298023224,15549.83984375
EleutherAI/pythia-70m,50000,step50000,70426624,6,8,48,4,0,0.01483201514929533,0.20000000298023224,15549.83984375
EleutherAI/pythia-70m,50000,step50000,70426624,6,8,48,4,1,0.016178861260414124,0.20000000298023224,15549.83984375
EleutherAI/pythia-70m,50000,step50000,70426624,6,8,48,4,2,0.023108139634132385,0.20000000298023224,15549.83984375
EleutherAI/pythia-70m,50000,step50000,70426624,6,8,48,4,3,0.020671071484684944,0.20000000298023224,15549.83984375
EleutherAI/pythia-70m,50000,step50000,70426624,6,8,48,4,4,0.015743697062134743,0.20000000298023224,15549.83984375
EleutherAI/pythia-70m,50000,step50000,70426624,6,8,48,4,5,0.01195980329066515,0.20000000298023224,15549.83984375
EleutherAI/pythia-70m,50000,step50000,70426624,6,8,48,4,6,0.020305009558796883,0.20000000298023224,15549.83984375
EleutherAI/pythia-70m,50000,step50000,70426624,6,8,48,4,7,0.026257649064064026,0.20000000298023224,15549.83984375
EleutherAI/pythia-70m,50000,step50000,70426624,6,8,48,5,0,0.006554130464792252,0.20000000298023224,15549.83984375
EleutherAI/pythia-70m,50000,step50000,70426624,6,8,48,5,1,0.0022161586675792933,0.20000000298023224,15549.83984375
EleutherAI/pythia-70m,50000,step50000,70426624,6,8,48,5,2,0.005796331912279129,0.20000000298023224,15549.83984375
EleutherAI/pythia-70m,50000,step50000,70426624,6,8,48,5,3,0.0013529467396438122,0.20000000298023224,15549.83984375
EleutherAI/pythia-70m,50000,step50000,70426624,6,8,48,5,4,0.0019304772140458226,0.20000000298023224,15549.83984375
EleutherAI/pythia-70m,50000,step50000,70426624,6,8,48,5,5,0.005752940662205219,0.20000000298023224,15549.83984375
EleutherAI/pythia-70m,50000,step50000,70426624,6,8,48,5,6,0.006113226525485516,0.20000000298023224,15549.83984375
EleutherAI/pythia-70m,50000,step50000,70426624,6,8,48,5,7,1.1485887625894975e-05,0.20000000298023224,15549.83984375
EleutherAI/pythia-70m,50000,step50000,70426624,6,8,49,0,0,0.00864122062921524,0.30000001192092896,10259.8603515625
EleutherAI/pythia-70m,50000,step50000,70426624,6,8,49,0,1,0.0006777595262974501,0.30000001192092896,10259.8603515625
EleutherAI/pythia-70m,50000,step50000,70426624,6,8,49,0,2,0.008742854930460453,0.30000001192092896,10259.8603515625
EleutherAI/pythia-70m,50000,step50000,70426624,6,8,49,0,3,0.0009471768862567842,0.30000001192092896,10259.8603515625
EleutherAI/pythia-70m,50000,step50000,70426624,6,8,49,0,4,0.0021523884497582912,0.30000001192092896,10259.8603515625
EleutherAI/pythia-70m,50000,step50000,70426624,6,8,49,0,5,0.0003753654600586742,0.30000001192092896,10259.8603515625
EleutherAI/pythia-70m,50000,step50000,70426624,6,8,49,0,6,0.008616309612989426,0.30000001192092896,10259.8603515625
EleutherAI/pythia-70m,50000,step50000,70426624,6,8,49,0,7,0.001304834964685142,0.30000001192092896,10259.8603515625
EleutherAI/pythia-70m,50000,step50000,70426624,6,8,49,1,0,0.010509642772376537,0.30000001192092896,10259.8603515625
EleutherAI/pythia-70m,50000,step50000,70426624,6,8,49,1,1,3.30072725773789e-05,0.30000001192092896,10259.8603515625
EleutherAI/pythia-70m,50000,step50000,70426624,6,8,49,1,2,0.0003273446927778423,0.30000001192092896,10259.8603515625
EleutherAI/pythia-70m,50000,step50000,70426624,6,8,49,1,3,7.228074082377134e-06,0.30000001192092896,10259.8603515625
EleutherAI/pythia-70m,50000,step50000,70426624,6,8,49,1,4,0.008959781378507614,0.30000001192092896,10259.8603515625
EleutherAI/pythia-70m,50000,step50000,70426624,6,8,49,1,5,0.0012976553989574313,0.30000001192092896,10259.8603515625
EleutherAI/pythia-70m,50000,step50000,70426624,6,8,49,1,6,0.003998832311481237,0.30000001192092896,10259.8603515625
EleutherAI/pythia-70m,50000,step50000,70426624,6,8,49,1,7,0.0016300746938213706,0.30000001192092896,10259.8603515625
EleutherAI/pythia-70m,50000,step50000,70426624,6,8,49,2,0,0.0032127469312399626,0.30000001192092896,10259.8603515625
EleutherAI/pythia-70m,50000,step50000,70426624,6,8,49,2,1,1.7976267696617754e-10,0.30000001192092896,10259.8603515625
EleutherAI/pythia-70m,50000,step50000,70426624,6,8,49,2,2,0.0024013398215174675,0.30000001192092896,10259.8603515625
EleutherAI/pythia-70m,50000,step50000,70426624,6,8,49,2,3,0.002958625787869096,0.30000001192092896,10259.8603515625
EleutherAI/pythia-70m,50000,step50000,70426624,6,8,49,2,4,1.4683883819088805e-05,0.30000001192092896,10259.8603515625
EleutherAI/pythia-70m,50000,step50000,70426624,6,8,49,2,5,0.015372330322861671,0.30000001192092896,10259.8603515625
EleutherAI/pythia-70m,50000,step50000,70426624,6,8,49,2,6,0.010926038026809692,0.30000001192092896,10259.8603515625
EleutherAI/pythia-70m,50000,step50000,70426624,6,8,49,2,7,3.904239201801829e-05,0.30000001192092896,10259.8603515625
EleutherAI/pythia-70m,50000,step50000,70426624,6,8,49,3,0,0.23931285738945007,0.30000001192092896,10259.8603515625
EleutherAI/pythia-70m,50000,step50000,70426624,6,8,49,3,1,0.36524254083633423,0.30000001192092896,10259.8603515625
EleutherAI/pythia-70m,50000,step50000,70426624,6,8,49,3,2,0.0025661855470389128,0.30000001192092896,10259.8603515625
EleutherAI/pythia-70m,50000,step50000,70426624,6,8,49,3,3,0.015336325392127037,0.30000001192092896,10259.8603515625
EleutherAI/pythia-70m,50000,step50000,70426624,6,8,49,3,4,0.007368281949311495,0.30000001192092896,10259.8603515625
EleutherAI/pythia-70m,50000,step50000,70426624,6,8,49,3,5,0.3912559449672699,0.30000001192092896,10259.8603515625
EleutherAI/pythia-70m,50000,step50000,70426624,6,8,49,3,6,0.5594130754470825,0.30000001192092896,10259.8603515625
EleutherAI/pythia-70m,50000,step50000,70426624,6,8,49,3,7,0.01275081280618906,0.30000001192092896,10259.8603515625
EleutherAI/pythia-70m,50000,step50000,70426624,6,8,49,4,0,0.02300311252474785,0.30000001192092896,10259.8603515625
EleutherAI/pythia-70m,50000,step50000,70426624,6,8,49,4,1,0.023206107318401337,0.30000001192092896,10259.8603515625
EleutherAI/pythia-70m,50000,step50000,70426624,6,8,49,4,2,0.041328445076942444,0.30000001192092896,10259.8603515625
EleutherAI/pythia-70m,50000,step50000,70426624,6,8,49,4,3,0.04251740127801895,0.30000001192092896,10259.8603515625
EleutherAI/pythia-70m,50000,step50000,70426624,6,8,49,4,4,0.01729210652410984,0.30000001192092896,10259.8603515625
EleutherAI/pythia-70m,50000,step50000,70426624,6,8,49,4,5,0.011102374643087387,0.30000001192092896,10259.8603515625
EleutherAI/pythia-70m,50000,step50000,70426624,6,8,49,4,6,0.029091572389006615,0.30000001192092896,10259.8603515625
EleutherAI/pythia-70m,50000,step50000,70426624,6,8,49,4,7,0.03325985372066498,0.30000001192092896,10259.8603515625
EleutherAI/pythia-70m,50000,step50000,70426624,6,8,49,5,0,0.00905386172235012,0.30000001192092896,10259.8603515625
EleutherAI/pythia-70m,50000,step50000,70426624,6,8,49,5,1,0.0022494811564683914,0.30000001192092896,10259.8603515625
EleutherAI/pythia-70m,50000,step50000,70426624,6,8,49,5,2,0.0042162444442510605,0.30000001192092896,10259.8603515625
EleutherAI/pythia-70m,50000,step50000,70426624,6,8,49,5,3,0.0010898782638832927,0.30000001192092896,10259.8603515625
EleutherAI/pythia-70m,50000,step50000,70426624,6,8,49,5,4,0.004926687106490135,0.30000001192092896,10259.8603515625
EleutherAI/pythia-70m,50000,step50000,70426624,6,8,49,5,5,0.00840300414711237,0.30000001192092896,10259.8603515625
EleutherAI/pythia-70m,50000,step50000,70426624,6,8,49,5,6,0.008622297085821629,0.30000001192092896,10259.8603515625
EleutherAI/pythia-70m,50000,step50000,70426624,6,8,49,5,7,1.8376444131718017e-05,0.30000001192092896,10259.8603515625
EleutherAI/pythia-70m,50000,step50000,70426624,6,8,50,0,0,0.0056926775723695755,0.4399999976158142,6282.72021484375
EleutherAI/pythia-70m,50000,step50000,70426624,6,8,50,0,1,0.00040935457218438387,0.4399999976158142,6282.72021484375
EleutherAI/pythia-70m,50000,step50000,70426624,6,8,50,0,2,0.01386446226388216,0.4399999976158142,6282.72021484375
EleutherAI/pythia-70m,50000,step50000,70426624,6,8,50,0,3,0.000883207016158849,0.4399999976158142,6282.72021484375
EleutherAI/pythia-70m,50000,step50000,70426624,6,8,50,0,4,0.0027624762151390314,0.4399999976158142,6282.72021484375
EleutherAI/pythia-70m,50000,step50000,70426624,6,8,50,0,5,0.00010399732855148613,0.4399999976158142,6282.72021484375
EleutherAI/pythia-70m,50000,step50000,70426624,6,8,50,0,6,0.009733798913657665,0.4399999976158142,6282.72021484375
EleutherAI/pythia-70m,50000,step50000,70426624,6,8,50,0,7,0.002524975221604109,0.4399999976158142,6282.72021484375
EleutherAI/pythia-70m,50000,step50000,70426624,6,8,50,1,0,0.009110020473599434,0.4399999976158142,6282.72021484375
EleutherAI/pythia-70m,50000,step50000,70426624,6,8,50,1,1,2.3965900254552253e-05,0.4399999976158142,6282.72021484375
EleutherAI/pythia-70m,50000,step50000,70426624,6,8,50,1,2,9.704787953523919e-05,0.4399999976158142,6282.72021484375
EleutherAI/pythia-70m,50000,step50000,70426624,6,8,50,1,3,1.4388185263669584e-05,0.4399999976158142,6282.72021484375
EleutherAI/pythia-70m,50000,step50000,70426624,6,8,50,1,4,0.008106877095997334,0.4399999976158142,6282.72021484375
EleutherAI/pythia-70m,50000,step50000,70426624,6,8,50,1,5,0.0012053322279825807,0.4399999976158142,6282.72021484375
EleutherAI/pythia-70m,50000,step50000,70426624,6,8,50,1,6,0.002605368383228779,0.4399999976158142,6282.72021484375
EleutherAI/pythia-70m,50000,step50000,70426624,6,8,50,1,7,0.0022666803561151028,0.4399999976158142,6282.72021484375
EleutherAI/pythia-70m,50000,step50000,70426624,6,8,50,2,0,0.0011286952067166567,0.4399999976158142,6282.72021484375
EleutherAI/pythia-70m,50000,step50000,70426624,6,8,50,2,1,5.326613455869378e-11,0.4399999976158142,6282.72021484375
EleutherAI/pythia-70m,50000,step50000,70426624,6,8,50,2,2,0.0008205592748709023,0.4399999976158142,6282.72021484375
EleutherAI/pythia-70m,50000,step50000,70426624,6,8,50,2,3,0.001368541968986392,0.4399999976158142,6282.72021484375
EleutherAI/pythia-70m,50000,step50000,70426624,6,8,50,2,4,2.2392848677554866e-06,0.4399999976158142,6282.72021484375
EleutherAI/pythia-70m,50000,step50000,70426624,6,8,50,2,5,0.011653187684714794,0.4399999976158142,6282.72021484375
EleutherAI/pythia-70m,50000,step50000,70426624,6,8,50,2,6,0.00968480296432972,0.4399999976158142,6282.72021484375
EleutherAI/pythia-70m,50000,step50000,70426624,6,8,50,2,7,8.846917808114085e-06,0.4399999976158142,6282.72021484375
EleutherAI/pythia-70m,50000,step50000,70426624,6,8,50,3,0,0.35738372802734375,0.4399999976158142,6282.72021484375
EleutherAI/pythia-70m,50000,step50000,70426624,6,8,50,3,1,0.6116133332252502,0.4399999976158142,6282.72021484375
EleutherAI/pythia-70m,50000,step50000,70426624,6,8,50,3,2,0.000953213544562459,0.4399999976158142,6282.72021484375
EleutherAI/pythia-70m,50000,step50000,70426624,6,8,50,3,3,0.016440505161881447,0.4399999976158142,6282.72021484375
EleutherAI/pythia-70m,50000,step50000,70426624,6,8,50,3,4,0.004634805954992771,0.4399999976158142,6282.72021484375
EleutherAI/pythia-70m,50000,step50000,70426624,6,8,50,3,5,0.621471643447876,0.4399999976158142,6282.72021484375
EleutherAI/pythia-70m,50000,step50000,70426624,6,8,50,3,6,0.7762658596038818,0.4399999976158142,6282.72021484375
EleutherAI/pythia-70m,50000,step50000,70426624,6,8,50,3,7,0.008379456587135792,0.4399999976158142,6282.72021484375
EleutherAI/pythia-70m,50000,step50000,70426624,6,8,50,4,0,0.0258325282484293,0.4399999976158142,6282.72021484375
EleutherAI/pythia-70m,50000,step50000,70426624,6,8,50,4,1,0.03336305916309357,0.4399999976158142,6282.72021484375
EleutherAI/pythia-70m,50000,step50000,70426624,6,8,50,4,2,0.05269502103328705,0.4399999976158142,6282.72021484375
EleutherAI/pythia-70m,50000,step50000,70426624,6,8,50,4,3,0.07924048602581024,0.4399999976158142,6282.72021484375
EleutherAI/pythia-70m,50000,step50000,70426624,6,8,50,4,4,0.019499529153108597,0.4399999976158142,6282.72021484375
EleutherAI/pythia-70m,50000,step50000,70426624,6,8,50,4,5,0.010635975748300552,0.4399999976158142,6282.72021484375
EleutherAI/pythia-70m,50000,step50000,70426624,6,8,50,4,6,0.03633538633584976,0.4399999976158142,6282.72021484375
EleutherAI/pythia-70m,50000,step50000,70426624,6,8,50,4,7,0.05583517625927925,0.4399999976158142,6282.72021484375
EleutherAI/pythia-70m,50000,step50000,70426624,6,8,50,5,0,0.011660534888505936,0.4399999976158142,6282.72021484375
EleutherAI/pythia-70m,50000,step50000,70426624,6,8,50,5,1,0.0009769904427230358,0.4399999976158142,6282.72021484375
EleutherAI/pythia-70m,50000,step50000,70426624,6,8,50,5,2,0.0037604570388793945,0.4399999976158142,6282.72021484375
EleutherAI/pythia-70m,50000,step50000,70426624,6,8,50,5,3,3.263957842136733e-05,0.4399999976158142,6282.72021484375
EleutherAI/pythia-70m,50000,step50000,70426624,6,8,50,5,4,0.004164302721619606,0.4399999976158142,6282.72021484375
EleutherAI/pythia-70m,50000,step50000,70426624,6,8,50,5,5,0.0036463516298681498,0.4399999976158142,6282.72021484375
EleutherAI/pythia-70m,50000,step50000,70426624,6,8,50,5,6,0.006808196194469929,0.4399999976158142,6282.72021484375
EleutherAI/pythia-70m,50000,step50000,70426624,6,8,50,5,7,1.796542164811399e-05,0.4399999976158142,6282.72021484375
EleutherAI/pythia-70m,50000,step50000,70426624,6,8,51,0,0,0.006622376386076212,0.2800000011920929,10074.33984375
EleutherAI/pythia-70m,50000,step50000,70426624,6,8,51,0,1,0.00035974691854789853,0.2800000011920929,10074.33984375
EleutherAI/pythia-70m,50000,step50000,70426624,6,8,51,0,2,0.008549010381102562,0.2800000011920929,10074.33984375
EleutherAI/pythia-70m,50000,step50000,70426624,6,8,51,0,3,0.0004669319896493107,0.2800000011920929,10074.33984375
EleutherAI/pythia-70m,50000,step50000,70426624,6,8,51,0,4,0.002052744384855032,0.2800000011920929,10074.33984375
EleutherAI/pythia-70m,50000,step50000,70426624,6,8,51,0,5,0.00027531362138688564,0.2800000011920929,10074.33984375
EleutherAI/pythia-70m,50000,step50000,70426624,6,8,51,0,6,0.009938453324139118,0.2800000011920929,10074.33984375
EleutherAI/pythia-70m,50000,step50000,70426624,6,8,51,0,7,0.0004477608308661729,0.2800000011920929,10074.33984375
EleutherAI/pythia-70m,50000,step50000,70426624,6,8,51,1,0,0.0072742002084851265,0.2800000011920929,10074.33984375
EleutherAI/pythia-70m,50000,step50000,70426624,6,8,51,1,1,6.0902479162905365e-05,0.2800000011920929,10074.33984375
EleutherAI/pythia-70m,50000,step50000,70426624,6,8,51,1,2,0.00023387068358715624,0.2800000011920929,10074.33984375
EleutherAI/pythia-70m,50000,step50000,70426624,6,8,51,1,3,5.737047104048543e-06,0.2800000011920929,10074.33984375
EleutherAI/pythia-70m,50000,step50000,70426624,6,8,51,1,4,0.013260786421597004,0.2800000011920929,10074.33984375
EleutherAI/pythia-70m,50000,step50000,70426624,6,8,51,1,5,0.0008734255097806454,0.2800000011920929,10074.33984375
EleutherAI/pythia-70m,50000,step50000,70426624,6,8,51,1,6,0.002832357306033373,0.2800000011920929,10074.33984375
EleutherAI/pythia-70m,50000,step50000,70426624,6,8,51,1,7,0.0005847113206982613,0.2800000011920929,10074.33984375
EleutherAI/pythia-70m,50000,step50000,70426624,6,8,51,2,0,0.002049508970230818,0.2800000011920929,10074.33984375
EleutherAI/pythia-70m,50000,step50000,70426624,6,8,51,2,1,5.825714216589617e-11,0.2800000011920929,10074.33984375
EleutherAI/pythia-70m,50000,step50000,70426624,6,8,51,2,2,0.0014398576458916068,0.2800000011920929,10074.33984375
EleutherAI/pythia-70m,50000,step50000,70426624,6,8,51,2,3,0.002053203759714961,0.2800000011920929,10074.33984375
EleutherAI/pythia-70m,50000,step50000,70426624,6,8,51,2,4,1.9725682705029612e-06,0.2800000011920929,10074.33984375
EleutherAI/pythia-70m,50000,step50000,70426624,6,8,51,2,5,0.016651980578899384,0.2800000011920929,10074.33984375
EleutherAI/pythia-70m,50000,step50000,70426624,6,8,51,2,6,0.00630382401868701,0.2800000011920929,10074.33984375
EleutherAI/pythia-70m,50000,step50000,70426624,6,8,51,2,7,6.93490846970235e-06,0.2800000011920929,10074.33984375
EleutherAI/pythia-70m,50000,step50000,70426624,6,8,51,3,0,0.20407342910766602,0.2800000011920929,10074.33984375
EleutherAI/pythia-70m,50000,step50000,70426624,6,8,51,3,1,0.4570050835609436,0.2800000011920929,10074.33984375
EleutherAI/pythia-70m,50000,step50000,70426624,6,8,51,3,2,0.00231305044144392,0.2800000011920929,10074.33984375
EleutherAI/pythia-70m,50000,step50000,70426624,6,8,51,3,3,0.013977361842989922,0.2800000011920929,10074.33984375
EleutherAI/pythia-70m,50000,step50000,70426624,6,8,51,3,4,0.007058762479573488,0.2800000011920929,10074.33984375
EleutherAI/pythia-70m,50000,step50000,70426624,6,8,51,3,5,0.4572831094264984,0.2800000011920929,10074.33984375
EleutherAI/pythia-70m,50000,step50000,70426624,6,8,51,3,6,0.6059873104095459,0.2800000011920929,10074.33984375
EleutherAI/pythia-70m,50000,step50000,70426624,6,8,51,3,7,0.01205307524651289,0.2800000011920929,10074.33984375
EleutherAI/pythia-70m,50000,step50000,70426624,6,8,51,4,0,0.017611442133784294,0.2800000011920929,10074.33984375
EleutherAI/pythia-70m,50000,step50000,70426624,6,8,51,4,1,0.019032875075936317,0.2800000011920929,10074.33984375
EleutherAI/pythia-70m,50000,step50000,70426624,6,8,51,4,2,0.030656710267066956,0.2800000011920929,10074.33984375
EleutherAI/pythia-70m,50000,step50000,70426624,6,8,51,4,3,0.03505728021264076,0.2800000011920929,10074.33984375
EleutherAI/pythia-70m,50000,step50000,70426624,6,8,51,4,4,0.01876634545624256,0.2800000011920929,10074.33984375
EleutherAI/pythia-70m,50000,step50000,70426624,6,8,51,4,5,0.012789139524102211,0.2800000011920929,10074.33984375
EleutherAI/pythia-70m,50000,step50000,70426624,6,8,51,4,6,0.025700483471155167,0.2800000011920929,10074.33984375
EleutherAI/pythia-70m,50000,step50000,70426624,6,8,51,4,7,0.03857429325580597,0.2800000011920929,10074.33984375
EleutherAI/pythia-70m,50000,step50000,70426624,6,8,51,5,0,0.00783492624759674,0.2800000011920929,10074.33984375
EleutherAI/pythia-70m,50000,step50000,70426624,6,8,51,5,1,0.0013246003072708845,0.2800000011920929,10074.33984375
EleutherAI/pythia-70m,50000,step50000,70426624,6,8,51,5,2,0.0024653710424900055,0.2800000011920929,10074.33984375
EleutherAI/pythia-70m,50000,step50000,70426624,6,8,51,5,3,0.0006998588214628398,0.2800000011920929,10074.33984375
EleutherAI/pythia-70m,50000,step50000,70426624,6,8,51,5,4,0.00701397517696023,0.2800000011920929,10074.33984375
EleutherAI/pythia-70m,50000,step50000,70426624,6,8,51,5,5,0.004985743667930365,0.2800000011920929,10074.33984375
EleutherAI/pythia-70m,50000,step50000,70426624,6,8,51,5,6,0.004464858211576939,0.2800000011920929,10074.33984375
EleutherAI/pythia-70m,50000,step50000,70426624,6,8,51,5,7,1.0432057024445385e-05,0.2800000011920929,10074.33984375
EleutherAI/pythia-70m,50000,step50000,70426624,6,8,52,0,0,0.0076100826263427734,0.03999999910593033,15940.4599609375
EleutherAI/pythia-70m,50000,step50000,70426624,6,8,52,0,1,0.000592559517826885,0.03999999910593033,15940.4599609375
EleutherAI/pythia-70m,50000,step50000,70426624,6,8,52,0,2,0.01240732055157423,0.03999999910593033,15940.4599609375
EleutherAI/pythia-70m,50000,step50000,70426624,6,8,52,0,3,0.0009803975699469447,0.03999999910593033,15940.4599609375
EleutherAI/pythia-70m,50000,step50000,70426624,6,8,52,0,4,0.0013834979617968202,0.03999999910593033,15940.4599609375
EleutherAI/pythia-70m,50000,step50000,70426624,6,8,52,0,5,0.00015035236719995737,0.03999999910593033,15940.4599609375
EleutherAI/pythia-70m,50000,step50000,70426624,6,8,52,0,6,0.008779178373515606,0.03999999910593033,15940.4599609375
EleutherAI/pythia-70m,50000,step50000,70426624,6,8,52,0,7,0.0012935447739437222,0.03999999910593033,15940.4599609375
EleutherAI/pythia-70m,50000,step50000,70426624,6,8,52,1,0,0.007762167602777481,0.03999999910593033,15940.4599609375
EleutherAI/pythia-70m,50000,step50000,70426624,6,8,52,1,1,4.342191095929593e-05,0.03999999910593033,15940.4599609375
EleutherAI/pythia-70m,50000,step50000,70426624,6,8,52,1,2,0.00019004274508915842,0.03999999910593033,15940.4599609375
EleutherAI/pythia-70m,50000,step50000,70426624,6,8,52,1,3,1.730742042127531e-06,0.03999999910593033,15940.4599609375
EleutherAI/pythia-70m,50000,step50000,70426624,6,8,52,1,4,0.006949479691684246,0.03999999910593033,15940.4599609375
EleutherAI/pythia-70m,50000,step50000,70426624,6,8,52,1,5,0.0015349095920100808,0.03999999910593033,15940.4599609375
EleutherAI/pythia-70m,50000,step50000,70426624,6,8,52,1,6,0.0025107325054705143,0.03999999910593033,15940.4599609375
EleutherAI/pythia-70m,50000,step50000,70426624,6,8,52,1,7,0.001039621070958674,0.03999999910593033,15940.4599609375
EleutherAI/pythia-70m,50000,step50000,70426624,6,8,52,2,0,0.0017202832968905568,0.03999999910593033,15940.4599609375
EleutherAI/pythia-70m,50000,step50000,70426624,6,8,52,2,1,6.046108058654909e-10,0.03999999910593033,15940.4599609375
EleutherAI/pythia-70m,50000,step50000,70426624,6,8,52,2,2,0.0037716857623308897,0.03999999910593033,15940.4599609375
EleutherAI/pythia-70m,50000,step50000,70426624,6,8,52,2,3,0.0010864242212846875,0.03999999910593033,15940.4599609375
EleutherAI/pythia-70m,50000,step50000,70426624,6,8,52,2,4,1.0854078027477954e-05,0.03999999910593033,15940.4599609375
EleutherAI/pythia-70m,50000,step50000,70426624,6,8,52,2,5,0.010947326198220253,0.03999999910593033,15940.4599609375
EleutherAI/pythia-70m,50000,step50000,70426624,6,8,52,2,6,0.009771069511771202,0.03999999910593033,15940.4599609375
EleutherAI/pythia-70m,50000,step50000,70426624,6,8,52,2,7,4.103891842532903e-05,0.03999999910593033,15940.4599609375
EleutherAI/pythia-70m,50000,step50000,70426624,6,8,52,3,0,0.09949768334627151,0.03999999910593033,15940.4599609375
EleutherAI/pythia-70m,50000,step50000,70426624,6,8,52,3,1,0.16391795873641968,0.03999999910593033,15940.4599609375
EleutherAI/pythia-70m,50000,step50000,70426624,6,8,52,3,2,0.002408408559858799,0.03999999910593033,15940.4599609375
EleutherAI/pythia-70m,50000,step50000,70426624,6,8,52,3,3,0.014231164008378983,0.03999999910593033,15940.4599609375
EleutherAI/pythia-70m,50000,step50000,70426624,6,8,52,3,4,0.006906196940690279,0.03999999910593033,15940.4599609375
EleutherAI/pythia-70m,50000,step50000,70426624,6,8,52,3,5,0.1677653193473816,0.03999999910593033,15940.4599609375
EleutherAI/pythia-70m,50000,step50000,70426624,6,8,52,3,6,0.3131926357746124,0.03999999910593033,15940.4599609375
EleutherAI/pythia-70m,50000,step50000,70426624,6,8,52,3,7,0.012094950303435326,0.03999999910593033,15940.4599609375
EleutherAI/pythia-70m,50000,step50000,70426624,6,8,52,4,0,0.015331561677157879,0.03999999910593033,15940.4599609375
EleutherAI/pythia-70m,50000,step50000,70426624,6,8,52,4,1,0.015690898522734642,0.03999999910593033,15940.4599609375
EleutherAI/pythia-70m,50000,step50000,70426624,6,8,52,4,2,0.01859559863805771,0.03999999910593033,15940.4599609375
EleutherAI/pythia-70m,50000,step50000,70426624,6,8,52,4,3,0.020064832642674446,0.03999999910593033,15940.4599609375
EleutherAI/pythia-70m,50000,step50000,70426624,6,8,52,4,4,0.01508255209773779,0.03999999910593033,15940.4599609375
EleutherAI/pythia-70m,50000,step50000,70426624,6,8,52,4,5,0.010072601027786732,0.03999999910593033,15940.4599609375
EleutherAI/pythia-70m,50000,step50000,70426624,6,8,52,4,6,0.021544218063354492,0.03999999910593033,15940.4599609375
EleutherAI/pythia-70m,50000,step50000,70426624,6,8,52,4,7,0.02092883735895157,0.03999999910593033,15940.4599609375
EleutherAI/pythia-70m,50000,step50000,70426624,6,8,52,5,0,0.0079744141548872,0.03999999910593033,15940.4599609375
EleutherAI/pythia-70m,50000,step50000,70426624,6,8,52,5,1,0.0009822119027376175,0.03999999910593033,15940.4599609375
EleutherAI/pythia-70m,50000,step50000,70426624,6,8,52,5,2,0.003311790293082595,0.03999999910593033,15940.4599609375
EleutherAI/pythia-70m,50000,step50000,70426624,6,8,52,5,3,0.000725883524864912,0.03999999910593033,15940.4599609375
EleutherAI/pythia-70m,50000,step50000,70426624,6,8,52,5,4,0.003915140405297279,0.03999999910593033,15940.4599609375
EleutherAI/pythia-70m,50000,step50000,70426624,6,8,52,5,5,0.0068245530128479,0.03999999910593033,15940.4599609375
EleutherAI/pythia-70m,50000,step50000,70426624,6,8,52,5,6,0.005272480193525553,0.03999999910593033,15940.4599609375
EleutherAI/pythia-70m,50000,step50000,70426624,6,8,52,5,7,1.1077116141677834e-05,0.03999999910593033,15940.4599609375
EleutherAI/pythia-70m,50000,step50000,70426624,6,8,53,0,0,0.007992226630449295,0.03999999910593033,19386.060546875
EleutherAI/pythia-70m,50000,step50000,70426624,6,8,53,0,1,0.0004058309714309871,0.03999999910593033,19386.060546875
EleutherAI/pythia-70m,50000,step50000,70426624,6,8,53,0,2,0.012175594456493855,0.03999999910593033,19386.060546875
EleutherAI/pythia-70m,50000,step50000,70426624,6,8,53,0,3,0.001052670762874186,0.03999999910593033,19386.060546875
EleutherAI/pythia-70m,50000,step50000,70426624,6,8,53,0,4,0.001183350570499897,0.03999999910593033,19386.060546875
EleutherAI/pythia-70m,50000,step50000,70426624,6,8,53,0,5,0.00022889714455232024,0.03999999910593033,19386.060546875
EleutherAI/pythia-70m,50000,step50000,70426624,6,8,53,0,6,0.009315772913396358,0.03999999910593033,19386.060546875
EleutherAI/pythia-70m,50000,step50000,70426624,6,8,53,0,7,0.0006354288198053837,0.03999999910593033,19386.060546875
EleutherAI/pythia-70m,50000,step50000,70426624,6,8,53,1,0,0.007767243776470423,0.03999999910593033,19386.060546875
EleutherAI/pythia-70m,50000,step50000,70426624,6,8,53,1,1,4.929984424961731e-05,0.03999999910593033,19386.060546875
EleutherAI/pythia-70m,50000,step50000,70426624,6,8,53,1,2,0.00046081197797320783,0.03999999910593033,19386.060546875
EleutherAI/pythia-70m,50000,step50000,70426624,6,8,53,1,3,1.587192286933714e-06,0.03999999910593033,19386.060546875
EleutherAI/pythia-70m,50000,step50000,70426624,6,8,53,1,4,0.006201065145432949,0.03999999910593033,19386.060546875
EleutherAI/pythia-70m,50000,step50000,70426624,6,8,53,1,5,0.0009537778678350151,0.03999999910593033,19386.060546875
EleutherAI/pythia-70m,50000,step50000,70426624,6,8,53,1,6,0.0025184759870171547,0.03999999910593033,19386.060546875
EleutherAI/pythia-70m,50000,step50000,70426624,6,8,53,1,7,0.0011957957176491618,0.03999999910593033,19386.060546875
EleutherAI/pythia-70m,50000,step50000,70426624,6,8,53,2,0,0.0017723400378599763,0.03999999910593033,19386.060546875
EleutherAI/pythia-70m,50000,step50000,70426624,6,8,53,2,1,4.396319419619488e-11,0.03999999910593033,19386.060546875
EleutherAI/pythia-70m,50000,step50000,70426624,6,8,53,2,2,0.0027508926577866077,0.03999999910593033,19386.060546875
EleutherAI/pythia-70m,50000,step50000,70426624,6,8,53,2,3,0.0010492387227714062,0.03999999910593033,19386.060546875
EleutherAI/pythia-70m,50000,step50000,70426624,6,8,53,2,4,9.226129691342067e-07,0.03999999910593033,19386.060546875
EleutherAI/pythia-70m,50000,step50000,70426624,6,8,53,2,5,0.010150633752346039,0.03999999910593033,19386.060546875
EleutherAI/pythia-70m,50000,step50000,70426624,6,8,53,2,6,0.008961745537817478,0.03999999910593033,19386.060546875
EleutherAI/pythia-70m,50000,step50000,70426624,6,8,53,2,7,1.776122735464014e-05,0.03999999910593033,19386.060546875
EleutherAI/pythia-70m,50000,step50000,70426624,6,8,53,3,0,0.07129435241222382,0.03999999910593033,19386.060546875
EleutherAI/pythia-70m,50000,step50000,70426624,6,8,53,3,1,0.1191844716668129,0.03999999910593033,19386.060546875
EleutherAI/pythia-70m,50000,step50000,70426624,6,8,53,3,2,0.0022567901760339737,0.03999999910593033,19386.060546875
EleutherAI/pythia-70m,50000,step50000,70426624,6,8,53,3,3,0.012211117893457413,0.03999999910593033,19386.060546875
EleutherAI/pythia-70m,50000,step50000,70426624,6,8,53,3,4,0.00584928086027503,0.03999999910593033,19386.060546875
EleutherAI/pythia-70m,50000,step50000,70426624,6,8,53,3,5,0.13978920876979828,0.03999999910593033,19386.060546875
EleutherAI/pythia-70m,50000,step50000,70426624,6,8,53,3,6,0.2338433414697647,0.03999999910593033,19386.060546875
EleutherAI/pythia-70m,50000,step50000,70426624,6,8,53,3,7,0.011330337263643742,0.03999999910593033,19386.060546875
EleutherAI/pythia-70m,50000,step50000,70426624,6,8,53,4,0,0.011861804872751236,0.03999999910593033,19386.060546875
EleutherAI/pythia-70m,50000,step50000,70426624,6,8,53,4,1,0.013304145075380802,0.03999999910593033,19386.060546875
EleutherAI/pythia-70m,50000,step50000,70426624,6,8,53,4,2,0.01707233488559723,0.03999999910593033,19386.060546875
EleutherAI/pythia-70m,50000,step50000,70426624,6,8,53,4,3,0.019272683188319206,0.03999999910593033,19386.060546875
EleutherAI/pythia-70m,50000,step50000,70426624,6,8,53,4,4,0.014498519711196423,0.03999999910593033,19386.060546875
EleutherAI/pythia-70m,50000,step50000,70426624,6,8,53,4,5,0.01002492569386959,0.03999999910593033,19386.060546875
EleutherAI/pythia-70m,50000,step50000,70426624,6,8,53,4,6,0.019251227378845215,0.03999999910593033,19386.060546875
EleutherAI/pythia-70m,50000,step50000,70426624,6,8,53,4,7,0.01769707351922989,0.03999999910593033,19386.060546875
EleutherAI/pythia-70m,50000,step50000,70426624,6,8,53,5,0,0.006821269169449806,0.03999999910593033,19386.060546875
EleutherAI/pythia-70m,50000,step50000,70426624,6,8,53,5,1,0.0021175569854676723,0.03999999910593033,19386.060546875
EleutherAI/pythia-70m,50000,step50000,70426624,6,8,53,5,2,0.002836458384990692,0.03999999910593033,19386.060546875
EleutherAI/pythia-70m,50000,step50000,70426624,6,8,53,5,3,0.0004370936658233404,0.03999999910593033,19386.060546875
EleutherAI/pythia-70m,50000,step50000,70426624,6,8,53,5,4,0.002024763496592641,0.03999999910593033,19386.060546875
EleutherAI/pythia-70m,50000,step50000,70426624,6,8,53,5,5,0.006219920702278614,0.03999999910593033,19386.060546875
EleutherAI/pythia-70m,50000,step50000,70426624,6,8,53,5,6,0.0069809858687222,0.03999999910593033,19386.060546875
EleutherAI/pythia-70m,50000,step50000,70426624,6,8,53,5,7,1.9936307580792345e-05,0.03999999910593033,19386.060546875
EleutherAI/pythia-70m,50000,step50000,70426624,6,8,54,0,0,0.0100649893283844,0.18000000715255737,10053.9404296875
EleutherAI/pythia-70m,50000,step50000,70426624,6,8,54,0,1,0.0002365232794545591,0.18000000715255737,10053.9404296875
EleutherAI/pythia-70m,50000,step50000,70426624,6,8,54,0,2,0.008224503137171268,0.18000000715255737,10053.9404296875
EleutherAI/pythia-70m,50000,step50000,70426624,6,8,54,0,3,0.0007278778357431293,0.18000000715255737,10053.9404296875
EleutherAI/pythia-70m,50000,step50000,70426624,6,8,54,0,4,0.0011072534834966063,0.18000000715255737,10053.9404296875
EleutherAI/pythia-70m,50000,step50000,70426624,6,8,54,0,5,1.481522212998243e-05,0.18000000715255737,10053.9404296875
EleutherAI/pythia-70m,50000,step50000,70426624,6,8,54,0,6,0.008316772058606148,0.18000000715255737,10053.9404296875
EleutherAI/pythia-70m,50000,step50000,70426624,6,8,54,0,7,0.0011989609338343143,0.18000000715255737,10053.9404296875
EleutherAI/pythia-70m,50000,step50000,70426624,6,8,54,1,0,0.008406770415604115,0.18000000715255737,10053.9404296875
EleutherAI/pythia-70m,50000,step50000,70426624,6,8,54,1,1,5.143836096976884e-05,0.18000000715255737,10053.9404296875
EleutherAI/pythia-70m,50000,step50000,70426624,6,8,54,1,2,0.0005161532899364829,0.18000000715255737,10053.9404296875
EleutherAI/pythia-70m,50000,step50000,70426624,6,8,54,1,3,4.84346310258843e-06,0.18000000715255737,10053.9404296875
EleutherAI/pythia-70m,50000,step50000,70426624,6,8,54,1,4,0.008680785074830055,0.18000000715255737,10053.9404296875
EleutherAI/pythia-70m,50000,step50000,70426624,6,8,54,1,5,0.0011458611115813255,0.18000000715255737,10053.9404296875
EleutherAI/pythia-70m,50000,step50000,70426624,6,8,54,1,6,0.002707371488213539,0.18000000715255737,10053.9404296875
EleutherAI/pythia-70m,50000,step50000,70426624,6,8,54,1,7,0.0008514284272678196,0.18000000715255737,10053.9404296875
EleutherAI/pythia-70m,50000,step50000,70426624,6,8,54,2,0,0.0022701541893184185,0.18000000715255737,10053.9404296875
EleutherAI/pythia-70m,50000,step50000,70426624,6,8,54,2,1,7.60440183045219e-11,0.18000000715255737,10053.9404296875
EleutherAI/pythia-70m,50000,step50000,70426624,6,8,54,2,2,0.0015936585841700435,0.18000000715255737,10053.9404296875
EleutherAI/pythia-70m,50000,step50000,70426624,6,8,54,2,3,0.0012164530344307423,0.18000000715255737,10053.9404296875
EleutherAI/pythia-70m,50000,step50000,70426624,6,8,54,2,4,2.3907837203296367e-06,0.18000000715255737,10053.9404296875
EleutherAI/pythia-70m,50000,step50000,70426624,6,8,54,2,5,0.014029281213879585,0.18000000715255737,10053.9404296875
EleutherAI/pythia-70m,50000,step50000,70426624,6,8,54,2,6,0.007998712360858917,0.18000000715255737,10053.9404296875
EleutherAI/pythia-70m,50000,step50000,70426624,6,8,54,2,7,3.872257821058156e-06,0.18000000715255737,10053.9404296875
EleutherAI/pythia-70m,50000,step50000,70426624,6,8,54,3,0,0.2337288111448288,0.18000000715255737,10053.9404296875
EleutherAI/pythia-70m,50000,step50000,70426624,6,8,54,3,1,0.4091852903366089,0.18000000715255737,10053.9404296875
EleutherAI/pythia-70m,50000,step50000,70426624,6,8,54,3,2,0.0014671410899609327,0.18000000715255737,10053.9404296875
EleutherAI/pythia-70m,50000,step50000,70426624,6,8,54,3,3,0.014582391828298569,0.18000000715255737,10053.9404296875
EleutherAI/pythia-70m,50000,step50000,70426624,6,8,54,3,4,0.00310591422021389,0.18000000715255737,10053.9404296875
EleutherAI/pythia-70m,50000,step50000,70426624,6,8,54,3,5,0.4101124703884125,0.18000000715255737,10053.9404296875
EleutherAI/pythia-70m,50000,step50000,70426624,6,8,54,3,6,0.5756875872612,0.18000000715255737,10053.9404296875
EleutherAI/pythia-70m,50000,step50000,70426624,6,8,54,3,7,0.008759386837482452,0.18000000715255737,10053.9404296875
EleutherAI/pythia-70m,50000,step50000,70426624,6,8,54,4,0,0.010578284040093422,0.18000000715255737,10053.9404296875
EleutherAI/pythia-70m,50000,step50000,70426624,6,8,54,4,1,0.01660178415477276,0.18000000715255737,10053.9404296875
EleutherAI/pythia-70m,50000,step50000,70426624,6,8,54,4,2,0.03146585077047348,0.18000000715255737,10053.9404296875
EleutherAI/pythia-70m,50000,step50000,70426624,6,8,54,4,3,0.024957384914159775,0.18000000715255737,10053.9404296875
EleutherAI/pythia-70m,50000,step50000,70426624,6,8,54,4,4,0.01642283983528614,0.18000000715255737,10053.9404296875
EleutherAI/pythia-70m,50000,step50000,70426624,6,8,54,4,5,0.00905776396393776,0.18000000715255737,10053.9404296875
EleutherAI/pythia-70m,50000,step50000,70426624,6,8,54,4,6,0.024299388751387596,0.18000000715255737,10053.9404296875
EleutherAI/pythia-70m,50000,step50000,70426624,6,8,54,4,7,0.031159782782197,0.18000000715255737,10053.9404296875
EleutherAI/pythia-70m,50000,step50000,70426624,6,8,54,5,0,0.005518524441868067,0.18000000715255737,10053.9404296875
EleutherAI/pythia-70m,50000,step50000,70426624,6,8,54,5,1,0.0014671115204691887,0.18000000715255737,10053.9404296875
EleutherAI/pythia-70m,50000,step50000,70426624,6,8,54,5,2,0.003998531494289637,0.18000000715255737,10053.9404296875
EleutherAI/pythia-70m,50000,step50000,70426624,6,8,54,5,3,0.0001728621864458546,0.18000000715255737,10053.9404296875
EleutherAI/pythia-70m,50000,step50000,70426624,6,8,54,5,4,0.0031677025835961103,0.18000000715255737,10053.9404296875
EleutherAI/pythia-70m,50000,step50000,70426624,6,8,54,5,5,0.004931154195219278,0.18000000715255737,10053.9404296875
EleutherAI/pythia-70m,50000,step50000,70426624,6,8,54,5,6,0.006665249355137348,0.18000000715255737,10053.9404296875
EleutherAI/pythia-70m,50000,step50000,70426624,6,8,54,5,7,4.560720753943315e-06,0.18000000715255737,10053.9404296875
EleutherAI/pythia-70m,50000,step50000,70426624,6,8,55,0,0,0.006207707338035107,0.20000000298023224,10279.1201171875
EleutherAI/pythia-70m,50000,step50000,70426624,6,8,55,0,1,0.0003615629975683987,0.20000000298023224,10279.1201171875
EleutherAI/pythia-70m,50000,step50000,70426624,6,8,55,0,2,0.010674889199435711,0.20000000298023224,10279.1201171875
EleutherAI/pythia-70m,50000,step50000,70426624,6,8,55,0,3,0.0015054236864671111,0.20000000298023224,10279.1201171875
EleutherAI/pythia-70m,50000,step50000,70426624,6,8,55,0,4,0.003134540282189846,0.20000000298023224,10279.1201171875
EleutherAI/pythia-70m,50000,step50000,70426624,6,8,55,0,5,0.00040116283344104886,0.20000000298023224,10279.1201171875
EleutherAI/pythia-70m,50000,step50000,70426624,6,8,55,0,6,0.009254571981728077,0.20000000298023224,10279.1201171875
EleutherAI/pythia-70m,50000,step50000,70426624,6,8,55,0,7,0.000754867447540164,0.20000000298023224,10279.1201171875
EleutherAI/pythia-70m,50000,step50000,70426624,6,8,55,1,0,0.008286788128316402,0.20000000298023224,10279.1201171875
EleutherAI/pythia-70m,50000,step50000,70426624,6,8,55,1,1,4.634872675524093e-05,0.20000000298023224,10279.1201171875
EleutherAI/pythia-70m,50000,step50000,70426624,6,8,55,1,2,0.0002175886620534584,0.20000000298023224,10279.1201171875
EleutherAI/pythia-70m,50000,step50000,70426624,6,8,55,1,3,5.001255885872524e-06,0.20000000298023224,10279.1201171875
EleutherAI/pythia-70m,50000,step50000,70426624,6,8,55,1,4,0.02241029217839241,0.20000000298023224,10279.1201171875
EleutherAI/pythia-70m,50000,step50000,70426624,6,8,55,1,5,0.001671248348429799,0.20000000298023224,10279.1201171875
EleutherAI/pythia-70m,50000,step50000,70426624,6,8,55,1,6,0.0035571313928812742,0.20000000298023224,10279.1201171875
EleutherAI/pythia-70m,50000,step50000,70426624,6,8,55,1,7,0.0016430937685072422,0.20000000298023224,10279.1201171875
EleutherAI/pythia-70m,50000,step50000,70426624,6,8,55,2,0,0.0018721643136814237,0.20000000298023224,10279.1201171875
EleutherAI/pythia-70m,50000,step50000,70426624,6,8,55,2,1,9.119985322492141e-11,0.20000000298023224,10279.1201171875
EleutherAI/pythia-70m,50000,step50000,70426624,6,8,55,2,2,0.001379533438012004,0.20000000298023224,10279.1201171875
EleutherAI/pythia-70m,50000,step50000,70426624,6,8,55,2,3,0.001967073418200016,0.20000000298023224,10279.1201171875
EleutherAI/pythia-70m,50000,step50000,70426624,6,8,55,2,4,6.625164132856298e-06,0.20000000298023224,10279.1201171875
EleutherAI/pythia-70m,50000,step50000,70426624,6,8,55,2,5,0.017237307503819466,0.20000000298023224,10279.1201171875
EleutherAI/pythia-70m,50000,step50000,70426624,6,8,55,2,6,0.008119835518300533,0.20000000298023224,10279.1201171875
EleutherAI/pythia-70m,50000,step50000,70426624,6,8,55,2,7,6.0458710322564e-06,0.20000000298023224,10279.1201171875
EleutherAI/pythia-70m,50000,step50000,70426624,6,8,55,3,0,0.2132301777601242,0.20000000298023224,10279.1201171875
EleutherAI/pythia-70m,50000,step50000,70426624,6,8,55,3,1,0.4054487943649292,0.20000000298023224,10279.1201171875
EleutherAI/pythia-70m,50000,step50000,70426624,6,8,55,3,2,0.001809030189178884,0.20000000298023224,10279.1201171875
EleutherAI/pythia-70m,50000,step50000,70426624,6,8,55,3,3,0.012959458865225315,0.20000000298023224,10279.1201171875
EleutherAI/pythia-70m,50000,step50000,70426624,6,8,55,3,4,0.003991469740867615,0.20000000298023224,10279.1201171875
EleutherAI/pythia-70m,50000,step50000,70426624,6,8,55,3,5,0.3820963203907013,0.20000000298023224,10279.1201171875
EleutherAI/pythia-70m,50000,step50000,70426624,6,8,55,3,6,0.5582438111305237,0.20000000298023224,10279.1201171875
EleutherAI/pythia-70m,50000,step50000,70426624,6,8,55,3,7,0.010284680873155594,0.20000000298023224,10279.1201171875
EleutherAI/pythia-70m,50000,step50000,70426624,6,8,55,4,0,0.01241475809365511,0.20000000298023224,10279.1201171875
EleutherAI/pythia-70m,50000,step50000,70426624,6,8,55,4,1,0.014553884044289589,0.20000000298023224,10279.1201171875
EleutherAI/pythia-70m,50000,step50000,70426624,6,8,55,4,2,0.027377016842365265,0.20000000298023224,10279.1201171875
EleutherAI/pythia-70m,50000,step50000,70426624,6,8,55,4,3,0.029074441641569138,0.20000000298023224,10279.1201171875
EleutherAI/pythia-70m,50000,step50000,70426624,6,8,55,4,4,0.013873460702598095,0.20000000298023224,10279.1201171875
EleutherAI/pythia-70m,50000,step50000,70426624,6,8,55,4,5,0.00965022761374712,0.20000000298023224,10279.1201171875
EleutherAI/pythia-70m,50000,step50000,70426624,6,8,55,4,6,0.01955389231443405,0.20000000298023224,10279.1201171875
EleutherAI/pythia-70m,50000,step50000,70426624,6,8,55,4,7,0.02904890477657318,0.20000000298023224,10279.1201171875
EleutherAI/pythia-70m,50000,step50000,70426624,6,8,55,5,0,0.008015011437237263,0.20000000298023224,10279.1201171875
EleutherAI/pythia-70m,50000,step50000,70426624,6,8,55,5,1,0.000817210238892585,0.20000000298023224,10279.1201171875
EleutherAI/pythia-70m,50000,step50000,70426624,6,8,55,5,2,0.0011908605229109526,0.20000000298023224,10279.1201171875
EleutherAI/pythia-70m,50000,step50000,70426624,6,8,55,5,3,0.00018971877580042928,0.20000000298023224,10279.1201171875
EleutherAI/pythia-70m,50000,step50000,70426624,6,8,55,5,4,0.0031296538654714823,0.20000000298023224,10279.1201171875
EleutherAI/pythia-70m,50000,step50000,70426624,6,8,55,5,5,0.005020277574658394,0.20000000298023224,10279.1201171875
EleutherAI/pythia-70m,50000,step50000,70426624,6,8,55,5,6,0.0017304847715422511,0.20000000298023224,10279.1201171875
EleutherAI/pythia-70m,50000,step50000,70426624,6,8,55,5,7,8.097645149973687e-06,0.20000000298023224,10279.1201171875
EleutherAI/pythia-70m,50000,step50000,70426624,6,8,56,0,0,0.007037387695163488,0.2199999988079071,7246.47998046875
EleutherAI/pythia-70m,50000,step50000,70426624,6,8,56,0,1,0.00035427528200671077,0.2199999988079071,7246.47998046875
EleutherAI/pythia-70m,50000,step50000,70426624,6,8,56,0,2,0.008647182025015354,0.2199999988079071,7246.47998046875
EleutherAI/pythia-70m,50000,step50000,70426624,6,8,56,0,3,0.0018581242766231298,0.2199999988079071,7246.47998046875
EleutherAI/pythia-70m,50000,step50000,70426624,6,8,56,0,4,0.0021125900093466043,0.2199999988079071,7246.47998046875
EleutherAI/pythia-70m,50000,step50000,70426624,6,8,56,0,5,0.002461683237925172,0.2199999988079071,7246.47998046875
EleutherAI/pythia-70m,50000,step50000,70426624,6,8,56,0,6,0.010035490617156029,0.2199999988079071,7246.47998046875
EleutherAI/pythia-70m,50000,step50000,70426624,6,8,56,0,7,0.0033299720380455256,0.2199999988079071,7246.47998046875
EleutherAI/pythia-70m,50000,step50000,70426624,6,8,56,1,0,0.009055419825017452,0.2199999988079071,7246.47998046875
EleutherAI/pythia-70m,50000,step50000,70426624,6,8,56,1,1,0.00047502320376224816,0.2199999988079071,7246.47998046875
EleutherAI/pythia-70m,50000,step50000,70426624,6,8,56,1,2,0.002317914506420493,0.2199999988079071,7246.47998046875
EleutherAI/pythia-70m,50000,step50000,70426624,6,8,56,1,3,1.8919730791822076e-05,0.2199999988079071,7246.47998046875
EleutherAI/pythia-70m,50000,step50000,70426624,6,8,56,1,4,0.007126165553927422,0.2199999988079071,7246.47998046875
EleutherAI/pythia-70m,50000,step50000,70426624,6,8,56,1,5,0.0012415375094860792,0.2199999988079071,7246.47998046875
EleutherAI/pythia-70m,50000,step50000,70426624,6,8,56,1,6,0.0064202058129012585,0.2199999988079071,7246.47998046875
EleutherAI/pythia-70m,50000,step50000,70426624,6,8,56,1,7,0.0026280274614691734,0.2199999988079071,7246.47998046875
EleutherAI/pythia-70m,50000,step50000,70426624,6,8,56,2,0,0.001898323418572545,0.2199999988079071,7246.47998046875
EleutherAI/pythia-70m,50000,step50000,70426624,6,8,56,2,1,1.7253419526408464e-10,0.2199999988079071,7246.47998046875
EleutherAI/pythia-70m,50000,step50000,70426624,6,8,56,2,2,0.0014288445236161351,0.2199999988079071,7246.47998046875
EleutherAI/pythia-70m,50000,step50000,70426624,6,8,56,2,3,0.0014559119008481503,0.2199999988079071,7246.47998046875
EleutherAI/pythia-70m,50000,step50000,70426624,6,8,56,2,4,1.5553325738437707e-06,0.2199999988079071,7246.47998046875
EleutherAI/pythia-70m,50000,step50000,70426624,6,8,56,2,5,0.012177500873804092,0.2199999988079071,7246.47998046875
EleutherAI/pythia-70m,50000,step50000,70426624,6,8,56,2,6,0.010893961414694786,0.2199999988079071,7246.47998046875
EleutherAI/pythia-70m,50000,step50000,70426624,6,8,56,2,7,1.1783454283431638e-05,0.2199999988079071,7246.47998046875
EleutherAI/pythia-70m,50000,step50000,70426624,6,8,56,3,0,0.2121887058019638,0.2199999988079071,7246.47998046875
EleutherAI/pythia-70m,50000,step50000,70426624,6,8,56,3,1,0.47488731145858765,0.2199999988079071,7246.47998046875
EleutherAI/pythia-70m,50000,step50000,70426624,6,8,56,3,2,0.002824345836415887,0.2199999988079071,7246.47998046875
EleutherAI/pythia-70m,50000,step50000,70426624,6,8,56,3,3,0.016668951138854027,0.2199999988079071,7246.47998046875
EleutherAI/pythia-70m,50000,step50000,70426624,6,8,56,3,4,0.0029145213775336742,0.2199999988079071,7246.47998046875
EleutherAI/pythia-70m,50000,step50000,70426624,6,8,56,3,5,0.47670891880989075,0.2199999988079071,7246.47998046875
EleutherAI/pythia-70m,50000,step50000,70426624,6,8,56,3,6,0.6692352294921875,0.2199999988079071,7246.47998046875
EleutherAI/pythia-70m,50000,step50000,70426624,6,8,56,3,7,0.012202546931803226,0.2199999988079071,7246.47998046875
EleutherAI/pythia-70m,50000,step50000,70426624,6,8,56,4,0,0.01401904970407486,0.2199999988079071,7246.47998046875
EleutherAI/pythia-70m,50000,step50000,70426624,6,8,56,4,1,0.021943852305412292,0.2199999988079071,7246.47998046875
EleutherAI/pythia-70m,50000,step50000,70426624,6,8,56,4,2,0.030069297179579735,0.2199999988079071,7246.47998046875
EleutherAI/pythia-70m,50000,step50000,70426624,6,8,56,4,3,0.0239421296864748,0.2199999988079071,7246.47998046875
EleutherAI/pythia-70m,50000,step50000,70426624,6,8,56,4,4,0.01817566156387329,0.2199999988079071,7246.47998046875
EleutherAI/pythia-70m,50000,step50000,70426624,6,8,56,4,5,0.011135919019579887,0.2199999988079071,7246.47998046875
EleutherAI/pythia-70m,50000,step50000,70426624,6,8,56,4,6,0.025922369211912155,0.2199999988079071,7246.47998046875
EleutherAI/pythia-70m,50000,step50000,70426624,6,8,56,4,7,0.03587996959686279,0.2199999988079071,7246.47998046875
EleutherAI/pythia-70m,50000,step50000,70426624,6,8,56,5,0,0.010290843434631824,0.2199999988079071,7246.47998046875
EleutherAI/pythia-70m,50000,step50000,70426624,6,8,56,5,1,0.002124390099197626,0.2199999988079071,7246.47998046875
EleutherAI/pythia-70m,50000,step50000,70426624,6,8,56,5,2,0.0006467136554419994,0.2199999988079071,7246.47998046875
EleutherAI/pythia-70m,50000,step50000,70426624,6,8,56,5,3,1.4958265637687873e-05,0.2199999988079071,7246.47998046875
EleutherAI/pythia-70m,50000,step50000,70426624,6,8,56,5,4,0.0007180265965871513,0.2199999988079071,7246.47998046875
EleutherAI/pythia-70m,50000,step50000,70426624,6,8,56,5,5,0.0036245272494852543,0.2199999988079071,7246.47998046875
EleutherAI/pythia-70m,50000,step50000,70426624,6,8,56,5,6,0.011365331709384918,0.2199999988079071,7246.47998046875
EleutherAI/pythia-70m,50000,step50000,70426624,6,8,56,5,7,7.42282354622148e-05,0.2199999988079071,7246.47998046875
EleutherAI/pythia-70m,50000,step50000,70426624,6,8,57,0,0,0.007263233885169029,0.0,19470.599609375
EleutherAI/pythia-70m,50000,step50000,70426624,6,8,57,0,1,0.00036621728213503957,0.0,19470.599609375
EleutherAI/pythia-70m,50000,step50000,70426624,6,8,57,0,2,0.009479783475399017,0.0,19470.599609375
EleutherAI/pythia-70m,50000,step50000,70426624,6,8,57,0,3,0.0006973293493501842,0.0,19470.599609375
EleutherAI/pythia-70m,50000,step50000,70426624,6,8,57,0,4,0.0019823252223432064,0.0,19470.599609375
EleutherAI/pythia-70m,50000,step50000,70426624,6,8,57,0,5,1.1837638339784462e-05,0.0,19470.599609375
EleutherAI/pythia-70m,50000,step50000,70426624,6,8,57,0,6,0.011490220203995705,0.0,19470.599609375
EleutherAI/pythia-70m,50000,step50000,70426624,6,8,57,0,7,0.0008184296893887222,0.0,19470.599609375
EleutherAI/pythia-70m,50000,step50000,70426624,6,8,57,1,0,0.007907898165285587,0.0,19470.599609375
EleutherAI/pythia-70m,50000,step50000,70426624,6,8,57,1,1,2.2544027160620317e-05,0.0,19470.599609375
EleutherAI/pythia-70m,50000,step50000,70426624,6,8,57,1,2,0.00045208304072730243,0.0,19470.599609375
EleutherAI/pythia-70m,50000,step50000,70426624,6,8,57,1,3,4.669579539040569e-06,0.0,19470.599609375
EleutherAI/pythia-70m,50000,step50000,70426624,6,8,57,1,4,0.008982311002910137,0.0,19470.599609375
EleutherAI/pythia-70m,50000,step50000,70426624,6,8,57,1,5,0.001178871258161962,0.0,19470.599609375
EleutherAI/pythia-70m,50000,step50000,70426624,6,8,57,1,6,0.004681278020143509,0.0,19470.599609375
EleutherAI/pythia-70m,50000,step50000,70426624,6,8,57,1,7,0.0016346051124855876,0.0,19470.599609375
EleutherAI/pythia-70m,50000,step50000,70426624,6,8,57,2,0,0.002987050684168935,0.0,19470.599609375
EleutherAI/pythia-70m,50000,step50000,70426624,6,8,57,2,1,3.168686701915391e-10,0.0,19470.599609375
EleutherAI/pythia-70m,50000,step50000,70426624,6,8,57,2,2,0.0029613894876092672,0.0,19470.599609375
EleutherAI/pythia-70m,50000,step50000,70426624,6,8,57,2,3,0.0015146828955039382,0.0,19470.599609375
EleutherAI/pythia-70m,50000,step50000,70426624,6,8,57,2,4,1.764771241141716e-06,0.0,19470.599609375
EleutherAI/pythia-70m,50000,step50000,70426624,6,8,57,2,5,0.012940333224833012,0.0,19470.599609375
EleutherAI/pythia-70m,50000,step50000,70426624,6,8,57,2,6,0.007765852380543947,0.0,19470.599609375
EleutherAI/pythia-70m,50000,step50000,70426624,6,8,57,2,7,1.916221299325116e-05,0.0,19470.599609375
EleutherAI/pythia-70m,50000,step50000,70426624,6,8,57,3,0,0.03616093471646309,0.0,19470.599609375
EleutherAI/pythia-70m,50000,step50000,70426624,6,8,57,3,1,0.10708925127983093,0.0,19470.599609375
EleutherAI/pythia-70m,50000,step50000,70426624,6,8,57,3,2,0.0022150855511426926,0.0,19470.599609375
EleutherAI/pythia-70m,50000,step50000,70426624,6,8,57,3,3,0.011493704281747341,0.0,19470.599609375
EleutherAI/pythia-70m,50000,step50000,70426624,6,8,57,3,4,0.0055741299875080585,0.0,19470.599609375
EleutherAI/pythia-70m,50000,step50000,70426624,6,8,57,3,5,0.10210493206977844,0.0,19470.599609375
EleutherAI/pythia-70m,50000,step50000,70426624,6,8,57,3,6,0.24020324647426605,0.0,19470.599609375
EleutherAI/pythia-70m,50000,step50000,70426624,6,8,57,3,7,0.01002497784793377,0.0,19470.599609375
EleutherAI/pythia-70m,50000,step50000,70426624,6,8,57,4,0,0.01035315915942192,0.0,19470.599609375
EleutherAI/pythia-70m,50000,step50000,70426624,6,8,57,4,1,0.011346062645316124,0.0,19470.599609375
EleutherAI/pythia-70m,50000,step50000,70426624,6,8,57,4,2,0.013789035379886627,0.0,19470.599609375
EleutherAI/pythia-70m,50000,step50000,70426624,6,8,57,4,3,0.01546120923012495,0.0,19470.599609375
EleutherAI/pythia-70m,50000,step50000,70426624,6,8,57,4,4,0.01200449001044035,0.0,19470.599609375
EleutherAI/pythia-70m,50000,step50000,70426624,6,8,57,4,5,0.009980585426092148,0.0,19470.599609375
EleutherAI/pythia-70m,50000,step50000,70426624,6,8,57,4,6,0.012657957151532173,0.0,19470.599609375
EleutherAI/pythia-70m,50000,step50000,70426624,6,8,57,4,7,0.014378240332007408,0.0,19470.599609375
EleutherAI/pythia-70m,50000,step50000,70426624,6,8,57,5,0,0.006342338863760233,0.0,19470.599609375
EleutherAI/pythia-70m,50000,step50000,70426624,6,8,57,5,1,0.0019658117089420557,0.0,19470.599609375
EleutherAI/pythia-70m,50000,step50000,70426624,6,8,57,5,2,0.0022964368108659983,0.0,19470.599609375
EleutherAI/pythia-70m,50000,step50000,70426624,6,8,57,5,3,0.0008953713113442063,0.0,19470.599609375
EleutherAI/pythia-70m,50000,step50000,70426624,6,8,57,5,4,0.0022747348994016647,0.0,19470.599609375
EleutherAI/pythia-70m,50000,step50000,70426624,6,8,57,5,5,0.005938737187534571,0.0,19470.599609375
EleutherAI/pythia-70m,50000,step50000,70426624,6,8,57,5,6,0.003716046456247568,0.0,19470.599609375
EleutherAI/pythia-70m,50000,step50000,70426624,6,8,57,5,7,2.4780323656159453e-05,0.0,19470.599609375
EleutherAI/pythia-70m,50000,step50000,70426624,6,8,58,0,0,0.007065834477543831,0.2199999988079071,10204.2001953125
EleutherAI/pythia-70m,50000,step50000,70426624,6,8,58,0,1,0.0006346529698930681,0.2199999988079071,10204.2001953125
EleutherAI/pythia-70m,50000,step50000,70426624,6,8,58,0,2,0.007059773430228233,0.2199999988079071,10204.2001953125
EleutherAI/pythia-70m,50000,step50000,70426624,6,8,58,0,3,0.0006748853484168649,0.2199999988079071,10204.2001953125
EleutherAI/pythia-70m,50000,step50000,70426624,6,8,58,0,4,0.0012777724768966436,0.2199999988079071,10204.2001953125
EleutherAI/pythia-70m,50000,step50000,70426624,6,8,58,0,5,1.8113581973011605e-05,0.2199999988079071,10204.2001953125
EleutherAI/pythia-70m,50000,step50000,70426624,6,8,58,0,6,0.006827610544860363,0.2199999988079071,10204.2001953125
EleutherAI/pythia-70m,50000,step50000,70426624,6,8,58,0,7,0.0009595919400453568,0.2199999988079071,10204.2001953125
EleutherAI/pythia-70m,50000,step50000,70426624,6,8,58,1,0,0.008451912552118301,0.2199999988079071,10204.2001953125
EleutherAI/pythia-70m,50000,step50000,70426624,6,8,58,1,1,0.00211312691681087,0.2199999988079071,10204.2001953125
EleutherAI/pythia-70m,50000,step50000,70426624,6,8,58,1,2,0.0018862060969695449,0.2199999988079071,10204.2001953125
EleutherAI/pythia-70m,50000,step50000,70426624,6,8,58,1,3,8.680661267135292e-06,0.2199999988079071,10204.2001953125
EleutherAI/pythia-70m,50000,step50000,70426624,6,8,58,1,4,0.012066280469298363,0.2199999988079071,10204.2001953125
EleutherAI/pythia-70m,50000,step50000,70426624,6,8,58,1,5,0.0017570119816809893,0.2199999988079071,10204.2001953125
EleutherAI/pythia-70m,50000,step50000,70426624,6,8,58,1,6,0.012268949300050735,0.2199999988079071,10204.2001953125
EleutherAI/pythia-70m,50000,step50000,70426624,6,8,58,1,7,0.00923742912709713,0.2199999988079071,10204.2001953125
EleutherAI/pythia-70m,50000,step50000,70426624,6,8,58,2,0,0.005929333157837391,0.2199999988079071,10204.2001953125
EleutherAI/pythia-70m,50000,step50000,70426624,6,8,58,2,1,1.1247007769554784e-09,0.2199999988079071,10204.2001953125
EleutherAI/pythia-70m,50000,step50000,70426624,6,8,58,2,2,0.005715367384254932,0.2199999988079071,10204.2001953125
EleutherAI/pythia-70m,50000,step50000,70426624,6,8,58,2,3,0.0017203465104103088,0.2199999988079071,10204.2001953125
EleutherAI/pythia-70m,50000,step50000,70426624,6,8,58,2,4,4.829464046451903e-07,0.2199999988079071,10204.2001953125
EleutherAI/pythia-70m,50000,step50000,70426624,6,8,58,2,5,0.02063288912177086,0.2199999988079071,10204.2001953125
EleutherAI/pythia-70m,50000,step50000,70426624,6,8,58,2,6,0.006420328747481108,0.2199999988079071,10204.2001953125
EleutherAI/pythia-70m,50000,step50000,70426624,6,8,58,2,7,0.0012332703918218613,0.2199999988079071,10204.2001953125
EleutherAI/pythia-70m,50000,step50000,70426624,6,8,58,3,0,0.17434574663639069,0.2199999988079071,10204.2001953125
EleutherAI/pythia-70m,50000,step50000,70426624,6,8,58,3,1,0.33852648735046387,0.2199999988079071,10204.2001953125
EleutherAI/pythia-70m,50000,step50000,70426624,6,8,58,3,2,0.0026206544134765863,0.2199999988079071,10204.2001953125
EleutherAI/pythia-70m,50000,step50000,70426624,6,8,58,3,3,0.013307396322488785,0.2199999988079071,10204.2001953125
EleutherAI/pythia-70m,50000,step50000,70426624,6,8,58,3,4,0.008061512373387814,0.2199999988079071,10204.2001953125
EleutherAI/pythia-70m,50000,step50000,70426624,6,8,58,3,5,0.35114166140556335,0.2199999988079071,10204.2001953125
EleutherAI/pythia-70m,50000,step50000,70426624,6,8,58,3,6,0.5351545214653015,0.2199999988079071,10204.2001953125
EleutherAI/pythia-70m,50000,step50000,70426624,6,8,58,3,7,0.012278302572667599,0.2199999988079071,10204.2001953125
EleutherAI/pythia-70m,50000,step50000,70426624,6,8,58,4,0,0.013783728703856468,0.2199999988079071,10204.2001953125
EleutherAI/pythia-70m,50000,step50000,70426624,6,8,58,4,1,0.015721190720796585,0.2199999988079071,10204.2001953125
EleutherAI/pythia-70m,50000,step50000,70426624,6,8,58,4,2,0.028991244733333588,0.2199999988079071,10204.2001953125
EleutherAI/pythia-70m,50000,step50000,70426624,6,8,58,4,3,0.019785752519965172,0.2199999988079071,10204.2001953125
EleutherAI/pythia-70m,50000,step50000,70426624,6,8,58,4,4,0.014583569020032883,0.2199999988079071,10204.2001953125
EleutherAI/pythia-70m,50000,step50000,70426624,6,8,58,4,5,0.011330430395901203,0.2199999988079071,10204.2001953125
EleutherAI/pythia-70m,50000,step50000,70426624,6,8,58,4,6,0.020926494151353836,0.2199999988079071,10204.2001953125
EleutherAI/pythia-70m,50000,step50000,70426624,6,8,58,4,7,0.031303390860557556,0.2199999988079071,10204.2001953125
EleutherAI/pythia-70m,50000,step50000,70426624,6,8,58,5,0,0.010484051890671253,0.2199999988079071,10204.2001953125
EleutherAI/pythia-70m,50000,step50000,70426624,6,8,58,5,1,0.0011441526003181934,0.2199999988079071,10204.2001953125
EleutherAI/pythia-70m,50000,step50000,70426624,6,8,58,5,2,0.004106019623577595,0.2199999988079071,10204.2001953125
EleutherAI/pythia-70m,50000,step50000,70426624,6,8,58,5,3,0.00010244824807159603,0.2199999988079071,10204.2001953125
EleutherAI/pythia-70m,50000,step50000,70426624,6,8,58,5,4,0.0046377237886190414,0.2199999988079071,10204.2001953125
EleutherAI/pythia-70m,50000,step50000,70426624,6,8,58,5,5,0.008436248637735844,0.2199999988079071,10204.2001953125
EleutherAI/pythia-70m,50000,step50000,70426624,6,8,58,5,6,0.013498383574187756,0.2199999988079071,10204.2001953125
EleutherAI/pythia-70m,50000,step50000,70426624,6,8,58,5,7,2.931960807472933e-05,0.2199999988079071,10204.2001953125
EleutherAI/pythia-70m,50000,step50000,70426624,6,8,59,0,0,0.006175464019179344,0.11999999731779099,13742.98046875
EleutherAI/pythia-70m,50000,step50000,70426624,6,8,59,0,1,0.00048721133498474956,0.11999999731779099,13742.98046875
EleutherAI/pythia-70m,50000,step50000,70426624,6,8,59,0,2,0.010425643995404243,0.11999999731779099,13742.98046875
EleutherAI/pythia-70m,50000,step50000,70426624,6,8,59,0,3,0.000880687846802175,0.11999999731779099,13742.98046875
EleutherAI/pythia-70m,50000,step50000,70426624,6,8,59,0,4,0.0020576706156134605,0.11999999731779099,13742.98046875
EleutherAI/pythia-70m,50000,step50000,70426624,6,8,59,0,5,0.002086319960653782,0.11999999731779099,13742.98046875
EleutherAI/pythia-70m,50000,step50000,70426624,6,8,59,0,6,0.007870511151850224,0.11999999731779099,13742.98046875
EleutherAI/pythia-70m,50000,step50000,70426624,6,8,59,0,7,0.0010728890774771571,0.11999999731779099,13742.98046875
EleutherAI/pythia-70m,50000,step50000,70426624,6,8,59,1,0,0.007000172045081854,0.11999999731779099,13742.98046875
EleutherAI/pythia-70m,50000,step50000,70426624,6,8,59,1,1,2.406892781436909e-05,0.11999999731779099,13742.98046875
EleutherAI/pythia-70m,50000,step50000,70426624,6,8,59,1,2,0.00030400409013964236,0.11999999731779099,13742.98046875
EleutherAI/pythia-70m,50000,step50000,70426624,6,8,59,1,3,3.912511147063924e-06,0.11999999731779099,13742.98046875
EleutherAI/pythia-70m,50000,step50000,70426624,6,8,59,1,4,0.00880128238350153,0.11999999731779099,13742.98046875
EleutherAI/pythia-70m,50000,step50000,70426624,6,8,59,1,5,0.0010681996354833245,0.11999999731779099,13742.98046875
EleutherAI/pythia-70m,50000,step50000,70426624,6,8,59,1,6,0.0012869903584942222,0.11999999731779099,13742.98046875
EleutherAI/pythia-70m,50000,step50000,70426624,6,8,59,1,7,0.0007168285665102303,0.11999999731779099,13742.98046875
EleutherAI/pythia-70m,50000,step50000,70426624,6,8,59,2,0,0.002256392501294613,0.11999999731779099,13742.98046875
EleutherAI/pythia-70m,50000,step50000,70426624,6,8,59,2,1,1.0749023199307928e-10,0.11999999731779099,13742.98046875
EleutherAI/pythia-70m,50000,step50000,70426624,6,8,59,2,2,0.0016522108344361186,0.11999999731779099,13742.98046875
EleutherAI/pythia-70m,50000,step50000,70426624,6,8,59,2,3,0.001241676160134375,0.11999999731779099,13742.98046875
EleutherAI/pythia-70m,50000,step50000,70426624,6,8,59,2,4,4.7512185119558126e-07,0.11999999731779099,13742.98046875
EleutherAI/pythia-70m,50000,step50000,70426624,6,8,59,2,5,0.012564428150653839,0.11999999731779099,13742.98046875
EleutherAI/pythia-70m,50000,step50000,70426624,6,8,59,2,6,0.006287902127951384,0.11999999731779099,13742.98046875
EleutherAI/pythia-70m,50000,step50000,70426624,6,8,59,2,7,3.6833121157542337e-06,0.11999999731779099,13742.98046875
EleutherAI/pythia-70m,50000,step50000,70426624,6,8,59,3,0,0.14507189393043518,0.11999999731779099,13742.98046875
EleutherAI/pythia-70m,50000,step50000,70426624,6,8,59,3,1,0.25983861088752747,0.11999999731779099,13742.98046875
EleutherAI/pythia-70m,50000,step50000,70426624,6,8,59,3,2,0.0014987117610871792,0.11999999731779099,13742.98046875
EleutherAI/pythia-70m,50000,step50000,70426624,6,8,59,3,3,0.011714695952832699,0.11999999731779099,13742.98046875
EleutherAI/pythia-70m,50000,step50000,70426624,6,8,59,3,4,0.00469816941767931,0.11999999731779099,13742.98046875
EleutherAI/pythia-70m,50000,step50000,70426624,6,8,59,3,5,0.31921377778053284,0.11999999731779099,13742.98046875
EleutherAI/pythia-70m,50000,step50000,70426624,6,8,59,3,6,0.46012088656425476,0.11999999731779099,13742.98046875
EleutherAI/pythia-70m,50000,step50000,70426624,6,8,59,3,7,0.00975740049034357,0.11999999731779099,13742.98046875
EleutherAI/pythia-70m,50000,step50000,70426624,6,8,59,4,0,0.012263846583664417,0.11999999731779099,13742.98046875
EleutherAI/pythia-70m,50000,step50000,70426624,6,8,59,4,1,0.014700055122375488,0.11999999731779099,13742.98046875
EleutherAI/pythia-70m,50000,step50000,70426624,6,8,59,4,2,0.02036001905798912,0.11999999731779099,13742.98046875
EleutherAI/pythia-70m,50000,step50000,70426624,6,8,59,4,3,0.01746845431625843,0.11999999731779099,13742.98046875
EleutherAI/pythia-70m,50000,step50000,70426624,6,8,59,4,4,0.013656591065227985,0.11999999731779099,13742.98046875
EleutherAI/pythia-70m,50000,step50000,70426624,6,8,59,4,5,0.008596491999924183,0.11999999731779099,13742.98046875
EleutherAI/pythia-70m,50000,step50000,70426624,6,8,59,4,6,0.019393205642700195,0.11999999731779099,13742.98046875
EleutherAI/pythia-70m,50000,step50000,70426624,6,8,59,4,7,0.023094214498996735,0.11999999731779099,13742.98046875
EleutherAI/pythia-70m,50000,step50000,70426624,6,8,59,5,0,0.0037853058893233538,0.11999999731779099,13742.98046875
EleutherAI/pythia-70m,50000,step50000,70426624,6,8,59,5,1,0.0009995418367907405,0.11999999731779099,13742.98046875
EleutherAI/pythia-70m,50000,step50000,70426624,6,8,59,5,2,0.0022359059657901525,0.11999999731779099,13742.98046875
EleutherAI/pythia-70m,50000,step50000,70426624,6,8,59,5,3,0.00026541220722720027,0.11999999731779099,13742.98046875
EleutherAI/pythia-70m,50000,step50000,70426624,6,8,59,5,4,0.001009938889183104,0.11999999731779099,13742.98046875
EleutherAI/pythia-70m,50000,step50000,70426624,6,8,59,5,5,0.0038909297436475754,0.11999999731779099,13742.98046875
EleutherAI/pythia-70m,50000,step50000,70426624,6,8,59,5,6,0.0029698493890464306,0.11999999731779099,13742.98046875
EleutherAI/pythia-70m,50000,step50000,70426624,6,8,59,5,7,5.452995992527576e-06,0.11999999731779099,13742.98046875
EleutherAI/pythia-70m,50000,step50000,70426624,6,8,60,0,0,0.0072845472022891045,0.46000000834465027,5179.080078125
EleutherAI/pythia-70m,50000,step50000,70426624,6,8,60,0,1,0.000504629744682461,0.46000000834465027,5179.080078125
EleutherAI/pythia-70m,50000,step50000,70426624,6,8,60,0,2,0.010108587332069874,0.46000000834465027,5179.080078125
EleutherAI/pythia-70m,50000,step50000,70426624,6,8,60,0,3,0.0017272592522203922,0.46000000834465027,5179.080078125
EleutherAI/pythia-70m,50000,step50000,70426624,6,8,60,0,4,0.0031253809574991465,0.46000000834465027,5179.080078125
EleutherAI/pythia-70m,50000,step50000,70426624,6,8,60,0,5,0.0018030863720923662,0.46000000834465027,5179.080078125
EleutherAI/pythia-70m,50000,step50000,70426624,6,8,60,0,6,0.007404680363833904,0.46000000834465027,5179.080078125
EleutherAI/pythia-70m,50000,step50000,70426624,6,8,60,0,7,0.002263872418552637,0.46000000834465027,5179.080078125
EleutherAI/pythia-70m,50000,step50000,70426624,6,8,60,1,0,0.011335061863064766,0.46000000834465027,5179.080078125
EleutherAI/pythia-70m,50000,step50000,70426624,6,8,60,1,1,0.0025918278843164444,0.46000000834465027,5179.080078125
EleutherAI/pythia-70m,50000,step50000,70426624,6,8,60,1,2,0.008457783609628677,0.46000000834465027,5179.080078125
EleutherAI/pythia-70m,50000,step50000,70426624,6,8,60,1,3,2.4065642719506286e-05,0.46000000834465027,5179.080078125
EleutherAI/pythia-70m,50000,step50000,70426624,6,8,60,1,4,0.018068119883537292,0.46000000834465027,5179.080078125
EleutherAI/pythia-70m,50000,step50000,70426624,6,8,60,1,5,0.001154201221652329,0.46000000834465027,5179.080078125
EleutherAI/pythia-70m,50000,step50000,70426624,6,8,60,1,6,0.00898830872029066,0.46000000834465027,5179.080078125
EleutherAI/pythia-70m,50000,step50000,70426624,6,8,60,1,7,0.005962788593024015,0.46000000834465027,5179.080078125
EleutherAI/pythia-70m,50000,step50000,70426624,6,8,60,2,0,0.001585061545483768,0.46000000834465027,5179.080078125
EleutherAI/pythia-70m,50000,step50000,70426624,6,8,60,2,1,1.798410864672917e-10,0.46000000834465027,5179.080078125
EleutherAI/pythia-70m,50000,step50000,70426624,6,8,60,2,2,0.0011510871117934585,0.46000000834465027,5179.080078125
EleutherAI/pythia-70m,50000,step50000,70426624,6,8,60,2,3,0.0013562003150582314,0.46000000834465027,5179.080078125
EleutherAI/pythia-70m,50000,step50000,70426624,6,8,60,2,4,1.4151327150102588e-06,0.46000000834465027,5179.080078125
EleutherAI/pythia-70m,50000,step50000,70426624,6,8,60,2,5,0.014212732203304768,0.46000000834465027,5179.080078125
EleutherAI/pythia-70m,50000,step50000,70426624,6,8,60,2,6,0.007000231184065342,0.46000000834465027,5179.080078125
EleutherAI/pythia-70m,50000,step50000,70426624,6,8,60,2,7,4.900679869024316e-06,0.46000000834465027,5179.080078125
EleutherAI/pythia-70m,50000,step50000,70426624,6,8,60,3,0,0.28913548588752747,0.46000000834465027,5179.080078125
EleutherAI/pythia-70m,50000,step50000,70426624,6,8,60,3,1,0.5661588311195374,0.46000000834465027,5179.080078125
EleutherAI/pythia-70m,50000,step50000,70426624,6,8,60,3,2,0.0014071471523493528,0.46000000834465027,5179.080078125
EleutherAI/pythia-70m,50000,step50000,70426624,6,8,60,3,3,0.021334517747163773,0.46000000834465027,5179.080078125
EleutherAI/pythia-70m,50000,step50000,70426624,6,8,60,3,4,0.0017663127509877086,0.46000000834465027,5179.080078125
EleutherAI/pythia-70m,50000,step50000,70426624,6,8,60,3,5,0.5892158150672913,0.46000000834465027,5179.080078125
EleutherAI/pythia-70m,50000,step50000,70426624,6,8,60,3,6,0.7685002684593201,0.46000000834465027,5179.080078125
EleutherAI/pythia-70m,50000,step50000,70426624,6,8,60,3,7,0.011609167791903019,0.46000000834465027,5179.080078125
EleutherAI/pythia-70m,50000,step50000,70426624,6,8,60,4,0,0.02045580931007862,0.46000000834465027,5179.080078125
EleutherAI/pythia-70m,50000,step50000,70426624,6,8,60,4,1,0.03830168768763542,0.46000000834465027,5179.080078125
EleutherAI/pythia-70m,50000,step50000,70426624,6,8,60,4,2,0.047033559530973434,0.46000000834465027,5179.080078125
EleutherAI/pythia-70m,50000,step50000,70426624,6,8,60,4,3,0.04173396900296211,0.46000000834465027,5179.080078125
EleutherAI/pythia-70m,50000,step50000,70426624,6,8,60,4,4,0.022264081984758377,0.46000000834465027,5179.080078125
EleutherAI/pythia-70m,50000,step50000,70426624,6,8,60,4,5,0.010744920000433922,0.46000000834465027,5179.080078125
EleutherAI/pythia-70m,50000,step50000,70426624,6,8,60,4,6,0.04219461977481842,0.46000000834465027,5179.080078125
EleutherAI/pythia-70m,50000,step50000,70426624,6,8,60,4,7,0.051893796771764755,0.46000000834465027,5179.080078125
EleutherAI/pythia-70m,50000,step50000,70426624,6,8,60,5,0,0.0010725751053541899,0.46000000834465027,5179.080078125
EleutherAI/pythia-70m,50000,step50000,70426624,6,8,60,5,1,0.0013090515276417136,0.46000000834465027,5179.080078125
EleutherAI/pythia-70m,50000,step50000,70426624,6,8,60,5,2,0.004042076878249645,0.46000000834465027,5179.080078125
EleutherAI/pythia-70m,50000,step50000,70426624,6,8,60,5,3,7.938519411254674e-05,0.46000000834465027,5179.080078125
EleutherAI/pythia-70m,50000,step50000,70426624,6,8,60,5,4,0.001329481485299766,0.46000000834465027,5179.080078125
EleutherAI/pythia-70m,50000,step50000,70426624,6,8,60,5,5,0.0019736597314476967,0.46000000834465027,5179.080078125
EleutherAI/pythia-70m,50000,step50000,70426624,6,8,60,5,6,0.008347620256245136,0.46000000834465027,5179.080078125
EleutherAI/pythia-70m,50000,step50000,70426624,6,8,60,5,7,2.5702558559714817e-05,0.46000000834465027,5179.080078125
EleutherAI/pythia-70m,50000,step50000,70426624,6,8,61,0,0,0.008710418827831745,0.14000000059604645,10865.1796875
EleutherAI/pythia-70m,50000,step50000,70426624,6,8,61,0,1,0.00021003912843298167,0.14000000059604645,10865.1796875
EleutherAI/pythia-70m,50000,step50000,70426624,6,8,61,0,2,0.00989050418138504,0.14000000059604645,10865.1796875
EleutherAI/pythia-70m,50000,step50000,70426624,6,8,61,0,3,0.0006876091938465834,0.14000000059604645,10865.1796875
EleutherAI/pythia-70m,50000,step50000,70426624,6,8,61,0,4,0.0006499051232822239,0.14000000059604645,10865.1796875
EleutherAI/pythia-70m,50000,step50000,70426624,6,8,61,0,5,1.86747383850161e-05,0.14000000059604645,10865.1796875
EleutherAI/pythia-70m,50000,step50000,70426624,6,8,61,0,6,0.009577948600053787,0.14000000059604645,10865.1796875
EleutherAI/pythia-70m,50000,step50000,70426624,6,8,61,0,7,0.0007247179164551198,0.14000000059604645,10865.1796875
EleutherAI/pythia-70m,50000,step50000,70426624,6,8,61,1,0,0.00869304034858942,0.14000000059604645,10865.1796875
EleutherAI/pythia-70m,50000,step50000,70426624,6,8,61,1,1,2.992215559061151e-05,0.14000000059604645,10865.1796875
EleutherAI/pythia-70m,50000,step50000,70426624,6,8,61,1,2,0.000481274735648185,0.14000000059604645,10865.1796875
EleutherAI/pythia-70m,50000,step50000,70426624,6,8,61,1,3,7.742091838736087e-06,0.14000000059604645,10865.1796875
EleutherAI/pythia-70m,50000,step50000,70426624,6,8,61,1,4,0.011262135580182076,0.14000000059604645,10865.1796875
EleutherAI/pythia-70m,50000,step50000,70426624,6,8,61,1,5,0.00127719109877944,0.14000000059604645,10865.1796875
EleutherAI/pythia-70m,50000,step50000,70426624,6,8,61,1,6,0.0038951761089265347,0.14000000059604645,10865.1796875
EleutherAI/pythia-70m,50000,step50000,70426624,6,8,61,1,7,0.001403362606652081,0.14000000059604645,10865.1796875
EleutherAI/pythia-70m,50000,step50000,70426624,6,8,61,2,0,0.0016147958813235164,0.14000000059604645,10865.1796875
EleutherAI/pythia-70m,50000,step50000,70426624,6,8,61,2,1,2.7017034442966548e-11,0.14000000059604645,10865.1796875
EleutherAI/pythia-70m,50000,step50000,70426624,6,8,61,2,2,0.0017304879147559404,0.14000000059604645,10865.1796875
EleutherAI/pythia-70m,50000,step50000,70426624,6,8,61,2,3,0.0017347931861877441,0.14000000059604645,10865.1796875
EleutherAI/pythia-70m,50000,step50000,70426624,6,8,61,2,4,3.2450486742163775e-07,0.14000000059604645,10865.1796875
EleutherAI/pythia-70m,50000,step50000,70426624,6,8,61,2,5,0.010488671250641346,0.14000000059604645,10865.1796875
EleutherAI/pythia-70m,50000,step50000,70426624,6,8,61,2,6,0.00944520067423582,0.14000000059604645,10865.1796875
EleutherAI/pythia-70m,50000,step50000,70426624,6,8,61,2,7,1.0788364306790754e-05,0.14000000059604645,10865.1796875
EleutherAI/pythia-70m,50000,step50000,70426624,6,8,61,3,0,0.16551008820533752,0.14000000059604645,10865.1796875
EleutherAI/pythia-70m,50000,step50000,70426624,6,8,61,3,1,0.3142756521701813,0.14000000059604645,10865.1796875
EleutherAI/pythia-70m,50000,step50000,70426624,6,8,61,3,2,0.0014695614809170365,0.14000000059604645,10865.1796875
EleutherAI/pythia-70m,50000,step50000,70426624,6,8,61,3,3,0.012459876947104931,0.14000000059604645,10865.1796875
EleutherAI/pythia-70m,50000,step50000,70426624,6,8,61,3,4,0.005092778243124485,0.14000000059604645,10865.1796875
EleutherAI/pythia-70m,50000,step50000,70426624,6,8,61,3,5,0.31160813570022583,0.14000000059604645,10865.1796875
EleutherAI/pythia-70m,50000,step50000,70426624,6,8,61,3,6,0.46663692593574524,0.14000000059604645,10865.1796875
EleutherAI/pythia-70m,50000,step50000,70426624,6,8,61,3,7,0.010528073646128178,0.14000000059604645,10865.1796875
EleutherAI/pythia-70m,50000,step50000,70426624,6,8,61,4,0,0.013317805714905262,0.14000000059604645,10865.1796875
EleutherAI/pythia-70m,50000,step50000,70426624,6,8,61,4,1,0.014852077700197697,0.14000000059604645,10865.1796875
EleutherAI/pythia-70m,50000,step50000,70426624,6,8,61,4,2,0.020817894488573074,0.14000000059604645,10865.1796875
EleutherAI/pythia-70m,50000,step50000,70426624,6,8,61,4,3,0.01868954300880432,0.14000000059604645,10865.1796875
EleutherAI/pythia-70m,50000,step50000,70426624,6,8,61,4,4,0.013908556662499905,0.14000000059604645,10865.1796875
EleutherAI/pythia-70m,50000,step50000,70426624,6,8,61,4,5,0.009937276132404804,0.14000000059604645,10865.1796875
EleutherAI/pythia-70m,50000,step50000,70426624,6,8,61,4,6,0.019477006047964096,0.14000000059604645,10865.1796875
EleutherAI/pythia-70m,50000,step50000,70426624,6,8,61,4,7,0.023111337795853615,0.14000000059604645,10865.1796875
EleutherAI/pythia-70m,50000,step50000,70426624,6,8,61,5,0,0.00706830620765686,0.14000000059604645,10865.1796875
EleutherAI/pythia-70m,50000,step50000,70426624,6,8,61,5,1,0.0010007544187828898,0.14000000059604645,10865.1796875
EleutherAI/pythia-70m,50000,step50000,70426624,6,8,61,5,2,0.001512483460828662,0.14000000059604645,10865.1796875
EleutherAI/pythia-70m,50000,step50000,70426624,6,8,61,5,3,3.229336653021164e-05,0.14000000059604645,10865.1796875
EleutherAI/pythia-70m,50000,step50000,70426624,6,8,61,5,4,0.003794613294303417,0.14000000059604645,10865.1796875
EleutherAI/pythia-70m,50000,step50000,70426624,6,8,61,5,5,0.004391050431877375,0.14000000059604645,10865.1796875
EleutherAI/pythia-70m,50000,step50000,70426624,6,8,61,5,6,0.004137780983000994,0.14000000059604645,10865.1796875
EleutherAI/pythia-70m,50000,step50000,70426624,6,8,61,5,7,5.128993052494479e-06,0.14000000059604645,10865.1796875
EleutherAI/pythia-70m,50000,step50000,70426624,6,8,62,0,0,0.00672552827745676,0.3199999928474426,9561.7998046875
EleutherAI/pythia-70m,50000,step50000,70426624,6,8,62,0,1,0.0002979848941322416,0.3199999928474426,9561.7998046875
EleutherAI/pythia-70m,50000,step50000,70426624,6,8,62,0,2,0.013323289342224598,0.3199999928474426,9561.7998046875
EleutherAI/pythia-70m,50000,step50000,70426624,6,8,62,0,3,0.00103366922121495,0.3199999928474426,9561.7998046875
EleutherAI/pythia-70m,50000,step50000,70426624,6,8,62,0,4,0.0011421494418755174,0.3199999928474426,9561.7998046875
EleutherAI/pythia-70m,50000,step50000,70426624,6,8,62,0,5,4.0848910430213436e-05,0.3199999928474426,9561.7998046875
EleutherAI/pythia-70m,50000,step50000,70426624,6,8,62,0,6,0.008150487206876278,0.3199999928474426,9561.7998046875
EleutherAI/pythia-70m,50000,step50000,70426624,6,8,62,0,7,0.002447665436193347,0.3199999928474426,9561.7998046875
EleutherAI/pythia-70m,50000,step50000,70426624,6,8,62,1,0,0.007988874800503254,0.3199999928474426,9561.7998046875
EleutherAI/pythia-70m,50000,step50000,70426624,6,8,62,1,1,8.507747406838462e-05,0.3199999928474426,9561.7998046875
EleutherAI/pythia-70m,50000,step50000,70426624,6,8,62,1,2,0.0005526146851480007,0.3199999928474426,9561.7998046875
EleutherAI/pythia-70m,50000,step50000,70426624,6,8,62,1,3,3.625763611125876e-06,0.3199999928474426,9561.7998046875
EleutherAI/pythia-70m,50000,step50000,70426624,6,8,62,1,4,0.009518329054117203,0.3199999928474426,9561.7998046875
EleutherAI/pythia-70m,50000,step50000,70426624,6,8,62,1,5,0.00092944351490587,0.3199999928474426,9561.7998046875
EleutherAI/pythia-70m,50000,step50000,70426624,6,8,62,1,6,0.004146219696849585,0.3199999928474426,9561.7998046875
EleutherAI/pythia-70m,50000,step50000,70426624,6,8,62,1,7,0.0011794392485171556,0.3199999928474426,9561.7998046875
EleutherAI/pythia-70m,50000,step50000,70426624,6,8,62,2,0,0.001010535634122789,0.3199999928474426,9561.7998046875
EleutherAI/pythia-70m,50000,step50000,70426624,6,8,62,2,1,5.133676470037152e-11,0.3199999928474426,9561.7998046875
EleutherAI/pythia-70m,50000,step50000,70426624,6,8,62,2,2,0.000639150501228869,0.3199999928474426,9561.7998046875
EleutherAI/pythia-70m,50000,step50000,70426624,6,8,62,2,3,0.0006659593200311065,0.3199999928474426,9561.7998046875
EleutherAI/pythia-70m,50000,step50000,70426624,6,8,62,2,4,4.869519898420549e-07,0.3199999928474426,9561.7998046875
EleutherAI/pythia-70m,50000,step50000,70426624,6,8,62,2,5,0.012593266554176807,0.3199999928474426,9561.7998046875
EleutherAI/pythia-70m,50000,step50000,70426624,6,8,62,2,6,0.011125879362225533,0.3199999928474426,9561.7998046875
EleutherAI/pythia-70m,50000,step50000,70426624,6,8,62,2,7,2.2857734620629344e-06,0.3199999928474426,9561.7998046875
EleutherAI/pythia-70m,50000,step50000,70426624,6,8,62,3,0,0.25954777002334595,0.3199999928474426,9561.7998046875
EleutherAI/pythia-70m,50000,step50000,70426624,6,8,62,3,1,0.5179727077484131,0.3199999928474426,9561.7998046875
EleutherAI/pythia-70m,50000,step50000,70426624,6,8,62,3,2,0.0011756924213841558,0.3199999928474426,9561.7998046875
EleutherAI/pythia-70m,50000,step50000,70426624,6,8,62,3,3,0.015341054648160934,0.3199999928474426,9561.7998046875
EleutherAI/pythia-70m,50000,step50000,70426624,6,8,62,3,4,0.002389137865975499,0.3199999928474426,9561.7998046875
EleutherAI/pythia-70m,50000,step50000,70426624,6,8,62,3,5,0.5066953301429749,0.3199999928474426,9561.7998046875
EleutherAI/pythia-70m,50000,step50000,70426624,6,8,62,3,6,0.6310513019561768,0.3199999928474426,9561.7998046875
EleutherAI/pythia-70m,50000,step50000,70426624,6,8,62,3,7,0.010061695240437984,0.3199999928474426,9561.7998046875
EleutherAI/pythia-70m,50000,step50000,70426624,6,8,62,4,0,0.013375476934015751,0.3199999928474426,9561.7998046875
EleutherAI/pythia-70m,50000,step50000,70426624,6,8,62,4,1,0.02316957712173462,0.3199999928474426,9561.7998046875
EleutherAI/pythia-70m,50000,step50000,70426624,6,8,62,4,2,0.04227630794048309,0.3199999928474426,9561.7998046875
EleutherAI/pythia-70m,50000,step50000,70426624,6,8,62,4,3,0.03387149050831795,0.3199999928474426,9561.7998046875
EleutherAI/pythia-70m,50000,step50000,70426624,6,8,62,4,4,0.01827070116996765,0.3199999928474426,9561.7998046875
EleutherAI/pythia-70m,50000,step50000,70426624,6,8,62,4,5,0.010174295864999294,0.3199999928474426,9561.7998046875
EleutherAI/pythia-70m,50000,step50000,70426624,6,8,62,4,6,0.028282642364501953,0.3199999928474426,9561.7998046875
EleutherAI/pythia-70m,50000,step50000,70426624,6,8,62,4,7,0.05369621887803078,0.3199999928474426,9561.7998046875
EleutherAI/pythia-70m,50000,step50000,70426624,6,8,62,5,0,0.003934771288186312,0.3199999928474426,9561.7998046875
EleutherAI/pythia-70m,50000,step50000,70426624,6,8,62,5,1,0.0014734952710568905,0.3199999928474426,9561.7998046875
EleutherAI/pythia-70m,50000,step50000,70426624,6,8,62,5,2,0.0005342300282791257,0.3199999928474426,9561.7998046875
EleutherAI/pythia-70m,50000,step50000,70426624,6,8,62,5,3,5.348000195226632e-05,0.3199999928474426,9561.7998046875
EleutherAI/pythia-70m,50000,step50000,70426624,6,8,62,5,4,0.00048729951959103346,0.3199999928474426,9561.7998046875
EleutherAI/pythia-70m,50000,step50000,70426624,6,8,62,5,5,0.0014795740135014057,0.3199999928474426,9561.7998046875
EleutherAI/pythia-70m,50000,step50000,70426624,6,8,62,5,6,0.005330866202712059,0.3199999928474426,9561.7998046875
EleutherAI/pythia-70m,50000,step50000,70426624,6,8,62,5,7,1.0971311894536484e-05,0.3199999928474426,9561.7998046875
EleutherAI/pythia-70m,50000,step50000,70426624,6,8,63,0,0,0.007321977987885475,0.11999999731779099,14993.48046875
EleutherAI/pythia-70m,50000,step50000,70426624,6,8,63,0,1,0.0004206424346193671,0.11999999731779099,14993.48046875
EleutherAI/pythia-70m,50000,step50000,70426624,6,8,63,0,2,0.00968977715820074,0.11999999731779099,14993.48046875
EleutherAI/pythia-70m,50000,step50000,70426624,6,8,63,0,3,0.0027821031399071217,0.11999999731779099,14993.48046875
EleutherAI/pythia-70m,50000,step50000,70426624,6,8,63,0,4,0.0022521207574754953,0.11999999731779099,14993.48046875
EleutherAI/pythia-70m,50000,step50000,70426624,6,8,63,0,5,0.00010395934077678248,0.11999999731779099,14993.48046875
EleutherAI/pythia-70m,50000,step50000,70426624,6,8,63,0,6,0.008260535076260567,0.11999999731779099,14993.48046875
EleutherAI/pythia-70m,50000,step50000,70426624,6,8,63,0,7,0.0034179913345724344,0.11999999731779099,14993.48046875
EleutherAI/pythia-70m,50000,step50000,70426624,6,8,63,1,0,0.008682695217430592,0.11999999731779099,14993.48046875
EleutherAI/pythia-70m,50000,step50000,70426624,6,8,63,1,1,0.00017115326772909611,0.11999999731779099,14993.48046875
EleutherAI/pythia-70m,50000,step50000,70426624,6,8,63,1,2,0.0023798495531082153,0.11999999731779099,14993.48046875
EleutherAI/pythia-70m,50000,step50000,70426624,6,8,63,1,3,2.077506906061899e-05,0.11999999731779099,14993.48046875
EleutherAI/pythia-70m,50000,step50000,70426624,6,8,63,1,4,0.008005592040717602,0.11999999731779099,14993.48046875
EleutherAI/pythia-70m,50000,step50000,70426624,6,8,63,1,5,0.0010316718835383654,0.11999999731779099,14993.48046875
EleutherAI/pythia-70m,50000,step50000,70426624,6,8,63,1,6,0.00351121136918664,0.11999999731779099,14993.48046875
EleutherAI/pythia-70m,50000,step50000,70426624,6,8,63,1,7,0.005200600251555443,0.11999999731779099,14993.48046875
EleutherAI/pythia-70m,50000,step50000,70426624,6,8,63,2,0,0.001620125025510788,0.11999999731779099,14993.48046875
EleutherAI/pythia-70m,50000,step50000,70426624,6,8,63,2,1,1.9553354768664377e-10,0.11999999731779099,14993.48046875
EleutherAI/pythia-70m,50000,step50000,70426624,6,8,63,2,2,0.002424187958240509,0.11999999731779099,14993.48046875
EleutherAI/pythia-70m,50000,step50000,70426624,6,8,63,2,3,0.001587343867868185,0.11999999731779099,14993.48046875
EleutherAI/pythia-70m,50000,step50000,70426624,6,8,63,2,4,4.371768227429129e-06,0.11999999731779099,14993.48046875
EleutherAI/pythia-70m,50000,step50000,70426624,6,8,63,2,5,0.01118257362395525,0.11999999731779099,14993.48046875
EleutherAI/pythia-70m,50000,step50000,70426624,6,8,63,2,6,0.00777675025165081,0.11999999731779099,14993.48046875
EleutherAI/pythia-70m,50000,step50000,70426624,6,8,63,2,7,1.583077755640261e-05,0.11999999731779099,14993.48046875
EleutherAI/pythia-70m,50000,step50000,70426624,6,8,63,3,0,0.130953848361969,0.11999999731779099,14993.48046875
EleutherAI/pythia-70m,50000,step50000,70426624,6,8,63,3,1,0.2026691883802414,0.11999999731779099,14993.48046875
EleutherAI/pythia-70m,50000,step50000,70426624,6,8,63,3,2,0.0022473325952887535,0.11999999731779099,14993.48046875
EleutherAI/pythia-70m,50000,step50000,70426624,6,8,63,3,3,0.015070242807269096,0.11999999731779099,14993.48046875
EleutherAI/pythia-70m,50000,step50000,70426624,6,8,63,3,4,0.0053822654299438,0.11999999731779099,14993.48046875
EleutherAI/pythia-70m,50000,step50000,70426624,6,8,63,3,5,0.20451465249061584,0.11999999731779099,14993.48046875
EleutherAI/pythia-70m,50000,step50000,70426624,6,8,63,3,6,0.36671188473701477,0.11999999731779099,14993.48046875
EleutherAI/pythia-70m,50000,step50000,70426624,6,8,63,3,7,0.00945011805742979,0.11999999731779099,14993.48046875
EleutherAI/pythia-70m,50000,step50000,70426624,6,8,63,4,0,0.012263838201761246,0.11999999731779099,14993.48046875
EleutherAI/pythia-70m,50000,step50000,70426624,6,8,63,4,1,0.016711201518774033,0.11999999731779099,14993.48046875
EleutherAI/pythia-70m,50000,step50000,70426624,6,8,63,4,2,0.025399846956133842,0.11999999731779099,14993.48046875
EleutherAI/pythia-70m,50000,step50000,70426624,6,8,63,4,3,0.017419058829545975,0.11999999731779099,14993.48046875
EleutherAI/pythia-70m,50000,step50000,70426624,6,8,63,4,4,0.01482902280986309,0.11999999731779099,14993.48046875
EleutherAI/pythia-70m,50000,step50000,70426624,6,8,63,4,5,0.009974552318453789,0.11999999731779099,14993.48046875
EleutherAI/pythia-70m,50000,step50000,70426624,6,8,63,4,6,0.020962439477443695,0.11999999731779099,14993.48046875
EleutherAI/pythia-70m,50000,step50000,70426624,6,8,63,4,7,0.024367254227399826,0.11999999731779099,14993.48046875
EleutherAI/pythia-70m,50000,step50000,70426624,6,8,63,5,0,0.004531336482614279,0.11999999731779099,14993.48046875
EleutherAI/pythia-70m,50000,step50000,70426624,6,8,63,5,1,0.0018025824101641774,0.11999999731779099,14993.48046875
EleutherAI/pythia-70m,50000,step50000,70426624,6,8,63,5,2,0.0016470890259370208,0.11999999731779099,14993.48046875
EleutherAI/pythia-70m,50000,step50000,70426624,6,8,63,5,3,0.0008838686626404524,0.11999999731779099,14993.48046875
EleutherAI/pythia-70m,50000,step50000,70426624,6,8,63,5,4,0.003521845443174243,0.11999999731779099,14993.48046875
EleutherAI/pythia-70m,50000,step50000,70426624,6,8,63,5,5,0.003905851859599352,0.11999999731779099,14993.48046875
EleutherAI/pythia-70m,50000,step50000,70426624,6,8,63,5,6,0.004640600178390741,0.11999999731779099,14993.48046875
EleutherAI/pythia-70m,50000,step50000,70426624,6,8,63,5,7,4.94566083943937e-05,0.11999999731779099,14993.48046875
EleutherAI/pythia-70m,50000,step50000,70426624,6,8,64,0,0,0.005923309829086065,0.18000000715255737,8232.2802734375
EleutherAI/pythia-70m,50000,step50000,70426624,6,8,64,0,1,0.000489981088321656,0.18000000715255737,8232.2802734375
EleutherAI/pythia-70m,50000,step50000,70426624,6,8,64,0,2,0.00775672122836113,0.18000000715255737,8232.2802734375
EleutherAI/pythia-70m,50000,step50000,70426624,6,8,64,0,3,0.0013235784135758877,0.18000000715255737,8232.2802734375
EleutherAI/pythia-70m,50000,step50000,70426624,6,8,64,0,4,0.0008674855343997478,0.18000000715255737,8232.2802734375
EleutherAI/pythia-70m,50000,step50000,70426624,6,8,64,0,5,0.00013009826943743974,0.18000000715255737,8232.2802734375
EleutherAI/pythia-70m,50000,step50000,70426624,6,8,64,0,6,0.008787906728684902,0.18000000715255737,8232.2802734375
EleutherAI/pythia-70m,50000,step50000,70426624,6,8,64,0,7,0.0007203300483524799,0.18000000715255737,8232.2802734375
EleutherAI/pythia-70m,50000,step50000,70426624,6,8,64,1,0,0.007406088523566723,0.18000000715255737,8232.2802734375
EleutherAI/pythia-70m,50000,step50000,70426624,6,8,64,1,1,0.00013093225425109267,0.18000000715255737,8232.2802734375
EleutherAI/pythia-70m,50000,step50000,70426624,6,8,64,1,2,0.0017325219232589006,0.18000000715255737,8232.2802734375
EleutherAI/pythia-70m,50000,step50000,70426624,6,8,64,1,3,7.839837053325027e-06,0.18000000715255737,8232.2802734375
EleutherAI/pythia-70m,50000,step50000,70426624,6,8,64,1,4,0.007284816354513168,0.18000000715255737,8232.2802734375
EleutherAI/pythia-70m,50000,step50000,70426624,6,8,64,1,5,0.00175189389847219,0.18000000715255737,8232.2802734375
EleutherAI/pythia-70m,50000,step50000,70426624,6,8,64,1,6,0.0034165128599852324,0.18000000715255737,8232.2802734375
EleutherAI/pythia-70m,50000,step50000,70426624,6,8,64,1,7,0.004857759922742844,0.18000000715255737,8232.2802734375
EleutherAI/pythia-70m,50000,step50000,70426624,6,8,64,2,0,0.0021105848718434572,0.18000000715255737,8232.2802734375
EleutherAI/pythia-70m,50000,step50000,70426624,6,8,64,2,1,1.131273824617196e-10,0.18000000715255737,8232.2802734375
EleutherAI/pythia-70m,50000,step50000,70426624,6,8,64,2,2,0.0020803550723940134,0.18000000715255737,8232.2802734375
EleutherAI/pythia-70m,50000,step50000,70426624,6,8,64,2,3,0.0015682108933106065,0.18000000715255737,8232.2802734375
EleutherAI/pythia-70m,50000,step50000,70426624,6,8,64,2,4,9.314648195868358e-06,0.18000000715255737,8232.2802734375
EleutherAI/pythia-70m,50000,step50000,70426624,6,8,64,2,5,0.013163363561034203,0.18000000715255737,8232.2802734375
EleutherAI/pythia-70m,50000,step50000,70426624,6,8,64,2,6,0.009063667617738247,0.18000000715255737,8232.2802734375
EleutherAI/pythia-70m,50000,step50000,70426624,6,8,64,2,7,1.911274011945352e-05,0.18000000715255737,8232.2802734375
EleutherAI/pythia-70m,50000,step50000,70426624,6,8,64,3,0,0.24086612462997437,0.18000000715255737,8232.2802734375
EleutherAI/pythia-70m,50000,step50000,70426624,6,8,64,3,1,0.4322052001953125,0.18000000715255737,8232.2802734375
EleutherAI/pythia-70m,50000,step50000,70426624,6,8,64,3,2,0.001862613600678742,0.18000000715255737,8232.2802734375
EleutherAI/pythia-70m,50000,step50000,70426624,6,8,64,3,3,0.015333926305174828,0.18000000715255737,8232.2802734375
EleutherAI/pythia-70m,50000,step50000,70426624,6,8,64,3,4,0.00481597613543272,0.18000000715255737,8232.2802734375
EleutherAI/pythia-70m,50000,step50000,70426624,6,8,64,3,5,0.4146186113357544,0.18000000715255737,8232.2802734375
EleutherAI/pythia-70m,50000,step50000,70426624,6,8,64,3,6,0.5378768444061279,0.18000000715255737,8232.2802734375
EleutherAI/pythia-70m,50000,step50000,70426624,6,8,64,3,7,0.010243244469165802,0.18000000715255737,8232.2802734375
EleutherAI/pythia-70m,50000,step50000,70426624,6,8,64,4,0,0.01626558229327202,0.18000000715255737,8232.2802734375
EleutherAI/pythia-70m,50000,step50000,70426624,6,8,64,4,1,0.019292959943413734,0.18000000715255737,8232.2802734375
EleutherAI/pythia-70m,50000,step50000,70426624,6,8,64,4,2,0.02996077947318554,0.18000000715255737,8232.2802734375
EleutherAI/pythia-70m,50000,step50000,70426624,6,8,64,4,3,0.03333830460906029,0.18000000715255737,8232.2802734375
EleutherAI/pythia-70m,50000,step50000,70426624,6,8,64,4,4,0.016131849959492683,0.18000000715255737,8232.2802734375
EleutherAI/pythia-70m,50000,step50000,70426624,6,8,64,4,5,0.009688254445791245,0.18000000715255737,8232.2802734375
EleutherAI/pythia-70m,50000,step50000,70426624,6,8,64,4,6,0.02705739066004753,0.18000000715255737,8232.2802734375
EleutherAI/pythia-70m,50000,step50000,70426624,6,8,64,4,7,0.03233690187335014,0.18000000715255737,8232.2802734375
EleutherAI/pythia-70m,50000,step50000,70426624,6,8,64,5,0,0.005724506918340921,0.18000000715255737,8232.2802734375
EleutherAI/pythia-70m,50000,step50000,70426624,6,8,64,5,1,0.0008852487662807107,0.18000000715255737,8232.2802734375
EleutherAI/pythia-70m,50000,step50000,70426624,6,8,64,5,2,0.0023909045848995447,0.18000000715255737,8232.2802734375
EleutherAI/pythia-70m,50000,step50000,70426624,6,8,64,5,3,9.671990119386464e-05,0.18000000715255737,8232.2802734375
EleutherAI/pythia-70m,50000,step50000,70426624,6,8,64,5,4,0.002101669553667307,0.18000000715255737,8232.2802734375
EleutherAI/pythia-70m,50000,step50000,70426624,6,8,64,5,5,0.00589649798348546,0.18000000715255737,8232.2802734375
EleutherAI/pythia-70m,50000,step50000,70426624,6,8,64,5,6,0.005278834141790867,0.18000000715255737,8232.2802734375
EleutherAI/pythia-70m,50000,step50000,70426624,6,8,64,5,7,9.542111365590245e-05,0.18000000715255737,8232.2802734375
EleutherAI/pythia-70m,50000,step50000,70426624,6,8,65,0,0,0.008695888333022594,0.2199999988079071,12084.1201171875
EleutherAI/pythia-70m,50000,step50000,70426624,6,8,65,0,1,0.00037995667662471533,0.2199999988079071,12084.1201171875
EleutherAI/pythia-70m,50000,step50000,70426624,6,8,65,0,2,0.008580109104514122,0.2199999988079071,12084.1201171875
EleutherAI/pythia-70m,50000,step50000,70426624,6,8,65,0,3,0.0009416665998287499,0.2199999988079071,12084.1201171875
EleutherAI/pythia-70m,50000,step50000,70426624,6,8,65,0,4,0.0006246007396839559,0.2199999988079071,12084.1201171875
EleutherAI/pythia-70m,50000,step50000,70426624,6,8,65,0,5,0.0037471791729331017,0.2199999988079071,12084.1201171875
EleutherAI/pythia-70m,50000,step50000,70426624,6,8,65,0,6,0.008163748309016228,0.2199999988079071,12084.1201171875
EleutherAI/pythia-70m,50000,step50000,70426624,6,8,65,0,7,0.0009002227452583611,0.2199999988079071,12084.1201171875
EleutherAI/pythia-70m,50000,step50000,70426624,6,8,65,1,0,0.005745036527514458,0.2199999988079071,12084.1201171875
EleutherAI/pythia-70m,50000,step50000,70426624,6,8,65,1,1,3.681371526909061e-05,0.2199999988079071,12084.1201171875
EleutherAI/pythia-70m,50000,step50000,70426624,6,8,65,1,2,0.00021851893689017743,0.2199999988079071,12084.1201171875
EleutherAI/pythia-70m,50000,step50000,70426624,6,8,65,1,3,3.5102050333080115e-06,0.2199999988079071,12084.1201171875
EleutherAI/pythia-70m,50000,step50000,70426624,6,8,65,1,4,0.00540882395580411,0.2199999988079071,12084.1201171875
EleutherAI/pythia-70m,50000,step50000,70426624,6,8,65,1,5,0.0012478199787437916,0.2199999988079071,12084.1201171875
EleutherAI/pythia-70m,50000,step50000,70426624,6,8,65,1,6,0.0028019635938107967,0.2199999988079071,12084.1201171875
EleutherAI/pythia-70m,50000,step50000,70426624,6,8,65,1,7,0.0005522790597751737,0.2199999988079071,12084.1201171875
EleutherAI/pythia-70m,50000,step50000,70426624,6,8,65,2,0,0.0019032107666134834,0.2199999988079071,12084.1201171875
EleutherAI/pythia-70m,50000,step50000,70426624,6,8,65,2,1,1.503600133290206e-09,0.2199999988079071,12084.1201171875
EleutherAI/pythia-70m,50000,step50000,70426624,6,8,65,2,2,0.0026083553675562143,0.2199999988079071,12084.1201171875
EleutherAI/pythia-70m,50000,step50000,70426624,6,8,65,2,3,0.0009500595042482018,0.2199999988079071,12084.1201171875
EleutherAI/pythia-70m,50000,step50000,70426624,6,8,65,2,4,1.6832165101732244e-06,0.2199999988079071,12084.1201171875
EleutherAI/pythia-70m,50000,step50000,70426624,6,8,65,2,5,0.010286962613463402,0.2199999988079071,12084.1201171875
EleutherAI/pythia-70m,50000,step50000,70426624,6,8,65,2,6,0.008473488502204418,0.2199999988079071,12084.1201171875
EleutherAI/pythia-70m,50000,step50000,70426624,6,8,65,2,7,4.320359948906116e-05,0.2199999988079071,12084.1201171875
EleutherAI/pythia-70m,50000,step50000,70426624,6,8,65,3,0,0.15947425365447998,0.2199999988079071,12084.1201171875
EleutherAI/pythia-70m,50000,step50000,70426624,6,8,65,3,1,0.3371996581554413,0.2199999988079071,12084.1201171875
EleutherAI/pythia-70m,50000,step50000,70426624,6,8,65,3,2,0.002497443463653326,0.2199999988079071,12084.1201171875
EleutherAI/pythia-70m,50000,step50000,70426624,6,8,65,3,3,0.015555961057543755,0.2199999988079071,12084.1201171875
EleutherAI/pythia-70m,50000,step50000,70426624,6,8,65,3,4,0.006871907506138086,0.2199999988079071,12084.1201171875
EleutherAI/pythia-70m,50000,step50000,70426624,6,8,65,3,5,0.32639044523239136,0.2199999988079071,12084.1201171875
EleutherAI/pythia-70m,50000,step50000,70426624,6,8,65,3,6,0.5019593834877014,0.2199999988079071,12084.1201171875
EleutherAI/pythia-70m,50000,step50000,70426624,6,8,65,3,7,0.013280675746500492,0.2199999988079071,12084.1201171875
EleutherAI/pythia-70m,50000,step50000,70426624,6,8,65,4,0,0.01677258312702179,0.2199999988079071,12084.1201171875
EleutherAI/pythia-70m,50000,step50000,70426624,6,8,65,4,1,0.01800917088985443,0.2199999988079071,12084.1201171875
EleutherAI/pythia-70m,50000,step50000,70426624,6,8,65,4,2,0.026352515444159508,0.2199999988079071,12084.1201171875
EleutherAI/pythia-70m,50000,step50000,70426624,6,8,65,4,3,0.026806335896253586,0.2199999988079071,12084.1201171875
EleutherAI/pythia-70m,50000,step50000,70426624,6,8,65,4,4,0.01987004093825817,0.2199999988079071,12084.1201171875
EleutherAI/pythia-70m,50000,step50000,70426624,6,8,65,4,5,0.012730257585644722,0.2199999988079071,12084.1201171875
EleutherAI/pythia-70m,50000,step50000,70426624,6,8,65,4,6,0.02439260296523571,0.2199999988079071,12084.1201171875
EleutherAI/pythia-70m,50000,step50000,70426624,6,8,65,4,7,0.034432947635650635,0.2199999988079071,12084.1201171875
EleutherAI/pythia-70m,50000,step50000,70426624,6,8,65,5,0,0.01267830841243267,0.2199999988079071,12084.1201171875
EleutherAI/pythia-70m,50000,step50000,70426624,6,8,65,5,1,0.0025903796777129173,0.2199999988079071,12084.1201171875
EleutherAI/pythia-70m,50000,step50000,70426624,6,8,65,5,2,0.009908555075526237,0.2199999988079071,12084.1201171875
EleutherAI/pythia-70m,50000,step50000,70426624,6,8,65,5,3,0.001149083487689495,0.2199999988079071,12084.1201171875
EleutherAI/pythia-70m,50000,step50000,70426624,6,8,65,5,4,0.005581972189247608,0.2199999988079071,12084.1201171875
EleutherAI/pythia-70m,50000,step50000,70426624,6,8,65,5,5,0.010574671439826488,0.2199999988079071,12084.1201171875
EleutherAI/pythia-70m,50000,step50000,70426624,6,8,65,5,6,0.013271539472043514,0.2199999988079071,12084.1201171875
EleutherAI/pythia-70m,50000,step50000,70426624,6,8,65,5,7,3.4908433008240536e-05,0.2199999988079071,12084.1201171875
EleutherAI/pythia-70m,50000,step50000,70426624,6,8,66,0,0,0.008121387101709843,0.11999999731779099,12734.0595703125
EleutherAI/pythia-70m,50000,step50000,70426624,6,8,66,0,1,0.0004040021449327469,0.11999999731779099,12734.0595703125
EleutherAI/pythia-70m,50000,step50000,70426624,6,8,66,0,2,0.00821756012737751,0.11999999731779099,12734.0595703125
EleutherAI/pythia-70m,50000,step50000,70426624,6,8,66,0,3,0.0013279278064146638,0.11999999731779099,12734.0595703125
EleutherAI/pythia-70m,50000,step50000,70426624,6,8,66,0,4,0.001148469396866858,0.11999999731779099,12734.0595703125
EleutherAI/pythia-70m,50000,step50000,70426624,6,8,66,0,5,5.3070565627422184e-05,0.11999999731779099,12734.0595703125
EleutherAI/pythia-70m,50000,step50000,70426624,6,8,66,0,6,0.010996134020388126,0.11999999731779099,12734.0595703125
EleutherAI/pythia-70m,50000,step50000,70426624,6,8,66,0,7,0.00018263087258674204,0.11999999731779099,12734.0595703125
EleutherAI/pythia-70m,50000,step50000,70426624,6,8,66,1,0,0.008888060227036476,0.11999999731779099,12734.0595703125
EleutherAI/pythia-70m,50000,step50000,70426624,6,8,66,1,1,2.755677269306034e-05,0.11999999731779099,12734.0595703125
EleutherAI/pythia-70m,50000,step50000,70426624,6,8,66,1,2,0.00012061412417097017,0.11999999731779099,12734.0595703125
EleutherAI/pythia-70m,50000,step50000,70426624,6,8,66,1,3,4.091874416189967e-06,0.11999999731779099,12734.0595703125
EleutherAI/pythia-70m,50000,step50000,70426624,6,8,66,1,4,0.005053809378296137,0.11999999731779099,12734.0595703125
EleutherAI/pythia-70m,50000,step50000,70426624,6,8,66,1,5,0.0012555342400446534,0.11999999731779099,12734.0595703125
EleutherAI/pythia-70m,50000,step50000,70426624,6,8,66,1,6,0.00178251089528203,0.11999999731779099,12734.0595703125
EleutherAI/pythia-70m,50000,step50000,70426624,6,8,66,1,7,0.0012152609415352345,0.11999999731779099,12734.0595703125
EleutherAI/pythia-70m,50000,step50000,70426624,6,8,66,2,0,0.0019652293995022774,0.11999999731779099,12734.0595703125
EleutherAI/pythia-70m,50000,step50000,70426624,6,8,66,2,1,6.28562035753788e-10,0.11999999731779099,12734.0595703125
EleutherAI/pythia-70m,50000,step50000,70426624,6,8,66,2,2,0.002858334220945835,0.11999999731779099,12734.0595703125
EleutherAI/pythia-70m,50000,step50000,70426624,6,8,66,2,3,0.0017208425560966134,0.11999999731779099,12734.0595703125
EleutherAI/pythia-70m,50000,step50000,70426624,6,8,66,2,4,1.0713891924751806e-06,0.11999999731779099,12734.0595703125
EleutherAI/pythia-70m,50000,step50000,70426624,6,8,66,2,5,0.011917002499103546,0.11999999731779099,12734.0595703125
EleutherAI/pythia-70m,50000,step50000,70426624,6,8,66,2,6,0.005818539299070835,0.11999999731779099,12734.0595703125
EleutherAI/pythia-70m,50000,step50000,70426624,6,8,66,2,7,2.236039836134296e-05,0.11999999731779099,12734.0595703125
EleutherAI/pythia-70m,50000,step50000,70426624,6,8,66,3,0,0.17141464352607727,0.11999999731779099,12734.0595703125
EleutherAI/pythia-70m,50000,step50000,70426624,6,8,66,3,1,0.2624659836292267,0.11999999731779099,12734.0595703125
EleutherAI/pythia-70m,50000,step50000,70426624,6,8,66,3,2,0.0022445139475166798,0.11999999731779099,12734.0595703125
EleutherAI/pythia-70m,50000,step50000,70426624,6,8,66,3,3,0.01265642512589693,0.11999999731779099,12734.0595703125
EleutherAI/pythia-70m,50000,step50000,70426624,6,8,66,3,4,0.006120355799794197,0.11999999731779099,12734.0595703125
EleutherAI/pythia-70m,50000,step50000,70426624,6,8,66,3,5,0.3016870617866516,0.11999999731779099,12734.0595703125
EleutherAI/pythia-70m,50000,step50000,70426624,6,8,66,3,6,0.4364946484565735,0.11999999731779099,12734.0595703125
EleutherAI/pythia-70m,50000,step50000,70426624,6,8,66,3,7,0.010244977660477161,0.11999999731779099,12734.0595703125
EleutherAI/pythia-70m,50000,step50000,70426624,6,8,66,4,0,0.014917132444679737,0.11999999731779099,12734.0595703125
EleutherAI/pythia-70m,50000,step50000,70426624,6,8,66,4,1,0.016483979299664497,0.11999999731779099,12734.0595703125
EleutherAI/pythia-70m,50000,step50000,70426624,6,8,66,4,2,0.0204194113612175,0.11999999731779099,12734.0595703125
EleutherAI/pythia-70m,50000,step50000,70426624,6,8,66,4,3,0.019812092185020447,0.11999999731779099,12734.0595703125
EleutherAI/pythia-70m,50000,step50000,70426624,6,8,66,4,4,0.015843067318201065,0.11999999731779099,12734.0595703125
EleutherAI/pythia-70m,50000,step50000,70426624,6,8,66,4,5,0.009730234742164612,0.11999999731779099,12734.0595703125
EleutherAI/pythia-70m,50000,step50000,70426624,6,8,66,4,6,0.021570155397057533,0.11999999731779099,12734.0595703125
EleutherAI/pythia-70m,50000,step50000,70426624,6,8,66,4,7,0.029326163232326508,0.11999999731779099,12734.0595703125
EleutherAI/pythia-70m,50000,step50000,70426624,6,8,66,5,0,0.005435924045741558,0.11999999731779099,12734.0595703125
EleutherAI/pythia-70m,50000,step50000,70426624,6,8,66,5,1,0.0016401303000748158,0.11999999731779099,12734.0595703125
EleutherAI/pythia-70m,50000,step50000,70426624,6,8,66,5,2,0.0028187877032905817,0.11999999731779099,12734.0595703125
EleutherAI/pythia-70m,50000,step50000,70426624,6,8,66,5,3,0.0007072380976751447,0.11999999731779099,12734.0595703125
EleutherAI/pythia-70m,50000,step50000,70426624,6,8,66,5,4,0.0031289542093873024,0.11999999731779099,12734.0595703125
EleutherAI/pythia-70m,50000,step50000,70426624,6,8,66,5,5,0.005308566149324179,0.11999999731779099,12734.0595703125
EleutherAI/pythia-70m,50000,step50000,70426624,6,8,66,5,6,0.004259180277585983,0.11999999731779099,12734.0595703125
EleutherAI/pythia-70m,50000,step50000,70426624,6,8,66,5,7,2.7085850888397545e-05,0.11999999731779099,12734.0595703125
EleutherAI/pythia-70m,50000,step50000,70426624,6,8,67,0,0,0.007632274646311998,0.1599999964237213,9379.7197265625
EleutherAI/pythia-70m,50000,step50000,70426624,6,8,67,0,1,0.0004826585063710809,0.1599999964237213,9379.7197265625
EleutherAI/pythia-70m,50000,step50000,70426624,6,8,67,0,2,0.008151802234351635,0.1599999964237213,9379.7197265625
EleutherAI/pythia-70m,50000,step50000,70426624,6,8,67,0,3,0.0009286230779252946,0.1599999964237213,9379.7197265625
EleutherAI/pythia-70m,50000,step50000,70426624,6,8,67,0,4,0.001851632259786129,0.1599999964237213,9379.7197265625
EleutherAI/pythia-70m,50000,step50000,70426624,6,8,67,0,5,1.49518673424609e-05,0.1599999964237213,9379.7197265625
EleutherAI/pythia-70m,50000,step50000,70426624,6,8,67,0,6,0.00850876234471798,0.1599999964237213,9379.7197265625
EleutherAI/pythia-70m,50000,step50000,70426624,6,8,67,0,7,0.000463864766061306,0.1599999964237213,9379.7197265625
EleutherAI/pythia-70m,50000,step50000,70426624,6,8,67,1,0,0.007562760263681412,0.1599999964237213,9379.7197265625
EleutherAI/pythia-70m,50000,step50000,70426624,6,8,67,1,1,1.8267941413796507e-05,0.1599999964237213,9379.7197265625
EleutherAI/pythia-70m,50000,step50000,70426624,6,8,67,1,2,0.00013268650218378752,0.1599999964237213,9379.7197265625
EleutherAI/pythia-70m,50000,step50000,70426624,6,8,67,1,3,4.314655598136596e-06,0.1599999964237213,9379.7197265625
EleutherAI/pythia-70m,50000,step50000,70426624,6,8,67,1,4,0.0073994360864162445,0.1599999964237213,9379.7197265625
EleutherAI/pythia-70m,50000,step50000,70426624,6,8,67,1,5,0.0015221041394397616,0.1599999964237213,9379.7197265625
EleutherAI/pythia-70m,50000,step50000,70426624,6,8,67,1,6,0.0018025287427008152,0.1599999964237213,9379.7197265625
EleutherAI/pythia-70m,50000,step50000,70426624,6,8,67,1,7,0.0011390425497666001,0.1599999964237213,9379.7197265625
EleutherAI/pythia-70m,50000,step50000,70426624,6,8,67,2,0,0.0008905050926841795,0.1599999964237213,9379.7197265625
EleutherAI/pythia-70m,50000,step50000,70426624,6,8,67,2,1,3.0929557526260254e-11,0.1599999964237213,9379.7197265625
EleutherAI/pythia-70m,50000,step50000,70426624,6,8,67,2,2,0.0013595590135082603,0.1599999964237213,9379.7197265625
EleutherAI/pythia-70m,50000,step50000,70426624,6,8,67,2,3,0.0009417172987014055,0.1599999964237213,9379.7197265625
EleutherAI/pythia-70m,50000,step50000,70426624,6,8,67,2,4,1.7473107618570793e-06,0.1599999964237213,9379.7197265625
EleutherAI/pythia-70m,50000,step50000,70426624,6,8,67,2,5,0.013577306643128395,0.1599999964237213,9379.7197265625
EleutherAI/pythia-70m,50000,step50000,70426624,6,8,67,2,6,0.008447950705885887,0.1599999964237213,9379.7197265625
EleutherAI/pythia-70m,50000,step50000,70426624,6,8,67,2,7,2.3611322831129655e-05,0.1599999964237213,9379.7197265625
EleutherAI/pythia-70m,50000,step50000,70426624,6,8,67,3,0,0.2542232275009155,0.1599999964237213,9379.7197265625
EleutherAI/pythia-70m,50000,step50000,70426624,6,8,67,3,1,0.4296726882457733,0.1599999964237213,9379.7197265625
EleutherAI/pythia-70m,50000,step50000,70426624,6,8,67,3,2,0.001643157796934247,0.1599999964237213,9379.7197265625
EleutherAI/pythia-70m,50000,step50000,70426624,6,8,67,3,3,0.016720164567232132,0.1599999964237213,9379.7197265625
EleutherAI/pythia-70m,50000,step50000,70426624,6,8,67,3,4,0.0047133807092905045,0.1599999964237213,9379.7197265625
EleutherAI/pythia-70m,50000,step50000,70426624,6,8,67,3,5,0.4437143802642822,0.1599999964237213,9379.7197265625
EleutherAI/pythia-70m,50000,step50000,70426624,6,8,67,3,6,0.6286953687667847,0.1599999964237213,9379.7197265625
EleutherAI/pythia-70m,50000,step50000,70426624,6,8,67,3,7,0.009200134314596653,0.1599999964237213,9379.7197265625
EleutherAI/pythia-70m,50000,step50000,70426624,6,8,67,4,0,0.017097799107432365,0.1599999964237213,9379.7197265625
EleutherAI/pythia-70m,50000,step50000,70426624,6,8,67,4,1,0.02557719312608242,0.1599999964237213,9379.7197265625
EleutherAI/pythia-70m,50000,step50000,70426624,6,8,67,4,2,0.0371163934469223,0.1599999964237213,9379.7197265625
EleutherAI/pythia-70m,50000,step50000,70426624,6,8,67,4,3,0.04425918683409691,0.1599999964237213,9379.7197265625
EleutherAI/pythia-70m,50000,step50000,70426624,6,8,67,4,4,0.016110507771372795,0.1599999964237213,9379.7197265625
EleutherAI/pythia-70m,50000,step50000,70426624,6,8,67,4,5,0.009532018564641476,0.1599999964237213,9379.7197265625
EleutherAI/pythia-70m,50000,step50000,70426624,6,8,67,4,6,0.03260903060436249,0.1599999964237213,9379.7197265625
EleutherAI/pythia-70m,50000,step50000,70426624,6,8,67,4,7,0.056412529200315475,0.1599999964237213,9379.7197265625
EleutherAI/pythia-70m,50000,step50000,70426624,6,8,67,5,0,0.005363898351788521,0.1599999964237213,9379.7197265625
EleutherAI/pythia-70m,50000,step50000,70426624,6,8,67,5,1,0.0023447920102626085,0.1599999964237213,9379.7197265625
EleutherAI/pythia-70m,50000,step50000,70426624,6,8,67,5,2,0.0016110858414322138,0.1599999964237213,9379.7197265625
EleutherAI/pythia-70m,50000,step50000,70426624,6,8,67,5,3,0.0003680929949041456,0.1599999964237213,9379.7197265625
EleutherAI/pythia-70m,50000,step50000,70426624,6,8,67,5,4,0.0011694103013724089,0.1599999964237213,9379.7197265625
EleutherAI/pythia-70m,50000,step50000,70426624,6,8,67,5,5,0.00389461824670434,0.1599999964237213,9379.7197265625
EleutherAI/pythia-70m,50000,step50000,70426624,6,8,67,5,6,0.004931467119604349,0.1599999964237213,9379.7197265625
EleutherAI/pythia-70m,50000,step50000,70426624,6,8,67,5,7,2.1327203285181895e-05,0.1599999964237213,9379.7197265625
EleutherAI/pythia-70m,50000,step50000,70426624,6,8,68,0,0,0.007864748127758503,0.3199999928474426,9232.740234375
EleutherAI/pythia-70m,50000,step50000,70426624,6,8,68,0,1,0.00029726841603405774,0.3199999928474426,9232.740234375
EleutherAI/pythia-70m,50000,step50000,70426624,6,8,68,0,2,0.01132187619805336,0.3199999928474426,9232.740234375
EleutherAI/pythia-70m,50000,step50000,70426624,6,8,68,0,3,0.0012506460770964622,0.3199999928474426,9232.740234375
EleutherAI/pythia-70m,50000,step50000,70426624,6,8,68,0,4,0.0015533211408182979,0.3199999928474426,9232.740234375
EleutherAI/pythia-70m,50000,step50000,70426624,6,8,68,0,5,0.0009741761023178697,0.3199999928474426,9232.740234375
EleutherAI/pythia-70m,50000,step50000,70426624,6,8,68,0,6,0.011030696332454681,0.3199999928474426,9232.740234375
EleutherAI/pythia-70m,50000,step50000,70426624,6,8,68,0,7,0.0006040323642082512,0.3199999928474426,9232.740234375
EleutherAI/pythia-70m,50000,step50000,70426624,6,8,68,1,0,0.008110838942229748,0.3199999928474426,9232.740234375
EleutherAI/pythia-70m,50000,step50000,70426624,6,8,68,1,1,0.00016164891712833196,0.3199999928474426,9232.740234375
EleutherAI/pythia-70m,50000,step50000,70426624,6,8,68,1,2,0.00034733134089037776,0.3199999928474426,9232.740234375
EleutherAI/pythia-70m,50000,step50000,70426624,6,8,68,1,3,7.539704711234663e-06,0.3199999928474426,9232.740234375
EleutherAI/pythia-70m,50000,step50000,70426624,6,8,68,1,4,0.008580155670642853,0.3199999928474426,9232.740234375
EleutherAI/pythia-70m,50000,step50000,70426624,6,8,68,1,5,0.001495098927989602,0.3199999928474426,9232.740234375
EleutherAI/pythia-70m,50000,step50000,70426624,6,8,68,1,6,0.004846244119107723,0.3199999928474426,9232.740234375
EleutherAI/pythia-70m,50000,step50000,70426624,6,8,68,1,7,0.003434504382312298,0.3199999928474426,9232.740234375
EleutherAI/pythia-70m,50000,step50000,70426624,6,8,68,2,0,0.0011804435634985566,0.3199999928474426,9232.740234375
EleutherAI/pythia-70m,50000,step50000,70426624,6,8,68,2,1,7.623555953184535e-11,0.3199999928474426,9232.740234375
EleutherAI/pythia-70m,50000,step50000,70426624,6,8,68,2,2,0.0015962828183546662,0.3199999928474426,9232.740234375
EleutherAI/pythia-70m,50000,step50000,70426624,6,8,68,2,3,0.0024633537977933884,0.3199999928474426,9232.740234375
EleutherAI/pythia-70m,50000,step50000,70426624,6,8,68,2,4,3.923905467217992e-07,0.3199999928474426,9232.740234375
EleutherAI/pythia-70m,50000,step50000,70426624,6,8,68,2,5,0.01228235848248005,0.3199999928474426,9232.740234375
EleutherAI/pythia-70m,50000,step50000,70426624,6,8,68,2,6,0.007473945152014494,0.3199999928474426,9232.740234375
EleutherAI/pythia-70m,50000,step50000,70426624,6,8,68,2,7,3.900762749253772e-06,0.3199999928474426,9232.740234375
EleutherAI/pythia-70m,50000,step50000,70426624,6,8,68,3,0,0.26476237177848816,0.3199999928474426,9232.740234375
EleutherAI/pythia-70m,50000,step50000,70426624,6,8,68,3,1,0.5017481446266174,0.3199999928474426,9232.740234375
EleutherAI/pythia-70m,50000,step50000,70426624,6,8,68,3,2,0.0020959891844540834,0.3199999928474426,9232.740234375
EleutherAI/pythia-70m,50000,step50000,70426624,6,8,68,3,3,0.015257439576089382,0.3199999928474426,9232.740234375
EleutherAI/pythia-70m,50000,step50000,70426624,6,8,68,3,4,0.0036496059037745,0.3199999928474426,9232.740234375
EleutherAI/pythia-70m,50000,step50000,70426624,6,8,68,3,5,0.5162002444267273,0.3199999928474426,9232.740234375
EleutherAI/pythia-70m,50000,step50000,70426624,6,8,68,3,6,0.6870507001876831,0.3199999928474426,9232.740234375
EleutherAI/pythia-70m,50000,step50000,70426624,6,8,68,3,7,0.010749625973403454,0.3199999928474426,9232.740234375
EleutherAI/pythia-70m,50000,step50000,70426624,6,8,68,4,0,0.01773647964000702,0.3199999928474426,9232.740234375
EleutherAI/pythia-70m,50000,step50000,70426624,6,8,68,4,1,0.02888028882443905,0.3199999928474426,9232.740234375
EleutherAI/pythia-70m,50000,step50000,70426624,6,8,68,4,2,0.05295197665691376,0.3199999928474426,9232.740234375
EleutherAI/pythia-70m,50000,step50000,70426624,6,8,68,4,3,0.037255898118019104,0.3199999928474426,9232.740234375
EleutherAI/pythia-70m,50000,step50000,70426624,6,8,68,4,4,0.020097138360142708,0.3199999928474426,9232.740234375
EleutherAI/pythia-70m,50000,step50000,70426624,6,8,68,4,5,0.010767280124127865,0.3199999928474426,9232.740234375
EleutherAI/pythia-70m,50000,step50000,70426624,6,8,68,4,6,0.03336776793003082,0.3199999928474426,9232.740234375
EleutherAI/pythia-70m,50000,step50000,70426624,6,8,68,4,7,0.050977673381567,0.3199999928474426,9232.740234375
EleutherAI/pythia-70m,50000,step50000,70426624,6,8,68,5,0,0.001914899330586195,0.3199999928474426,9232.740234375
EleutherAI/pythia-70m,50000,step50000,70426624,6,8,68,5,1,0.0019646338187158108,0.3199999928474426,9232.740234375
EleutherAI/pythia-70m,50000,step50000,70426624,6,8,68,5,2,0.015703096985816956,0.3199999928474426,9232.740234375
EleutherAI/pythia-70m,50000,step50000,70426624,6,8,68,5,3,0.00187672208994627,0.3199999928474426,9232.740234375
EleutherAI/pythia-70m,50000,step50000,70426624,6,8,68,5,4,0.000625988410320133,0.3199999928474426,9232.740234375
EleutherAI/pythia-70m,50000,step50000,70426624,6,8,68,5,5,0.0025228403974324465,0.3199999928474426,9232.740234375
EleutherAI/pythia-70m,50000,step50000,70426624,6,8,68,5,6,0.006791668012738228,0.3199999928474426,9232.740234375
EleutherAI/pythia-70m,50000,step50000,70426624,6,8,68,5,7,6.209269031387521e-06,0.3199999928474426,9232.740234375
EleutherAI/pythia-70m,50000,step50000,70426624,6,8,69,0,0,0.007234260439872742,0.14000000059604645,12431.7998046875
EleutherAI/pythia-70m,50000,step50000,70426624,6,8,69,0,1,0.00028341126744635403,0.14000000059604645,12431.7998046875
EleutherAI/pythia-70m,50000,step50000,70426624,6,8,69,0,2,0.006009815260767937,0.14000000059604645,12431.7998046875
EleutherAI/pythia-70m,50000,step50000,70426624,6,8,69,0,3,0.0004079368954990059,0.14000000059604645,12431.7998046875
EleutherAI/pythia-70m,50000,step50000,70426624,6,8,69,0,4,0.009212816134095192,0.14000000059604645,12431.7998046875
EleutherAI/pythia-70m,50000,step50000,70426624,6,8,69,0,5,9.004743333207443e-06,0.14000000059604645,12431.7998046875
EleutherAI/pythia-70m,50000,step50000,70426624,6,8,69,0,6,0.0095602385699749,0.14000000059604645,12431.7998046875
EleutherAI/pythia-70m,50000,step50000,70426624,6,8,69,0,7,0.0030443090945482254,0.14000000059604645,12431.7998046875
EleutherAI/pythia-70m,50000,step50000,70426624,6,8,69,1,0,0.009536659345030785,0.14000000059604645,12431.7998046875
EleutherAI/pythia-70m,50000,step50000,70426624,6,8,69,1,1,5.75396916246973e-05,0.14000000059604645,12431.7998046875
EleutherAI/pythia-70m,50000,step50000,70426624,6,8,69,1,2,0.0005758378538303077,0.14000000059604645,12431.7998046875
EleutherAI/pythia-70m,50000,step50000,70426624,6,8,69,1,3,2.171218966395827e-06,0.14000000059604645,12431.7998046875
EleutherAI/pythia-70m,50000,step50000,70426624,6,8,69,1,4,0.007247874513268471,0.14000000059604645,12431.7998046875
EleutherAI/pythia-70m,50000,step50000,70426624,6,8,69,1,5,0.0017606995534151793,0.14000000059604645,12431.7998046875
EleutherAI/pythia-70m,50000,step50000,70426624,6,8,69,1,6,0.0034243452828377485,0.14000000059604645,12431.7998046875
EleutherAI/pythia-70m,50000,step50000,70426624,6,8,69,1,7,0.0009697321802377701,0.14000000059604645,12431.7998046875
EleutherAI/pythia-70m,50000,step50000,70426624,6,8,69,2,0,0.0020810372661799192,0.14000000059604645,12431.7998046875
EleutherAI/pythia-70m,50000,step50000,70426624,6,8,69,2,1,1.550848754972023e-10,0.14000000059604645,12431.7998046875
EleutherAI/pythia-70m,50000,step50000,70426624,6,8,69,2,2,0.0013668432366102934,0.14000000059604645,12431.7998046875
EleutherAI/pythia-70m,50000,step50000,70426624,6,8,69,2,3,0.0016311433864757419,0.14000000059604645,12431.7998046875
EleutherAI/pythia-70m,50000,step50000,70426624,6,8,69,2,4,7.255831633301568e-07,0.14000000059604645,12431.7998046875
EleutherAI/pythia-70m,50000,step50000,70426624,6,8,69,2,5,0.015910644084215164,0.14000000059604645,12431.7998046875
EleutherAI/pythia-70m,50000,step50000,70426624,6,8,69,2,6,0.011139626614749432,0.14000000059604645,12431.7998046875
EleutherAI/pythia-70m,50000,step50000,70426624,6,8,69,2,7,4.14626310885069e-06,0.14000000059604645,12431.7998046875
EleutherAI/pythia-70m,50000,step50000,70426624,6,8,69,3,0,0.1857098788022995,0.14000000059604645,12431.7998046875
EleutherAI/pythia-70m,50000,step50000,70426624,6,8,69,3,1,0.3318586051464081,0.14000000059604645,12431.7998046875
EleutherAI/pythia-70m,50000,step50000,70426624,6,8,69,3,2,0.0019531711004674435,0.14000000059604645,12431.7998046875
EleutherAI/pythia-70m,50000,step50000,70426624,6,8,69,3,3,0.01523654442280531,0.14000000059604645,12431.7998046875
EleutherAI/pythia-70m,50000,step50000,70426624,6,8,69,3,4,0.005346952471882105,0.14000000059604645,12431.7998046875
EleutherAI/pythia-70m,50000,step50000,70426624,6,8,69,3,5,0.3847672641277313,0.14000000059604645,12431.7998046875
EleutherAI/pythia-70m,50000,step50000,70426624,6,8,69,3,6,0.5466728210449219,0.14000000059604645,12431.7998046875
EleutherAI/pythia-70m,50000,step50000,70426624,6,8,69,3,7,0.011162202805280685,0.14000000059604645,12431.7998046875
EleutherAI/pythia-70m,50000,step50000,70426624,6,8,69,4,0,0.013150407932698727,0.14000000059604645,12431.7998046875
EleutherAI/pythia-70m,50000,step50000,70426624,6,8,69,4,1,0.01417949702590704,0.14000000059604645,12431.7998046875
EleutherAI/pythia-70m,50000,step50000,70426624,6,8,69,4,2,0.029506800696253777,0.14000000059604645,12431.7998046875
EleutherAI/pythia-70m,50000,step50000,70426624,6,8,69,4,3,0.022793367505073547,0.14000000059604645,12431.7998046875
EleutherAI/pythia-70m,50000,step50000,70426624,6,8,69,4,4,0.0158570297062397,0.14000000059604645,12431.7998046875
EleutherAI/pythia-70m,50000,step50000,70426624,6,8,69,4,5,0.012302731163799763,0.14000000059604645,12431.7998046875
EleutherAI/pythia-70m,50000,step50000,70426624,6,8,69,4,6,0.020850488916039467,0.14000000059604645,12431.7998046875
EleutherAI/pythia-70m,50000,step50000,70426624,6,8,69,4,7,0.034414634108543396,0.14000000059604645,12431.7998046875
EleutherAI/pythia-70m,50000,step50000,70426624,6,8,69,5,0,0.0036236548330634832,0.14000000059604645,12431.7998046875
EleutherAI/pythia-70m,50000,step50000,70426624,6,8,69,5,1,0.0013126075500622392,0.14000000059604645,12431.7998046875
EleutherAI/pythia-70m,50000,step50000,70426624,6,8,69,5,2,0.004494993481785059,0.14000000059604645,12431.7998046875
EleutherAI/pythia-70m,50000,step50000,70426624,6,8,69,5,3,0.00010957816266454756,0.14000000059604645,12431.7998046875
EleutherAI/pythia-70m,50000,step50000,70426624,6,8,69,5,4,0.006941166706383228,0.14000000059604645,12431.7998046875
EleutherAI/pythia-70m,50000,step50000,70426624,6,8,69,5,5,0.0067960298620164394,0.14000000059604645,12431.7998046875
EleutherAI/pythia-70m,50000,step50000,70426624,6,8,69,5,6,0.004447901621460915,0.14000000059604645,12431.7998046875
EleutherAI/pythia-70m,50000,step50000,70426624,6,8,69,5,7,5.2750260692846496e-06,0.14000000059604645,12431.7998046875
EleutherAI/pythia-70m,50000,step50000,70426624,6,8,70,0,0,0.006944564636796713,0.5,3988.679931640625
EleutherAI/pythia-70m,50000,step50000,70426624,6,8,70,0,1,0.0003323304990772158,0.5,3988.679931640625
EleutherAI/pythia-70m,50000,step50000,70426624,6,8,70,0,2,0.011179249733686447,0.5,3988.679931640625
EleutherAI/pythia-70m,50000,step50000,70426624,6,8,70,0,3,0.00023798133770469576,0.5,3988.679931640625
EleutherAI/pythia-70m,50000,step50000,70426624,6,8,70,0,4,0.0010998295620083809,0.5,3988.679931640625
EleutherAI/pythia-70m,50000,step50000,70426624,6,8,70,0,5,3.710543387569487e-05,0.5,3988.679931640625
EleutherAI/pythia-70m,50000,step50000,70426624,6,8,70,0,6,0.01051625981926918,0.5,3988.679931640625
EleutherAI/pythia-70m,50000,step50000,70426624,6,8,70,0,7,0.000824709830339998,0.5,3988.679931640625
EleutherAI/pythia-70m,50000,step50000,70426624,6,8,70,1,0,0.007411533500999212,0.5,3988.679931640625
EleutherAI/pythia-70m,50000,step50000,70426624,6,8,70,1,1,0.0008799982024356723,0.5,3988.679931640625
EleutherAI/pythia-70m,50000,step50000,70426624,6,8,70,1,2,0.00017628971545491368,0.5,3988.679931640625
EleutherAI/pythia-70m,50000,step50000,70426624,6,8,70,1,3,1.7389269487466663e-05,0.5,3988.679931640625
EleutherAI/pythia-70m,50000,step50000,70426624,6,8,70,1,4,0.0071182106621563435,0.5,3988.679931640625
EleutherAI/pythia-70m,50000,step50000,70426624,6,8,70,1,5,0.0009786628652364016,0.5,3988.679931640625
EleutherAI/pythia-70m,50000,step50000,70426624,6,8,70,1,6,0.0040386090986430645,0.5,3988.679931640625
EleutherAI/pythia-70m,50000,step50000,70426624,6,8,70,1,7,0.001979856751859188,0.5,3988.679931640625
EleutherAI/pythia-70m,50000,step50000,70426624,6,8,70,2,0,0.0008489438914693892,0.5,3988.679931640625
EleutherAI/pythia-70m,50000,step50000,70426624,6,8,70,2,1,3.9885268698913734e-11,0.5,3988.679931640625
EleutherAI/pythia-70m,50000,step50000,70426624,6,8,70,2,2,0.0015487446216866374,0.5,3988.679931640625
EleutherAI/pythia-70m,50000,step50000,70426624,6,8,70,2,3,0.0018664059462025762,0.5,3988.679931640625
EleutherAI/pythia-70m,50000,step50000,70426624,6,8,70,2,4,7.090792223607423e-06,0.5,3988.679931640625
EleutherAI/pythia-70m,50000,step50000,70426624,6,8,70,2,5,0.0129310954362154,0.5,3988.679931640625
EleutherAI/pythia-70m,50000,step50000,70426624,6,8,70,2,6,0.0061686174012720585,0.5,3988.679931640625
EleutherAI/pythia-70m,50000,step50000,70426624,6,8,70,2,7,1.4597902918467298e-05,0.5,3988.679931640625
EleutherAI/pythia-70m,50000,step50000,70426624,6,8,70,3,0,0.4152827560901642,0.5,3988.679931640625
EleutherAI/pythia-70m,50000,step50000,70426624,6,8,70,3,1,0.6347603797912598,0.5,3988.679931640625
EleutherAI/pythia-70m,50000,step50000,70426624,6,8,70,3,2,0.0022802879102528095,0.5,3988.679931640625
EleutherAI/pythia-70m,50000,step50000,70426624,6,8,70,3,3,0.019149940460920334,0.5,3988.679931640625
EleutherAI/pythia-70m,50000,step50000,70426624,6,8,70,3,4,0.002944688778370619,0.5,3988.679931640625
EleutherAI/pythia-70m,50000,step50000,70426624,6,8,70,3,5,0.6476438641548157,0.5,3988.679931640625
EleutherAI/pythia-70m,50000,step50000,70426624,6,8,70,3,6,0.7728102207183838,0.5,3988.679931640625
EleutherAI/pythia-70m,50000,step50000,70426624,6,8,70,3,7,0.011693408712744713,0.5,3988.679931640625
EleutherAI/pythia-70m,50000,step50000,70426624,6,8,70,4,0,0.024289321154356003,0.5,3988.679931640625
EleutherAI/pythia-70m,50000,step50000,70426624,6,8,70,4,1,0.048067327588796616,0.5,3988.679931640625
EleutherAI/pythia-70m,50000,step50000,70426624,6,8,70,4,2,0.06596571207046509,0.5,3988.679931640625
EleutherAI/pythia-70m,50000,step50000,70426624,6,8,70,4,3,0.04737230762839317,0.5,3988.679931640625
EleutherAI/pythia-70m,50000,step50000,70426624,6,8,70,4,4,0.022470245137810707,0.5,3988.679931640625
EleutherAI/pythia-70m,50000,step50000,70426624,6,8,70,4,5,0.012829877436161041,0.5,3988.679931640625
EleutherAI/pythia-70m,50000,step50000,70426624,6,8,70,4,6,0.04257544130086899,0.5,3988.679931640625
EleutherAI/pythia-70m,50000,step50000,70426624,6,8,70,4,7,0.05225931107997894,0.5,3988.679931640625
EleutherAI/pythia-70m,50000,step50000,70426624,6,8,70,5,0,0.011645729653537273,0.5,3988.679931640625
EleutherAI/pythia-70m,50000,step50000,70426624,6,8,70,5,1,0.0027227019891142845,0.5,3988.679931640625
EleutherAI/pythia-70m,50000,step50000,70426624,6,8,70,5,2,0.0070594968274235725,0.5,3988.679931640625
EleutherAI/pythia-70m,50000,step50000,70426624,6,8,70,5,3,7.433142309309915e-05,0.5,3988.679931640625
EleutherAI/pythia-70m,50000,step50000,70426624,6,8,70,5,4,0.0059866225346922874,0.5,3988.679931640625
EleutherAI/pythia-70m,50000,step50000,70426624,6,8,70,5,5,0.011337530799210072,0.5,3988.679931640625
EleutherAI/pythia-70m,50000,step50000,70426624,6,8,70,5,6,0.014538764022290707,0.5,3988.679931640625
EleutherAI/pythia-70m,50000,step50000,70426624,6,8,70,5,7,1.9896535377483815e-05,0.5,3988.679931640625
EleutherAI/pythia-70m,50000,step50000,70426624,6,8,71,0,0,0.006231870502233505,0.3400000035762787,9260.900390625
EleutherAI/pythia-70m,50000,step50000,70426624,6,8,71,0,1,0.00026053647161461413,0.3400000035762787,9260.900390625
EleutherAI/pythia-70m,50000,step50000,70426624,6,8,71,0,2,0.008627332746982574,0.3400000035762787,9260.900390625
EleutherAI/pythia-70m,50000,step50000,70426624,6,8,71,0,3,0.0005074348882772028,0.3400000035762787,9260.900390625
EleutherAI/pythia-70m,50000,step50000,70426624,6,8,71,0,4,0.0008652189280837774,0.3400000035762787,9260.900390625
EleutherAI/pythia-70m,50000,step50000,70426624,6,8,71,0,5,5.097087523608934e-06,0.3400000035762787,9260.900390625
EleutherAI/pythia-70m,50000,step50000,70426624,6,8,71,0,6,0.008265533484518528,0.3400000035762787,9260.900390625
EleutherAI/pythia-70m,50000,step50000,70426624,6,8,71,0,7,0.0009899649303406477,0.3400000035762787,9260.900390625
EleutherAI/pythia-70m,50000,step50000,70426624,6,8,71,1,0,0.00702785886824131,0.3400000035762787,9260.900390625
EleutherAI/pythia-70m,50000,step50000,70426624,6,8,71,1,1,3.49688962160144e-05,0.3400000035762787,9260.900390625
EleutherAI/pythia-70m,50000,step50000,70426624,6,8,71,1,2,6.493791443062946e-05,0.3400000035762787,9260.900390625
EleutherAI/pythia-70m,50000,step50000,70426624,6,8,71,1,3,3.5298921829962637e-06,0.3400000035762787,9260.900390625
EleutherAI/pythia-70m,50000,step50000,70426624,6,8,71,1,4,0.00826056208461523,0.3400000035762787,9260.900390625
EleutherAI/pythia-70m,50000,step50000,70426624,6,8,71,1,5,0.0012084554182365537,0.3400000035762787,9260.900390625
EleutherAI/pythia-70m,50000,step50000,70426624,6,8,71,1,6,0.003577246330678463,0.3400000035762787,9260.900390625
EleutherAI/pythia-70m,50000,step50000,70426624,6,8,71,1,7,0.0011824809480458498,0.3400000035762787,9260.900390625
EleutherAI/pythia-70m,50000,step50000,70426624,6,8,71,2,0,0.0010274857049807906,0.3400000035762787,9260.900390625
EleutherAI/pythia-70m,50000,step50000,70426624,6,8,71,2,1,2.2244109332270057e-11,0.3400000035762787,9260.900390625
EleutherAI/pythia-70m,50000,step50000,70426624,6,8,71,2,2,0.0017609110800549388,0.3400000035762787,9260.900390625
EleutherAI/pythia-70m,50000,step50000,70426624,6,8,71,2,3,0.0013144903350621462,0.3400000035762787,9260.900390625
EleutherAI/pythia-70m,50000,step50000,70426624,6,8,71,2,4,7.832903179405548e-07,0.3400000035762787,9260.900390625
EleutherAI/pythia-70m,50000,step50000,70426624,6,8,71,2,5,0.014544496312737465,0.3400000035762787,9260.900390625
EleutherAI/pythia-70m,50000,step50000,70426624,6,8,71,2,6,0.010786757804453373,0.3400000035762787,9260.900390625
EleutherAI/pythia-70m,50000,step50000,70426624,6,8,71,2,7,2.346279870835133e-05,0.3400000035762787,9260.900390625
EleutherAI/pythia-70m,50000,step50000,70426624,6,8,71,3,0,0.24169239401817322,0.3400000035762787,9260.900390625
EleutherAI/pythia-70m,50000,step50000,70426624,6,8,71,3,1,0.40503668785095215,0.3400000035762787,9260.900390625
EleutherAI/pythia-70m,50000,step50000,70426624,6,8,71,3,2,0.002545437542721629,0.3400000035762787,9260.900390625
EleutherAI/pythia-70m,50000,step50000,70426624,6,8,71,3,3,0.0156289990991354,0.3400000035762787,9260.900390625
EleutherAI/pythia-70m,50000,step50000,70426624,6,8,71,3,4,0.008238366805016994,0.3400000035762787,9260.900390625
EleutherAI/pythia-70m,50000,step50000,70426624,6,8,71,3,5,0.4955488443374634,0.3400000035762787,9260.900390625
EleutherAI/pythia-70m,50000,step50000,70426624,6,8,71,3,6,0.6230857372283936,0.3400000035762787,9260.900390625
EleutherAI/pythia-70m,50000,step50000,70426624,6,8,71,3,7,0.013041960075497627,0.3400000035762787,9260.900390625
EleutherAI/pythia-70m,50000,step50000,70426624,6,8,71,4,0,0.017112789675593376,0.3400000035762787,9260.900390625
EleutherAI/pythia-70m,50000,step50000,70426624,6,8,71,4,1,0.019210997968912125,0.3400000035762787,9260.900390625
EleutherAI/pythia-70m,50000,step50000,70426624,6,8,71,4,2,0.03186967968940735,0.3400000035762787,9260.900390625
EleutherAI/pythia-70m,50000,step50000,70426624,6,8,71,4,3,0.027425365522503853,0.3400000035762787,9260.900390625
EleutherAI/pythia-70m,50000,step50000,70426624,6,8,71,4,4,0.017295043915510178,0.3400000035762787,9260.900390625
EleutherAI/pythia-70m,50000,step50000,70426624,6,8,71,4,5,0.011835522949695587,0.3400000035762787,9260.900390625
EleutherAI/pythia-70m,50000,step50000,70426624,6,8,71,4,6,0.03075822815299034,0.3400000035762787,9260.900390625
EleutherAI/pythia-70m,50000,step50000,70426624,6,8,71,4,7,0.039008911699056625,0.3400000035762787,9260.900390625
EleutherAI/pythia-70m,50000,step50000,70426624,6,8,71,5,0,0.010285415686666965,0.3400000035762787,9260.900390625
EleutherAI/pythia-70m,50000,step50000,70426624,6,8,71,5,1,0.0011304663494229317,0.3400000035762787,9260.900390625
EleutherAI/pythia-70m,50000,step50000,70426624,6,8,71,5,2,0.003844485618174076,0.3400000035762787,9260.900390625
EleutherAI/pythia-70m,50000,step50000,70426624,6,8,71,5,3,0.0006154108559712768,0.3400000035762787,9260.900390625
EleutherAI/pythia-70m,50000,step50000,70426624,6,8,71,5,4,0.005029391497373581,0.3400000035762787,9260.900390625
EleutherAI/pythia-70m,50000,step50000,70426624,6,8,71,5,5,0.005710967816412449,0.3400000035762787,9260.900390625
EleutherAI/pythia-70m,50000,step50000,70426624,6,8,71,5,6,0.01228394266217947,0.3400000035762787,9260.900390625
EleutherAI/pythia-70m,50000,step50000,70426624,6,8,71,5,7,2.4142907932400703e-05,0.3400000035762787,9260.900390625
EleutherAI/pythia-70m,50000,step50000,70426624,6,8,72,0,0,0.006941439583897591,0.1599999964237213,15337.6201171875
EleutherAI/pythia-70m,50000,step50000,70426624,6,8,72,0,1,0.0002464217832311988,0.1599999964237213,15337.6201171875
EleutherAI/pythia-70m,50000,step50000,70426624,6,8,72,0,2,0.010283628478646278,0.1599999964237213,15337.6201171875
EleutherAI/pythia-70m,50000,step50000,70426624,6,8,72,0,3,0.0010285633616149426,0.1599999964237213,15337.6201171875
EleutherAI/pythia-70m,50000,step50000,70426624,6,8,72,0,4,0.002462108386680484,0.1599999964237213,15337.6201171875
EleutherAI/pythia-70m,50000,step50000,70426624,6,8,72,0,5,0.00013574762851931155,0.1599999964237213,15337.6201171875
EleutherAI/pythia-70m,50000,step50000,70426624,6,8,72,0,6,0.010480203665792942,0.1599999964237213,15337.6201171875
EleutherAI/pythia-70m,50000,step50000,70426624,6,8,72,0,7,0.004374100361019373,0.1599999964237213,15337.6201171875
EleutherAI/pythia-70m,50000,step50000,70426624,6,8,72,1,0,0.00863846205174923,0.1599999964237213,15337.6201171875
EleutherAI/pythia-70m,50000,step50000,70426624,6,8,72,1,1,0.0014526915038004518,0.1599999964237213,15337.6201171875
EleutherAI/pythia-70m,50000,step50000,70426624,6,8,72,1,2,0.00770166702568531,0.1599999964237213,15337.6201171875
EleutherAI/pythia-70m,50000,step50000,70426624,6,8,72,1,3,8.67478138388833e-06,0.1599999964237213,15337.6201171875
EleutherAI/pythia-70m,50000,step50000,70426624,6,8,72,1,4,0.010781431570649147,0.1599999964237213,15337.6201171875
EleutherAI/pythia-70m,50000,step50000,70426624,6,8,72,1,5,0.0008454879862256348,0.1599999964237213,15337.6201171875
EleutherAI/pythia-70m,50000,step50000,70426624,6,8,72,1,6,0.004160626325756311,0.1599999964237213,15337.6201171875
EleutherAI/pythia-70m,50000,step50000,70426624,6,8,72,1,7,0.0055883703753352165,0.1599999964237213,15337.6201171875
EleutherAI/pythia-70m,50000,step50000,70426624,6,8,72,2,0,0.0016148132272064686,0.1599999964237213,15337.6201171875
EleutherAI/pythia-70m,50000,step50000,70426624,6,8,72,2,1,4.489088267778385e-10,0.1599999964237213,15337.6201171875
EleutherAI/pythia-70m,50000,step50000,70426624,6,8,72,2,2,0.002749890321865678,0.1599999964237213,15337.6201171875
EleutherAI/pythia-70m,50000,step50000,70426624,6,8,72,2,3,0.001624553231522441,0.1599999964237213,15337.6201171875
EleutherAI/pythia-70m,50000,step50000,70426624,6,8,72,2,4,1.2048694770783186e-05,0.1599999964237213,15337.6201171875
EleutherAI/pythia-70m,50000,step50000,70426624,6,8,72,2,5,0.01624642312526703,0.1599999964237213,15337.6201171875
EleutherAI/pythia-70m,50000,step50000,70426624,6,8,72,2,6,0.005882746540009975,0.1599999964237213,15337.6201171875
EleutherAI/pythia-70m,50000,step50000,70426624,6,8,72,2,7,1.4281471521826461e-05,0.1599999964237213,15337.6201171875
EleutherAI/pythia-70m,50000,step50000,70426624,6,8,72,3,0,0.12904644012451172,0.1599999964237213,15337.6201171875
EleutherAI/pythia-70m,50000,step50000,70426624,6,8,72,3,1,0.25431492924690247,0.1599999964237213,15337.6201171875
EleutherAI/pythia-70m,50000,step50000,70426624,6,8,72,3,2,0.0019092668080702424,0.1599999964237213,15337.6201171875
EleutherAI/pythia-70m,50000,step50000,70426624,6,8,72,3,3,0.014762372709810734,0.1599999964237213,15337.6201171875
EleutherAI/pythia-70m,50000,step50000,70426624,6,8,72,3,4,0.006214466877281666,0.1599999964237213,15337.6201171875
EleutherAI/pythia-70m,50000,step50000,70426624,6,8,72,3,5,0.27373936772346497,0.1599999964237213,15337.6201171875
EleutherAI/pythia-70m,50000,step50000,70426624,6,8,72,3,6,0.4315136671066284,0.1599999964237213,15337.6201171875
EleutherAI/pythia-70m,50000,step50000,70426624,6,8,72,3,7,0.011093318462371826,0.1599999964237213,15337.6201171875
EleutherAI/pythia-70m,50000,step50000,70426624,6,8,72,4,0,0.014646355994045734,0.1599999964237213,15337.6201171875
EleutherAI/pythia-70m,50000,step50000,70426624,6,8,72,4,1,0.01454117987304926,0.1599999964237213,15337.6201171875
EleutherAI/pythia-70m,50000,step50000,70426624,6,8,72,4,2,0.023607371374964714,0.1599999964237213,15337.6201171875
EleutherAI/pythia-70m,50000,step50000,70426624,6,8,72,4,3,0.020302653312683105,0.1599999964237213,15337.6201171875
EleutherAI/pythia-70m,50000,step50000,70426624,6,8,72,4,4,0.014501292258501053,0.1599999964237213,15337.6201171875
EleutherAI/pythia-70m,50000,step50000,70426624,6,8,72,4,5,0.011136865243315697,0.1599999964237213,15337.6201171875
EleutherAI/pythia-70m,50000,step50000,70426624,6,8,72,4,6,0.018980512395501137,0.1599999964237213,15337.6201171875
EleutherAI/pythia-70m,50000,step50000,70426624,6,8,72,4,7,0.02341197058558464,0.1599999964237213,15337.6201171875
EleutherAI/pythia-70m,50000,step50000,70426624,6,8,72,5,0,0.006102432496845722,0.1599999964237213,15337.6201171875
EleutherAI/pythia-70m,50000,step50000,70426624,6,8,72,5,1,0.0010533847380429506,0.1599999964237213,15337.6201171875
EleutherAI/pythia-70m,50000,step50000,70426624,6,8,72,5,2,0.0022481195628643036,0.1599999964237213,15337.6201171875
EleutherAI/pythia-70m,50000,step50000,70426624,6,8,72,5,3,0.00031477061565965414,0.1599999964237213,15337.6201171875
EleutherAI/pythia-70m,50000,step50000,70426624,6,8,72,5,4,0.0033520448487251997,0.1599999964237213,15337.6201171875
EleutherAI/pythia-70m,50000,step50000,70426624,6,8,72,5,5,0.005368372425436974,0.1599999964237213,15337.6201171875
EleutherAI/pythia-70m,50000,step50000,70426624,6,8,72,5,6,0.006009991280734539,0.1599999964237213,15337.6201171875
EleutherAI/pythia-70m,50000,step50000,70426624,6,8,72,5,7,1.2488420907175168e-05,0.1599999964237213,15337.6201171875
EleutherAI/pythia-70m,50000,step50000,70426624,6,8,73,0,0,0.009357641451060772,0.20000000298023224,13724.259765625
EleutherAI/pythia-70m,50000,step50000,70426624,6,8,73,0,1,0.0007743941387161613,0.20000000298023224,13724.259765625
EleutherAI/pythia-70m,50000,step50000,70426624,6,8,73,0,2,0.009583039209246635,0.20000000298023224,13724.259765625
EleutherAI/pythia-70m,50000,step50000,70426624,6,8,73,0,3,0.0043230922892689705,0.20000000298023224,13724.259765625
EleutherAI/pythia-70m,50000,step50000,70426624,6,8,73,0,4,0.0012541493633762002,0.20000000298023224,13724.259765625
EleutherAI/pythia-70m,50000,step50000,70426624,6,8,73,0,5,0.010716632939875126,0.20000000298023224,13724.259765625
EleutherAI/pythia-70m,50000,step50000,70426624,6,8,73,0,6,0.010724677704274654,0.20000000298023224,13724.259765625
EleutherAI/pythia-70m,50000,step50000,70426624,6,8,73,0,7,0.0005768482224084437,0.20000000298023224,13724.259765625
EleutherAI/pythia-70m,50000,step50000,70426624,6,8,73,1,0,0.007178477477282286,0.20000000298023224,13724.259765625
EleutherAI/pythia-70m,50000,step50000,70426624,6,8,73,1,1,3.0058263291721232e-05,0.20000000298023224,13724.259765625
EleutherAI/pythia-70m,50000,step50000,70426624,6,8,73,1,2,0.00016625419084448367,0.20000000298023224,13724.259765625
EleutherAI/pythia-70m,50000,step50000,70426624,6,8,73,1,3,4.804946456715697e-06,0.20000000298023224,13724.259765625
EleutherAI/pythia-70m,50000,step50000,70426624,6,8,73,1,4,0.008691972121596336,0.20000000298023224,13724.259765625
EleutherAI/pythia-70m,50000,step50000,70426624,6,8,73,1,5,0.0011964106233790517,0.20000000298023224,13724.259765625
EleutherAI/pythia-70m,50000,step50000,70426624,6,8,73,1,6,0.0024556382559239864,0.20000000298023224,13724.259765625
EleutherAI/pythia-70m,50000,step50000,70426624,6,8,73,1,7,0.002118142321705818,0.20000000298023224,13724.259765625
EleutherAI/pythia-70m,50000,step50000,70426624,6,8,73,2,0,0.0014418390346691012,0.20000000298023224,13724.259765625
EleutherAI/pythia-70m,50000,step50000,70426624,6,8,73,2,1,1.8690930747577994e-11,0.20000000298023224,13724.259765625
EleutherAI/pythia-70m,50000,step50000,70426624,6,8,73,2,2,0.0009154206491075456,0.20000000298023224,13724.259765625
EleutherAI/pythia-70m,50000,step50000,70426624,6,8,73,2,3,0.0010679978877305984,0.20000000298023224,13724.259765625
EleutherAI/pythia-70m,50000,step50000,70426624,6,8,73,2,4,5.229472890277975e-07,0.20000000298023224,13724.259765625
EleutherAI/pythia-70m,50000,step50000,70426624,6,8,73,2,5,0.014515979215502739,0.20000000298023224,13724.259765625
EleutherAI/pythia-70m,50000,step50000,70426624,6,8,73,2,6,0.007700055837631226,0.20000000298023224,13724.259765625
EleutherAI/pythia-70m,50000,step50000,70426624,6,8,73,2,7,1.989725205930881e-06,0.20000000298023224,13724.259765625
EleutherAI/pythia-70m,50000,step50000,70426624,6,8,73,3,0,0.1965709626674652,0.20000000298023224,13724.259765625
EleutherAI/pythia-70m,50000,step50000,70426624,6,8,73,3,1,0.4075464606285095,0.20000000298023224,13724.259765625
EleutherAI/pythia-70m,50000,step50000,70426624,6,8,73,3,2,0.0015031876973807812,0.20000000298023224,13724.259765625
EleutherAI/pythia-70m,50000,step50000,70426624,6,8,73,3,3,0.01391335017979145,0.20000000298023224,13724.259765625
EleutherAI/pythia-70m,50000,step50000,70426624,6,8,73,3,4,0.005080539733171463,0.20000000298023224,13724.259765625
EleutherAI/pythia-70m,50000,step50000,70426624,6,8,73,3,5,0.35936781764030457,0.20000000298023224,13724.259765625
EleutherAI/pythia-70m,50000,step50000,70426624,6,8,73,3,6,0.5334367156028748,0.20000000298023224,13724.259765625
EleutherAI/pythia-70m,50000,step50000,70426624,6,8,73,3,7,0.0099300192669034,0.20000000298023224,13724.259765625
EleutherAI/pythia-70m,50000,step50000,70426624,6,8,73,4,0,0.012092920951545238,0.20000000298023224,13724.259765625
EleutherAI/pythia-70m,50000,step50000,70426624,6,8,73,4,1,0.014022879302501678,0.20000000298023224,13724.259765625
EleutherAI/pythia-70m,50000,step50000,70426624,6,8,73,4,2,0.02467760071158409,0.20000000298023224,13724.259765625
EleutherAI/pythia-70m,50000,step50000,70426624,6,8,73,4,3,0.024492306634783745,0.20000000298023224,13724.259765625
EleutherAI/pythia-70m,50000,step50000,70426624,6,8,73,4,4,0.013860788196325302,0.20000000298023224,13724.259765625
EleutherAI/pythia-70m,50000,step50000,70426624,6,8,73,4,5,0.009063703007996082,0.20000000298023224,13724.259765625
EleutherAI/pythia-70m,50000,step50000,70426624,6,8,73,4,6,0.020394153892993927,0.20000000298023224,13724.259765625
EleutherAI/pythia-70m,50000,step50000,70426624,6,8,73,4,7,0.027737729251384735,0.20000000298023224,13724.259765625
EleutherAI/pythia-70m,50000,step50000,70426624,6,8,73,5,0,0.005681956186890602,0.20000000298023224,13724.259765625
EleutherAI/pythia-70m,50000,step50000,70426624,6,8,73,5,1,0.001372765633277595,0.20000000298023224,13724.259765625
EleutherAI/pythia-70m,50000,step50000,70426624,6,8,73,5,2,0.0033228180836886168,0.20000000298023224,13724.259765625
EleutherAI/pythia-70m,50000,step50000,70426624,6,8,73,5,3,7.58944297558628e-05,0.20000000298023224,13724.259765625
EleutherAI/pythia-70m,50000,step50000,70426624,6,8,73,5,4,0.001239708624780178,0.20000000298023224,13724.259765625
EleutherAI/pythia-70m,50000,step50000,70426624,6,8,73,5,5,0.004920824896544218,0.20000000298023224,13724.259765625
EleutherAI/pythia-70m,50000,step50000,70426624,6,8,73,5,6,0.0024350949097424746,0.20000000298023224,13724.259765625
EleutherAI/pythia-70m,50000,step50000,70426624,6,8,73,5,7,6.949331236683065e-06,0.20000000298023224,13724.259765625
EleutherAI/pythia-70m,50000,step50000,70426624,6,8,74,0,0,0.00969331618398428,0.0,22190.98046875
EleutherAI/pythia-70m,50000,step50000,70426624,6,8,74,0,1,0.0005416761850938201,0.0,22190.98046875
EleutherAI/pythia-70m,50000,step50000,70426624,6,8,74,0,2,0.009355301968753338,0.0,22190.98046875
EleutherAI/pythia-70m,50000,step50000,70426624,6,8,74,0,3,0.002117899712175131,0.0,22190.98046875
EleutherAI/pythia-70m,50000,step50000,70426624,6,8,74,0,4,0.0007855829317122698,0.0,22190.98046875
EleutherAI/pythia-70m,50000,step50000,70426624,6,8,74,0,5,2.2531012291437946e-05,0.0,22190.98046875
EleutherAI/pythia-70m,50000,step50000,70426624,6,8,74,0,6,0.00975697673857212,0.0,22190.98046875
EleutherAI/pythia-70m,50000,step50000,70426624,6,8,74,0,7,0.0005225831409916282,0.0,22190.98046875
EleutherAI/pythia-70m,50000,step50000,70426624,6,8,74,1,0,0.009073556400835514,0.0,22190.98046875
EleutherAI/pythia-70m,50000,step50000,70426624,6,8,74,1,1,2.1899521016166545e-05,0.0,22190.98046875
EleutherAI/pythia-70m,50000,step50000,70426624,6,8,74,1,2,0.00021923545864410698,0.0,22190.98046875
EleutherAI/pythia-70m,50000,step50000,70426624,6,8,74,1,3,2.3052532469591824e-06,0.0,22190.98046875
EleutherAI/pythia-70m,50000,step50000,70426624,6,8,74,1,4,0.00642809271812439,0.0,22190.98046875
EleutherAI/pythia-70m,50000,step50000,70426624,6,8,74,1,5,0.0009683766402304173,0.0,22190.98046875
EleutherAI/pythia-70m,50000,step50000,70426624,6,8,74,1,6,0.0011743130162358284,0.0,22190.98046875
EleutherAI/pythia-70m,50000,step50000,70426624,6,8,74,1,7,0.0005961707211099565,0.0,22190.98046875
EleutherAI/pythia-70m,50000,step50000,70426624,6,8,74,2,0,0.0019842488691210747,0.0,22190.98046875
EleutherAI/pythia-70m,50000,step50000,70426624,6,8,74,2,1,1.2128703597014123e-10,0.0,22190.98046875
EleutherAI/pythia-70m,50000,step50000,70426624,6,8,74,2,2,0.0017837316263467073,0.0,22190.98046875
EleutherAI/pythia-70m,50000,step50000,70426624,6,8,74,2,3,0.0012404704466462135,0.0,22190.98046875
EleutherAI/pythia-70m,50000,step50000,70426624,6,8,74,2,4,9.57932911660464e-07,0.0,22190.98046875
EleutherAI/pythia-70m,50000,step50000,70426624,6,8,74,2,5,0.009302287362515926,0.0,22190.98046875
EleutherAI/pythia-70m,50000,step50000,70426624,6,8,74,2,6,0.009799936786293983,0.0,22190.98046875
EleutherAI/pythia-70m,50000,step50000,70426624,6,8,74,2,7,1.5751358660054393e-05,0.0,22190.98046875
EleutherAI/pythia-70m,50000,step50000,70426624,6,8,74,3,0,0.03253063187003136,0.0,22190.98046875
EleutherAI/pythia-70m,50000,step50000,70426624,6,8,74,3,1,0.12284588813781738,0.0,22190.98046875
EleutherAI/pythia-70m,50000,step50000,70426624,6,8,74,3,2,0.002328957198187709,0.0,22190.98046875
EleutherAI/pythia-70m,50000,step50000,70426624,6,8,74,3,3,0.012381241656839848,0.0,22190.98046875
EleutherAI/pythia-70m,50000,step50000,70426624,6,8,74,3,4,0.0072695352137088776,0.0,22190.98046875
EleutherAI/pythia-70m,50000,step50000,70426624,6,8,74,3,5,0.13552717864513397,0.0,22190.98046875
EleutherAI/pythia-70m,50000,step50000,70426624,6,8,74,3,6,0.2662229835987091,0.0,22190.98046875
EleutherAI/pythia-70m,50000,step50000,70426624,6,8,74,3,7,0.011133917607367039,0.0,22190.98046875
EleutherAI/pythia-70m,50000,step50000,70426624,6,8,74,4,0,0.012022013776004314,0.0,22190.98046875
EleutherAI/pythia-70m,50000,step50000,70426624,6,8,74,4,1,0.012764598242938519,0.0,22190.98046875
EleutherAI/pythia-70m,50000,step50000,70426624,6,8,74,4,2,0.015629377216100693,0.0,22190.98046875
EleutherAI/pythia-70m,50000,step50000,70426624,6,8,74,4,3,0.015426212921738625,0.0,22190.98046875
EleutherAI/pythia-70m,50000,step50000,70426624,6,8,74,4,4,0.012861745432019234,0.0,22190.98046875
EleutherAI/pythia-70m,50000,step50000,70426624,6,8,74,4,5,0.01023257989436388,0.0,22190.98046875
EleutherAI/pythia-70m,50000,step50000,70426624,6,8,74,4,6,0.013234833255410194,0.0,22190.98046875
EleutherAI/pythia-70m,50000,step50000,70426624,6,8,74,4,7,0.015369144268333912,0.0,22190.98046875
EleutherAI/pythia-70m,50000,step50000,70426624,6,8,74,5,0,0.006790064740926027,0.0,22190.98046875
EleutherAI/pythia-70m,50000,step50000,70426624,6,8,74,5,1,0.0016993783647194505,0.0,22190.98046875
EleutherAI/pythia-70m,50000,step50000,70426624,6,8,74,5,2,0.00517865177243948,0.0,22190.98046875
EleutherAI/pythia-70m,50000,step50000,70426624,6,8,74,5,3,0.0011669222731143236,0.0,22190.98046875
EleutherAI/pythia-70m,50000,step50000,70426624,6,8,74,5,4,0.0031444327905774117,0.0,22190.98046875
EleutherAI/pythia-70m,50000,step50000,70426624,6,8,74,5,5,0.008262643590569496,0.0,22190.98046875
EleutherAI/pythia-70m,50000,step50000,70426624,6,8,74,5,6,0.004909967537969351,0.0,22190.98046875
EleutherAI/pythia-70m,50000,step50000,70426624,6,8,74,5,7,1.461347801523516e-05,0.0,22190.98046875
EleutherAI/pythia-70m,50000,step50000,70426624,6,8,75,0,0,0.00807161070406437,0.10000000149011612,18951.060546875
EleutherAI/pythia-70m,50000,step50000,70426624,6,8,75,0,1,0.0004474601009860635,0.10000000149011612,18951.060546875
EleutherAI/pythia-70m,50000,step50000,70426624,6,8,75,0,2,0.007894347421824932,0.10000000149011612,18951.060546875
EleutherAI/pythia-70m,50000,step50000,70426624,6,8,75,0,3,0.0010240565752610564,0.10000000149011612,18951.060546875
EleutherAI/pythia-70m,50000,step50000,70426624,6,8,75,0,4,0.000855330319609493,0.10000000149011612,18951.060546875
EleutherAI/pythia-70m,50000,step50000,70426624,6,8,75,0,5,0.0008180035511031747,0.10000000149011612,18951.060546875
EleutherAI/pythia-70m,50000,step50000,70426624,6,8,75,0,6,0.00933441985398531,0.10000000149011612,18951.060546875
EleutherAI/pythia-70m,50000,step50000,70426624,6,8,75,0,7,0.006117240991443396,0.10000000149011612,18951.060546875
EleutherAI/pythia-70m,50000,step50000,70426624,6,8,75,1,0,0.006859381217509508,0.10000000149011612,18951.060546875
EleutherAI/pythia-70m,50000,step50000,70426624,6,8,75,1,1,2.402553946012631e-05,0.10000000149011612,18951.060546875
EleutherAI/pythia-70m,50000,step50000,70426624,6,8,75,1,2,0.00013173998740967363,0.10000000149011612,18951.060546875
EleutherAI/pythia-70m,50000,step50000,70426624,6,8,75,1,3,3.494197926556808e-06,0.10000000149011612,18951.060546875
EleutherAI/pythia-70m,50000,step50000,70426624,6,8,75,1,4,0.006854274310171604,0.10000000149011612,18951.060546875
EleutherAI/pythia-70m,50000,step50000,70426624,6,8,75,1,5,0.001278667594306171,0.10000000149011612,18951.060546875
EleutherAI/pythia-70m,50000,step50000,70426624,6,8,75,1,6,0.0006794959190301597,0.10000000149011612,18951.060546875
EleutherAI/pythia-70m,50000,step50000,70426624,6,8,75,1,7,0.0005497852107509971,0.10000000149011612,18951.060546875
EleutherAI/pythia-70m,50000,step50000,70426624,6,8,75,2,0,0.0039051533676683903,0.10000000149011612,18951.060546875
EleutherAI/pythia-70m,50000,step50000,70426624,6,8,75,2,1,5.57201007556074e-10,0.10000000149011612,18951.060546875
EleutherAI/pythia-70m,50000,step50000,70426624,6,8,75,2,2,0.0023206574842333794,0.10000000149011612,18951.060546875
EleutherAI/pythia-70m,50000,step50000,70426624,6,8,75,2,3,0.0013213338097557425,0.10000000149011612,18951.060546875
EleutherAI/pythia-70m,50000,step50000,70426624,6,8,75,2,4,2.2825288397143595e-06,0.10000000149011612,18951.060546875
EleutherAI/pythia-70m,50000,step50000,70426624,6,8,75,2,5,0.0096994424238801,0.10000000149011612,18951.060546875
EleutherAI/pythia-70m,50000,step50000,70426624,6,8,75,2,6,0.008726806379854679,0.10000000149011612,18951.060546875
EleutherAI/pythia-70m,50000,step50000,70426624,6,8,75,2,7,3.31563496729359e-05,0.10000000149011612,18951.060546875
EleutherAI/pythia-70m,50000,step50000,70426624,6,8,75,3,0,0.1261749267578125,0.10000000149011612,18951.060546875
EleutherAI/pythia-70m,50000,step50000,70426624,6,8,75,3,1,0.2637650966644287,0.10000000149011612,18951.060546875
EleutherAI/pythia-70m,50000,step50000,70426624,6,8,75,3,2,0.002562827430665493,0.10000000149011612,18951.060546875
EleutherAI/pythia-70m,50000,step50000,70426624,6,8,75,3,3,0.015753690153360367,0.10000000149011612,18951.060546875
EleutherAI/pythia-70m,50000,step50000,70426624,6,8,75,3,4,0.0064993067644536495,0.10000000149011612,18951.060546875
EleutherAI/pythia-70m,50000,step50000,70426624,6,8,75,3,5,0.2546142339706421,0.10000000149011612,18951.060546875
EleutherAI/pythia-70m,50000,step50000,70426624,6,8,75,3,6,0.40810784697532654,0.10000000149011612,18951.060546875
EleutherAI/pythia-70m,50000,step50000,70426624,6,8,75,3,7,0.012563152238726616,0.10000000149011612,18951.060546875
EleutherAI/pythia-70m,50000,step50000,70426624,6,8,75,4,0,0.013278013095259666,0.10000000149011612,18951.060546875
EleutherAI/pythia-70m,50000,step50000,70426624,6,8,75,4,1,0.014736603945493698,0.10000000149011612,18951.060546875
EleutherAI/pythia-70m,50000,step50000,70426624,6,8,75,4,2,0.018628181889653206,0.10000000149011612,18951.060546875
EleutherAI/pythia-70m,50000,step50000,70426624,6,8,75,4,3,0.02321521006524563,0.10000000149011612,18951.060546875
EleutherAI/pythia-70m,50000,step50000,70426624,6,8,75,4,4,0.015712322667241096,0.10000000149011612,18951.060546875
EleutherAI/pythia-70m,50000,step50000,70426624,6,8,75,4,5,0.010550834238529205,0.10000000149011612,18951.060546875
EleutherAI/pythia-70m,50000,step50000,70426624,6,8,75,4,6,0.017994090914726257,0.10000000149011612,18951.060546875
EleutherAI/pythia-70m,50000,step50000,70426624,6,8,75,4,7,0.019046681001782417,0.10000000149011612,18951.060546875
EleutherAI/pythia-70m,50000,step50000,70426624,6,8,75,5,0,0.009325752966105938,0.10000000149011612,18951.060546875
EleutherAI/pythia-70m,50000,step50000,70426624,6,8,75,5,1,0.003366835182532668,0.10000000149011612,18951.060546875
EleutherAI/pythia-70m,50000,step50000,70426624,6,8,75,5,2,0.005617500748485327,0.10000000149011612,18951.060546875
EleutherAI/pythia-70m,50000,step50000,70426624,6,8,75,5,3,0.0009988689562305808,0.10000000149011612,18951.060546875
EleutherAI/pythia-70m,50000,step50000,70426624,6,8,75,5,4,0.005370797589421272,0.10000000149011612,18951.060546875
EleutherAI/pythia-70m,50000,step50000,70426624,6,8,75,5,5,0.006356263533234596,0.10000000149011612,18951.060546875
EleutherAI/pythia-70m,50000,step50000,70426624,6,8,75,5,6,0.008706485852599144,0.10000000149011612,18951.060546875
EleutherAI/pythia-70m,50000,step50000,70426624,6,8,75,5,7,1.567180333950091e-05,0.10000000149011612,18951.060546875
EleutherAI/pythia-70m,50000,step50000,70426624,6,8,76,0,0,0.007771230768412352,0.03999999910593033,14100.7197265625
EleutherAI/pythia-70m,50000,step50000,70426624,6,8,76,0,1,0.0005253867129795253,0.03999999910593033,14100.7197265625
EleutherAI/pythia-70m,50000,step50000,70426624,6,8,76,0,2,0.013163507916033268,0.03999999910593033,14100.7197265625
EleutherAI/pythia-70m,50000,step50000,70426624,6,8,76,0,3,0.0018898394191637635,0.03999999910593033,14100.7197265625
EleutherAI/pythia-70m,50000,step50000,70426624,6,8,76,0,4,0.0025033545680344105,0.03999999910593033,14100.7197265625
EleutherAI/pythia-70m,50000,step50000,70426624,6,8,76,0,5,4.679520134232007e-05,0.03999999910593033,14100.7197265625
EleutherAI/pythia-70m,50000,step50000,70426624,6,8,76,0,6,0.009154964238405228,0.03999999910593033,14100.7197265625
EleutherAI/pythia-70m,50000,step50000,70426624,6,8,76,0,7,0.0005893830675631762,0.03999999910593033,14100.7197265625
EleutherAI/pythia-70m,50000,step50000,70426624,6,8,76,1,0,0.006782159674912691,0.03999999910593033,14100.7197265625
EleutherAI/pythia-70m,50000,step50000,70426624,6,8,76,1,1,3.3073898521251976e-05,0.03999999910593033,14100.7197265625
EleutherAI/pythia-70m,50000,step50000,70426624,6,8,76,1,2,0.0002148938801838085,0.03999999910593033,14100.7197265625
EleutherAI/pythia-70m,50000,step50000,70426624,6,8,76,1,3,2.8412325718818465e-06,0.03999999910593033,14100.7197265625
EleutherAI/pythia-70m,50000,step50000,70426624,6,8,76,1,4,0.006402723025530577,0.03999999910593033,14100.7197265625
EleutherAI/pythia-70m,50000,step50000,70426624,6,8,76,1,5,0.0005970768979750574,0.03999999910593033,14100.7197265625
EleutherAI/pythia-70m,50000,step50000,70426624,6,8,76,1,6,0.002736966125667095,0.03999999910593033,14100.7197265625
EleutherAI/pythia-70m,50000,step50000,70426624,6,8,76,1,7,0.0015312059549614787,0.03999999910593033,14100.7197265625
EleutherAI/pythia-70m,50000,step50000,70426624,6,8,76,2,0,0.0013191231992095709,0.03999999910593033,14100.7197265625
EleutherAI/pythia-70m,50000,step50000,70426624,6,8,76,2,1,1.0470106726057082e-10,0.03999999910593033,14100.7197265625
EleutherAI/pythia-70m,50000,step50000,70426624,6,8,76,2,2,0.0017866689013317227,0.03999999910593033,14100.7197265625
EleutherAI/pythia-70m,50000,step50000,70426624,6,8,76,2,3,0.001097600325010717,0.03999999910593033,14100.7197265625
EleutherAI/pythia-70m,50000,step50000,70426624,6,8,76,2,4,6.81943447489175e-07,0.03999999910593033,14100.7197265625
EleutherAI/pythia-70m,50000,step50000,70426624,6,8,76,2,5,0.010918643325567245,0.03999999910593033,14100.7197265625
EleutherAI/pythia-70m,50000,step50000,70426624,6,8,76,2,6,0.009295489639043808,0.03999999910593033,14100.7197265625
EleutherAI/pythia-70m,50000,step50000,70426624,6,8,76,2,7,2.960711753985379e-05,0.03999999910593033,14100.7197265625
EleutherAI/pythia-70m,50000,step50000,70426624,6,8,76,3,0,0.07538971304893494,0.03999999910593033,14100.7197265625
EleutherAI/pythia-70m,50000,step50000,70426624,6,8,76,3,1,0.14226657152175903,0.03999999910593033,14100.7197265625
EleutherAI/pythia-70m,50000,step50000,70426624,6,8,76,3,2,0.0019246144220232964,0.03999999910593033,14100.7197265625
EleutherAI/pythia-70m,50000,step50000,70426624,6,8,76,3,3,0.015085681341588497,0.03999999910593033,14100.7197265625
EleutherAI/pythia-70m,50000,step50000,70426624,6,8,76,3,4,0.005761752836406231,0.03999999910593033,14100.7197265625
EleutherAI/pythia-70m,50000,step50000,70426624,6,8,76,3,5,0.14955659210681915,0.03999999910593033,14100.7197265625
EleutherAI/pythia-70m,50000,step50000,70426624,6,8,76,3,6,0.29290270805358887,0.03999999910593033,14100.7197265625
EleutherAI/pythia-70m,50000,step50000,70426624,6,8,76,3,7,0.01201828382909298,0.03999999910593033,14100.7197265625
EleutherAI/pythia-70m,50000,step50000,70426624,6,8,76,4,0,0.0130898617208004,0.03999999910593033,14100.7197265625
EleutherAI/pythia-70m,50000,step50000,70426624,6,8,76,4,1,0.015859436243772507,0.03999999910593033,14100.7197265625
EleutherAI/pythia-70m,50000,step50000,70426624,6,8,76,4,2,0.029317036271095276,0.03999999910593033,14100.7197265625
EleutherAI/pythia-70m,50000,step50000,70426624,6,8,76,4,3,0.01876688189804554,0.03999999910593033,14100.7197265625
EleutherAI/pythia-70m,50000,step50000,70426624,6,8,76,4,4,0.015483719296753407,0.03999999910593033,14100.7197265625
EleutherAI/pythia-70m,50000,step50000,70426624,6,8,76,4,5,0.010641438886523247,0.03999999910593033,14100.7197265625
EleutherAI/pythia-70m,50000,step50000,70426624,6,8,76,4,6,0.017660347744822502,0.03999999910593033,14100.7197265625
EleutherAI/pythia-70m,50000,step50000,70426624,6,8,76,4,7,0.021192939952015877,0.03999999910593033,14100.7197265625
EleutherAI/pythia-70m,50000,step50000,70426624,6,8,76,5,0,0.010413737036287785,0.03999999910593033,14100.7197265625
EleutherAI/pythia-70m,50000,step50000,70426624,6,8,76,5,1,0.001553876674734056,0.03999999910593033,14100.7197265625
EleutherAI/pythia-70m,50000,step50000,70426624,6,8,76,5,2,0.0023571616038680077,0.03999999910593033,14100.7197265625
EleutherAI/pythia-70m,50000,step50000,70426624,6,8,76,5,3,0.0009113560663536191,0.03999999910593033,14100.7197265625
EleutherAI/pythia-70m,50000,step50000,70426624,6,8,76,5,4,0.0029407048132270575,0.03999999910593033,14100.7197265625
EleutherAI/pythia-70m,50000,step50000,70426624,6,8,76,5,5,0.00645541213452816,0.03999999910593033,14100.7197265625
EleutherAI/pythia-70m,50000,step50000,70426624,6,8,76,5,6,0.0035082772374153137,0.03999999910593033,14100.7197265625
EleutherAI/pythia-70m,50000,step50000,70426624,6,8,76,5,7,1.67312755365856e-05,0.03999999910593033,14100.7197265625
EleutherAI/pythia-70m,50000,step50000,70426624,6,8,77,0,0,0.008458075113594532,0.3799999952316284,7025.43994140625
EleutherAI/pythia-70m,50000,step50000,70426624,6,8,77,0,1,0.00034581724321469665,0.3799999952316284,7025.43994140625
EleutherAI/pythia-70m,50000,step50000,70426624,6,8,77,0,2,0.008163792081177235,0.3799999952316284,7025.43994140625
EleutherAI/pythia-70m,50000,step50000,70426624,6,8,77,0,3,0.0006102141924202442,0.3799999952316284,7025.43994140625
EleutherAI/pythia-70m,50000,step50000,70426624,6,8,77,0,4,0.004678309429436922,0.3799999952316284,7025.43994140625
EleutherAI/pythia-70m,50000,step50000,70426624,6,8,77,0,5,0.00012709280417766422,0.3799999952316284,7025.43994140625
EleutherAI/pythia-70m,50000,step50000,70426624,6,8,77,0,6,0.009195515885949135,0.3799999952316284,7025.43994140625
EleutherAI/pythia-70m,50000,step50000,70426624,6,8,77,0,7,0.0023665684275329113,0.3799999952316284,7025.43994140625
EleutherAI/pythia-70m,50000,step50000,70426624,6,8,77,1,0,0.010500513017177582,0.3799999952316284,7025.43994140625
EleutherAI/pythia-70m,50000,step50000,70426624,6,8,77,1,1,4.3961452320218086e-05,0.3799999952316284,7025.43994140625
EleutherAI/pythia-70m,50000,step50000,70426624,6,8,77,1,2,0.000246159645030275,0.3799999952316284,7025.43994140625
EleutherAI/pythia-70m,50000,step50000,70426624,6,8,77,1,3,6.024451067787595e-06,0.3799999952316284,7025.43994140625
EleutherAI/pythia-70m,50000,step50000,70426624,6,8,77,1,4,0.008443381637334824,0.3799999952316284,7025.43994140625
EleutherAI/pythia-70m,50000,step50000,70426624,6,8,77,1,5,0.0017358952900394797,0.3799999952316284,7025.43994140625
EleutherAI/pythia-70m,50000,step50000,70426624,6,8,77,1,6,0.0035040099173784256,0.3799999952316284,7025.43994140625
EleutherAI/pythia-70m,50000,step50000,70426624,6,8,77,1,7,0.0014732226263731718,0.3799999952316284,7025.43994140625
EleutherAI/pythia-70m,50000,step50000,70426624,6,8,77,2,0,0.0015384609578177333,0.3799999952316284,7025.43994140625
EleutherAI/pythia-70m,50000,step50000,70426624,6,8,77,2,1,1.9712211030142868e-10,0.3799999952316284,7025.43994140625
EleutherAI/pythia-70m,50000,step50000,70426624,6,8,77,2,2,0.0020260782912373543,0.3799999952316284,7025.43994140625
EleutherAI/pythia-70m,50000,step50000,70426624,6,8,77,2,3,0.001683263573795557,0.3799999952316284,7025.43994140625
EleutherAI/pythia-70m,50000,step50000,70426624,6,8,77,2,4,1.3409811572273611e-06,0.3799999952316284,7025.43994140625
EleutherAI/pythia-70m,50000,step50000,70426624,6,8,77,2,5,0.015355587936937809,0.3799999952316284,7025.43994140625
EleutherAI/pythia-70m,50000,step50000,70426624,6,8,77,2,6,0.008239129558205605,0.3799999952316284,7025.43994140625
EleutherAI/pythia-70m,50000,step50000,70426624,6,8,77,2,7,1.695381615718361e-05,0.3799999952316284,7025.43994140625
EleutherAI/pythia-70m,50000,step50000,70426624,6,8,77,3,0,0.3222900331020355,0.3799999952316284,7025.43994140625
EleutherAI/pythia-70m,50000,step50000,70426624,6,8,77,3,1,0.57374107837677,0.3799999952316284,7025.43994140625
EleutherAI/pythia-70m,50000,step50000,70426624,6,8,77,3,2,0.002325553447008133,0.3799999952316284,7025.43994140625
EleutherAI/pythia-70m,50000,step50000,70426624,6,8,77,3,3,0.017123794183135033,0.3799999952316284,7025.43994140625
EleutherAI/pythia-70m,50000,step50000,70426624,6,8,77,3,4,0.004471641033887863,0.3799999952316284,7025.43994140625
EleutherAI/pythia-70m,50000,step50000,70426624,6,8,77,3,5,0.6003795862197876,0.3799999952316284,7025.43994140625
EleutherAI/pythia-70m,50000,step50000,70426624,6,8,77,3,6,0.726021409034729,0.3799999952316284,7025.43994140625
EleutherAI/pythia-70m,50000,step50000,70426624,6,8,77,3,7,0.011741727590560913,0.3799999952316284,7025.43994140625
EleutherAI/pythia-70m,50000,step50000,70426624,6,8,77,4,0,0.016418103128671646,0.3799999952316284,7025.43994140625
EleutherAI/pythia-70m,50000,step50000,70426624,6,8,77,4,1,0.02349882572889328,0.3799999952316284,7025.43994140625
EleutherAI/pythia-70m,50000,step50000,70426624,6,8,77,4,2,0.03962794691324234,0.3799999952316284,7025.43994140625
EleutherAI/pythia-70m,50000,step50000,70426624,6,8,77,4,3,0.04863601177930832,0.3799999952316284,7025.43994140625
EleutherAI/pythia-70m,50000,step50000,70426624,6,8,77,4,4,0.02123868465423584,0.3799999952316284,7025.43994140625
EleutherAI/pythia-70m,50000,step50000,70426624,6,8,77,4,5,0.01497991755604744,0.3799999952316284,7025.43994140625
EleutherAI/pythia-70m,50000,step50000,70426624,6,8,77,4,6,0.03598922863602638,0.3799999952316284,7025.43994140625
EleutherAI/pythia-70m,50000,step50000,70426624,6,8,77,4,7,0.04584290832281113,0.3799999952316284,7025.43994140625
EleutherAI/pythia-70m,50000,step50000,70426624,6,8,77,5,0,0.0057137589901685715,0.3799999952316284,7025.43994140625
EleutherAI/pythia-70m,50000,step50000,70426624,6,8,77,5,1,0.002198688453063369,0.3799999952316284,7025.43994140625
EleutherAI/pythia-70m,50000,step50000,70426624,6,8,77,5,2,0.005773758981376886,0.3799999952316284,7025.43994140625
EleutherAI/pythia-70m,50000,step50000,70426624,6,8,77,5,3,0.0015812793280929327,0.3799999952316284,7025.43994140625
EleutherAI/pythia-70m,50000,step50000,70426624,6,8,77,5,4,0.003599189454689622,0.3799999952316284,7025.43994140625
EleutherAI/pythia-70m,50000,step50000,70426624,6,8,77,5,5,0.006638235878199339,0.3799999952316284,7025.43994140625
EleutherAI/pythia-70m,50000,step50000,70426624,6,8,77,5,6,0.0051718889735639095,0.3799999952316284,7025.43994140625
EleutherAI/pythia-70m,50000,step50000,70426624,6,8,77,5,7,7.466174793080427e-06,0.3799999952316284,7025.43994140625
EleutherAI/pythia-70m,50000,step50000,70426624,6,8,78,0,0,0.011014061979949474,0.2199999988079071,12483.3603515625
EleutherAI/pythia-70m,50000,step50000,70426624,6,8,78,0,1,0.0018420687410980463,0.2199999988079071,12483.3603515625
EleutherAI/pythia-70m,50000,step50000,70426624,6,8,78,0,2,0.00579872727394104,0.2199999988079071,12483.3603515625
EleutherAI/pythia-70m,50000,step50000,70426624,6,8,78,0,3,0.001264377380721271,0.2199999988079071,12483.3603515625
EleutherAI/pythia-70m,50000,step50000,70426624,6,8,78,0,4,0.0018442737637087703,0.2199999988079071,12483.3603515625
EleutherAI/pythia-70m,50000,step50000,70426624,6,8,78,0,5,0.000313776166876778,0.2199999988079071,12483.3603515625
EleutherAI/pythia-70m,50000,step50000,70426624,6,8,78,0,6,0.00985343474894762,0.2199999988079071,12483.3603515625
EleutherAI/pythia-70m,50000,step50000,70426624,6,8,78,0,7,0.007679113652557135,0.2199999988079071,12483.3603515625
EleutherAI/pythia-70m,50000,step50000,70426624,6,8,78,1,0,0.011300964280962944,0.2199999988079071,12483.3603515625
EleutherAI/pythia-70m,50000,step50000,70426624,6,8,78,1,1,5.702361522708088e-05,0.2199999988079071,12483.3603515625
EleutherAI/pythia-70m,50000,step50000,70426624,6,8,78,1,2,0.0009508246439509094,0.2199999988079071,12483.3603515625
EleutherAI/pythia-70m,50000,step50000,70426624,6,8,78,1,3,1.272693134524161e-05,0.2199999988079071,12483.3603515625
EleutherAI/pythia-70m,50000,step50000,70426624,6,8,78,1,4,0.007610751315951347,0.2199999988079071,12483.3603515625
EleutherAI/pythia-70m,50000,step50000,70426624,6,8,78,1,5,0.0018038084963336587,0.2199999988079071,12483.3603515625
EleutherAI/pythia-70m,50000,step50000,70426624,6,8,78,1,6,0.005999621003866196,0.2199999988079071,12483.3603515625
EleutherAI/pythia-70m,50000,step50000,70426624,6,8,78,1,7,0.0012956549180671573,0.2199999988079071,12483.3603515625
EleutherAI/pythia-70m,50000,step50000,70426624,6,8,78,2,0,0.002956091659143567,0.2199999988079071,12483.3603515625
EleutherAI/pythia-70m,50000,step50000,70426624,6,8,78,2,1,1.0623226603945213e-10,0.2199999988079071,12483.3603515625
EleutherAI/pythia-70m,50000,step50000,70426624,6,8,78,2,2,0.0018039816059172153,0.2199999988079071,12483.3603515625
EleutherAI/pythia-70m,50000,step50000,70426624,6,8,78,2,3,0.0020974641665816307,0.2199999988079071,12483.3603515625
EleutherAI/pythia-70m,50000,step50000,70426624,6,8,78,2,4,7.340104730246821e-06,0.2199999988079071,12483.3603515625
EleutherAI/pythia-70m,50000,step50000,70426624,6,8,78,2,5,0.013777872547507286,0.2199999988079071,12483.3603515625
EleutherAI/pythia-70m,50000,step50000,70426624,6,8,78,2,6,0.012604999355971813,0.2199999988079071,12483.3603515625
EleutherAI/pythia-70m,50000,step50000,70426624,6,8,78,2,7,2.7076750484411605e-05,0.2199999988079071,12483.3603515625
EleutherAI/pythia-70m,50000,step50000,70426624,6,8,78,3,0,0.22564595937728882,0.2199999988079071,12483.3603515625
EleutherAI/pythia-70m,50000,step50000,70426624,6,8,78,3,1,0.36943286657333374,0.2199999988079071,12483.3603515625
EleutherAI/pythia-70m,50000,step50000,70426624,6,8,78,3,2,0.0027172754053026438,0.2199999988079071,12483.3603515625
EleutherAI/pythia-70m,50000,step50000,70426624,6,8,78,3,3,0.017016801983118057,0.2199999988079071,12483.3603515625
EleutherAI/pythia-70m,50000,step50000,70426624,6,8,78,3,4,0.008166610263288021,0.2199999988079071,12483.3603515625
EleutherAI/pythia-70m,50000,step50000,70426624,6,8,78,3,5,0.37042397260665894,0.2199999988079071,12483.3603515625
EleutherAI/pythia-70m,50000,step50000,70426624,6,8,78,3,6,0.5607687830924988,0.2199999988079071,12483.3603515625
EleutherAI/pythia-70m,50000,step50000,70426624,6,8,78,3,7,0.013674109242856503,0.2199999988079071,12483.3603515625
EleutherAI/pythia-70m,50000,step50000,70426624,6,8,78,4,0,0.017568422481417656,0.2199999988079071,12483.3603515625
EleutherAI/pythia-70m,50000,step50000,70426624,6,8,78,4,1,0.019082607701420784,0.2199999988079071,12483.3603515625
EleutherAI/pythia-70m,50000,step50000,70426624,6,8,78,4,2,0.03374283388257027,0.2199999988079071,12483.3603515625
EleutherAI/pythia-70m,50000,step50000,70426624,6,8,78,4,3,0.03313618525862694,0.2199999988079071,12483.3603515625
EleutherAI/pythia-70m,50000,step50000,70426624,6,8,78,4,4,0.01924586482346058,0.2199999988079071,12483.3603515625
EleutherAI/pythia-70m,50000,step50000,70426624,6,8,78,4,5,0.012079772539436817,0.2199999988079071,12483.3603515625
EleutherAI/pythia-70m,50000,step50000,70426624,6,8,78,4,6,0.028209470212459564,0.2199999988079071,12483.3603515625
EleutherAI/pythia-70m,50000,step50000,70426624,6,8,78,4,7,0.03950462490320206,0.2199999988079071,12483.3603515625
EleutherAI/pythia-70m,50000,step50000,70426624,6,8,78,5,0,0.011708788573741913,0.2199999988079071,12483.3603515625
EleutherAI/pythia-70m,50000,step50000,70426624,6,8,78,5,1,0.0016550191212445498,0.2199999988079071,12483.3603515625
EleutherAI/pythia-70m,50000,step50000,70426624,6,8,78,5,2,0.004427588079124689,0.2199999988079071,12483.3603515625
EleutherAI/pythia-70m,50000,step50000,70426624,6,8,78,5,3,0.0002717970637604594,0.2199999988079071,12483.3603515625
EleutherAI/pythia-70m,50000,step50000,70426624,6,8,78,5,4,0.00305359298363328,0.2199999988079071,12483.3603515625
EleutherAI/pythia-70m,50000,step50000,70426624,6,8,78,5,5,0.009724684990942478,0.2199999988079071,12483.3603515625
EleutherAI/pythia-70m,50000,step50000,70426624,6,8,78,5,6,0.011457490734755993,0.2199999988079071,12483.3603515625
EleutherAI/pythia-70m,50000,step50000,70426624,6,8,78,5,7,1.7925816791830584e-05,0.2199999988079071,12483.3603515625
EleutherAI/pythia-70m,50000,step50000,70426624,6,8,79,0,0,0.008809845894575119,0.20000000298023224,8855.6201171875
EleutherAI/pythia-70m,50000,step50000,70426624,6,8,79,0,1,0.0007947665289975703,0.20000000298023224,8855.6201171875
EleutherAI/pythia-70m,50000,step50000,70426624,6,8,79,0,2,0.0073926495388150215,0.20000000298023224,8855.6201171875
EleutherAI/pythia-70m,50000,step50000,70426624,6,8,79,0,3,0.0005109652993269265,0.20000000298023224,8855.6201171875
EleutherAI/pythia-70m,50000,step50000,70426624,6,8,79,0,4,0.0052303168922662735,0.20000000298023224,8855.6201171875
EleutherAI/pythia-70m,50000,step50000,70426624,6,8,79,0,5,0.0007444843067787588,0.20000000298023224,8855.6201171875
EleutherAI/pythia-70m,50000,step50000,70426624,6,8,79,0,6,0.010703997686505318,0.20000000298023224,8855.6201171875
EleutherAI/pythia-70m,50000,step50000,70426624,6,8,79,0,7,0.0012839272385463119,0.20000000298023224,8855.6201171875
EleutherAI/pythia-70m,50000,step50000,70426624,6,8,79,1,0,0.009329431690275669,0.20000000298023224,8855.6201171875
EleutherAI/pythia-70m,50000,step50000,70426624,6,8,79,1,1,3.872411616612226e-05,0.20000000298023224,8855.6201171875
EleutherAI/pythia-70m,50000,step50000,70426624,6,8,79,1,2,0.00023768757819198072,0.20000000298023224,8855.6201171875
EleutherAI/pythia-70m,50000,step50000,70426624,6,8,79,1,3,1.4808294508839026e-05,0.20000000298023224,8855.6201171875
EleutherAI/pythia-70m,50000,step50000,70426624,6,8,79,1,4,0.010246490128338337,0.20000000298023224,8855.6201171875
EleutherAI/pythia-70m,50000,step50000,70426624,6,8,79,1,5,0.0012646071845665574,0.20000000298023224,8855.6201171875
EleutherAI/pythia-70m,50000,step50000,70426624,6,8,79,1,6,0.0030752294696867466,0.20000000298023224,8855.6201171875
EleutherAI/pythia-70m,50000,step50000,70426624,6,8,79,1,7,0.0021960141602903605,0.20000000298023224,8855.6201171875
EleutherAI/pythia-70m,50000,step50000,70426624,6,8,79,2,0,0.001674521598033607,0.20000000298023224,8855.6201171875
EleutherAI/pythia-70m,50000,step50000,70426624,6,8,79,2,1,1.0302738523426669e-10,0.20000000298023224,8855.6201171875
EleutherAI/pythia-70m,50000,step50000,70426624,6,8,79,2,2,0.0011867943685501814,0.20000000298023224,8855.6201171875
EleutherAI/pythia-70m,50000,step50000,70426624,6,8,79,2,3,0.00158605573233217,0.20000000298023224,8855.6201171875
EleutherAI/pythia-70m,50000,step50000,70426624,6,8,79,2,4,2.7314936232869513e-06,0.20000000298023224,8855.6201171875
EleutherAI/pythia-70m,50000,step50000,70426624,6,8,79,2,5,0.014086203649640083,0.20000000298023224,8855.6201171875
EleutherAI/pythia-70m,50000,step50000,70426624,6,8,79,2,6,0.009902531281113625,0.20000000298023224,8855.6201171875
EleutherAI/pythia-70m,50000,step50000,70426624,6,8,79,2,7,5.4593110689893365e-06,0.20000000298023224,8855.6201171875
EleutherAI/pythia-70m,50000,step50000,70426624,6,8,79,3,0,0.13491864502429962,0.20000000298023224,8855.6201171875
EleutherAI/pythia-70m,50000,step50000,70426624,6,8,79,3,1,0.3192337453365326,0.20000000298023224,8855.6201171875
EleutherAI/pythia-70m,50000,step50000,70426624,6,8,79,3,2,0.0014331004349514842,0.20000000298023224,8855.6201171875
EleutherAI/pythia-70m,50000,step50000,70426624,6,8,79,3,3,0.013623463921248913,0.20000000298023224,8855.6201171875
EleutherAI/pythia-70m,50000,step50000,70426624,6,8,79,3,4,0.00472273351624608,0.20000000298023224,8855.6201171875
EleutherAI/pythia-70m,50000,step50000,70426624,6,8,79,3,5,0.36269715428352356,0.20000000298023224,8855.6201171875
EleutherAI/pythia-70m,50000,step50000,70426624,6,8,79,3,6,0.5272005200386047,0.20000000298023224,8855.6201171875
EleutherAI/pythia-70m,50000,step50000,70426624,6,8,79,3,7,0.009969963692128658,0.20000000298023224,8855.6201171875
EleutherAI/pythia-70m,50000,step50000,70426624,6,8,79,4,0,0.01249239407479763,0.20000000298023224,8855.6201171875
EleutherAI/pythia-70m,50000,step50000,70426624,6,8,79,4,1,0.014987370930612087,0.20000000298023224,8855.6201171875
EleutherAI/pythia-70m,50000,step50000,70426624,6,8,79,4,2,0.030220653861761093,0.20000000298023224,8855.6201171875
EleutherAI/pythia-70m,50000,step50000,70426624,6,8,79,4,3,0.020876150578260422,0.20000000298023224,8855.6201171875
EleutherAI/pythia-70m,50000,step50000,70426624,6,8,79,4,4,0.015676891431212425,0.20000000298023224,8855.6201171875
EleutherAI/pythia-70m,50000,step50000,70426624,6,8,79,4,5,0.009563478641211987,0.20000000298023224,8855.6201171875
EleutherAI/pythia-70m,50000,step50000,70426624,6,8,79,4,6,0.02264992892742157,0.20000000298023224,8855.6201171875
EleutherAI/pythia-70m,50000,step50000,70426624,6,8,79,4,7,0.02636716142296791,0.20000000298023224,8855.6201171875
EleutherAI/pythia-70m,50000,step50000,70426624,6,8,79,5,0,0.006409196183085442,0.20000000298023224,8855.6201171875
EleutherAI/pythia-70m,50000,step50000,70426624,6,8,79,5,1,0.001551332650706172,0.20000000298023224,8855.6201171875
EleutherAI/pythia-70m,50000,step50000,70426624,6,8,79,5,2,0.0030780539382249117,0.20000000298023224,8855.6201171875
EleutherAI/pythia-70m,50000,step50000,70426624,6,8,79,5,3,0.00044216265087015927,0.20000000298023224,8855.6201171875
EleutherAI/pythia-70m,50000,step50000,70426624,6,8,79,5,4,0.0019217055523768067,0.20000000298023224,8855.6201171875
EleutherAI/pythia-70m,50000,step50000,70426624,6,8,79,5,5,0.0042791892774403095,0.20000000298023224,8855.6201171875
EleutherAI/pythia-70m,50000,step50000,70426624,6,8,79,5,6,0.002340971492230892,0.20000000298023224,8855.6201171875
EleutherAI/pythia-70m,50000,step50000,70426624,6,8,79,5,7,8.11628342489712e-06,0.20000000298023224,8855.6201171875
EleutherAI/pythia-70m,50000,step50000,70426624,6,8,80,0,0,0.008842505514621735,0.11999999731779099,18873.3203125
EleutherAI/pythia-70m,50000,step50000,70426624,6,8,80,0,1,0.00023311316908802837,0.11999999731779099,18873.3203125
EleutherAI/pythia-70m,50000,step50000,70426624,6,8,80,0,2,0.014815574511885643,0.11999999731779099,18873.3203125
EleutherAI/pythia-70m,50000,step50000,70426624,6,8,80,0,3,0.0007987557328306139,0.11999999731779099,18873.3203125
EleutherAI/pythia-70m,50000,step50000,70426624,6,8,80,0,4,0.0007866463856771588,0.11999999731779099,18873.3203125
EleutherAI/pythia-70m,50000,step50000,70426624,6,8,80,0,5,4.7766284296812955e-06,0.11999999731779099,18873.3203125
EleutherAI/pythia-70m,50000,step50000,70426624,6,8,80,0,6,0.009970584884285927,0.11999999731779099,18873.3203125
EleutherAI/pythia-70m,50000,step50000,70426624,6,8,80,0,7,0.001372919650748372,0.11999999731779099,18873.3203125
EleutherAI/pythia-70m,50000,step50000,70426624,6,8,80,1,0,0.007810183800756931,0.11999999731779099,18873.3203125
EleutherAI/pythia-70m,50000,step50000,70426624,6,8,80,1,1,3.78813965653535e-05,0.11999999731779099,18873.3203125
EleutherAI/pythia-70m,50000,step50000,70426624,6,8,80,1,2,0.00051443389384076,0.11999999731779099,18873.3203125
EleutherAI/pythia-70m,50000,step50000,70426624,6,8,80,1,3,1.3955846043245401e-06,0.11999999731779099,18873.3203125
EleutherAI/pythia-70m,50000,step50000,70426624,6,8,80,1,4,0.005796270444989204,0.11999999731779099,18873.3203125
EleutherAI/pythia-70m,50000,step50000,70426624,6,8,80,1,5,0.0013339963043108582,0.11999999731779099,18873.3203125
EleutherAI/pythia-70m,50000,step50000,70426624,6,8,80,1,6,0.0028168188873678446,0.11999999731779099,18873.3203125
EleutherAI/pythia-70m,50000,step50000,70426624,6,8,80,1,7,0.0012081969762220979,0.11999999731779099,18873.3203125
EleutherAI/pythia-70m,50000,step50000,70426624,6,8,80,2,0,0.002098213182762265,0.11999999731779099,18873.3203125
EleutherAI/pythia-70m,50000,step50000,70426624,6,8,80,2,1,1.8907168886084236e-10,0.11999999731779099,18873.3203125
EleutherAI/pythia-70m,50000,step50000,70426624,6,8,80,2,2,0.0026645592879503965,0.11999999731779099,18873.3203125
EleutherAI/pythia-70m,50000,step50000,70426624,6,8,80,2,3,0.0017821172950789332,0.11999999731779099,18873.3203125
EleutherAI/pythia-70m,50000,step50000,70426624,6,8,80,2,4,2.4327408709723386e-07,0.11999999731779099,18873.3203125
EleutherAI/pythia-70m,50000,step50000,70426624,6,8,80,2,5,0.01332652848213911,0.11999999731779099,18873.3203125
EleutherAI/pythia-70m,50000,step50000,70426624,6,8,80,2,6,0.007525464985519648,0.11999999731779099,18873.3203125
EleutherAI/pythia-70m,50000,step50000,70426624,6,8,80,2,7,3.0982970201876014e-05,0.11999999731779099,18873.3203125
EleutherAI/pythia-70m,50000,step50000,70426624,6,8,80,3,0,0.09611713141202927,0.11999999731779099,18873.3203125
EleutherAI/pythia-70m,50000,step50000,70426624,6,8,80,3,1,0.18336696922779083,0.11999999731779099,18873.3203125
EleutherAI/pythia-70m,50000,step50000,70426624,6,8,80,3,2,0.0024600401520729065,0.11999999731779099,18873.3203125
EleutherAI/pythia-70m,50000,step50000,70426624,6,8,80,3,3,0.013105319812893867,0.11999999731779099,18873.3203125
EleutherAI/pythia-70m,50000,step50000,70426624,6,8,80,3,4,0.007057879585772753,0.11999999731779099,18873.3203125
EleutherAI/pythia-70m,50000,step50000,70426624,6,8,80,3,5,0.20067471265792847,0.11999999731779099,18873.3203125
EleutherAI/pythia-70m,50000,step50000,70426624,6,8,80,3,6,0.3174852430820465,0.11999999731779099,18873.3203125
EleutherAI/pythia-70m,50000,step50000,70426624,6,8,80,3,7,0.012343641370534897,0.11999999731779099,18873.3203125
EleutherAI/pythia-70m,50000,step50000,70426624,6,8,80,4,0,0.016452092677354813,0.11999999731779099,18873.3203125
EleutherAI/pythia-70m,50000,step50000,70426624,6,8,80,4,1,0.015769390389323235,0.11999999731779099,18873.3203125
EleutherAI/pythia-70m,50000,step50000,70426624,6,8,80,4,2,0.021898088976740837,0.11999999731779099,18873.3203125
EleutherAI/pythia-70m,50000,step50000,70426624,6,8,80,4,3,0.021910618990659714,0.11999999731779099,18873.3203125
EleutherAI/pythia-70m,50000,step50000,70426624,6,8,80,4,4,0.016051864251494408,0.11999999731779099,18873.3203125
EleutherAI/pythia-70m,50000,step50000,70426624,6,8,80,4,5,0.011208429001271725,0.11999999731779099,18873.3203125
EleutherAI/pythia-70m,50000,step50000,70426624,6,8,80,4,6,0.020441733300685883,0.11999999731779099,18873.3203125
EleutherAI/pythia-70m,50000,step50000,70426624,6,8,80,4,7,0.02640361152589321,0.11999999731779099,18873.3203125
EleutherAI/pythia-70m,50000,step50000,70426624,6,8,80,5,0,0.007719283923506737,0.11999999731779099,18873.3203125
EleutherAI/pythia-70m,50000,step50000,70426624,6,8,80,5,1,0.0013805003836750984,0.11999999731779099,18873.3203125
EleutherAI/pythia-70m,50000,step50000,70426624,6,8,80,5,2,0.0017682728357613087,0.11999999731779099,18873.3203125
EleutherAI/pythia-70m,50000,step50000,70426624,6,8,80,5,3,0.0005336960894055665,0.11999999731779099,18873.3203125
EleutherAI/pythia-70m,50000,step50000,70426624,6,8,80,5,4,0.002217088593170047,0.11999999731779099,18873.3203125
EleutherAI/pythia-70m,50000,step50000,70426624,6,8,80,5,5,0.0066619678400456905,0.11999999731779099,18873.3203125
EleutherAI/pythia-70m,50000,step50000,70426624,6,8,80,5,6,0.00830918736755848,0.11999999731779099,18873.3203125
EleutherAI/pythia-70m,50000,step50000,70426624,6,8,80,5,7,1.3547137314162683e-05,0.11999999731779099,18873.3203125
EleutherAI/pythia-70m,50000,step50000,70426624,6,8,81,0,0,0.006555165629833937,0.3400000035762787,7998.02001953125
EleutherAI/pythia-70m,50000,step50000,70426624,6,8,81,0,1,0.00048611420788802207,0.3400000035762787,7998.02001953125
EleutherAI/pythia-70m,50000,step50000,70426624,6,8,81,0,2,0.008995551615953445,0.3400000035762787,7998.02001953125
EleutherAI/pythia-70m,50000,step50000,70426624,6,8,81,0,3,0.0007864529616199434,0.3400000035762787,7998.02001953125
EleutherAI/pythia-70m,50000,step50000,70426624,6,8,81,0,4,0.0013380289310589433,0.3400000035762787,7998.02001953125
EleutherAI/pythia-70m,50000,step50000,70426624,6,8,81,0,5,1.5583156709908508e-05,0.3400000035762787,7998.02001953125
EleutherAI/pythia-70m,50000,step50000,70426624,6,8,81,0,6,0.010182764381170273,0.3400000035762787,7998.02001953125
EleutherAI/pythia-70m,50000,step50000,70426624,6,8,81,0,7,0.0022475281730294228,0.3400000035762787,7998.02001953125
EleutherAI/pythia-70m,50000,step50000,70426624,6,8,81,1,0,0.006712208967655897,0.3400000035762787,7998.02001953125
EleutherAI/pythia-70m,50000,step50000,70426624,6,8,81,1,1,6.133458373369649e-05,0.3400000035762787,7998.02001953125
EleutherAI/pythia-70m,50000,step50000,70426624,6,8,81,1,2,0.004405338782817125,0.3400000035762787,7998.02001953125
EleutherAI/pythia-70m,50000,step50000,70426624,6,8,81,1,3,9.21532919164747e-05,0.3400000035762787,7998.02001953125
EleutherAI/pythia-70m,50000,step50000,70426624,6,8,81,1,4,0.012614344246685505,0.3400000035762787,7998.02001953125
EleutherAI/pythia-70m,50000,step50000,70426624,6,8,81,1,5,0.0019026282243430614,0.3400000035762787,7998.02001953125
EleutherAI/pythia-70m,50000,step50000,70426624,6,8,81,1,6,0.0015199072659015656,0.3400000035762787,7998.02001953125
EleutherAI/pythia-70m,50000,step50000,70426624,6,8,81,1,7,0.0013939803466200829,0.3400000035762787,7998.02001953125
EleutherAI/pythia-70m,50000,step50000,70426624,6,8,81,2,0,0.001096815918572247,0.3400000035762787,7998.02001953125
EleutherAI/pythia-70m,50000,step50000,70426624,6,8,81,2,1,6.511912675755127e-10,0.3400000035762787,7998.02001953125
EleutherAI/pythia-70m,50000,step50000,70426624,6,8,81,2,2,0.0022773512173444033,0.3400000035762787,7998.02001953125
EleutherAI/pythia-70m,50000,step50000,70426624,6,8,81,2,3,0.0011731041595339775,0.3400000035762787,7998.02001953125
EleutherAI/pythia-70m,50000,step50000,70426624,6,8,81,2,4,1.6894426153157838e-05,0.3400000035762787,7998.02001953125
EleutherAI/pythia-70m,50000,step50000,70426624,6,8,81,2,5,0.015443381853401661,0.3400000035762787,7998.02001953125
EleutherAI/pythia-70m,50000,step50000,70426624,6,8,81,2,6,0.008816950023174286,0.3400000035762787,7998.02001953125
EleutherAI/pythia-70m,50000,step50000,70426624,6,8,81,2,7,1.911501203721855e-05,0.3400000035762787,7998.02001953125
EleutherAI/pythia-70m,50000,step50000,70426624,6,8,81,3,0,0.24274158477783203,0.3400000035762787,7998.02001953125
EleutherAI/pythia-70m,50000,step50000,70426624,6,8,81,3,1,0.48588311672210693,0.3400000035762787,7998.02001953125
EleutherAI/pythia-70m,50000,step50000,70426624,6,8,81,3,2,0.0015012252843007445,0.3400000035762787,7998.02001953125
EleutherAI/pythia-70m,50000,step50000,70426624,6,8,81,3,3,0.020045261830091476,0.3400000035762787,7998.02001953125
EleutherAI/pythia-70m,50000,step50000,70426624,6,8,81,3,4,0.005279018077999353,0.3400000035762787,7998.02001953125
EleutherAI/pythia-70m,50000,step50000,70426624,6,8,81,3,5,0.47374218702316284,0.3400000035762787,7998.02001953125
EleutherAI/pythia-70m,50000,step50000,70426624,6,8,81,3,6,0.6796795725822449,0.3400000035762787,7998.02001953125
EleutherAI/pythia-70m,50000,step50000,70426624,6,8,81,3,7,0.009639143012464046,0.3400000035762787,7998.02001953125
EleutherAI/pythia-70m,50000,step50000,70426624,6,8,81,4,0,0.01810389570891857,0.3400000035762787,7998.02001953125
EleutherAI/pythia-70m,50000,step50000,70426624,6,8,81,4,1,0.022194139659404755,0.3400000035762787,7998.02001953125
EleutherAI/pythia-70m,50000,step50000,70426624,6,8,81,4,2,0.04463299736380577,0.3400000035762787,7998.02001953125
EleutherAI/pythia-70m,50000,step50000,70426624,6,8,81,4,3,0.03891140595078468,0.3400000035762787,7998.02001953125
EleutherAI/pythia-70m,50000,step50000,70426624,6,8,81,4,4,0.01787196844816208,0.3400000035762787,7998.02001953125
EleutherAI/pythia-70m,50000,step50000,70426624,6,8,81,4,5,0.011692728847265244,0.3400000035762787,7998.02001953125
EleutherAI/pythia-70m,50000,step50000,70426624,6,8,81,4,6,0.02814992144703865,0.3400000035762787,7998.02001953125
EleutherAI/pythia-70m,50000,step50000,70426624,6,8,81,4,7,0.04128280282020569,0.3400000035762787,7998.02001953125
EleutherAI/pythia-70m,50000,step50000,70426624,6,8,81,5,0,0.004255722742527723,0.3400000035762787,7998.02001953125
EleutherAI/pythia-70m,50000,step50000,70426624,6,8,81,5,1,0.0009677928173914552,0.3400000035762787,7998.02001953125
EleutherAI/pythia-70m,50000,step50000,70426624,6,8,81,5,2,0.001616484485566616,0.3400000035762787,7998.02001953125
EleutherAI/pythia-70m,50000,step50000,70426624,6,8,81,5,3,0.00011891090252902359,0.3400000035762787,7998.02001953125
EleutherAI/pythia-70m,50000,step50000,70426624,6,8,81,5,4,0.0031831744126975536,0.3400000035762787,7998.02001953125
EleutherAI/pythia-70m,50000,step50000,70426624,6,8,81,5,5,0.0035427359398454428,0.3400000035762787,7998.02001953125
EleutherAI/pythia-70m,50000,step50000,70426624,6,8,81,5,6,0.0031636653002351522,0.3400000035762787,7998.02001953125
EleutherAI/pythia-70m,50000,step50000,70426624,6,8,81,5,7,1.3200473404140212e-05,0.3400000035762787,7998.02001953125
EleutherAI/pythia-70m,50000,step50000,70426624,6,8,82,0,0,0.007682849653065205,0.03999999910593033,16177.2001953125
EleutherAI/pythia-70m,50000,step50000,70426624,6,8,82,0,1,0.0004938405472785234,0.03999999910593033,16177.2001953125
EleutherAI/pythia-70m,50000,step50000,70426624,6,8,82,0,2,0.008223362267017365,0.03999999910593033,16177.2001953125
EleutherAI/pythia-70m,50000,step50000,70426624,6,8,82,0,3,0.0005626830970868468,0.03999999910593033,16177.2001953125
EleutherAI/pythia-70m,50000,step50000,70426624,6,8,82,0,4,0.002750854706391692,0.03999999910593033,16177.2001953125
EleutherAI/pythia-70m,50000,step50000,70426624,6,8,82,0,5,0.00048271939158439636,0.03999999910593033,16177.2001953125
EleutherAI/pythia-70m,50000,step50000,70426624,6,8,82,0,6,0.00845394004136324,0.03999999910593033,16177.2001953125
EleutherAI/pythia-70m,50000,step50000,70426624,6,8,82,0,7,0.004833560436964035,0.03999999910593033,16177.2001953125
EleutherAI/pythia-70m,50000,step50000,70426624,6,8,82,1,0,0.007452764548361301,0.03999999910593033,16177.2001953125
EleutherAI/pythia-70m,50000,step50000,70426624,6,8,82,1,1,5.192399839870632e-05,0.03999999910593033,16177.2001953125
EleutherAI/pythia-70m,50000,step50000,70426624,6,8,82,1,2,0.0007607069564983249,0.03999999910593033,16177.2001953125
EleutherAI/pythia-70m,50000,step50000,70426624,6,8,82,1,3,5.642350515699945e-06,0.03999999910593033,16177.2001953125
EleutherAI/pythia-70m,50000,step50000,70426624,6,8,82,1,4,0.007738953921943903,0.03999999910593033,16177.2001953125
EleutherAI/pythia-70m,50000,step50000,70426624,6,8,82,1,5,0.0013476806925609708,0.03999999910593033,16177.2001953125
EleutherAI/pythia-70m,50000,step50000,70426624,6,8,82,1,6,0.002984778955578804,0.03999999910593033,16177.2001953125
EleutherAI/pythia-70m,50000,step50000,70426624,6,8,82,1,7,0.0011175598483532667,0.03999999910593033,16177.2001953125
EleutherAI/pythia-70m,50000,step50000,70426624,6,8,82,2,0,0.002728310413658619,0.03999999910593033,16177.2001953125
EleutherAI/pythia-70m,50000,step50000,70426624,6,8,82,2,1,3.2174263253637037e-10,0.03999999910593033,16177.2001953125
EleutherAI/pythia-70m,50000,step50000,70426624,6,8,82,2,2,0.002336423145607114,0.03999999910593033,16177.2001953125
EleutherAI/pythia-70m,50000,step50000,70426624,6,8,82,2,3,0.001966431736946106,0.03999999910593033,16177.2001953125
EleutherAI/pythia-70m,50000,step50000,70426624,6,8,82,2,4,8.608369057583332e-07,0.03999999910593033,16177.2001953125
EleutherAI/pythia-70m,50000,step50000,70426624,6,8,82,2,5,0.01010261382907629,0.03999999910593033,16177.2001953125
EleutherAI/pythia-70m,50000,step50000,70426624,6,8,82,2,6,0.007685448508709669,0.03999999910593033,16177.2001953125
EleutherAI/pythia-70m,50000,step50000,70426624,6,8,82,2,7,2.116580435540527e-05,0.03999999910593033,16177.2001953125
EleutherAI/pythia-70m,50000,step50000,70426624,6,8,82,3,0,0.04639051482081413,0.03999999910593033,16177.2001953125
EleutherAI/pythia-70m,50000,step50000,70426624,6,8,82,3,1,0.1890653371810913,0.03999999910593033,16177.2001953125
EleutherAI/pythia-70m,50000,step50000,70426624,6,8,82,3,2,0.002122698351740837,0.03999999910593033,16177.2001953125
EleutherAI/pythia-70m,50000,step50000,70426624,6,8,82,3,3,0.011717169545590878,0.03999999910593033,16177.2001953125
EleutherAI/pythia-70m,50000,step50000,70426624,6,8,82,3,4,0.005666972603648901,0.03999999910593033,16177.2001953125
EleutherAI/pythia-70m,50000,step50000,70426624,6,8,82,3,5,0.1819269359111786,0.03999999910593033,16177.2001953125
EleutherAI/pythia-70m,50000,step50000,70426624,6,8,82,3,6,0.30669966340065,0.03999999910593033,16177.2001953125
EleutherAI/pythia-70m,50000,step50000,70426624,6,8,82,3,7,0.010001352988183498,0.03999999910593033,16177.2001953125
EleutherAI/pythia-70m,50000,step50000,70426624,6,8,82,4,0,0.010975398123264313,0.03999999910593033,16177.2001953125
EleutherAI/pythia-70m,50000,step50000,70426624,6,8,82,4,1,0.01160180103033781,0.03999999910593033,16177.2001953125
EleutherAI/pythia-70m,50000,step50000,70426624,6,8,82,4,2,0.018040914088487625,0.03999999910593033,16177.2001953125
EleutherAI/pythia-70m,50000,step50000,70426624,6,8,82,4,3,0.014915450476109982,0.03999999910593033,16177.2001953125
EleutherAI/pythia-70m,50000,step50000,70426624,6,8,82,4,4,0.012107704766094685,0.03999999910593033,16177.2001953125
EleutherAI/pythia-70m,50000,step50000,70426624,6,8,82,4,5,0.010379943996667862,0.03999999910593033,16177.2001953125
EleutherAI/pythia-70m,50000,step50000,70426624,6,8,82,4,6,0.013620619662106037,0.03999999910593033,16177.2001953125
EleutherAI/pythia-70m,50000,step50000,70426624,6,8,82,4,7,0.016850115731358528,0.03999999910593033,16177.2001953125
EleutherAI/pythia-70m,50000,step50000,70426624,6,8,82,5,0,0.006250993814319372,0.03999999910593033,16177.2001953125
EleutherAI/pythia-70m,50000,step50000,70426624,6,8,82,5,1,0.0015110857784748077,0.03999999910593033,16177.2001953125
EleutherAI/pythia-70m,50000,step50000,70426624,6,8,82,5,2,0.0033266812097281218,0.03999999910593033,16177.2001953125
EleutherAI/pythia-70m,50000,step50000,70426624,6,8,82,5,3,0.0005524124717339873,0.03999999910593033,16177.2001953125
EleutherAI/pythia-70m,50000,step50000,70426624,6,8,82,5,4,0.004234371241182089,0.03999999910593033,16177.2001953125
EleutherAI/pythia-70m,50000,step50000,70426624,6,8,82,5,5,0.00642655324190855,0.03999999910593033,16177.2001953125
EleutherAI/pythia-70m,50000,step50000,70426624,6,8,82,5,6,0.0036341140512377024,0.03999999910593033,16177.2001953125
EleutherAI/pythia-70m,50000,step50000,70426624,6,8,82,5,7,9.13500480237417e-06,0.03999999910593033,16177.2001953125
EleutherAI/pythia-70m,50000,step50000,70426624,6,8,83,0,0,0.00870057288557291,0.2199999988079071,10865.2998046875
EleutherAI/pythia-70m,50000,step50000,70426624,6,8,83,0,1,0.0004201939736958593,0.2199999988079071,10865.2998046875
EleutherAI/pythia-70m,50000,step50000,70426624,6,8,83,0,2,0.010233507491648197,0.2199999988079071,10865.2998046875
EleutherAI/pythia-70m,50000,step50000,70426624,6,8,83,0,3,0.0014763688668608665,0.2199999988079071,10865.2998046875
EleutherAI/pythia-70m,50000,step50000,70426624,6,8,83,0,4,0.0015337702352553606,0.2199999988079071,10865.2998046875
EleutherAI/pythia-70m,50000,step50000,70426624,6,8,83,0,5,0.0008512334316037595,0.2199999988079071,10865.2998046875
EleutherAI/pythia-70m,50000,step50000,70426624,6,8,83,0,6,0.009426807053387165,0.2199999988079071,10865.2998046875
EleutherAI/pythia-70m,50000,step50000,70426624,6,8,83,0,7,0.00031379066058434546,0.2199999988079071,10865.2998046875
EleutherAI/pythia-70m,50000,step50000,70426624,6,8,83,1,0,0.007606894243508577,0.2199999988079071,10865.2998046875
EleutherAI/pythia-70m,50000,step50000,70426624,6,8,83,1,1,9.913628309732303e-05,0.2199999988079071,10865.2998046875
EleutherAI/pythia-70m,50000,step50000,70426624,6,8,83,1,2,0.0001958532229764387,0.2199999988079071,10865.2998046875
EleutherAI/pythia-70m,50000,step50000,70426624,6,8,83,1,3,1.2921879715577234e-05,0.2199999988079071,10865.2998046875
EleutherAI/pythia-70m,50000,step50000,70426624,6,8,83,1,4,0.010328304022550583,0.2199999988079071,10865.2998046875
EleutherAI/pythia-70m,50000,step50000,70426624,6,8,83,1,5,0.001176074263639748,0.2199999988079071,10865.2998046875
EleutherAI/pythia-70m,50000,step50000,70426624,6,8,83,1,6,0.0036194301210343838,0.2199999988079071,10865.2998046875
EleutherAI/pythia-70m,50000,step50000,70426624,6,8,83,1,7,0.002486493671312928,0.2199999988079071,10865.2998046875
EleutherAI/pythia-70m,50000,step50000,70426624,6,8,83,2,0,0.002313064644113183,0.2199999988079071,10865.2998046875
EleutherAI/pythia-70m,50000,step50000,70426624,6,8,83,2,1,6.110516259649756e-11,0.2199999988079071,10865.2998046875
EleutherAI/pythia-70m,50000,step50000,70426624,6,8,83,2,2,0.002322208369150758,0.2199999988079071,10865.2998046875
EleutherAI/pythia-70m,50000,step50000,70426624,6,8,83,2,3,0.0014953373465687037,0.2199999988079071,10865.2998046875
EleutherAI/pythia-70m,50000,step50000,70426624,6,8,83,2,4,2.261717099827365e-06,0.2199999988079071,10865.2998046875
EleutherAI/pythia-70m,50000,step50000,70426624,6,8,83,2,5,0.013295819982886314,0.2199999988079071,10865.2998046875
EleutherAI/pythia-70m,50000,step50000,70426624,6,8,83,2,6,0.006082500331103802,0.2199999988079071,10865.2998046875
EleutherAI/pythia-70m,50000,step50000,70426624,6,8,83,2,7,8.019018423510715e-06,0.2199999988079071,10865.2998046875
EleutherAI/pythia-70m,50000,step50000,70426624,6,8,83,3,0,0.21016176044940948,0.2199999988079071,10865.2998046875
EleutherAI/pythia-70m,50000,step50000,70426624,6,8,83,3,1,0.3836996853351593,0.2199999988079071,10865.2998046875
EleutherAI/pythia-70m,50000,step50000,70426624,6,8,83,3,2,0.0013850730611011386,0.2199999988079071,10865.2998046875
EleutherAI/pythia-70m,50000,step50000,70426624,6,8,83,3,3,0.015178904868662357,0.2199999988079071,10865.2998046875
EleutherAI/pythia-70m,50000,step50000,70426624,6,8,83,3,4,0.004705735016614199,0.2199999988079071,10865.2998046875
EleutherAI/pythia-70m,50000,step50000,70426624,6,8,83,3,5,0.40355050563812256,0.2199999988079071,10865.2998046875
EleutherAI/pythia-70m,50000,step50000,70426624,6,8,83,3,6,0.5586490631103516,0.2199999988079071,10865.2998046875
EleutherAI/pythia-70m,50000,step50000,70426624,6,8,83,3,7,0.009617957286536694,0.2199999988079071,10865.2998046875
EleutherAI/pythia-70m,50000,step50000,70426624,6,8,83,4,0,0.014210130088031292,0.2199999988079071,10865.2998046875
EleutherAI/pythia-70m,50000,step50000,70426624,6,8,83,4,1,0.016793515533208847,0.2199999988079071,10865.2998046875
EleutherAI/pythia-70m,50000,step50000,70426624,6,8,83,4,2,0.03192679584026337,0.2199999988079071,10865.2998046875
EleutherAI/pythia-70m,50000,step50000,70426624,6,8,83,4,3,0.025557976216077805,0.2199999988079071,10865.2998046875
EleutherAI/pythia-70m,50000,step50000,70426624,6,8,83,4,4,0.016114987432956696,0.2199999988079071,10865.2998046875
EleutherAI/pythia-70m,50000,step50000,70426624,6,8,83,4,5,0.00984734483063221,0.2199999988079071,10865.2998046875
EleutherAI/pythia-70m,50000,step50000,70426624,6,8,83,4,6,0.02610638365149498,0.2199999988079071,10865.2998046875
EleutherAI/pythia-70m,50000,step50000,70426624,6,8,83,4,7,0.02993454970419407,0.2199999988079071,10865.2998046875
EleutherAI/pythia-70m,50000,step50000,70426624,6,8,83,5,0,0.006606244016438723,0.2199999988079071,10865.2998046875
EleutherAI/pythia-70m,50000,step50000,70426624,6,8,83,5,1,0.002107366221025586,0.2199999988079071,10865.2998046875
EleutherAI/pythia-70m,50000,step50000,70426624,6,8,83,5,2,0.0030343024991452694,0.2199999988079071,10865.2998046875
EleutherAI/pythia-70m,50000,step50000,70426624,6,8,83,5,3,0.00010846158693311736,0.2199999988079071,10865.2998046875
EleutherAI/pythia-70m,50000,step50000,70426624,6,8,83,5,4,0.0021284122485667467,0.2199999988079071,10865.2998046875
EleutherAI/pythia-70m,50000,step50000,70426624,6,8,83,5,5,0.005356351844966412,0.2199999988079071,10865.2998046875
EleutherAI/pythia-70m,50000,step50000,70426624,6,8,83,5,6,0.021562837064266205,0.2199999988079071,10865.2998046875
EleutherAI/pythia-70m,50000,step50000,70426624,6,8,83,5,7,1.4678913430543616e-05,0.2199999988079071,10865.2998046875
EleutherAI/pythia-70m,50000,step50000,70426624,6,8,84,0,0,0.008907178416848183,0.1599999964237213,8705.8798828125
EleutherAI/pythia-70m,50000,step50000,70426624,6,8,84,0,1,0.00046679985825903714,0.1599999964237213,8705.8798828125
EleutherAI/pythia-70m,50000,step50000,70426624,6,8,84,0,2,0.009054766036570072,0.1599999964237213,8705.8798828125
EleutherAI/pythia-70m,50000,step50000,70426624,6,8,84,0,3,0.0011951443739235401,0.1599999964237213,8705.8798828125
EleutherAI/pythia-70m,50000,step50000,70426624,6,8,84,0,4,0.001798773417249322,0.1599999964237213,8705.8798828125
EleutherAI/pythia-70m,50000,step50000,70426624,6,8,84,0,5,0.0005333335720933974,0.1599999964237213,8705.8798828125
EleutherAI/pythia-70m,50000,step50000,70426624,6,8,84,0,6,0.009663397446274757,0.1599999964237213,8705.8798828125
EleutherAI/pythia-70m,50000,step50000,70426624,6,8,84,0,7,0.0008491764892823994,0.1599999964237213,8705.8798828125
EleutherAI/pythia-70m,50000,step50000,70426624,6,8,84,1,0,0.008127528242766857,0.1599999964237213,8705.8798828125
EleutherAI/pythia-70m,50000,step50000,70426624,6,8,84,1,1,4.1328847146360204e-05,0.1599999964237213,8705.8798828125
EleutherAI/pythia-70m,50000,step50000,70426624,6,8,84,1,2,0.00021926008048467338,0.1599999964237213,8705.8798828125
EleutherAI/pythia-70m,50000,step50000,70426624,6,8,84,1,3,4.960389560437761e-06,0.1599999964237213,8705.8798828125
EleutherAI/pythia-70m,50000,step50000,70426624,6,8,84,1,4,0.008330818265676498,0.1599999964237213,8705.8798828125
EleutherAI/pythia-70m,50000,step50000,70426624,6,8,84,1,5,0.0009150963160209358,0.1599999964237213,8705.8798828125
EleutherAI/pythia-70m,50000,step50000,70426624,6,8,84,1,6,0.002343827858567238,0.1599999964237213,8705.8798828125
EleutherAI/pythia-70m,50000,step50000,70426624,6,8,84,1,7,0.004405380692332983,0.1599999964237213,8705.8798828125
EleutherAI/pythia-70m,50000,step50000,70426624,6,8,84,2,0,0.0015425882302224636,0.1599999964237213,8705.8798828125
EleutherAI/pythia-70m,50000,step50000,70426624,6,8,84,2,1,3.849441598813286e-11,0.1599999964237213,8705.8798828125
EleutherAI/pythia-70m,50000,step50000,70426624,6,8,84,2,2,0.0012010508216917515,0.1599999964237213,8705.8798828125
EleutherAI/pythia-70m,50000,step50000,70426624,6,8,84,2,3,0.0017006135312840343,0.1599999964237213,8705.8798828125
EleutherAI/pythia-70m,50000,step50000,70426624,6,8,84,2,4,3.6448382161324844e-06,0.1599999964237213,8705.8798828125
EleutherAI/pythia-70m,50000,step50000,70426624,6,8,84,2,5,0.014589862897992134,0.1599999964237213,8705.8798828125
EleutherAI/pythia-70m,50000,step50000,70426624,6,8,84,2,6,0.008415385149419308,0.1599999964237213,8705.8798828125
EleutherAI/pythia-70m,50000,step50000,70426624,6,8,84,2,7,4.7076127884793095e-06,0.1599999964237213,8705.8798828125
EleutherAI/pythia-70m,50000,step50000,70426624,6,8,84,3,0,0.16557827591896057,0.1599999964237213,8705.8798828125
EleutherAI/pythia-70m,50000,step50000,70426624,6,8,84,3,1,0.39252400398254395,0.1599999964237213,8705.8798828125
EleutherAI/pythia-70m,50000,step50000,70426624,6,8,84,3,2,0.0012885247124359012,0.1599999964237213,8705.8798828125
EleutherAI/pythia-70m,50000,step50000,70426624,6,8,84,3,3,0.013454245403409004,0.1599999964237213,8705.8798828125
EleutherAI/pythia-70m,50000,step50000,70426624,6,8,84,3,4,0.002951981034129858,0.1599999964237213,8705.8798828125
EleutherAI/pythia-70m,50000,step50000,70426624,6,8,84,3,5,0.4314722716808319,0.1599999964237213,8705.8798828125
EleutherAI/pythia-70m,50000,step50000,70426624,6,8,84,3,6,0.6147400736808777,0.1599999964237213,8705.8798828125
EleutherAI/pythia-70m,50000,step50000,70426624,6,8,84,3,7,0.006700947880744934,0.1599999964237213,8705.8798828125
EleutherAI/pythia-70m,50000,step50000,70426624,6,8,84,4,0,0.010425757616758347,0.1599999964237213,8705.8798828125
EleutherAI/pythia-70m,50000,step50000,70426624,6,8,84,4,1,0.011042538098990917,0.1599999964237213,8705.8798828125
EleutherAI/pythia-70m,50000,step50000,70426624,6,8,84,4,2,0.020475974306464195,0.1599999964237213,8705.8798828125
EleutherAI/pythia-70m,50000,step50000,70426624,6,8,84,4,3,0.02362026274204254,0.1599999964237213,8705.8798828125
EleutherAI/pythia-70m,50000,step50000,70426624,6,8,84,4,4,0.013023138046264648,0.1599999964237213,8705.8798828125
EleutherAI/pythia-70m,50000,step50000,70426624,6,8,84,4,5,0.01041195634752512,0.1599999964237213,8705.8798828125
EleutherAI/pythia-70m,50000,step50000,70426624,6,8,84,4,6,0.01804748736321926,0.1599999964237213,8705.8798828125
EleutherAI/pythia-70m,50000,step50000,70426624,6,8,84,4,7,0.03032299503684044,0.1599999964237213,8705.8798828125
EleutherAI/pythia-70m,50000,step50000,70426624,6,8,84,5,0,0.003605611389502883,0.1599999964237213,8705.8798828125
EleutherAI/pythia-70m,50000,step50000,70426624,6,8,84,5,1,0.0011970619671046734,0.1599999964237213,8705.8798828125
EleutherAI/pythia-70m,50000,step50000,70426624,6,8,84,5,2,0.001162787084467709,0.1599999964237213,8705.8798828125
EleutherAI/pythia-70m,50000,step50000,70426624,6,8,84,5,3,0.0001534352486487478,0.1599999964237213,8705.8798828125
EleutherAI/pythia-70m,50000,step50000,70426624,6,8,84,5,4,0.00022178562358021736,0.1599999964237213,8705.8798828125
EleutherAI/pythia-70m,50000,step50000,70426624,6,8,84,5,5,0.0015067234635353088,0.1599999964237213,8705.8798828125
EleutherAI/pythia-70m,50000,step50000,70426624,6,8,84,5,6,0.0020545602310448885,0.1599999964237213,8705.8798828125
EleutherAI/pythia-70m,50000,step50000,70426624,6,8,84,5,7,4.021764198114397e-06,0.1599999964237213,8705.8798828125
EleutherAI/pythia-70m,50000,step50000,70426624,6,8,85,0,0,0.006626015529036522,0.03999999910593033,16363.099609375
EleutherAI/pythia-70m,50000,step50000,70426624,6,8,85,0,1,0.0003792006755247712,0.03999999910593033,16363.099609375
EleutherAI/pythia-70m,50000,step50000,70426624,6,8,85,0,2,0.014416312798857689,0.03999999910593033,16363.099609375
EleutherAI/pythia-70m,50000,step50000,70426624,6,8,85,0,3,0.0006525269127450883,0.03999999910593033,16363.099609375
EleutherAI/pythia-70m,50000,step50000,70426624,6,8,85,0,4,0.002383101498708129,0.03999999910593033,16363.099609375
EleutherAI/pythia-70m,50000,step50000,70426624,6,8,85,0,5,0.0009118433808907866,0.03999999910593033,16363.099609375
EleutherAI/pythia-70m,50000,step50000,70426624,6,8,85,0,6,0.007811037357896566,0.03999999910593033,16363.099609375
EleutherAI/pythia-70m,50000,step50000,70426624,6,8,85,0,7,0.0012733418261632323,0.03999999910593033,16363.099609375
EleutherAI/pythia-70m,50000,step50000,70426624,6,8,85,1,0,0.006380090489983559,0.03999999910593033,16363.099609375
EleutherAI/pythia-70m,50000,step50000,70426624,6,8,85,1,1,0.0005689694080501795,0.03999999910593033,16363.099609375
EleutherAI/pythia-70m,50000,step50000,70426624,6,8,85,1,2,0.0007982231909409165,0.03999999910593033,16363.099609375
EleutherAI/pythia-70m,50000,step50000,70426624,6,8,85,1,3,3.1912302802084014e-05,0.03999999910593033,16363.099609375
EleutherAI/pythia-70m,50000,step50000,70426624,6,8,85,1,4,0.0061016809195280075,0.03999999910593033,16363.099609375
EleutherAI/pythia-70m,50000,step50000,70426624,6,8,85,1,5,0.0009320955723524094,0.03999999910593033,16363.099609375
EleutherAI/pythia-70m,50000,step50000,70426624,6,8,85,1,6,0.0031652906909585,0.03999999910593033,16363.099609375
EleutherAI/pythia-70m,50000,step50000,70426624,6,8,85,1,7,0.0021426391322165728,0.03999999910593033,16363.099609375
EleutherAI/pythia-70m,50000,step50000,70426624,6,8,85,2,0,0.0016223907005041838,0.03999999910593033,16363.099609375
EleutherAI/pythia-70m,50000,step50000,70426624,6,8,85,2,1,1.4889398602946358e-09,0.03999999910593033,16363.099609375
EleutherAI/pythia-70m,50000,step50000,70426624,6,8,85,2,2,0.004013791214674711,0.03999999910593033,16363.099609375
EleutherAI/pythia-70m,50000,step50000,70426624,6,8,85,2,3,0.003129994496703148,0.03999999910593033,16363.099609375
EleutherAI/pythia-70m,50000,step50000,70426624,6,8,85,2,4,3.438601197558455e-06,0.03999999910593033,16363.099609375
EleutherAI/pythia-70m,50000,step50000,70426624,6,8,85,2,5,0.009608129039406776,0.03999999910593033,16363.099609375
EleutherAI/pythia-70m,50000,step50000,70426624,6,8,85,2,6,0.00896643940359354,0.03999999910593033,16363.099609375
EleutherAI/pythia-70m,50000,step50000,70426624,6,8,85,2,7,6.171160930534825e-05,0.03999999910593033,16363.099609375
EleutherAI/pythia-70m,50000,step50000,70426624,6,8,85,3,0,0.1002533808350563,0.03999999910593033,16363.099609375
EleutherAI/pythia-70m,50000,step50000,70426624,6,8,85,3,1,0.16417577862739563,0.03999999910593033,16363.099609375
EleutherAI/pythia-70m,50000,step50000,70426624,6,8,85,3,2,0.002940843813121319,0.03999999910593033,16363.099609375
EleutherAI/pythia-70m,50000,step50000,70426624,6,8,85,3,3,0.014178598299622536,0.03999999910593033,16363.099609375
EleutherAI/pythia-70m,50000,step50000,70426624,6,8,85,3,4,0.00714973546564579,0.03999999910593033,16363.099609375
EleutherAI/pythia-70m,50000,step50000,70426624,6,8,85,3,5,0.14011558890342712,0.03999999910593033,16363.099609375
EleutherAI/pythia-70m,50000,step50000,70426624,6,8,85,3,6,0.3096667528152466,0.03999999910593033,16363.099609375
EleutherAI/pythia-70m,50000,step50000,70426624,6,8,85,3,7,0.011711320839822292,0.03999999910593033,16363.099609375
EleutherAI/pythia-70m,50000,step50000,70426624,6,8,85,4,0,0.012311768718063831,0.03999999910593033,16363.099609375
EleutherAI/pythia-70m,50000,step50000,70426624,6,8,85,4,1,0.013154970481991768,0.03999999910593033,16363.099609375
EleutherAI/pythia-70m,50000,step50000,70426624,6,8,85,4,2,0.019519753754138947,0.03999999910593033,16363.099609375
EleutherAI/pythia-70m,50000,step50000,70426624,6,8,85,4,3,0.018149401992559433,0.03999999910593033,16363.099609375
EleutherAI/pythia-70m,50000,step50000,70426624,6,8,85,4,4,0.014595367945730686,0.03999999910593033,16363.099609375
EleutherAI/pythia-70m,50000,step50000,70426624,6,8,85,4,5,0.011085369624197483,0.03999999910593033,16363.099609375
EleutherAI/pythia-70m,50000,step50000,70426624,6,8,85,4,6,0.0163783747702837,0.03999999910593033,16363.099609375
EleutherAI/pythia-70m,50000,step50000,70426624,6,8,85,4,7,0.019486524164676666,0.03999999910593033,16363.099609375
EleutherAI/pythia-70m,50000,step50000,70426624,6,8,85,5,0,0.007245497778058052,0.03999999910593033,16363.099609375
EleutherAI/pythia-70m,50000,step50000,70426624,6,8,85,5,1,0.004442011471837759,0.03999999910593033,16363.099609375
EleutherAI/pythia-70m,50000,step50000,70426624,6,8,85,5,2,0.002093670656904578,0.03999999910593033,16363.099609375
EleutherAI/pythia-70m,50000,step50000,70426624,6,8,85,5,3,0.0015486885095015168,0.03999999910593033,16363.099609375
EleutherAI/pythia-70m,50000,step50000,70426624,6,8,85,5,4,0.0026857859920710325,0.03999999910593033,16363.099609375
EleutherAI/pythia-70m,50000,step50000,70426624,6,8,85,5,5,0.00575630646198988,0.03999999910593033,16363.099609375
EleutherAI/pythia-70m,50000,step50000,70426624,6,8,85,5,6,0.005418134853243828,0.03999999910593033,16363.099609375
EleutherAI/pythia-70m,50000,step50000,70426624,6,8,85,5,7,8.705342042958364e-05,0.03999999910593033,16363.099609375
EleutherAI/pythia-70m,50000,step50000,70426624,6,8,86,0,0,0.009068540297448635,0.18000000715255737,9376.080078125
EleutherAI/pythia-70m,50000,step50000,70426624,6,8,86,0,1,0.00026119311223737895,0.18000000715255737,9376.080078125
EleutherAI/pythia-70m,50000,step50000,70426624,6,8,86,0,2,0.006805918645113707,0.18000000715255737,9376.080078125
EleutherAI/pythia-70m,50000,step50000,70426624,6,8,86,0,3,0.0005516306264325976,0.18000000715255737,9376.080078125
EleutherAI/pythia-70m,50000,step50000,70426624,6,8,86,0,4,0.0010522493394091725,0.18000000715255737,9376.080078125
EleutherAI/pythia-70m,50000,step50000,70426624,6,8,86,0,5,0.00024040110292844474,0.18000000715255737,9376.080078125
EleutherAI/pythia-70m,50000,step50000,70426624,6,8,86,0,6,0.008217906579375267,0.18000000715255737,9376.080078125
EleutherAI/pythia-70m,50000,step50000,70426624,6,8,86,0,7,0.00035142089473083615,0.18000000715255737,9376.080078125
EleutherAI/pythia-70m,50000,step50000,70426624,6,8,86,1,0,0.007651407737284899,0.18000000715255737,9376.080078125
EleutherAI/pythia-70m,50000,step50000,70426624,6,8,86,1,1,3.4546759707154706e-05,0.18000000715255737,9376.080078125
EleutherAI/pythia-70m,50000,step50000,70426624,6,8,86,1,2,0.0002430908352835104,0.18000000715255737,9376.080078125
EleutherAI/pythia-70m,50000,step50000,70426624,6,8,86,1,3,2.351121565880021e-06,0.18000000715255737,9376.080078125
EleutherAI/pythia-70m,50000,step50000,70426624,6,8,86,1,4,0.007118527777493,0.18000000715255737,9376.080078125
EleutherAI/pythia-70m,50000,step50000,70426624,6,8,86,1,5,0.0012729818699881434,0.18000000715255737,9376.080078125
EleutherAI/pythia-70m,50000,step50000,70426624,6,8,86,1,6,0.002229208592325449,0.18000000715255737,9376.080078125
EleutherAI/pythia-70m,50000,step50000,70426624,6,8,86,1,7,0.00169478845782578,0.18000000715255737,9376.080078125
EleutherAI/pythia-70m,50000,step50000,70426624,6,8,86,2,0,0.0015225090319290757,0.18000000715255737,9376.080078125
EleutherAI/pythia-70m,50000,step50000,70426624,6,8,86,2,1,1.5563213218161565e-10,0.18000000715255737,9376.080078125
EleutherAI/pythia-70m,50000,step50000,70426624,6,8,86,2,2,0.002182548400014639,0.18000000715255737,9376.080078125
EleutherAI/pythia-70m,50000,step50000,70426624,6,8,86,2,3,0.0011751081328839064,0.18000000715255737,9376.080078125
EleutherAI/pythia-70m,50000,step50000,70426624,6,8,86,2,4,5.716462965210667e-07,0.18000000715255737,9376.080078125
EleutherAI/pythia-70m,50000,step50000,70426624,6,8,86,2,5,0.00937111396342516,0.18000000715255737,9376.080078125
EleutherAI/pythia-70m,50000,step50000,70426624,6,8,86,2,6,0.006524109281599522,0.18000000715255737,9376.080078125
EleutherAI/pythia-70m,50000,step50000,70426624,6,8,86,2,7,6.720187229802832e-06,0.18000000715255737,9376.080078125
EleutherAI/pythia-70m,50000,step50000,70426624,6,8,86,3,0,0.16254405677318573,0.18000000715255737,9376.080078125
EleutherAI/pythia-70m,50000,step50000,70426624,6,8,86,3,1,0.33615612983703613,0.18000000715255737,9376.080078125
EleutherAI/pythia-70m,50000,step50000,70426624,6,8,86,3,2,0.0015263153472915292,0.18000000715255737,9376.080078125
EleutherAI/pythia-70m,50000,step50000,70426624,6,8,86,3,3,0.013088520616292953,0.18000000715255737,9376.080078125
EleutherAI/pythia-70m,50000,step50000,70426624,6,8,86,3,4,0.005108718294650316,0.18000000715255737,9376.080078125
EleutherAI/pythia-70m,50000,step50000,70426624,6,8,86,3,5,0.38917243480682373,0.18000000715255737,9376.080078125
EleutherAI/pythia-70m,50000,step50000,70426624,6,8,86,3,6,0.5798677802085876,0.18000000715255737,9376.080078125
EleutherAI/pythia-70m,50000,step50000,70426624,6,8,86,3,7,0.009445678442716599,0.18000000715255737,9376.080078125
EleutherAI/pythia-70m,50000,step50000,70426624,6,8,86,4,0,0.013334996998310089,0.18000000715255737,9376.080078125
EleutherAI/pythia-70m,50000,step50000,70426624,6,8,86,4,1,0.015066460706293583,0.18000000715255737,9376.080078125
EleutherAI/pythia-70m,50000,step50000,70426624,6,8,86,4,2,0.037098221480846405,0.18000000715255737,9376.080078125
EleutherAI/pythia-70m,50000,step50000,70426624,6,8,86,4,3,0.02021230012178421,0.18000000715255737,9376.080078125
EleutherAI/pythia-70m,50000,step50000,70426624,6,8,86,4,4,0.01494515873491764,0.18000000715255737,9376.080078125
EleutherAI/pythia-70m,50000,step50000,70426624,6,8,86,4,5,0.012926566414535046,0.18000000715255737,9376.080078125
EleutherAI/pythia-70m,50000,step50000,70426624,6,8,86,4,6,0.019611263647675514,0.18000000715255737,9376.080078125
EleutherAI/pythia-70m,50000,step50000,70426624,6,8,86,4,7,0.0383155420422554,0.18000000715255737,9376.080078125
EleutherAI/pythia-70m,50000,step50000,70426624,6,8,86,5,0,0.007548644673079252,0.18000000715255737,9376.080078125
EleutherAI/pythia-70m,50000,step50000,70426624,6,8,86,5,1,0.001699048443697393,0.18000000715255737,9376.080078125
EleutherAI/pythia-70m,50000,step50000,70426624,6,8,86,5,2,0.0021512038074433804,0.18000000715255737,9376.080078125
EleutherAI/pythia-70m,50000,step50000,70426624,6,8,86,5,3,0.00019985565450042486,0.18000000715255737,9376.080078125
EleutherAI/pythia-70m,50000,step50000,70426624,6,8,86,5,4,0.003460722276940942,0.18000000715255737,9376.080078125
EleutherAI/pythia-70m,50000,step50000,70426624,6,8,86,5,5,0.00457187183201313,0.18000000715255737,9376.080078125
EleutherAI/pythia-70m,50000,step50000,70426624,6,8,86,5,6,0.005539516918361187,0.18000000715255737,9376.080078125
EleutherAI/pythia-70m,50000,step50000,70426624,6,8,86,5,7,1.6569510989938863e-05,0.18000000715255737,9376.080078125
EleutherAI/pythia-70m,50000,step50000,70426624,6,8,87,0,0,0.0073269205167889595,0.5400000214576721,7917.97998046875
EleutherAI/pythia-70m,50000,step50000,70426624,6,8,87,0,1,0.00027648042305372655,0.5400000214576721,7917.97998046875
EleutherAI/pythia-70m,50000,step50000,70426624,6,8,87,0,2,0.00788879208266735,0.5400000214576721,7917.97998046875
EleutherAI/pythia-70m,50000,step50000,70426624,6,8,87,0,3,0.0008046266157180071,0.5400000214576721,7917.97998046875
EleutherAI/pythia-70m,50000,step50000,70426624,6,8,87,0,4,0.0009875381365418434,0.5400000214576721,7917.97998046875
EleutherAI/pythia-70m,50000,step50000,70426624,6,8,87,0,5,4.188898310530931e-05,0.5400000214576721,7917.97998046875
EleutherAI/pythia-70m,50000,step50000,70426624,6,8,87,0,6,0.008159499615430832,0.5400000214576721,7917.97998046875
EleutherAI/pythia-70m,50000,step50000,70426624,6,8,87,0,7,0.0014735041186213493,0.5400000214576721,7917.97998046875
EleutherAI/pythia-70m,50000,step50000,70426624,6,8,87,1,0,0.007442297879606485,0.5400000214576721,7917.97998046875
EleutherAI/pythia-70m,50000,step50000,70426624,6,8,87,1,1,4.838188033318147e-05,0.5400000214576721,7917.97998046875
EleutherAI/pythia-70m,50000,step50000,70426624,6,8,87,1,2,0.00048405947745777667,0.5400000214576721,7917.97998046875
EleutherAI/pythia-70m,50000,step50000,70426624,6,8,87,1,3,4.454338068171637e-06,0.5400000214576721,7917.97998046875
EleutherAI/pythia-70m,50000,step50000,70426624,6,8,87,1,4,0.007613437715917826,0.5400000214576721,7917.97998046875
EleutherAI/pythia-70m,50000,step50000,70426624,6,8,87,1,5,0.0013695694506168365,0.5400000214576721,7917.97998046875
EleutherAI/pythia-70m,50000,step50000,70426624,6,8,87,1,6,0.0022450312972068787,0.5400000214576721,7917.97998046875
EleutherAI/pythia-70m,50000,step50000,70426624,6,8,87,1,7,0.001767904730513692,0.5400000214576721,7917.97998046875
EleutherAI/pythia-70m,50000,step50000,70426624,6,8,87,2,0,0.0012893294915556908,0.5400000214576721,7917.97998046875
EleutherAI/pythia-70m,50000,step50000,70426624,6,8,87,2,1,5.917568518531979e-11,0.5400000214576721,7917.97998046875
EleutherAI/pythia-70m,50000,step50000,70426624,6,8,87,2,2,0.0006148607353679836,0.5400000214576721,7917.97998046875
EleutherAI/pythia-70m,50000,step50000,70426624,6,8,87,2,3,0.0008653218974359334,0.5400000214576721,7917.97998046875
EleutherAI/pythia-70m,50000,step50000,70426624,6,8,87,2,4,2.33564924201346e-06,0.5400000214576721,7917.97998046875
EleutherAI/pythia-70m,50000,step50000,70426624,6,8,87,2,5,0.01579069159924984,0.5400000214576721,7917.97998046875
EleutherAI/pythia-70m,50000,step50000,70426624,6,8,87,2,6,0.00612601637840271,0.5400000214576721,7917.97998046875
EleutherAI/pythia-70m,50000,step50000,70426624,6,8,87,2,7,4.937468929711031e-06,0.5400000214576721,7917.97998046875
EleutherAI/pythia-70m,50000,step50000,70426624,6,8,87,3,0,0.5207538604736328,0.5400000214576721,7917.97998046875
EleutherAI/pythia-70m,50000,step50000,70426624,6,8,87,3,1,0.6297019720077515,0.5400000214576721,7917.97998046875
EleutherAI/pythia-70m,50000,step50000,70426624,6,8,87,3,2,0.0006198376649990678,0.5400000214576721,7917.97998046875
EleutherAI/pythia-70m,50000,step50000,70426624,6,8,87,3,3,0.017537949606776237,0.5400000214576721,7917.97998046875
EleutherAI/pythia-70m,50000,step50000,70426624,6,8,87,3,4,0.002547462470829487,0.5400000214576721,7917.97998046875
EleutherAI/pythia-70m,50000,step50000,70426624,6,8,87,3,5,0.6598445773124695,0.5400000214576721,7917.97998046875
EleutherAI/pythia-70m,50000,step50000,70426624,6,8,87,3,6,0.7865284085273743,0.5400000214576721,7917.97998046875
EleutherAI/pythia-70m,50000,step50000,70426624,6,8,87,3,7,0.008986230008304119,0.5400000214576721,7917.97998046875
EleutherAI/pythia-70m,50000,step50000,70426624,6,8,87,4,0,0.023847488686442375,0.5400000214576721,7917.97998046875
EleutherAI/pythia-70m,50000,step50000,70426624,6,8,87,4,1,0.028538744896650314,0.5400000214576721,7917.97998046875
EleutherAI/pythia-70m,50000,step50000,70426624,6,8,87,4,2,0.06746930629014969,0.5400000214576721,7917.97998046875
EleutherAI/pythia-70m,50000,step50000,70426624,6,8,87,4,3,0.06257037073373795,0.5400000214576721,7917.97998046875
EleutherAI/pythia-70m,50000,step50000,70426624,6,8,87,4,4,0.01917974278330803,0.5400000214576721,7917.97998046875
EleutherAI/pythia-70m,50000,step50000,70426624,6,8,87,4,5,0.010406561195850372,0.5400000214576721,7917.97998046875
EleutherAI/pythia-70m,50000,step50000,70426624,6,8,87,4,6,0.03744048252701759,0.5400000214576721,7917.97998046875
EleutherAI/pythia-70m,50000,step50000,70426624,6,8,87,4,7,0.06421954929828644,0.5400000214576721,7917.97998046875
EleutherAI/pythia-70m,50000,step50000,70426624,6,8,87,5,0,0.010144262574613094,0.5400000214576721,7917.97998046875
EleutherAI/pythia-70m,50000,step50000,70426624,6,8,87,5,1,0.00072885537520051,0.5400000214576721,7917.97998046875
EleutherAI/pythia-70m,50000,step50000,70426624,6,8,87,5,2,0.002899379702284932,0.5400000214576721,7917.97998046875
EleutherAI/pythia-70m,50000,step50000,70426624,6,8,87,5,3,8.42619119794108e-05,0.5400000214576721,7917.97998046875
EleutherAI/pythia-70m,50000,step50000,70426624,6,8,87,5,4,0.008854557760059834,0.5400000214576721,7917.97998046875
EleutherAI/pythia-70m,50000,step50000,70426624,6,8,87,5,5,0.00606646528467536,0.5400000214576721,7917.97998046875
EleutherAI/pythia-70m,50000,step50000,70426624,6,8,87,5,6,0.0031989661511033773,0.5400000214576721,7917.97998046875
EleutherAI/pythia-70m,50000,step50000,70426624,6,8,87,5,7,1.2586657248903066e-05,0.5400000214576721,7917.97998046875
EleutherAI/pythia-70m,50000,step50000,70426624,6,8,88,0,0,0.008457431569695473,0.0,16394.8203125
EleutherAI/pythia-70m,50000,step50000,70426624,6,8,88,0,1,0.0004953315365128219,0.0,16394.8203125
EleutherAI/pythia-70m,50000,step50000,70426624,6,8,88,0,2,0.008614431135356426,0.0,16394.8203125
EleutherAI/pythia-70m,50000,step50000,70426624,6,8,88,0,3,0.0007791125099174678,0.0,16394.8203125
EleutherAI/pythia-70m,50000,step50000,70426624,6,8,88,0,4,0.0006797058158554137,0.0,16394.8203125
EleutherAI/pythia-70m,50000,step50000,70426624,6,8,88,0,5,1.2663546840485651e-05,0.0,16394.8203125
EleutherAI/pythia-70m,50000,step50000,70426624,6,8,88,0,6,0.009124862030148506,0.0,16394.8203125
EleutherAI/pythia-70m,50000,step50000,70426624,6,8,88,0,7,0.0008653945988044143,0.0,16394.8203125
EleutherAI/pythia-70m,50000,step50000,70426624,6,8,88,1,0,0.008723489008843899,0.0,16394.8203125
EleutherAI/pythia-70m,50000,step50000,70426624,6,8,88,1,1,3.3405489375581965e-05,0.0,16394.8203125
EleutherAI/pythia-70m,50000,step50000,70426624,6,8,88,1,2,0.00035423337249085307,0.0,16394.8203125
EleutherAI/pythia-70m,50000,step50000,70426624,6,8,88,1,3,1.7416668924852274e-05,0.0,16394.8203125
EleutherAI/pythia-70m,50000,step50000,70426624,6,8,88,1,4,0.010365762747824192,0.0,16394.8203125
EleutherAI/pythia-70m,50000,step50000,70426624,6,8,88,1,5,0.0025081594940274954,0.0,16394.8203125
EleutherAI/pythia-70m,50000,step50000,70426624,6,8,88,1,6,0.002645974513143301,0.0,16394.8203125
EleutherAI/pythia-70m,50000,step50000,70426624,6,8,88,1,7,0.0014267187798395753,0.0,16394.8203125
EleutherAI/pythia-70m,50000,step50000,70426624,6,8,88,2,0,0.0022891955450177193,0.0,16394.8203125
EleutherAI/pythia-70m,50000,step50000,70426624,6,8,88,2,1,1.1847507697115844e-10,0.0,16394.8203125
EleutherAI/pythia-70m,50000,step50000,70426624,6,8,88,2,2,0.0019247506279498339,0.0,16394.8203125
EleutherAI/pythia-70m,50000,step50000,70426624,6,8,88,2,3,0.0026115498039871454,0.0,16394.8203125
EleutherAI/pythia-70m,50000,step50000,70426624,6,8,88,2,4,7.367182206508005e-07,0.0,16394.8203125
EleutherAI/pythia-70m,50000,step50000,70426624,6,8,88,2,5,0.013082094490528107,0.0,16394.8203125
EleutherAI/pythia-70m,50000,step50000,70426624,6,8,88,2,6,0.007633772678673267,0.0,16394.8203125
EleutherAI/pythia-70m,50000,step50000,70426624,6,8,88,2,7,6.658634902123595e-06,0.0,16394.8203125
EleutherAI/pythia-70m,50000,step50000,70426624,6,8,88,3,0,0.06763961911201477,0.0,16394.8203125
EleutherAI/pythia-70m,50000,step50000,70426624,6,8,88,3,1,0.1531664878129959,0.0,16394.8203125
EleutherAI/pythia-70m,50000,step50000,70426624,6,8,88,3,2,0.001699212472885847,0.0,16394.8203125
EleutherAI/pythia-70m,50000,step50000,70426624,6,8,88,3,3,0.012128423899412155,0.0,16394.8203125
EleutherAI/pythia-70m,50000,step50000,70426624,6,8,88,3,4,0.00467022554948926,0.0,16394.8203125
EleutherAI/pythia-70m,50000,step50000,70426624,6,8,88,3,5,0.1469898670911789,0.0,16394.8203125
EleutherAI/pythia-70m,50000,step50000,70426624,6,8,88,3,6,0.3533359467983246,0.0,16394.8203125
EleutherAI/pythia-70m,50000,step50000,70426624,6,8,88,3,7,0.009773870930075645,0.0,16394.8203125
EleutherAI/pythia-70m,50000,step50000,70426624,6,8,88,4,0,0.010239559225738049,0.0,16394.8203125
EleutherAI/pythia-70m,50000,step50000,70426624,6,8,88,4,1,0.011375230737030506,0.0,16394.8203125
EleutherAI/pythia-70m,50000,step50000,70426624,6,8,88,4,2,0.019918709993362427,0.0,16394.8203125
EleutherAI/pythia-70m,50000,step50000,70426624,6,8,88,4,3,0.016485435888171196,0.0,16394.8203125
EleutherAI/pythia-70m,50000,step50000,70426624,6,8,88,4,4,0.012641253881156445,0.0,16394.8203125
EleutherAI/pythia-70m,50000,step50000,70426624,6,8,88,4,5,0.008742065168917179,0.0,16394.8203125
EleutherAI/pythia-70m,50000,step50000,70426624,6,8,88,4,6,0.01426730863749981,0.0,16394.8203125
EleutherAI/pythia-70m,50000,step50000,70426624,6,8,88,4,7,0.01867741532623768,0.0,16394.8203125
EleutherAI/pythia-70m,50000,step50000,70426624,6,8,88,5,0,0.006256673485040665,0.0,16394.8203125
EleutherAI/pythia-70m,50000,step50000,70426624,6,8,88,5,1,0.0010508911218494177,0.0,16394.8203125
EleutherAI/pythia-70m,50000,step50000,70426624,6,8,88,5,2,0.0012517415452748537,0.0,16394.8203125
EleutherAI/pythia-70m,50000,step50000,70426624,6,8,88,5,3,0.0002749791892711073,0.0,16394.8203125
EleutherAI/pythia-70m,50000,step50000,70426624,6,8,88,5,4,0.0006206437246873975,0.0,16394.8203125
EleutherAI/pythia-70m,50000,step50000,70426624,6,8,88,5,5,0.002741547767072916,0.0,16394.8203125
EleutherAI/pythia-70m,50000,step50000,70426624,6,8,88,5,6,0.0023480532690882683,0.0,16394.8203125
EleutherAI/pythia-70m,50000,step50000,70426624,6,8,88,5,7,6.12762096352526e-06,0.0,16394.8203125
EleutherAI/pythia-70m,50000,step50000,70426624,6,8,89,0,0,0.009133156388998032,0.11999999731779099,9011.759765625
EleutherAI/pythia-70m,50000,step50000,70426624,6,8,89,0,1,0.0006254625041037798,0.11999999731779099,9011.759765625
EleutherAI/pythia-70m,50000,step50000,70426624,6,8,89,0,2,0.01501541119068861,0.11999999731779099,9011.759765625
EleutherAI/pythia-70m,50000,step50000,70426624,6,8,89,0,3,0.0007423018105328083,0.11999999731779099,9011.759765625
EleutherAI/pythia-70m,50000,step50000,70426624,6,8,89,0,4,0.0007047632243484259,0.11999999731779099,9011.759765625
EleutherAI/pythia-70m,50000,step50000,70426624,6,8,89,0,5,3.077543169638375e-06,0.11999999731779099,9011.759765625
EleutherAI/pythia-70m,50000,step50000,70426624,6,8,89,0,6,0.008977707475423813,0.11999999731779099,9011.759765625
EleutherAI/pythia-70m,50000,step50000,70426624,6,8,89,0,7,0.0010783913312479854,0.11999999731779099,9011.759765625
EleutherAI/pythia-70m,50000,step50000,70426624,6,8,89,1,0,0.007570988032966852,0.11999999731779099,9011.759765625
EleutherAI/pythia-70m,50000,step50000,70426624,6,8,89,1,1,0.0001730630174279213,0.11999999731779099,9011.759765625
EleutherAI/pythia-70m,50000,step50000,70426624,6,8,89,1,2,0.001577347400598228,0.11999999731779099,9011.759765625
EleutherAI/pythia-70m,50000,step50000,70426624,6,8,89,1,3,5.595034053840209e-06,0.11999999731779099,9011.759765625
EleutherAI/pythia-70m,50000,step50000,70426624,6,8,89,1,4,0.011661235243082047,0.11999999731779099,9011.759765625
EleutherAI/pythia-70m,50000,step50000,70426624,6,8,89,1,5,0.005008930340409279,0.11999999731779099,9011.759765625
EleutherAI/pythia-70m,50000,step50000,70426624,6,8,89,1,6,0.003822022583335638,0.11999999731779099,9011.759765625
EleutherAI/pythia-70m,50000,step50000,70426624,6,8,89,1,7,0.0018438613042235374,0.11999999731779099,9011.759765625
EleutherAI/pythia-70m,50000,step50000,70426624,6,8,89,2,0,0.0026201384607702494,0.11999999731779099,9011.759765625
EleutherAI/pythia-70m,50000,step50000,70426624,6,8,89,2,1,7.691577930124538e-11,0.11999999731779099,9011.759765625
EleutherAI/pythia-70m,50000,step50000,70426624,6,8,89,2,2,0.0008010927122086287,0.11999999731779099,9011.759765625
EleutherAI/pythia-70m,50000,step50000,70426624,6,8,89,2,3,0.003734090831130743,0.11999999731779099,9011.759765625
EleutherAI/pythia-70m,50000,step50000,70426624,6,8,89,2,4,5.300320935930358e-06,0.11999999731779099,9011.759765625
EleutherAI/pythia-70m,50000,step50000,70426624,6,8,89,2,5,0.015317193232476711,0.11999999731779099,9011.759765625
EleutherAI/pythia-70m,50000,step50000,70426624,6,8,89,2,6,0.008831625804305077,0.11999999731779099,9011.759765625
EleutherAI/pythia-70m,50000,step50000,70426624,6,8,89,2,7,1.662850650063774e-06,0.11999999731779099,9011.759765625
EleutherAI/pythia-70m,50000,step50000,70426624,6,8,89,3,0,0.1809418797492981,0.11999999731779099,9011.759765625
EleutherAI/pythia-70m,50000,step50000,70426624,6,8,89,3,1,0.364581823348999,0.11999999731779099,9011.759765625
EleutherAI/pythia-70m,50000,step50000,70426624,6,8,89,3,2,0.0012357882224023342,0.11999999731779099,9011.759765625
EleutherAI/pythia-70m,50000,step50000,70426624,6,8,89,3,3,0.014733351767063141,0.11999999731779099,9011.759765625
EleutherAI/pythia-70m,50000,step50000,70426624,6,8,89,3,4,0.0033613177947700024,0.11999999731779099,9011.759765625
EleutherAI/pythia-70m,50000,step50000,70426624,6,8,89,3,5,0.35790345072746277,0.11999999731779099,9011.759765625
EleutherAI/pythia-70m,50000,step50000,70426624,6,8,89,3,6,0.513380229473114,0.11999999731779099,9011.759765625
EleutherAI/pythia-70m,50000,step50000,70426624,6,8,89,3,7,0.008311789482831955,0.11999999731779099,9011.759765625
EleutherAI/pythia-70m,50000,step50000,70426624,6,8,89,4,0,0.012140566483139992,0.11999999731779099,9011.759765625
EleutherAI/pythia-70m,50000,step50000,70426624,6,8,89,4,1,0.01294404361397028,0.11999999731779099,9011.759765625
EleutherAI/pythia-70m,50000,step50000,70426624,6,8,89,4,2,0.023921038955450058,0.11999999731779099,9011.759765625
EleutherAI/pythia-70m,50000,step50000,70426624,6,8,89,4,3,0.032531701028347015,0.11999999731779099,9011.759765625
EleutherAI/pythia-70m,50000,step50000,70426624,6,8,89,4,4,0.014620409347116947,0.11999999731779099,9011.759765625
EleutherAI/pythia-70m,50000,step50000,70426624,6,8,89,4,5,0.008533951826393604,0.11999999731779099,9011.759765625
EleutherAI/pythia-70m,50000,step50000,70426624,6,8,89,4,6,0.019572269171476364,0.11999999731779099,9011.759765625
EleutherAI/pythia-70m,50000,step50000,70426624,6,8,89,4,7,0.022304825484752655,0.11999999731779099,9011.759765625
EleutherAI/pythia-70m,50000,step50000,70426624,6,8,89,5,0,0.0014347948599606752,0.11999999731779099,9011.759765625
EleutherAI/pythia-70m,50000,step50000,70426624,6,8,89,5,1,0.001140953623689711,0.11999999731779099,9011.759765625
EleutherAI/pythia-70m,50000,step50000,70426624,6,8,89,5,2,0.0009371227934025228,0.11999999731779099,9011.759765625
EleutherAI/pythia-70m,50000,step50000,70426624,6,8,89,5,3,0.0003180235216859728,0.11999999731779099,9011.759765625
EleutherAI/pythia-70m,50000,step50000,70426624,6,8,89,5,4,0.001070721191354096,0.11999999731779099,9011.759765625
EleutherAI/pythia-70m,50000,step50000,70426624,6,8,89,5,5,0.002320228610187769,0.11999999731779099,9011.759765625
EleutherAI/pythia-70m,50000,step50000,70426624,6,8,89,5,6,0.003308145795017481,0.11999999731779099,9011.759765625
EleutherAI/pythia-70m,50000,step50000,70426624,6,8,89,5,7,6.586607014469337e-06,0.11999999731779099,9011.759765625
EleutherAI/pythia-70m,50000,step50000,70426624,6,8,90,0,0,0.006251437123864889,0.20000000298023224,5698.2001953125
EleutherAI/pythia-70m,50000,step50000,70426624,6,8,90,0,1,0.00037444685585796833,0.20000000298023224,5698.2001953125
EleutherAI/pythia-70m,50000,step50000,70426624,6,8,90,0,2,0.012003622949123383,0.20000000298023224,5698.2001953125
EleutherAI/pythia-70m,50000,step50000,70426624,6,8,90,0,3,0.0006221432704478502,0.20000000298023224,5698.2001953125
EleutherAI/pythia-70m,50000,step50000,70426624,6,8,90,0,4,0.00836141686886549,0.20000000298023224,5698.2001953125
EleutherAI/pythia-70m,50000,step50000,70426624,6,8,90,0,5,8.426975546171889e-05,0.20000000298023224,5698.2001953125
EleutherAI/pythia-70m,50000,step50000,70426624,6,8,90,0,6,0.008131930604577065,0.20000000298023224,5698.2001953125
EleutherAI/pythia-70m,50000,step50000,70426624,6,8,90,0,7,0.0005536309326998889,0.20000000298023224,5698.2001953125
EleutherAI/pythia-70m,50000,step50000,70426624,6,8,90,1,0,0.006875914521515369,0.20000000298023224,5698.2001953125
EleutherAI/pythia-70m,50000,step50000,70426624,6,8,90,1,1,7.291552901733667e-05,0.20000000298023224,5698.2001953125
EleutherAI/pythia-70m,50000,step50000,70426624,6,8,90,1,2,0.005946900695562363,0.20000000298023224,5698.2001953125
EleutherAI/pythia-70m,50000,step50000,70426624,6,8,90,1,3,3.0254435841925442e-05,0.20000000298023224,5698.2001953125
EleutherAI/pythia-70m,50000,step50000,70426624,6,8,90,1,4,0.0074565173126757145,0.20000000298023224,5698.2001953125
EleutherAI/pythia-70m,50000,step50000,70426624,6,8,90,1,5,0.0010591368190944195,0.20000000298023224,5698.2001953125
EleutherAI/pythia-70m,50000,step50000,70426624,6,8,90,1,6,0.0026192592922598124,0.20000000298023224,5698.2001953125
EleutherAI/pythia-70m,50000,step50000,70426624,6,8,90,1,7,0.003292800160124898,0.20000000298023224,5698.2001953125
EleutherAI/pythia-70m,50000,step50000,70426624,6,8,90,2,0,0.001520401332527399,0.20000000298023224,5698.2001953125
EleutherAI/pythia-70m,50000,step50000,70426624,6,8,90,2,1,3.2961217089066963e-10,0.20000000298023224,5698.2001953125
EleutherAI/pythia-70m,50000,step50000,70426624,6,8,90,2,2,0.0012832708889618516,0.20000000298023224,5698.2001953125
EleutherAI/pythia-70m,50000,step50000,70426624,6,8,90,2,3,0.0038166982121765614,0.20000000298023224,5698.2001953125
EleutherAI/pythia-70m,50000,step50000,70426624,6,8,90,2,4,6.594790193048539e-06,0.20000000298023224,5698.2001953125
EleutherAI/pythia-70m,50000,step50000,70426624,6,8,90,2,5,0.013551868498325348,0.20000000298023224,5698.2001953125
EleutherAI/pythia-70m,50000,step50000,70426624,6,8,90,2,6,0.007783796638250351,0.20000000298023224,5698.2001953125
EleutherAI/pythia-70m,50000,step50000,70426624,6,8,90,2,7,3.91252979170531e-06,0.20000000298023224,5698.2001953125
EleutherAI/pythia-70m,50000,step50000,70426624,6,8,90,3,0,0.2313724309206009,0.20000000298023224,5698.2001953125
EleutherAI/pythia-70m,50000,step50000,70426624,6,8,90,3,1,0.48760607838630676,0.20000000298023224,5698.2001953125
EleutherAI/pythia-70m,50000,step50000,70426624,6,8,90,3,2,0.0018919657450169325,0.20000000298023224,5698.2001953125
EleutherAI/pythia-70m,50000,step50000,70426624,6,8,90,3,3,0.015266500413417816,0.20000000298023224,5698.2001953125
EleutherAI/pythia-70m,50000,step50000,70426624,6,8,90,3,4,0.003066561184823513,0.20000000298023224,5698.2001953125
EleutherAI/pythia-70m,50000,step50000,70426624,6,8,90,3,5,0.49379679560661316,0.20000000298023224,5698.2001953125
EleutherAI/pythia-70m,50000,step50000,70426624,6,8,90,3,6,0.7244091033935547,0.20000000298023224,5698.2001953125
EleutherAI/pythia-70m,50000,step50000,70426624,6,8,90,3,7,0.009684686549007893,0.20000000298023224,5698.2001953125
EleutherAI/pythia-70m,50000,step50000,70426624,6,8,90,4,0,0.014058050699532032,0.20000000298023224,5698.2001953125
EleutherAI/pythia-70m,50000,step50000,70426624,6,8,90,4,1,0.014630565419793129,0.20000000298023224,5698.2001953125
EleutherAI/pythia-70m,50000,step50000,70426624,6,8,90,4,2,0.027773132547736168,0.20000000298023224,5698.2001953125
EleutherAI/pythia-70m,50000,step50000,70426624,6,8,90,4,3,0.03248729556798935,0.20000000298023224,5698.2001953125
EleutherAI/pythia-70m,50000,step50000,70426624,6,8,90,4,4,0.016043853014707565,0.20000000298023224,5698.2001953125
EleutherAI/pythia-70m,50000,step50000,70426624,6,8,90,4,5,0.010764858685433865,0.20000000298023224,5698.2001953125
EleutherAI/pythia-70m,50000,step50000,70426624,6,8,90,4,6,0.024745546281337738,0.20000000298023224,5698.2001953125
EleutherAI/pythia-70m,50000,step50000,70426624,6,8,90,4,7,0.03906997665762901,0.20000000298023224,5698.2001953125
EleutherAI/pythia-70m,50000,step50000,70426624,6,8,90,5,0,0.007700881455093622,0.20000000298023224,5698.2001953125
EleutherAI/pythia-70m,50000,step50000,70426624,6,8,90,5,1,0.001296391012147069,0.20000000298023224,5698.2001953125
EleutherAI/pythia-70m,50000,step50000,70426624,6,8,90,5,2,0.0005114767700433731,0.20000000298023224,5698.2001953125
EleutherAI/pythia-70m,50000,step50000,70426624,6,8,90,5,3,6.6714287640934344e-06,0.20000000298023224,5698.2001953125
EleutherAI/pythia-70m,50000,step50000,70426624,6,8,90,5,4,0.0017533594509586692,0.20000000298023224,5698.2001953125
EleutherAI/pythia-70m,50000,step50000,70426624,6,8,90,5,5,0.002945551648736,0.20000000298023224,5698.2001953125
EleutherAI/pythia-70m,50000,step50000,70426624,6,8,90,5,6,0.010321397334337234,0.20000000298023224,5698.2001953125
EleutherAI/pythia-70m,50000,step50000,70426624,6,8,90,5,7,5.272760972729884e-06,0.20000000298023224,5698.2001953125
EleutherAI/pythia-70m,50000,step50000,70426624,6,8,91,0,0,0.008007883094251156,0.03999999910593033,13094.7197265625
EleutherAI/pythia-70m,50000,step50000,70426624,6,8,91,0,1,0.0005316848983056843,0.03999999910593033,13094.7197265625
EleutherAI/pythia-70m,50000,step50000,70426624,6,8,91,0,2,0.007385728415101767,0.03999999910593033,13094.7197265625
EleutherAI/pythia-70m,50000,step50000,70426624,6,8,91,0,3,0.0007656204979866743,0.03999999910593033,13094.7197265625
EleutherAI/pythia-70m,50000,step50000,70426624,6,8,91,0,4,0.000912841351237148,0.03999999910593033,13094.7197265625
EleutherAI/pythia-70m,50000,step50000,70426624,6,8,91,0,5,5.824378604302183e-05,0.03999999910593033,13094.7197265625
EleutherAI/pythia-70m,50000,step50000,70426624,6,8,91,0,6,0.00892510637640953,0.03999999910593033,13094.7197265625
EleutherAI/pythia-70m,50000,step50000,70426624,6,8,91,0,7,0.0009273295872844756,0.03999999910593033,13094.7197265625
EleutherAI/pythia-70m,50000,step50000,70426624,6,8,91,1,0,0.009883539751172066,0.03999999910593033,13094.7197265625
EleutherAI/pythia-70m,50000,step50000,70426624,6,8,91,1,1,3.551218833308667e-05,0.03999999910593033,13094.7197265625
EleutherAI/pythia-70m,50000,step50000,70426624,6,8,91,1,2,0.0023193759843707085,0.03999999910593033,13094.7197265625
EleutherAI/pythia-70m,50000,step50000,70426624,6,8,91,1,3,2.5298311811638996e-05,0.03999999910593033,13094.7197265625
EleutherAI/pythia-70m,50000,step50000,70426624,6,8,91,1,4,0.008607128635048866,0.03999999910593033,13094.7197265625
EleutherAI/pythia-70m,50000,step50000,70426624,6,8,91,1,5,0.0010036525782197714,0.03999999910593033,13094.7197265625
EleutherAI/pythia-70m,50000,step50000,70426624,6,8,91,1,6,0.006669770926237106,0.03999999910593033,13094.7197265625
EleutherAI/pythia-70m,50000,step50000,70426624,6,8,91,1,7,0.002418722026050091,0.03999999910593033,13094.7197265625
EleutherAI/pythia-70m,50000,step50000,70426624,6,8,91,2,0,0.0011617743875831366,0.03999999910593033,13094.7197265625
EleutherAI/pythia-70m,50000,step50000,70426624,6,8,91,2,1,7.925889111692896e-11,0.03999999910593033,13094.7197265625
EleutherAI/pythia-70m,50000,step50000,70426624,6,8,91,2,2,0.0016191874165087938,0.03999999910593033,13094.7197265625
EleutherAI/pythia-70m,50000,step50000,70426624,6,8,91,2,3,0.003813671413809061,0.03999999910593033,13094.7197265625
EleutherAI/pythia-70m,50000,step50000,70426624,6,8,91,2,4,0.00013058116019237787,0.03999999910593033,13094.7197265625
EleutherAI/pythia-70m,50000,step50000,70426624,6,8,91,2,5,0.016555363312363625,0.03999999910593033,13094.7197265625
EleutherAI/pythia-70m,50000,step50000,70426624,6,8,91,2,6,0.008731359615921974,0.03999999910593033,13094.7197265625
EleutherAI/pythia-70m,50000,step50000,70426624,6,8,91,2,7,1.6985686670523137e-05,0.03999999910593033,13094.7197265625
EleutherAI/pythia-70m,50000,step50000,70426624,6,8,91,3,0,0.1639871448278427,0.03999999910593033,13094.7197265625
EleutherAI/pythia-70m,50000,step50000,70426624,6,8,91,3,1,0.2975982427597046,0.03999999910593033,13094.7197265625
EleutherAI/pythia-70m,50000,step50000,70426624,6,8,91,3,2,0.0013189542805776,0.03999999910593033,13094.7197265625
EleutherAI/pythia-70m,50000,step50000,70426624,6,8,91,3,3,0.012198787182569504,0.03999999910593033,13094.7197265625
EleutherAI/pythia-70m,50000,step50000,70426624,6,8,91,3,4,0.003195076482370496,0.03999999910593033,13094.7197265625
EleutherAI/pythia-70m,50000,step50000,70426624,6,8,91,3,5,0.3077956438064575,0.03999999910593033,13094.7197265625
EleutherAI/pythia-70m,50000,step50000,70426624,6,8,91,3,6,0.5056297183036804,0.03999999910593033,13094.7197265625
EleutherAI/pythia-70m,50000,step50000,70426624,6,8,91,3,7,0.007574411574751139,0.03999999910593033,13094.7197265625
EleutherAI/pythia-70m,50000,step50000,70426624,6,8,91,4,0,0.010298499837517738,0.03999999910593033,13094.7197265625
EleutherAI/pythia-70m,50000,step50000,70426624,6,8,91,4,1,0.011256061494350433,0.03999999910593033,13094.7197265625
EleutherAI/pythia-70m,50000,step50000,70426624,6,8,91,4,2,0.023080870509147644,0.03999999910593033,13094.7197265625
EleutherAI/pythia-70m,50000,step50000,70426624,6,8,91,4,3,0.015544069930911064,0.03999999910593033,13094.7197265625
EleutherAI/pythia-70m,50000,step50000,70426624,6,8,91,4,4,0.012169511057436466,0.03999999910593033,13094.7197265625
EleutherAI/pythia-70m,50000,step50000,70426624,6,8,91,4,5,0.009084436111152172,0.03999999910593033,13094.7197265625
EleutherAI/pythia-70m,50000,step50000,70426624,6,8,91,4,6,0.014667835086584091,0.03999999910593033,13094.7197265625
EleutherAI/pythia-70m,50000,step50000,70426624,6,8,91,4,7,0.021628795191645622,0.03999999910593033,13094.7197265625
EleutherAI/pythia-70m,50000,step50000,70426624,6,8,91,5,0,0.004604501649737358,0.03999999910593033,13094.7197265625
EleutherAI/pythia-70m,50000,step50000,70426624,6,8,91,5,1,0.001037804177030921,0.03999999910593033,13094.7197265625
EleutherAI/pythia-70m,50000,step50000,70426624,6,8,91,5,2,0.0017129895277321339,0.03999999910593033,13094.7197265625
EleutherAI/pythia-70m,50000,step50000,70426624,6,8,91,5,3,9.199991472996771e-05,0.03999999910593033,13094.7197265625
EleutherAI/pythia-70m,50000,step50000,70426624,6,8,91,5,4,0.003760020714253187,0.03999999910593033,13094.7197265625
EleutherAI/pythia-70m,50000,step50000,70426624,6,8,91,5,5,0.004168521612882614,0.03999999910593033,13094.7197265625
EleutherAI/pythia-70m,50000,step50000,70426624,6,8,91,5,6,0.0015590325929224491,0.03999999910593033,13094.7197265625
EleutherAI/pythia-70m,50000,step50000,70426624,6,8,91,5,7,2.4318955183844082e-05,0.03999999910593033,13094.7197265625
EleutherAI/pythia-70m,50000,step50000,70426624,6,8,92,0,0,0.007397711742669344,0.1599999964237213,12585.4599609375
EleutherAI/pythia-70m,50000,step50000,70426624,6,8,92,0,1,0.0006159150507301092,0.1599999964237213,12585.4599609375
EleutherAI/pythia-70m,50000,step50000,70426624,6,8,92,0,2,0.006048148963600397,0.1599999964237213,12585.4599609375
EleutherAI/pythia-70m,50000,step50000,70426624,6,8,92,0,3,0.0015215273015201092,0.1599999964237213,12585.4599609375
EleutherAI/pythia-70m,50000,step50000,70426624,6,8,92,0,4,0.0017899976810440421,0.1599999964237213,12585.4599609375
EleutherAI/pythia-70m,50000,step50000,70426624,6,8,92,0,5,0.006545549724251032,0.1599999964237213,12585.4599609375
EleutherAI/pythia-70m,50000,step50000,70426624,6,8,92,0,6,0.009391412138938904,0.1599999964237213,12585.4599609375
EleutherAI/pythia-70m,50000,step50000,70426624,6,8,92,0,7,0.000809503486379981,0.1599999964237213,12585.4599609375
EleutherAI/pythia-70m,50000,step50000,70426624,6,8,92,1,0,0.008519128896296024,0.1599999964237213,12585.4599609375
EleutherAI/pythia-70m,50000,step50000,70426624,6,8,92,1,1,2.1005465896450914e-05,0.1599999964237213,12585.4599609375
EleutherAI/pythia-70m,50000,step50000,70426624,6,8,92,1,2,0.00010690349881770089,0.1599999964237213,12585.4599609375
EleutherAI/pythia-70m,50000,step50000,70426624,6,8,92,1,3,6.656325240328442e-06,0.1599999964237213,12585.4599609375
EleutherAI/pythia-70m,50000,step50000,70426624,6,8,92,1,4,0.007201056461781263,0.1599999964237213,12585.4599609375
EleutherAI/pythia-70m,50000,step50000,70426624,6,8,92,1,5,0.000833251338917762,0.1599999964237213,12585.4599609375
EleutherAI/pythia-70m,50000,step50000,70426624,6,8,92,1,6,0.0010139852529391646,0.1599999964237213,12585.4599609375
EleutherAI/pythia-70m,50000,step50000,70426624,6,8,92,1,7,0.000519068562425673,0.1599999964237213,12585.4599609375
EleutherAI/pythia-70m,50000,step50000,70426624,6,8,92,2,0,0.002305940492078662,0.1599999964237213,12585.4599609375
EleutherAI/pythia-70m,50000,step50000,70426624,6,8,92,2,1,3.8699937698893905e-10,0.1599999964237213,12585.4599609375
EleutherAI/pythia-70m,50000,step50000,70426624,6,8,92,2,2,0.002910320647060871,0.1599999964237213,12585.4599609375
EleutherAI/pythia-70m,50000,step50000,70426624,6,8,92,2,3,0.0011506399605423212,0.1599999964237213,12585.4599609375
EleutherAI/pythia-70m,50000,step50000,70426624,6,8,92,2,4,1.4109074299994973e-06,0.1599999964237213,12585.4599609375
EleutherAI/pythia-70m,50000,step50000,70426624,6,8,92,2,5,0.010781621560454369,0.1599999964237213,12585.4599609375
EleutherAI/pythia-70m,50000,step50000,70426624,6,8,92,2,6,0.007679281290620565,0.1599999964237213,12585.4599609375
EleutherAI/pythia-70m,50000,step50000,70426624,6,8,92,2,7,3.209336500731297e-05,0.1599999964237213,12585.4599609375
EleutherAI/pythia-70m,50000,step50000,70426624,6,8,92,3,0,0.1394212394952774,0.1599999964237213,12585.4599609375
EleutherAI/pythia-70m,50000,step50000,70426624,6,8,92,3,1,0.3431980013847351,0.1599999964237213,12585.4599609375
EleutherAI/pythia-70m,50000,step50000,70426624,6,8,92,3,2,0.0019538525957614183,0.1599999964237213,12585.4599609375
EleutherAI/pythia-70m,50000,step50000,70426624,6,8,92,3,3,0.012663607485592365,0.1599999964237213,12585.4599609375
EleutherAI/pythia-70m,50000,step50000,70426624,6,8,92,3,4,0.005460700951516628,0.1599999964237213,12585.4599609375
EleutherAI/pythia-70m,50000,step50000,70426624,6,8,92,3,5,0.3311428129673004,0.1599999964237213,12585.4599609375
EleutherAI/pythia-70m,50000,step50000,70426624,6,8,92,3,6,0.4841330647468567,0.1599999964237213,12585.4599609375
EleutherAI/pythia-70m,50000,step50000,70426624,6,8,92,3,7,0.011391791515052319,0.1599999964237213,12585.4599609375
EleutherAI/pythia-70m,50000,step50000,70426624,6,8,92,4,0,0.012779620476067066,0.1599999964237213,12585.4599609375
EleutherAI/pythia-70m,50000,step50000,70426624,6,8,92,4,1,0.01732436940073967,0.1599999964237213,12585.4599609375
EleutherAI/pythia-70m,50000,step50000,70426624,6,8,92,4,2,0.021856501698493958,0.1599999964237213,12585.4599609375
EleutherAI/pythia-70m,50000,step50000,70426624,6,8,92,4,3,0.02610689215362072,0.1599999964237213,12585.4599609375
EleutherAI/pythia-70m,50000,step50000,70426624,6,8,92,4,4,0.01658407784998417,0.1599999964237213,12585.4599609375
EleutherAI/pythia-70m,50000,step50000,70426624,6,8,92,4,5,0.011325422674417496,0.1599999964237213,12585.4599609375
EleutherAI/pythia-70m,50000,step50000,70426624,6,8,92,4,6,0.022161824628710747,0.1599999964237213,12585.4599609375
EleutherAI/pythia-70m,50000,step50000,70426624,6,8,92,4,7,0.03013128787279129,0.1599999964237213,12585.4599609375
EleutherAI/pythia-70m,50000,step50000,70426624,6,8,92,5,0,0.007159001659601927,0.1599999964237213,12585.4599609375
EleutherAI/pythia-70m,50000,step50000,70426624,6,8,92,5,1,0.0011491532204672694,0.1599999964237213,12585.4599609375
EleutherAI/pythia-70m,50000,step50000,70426624,6,8,92,5,2,0.003074830863624811,0.1599999964237213,12585.4599609375
EleutherAI/pythia-70m,50000,step50000,70426624,6,8,92,5,3,0.0005228271475061774,0.1599999964237213,12585.4599609375
EleutherAI/pythia-70m,50000,step50000,70426624,6,8,92,5,4,0.0059496499598026276,0.1599999964237213,12585.4599609375
EleutherAI/pythia-70m,50000,step50000,70426624,6,8,92,5,5,0.009683765470981598,0.1599999964237213,12585.4599609375
EleutherAI/pythia-70m,50000,step50000,70426624,6,8,92,5,6,0.007295074872672558,0.1599999964237213,12585.4599609375
EleutherAI/pythia-70m,50000,step50000,70426624,6,8,92,5,7,3.63545332220383e-05,0.1599999964237213,12585.4599609375
EleutherAI/pythia-70m,50000,step50000,70426624,6,8,93,0,0,0.009599125944077969,0.07999999821186066,15087.1201171875
EleutherAI/pythia-70m,50000,step50000,70426624,6,8,93,0,1,0.0003154069127049297,0.07999999821186066,15087.1201171875
EleutherAI/pythia-70m,50000,step50000,70426624,6,8,93,0,2,0.008783088065683842,0.07999999821186066,15087.1201171875
EleutherAI/pythia-70m,50000,step50000,70426624,6,8,93,0,3,0.0013511027209460735,0.07999999821186066,15087.1201171875
EleutherAI/pythia-70m,50000,step50000,70426624,6,8,93,0,4,0.0008134333183988929,0.07999999821186066,15087.1201171875
EleutherAI/pythia-70m,50000,step50000,70426624,6,8,93,0,5,0.0001589181338204071,0.07999999821186066,15087.1201171875
EleutherAI/pythia-70m,50000,step50000,70426624,6,8,93,0,6,0.00721938768401742,0.07999999821186066,15087.1201171875
EleutherAI/pythia-70m,50000,step50000,70426624,6,8,93,0,7,0.0038579520769417286,0.07999999821186066,15087.1201171875
EleutherAI/pythia-70m,50000,step50000,70426624,6,8,93,1,0,0.008288550190627575,0.07999999821186066,15087.1201171875
EleutherAI/pythia-70m,50000,step50000,70426624,6,8,93,1,1,3.0634004360763356e-05,0.07999999821186066,15087.1201171875
EleutherAI/pythia-70m,50000,step50000,70426624,6,8,93,1,2,0.00012490045628510416,0.07999999821186066,15087.1201171875
EleutherAI/pythia-70m,50000,step50000,70426624,6,8,93,1,3,2.2522669951285934e-06,0.07999999821186066,15087.1201171875
EleutherAI/pythia-70m,50000,step50000,70426624,6,8,93,1,4,0.010364950634539127,0.07999999821186066,15087.1201171875
EleutherAI/pythia-70m,50000,step50000,70426624,6,8,93,1,5,0.001154800527729094,0.07999999821186066,15087.1201171875
EleutherAI/pythia-70m,50000,step50000,70426624,6,8,93,1,6,0.0026418769266456366,0.07999999821186066,15087.1201171875
EleutherAI/pythia-70m,50000,step50000,70426624,6,8,93,1,7,0.0004844768263865262,0.07999999821186066,15087.1201171875
EleutherAI/pythia-70m,50000,step50000,70426624,6,8,93,2,0,0.003311497624963522,0.07999999821186066,15087.1201171875
EleutherAI/pythia-70m,50000,step50000,70426624,6,8,93,2,1,1.4210169152484298e-10,0.07999999821186066,15087.1201171875
EleutherAI/pythia-70m,50000,step50000,70426624,6,8,93,2,2,0.0029168289620429277,0.07999999821186066,15087.1201171875
EleutherAI/pythia-70m,50000,step50000,70426624,6,8,93,2,3,0.0012532990658655763,0.07999999821186066,15087.1201171875
EleutherAI/pythia-70m,50000,step50000,70426624,6,8,93,2,4,2.8756983283528825e-06,0.07999999821186066,15087.1201171875
EleutherAI/pythia-70m,50000,step50000,70426624,6,8,93,2,5,0.011985075660049915,0.07999999821186066,15087.1201171875
EleutherAI/pythia-70m,50000,step50000,70426624,6,8,93,2,6,0.00940255168825388,0.07999999821186066,15087.1201171875
EleutherAI/pythia-70m,50000,step50000,70426624,6,8,93,2,7,3.217644552933052e-05,0.07999999821186066,15087.1201171875
EleutherAI/pythia-70m,50000,step50000,70426624,6,8,93,3,0,0.1540968120098114,0.07999999821186066,15087.1201171875
EleutherAI/pythia-70m,50000,step50000,70426624,6,8,93,3,1,0.22631333768367767,0.07999999821186066,15087.1201171875
EleutherAI/pythia-70m,50000,step50000,70426624,6,8,93,3,2,0.0024107475765049458,0.07999999821186066,15087.1201171875
EleutherAI/pythia-70m,50000,step50000,70426624,6,8,93,3,3,0.012563740834593773,0.07999999821186066,15087.1201171875
EleutherAI/pythia-70m,50000,step50000,70426624,6,8,93,3,4,0.007219437509775162,0.07999999821186066,15087.1201171875
EleutherAI/pythia-70m,50000,step50000,70426624,6,8,93,3,5,0.28891217708587646,0.07999999821186066,15087.1201171875
EleutherAI/pythia-70m,50000,step50000,70426624,6,8,93,3,6,0.3841283917427063,0.07999999821186066,15087.1201171875
EleutherAI/pythia-70m,50000,step50000,70426624,6,8,93,3,7,0.011776688508689404,0.07999999821186066,15087.1201171875
EleutherAI/pythia-70m,50000,step50000,70426624,6,8,93,4,0,0.015272733755409718,0.07999999821186066,15087.1201171875
EleutherAI/pythia-70m,50000,step50000,70426624,6,8,93,4,1,0.012915671803057194,0.07999999821186066,15087.1201171875
EleutherAI/pythia-70m,50000,step50000,70426624,6,8,93,4,2,0.02239769883453846,0.07999999821186066,15087.1201171875
EleutherAI/pythia-70m,50000,step50000,70426624,6,8,93,4,3,0.023769691586494446,0.07999999821186066,15087.1201171875
EleutherAI/pythia-70m,50000,step50000,70426624,6,8,93,4,4,0.013863141648471355,0.07999999821186066,15087.1201171875
EleutherAI/pythia-70m,50000,step50000,70426624,6,8,93,4,5,0.010567009449005127,0.07999999821186066,15087.1201171875
EleutherAI/pythia-70m,50000,step50000,70426624,6,8,93,4,6,0.01684758998453617,0.07999999821186066,15087.1201171875
EleutherAI/pythia-70m,50000,step50000,70426624,6,8,93,4,7,0.02314864471554756,0.07999999821186066,15087.1201171875
EleutherAI/pythia-70m,50000,step50000,70426624,6,8,93,5,0,0.0073040686547756195,0.07999999821186066,15087.1201171875
EleutherAI/pythia-70m,50000,step50000,70426624,6,8,93,5,1,0.0016855904832482338,0.07999999821186066,15087.1201171875
EleutherAI/pythia-70m,50000,step50000,70426624,6,8,93,5,2,0.0029828911647200584,0.07999999821186066,15087.1201171875
EleutherAI/pythia-70m,50000,step50000,70426624,6,8,93,5,3,0.0006788541213609278,0.07999999821186066,15087.1201171875
EleutherAI/pythia-70m,50000,step50000,70426624,6,8,93,5,4,0.003312318352982402,0.07999999821186066,15087.1201171875
EleutherAI/pythia-70m,50000,step50000,70426624,6,8,93,5,5,0.009732500649988651,0.07999999821186066,15087.1201171875
EleutherAI/pythia-70m,50000,step50000,70426624,6,8,93,5,6,0.004714479669928551,0.07999999821186066,15087.1201171875
EleutherAI/pythia-70m,50000,step50000,70426624,6,8,93,5,7,1.9277971659903415e-05,0.07999999821186066,15087.1201171875
EleutherAI/pythia-70m,50000,step50000,70426624,6,8,94,0,0,0.006760277785360813,0.019999999552965164,19808.880859375
EleutherAI/pythia-70m,50000,step50000,70426624,6,8,94,0,1,0.000262502086116001,0.019999999552965164,19808.880859375
EleutherAI/pythia-70m,50000,step50000,70426624,6,8,94,0,2,0.010511418804526329,0.019999999552965164,19808.880859375
EleutherAI/pythia-70m,50000,step50000,70426624,6,8,94,0,3,0.0009901460725814104,0.019999999552965164,19808.880859375
EleutherAI/pythia-70m,50000,step50000,70426624,6,8,94,0,4,0.000561500433832407,0.019999999552965164,19808.880859375
EleutherAI/pythia-70m,50000,step50000,70426624,6,8,94,0,5,0.00034559480263851583,0.019999999552965164,19808.880859375
EleutherAI/pythia-70m,50000,step50000,70426624,6,8,94,0,6,0.008649663999676704,0.019999999552965164,19808.880859375
EleutherAI/pythia-70m,50000,step50000,70426624,6,8,94,0,7,0.0006061737076379359,0.019999999552965164,19808.880859375
EleutherAI/pythia-70m,50000,step50000,70426624,6,8,94,1,0,0.007397860754281282,0.019999999552965164,19808.880859375
EleutherAI/pythia-70m,50000,step50000,70426624,6,8,94,1,1,1.962348324013874e-05,0.019999999552965164,19808.880859375
EleutherAI/pythia-70m,50000,step50000,70426624,6,8,94,1,2,0.00026620045537129045,0.019999999552965164,19808.880859375
EleutherAI/pythia-70m,50000,step50000,70426624,6,8,94,1,3,1.911065737658646e-06,0.019999999552965164,19808.880859375
EleutherAI/pythia-70m,50000,step50000,70426624,6,8,94,1,4,0.005592880304902792,0.019999999552965164,19808.880859375
EleutherAI/pythia-70m,50000,step50000,70426624,6,8,94,1,5,0.0008464117418043315,0.019999999552965164,19808.880859375
EleutherAI/pythia-70m,50000,step50000,70426624,6,8,94,1,6,0.0013237703824415803,0.019999999552965164,19808.880859375
EleutherAI/pythia-70m,50000,step50000,70426624,6,8,94,1,7,0.001029836479574442,0.019999999552965164,19808.880859375
EleutherAI/pythia-70m,50000,step50000,70426624,6,8,94,2,0,0.0018681667279452085,0.019999999552965164,19808.880859375
EleutherAI/pythia-70m,50000,step50000,70426624,6,8,94,2,1,2.3978427576842876e-10,0.019999999552965164,19808.880859375
EleutherAI/pythia-70m,50000,step50000,70426624,6,8,94,2,2,0.0030378398951143026,0.019999999552965164,19808.880859375
EleutherAI/pythia-70m,50000,step50000,70426624,6,8,94,2,3,0.0017138451803475618,0.019999999552965164,19808.880859375
EleutherAI/pythia-70m,50000,step50000,70426624,6,8,94,2,4,7.113873152775341e-07,0.019999999552965164,19808.880859375
EleutherAI/pythia-70m,50000,step50000,70426624,6,8,94,2,5,0.014397607184946537,0.019999999552965164,19808.880859375
EleutherAI/pythia-70m,50000,step50000,70426624,6,8,94,2,6,0.009604846127331257,0.019999999552965164,19808.880859375
EleutherAI/pythia-70m,50000,step50000,70426624,6,8,94,2,7,3.052820102311671e-05,0.019999999552965164,19808.880859375
EleutherAI/pythia-70m,50000,step50000,70426624,6,8,94,3,0,0.07429920881986618,0.019999999552965164,19808.880859375
EleutherAI/pythia-70m,50000,step50000,70426624,6,8,94,3,1,0.14082704484462738,0.019999999552965164,19808.880859375
EleutherAI/pythia-70m,50000,step50000,70426624,6,8,94,3,2,0.0023059186059981585,0.019999999552965164,19808.880859375
EleutherAI/pythia-70m,50000,step50000,70426624,6,8,94,3,3,0.012953468598425388,0.019999999552965164,19808.880859375
EleutherAI/pythia-70m,50000,step50000,70426624,6,8,94,3,4,0.006698135752230883,0.019999999552965164,19808.880859375
EleutherAI/pythia-70m,50000,step50000,70426624,6,8,94,3,5,0.15820103883743286,0.019999999552965164,19808.880859375
EleutherAI/pythia-70m,50000,step50000,70426624,6,8,94,3,6,0.2775239944458008,0.019999999552965164,19808.880859375
EleutherAI/pythia-70m,50000,step50000,70426624,6,8,94,3,7,0.011231623589992523,0.019999999552965164,19808.880859375
EleutherAI/pythia-70m,50000,step50000,70426624,6,8,94,4,0,0.012106586247682571,0.019999999552965164,19808.880859375
EleutherAI/pythia-70m,50000,step50000,70426624,6,8,94,4,1,0.012342922389507294,0.019999999552965164,19808.880859375
EleutherAI/pythia-70m,50000,step50000,70426624,6,8,94,4,2,0.018761208280920982,0.019999999552965164,19808.880859375
EleutherAI/pythia-70m,50000,step50000,70426624,6,8,94,4,3,0.019437238574028015,0.019999999552965164,19808.880859375
EleutherAI/pythia-70m,50000,step50000,70426624,6,8,94,4,4,0.013419771566987038,0.019999999552965164,19808.880859375
EleutherAI/pythia-70m,50000,step50000,70426624,6,8,94,4,5,0.010228879749774933,0.019999999552965164,19808.880859375
EleutherAI/pythia-70m,50000,step50000,70426624,6,8,94,4,6,0.013860773295164108,0.019999999552965164,19808.880859375
EleutherAI/pythia-70m,50000,step50000,70426624,6,8,94,4,7,0.017466522753238678,0.019999999552965164,19808.880859375
EleutherAI/pythia-70m,50000,step50000,70426624,6,8,94,5,0,0.007989331148564816,0.019999999552965164,19808.880859375
EleutherAI/pythia-70m,50000,step50000,70426624,6,8,94,5,1,0.0025886527728289366,0.019999999552965164,19808.880859375
EleutherAI/pythia-70m,50000,step50000,70426624,6,8,94,5,2,0.0038658911362290382,0.019999999552965164,19808.880859375
EleutherAI/pythia-70m,50000,step50000,70426624,6,8,94,5,3,0.0007995636551640928,0.019999999552965164,19808.880859375
EleutherAI/pythia-70m,50000,step50000,70426624,6,8,94,5,4,0.0026833743322640657,0.019999999552965164,19808.880859375
EleutherAI/pythia-70m,50000,step50000,70426624,6,8,94,5,5,0.008633348159492016,0.019999999552965164,19808.880859375
EleutherAI/pythia-70m,50000,step50000,70426624,6,8,94,5,6,0.00816138181835413,0.019999999552965164,19808.880859375
EleutherAI/pythia-70m,50000,step50000,70426624,6,8,94,5,7,1.8566499420558102e-05,0.019999999552965164,19808.880859375
EleutherAI/pythia-70m,50000,step50000,70426624,6,8,95,0,0,0.007084546145051718,0.03999999910593033,16514.560546875
EleutherAI/pythia-70m,50000,step50000,70426624,6,8,95,0,1,0.00030932354275137186,0.03999999910593033,16514.560546875
EleutherAI/pythia-70m,50000,step50000,70426624,6,8,95,0,2,0.01200151164084673,0.03999999910593033,16514.560546875
EleutherAI/pythia-70m,50000,step50000,70426624,6,8,95,0,3,0.0004723505990114063,0.03999999910593033,16514.560546875
EleutherAI/pythia-70m,50000,step50000,70426624,6,8,95,0,4,0.0015012966468930244,0.03999999910593033,16514.560546875
EleutherAI/pythia-70m,50000,step50000,70426624,6,8,95,0,5,3.7028096357971663e-06,0.03999999910593033,16514.560546875
EleutherAI/pythia-70m,50000,step50000,70426624,6,8,95,0,6,0.010122830979526043,0.03999999910593033,16514.560546875
EleutherAI/pythia-70m,50000,step50000,70426624,6,8,95,0,7,0.00044175348011776805,0.03999999910593033,16514.560546875
EleutherAI/pythia-70m,50000,step50000,70426624,6,8,95,1,0,0.008471960201859474,0.03999999910593033,16514.560546875
EleutherAI/pythia-70m,50000,step50000,70426624,6,8,95,1,1,0.00017883307009469718,0.03999999910593033,16514.560546875
EleutherAI/pythia-70m,50000,step50000,70426624,6,8,95,1,2,0.0008612381643615663,0.03999999910593033,16514.560546875
EleutherAI/pythia-70m,50000,step50000,70426624,6,8,95,1,3,1.0698735422920436e-05,0.03999999910593033,16514.560546875
EleutherAI/pythia-70m,50000,step50000,70426624,6,8,95,1,4,0.010460951365530491,0.03999999910593033,16514.560546875
EleutherAI/pythia-70m,50000,step50000,70426624,6,8,95,1,5,0.0019295033998787403,0.03999999910593033,16514.560546875
EleutherAI/pythia-70m,50000,step50000,70426624,6,8,95,1,6,0.006243870127946138,0.03999999910593033,16514.560546875
EleutherAI/pythia-70m,50000,step50000,70426624,6,8,95,1,7,0.0015340142417699099,0.03999999910593033,16514.560546875
EleutherAI/pythia-70m,50000,step50000,70426624,6,8,95,2,0,0.0013140114024281502,0.03999999910593033,16514.560546875
EleutherAI/pythia-70m,50000,step50000,70426624,6,8,95,2,1,6.647037781304377e-11,0.03999999910593033,16514.560546875
EleutherAI/pythia-70m,50000,step50000,70426624,6,8,95,2,2,0.0015042622108012438,0.03999999910593033,16514.560546875
EleutherAI/pythia-70m,50000,step50000,70426624,6,8,95,2,3,0.0010603319387882948,0.03999999910593033,16514.560546875
EleutherAI/pythia-70m,50000,step50000,70426624,6,8,95,2,4,1.2202782272652257e-05,0.03999999910593033,16514.560546875
EleutherAI/pythia-70m,50000,step50000,70426624,6,8,95,2,5,0.012147064320743084,0.03999999910593033,16514.560546875
EleutherAI/pythia-70m,50000,step50000,70426624,6,8,95,2,6,0.006675462704151869,0.03999999910593033,16514.560546875
EleutherAI/pythia-70m,50000,step50000,70426624,6,8,95,2,7,7.220117822726024e-06,0.03999999910593033,16514.560546875
EleutherAI/pythia-70m,50000,step50000,70426624,6,8,95,3,0,0.06918766349554062,0.03999999910593033,16514.560546875
EleutherAI/pythia-70m,50000,step50000,70426624,6,8,95,3,1,0.20855502784252167,0.03999999910593033,16514.560546875
EleutherAI/pythia-70m,50000,step50000,70426624,6,8,95,3,2,0.0013033493887633085,0.03999999910593033,16514.560546875
EleutherAI/pythia-70m,50000,step50000,70426624,6,8,95,3,3,0.010058471001684666,0.03999999910593033,16514.560546875
EleutherAI/pythia-70m,50000,step50000,70426624,6,8,95,3,4,0.003656839020550251,0.03999999910593033,16514.560546875
EleutherAI/pythia-70m,50000,step50000,70426624,6,8,95,3,5,0.1929892748594284,0.03999999910593033,16514.560546875
EleutherAI/pythia-70m,50000,step50000,70426624,6,8,95,3,6,0.34437647461891174,0.03999999910593033,16514.560546875
EleutherAI/pythia-70m,50000,step50000,70426624,6,8,95,3,7,0.006931456737220287,0.03999999910593033,16514.560546875
EleutherAI/pythia-70m,50000,step50000,70426624,6,8,95,4,0,0.009070058353245258,0.03999999910593033,16514.560546875
EleutherAI/pythia-70m,50000,step50000,70426624,6,8,95,4,1,0.010132860392332077,0.03999999910593033,16514.560546875
EleutherAI/pythia-70m,50000,step50000,70426624,6,8,95,4,2,0.016769474372267723,0.03999999910593033,16514.560546875
EleutherAI/pythia-70m,50000,step50000,70426624,6,8,95,4,3,0.013626382686197758,0.03999999910593033,16514.560546875
EleutherAI/pythia-70m,50000,step50000,70426624,6,8,95,4,4,0.011106687597930431,0.03999999910593033,16514.560546875
EleutherAI/pythia-70m,50000,step50000,70426624,6,8,95,4,5,0.007927254773676395,0.03999999910593033,16514.560546875
EleutherAI/pythia-70m,50000,step50000,70426624,6,8,95,4,6,0.0144930649548769,0.03999999910593033,16514.560546875
EleutherAI/pythia-70m,50000,step50000,70426624,6,8,95,4,7,0.01954714208841324,0.03999999910593033,16514.560546875
EleutherAI/pythia-70m,50000,step50000,70426624,6,8,95,5,0,0.0029828944243490696,0.03999999910593033,16514.560546875
EleutherAI/pythia-70m,50000,step50000,70426624,6,8,95,5,1,0.0010805351193994284,0.03999999910593033,16514.560546875
EleutherAI/pythia-70m,50000,step50000,70426624,6,8,95,5,2,0.0005744330701418221,0.03999999910593033,16514.560546875
EleutherAI/pythia-70m,50000,step50000,70426624,6,8,95,5,3,0.0002823430113494396,0.03999999910593033,16514.560546875
EleutherAI/pythia-70m,50000,step50000,70426624,6,8,95,5,4,0.0002917504752986133,0.03999999910593033,16514.560546875
EleutherAI/pythia-70m,50000,step50000,70426624,6,8,95,5,5,0.003131531411781907,0.03999999910593033,16514.560546875
EleutherAI/pythia-70m,50000,step50000,70426624,6,8,95,5,6,0.005293542053550482,0.03999999910593033,16514.560546875
EleutherAI/pythia-70m,50000,step50000,70426624,6,8,95,5,7,3.1443639727513073e-06,0.03999999910593033,16514.560546875
EleutherAI/pythia-70m,50000,step50000,70426624,6,8,96,0,0,0.009899514727294445,0.07999999821186066,14402.4599609375
EleutherAI/pythia-70m,50000,step50000,70426624,6,8,96,0,1,0.0004601110122166574,0.07999999821186066,14402.4599609375
EleutherAI/pythia-70m,50000,step50000,70426624,6,8,96,0,2,0.00725577725097537,0.07999999821186066,14402.4599609375
EleutherAI/pythia-70m,50000,step50000,70426624,6,8,96,0,3,0.0008837918867357075,0.07999999821186066,14402.4599609375
EleutherAI/pythia-70m,50000,step50000,70426624,6,8,96,0,4,0.0017860796069726348,0.07999999821186066,14402.4599609375
EleutherAI/pythia-70m,50000,step50000,70426624,6,8,96,0,5,6.630793905060273e-06,0.07999999821186066,14402.4599609375
EleutherAI/pythia-70m,50000,step50000,70426624,6,8,96,0,6,0.008926638402044773,0.07999999821186066,14402.4599609375
EleutherAI/pythia-70m,50000,step50000,70426624,6,8,96,0,7,0.0017302165506407619,0.07999999821186066,14402.4599609375
EleutherAI/pythia-70m,50000,step50000,70426624,6,8,96,1,0,0.010113638825714588,0.07999999821186066,14402.4599609375
EleutherAI/pythia-70m,50000,step50000,70426624,6,8,96,1,1,7.857369200792164e-05,0.07999999821186066,14402.4599609375
EleutherAI/pythia-70m,50000,step50000,70426624,6,8,96,1,2,0.0011587569024413824,0.07999999821186066,14402.4599609375
EleutherAI/pythia-70m,50000,step50000,70426624,6,8,96,1,3,1.500655707786791e-05,0.07999999821186066,14402.4599609375
EleutherAI/pythia-70m,50000,step50000,70426624,6,8,96,1,4,0.008609839715063572,0.07999999821186066,14402.4599609375
EleutherAI/pythia-70m,50000,step50000,70426624,6,8,96,1,5,0.0011158960405737162,0.07999999821186066,14402.4599609375
EleutherAI/pythia-70m,50000,step50000,70426624,6,8,96,1,6,0.002593062585219741,0.07999999821186066,14402.4599609375
EleutherAI/pythia-70m,50000,step50000,70426624,6,8,96,1,7,0.0016895660664886236,0.07999999821186066,14402.4599609375
EleutherAI/pythia-70m,50000,step50000,70426624,6,8,96,2,0,0.0018158365273848176,0.07999999821186066,14402.4599609375
EleutherAI/pythia-70m,50000,step50000,70426624,6,8,96,2,1,7.0365532844896e-11,0.07999999821186066,14402.4599609375
EleutherAI/pythia-70m,50000,step50000,70426624,6,8,96,2,2,0.002384856343269348,0.07999999821186066,14402.4599609375
EleutherAI/pythia-70m,50000,step50000,70426624,6,8,96,2,3,0.0016483493382111192,0.07999999821186066,14402.4599609375
EleutherAI/pythia-70m,50000,step50000,70426624,6,8,96,2,4,9.710475978863542e-07,0.07999999821186066,14402.4599609375
EleutherAI/pythia-70m,50000,step50000,70426624,6,8,96,2,5,0.01287060510367155,0.07999999821186066,14402.4599609375
EleutherAI/pythia-70m,50000,step50000,70426624,6,8,96,2,6,0.010993225499987602,0.07999999821186066,14402.4599609375
EleutherAI/pythia-70m,50000,step50000,70426624,6,8,96,2,7,1.7148169717984274e-05,0.07999999821186066,14402.4599609375
EleutherAI/pythia-70m,50000,step50000,70426624,6,8,96,3,0,0.0904901921749115,0.07999999821186066,14402.4599609375
EleutherAI/pythia-70m,50000,step50000,70426624,6,8,96,3,1,0.21418988704681396,0.07999999821186066,14402.4599609375
EleutherAI/pythia-70m,50000,step50000,70426624,6,8,96,3,2,0.0022999236825853586,0.07999999821186066,14402.4599609375
EleutherAI/pythia-70m,50000,step50000,70426624,6,8,96,3,3,0.015454176813364029,0.07999999821186066,14402.4599609375
EleutherAI/pythia-70m,50000,step50000,70426624,6,8,96,3,4,0.005607259925454855,0.07999999821186066,14402.4599609375
EleutherAI/pythia-70m,50000,step50000,70426624,6,8,96,3,5,0.24072356522083282,0.07999999821186066,14402.4599609375
EleutherAI/pythia-70m,50000,step50000,70426624,6,8,96,3,6,0.4158340394496918,0.07999999821186066,14402.4599609375
EleutherAI/pythia-70m,50000,step50000,70426624,6,8,96,3,7,0.012569841928780079,0.07999999821186066,14402.4599609375
EleutherAI/pythia-70m,50000,step50000,70426624,6,8,96,4,0,0.013004384003579617,0.07999999821186066,14402.4599609375
EleutherAI/pythia-70m,50000,step50000,70426624,6,8,96,4,1,0.015101148746907711,0.07999999821186066,14402.4599609375
EleutherAI/pythia-70m,50000,step50000,70426624,6,8,96,4,2,0.02231803722679615,0.07999999821186066,14402.4599609375
EleutherAI/pythia-70m,50000,step50000,70426624,6,8,96,4,3,0.02198573760688305,0.07999999821186066,14402.4599609375
EleutherAI/pythia-70m,50000,step50000,70426624,6,8,96,4,4,0.01771904155611992,0.07999999821186066,14402.4599609375
EleutherAI/pythia-70m,50000,step50000,70426624,6,8,96,4,5,0.01231866329908371,0.07999999821186066,14402.4599609375
EleutherAI/pythia-70m,50000,step50000,70426624,6,8,96,4,6,0.021640120074152946,0.07999999821186066,14402.4599609375
EleutherAI/pythia-70m,50000,step50000,70426624,6,8,96,4,7,0.03015647642314434,0.07999999821186066,14402.4599609375
EleutherAI/pythia-70m,50000,step50000,70426624,6,8,96,5,0,0.008348144590854645,0.07999999821186066,14402.4599609375
EleutherAI/pythia-70m,50000,step50000,70426624,6,8,96,5,1,0.0026415311731398106,0.07999999821186066,14402.4599609375
EleutherAI/pythia-70m,50000,step50000,70426624,6,8,96,5,2,0.004370168317109346,0.07999999821186066,14402.4599609375
EleutherAI/pythia-70m,50000,step50000,70426624,6,8,96,5,3,0.0005056243971921504,0.07999999821186066,14402.4599609375
EleutherAI/pythia-70m,50000,step50000,70426624,6,8,96,5,4,0.005017801653593779,0.07999999821186066,14402.4599609375
EleutherAI/pythia-70m,50000,step50000,70426624,6,8,96,5,5,0.008912552148103714,0.07999999821186066,14402.4599609375
EleutherAI/pythia-70m,50000,step50000,70426624,6,8,96,5,6,0.008566129021346569,0.07999999821186066,14402.4599609375
EleutherAI/pythia-70m,50000,step50000,70426624,6,8,96,5,7,3.033645225514192e-05,0.07999999821186066,14402.4599609375
EleutherAI/pythia-70m,50000,step50000,70426624,6,8,97,0,0,0.00683111185207963,0.10000000149011612,13486.240234375
EleutherAI/pythia-70m,50000,step50000,70426624,6,8,97,0,1,0.0004777462163474411,0.10000000149011612,13486.240234375
EleutherAI/pythia-70m,50000,step50000,70426624,6,8,97,0,2,0.009617420844733715,0.10000000149011612,13486.240234375
EleutherAI/pythia-70m,50000,step50000,70426624,6,8,97,0,3,0.0013491709250956774,0.10000000149011612,13486.240234375
EleutherAI/pythia-70m,50000,step50000,70426624,6,8,97,0,4,0.0014625778421759605,0.10000000149011612,13486.240234375
EleutherAI/pythia-70m,50000,step50000,70426624,6,8,97,0,5,8.727112799533643e-06,0.10000000149011612,13486.240234375
EleutherAI/pythia-70m,50000,step50000,70426624,6,8,97,0,6,0.009481101296842098,0.10000000149011612,13486.240234375
EleutherAI/pythia-70m,50000,step50000,70426624,6,8,97,0,7,0.000580655294470489,0.10000000149011612,13486.240234375
EleutherAI/pythia-70m,50000,step50000,70426624,6,8,97,1,0,0.008389174938201904,0.10000000149011612,13486.240234375
EleutherAI/pythia-70m,50000,step50000,70426624,6,8,97,1,1,6.478995783254504e-05,0.10000000149011612,13486.240234375
EleutherAI/pythia-70m,50000,step50000,70426624,6,8,97,1,2,0.00047135577187873423,0.10000000149011612,13486.240234375
EleutherAI/pythia-70m,50000,step50000,70426624,6,8,97,1,3,2.458175913488958e-06,0.10000000149011612,13486.240234375
EleutherAI/pythia-70m,50000,step50000,70426624,6,8,97,1,4,0.008220218122005463,0.10000000149011612,13486.240234375
EleutherAI/pythia-70m,50000,step50000,70426624,6,8,97,1,5,0.0013229469768702984,0.10000000149011612,13486.240234375
EleutherAI/pythia-70m,50000,step50000,70426624,6,8,97,1,6,0.0027044403832405806,0.10000000149011612,13486.240234375
EleutherAI/pythia-70m,50000,step50000,70426624,6,8,97,1,7,0.0018202642677351832,0.10000000149011612,13486.240234375
EleutherAI/pythia-70m,50000,step50000,70426624,6,8,97,2,0,0.0019225330324843526,0.10000000149011612,13486.240234375
EleutherAI/pythia-70m,50000,step50000,70426624,6,8,97,2,1,5.856994750308431e-11,0.10000000149011612,13486.240234375
EleutherAI/pythia-70m,50000,step50000,70426624,6,8,97,2,2,0.0011087723542004824,0.10000000149011612,13486.240234375
EleutherAI/pythia-70m,50000,step50000,70426624,6,8,97,2,3,0.0014803990488871932,0.10000000149011612,13486.240234375
EleutherAI/pythia-70m,50000,step50000,70426624,6,8,97,2,4,1.794336412785924e-06,0.10000000149011612,13486.240234375
EleutherAI/pythia-70m,50000,step50000,70426624,6,8,97,2,5,0.012058720923960209,0.10000000149011612,13486.240234375
EleutherAI/pythia-70m,50000,step50000,70426624,6,8,97,2,6,0.0069137681275606155,0.10000000149011612,13486.240234375
EleutherAI/pythia-70m,50000,step50000,70426624,6,8,97,2,7,7.0523065005545504e-06,0.10000000149011612,13486.240234375
EleutherAI/pythia-70m,50000,step50000,70426624,6,8,97,3,0,0.17133253812789917,0.10000000149011612,13486.240234375
EleutherAI/pythia-70m,50000,step50000,70426624,6,8,97,3,1,0.29073211550712585,0.10000000149011612,13486.240234375
EleutherAI/pythia-70m,50000,step50000,70426624,6,8,97,3,2,0.001551120076328516,0.10000000149011612,13486.240234375
EleutherAI/pythia-70m,50000,step50000,70426624,6,8,97,3,3,0.01357218250632286,0.10000000149011612,13486.240234375
EleutherAI/pythia-70m,50000,step50000,70426624,6,8,97,3,4,0.004388090223073959,0.10000000149011612,13486.240234375
EleutherAI/pythia-70m,50000,step50000,70426624,6,8,97,3,5,0.28889766335487366,0.10000000149011612,13486.240234375
EleutherAI/pythia-70m,50000,step50000,70426624,6,8,97,3,6,0.4563000202178955,0.10000000149011612,13486.240234375
EleutherAI/pythia-70m,50000,step50000,70426624,6,8,97,3,7,0.009711439721286297,0.10000000149011612,13486.240234375
EleutherAI/pythia-70m,50000,step50000,70426624,6,8,97,4,0,0.012049688957631588,0.10000000149011612,13486.240234375
EleutherAI/pythia-70m,50000,step50000,70426624,6,8,97,4,1,0.013538919389247894,0.10000000149011612,13486.240234375
EleutherAI/pythia-70m,50000,step50000,70426624,6,8,97,4,2,0.020051641389727592,0.10000000149011612,13486.240234375
EleutherAI/pythia-70m,50000,step50000,70426624,6,8,97,4,3,0.021941494196653366,0.10000000149011612,13486.240234375
EleutherAI/pythia-70m,50000,step50000,70426624,6,8,97,4,4,0.014605219475924969,0.10000000149011612,13486.240234375
EleutherAI/pythia-70m,50000,step50000,70426624,6,8,97,4,5,0.00954451970756054,0.10000000149011612,13486.240234375
EleutherAI/pythia-70m,50000,step50000,70426624,6,8,97,4,6,0.017967259511351585,0.10000000149011612,13486.240234375
EleutherAI/pythia-70m,50000,step50000,70426624,6,8,97,4,7,0.03127560019493103,0.10000000149011612,13486.240234375
EleutherAI/pythia-70m,50000,step50000,70426624,6,8,97,5,0,0.0055927312932908535,0.10000000149011612,13486.240234375
EleutherAI/pythia-70m,50000,step50000,70426624,6,8,97,5,1,0.0011424842523410916,0.10000000149011612,13486.240234375
EleutherAI/pythia-70m,50000,step50000,70426624,6,8,97,5,2,0.0019397414289414883,0.10000000149011612,13486.240234375
EleutherAI/pythia-70m,50000,step50000,70426624,6,8,97,5,3,2.9808268664055504e-05,0.10000000149011612,13486.240234375
EleutherAI/pythia-70m,50000,step50000,70426624,6,8,97,5,4,0.00031277790549211204,0.10000000149011612,13486.240234375
EleutherAI/pythia-70m,50000,step50000,70426624,6,8,97,5,5,0.002743388991802931,0.10000000149011612,13486.240234375
EleutherAI/pythia-70m,50000,step50000,70426624,6,8,97,5,6,0.003997098188847303,0.10000000149011612,13486.240234375
EleutherAI/pythia-70m,50000,step50000,70426624,6,8,97,5,7,5.273326678434387e-06,0.10000000149011612,13486.240234375
EleutherAI/pythia-70m,50000,step50000,70426624,6,8,98,0,0,0.007518695667386055,0.03999999910593033,18271.69921875
EleutherAI/pythia-70m,50000,step50000,70426624,6,8,98,0,1,0.000376945361495018,0.03999999910593033,18271.69921875
EleutherAI/pythia-70m,50000,step50000,70426624,6,8,98,0,2,0.006023912224918604,0.03999999910593033,18271.69921875
EleutherAI/pythia-70m,50000,step50000,70426624,6,8,98,0,3,0.001548999804072082,0.03999999910593033,18271.69921875
EleutherAI/pythia-70m,50000,step50000,70426624,6,8,98,0,4,0.0006631213473156095,0.03999999910593033,18271.69921875
EleutherAI/pythia-70m,50000,step50000,70426624,6,8,98,0,5,1.0622231457091402e-05,0.03999999910593033,18271.69921875
EleutherAI/pythia-70m,50000,step50000,70426624,6,8,98,0,6,0.009425804950296879,0.03999999910593033,18271.69921875
EleutherAI/pythia-70m,50000,step50000,70426624,6,8,98,0,7,0.0015253976453095675,0.03999999910593033,18271.69921875
EleutherAI/pythia-70m,50000,step50000,70426624,6,8,98,1,0,0.006461712531745434,0.03999999910593033,18271.69921875
EleutherAI/pythia-70m,50000,step50000,70426624,6,8,98,1,1,7.89614423410967e-05,0.03999999910593033,18271.69921875
EleutherAI/pythia-70m,50000,step50000,70426624,6,8,98,1,2,0.00039775611367076635,0.03999999910593033,18271.69921875
EleutherAI/pythia-70m,50000,step50000,70426624,6,8,98,1,3,8.017025720619131e-06,0.03999999910593033,18271.69921875
EleutherAI/pythia-70m,50000,step50000,70426624,6,8,98,1,4,0.006351775955408812,0.03999999910593033,18271.69921875
EleutherAI/pythia-70m,50000,step50000,70426624,6,8,98,1,5,0.0009418114204891026,0.03999999910593033,18271.69921875
EleutherAI/pythia-70m,50000,step50000,70426624,6,8,98,1,6,0.002712774556130171,0.03999999910593033,18271.69921875
EleutherAI/pythia-70m,50000,step50000,70426624,6,8,98,1,7,0.0012436308898031712,0.03999999910593033,18271.69921875
EleutherAI/pythia-70m,50000,step50000,70426624,6,8,98,2,0,0.0016193274641409516,0.03999999910593033,18271.69921875
EleutherAI/pythia-70m,50000,step50000,70426624,6,8,98,2,1,4.3820475026379313e-10,0.03999999910593033,18271.69921875
EleutherAI/pythia-70m,50000,step50000,70426624,6,8,98,2,2,0.004343207459896803,0.03999999910593033,18271.69921875
EleutherAI/pythia-70m,50000,step50000,70426624,6,8,98,2,3,0.001626094919629395,0.03999999910593033,18271.69921875
EleutherAI/pythia-70m,50000,step50000,70426624,6,8,98,2,4,1.7475842923886376e-06,0.03999999910593033,18271.69921875
EleutherAI/pythia-70m,50000,step50000,70426624,6,8,98,2,5,0.016371959820389748,0.03999999910593033,18271.69921875
EleutherAI/pythia-70m,50000,step50000,70426624,6,8,98,2,6,0.006416980642825365,0.03999999910593033,18271.69921875
EleutherAI/pythia-70m,50000,step50000,70426624,6,8,98,2,7,5.698881432181224e-05,0.03999999910593033,18271.69921875
EleutherAI/pythia-70m,50000,step50000,70426624,6,8,98,3,0,0.07469058036804199,0.03999999910593033,18271.69921875
EleutherAI/pythia-70m,50000,step50000,70426624,6,8,98,3,1,0.17346183955669403,0.03999999910593033,18271.69921875
EleutherAI/pythia-70m,50000,step50000,70426624,6,8,98,3,2,0.002807118697091937,0.03999999910593033,18271.69921875
EleutherAI/pythia-70m,50000,step50000,70426624,6,8,98,3,3,0.013817968778312206,0.03999999910593033,18271.69921875
EleutherAI/pythia-70m,50000,step50000,70426624,6,8,98,3,4,0.00802416168153286,0.03999999910593033,18271.69921875
EleutherAI/pythia-70m,50000,step50000,70426624,6,8,98,3,5,0.17759662866592407,0.03999999910593033,18271.69921875
EleutherAI/pythia-70m,50000,step50000,70426624,6,8,98,3,6,0.27462542057037354,0.03999999910593033,18271.69921875
EleutherAI/pythia-70m,50000,step50000,70426624,6,8,98,3,7,0.012369675561785698,0.03999999910593033,18271.69921875
EleutherAI/pythia-70m,50000,step50000,70426624,6,8,98,4,0,0.012260070070624352,0.03999999910593033,18271.69921875
EleutherAI/pythia-70m,50000,step50000,70426624,6,8,98,4,1,0.014091466553509235,0.03999999910593033,18271.69921875
EleutherAI/pythia-70m,50000,step50000,70426624,6,8,98,4,2,0.016772231087088585,0.03999999910593033,18271.69921875
EleutherAI/pythia-70m,50000,step50000,70426624,6,8,98,4,3,0.01823902130126953,0.03999999910593033,18271.69921875
EleutherAI/pythia-70m,50000,step50000,70426624,6,8,98,4,4,0.014003762975335121,0.03999999910593033,18271.69921875
EleutherAI/pythia-70m,50000,step50000,70426624,6,8,98,4,5,0.010869009420275688,0.03999999910593033,18271.69921875
EleutherAI/pythia-70m,50000,step50000,70426624,6,8,98,4,6,0.015202097594738007,0.03999999910593033,18271.69921875
EleutherAI/pythia-70m,50000,step50000,70426624,6,8,98,4,7,0.0179328341037035,0.03999999910593033,18271.69921875
EleutherAI/pythia-70m,50000,step50000,70426624,6,8,98,5,0,0.011235246434807777,0.03999999910593033,18271.69921875
EleutherAI/pythia-70m,50000,step50000,70426624,6,8,98,5,1,0.0014015546767041087,0.03999999910593033,18271.69921875
EleutherAI/pythia-70m,50000,step50000,70426624,6,8,98,5,2,0.0023272321559488773,0.03999999910593033,18271.69921875
EleutherAI/pythia-70m,50000,step50000,70426624,6,8,98,5,3,0.0012157397577539086,0.03999999910593033,18271.69921875
EleutherAI/pythia-70m,50000,step50000,70426624,6,8,98,5,4,0.0048589021898806095,0.03999999910593033,18271.69921875
EleutherAI/pythia-70m,50000,step50000,70426624,6,8,98,5,5,0.008540578186511993,0.03999999910593033,18271.69921875
EleutherAI/pythia-70m,50000,step50000,70426624,6,8,98,5,6,0.010387558490037918,0.03999999910593033,18271.69921875
EleutherAI/pythia-70m,50000,step50000,70426624,6,8,98,5,7,2.0294981368351728e-05,0.03999999910593033,18271.69921875
EleutherAI/pythia-70m,50000,step50000,70426624,6,8,99,0,0,0.0075322771444916725,0.03999999910593033,19278.140625
EleutherAI/pythia-70m,50000,step50000,70426624,6,8,99,0,1,0.0005390290170907974,0.03999999910593033,19278.140625
EleutherAI/pythia-70m,50000,step50000,70426624,6,8,99,0,2,0.009843467734754086,0.03999999910593033,19278.140625
EleutherAI/pythia-70m,50000,step50000,70426624,6,8,99,0,3,0.001619861926883459,0.03999999910593033,19278.140625
EleutherAI/pythia-70m,50000,step50000,70426624,6,8,99,0,4,0.0010444049257785082,0.03999999910593033,19278.140625
EleutherAI/pythia-70m,50000,step50000,70426624,6,8,99,0,5,1.1120066119474359e-05,0.03999999910593033,19278.140625
EleutherAI/pythia-70m,50000,step50000,70426624,6,8,99,0,6,0.008923511952161789,0.03999999910593033,19278.140625
EleutherAI/pythia-70m,50000,step50000,70426624,6,8,99,0,7,0.0007121795206330717,0.03999999910593033,19278.140625
EleutherAI/pythia-70m,50000,step50000,70426624,6,8,99,1,0,0.0068785022012889385,0.03999999910593033,19278.140625
EleutherAI/pythia-70m,50000,step50000,70426624,6,8,99,1,1,1.5423123841173947e-05,0.03999999910593033,19278.140625
EleutherAI/pythia-70m,50000,step50000,70426624,6,8,99,1,2,0.00012050185614498332,0.03999999910593033,19278.140625
EleutherAI/pythia-70m,50000,step50000,70426624,6,8,99,1,3,3.845771971100476e-06,0.03999999910593033,19278.140625
EleutherAI/pythia-70m,50000,step50000,70426624,6,8,99,1,4,0.007300908677279949,0.03999999910593033,19278.140625
EleutherAI/pythia-70m,50000,step50000,70426624,6,8,99,1,5,0.0010468745604157448,0.03999999910593033,19278.140625
EleutherAI/pythia-70m,50000,step50000,70426624,6,8,99,1,6,0.0013493617298081517,0.03999999910593033,19278.140625
EleutherAI/pythia-70m,50000,step50000,70426624,6,8,99,1,7,0.0009518584702163935,0.03999999910593033,19278.140625
EleutherAI/pythia-70m,50000,step50000,70426624,6,8,99,2,0,0.0018827212043106556,0.03999999910593033,19278.140625
EleutherAI/pythia-70m,50000,step50000,70426624,6,8,99,2,1,1.4847661988781624e-10,0.03999999910593033,19278.140625
EleutherAI/pythia-70m,50000,step50000,70426624,6,8,99,2,2,0.001445474335923791,0.03999999910593033,19278.140625
EleutherAI/pythia-70m,50000,step50000,70426624,6,8,99,2,3,0.0011576220858842134,0.03999999910593033,19278.140625
EleutherAI/pythia-70m,50000,step50000,70426624,6,8,99,2,4,2.2587594230571995e-06,0.03999999910593033,19278.140625
EleutherAI/pythia-70m,50000,step50000,70426624,6,8,99,2,5,0.010248495265841484,0.03999999910593033,19278.140625
EleutherAI/pythia-70m,50000,step50000,70426624,6,8,99,2,6,0.0122511126101017,0.03999999910593033,19278.140625
EleutherAI/pythia-70m,50000,step50000,70426624,6,8,99,2,7,6.505190413008677e-06,0.03999999910593033,19278.140625
EleutherAI/pythia-70m,50000,step50000,70426624,6,8,99,3,0,0.05896586552262306,0.03999999910593033,19278.140625
EleutherAI/pythia-70m,50000,step50000,70426624,6,8,99,3,1,0.15827566385269165,0.03999999910593033,19278.140625
EleutherAI/pythia-70m,50000,step50000,70426624,6,8,99,3,2,0.0017403134843334556,0.03999999910593033,19278.140625
EleutherAI/pythia-70m,50000,step50000,70426624,6,8,99,3,3,0.009776005521416664,0.03999999910593033,19278.140625
EleutherAI/pythia-70m,50000,step50000,70426624,6,8,99,3,4,0.0038858281914144754,0.03999999910593033,19278.140625
EleutherAI/pythia-70m,50000,step50000,70426624,6,8,99,3,5,0.17501625418663025,0.03999999910593033,19278.140625
EleutherAI/pythia-70m,50000,step50000,70426624,6,8,99,3,6,0.29527220129966736,0.03999999910593033,19278.140625
EleutherAI/pythia-70m,50000,step50000,70426624,6,8,99,3,7,0.007150830700993538,0.03999999910593033,19278.140625
EleutherAI/pythia-70m,50000,step50000,70426624,6,8,99,4,0,0.008788058534264565,0.03999999910593033,19278.140625
EleutherAI/pythia-70m,50000,step50000,70426624,6,8,99,4,1,0.009125705808401108,0.03999999910593033,19278.140625
EleutherAI/pythia-70m,50000,step50000,70426624,6,8,99,4,2,0.013892300426959991,0.03999999910593033,19278.140625
EleutherAI/pythia-70m,50000,step50000,70426624,6,8,99,4,3,0.01737719215452671,0.03999999910593033,19278.140625
EleutherAI/pythia-70m,50000,step50000,70426624,6,8,99,4,4,0.010704866610467434,0.03999999910593033,19278.140625
EleutherAI/pythia-70m,50000,step50000,70426624,6,8,99,4,5,0.007859127596020699,0.03999999910593033,19278.140625
EleutherAI/pythia-70m,50000,step50000,70426624,6,8,99,4,6,0.012201962061226368,0.03999999910593033,19278.140625
EleutherAI/pythia-70m,50000,step50000,70426624,6,8,99,4,7,0.01674344763159752,0.03999999910593033,19278.140625
EleutherAI/pythia-70m,50000,step50000,70426624,6,8,99,5,0,0.0025247742887586355,0.03999999910593033,19278.140625
EleutherAI/pythia-70m,50000,step50000,70426624,6,8,99,5,1,0.0017600619466975331,0.03999999910593033,19278.140625
EleutherAI/pythia-70m,50000,step50000,70426624,6,8,99,5,2,0.0021450624335557222,0.03999999910593033,19278.140625
EleutherAI/pythia-70m,50000,step50000,70426624,6,8,99,5,3,0.0003230909933336079,0.03999999910593033,19278.140625
EleutherAI/pythia-70m,50000,step50000,70426624,6,8,99,5,4,0.001501857885159552,0.03999999910593033,19278.140625
EleutherAI/pythia-70m,50000,step50000,70426624,6,8,99,5,5,0.003585212863981724,0.03999999910593033,19278.140625
EleutherAI/pythia-70m,50000,step50000,70426624,6,8,99,5,6,0.0019065354717895389,0.03999999910593033,19278.140625
EleutherAI/pythia-70m,50000,step50000,70426624,6,8,99,5,7,5.409202458395157e-06,0.03999999910593033,19278.140625
