mpath,step,revision,n_params,n_layers,n_heads,sample,layer,head,ps,ar_acc,ar_mean_rank
EleutherAI/pythia-14m,50000,step50000,14067712,6,4,0,0,0,0.007905379869043827,0.7200000286102295,1719.1600341796875
EleutherAI/pythia-14m,50000,step50000,14067712,6,4,0,0,1,0.013132092542946339,0.7200000286102295,1719.1600341796875
EleutherAI/pythia-14m,50000,step50000,14067712,6,4,0,0,2,0.022203199565410614,0.7200000286102295,1719.1600341796875
EleutherAI/pythia-14m,50000,step50000,14067712,6,4,0,0,3,0.0010294066742062569,0.7200000286102295,1719.1600341796875
EleutherAI/pythia-14m,50000,step50000,14067712,6,4,0,1,0,6.51710888632806e-06,0.7200000286102295,1719.1600341796875
EleutherAI/pythia-14m,50000,step50000,14067712,6,4,0,1,1,0.006694116163998842,0.7200000286102295,1719.1600341796875
EleutherAI/pythia-14m,50000,step50000,14067712,6,4,0,1,2,0.00020090189354959875,0.7200000286102295,1719.1600341796875
EleutherAI/pythia-14m,50000,step50000,14067712,6,4,0,1,3,0.0064164274372160435,0.7200000286102295,1719.1600341796875
EleutherAI/pythia-14m,50000,step50000,14067712,6,4,0,2,0,0.007990304380655289,0.7200000286102295,1719.1600341796875
EleutherAI/pythia-14m,50000,step50000,14067712,6,4,0,2,1,2.2089922424584074e-07,0.7200000286102295,1719.1600341796875
EleutherAI/pythia-14m,50000,step50000,14067712,6,4,0,2,2,8.823026050845814e-16,0.7200000286102295,1719.1600341796875
EleutherAI/pythia-14m,50000,step50000,14067712,6,4,0,2,3,0.009388270787894726,0.7200000286102295,1719.1600341796875
EleutherAI/pythia-14m,50000,step50000,14067712,6,4,0,3,0,0.021377036347985268,0.7200000286102295,1719.1600341796875
EleutherAI/pythia-14m,50000,step50000,14067712,6,4,0,3,1,0.8942010402679443,0.7200000286102295,1719.1600341796875
EleutherAI/pythia-14m,50000,step50000,14067712,6,4,0,3,2,0.0006174809532240033,0.7200000286102295,1719.1600341796875
EleutherAI/pythia-14m,50000,step50000,14067712,6,4,0,3,3,0.9039715528488159,0.7200000286102295,1719.1600341796875
EleutherAI/pythia-14m,50000,step50000,14067712,6,4,0,4,0,0.06153935566544533,0.7200000286102295,1719.1600341796875
EleutherAI/pythia-14m,50000,step50000,14067712,6,4,0,4,1,0.018251599743962288,0.7200000286102295,1719.1600341796875
EleutherAI/pythia-14m,50000,step50000,14067712,6,4,0,4,2,0.06403055042028427,0.7200000286102295,1719.1600341796875
EleutherAI/pythia-14m,50000,step50000,14067712,6,4,0,4,3,0.006607454270124435,0.7200000286102295,1719.1600341796875
EleutherAI/pythia-14m,50000,step50000,14067712,6,4,0,5,0,0.0033208131790161133,0.7200000286102295,1719.1600341796875
EleutherAI/pythia-14m,50000,step50000,14067712,6,4,0,5,1,0.009186230599880219,0.7200000286102295,1719.1600341796875
EleutherAI/pythia-14m,50000,step50000,14067712,6,4,0,5,2,0.01564861088991165,0.7200000286102295,1719.1600341796875
EleutherAI/pythia-14m,50000,step50000,14067712,6,4,0,5,3,0.0385427363216877,0.7200000286102295,1719.1600341796875
EleutherAI/pythia-14m,50000,step50000,14067712,6,4,1,0,0,0.0040001580491662025,0.2199999988079071,10160.7802734375
EleutherAI/pythia-14m,50000,step50000,14067712,6,4,1,0,1,0.009178724139928818,0.2199999988079071,10160.7802734375
EleutherAI/pythia-14m,50000,step50000,14067712,6,4,1,0,2,0.013784056529402733,0.2199999988079071,10160.7802734375
EleutherAI/pythia-14m,50000,step50000,14067712,6,4,1,0,3,0.000819504086393863,0.2199999988079071,10160.7802734375
EleutherAI/pythia-14m,50000,step50000,14067712,6,4,1,1,0,9.6841249614954e-05,0.2199999988079071,10160.7802734375
EleutherAI/pythia-14m,50000,step50000,14067712,6,4,1,1,1,0.009167663753032684,0.2199999988079071,10160.7802734375
EleutherAI/pythia-14m,50000,step50000,14067712,6,4,1,1,2,0.0008637942955829203,0.2199999988079071,10160.7802734375
EleutherAI/pythia-14m,50000,step50000,14067712,6,4,1,1,3,0.00779805239289999,0.2199999988079071,10160.7802734375
EleutherAI/pythia-14m,50000,step50000,14067712,6,4,1,2,0,0.003556134644895792,0.2199999988079071,10160.7802734375
EleutherAI/pythia-14m,50000,step50000,14067712,6,4,1,2,1,1.8402547539153602e-06,0.2199999988079071,10160.7802734375
EleutherAI/pythia-14m,50000,step50000,14067712,6,4,1,2,2,1.0423969460770632e-14,0.2199999988079071,10160.7802734375
EleutherAI/pythia-14m,50000,step50000,14067712,6,4,1,2,3,0.01129958126693964,0.2199999988079071,10160.7802734375
EleutherAI/pythia-14m,50000,step50000,14067712,6,4,1,3,0,0.016856582835316658,0.2199999988079071,10160.7802734375
EleutherAI/pythia-14m,50000,step50000,14067712,6,4,1,3,1,0.5114849805831909,0.2199999988079071,10160.7802734375
EleutherAI/pythia-14m,50000,step50000,14067712,6,4,1,3,2,0.0005384094547480345,0.2199999988079071,10160.7802734375
EleutherAI/pythia-14m,50000,step50000,14067712,6,4,1,3,3,0.5648292303085327,0.2199999988079071,10160.7802734375
EleutherAI/pythia-14m,50000,step50000,14067712,6,4,1,4,0,0.0269218310713768,0.2199999988079071,10160.7802734375
EleutherAI/pythia-14m,50000,step50000,14067712,6,4,1,4,1,0.013342763297259808,0.2199999988079071,10160.7802734375
EleutherAI/pythia-14m,50000,step50000,14067712,6,4,1,4,2,0.03424355760216713,0.2199999988079071,10160.7802734375
EleutherAI/pythia-14m,50000,step50000,14067712,6,4,1,4,3,0.002624097978696227,0.2199999988079071,10160.7802734375
EleutherAI/pythia-14m,50000,step50000,14067712,6,4,1,5,0,0.0014748466201126575,0.2199999988079071,10160.7802734375
EleutherAI/pythia-14m,50000,step50000,14067712,6,4,1,5,1,0.00705252168700099,0.2199999988079071,10160.7802734375
EleutherAI/pythia-14m,50000,step50000,14067712,6,4,1,5,2,0.006231182720512152,0.2199999988079071,10160.7802734375
EleutherAI/pythia-14m,50000,step50000,14067712,6,4,1,5,3,0.02013299986720085,0.2199999988079071,10160.7802734375
EleutherAI/pythia-14m,50000,step50000,14067712,6,4,2,0,0,0.005183234810829163,0.6600000262260437,1312.1800537109375
EleutherAI/pythia-14m,50000,step50000,14067712,6,4,2,0,1,0.008263775147497654,0.6600000262260437,1312.1800537109375
EleutherAI/pythia-14m,50000,step50000,14067712,6,4,2,0,2,0.029591545462608337,0.6600000262260437,1312.1800537109375
EleutherAI/pythia-14m,50000,step50000,14067712,6,4,2,0,3,0.0013857431476935744,0.6600000262260437,1312.1800537109375
EleutherAI/pythia-14m,50000,step50000,14067712,6,4,2,1,0,4.64573604403995e-05,0.6600000262260437,1312.1800537109375
EleutherAI/pythia-14m,50000,step50000,14067712,6,4,2,1,1,0.008038952015340328,0.6600000262260437,1312.1800537109375
EleutherAI/pythia-14m,50000,step50000,14067712,6,4,2,1,2,0.00021190528059378266,0.6600000262260437,1312.1800537109375
EleutherAI/pythia-14m,50000,step50000,14067712,6,4,2,1,3,0.004704662598669529,0.6600000262260437,1312.1800537109375
EleutherAI/pythia-14m,50000,step50000,14067712,6,4,2,2,0,0.0030620431061834097,0.6600000262260437,1312.1800537109375
EleutherAI/pythia-14m,50000,step50000,14067712,6,4,2,2,1,3.0950353391290264e-08,0.6600000262260437,1312.1800537109375
EleutherAI/pythia-14m,50000,step50000,14067712,6,4,2,2,2,2.656207061756382e-14,0.6600000262260437,1312.1800537109375
EleutherAI/pythia-14m,50000,step50000,14067712,6,4,2,2,3,0.01081225834786892,0.6600000262260437,1312.1800537109375
EleutherAI/pythia-14m,50000,step50000,14067712,6,4,2,3,0,0.027538452297449112,0.6600000262260437,1312.1800537109375
EleutherAI/pythia-14m,50000,step50000,14067712,6,4,2,3,1,0.9005293250083923,0.6600000262260437,1312.1800537109375
EleutherAI/pythia-14m,50000,step50000,14067712,6,4,2,3,2,0.0004171140899416059,0.6600000262260437,1312.1800537109375
EleutherAI/pythia-14m,50000,step50000,14067712,6,4,2,3,3,0.9159984588623047,0.6600000262260437,1312.1800537109375
EleutherAI/pythia-14m,50000,step50000,14067712,6,4,2,4,0,0.16164322197437286,0.6600000262260437,1312.1800537109375
EleutherAI/pythia-14m,50000,step50000,14067712,6,4,2,4,1,0.037062868475914,0.6600000262260437,1312.1800537109375
EleutherAI/pythia-14m,50000,step50000,14067712,6,4,2,4,2,0.1566961407661438,0.6600000262260437,1312.1800537109375
EleutherAI/pythia-14m,50000,step50000,14067712,6,4,2,4,3,0.014634610153734684,0.6600000262260437,1312.1800537109375
EleutherAI/pythia-14m,50000,step50000,14067712,6,4,2,5,0,0.0029587142635136843,0.6600000262260437,1312.1800537109375
EleutherAI/pythia-14m,50000,step50000,14067712,6,4,2,5,1,0.01205503474920988,0.6600000262260437,1312.1800537109375
EleutherAI/pythia-14m,50000,step50000,14067712,6,4,2,5,2,0.019458014518022537,0.6600000262260437,1312.1800537109375
EleutherAI/pythia-14m,50000,step50000,14067712,6,4,2,5,3,0.05823751538991928,0.6600000262260437,1312.1800537109375
EleutherAI/pythia-14m,50000,step50000,14067712,6,4,3,0,0,0.0060783312655985355,0.14000000059604645,8153.85986328125
EleutherAI/pythia-14m,50000,step50000,14067712,6,4,3,0,1,0.010926135815680027,0.14000000059604645,8153.85986328125
EleutherAI/pythia-14m,50000,step50000,14067712,6,4,3,0,2,0.0069316984154284,0.14000000059604645,8153.85986328125
EleutherAI/pythia-14m,50000,step50000,14067712,6,4,3,0,3,0.0038775624707341194,0.14000000059604645,8153.85986328125
EleutherAI/pythia-14m,50000,step50000,14067712,6,4,3,1,0,0.00011511024058563635,0.14000000059604645,8153.85986328125
EleutherAI/pythia-14m,50000,step50000,14067712,6,4,3,1,1,0.01082791481167078,0.14000000059604645,8153.85986328125
EleutherAI/pythia-14m,50000,step50000,14067712,6,4,3,1,2,0.0009325247956439853,0.14000000059604645,8153.85986328125
EleutherAI/pythia-14m,50000,step50000,14067712,6,4,3,1,3,0.00828875508159399,0.14000000059604645,8153.85986328125
EleutherAI/pythia-14m,50000,step50000,14067712,6,4,3,2,0,0.004050488583743572,0.14000000059604645,8153.85986328125
EleutherAI/pythia-14m,50000,step50000,14067712,6,4,3,2,1,7.605616701766849e-05,0.14000000059604645,8153.85986328125
EleutherAI/pythia-14m,50000,step50000,14067712,6,4,3,2,2,1.3076860483351993e-08,0.14000000059604645,8153.85986328125
EleutherAI/pythia-14m,50000,step50000,14067712,6,4,3,2,3,0.007206412963569164,0.14000000059604645,8153.85986328125
EleutherAI/pythia-14m,50000,step50000,14067712,6,4,3,3,0,0.01144158374518156,0.14000000059604645,8153.85986328125
EleutherAI/pythia-14m,50000,step50000,14067712,6,4,3,3,1,0.45074036717414856,0.14000000059604645,8153.85986328125
EleutherAI/pythia-14m,50000,step50000,14067712,6,4,3,3,2,0.0005305620143190026,0.14000000059604645,8153.85986328125
EleutherAI/pythia-14m,50000,step50000,14067712,6,4,3,3,3,0.48548489809036255,0.14000000059604645,8153.85986328125
EleutherAI/pythia-14m,50000,step50000,14067712,6,4,3,4,0,0.02813299372792244,0.14000000059604645,8153.85986328125
EleutherAI/pythia-14m,50000,step50000,14067712,6,4,3,4,1,0.010325887240469456,0.14000000059604645,8153.85986328125
EleutherAI/pythia-14m,50000,step50000,14067712,6,4,3,4,2,0.03810480237007141,0.14000000059604645,8153.85986328125
EleutherAI/pythia-14m,50000,step50000,14067712,6,4,3,4,3,0.001267598825506866,0.14000000059604645,8153.85986328125
EleutherAI/pythia-14m,50000,step50000,14067712,6,4,3,5,0,0.0012716150376945734,0.14000000059604645,8153.85986328125
EleutherAI/pythia-14m,50000,step50000,14067712,6,4,3,5,1,0.00547688128426671,0.14000000059604645,8153.85986328125
EleutherAI/pythia-14m,50000,step50000,14067712,6,4,3,5,2,0.004326833877712488,0.14000000059604645,8153.85986328125
EleutherAI/pythia-14m,50000,step50000,14067712,6,4,3,5,3,0.023571567609906197,0.14000000059604645,8153.85986328125
EleutherAI/pythia-14m,50000,step50000,14067712,6,4,4,0,0,0.0038936894852668047,0.7400000095367432,393.4599914550781
EleutherAI/pythia-14m,50000,step50000,14067712,6,4,4,0,1,0.011709051206707954,0.7400000095367432,393.4599914550781
EleutherAI/pythia-14m,50000,step50000,14067712,6,4,4,0,2,0.014734349213540554,0.7400000095367432,393.4599914550781
EleutherAI/pythia-14m,50000,step50000,14067712,6,4,4,0,3,0.004817501176148653,0.7400000095367432,393.4599914550781
EleutherAI/pythia-14m,50000,step50000,14067712,6,4,4,1,0,4.033806180814281e-05,0.7400000095367432,393.4599914550781
EleutherAI/pythia-14m,50000,step50000,14067712,6,4,4,1,1,0.004178815986961126,0.7400000095367432,393.4599914550781
EleutherAI/pythia-14m,50000,step50000,14067712,6,4,4,1,2,0.00023522161063738167,0.7400000095367432,393.4599914550781
EleutherAI/pythia-14m,50000,step50000,14067712,6,4,4,1,3,0.005647399462759495,0.7400000095367432,393.4599914550781
EleutherAI/pythia-14m,50000,step50000,14067712,6,4,4,2,0,0.003243957180529833,0.7400000095367432,393.4599914550781
EleutherAI/pythia-14m,50000,step50000,14067712,6,4,4,2,1,5.455120799524593e-09,0.7400000095367432,393.4599914550781
EleutherAI/pythia-14m,50000,step50000,14067712,6,4,4,2,2,2.0607168112218334e-15,0.7400000095367432,393.4599914550781
EleutherAI/pythia-14m,50000,step50000,14067712,6,4,4,2,3,0.009767580777406693,0.7400000095367432,393.4599914550781
EleutherAI/pythia-14m,50000,step50000,14067712,6,4,4,3,0,0.022821765393018723,0.7400000095367432,393.4599914550781
EleutherAI/pythia-14m,50000,step50000,14067712,6,4,4,3,1,0.9483625888824463,0.7400000095367432,393.4599914550781
EleutherAI/pythia-14m,50000,step50000,14067712,6,4,4,3,2,0.0005266874795779586,0.7400000095367432,393.4599914550781
EleutherAI/pythia-14m,50000,step50000,14067712,6,4,4,3,3,0.9578602313995361,0.7400000095367432,393.4599914550781
EleutherAI/pythia-14m,50000,step50000,14067712,6,4,4,4,0,0.10945068299770355,0.7400000095367432,393.4599914550781
EleutherAI/pythia-14m,50000,step50000,14067712,6,4,4,4,1,0.020339272916316986,0.7400000095367432,393.4599914550781
EleutherAI/pythia-14m,50000,step50000,14067712,6,4,4,4,2,0.12303167581558228,0.7400000095367432,393.4599914550781
EleutherAI/pythia-14m,50000,step50000,14067712,6,4,4,4,3,0.015514020808041096,0.7400000095367432,393.4599914550781
EleutherAI/pythia-14m,50000,step50000,14067712,6,4,4,5,0,0.002107718726620078,0.7400000095367432,393.4599914550781
EleutherAI/pythia-14m,50000,step50000,14067712,6,4,4,5,1,0.008293753489851952,0.7400000095367432,393.4599914550781
EleutherAI/pythia-14m,50000,step50000,14067712,6,4,4,5,2,0.021164022386074066,0.7400000095367432,393.4599914550781
EleutherAI/pythia-14m,50000,step50000,14067712,6,4,4,5,3,0.03958176448941231,0.7400000095367432,393.4599914550781
EleutherAI/pythia-14m,50000,step50000,14067712,6,4,5,0,0,0.0025941270869225264,0.7799999713897705,1419.5400390625
EleutherAI/pythia-14m,50000,step50000,14067712,6,4,5,0,1,0.009162675589323044,0.7799999713897705,1419.5400390625
EleutherAI/pythia-14m,50000,step50000,14067712,6,4,5,0,2,0.004754459019750357,0.7799999713897705,1419.5400390625
EleutherAI/pythia-14m,50000,step50000,14067712,6,4,5,0,3,0.0006109935347922146,0.7799999713897705,1419.5400390625
EleutherAI/pythia-14m,50000,step50000,14067712,6,4,5,1,0,7.0121086537255906e-06,0.7799999713897705,1419.5400390625
EleutherAI/pythia-14m,50000,step50000,14067712,6,4,5,1,1,0.007047590799629688,0.7799999713897705,1419.5400390625
EleutherAI/pythia-14m,50000,step50000,14067712,6,4,5,1,2,0.00018342677503824234,0.7799999713897705,1419.5400390625
EleutherAI/pythia-14m,50000,step50000,14067712,6,4,5,1,3,0.005827398970723152,0.7799999713897705,1419.5400390625
EleutherAI/pythia-14m,50000,step50000,14067712,6,4,5,2,0,0.0027728911954909563,0.7799999713897705,1419.5400390625
EleutherAI/pythia-14m,50000,step50000,14067712,6,4,5,2,1,5.787281764924046e-08,0.7799999713897705,1419.5400390625
EleutherAI/pythia-14m,50000,step50000,14067712,6,4,5,2,2,2.1858482092493997e-13,0.7799999713897705,1419.5400390625
EleutherAI/pythia-14m,50000,step50000,14067712,6,4,5,2,3,0.012273401953279972,0.7799999713897705,1419.5400390625
EleutherAI/pythia-14m,50000,step50000,14067712,6,4,5,3,0,0.023287653923034668,0.7799999713897705,1419.5400390625
EleutherAI/pythia-14m,50000,step50000,14067712,6,4,5,3,1,0.8817830085754395,0.7799999713897705,1419.5400390625
EleutherAI/pythia-14m,50000,step50000,14067712,6,4,5,3,2,0.00048424064880236983,0.7799999713897705,1419.5400390625
EleutherAI/pythia-14m,50000,step50000,14067712,6,4,5,3,3,0.8880853056907654,0.7799999713897705,1419.5400390625
EleutherAI/pythia-14m,50000,step50000,14067712,6,4,5,4,0,0.112762950360775,0.7799999713897705,1419.5400390625
EleutherAI/pythia-14m,50000,step50000,14067712,6,4,5,4,1,0.027101056650280952,0.7799999713897705,1419.5400390625
EleutherAI/pythia-14m,50000,step50000,14067712,6,4,5,4,2,0.12066319584846497,0.7799999713897705,1419.5400390625
EleutherAI/pythia-14m,50000,step50000,14067712,6,4,5,4,3,0.009623890742659569,0.7799999713897705,1419.5400390625
EleutherAI/pythia-14m,50000,step50000,14067712,6,4,5,5,0,0.003118175081908703,0.7799999713897705,1419.5400390625
EleutherAI/pythia-14m,50000,step50000,14067712,6,4,5,5,1,0.010849829763174057,0.7799999713897705,1419.5400390625
EleutherAI/pythia-14m,50000,step50000,14067712,6,4,5,5,2,0.015355909243226051,0.7799999713897705,1419.5400390625
EleutherAI/pythia-14m,50000,step50000,14067712,6,4,5,5,3,0.035226970911026,0.7799999713897705,1419.5400390625
EleutherAI/pythia-14m,50000,step50000,14067712,6,4,6,0,0,0.004236040636897087,0.7200000286102295,1220.8599853515625
EleutherAI/pythia-14m,50000,step50000,14067712,6,4,6,0,1,0.008902334608137608,0.7200000286102295,1220.8599853515625
EleutherAI/pythia-14m,50000,step50000,14067712,6,4,6,0,2,0.002890068804845214,0.7200000286102295,1220.8599853515625
EleutherAI/pythia-14m,50000,step50000,14067712,6,4,6,0,3,0.0006694964831694961,0.7200000286102295,1220.8599853515625
EleutherAI/pythia-14m,50000,step50000,14067712,6,4,6,1,0,1.4696025573357474e-05,0.7200000286102295,1220.8599853515625
EleutherAI/pythia-14m,50000,step50000,14067712,6,4,6,1,1,0.004564278293401003,0.7200000286102295,1220.8599853515625
EleutherAI/pythia-14m,50000,step50000,14067712,6,4,6,1,2,0.00018553812697064131,0.7200000286102295,1220.8599853515625
EleutherAI/pythia-14m,50000,step50000,14067712,6,4,6,1,3,0.004393820185214281,0.7200000286102295,1220.8599853515625
EleutherAI/pythia-14m,50000,step50000,14067712,6,4,6,2,0,0.0024909107014536858,0.7200000286102295,1220.8599853515625
EleutherAI/pythia-14m,50000,step50000,14067712,6,4,6,2,1,2.68626187960308e-08,0.7200000286102295,1220.8599853515625
EleutherAI/pythia-14m,50000,step50000,14067712,6,4,6,2,2,4.894501535161353e-16,0.7200000286102295,1220.8599853515625
EleutherAI/pythia-14m,50000,step50000,14067712,6,4,6,2,3,0.009323074482381344,0.7200000286102295,1220.8599853515625
EleutherAI/pythia-14m,50000,step50000,14067712,6,4,6,3,0,0.02364443987607956,0.7200000286102295,1220.8599853515625
EleutherAI/pythia-14m,50000,step50000,14067712,6,4,6,3,1,0.8983055949211121,0.7200000286102295,1220.8599853515625
EleutherAI/pythia-14m,50000,step50000,14067712,6,4,6,3,2,0.00031915909494273365,0.7200000286102295,1220.8599853515625
EleutherAI/pythia-14m,50000,step50000,14067712,6,4,6,3,3,0.908150315284729,0.7200000286102295,1220.8599853515625
EleutherAI/pythia-14m,50000,step50000,14067712,6,4,6,4,0,0.12711401283740997,0.7200000286102295,1220.8599853515625
EleutherAI/pythia-14m,50000,step50000,14067712,6,4,6,4,1,0.03243342041969299,0.7200000286102295,1220.8599853515625
EleutherAI/pythia-14m,50000,step50000,14067712,6,4,6,4,2,0.13568605482578278,0.7200000286102295,1220.8599853515625
EleutherAI/pythia-14m,50000,step50000,14067712,6,4,6,4,3,0.011939295567572117,0.7200000286102295,1220.8599853515625
EleutherAI/pythia-14m,50000,step50000,14067712,6,4,6,5,0,0.001903347671031952,0.7200000286102295,1220.8599853515625
EleutherAI/pythia-14m,50000,step50000,14067712,6,4,6,5,1,0.0091280872002244,0.7200000286102295,1220.8599853515625
EleutherAI/pythia-14m,50000,step50000,14067712,6,4,6,5,2,0.01629449613392353,0.7200000286102295,1220.8599853515625
EleutherAI/pythia-14m,50000,step50000,14067712,6,4,6,5,3,0.036613188683986664,0.7200000286102295,1220.8599853515625
EleutherAI/pythia-14m,50000,step50000,14067712,6,4,7,0,0,0.0053137666545808315,0.7200000286102295,75.81999969482422
EleutherAI/pythia-14m,50000,step50000,14067712,6,4,7,0,1,0.009248040616512299,0.7200000286102295,75.81999969482422
EleutherAI/pythia-14m,50000,step50000,14067712,6,4,7,0,2,0.030238306149840355,0.7200000286102295,75.81999969482422
EleutherAI/pythia-14m,50000,step50000,14067712,6,4,7,0,3,0.0007474107551388443,0.7200000286102295,75.81999969482422
EleutherAI/pythia-14m,50000,step50000,14067712,6,4,7,1,0,5.615600912278751e-06,0.7200000286102295,75.81999969482422
EleutherAI/pythia-14m,50000,step50000,14067712,6,4,7,1,1,0.0075472150929272175,0.7200000286102295,75.81999969482422
EleutherAI/pythia-14m,50000,step50000,14067712,6,4,7,1,2,0.0005347171681933105,0.7200000286102295,75.81999969482422
EleutherAI/pythia-14m,50000,step50000,14067712,6,4,7,1,3,0.004494371823966503,0.7200000286102295,75.81999969482422
EleutherAI/pythia-14m,50000,step50000,14067712,6,4,7,2,0,0.003126902272924781,0.7200000286102295,75.81999969482422
EleutherAI/pythia-14m,50000,step50000,14067712,6,4,7,2,1,1.3415143484962755e-07,0.7200000286102295,75.81999969482422
EleutherAI/pythia-14m,50000,step50000,14067712,6,4,7,2,2,1.6139581770384989e-15,0.7200000286102295,75.81999969482422
EleutherAI/pythia-14m,50000,step50000,14067712,6,4,7,2,3,0.008159748278558254,0.7200000286102295,75.81999969482422
EleutherAI/pythia-14m,50000,step50000,14067712,6,4,7,3,0,0.02331772819161415,0.7200000286102295,75.81999969482422
EleutherAI/pythia-14m,50000,step50000,14067712,6,4,7,3,1,0.9208118915557861,0.7200000286102295,75.81999969482422
EleutherAI/pythia-14m,50000,step50000,14067712,6,4,7,3,2,0.0004020635096821934,0.7200000286102295,75.81999969482422
EleutherAI/pythia-14m,50000,step50000,14067712,6,4,7,3,3,0.9432829022407532,0.7200000286102295,75.81999969482422
EleutherAI/pythia-14m,50000,step50000,14067712,6,4,7,4,0,0.09784156084060669,0.7200000286102295,75.81999969482422
EleutherAI/pythia-14m,50000,step50000,14067712,6,4,7,4,1,0.027111878618597984,0.7200000286102295,75.81999969482422
EleutherAI/pythia-14m,50000,step50000,14067712,6,4,7,4,2,0.11004140973091125,0.7200000286102295,75.81999969482422
EleutherAI/pythia-14m,50000,step50000,14067712,6,4,7,4,3,0.008552305400371552,0.7200000286102295,75.81999969482422
EleutherAI/pythia-14m,50000,step50000,14067712,6,4,7,5,0,0.0011765763629227877,0.7200000286102295,75.81999969482422
EleutherAI/pythia-14m,50000,step50000,14067712,6,4,7,5,1,0.00764831667765975,0.7200000286102295,75.81999969482422
EleutherAI/pythia-14m,50000,step50000,14067712,6,4,7,5,2,0.012573554180562496,0.7200000286102295,75.81999969482422
EleutherAI/pythia-14m,50000,step50000,14067712,6,4,7,5,3,0.0498640350997448,0.7200000286102295,75.81999969482422
EleutherAI/pythia-14m,50000,step50000,14067712,6,4,8,0,0,0.0032423173543065786,0.6399999856948853,362.6400146484375
EleutherAI/pythia-14m,50000,step50000,14067712,6,4,8,0,1,0.009973631240427494,0.6399999856948853,362.6400146484375
EleutherAI/pythia-14m,50000,step50000,14067712,6,4,8,0,2,0.01499481312930584,0.6399999856948853,362.6400146484375
EleutherAI/pythia-14m,50000,step50000,14067712,6,4,8,0,3,0.0004692227812483907,0.6399999856948853,362.6400146484375
EleutherAI/pythia-14m,50000,step50000,14067712,6,4,8,1,0,1.746843736327719e-05,0.6399999856948853,362.6400146484375
EleutherAI/pythia-14m,50000,step50000,14067712,6,4,8,1,1,0.006126968190073967,0.6399999856948853,362.6400146484375
EleutherAI/pythia-14m,50000,step50000,14067712,6,4,8,1,2,0.0004916569450870156,0.6399999856948853,362.6400146484375
EleutherAI/pythia-14m,50000,step50000,14067712,6,4,8,1,3,0.005768935661762953,0.6399999856948853,362.6400146484375
EleutherAI/pythia-14m,50000,step50000,14067712,6,4,8,2,0,0.0040703024715185165,0.6399999856948853,362.6400146484375
EleutherAI/pythia-14m,50000,step50000,14067712,6,4,8,2,1,4.8495966353812037e-08,0.6399999856948853,362.6400146484375
EleutherAI/pythia-14m,50000,step50000,14067712,6,4,8,2,2,3.438158910134756e-14,0.6399999856948853,362.6400146484375
EleutherAI/pythia-14m,50000,step50000,14067712,6,4,8,2,3,0.011605893261730671,0.6399999856948853,362.6400146484375
EleutherAI/pythia-14m,50000,step50000,14067712,6,4,8,3,0,0.029701847583055496,0.6399999856948853,362.6400146484375
EleutherAI/pythia-14m,50000,step50000,14067712,6,4,8,3,1,0.9648994207382202,0.6399999856948853,362.6400146484375
EleutherAI/pythia-14m,50000,step50000,14067712,6,4,8,3,2,0.0004921695217490196,0.6399999856948853,362.6400146484375
EleutherAI/pythia-14m,50000,step50000,14067712,6,4,8,3,3,0.9718614816665649,0.6399999856948853,362.6400146484375
EleutherAI/pythia-14m,50000,step50000,14067712,6,4,8,4,0,0.07492916285991669,0.6399999856948853,362.6400146484375
EleutherAI/pythia-14m,50000,step50000,14067712,6,4,8,4,1,0.020477309823036194,0.6399999856948853,362.6400146484375
EleutherAI/pythia-14m,50000,step50000,14067712,6,4,8,4,2,0.0960434153676033,0.6399999856948853,362.6400146484375
EleutherAI/pythia-14m,50000,step50000,14067712,6,4,8,4,3,0.008954111486673355,0.6399999856948853,362.6400146484375
EleutherAI/pythia-14m,50000,step50000,14067712,6,4,8,5,0,0.0013659974792972207,0.6399999856948853,362.6400146484375
EleutherAI/pythia-14m,50000,step50000,14067712,6,4,8,5,1,0.009586680680513382,0.6399999856948853,362.6400146484375
EleutherAI/pythia-14m,50000,step50000,14067712,6,4,8,5,2,0.015545343048870564,0.6399999856948853,362.6400146484375
EleutherAI/pythia-14m,50000,step50000,14067712,6,4,8,5,3,0.05022241920232773,0.6399999856948853,362.6400146484375
EleutherAI/pythia-14m,50000,step50000,14067712,6,4,9,0,0,0.004116538912057877,0.7200000286102295,1644.1199951171875
EleutherAI/pythia-14m,50000,step50000,14067712,6,4,9,0,1,0.008263004943728447,0.7200000286102295,1644.1199951171875
EleutherAI/pythia-14m,50000,step50000,14067712,6,4,9,0,2,0.025750672444701195,0.7200000286102295,1644.1199951171875
EleutherAI/pythia-14m,50000,step50000,14067712,6,4,9,0,3,0.004070581868290901,0.7200000286102295,1644.1199951171875
EleutherAI/pythia-14m,50000,step50000,14067712,6,4,9,1,0,2.2985725081525743e-05,0.7200000286102295,1644.1199951171875
EleutherAI/pythia-14m,50000,step50000,14067712,6,4,9,1,1,0.009700408205389977,0.7200000286102295,1644.1199951171875
EleutherAI/pythia-14m,50000,step50000,14067712,6,4,9,1,2,0.00018058379646390676,0.7200000286102295,1644.1199951171875
EleutherAI/pythia-14m,50000,step50000,14067712,6,4,9,1,3,0.006366900634020567,0.7200000286102295,1644.1199951171875
EleutherAI/pythia-14m,50000,step50000,14067712,6,4,9,2,0,0.004828615114092827,0.7200000286102295,1644.1199951171875
EleutherAI/pythia-14m,50000,step50000,14067712,6,4,9,2,1,1.978242636369032e-08,0.7200000286102295,1644.1199951171875
EleutherAI/pythia-14m,50000,step50000,14067712,6,4,9,2,2,3.8672874746693224e-16,0.7200000286102295,1644.1199951171875
EleutherAI/pythia-14m,50000,step50000,14067712,6,4,9,2,3,0.01303287036716938,0.7200000286102295,1644.1199951171875
EleutherAI/pythia-14m,50000,step50000,14067712,6,4,9,3,0,0.022155635058879852,0.7200000286102295,1644.1199951171875
EleutherAI/pythia-14m,50000,step50000,14067712,6,4,9,3,1,0.8980472087860107,0.7200000286102295,1644.1199951171875
EleutherAI/pythia-14m,50000,step50000,14067712,6,4,9,3,2,0.0005549545749090612,0.7200000286102295,1644.1199951171875
EleutherAI/pythia-14m,50000,step50000,14067712,6,4,9,3,3,0.9090350270271301,0.7200000286102295,1644.1199951171875
EleutherAI/pythia-14m,50000,step50000,14067712,6,4,9,4,0,0.055841684341430664,0.7200000286102295,1644.1199951171875
EleutherAI/pythia-14m,50000,step50000,14067712,6,4,9,4,1,0.02115345187485218,0.7200000286102295,1644.1199951171875
EleutherAI/pythia-14m,50000,step50000,14067712,6,4,9,4,2,0.06355490535497665,0.7200000286102295,1644.1199951171875
EleutherAI/pythia-14m,50000,step50000,14067712,6,4,9,4,3,0.0074805403128266335,0.7200000286102295,1644.1199951171875
EleutherAI/pythia-14m,50000,step50000,14067712,6,4,9,5,0,0.0018700086511671543,0.7200000286102295,1644.1199951171875
EleutherAI/pythia-14m,50000,step50000,14067712,6,4,9,5,1,0.011510300450026989,0.7200000286102295,1644.1199951171875
EleutherAI/pythia-14m,50000,step50000,14067712,6,4,9,5,2,0.021982824429869652,0.7200000286102295,1644.1199951171875
EleutherAI/pythia-14m,50000,step50000,14067712,6,4,9,5,3,0.03635909780859947,0.7200000286102295,1644.1199951171875
EleutherAI/pythia-14m,50000,step50000,14067712,6,4,10,0,0,0.00945783220231533,0.30000001192092896,7356.9599609375
EleutherAI/pythia-14m,50000,step50000,14067712,6,4,10,0,1,0.008805418387055397,0.30000001192092896,7356.9599609375
EleutherAI/pythia-14m,50000,step50000,14067712,6,4,10,0,2,0.011899614706635475,0.30000001192092896,7356.9599609375
EleutherAI/pythia-14m,50000,step50000,14067712,6,4,10,0,3,0.0008487855084240437,0.30000001192092896,7356.9599609375
EleutherAI/pythia-14m,50000,step50000,14067712,6,4,10,1,0,6.382720312103629e-05,0.30000001192092896,7356.9599609375
EleutherAI/pythia-14m,50000,step50000,14067712,6,4,10,1,1,0.009141072630882263,0.30000001192092896,7356.9599609375
EleutherAI/pythia-14m,50000,step50000,14067712,6,4,10,1,2,0.0003242274688091129,0.30000001192092896,7356.9599609375
EleutherAI/pythia-14m,50000,step50000,14067712,6,4,10,1,3,0.006527576595544815,0.30000001192092896,7356.9599609375
EleutherAI/pythia-14m,50000,step50000,14067712,6,4,10,2,0,0.005463394336402416,0.30000001192092896,7356.9599609375
EleutherAI/pythia-14m,50000,step50000,14067712,6,4,10,2,1,6.68580710794231e-08,0.30000001192092896,7356.9599609375
EleutherAI/pythia-14m,50000,step50000,14067712,6,4,10,2,2,1.8683717225263796e-13,0.30000001192092896,7356.9599609375
EleutherAI/pythia-14m,50000,step50000,14067712,6,4,10,2,3,0.012077156454324722,0.30000001192092896,7356.9599609375
EleutherAI/pythia-14m,50000,step50000,14067712,6,4,10,3,0,0.015002711676061153,0.30000001192092896,7356.9599609375
EleutherAI/pythia-14m,50000,step50000,14067712,6,4,10,3,1,0.5612313747406006,0.30000001192092896,7356.9599609375
EleutherAI/pythia-14m,50000,step50000,14067712,6,4,10,3,2,0.0005053748027421534,0.30000001192092896,7356.9599609375
EleutherAI/pythia-14m,50000,step50000,14067712,6,4,10,3,3,0.6080811023712158,0.30000001192092896,7356.9599609375
EleutherAI/pythia-14m,50000,step50000,14067712,6,4,10,4,0,0.025023048743605614,0.30000001192092896,7356.9599609375
EleutherAI/pythia-14m,50000,step50000,14067712,6,4,10,4,1,0.015127059072256088,0.30000001192092896,7356.9599609375
EleutherAI/pythia-14m,50000,step50000,14067712,6,4,10,4,2,0.027572577819228172,0.30000001192092896,7356.9599609375
EleutherAI/pythia-14m,50000,step50000,14067712,6,4,10,4,3,0.002579091116786003,0.30000001192092896,7356.9599609375
EleutherAI/pythia-14m,50000,step50000,14067712,6,4,10,5,0,0.0016757352277636528,0.30000001192092896,7356.9599609375
EleutherAI/pythia-14m,50000,step50000,14067712,6,4,10,5,1,0.008157814852893353,0.30000001192092896,7356.9599609375
EleutherAI/pythia-14m,50000,step50000,14067712,6,4,10,5,2,0.006825875025242567,0.30000001192092896,7356.9599609375
EleutherAI/pythia-14m,50000,step50000,14067712,6,4,10,5,3,0.01952270045876503,0.30000001192092896,7356.9599609375
EleutherAI/pythia-14m,50000,step50000,14067712,6,4,11,0,0,0.004473617300391197,0.41999998688697815,1811.0400390625
EleutherAI/pythia-14m,50000,step50000,14067712,6,4,11,0,1,0.008707514964044094,0.41999998688697815,1811.0400390625
EleutherAI/pythia-14m,50000,step50000,14067712,6,4,11,0,2,0.012925372458994389,0.41999998688697815,1811.0400390625
EleutherAI/pythia-14m,50000,step50000,14067712,6,4,11,0,3,0.0032478368375450373,0.41999998688697815,1811.0400390625
EleutherAI/pythia-14m,50000,step50000,14067712,6,4,11,1,0,0.0002479948161635548,0.41999998688697815,1811.0400390625
EleutherAI/pythia-14m,50000,step50000,14067712,6,4,11,1,1,0.007484542205929756,0.41999998688697815,1811.0400390625
EleutherAI/pythia-14m,50000,step50000,14067712,6,4,11,1,2,0.0008015823550522327,0.41999998688697815,1811.0400390625
EleutherAI/pythia-14m,50000,step50000,14067712,6,4,11,1,3,0.007982122711837292,0.41999998688697815,1811.0400390625
EleutherAI/pythia-14m,50000,step50000,14067712,6,4,11,2,0,0.004648252855986357,0.41999998688697815,1811.0400390625
EleutherAI/pythia-14m,50000,step50000,14067712,6,4,11,2,1,6.486372399194806e-07,0.41999998688697815,1811.0400390625
EleutherAI/pythia-14m,50000,step50000,14067712,6,4,11,2,2,6.6263683925235455e-15,0.41999998688697815,1811.0400390625
EleutherAI/pythia-14m,50000,step50000,14067712,6,4,11,2,3,0.007377528585493565,0.41999998688697815,1811.0400390625
EleutherAI/pythia-14m,50000,step50000,14067712,6,4,11,3,0,0.015413874760270119,0.41999998688697815,1811.0400390625
EleutherAI/pythia-14m,50000,step50000,14067712,6,4,11,3,1,0.7712740898132324,0.41999998688697815,1811.0400390625
EleutherAI/pythia-14m,50000,step50000,14067712,6,4,11,3,2,0.00043318778625689447,0.41999998688697815,1811.0400390625
EleutherAI/pythia-14m,50000,step50000,14067712,6,4,11,3,3,0.8159939646720886,0.41999998688697815,1811.0400390625
EleutherAI/pythia-14m,50000,step50000,14067712,6,4,11,4,0,0.03125311806797981,0.41999998688697815,1811.0400390625
EleutherAI/pythia-14m,50000,step50000,14067712,6,4,11,4,1,0.012251907959580421,0.41999998688697815,1811.0400390625
EleutherAI/pythia-14m,50000,step50000,14067712,6,4,11,4,2,0.035808488726615906,0.41999998688697815,1811.0400390625
EleutherAI/pythia-14m,50000,step50000,14067712,6,4,11,4,3,0.001624546479433775,0.41999998688697815,1811.0400390625
EleutherAI/pythia-14m,50000,step50000,14067712,6,4,11,5,0,0.0013151696184650064,0.41999998688697815,1811.0400390625
EleutherAI/pythia-14m,50000,step50000,14067712,6,4,11,5,1,0.006881277076900005,0.41999998688697815,1811.0400390625
EleutherAI/pythia-14m,50000,step50000,14067712,6,4,11,5,2,0.006507393904030323,0.41999998688697815,1811.0400390625
EleutherAI/pythia-14m,50000,step50000,14067712,6,4,11,5,3,0.025566618889570236,0.41999998688697815,1811.0400390625
EleutherAI/pythia-14m,50000,step50000,14067712,6,4,12,0,0,0.002866365248337388,0.4399999976158142,1710.1199951171875
EleutherAI/pythia-14m,50000,step50000,14067712,6,4,12,0,1,0.009680969640612602,0.4399999976158142,1710.1199951171875
EleutherAI/pythia-14m,50000,step50000,14067712,6,4,12,0,2,0.008217369206249714,0.4399999976158142,1710.1199951171875
EleutherAI/pythia-14m,50000,step50000,14067712,6,4,12,0,3,0.00047973700566217303,0.4399999976158142,1710.1199951171875
EleutherAI/pythia-14m,50000,step50000,14067712,6,4,12,1,0,7.522556552430615e-05,0.4399999976158142,1710.1199951171875
EleutherAI/pythia-14m,50000,step50000,14067712,6,4,12,1,1,0.0075822616927325726,0.4399999976158142,1710.1199951171875
EleutherAI/pythia-14m,50000,step50000,14067712,6,4,12,1,2,0.0006897840648889542,0.4399999976158142,1710.1199951171875
EleutherAI/pythia-14m,50000,step50000,14067712,6,4,12,1,3,0.005479453131556511,0.4399999976158142,1710.1199951171875
EleutherAI/pythia-14m,50000,step50000,14067712,6,4,12,2,0,0.004934373311698437,0.4399999976158142,1710.1199951171875
EleutherAI/pythia-14m,50000,step50000,14067712,6,4,12,2,1,1.9079722335391125e-07,0.4399999976158142,1710.1199951171875
EleutherAI/pythia-14m,50000,step50000,14067712,6,4,12,2,2,3.4637714076905367e-15,0.4399999976158142,1710.1199951171875
EleutherAI/pythia-14m,50000,step50000,14067712,6,4,12,2,3,0.00832567922770977,0.4399999976158142,1710.1199951171875
EleutherAI/pythia-14m,50000,step50000,14067712,6,4,12,3,0,0.020592765882611275,0.4399999976158142,1710.1199951171875
EleutherAI/pythia-14m,50000,step50000,14067712,6,4,12,3,1,0.8333757519721985,0.4399999976158142,1710.1199951171875
EleutherAI/pythia-14m,50000,step50000,14067712,6,4,12,3,2,0.0003232020535506308,0.4399999976158142,1710.1199951171875
EleutherAI/pythia-14m,50000,step50000,14067712,6,4,12,3,3,0.8622226119041443,0.4399999976158142,1710.1199951171875
EleutherAI/pythia-14m,50000,step50000,14067712,6,4,12,4,0,0.051070116460323334,0.4399999976158142,1710.1199951171875
EleutherAI/pythia-14m,50000,step50000,14067712,6,4,12,4,1,0.021357478573918343,0.4399999976158142,1710.1199951171875
EleutherAI/pythia-14m,50000,step50000,14067712,6,4,12,4,2,0.06663848459720612,0.4399999976158142,1710.1199951171875
EleutherAI/pythia-14m,50000,step50000,14067712,6,4,12,4,3,0.0028817960992455482,0.4399999976158142,1710.1199951171875
EleutherAI/pythia-14m,50000,step50000,14067712,6,4,12,5,0,0.0010430548572912812,0.4399999976158142,1710.1199951171875
EleutherAI/pythia-14m,50000,step50000,14067712,6,4,12,5,1,0.005151310935616493,0.4399999976158142,1710.1199951171875
EleutherAI/pythia-14m,50000,step50000,14067712,6,4,12,5,2,0.01058273296803236,0.4399999976158142,1710.1199951171875
EleutherAI/pythia-14m,50000,step50000,14067712,6,4,12,5,3,0.03162197768688202,0.4399999976158142,1710.1199951171875
EleutherAI/pythia-14m,50000,step50000,14067712,6,4,13,0,0,0.005272387061268091,0.6399999856948853,1598.4200439453125
EleutherAI/pythia-14m,50000,step50000,14067712,6,4,13,0,1,0.009230409748852253,0.6399999856948853,1598.4200439453125
EleutherAI/pythia-14m,50000,step50000,14067712,6,4,13,0,2,0.01556190475821495,0.6399999856948853,1598.4200439453125
EleutherAI/pythia-14m,50000,step50000,14067712,6,4,13,0,3,0.0006322511471807957,0.6399999856948853,1598.4200439453125
EleutherAI/pythia-14m,50000,step50000,14067712,6,4,13,1,0,2.77426606771769e-05,0.6399999856948853,1598.4200439453125
EleutherAI/pythia-14m,50000,step50000,14067712,6,4,13,1,1,0.0074462443590164185,0.6399999856948853,1598.4200439453125
EleutherAI/pythia-14m,50000,step50000,14067712,6,4,13,1,2,0.00015326654829550534,0.6399999856948853,1598.4200439453125
EleutherAI/pythia-14m,50000,step50000,14067712,6,4,13,1,3,0.006375379394739866,0.6399999856948853,1598.4200439453125
EleutherAI/pythia-14m,50000,step50000,14067712,6,4,13,2,0,0.005389729514718056,0.6399999856948853,1598.4200439453125
EleutherAI/pythia-14m,50000,step50000,14067712,6,4,13,2,1,6.208793479345331e-08,0.6399999856948853,1598.4200439453125
EleutherAI/pythia-14m,50000,step50000,14067712,6,4,13,2,2,1.8881326623726435e-14,0.6399999856948853,1598.4200439453125
EleutherAI/pythia-14m,50000,step50000,14067712,6,4,13,2,3,0.009766239672899246,0.6399999856948853,1598.4200439453125
EleutherAI/pythia-14m,50000,step50000,14067712,6,4,13,3,0,0.023606495931744576,0.6399999856948853,1598.4200439453125
EleutherAI/pythia-14m,50000,step50000,14067712,6,4,13,3,1,0.8832818865776062,0.6399999856948853,1598.4200439453125
EleutherAI/pythia-14m,50000,step50000,14067712,6,4,13,3,2,0.0004909099079668522,0.6399999856948853,1598.4200439453125
EleutherAI/pythia-14m,50000,step50000,14067712,6,4,13,3,3,0.8926868438720703,0.6399999856948853,1598.4200439453125
EleutherAI/pythia-14m,50000,step50000,14067712,6,4,13,4,0,0.07280883938074112,0.6399999856948853,1598.4200439453125
EleutherAI/pythia-14m,50000,step50000,14067712,6,4,13,4,1,0.029555074870586395,0.6399999856948853,1598.4200439453125
EleutherAI/pythia-14m,50000,step50000,14067712,6,4,13,4,2,0.08255579322576523,0.6399999856948853,1598.4200439453125
EleutherAI/pythia-14m,50000,step50000,14067712,6,4,13,4,3,0.007834354415535927,0.6399999856948853,1598.4200439453125
EleutherAI/pythia-14m,50000,step50000,14067712,6,4,13,5,0,0.0018529794178903103,0.6399999856948853,1598.4200439453125
EleutherAI/pythia-14m,50000,step50000,14067712,6,4,13,5,1,0.00864241924136877,0.6399999856948853,1598.4200439453125
EleutherAI/pythia-14m,50000,step50000,14067712,6,4,13,5,2,0.01717311143875122,0.6399999856948853,1598.4200439453125
EleutherAI/pythia-14m,50000,step50000,14067712,6,4,13,5,3,0.042992353439331055,0.6399999856948853,1598.4200439453125
EleutherAI/pythia-14m,50000,step50000,14067712,6,4,14,0,0,0.007293249946087599,0.6000000238418579,2076.280029296875
EleutherAI/pythia-14m,50000,step50000,14067712,6,4,14,0,1,0.009486786089837551,0.6000000238418579,2076.280029296875
EleutherAI/pythia-14m,50000,step50000,14067712,6,4,14,0,2,0.004163732752203941,0.6000000238418579,2076.280029296875
EleutherAI/pythia-14m,50000,step50000,14067712,6,4,14,0,3,0.0005988737102597952,0.6000000238418579,2076.280029296875
EleutherAI/pythia-14m,50000,step50000,14067712,6,4,14,1,0,1.7430049410904758e-05,0.6000000238418579,2076.280029296875
EleutherAI/pythia-14m,50000,step50000,14067712,6,4,14,1,1,0.008565309457480907,0.6000000238418579,2076.280029296875
EleutherAI/pythia-14m,50000,step50000,14067712,6,4,14,1,2,0.00032542392727918923,0.6000000238418579,2076.280029296875
EleutherAI/pythia-14m,50000,step50000,14067712,6,4,14,1,3,0.005186491645872593,0.6000000238418579,2076.280029296875
EleutherAI/pythia-14m,50000,step50000,14067712,6,4,14,2,0,0.004961222410202026,0.6000000238418579,2076.280029296875
EleutherAI/pythia-14m,50000,step50000,14067712,6,4,14,2,1,2.156205596293148e-07,0.6000000238418579,2076.280029296875
EleutherAI/pythia-14m,50000,step50000,14067712,6,4,14,2,2,1.9801217956971762e-14,0.6000000238418579,2076.280029296875
EleutherAI/pythia-14m,50000,step50000,14067712,6,4,14,2,3,0.011846262030303478,0.6000000238418579,2076.280029296875
EleutherAI/pythia-14m,50000,step50000,14067712,6,4,14,3,0,0.03096458502113819,0.6000000238418579,2076.280029296875
EleutherAI/pythia-14m,50000,step50000,14067712,6,4,14,3,1,0.8726142644882202,0.6000000238418579,2076.280029296875
EleutherAI/pythia-14m,50000,step50000,14067712,6,4,14,3,2,0.0003683890390675515,0.6000000238418579,2076.280029296875
EleutherAI/pythia-14m,50000,step50000,14067712,6,4,14,3,3,0.8763429522514343,0.6000000238418579,2076.280029296875
EleutherAI/pythia-14m,50000,step50000,14067712,6,4,14,4,0,0.06661614030599594,0.6000000238418579,2076.280029296875
EleutherAI/pythia-14m,50000,step50000,14067712,6,4,14,4,1,0.02298322692513466,0.6000000238418579,2076.280029296875
EleutherAI/pythia-14m,50000,step50000,14067712,6,4,14,4,2,0.10281103104352951,0.6000000238418579,2076.280029296875
EleutherAI/pythia-14m,50000,step50000,14067712,6,4,14,4,3,0.008093243464827538,0.6000000238418579,2076.280029296875
EleutherAI/pythia-14m,50000,step50000,14067712,6,4,14,5,0,0.002286906586959958,0.6000000238418579,2076.280029296875
EleutherAI/pythia-14m,50000,step50000,14067712,6,4,14,5,1,0.007944338023662567,0.6000000238418579,2076.280029296875
EleutherAI/pythia-14m,50000,step50000,14067712,6,4,14,5,2,0.019351407885551453,0.6000000238418579,2076.280029296875
EleutherAI/pythia-14m,50000,step50000,14067712,6,4,14,5,3,0.045511581003665924,0.6000000238418579,2076.280029296875
EleutherAI/pythia-14m,50000,step50000,14067712,6,4,15,0,0,0.005575196817517281,0.6800000071525574,76.36000061035156
EleutherAI/pythia-14m,50000,step50000,14067712,6,4,15,0,1,0.008862274698913097,0.6800000071525574,76.36000061035156
EleutherAI/pythia-14m,50000,step50000,14067712,6,4,15,0,2,0.006976149044930935,0.6800000071525574,76.36000061035156
EleutherAI/pythia-14m,50000,step50000,14067712,6,4,15,0,3,0.00047313750837929547,0.6800000071525574,76.36000061035156
EleutherAI/pythia-14m,50000,step50000,14067712,6,4,15,1,0,2.7654070436256006e-05,0.6800000071525574,76.36000061035156
EleutherAI/pythia-14m,50000,step50000,14067712,6,4,15,1,1,0.0047912802547216415,0.6800000071525574,76.36000061035156
EleutherAI/pythia-14m,50000,step50000,14067712,6,4,15,1,2,0.0003808581386692822,0.6800000071525574,76.36000061035156
EleutherAI/pythia-14m,50000,step50000,14067712,6,4,15,1,3,0.0041634440422058105,0.6800000071525574,76.36000061035156
EleutherAI/pythia-14m,50000,step50000,14067712,6,4,15,2,0,0.006224110256880522,0.6800000071525574,76.36000061035156
EleutherAI/pythia-14m,50000,step50000,14067712,6,4,15,2,1,3.665274661557305e-08,0.6800000071525574,76.36000061035156
EleutherAI/pythia-14m,50000,step50000,14067712,6,4,15,2,2,1.6203658754053592e-15,0.6800000071525574,76.36000061035156
EleutherAI/pythia-14m,50000,step50000,14067712,6,4,15,2,3,0.008815804496407509,0.6800000071525574,76.36000061035156
EleutherAI/pythia-14m,50000,step50000,14067712,6,4,15,3,0,0.020435070618987083,0.6800000071525574,76.36000061035156
EleutherAI/pythia-14m,50000,step50000,14067712,6,4,15,3,1,0.9072954058647156,0.6800000071525574,76.36000061035156
EleutherAI/pythia-14m,50000,step50000,14067712,6,4,15,3,2,0.00022040786279831082,0.6800000071525574,76.36000061035156
EleutherAI/pythia-14m,50000,step50000,14067712,6,4,15,3,3,0.9222865104675293,0.6800000071525574,76.36000061035156
EleutherAI/pythia-14m,50000,step50000,14067712,6,4,15,4,0,0.0699022188782692,0.6800000071525574,76.36000061035156
EleutherAI/pythia-14m,50000,step50000,14067712,6,4,15,4,1,0.02260560542345047,0.6800000071525574,76.36000061035156
EleutherAI/pythia-14m,50000,step50000,14067712,6,4,15,4,2,0.07182785868644714,0.6800000071525574,76.36000061035156
EleutherAI/pythia-14m,50000,step50000,14067712,6,4,15,4,3,0.008835520595312119,0.6800000071525574,76.36000061035156
EleutherAI/pythia-14m,50000,step50000,14067712,6,4,15,5,0,0.0029593235813081264,0.6800000071525574,76.36000061035156
EleutherAI/pythia-14m,50000,step50000,14067712,6,4,15,5,1,0.011659451760351658,0.6800000071525574,76.36000061035156
EleutherAI/pythia-14m,50000,step50000,14067712,6,4,15,5,2,0.013127024285495281,0.6800000071525574,76.36000061035156
EleutherAI/pythia-14m,50000,step50000,14067712,6,4,15,5,3,0.03593572974205017,0.6800000071525574,76.36000061035156
EleutherAI/pythia-14m,50000,step50000,14067712,6,4,16,0,0,0.00794759951531887,0.5600000023841858,4253.5
EleutherAI/pythia-14m,50000,step50000,14067712,6,4,16,0,1,0.00924721360206604,0.5600000023841858,4253.5
EleutherAI/pythia-14m,50000,step50000,14067712,6,4,16,0,2,0.028284277766942978,0.5600000023841858,4253.5
EleutherAI/pythia-14m,50000,step50000,14067712,6,4,16,0,3,0.0006640362553298473,0.5600000023841858,4253.5
EleutherAI/pythia-14m,50000,step50000,14067712,6,4,16,1,0,0.0002690396213438362,0.5600000023841858,4253.5
EleutherAI/pythia-14m,50000,step50000,14067712,6,4,16,1,1,0.01036579255014658,0.5600000023841858,4253.5
EleutherAI/pythia-14m,50000,step50000,14067712,6,4,16,1,2,0.0006367370369844139,0.5600000023841858,4253.5
EleutherAI/pythia-14m,50000,step50000,14067712,6,4,16,1,3,0.004970369394868612,0.5600000023841858,4253.5
EleutherAI/pythia-14m,50000,step50000,14067712,6,4,16,2,0,0.0029478275682777166,0.5600000023841858,4253.5
EleutherAI/pythia-14m,50000,step50000,14067712,6,4,16,2,1,1.977339536551881e-08,0.5600000023841858,4253.5
EleutherAI/pythia-14m,50000,step50000,14067712,6,4,16,2,2,2.7177007643424496e-15,0.5600000023841858,4253.5
EleutherAI/pythia-14m,50000,step50000,14067712,6,4,16,2,3,0.01537182368338108,0.5600000023841858,4253.5
EleutherAI/pythia-14m,50000,step50000,14067712,6,4,16,3,0,0.02790297009050846,0.5600000023841858,4253.5
EleutherAI/pythia-14m,50000,step50000,14067712,6,4,16,3,1,0.7355395555496216,0.5600000023841858,4253.5
EleutherAI/pythia-14m,50000,step50000,14067712,6,4,16,3,2,0.000441785145085305,0.5600000023841858,4253.5
EleutherAI/pythia-14m,50000,step50000,14067712,6,4,16,3,3,0.749642014503479,0.5600000023841858,4253.5
EleutherAI/pythia-14m,50000,step50000,14067712,6,4,16,4,0,0.06751657277345657,0.5600000023841858,4253.5
EleutherAI/pythia-14m,50000,step50000,14067712,6,4,16,4,1,0.022208886221051216,0.5600000023841858,4253.5
EleutherAI/pythia-14m,50000,step50000,14067712,6,4,16,4,2,0.08243241906166077,0.5600000023841858,4253.5
EleutherAI/pythia-14m,50000,step50000,14067712,6,4,16,4,3,0.0052780103869736195,0.5600000023841858,4253.5
EleutherAI/pythia-14m,50000,step50000,14067712,6,4,16,5,0,0.001583010540343821,0.5600000023841858,4253.5
EleutherAI/pythia-14m,50000,step50000,14067712,6,4,16,5,1,0.008370689116418362,0.5600000023841858,4253.5
EleutherAI/pythia-14m,50000,step50000,14067712,6,4,16,5,2,0.012535642832517624,0.5600000023841858,4253.5
EleutherAI/pythia-14m,50000,step50000,14067712,6,4,16,5,3,0.03737999126315117,0.5600000023841858,4253.5
EleutherAI/pythia-14m,50000,step50000,14067712,6,4,17,0,0,0.0035527553409337997,0.6399999856948853,1988.6199951171875
EleutherAI/pythia-14m,50000,step50000,14067712,6,4,17,0,1,0.009174213744699955,0.6399999856948853,1988.6199951171875
EleutherAI/pythia-14m,50000,step50000,14067712,6,4,17,0,2,0.020842069759964943,0.6399999856948853,1988.6199951171875
EleutherAI/pythia-14m,50000,step50000,14067712,6,4,17,0,3,0.00461554154753685,0.6399999856948853,1988.6199951171875
EleutherAI/pythia-14m,50000,step50000,14067712,6,4,17,1,0,6.700812264170963e-06,0.6399999856948853,1988.6199951171875
EleutherAI/pythia-14m,50000,step50000,14067712,6,4,17,1,1,0.0068552386946976185,0.6399999856948853,1988.6199951171875
EleutherAI/pythia-14m,50000,step50000,14067712,6,4,17,1,2,0.00016959670756477863,0.6399999856948853,1988.6199951171875
EleutherAI/pythia-14m,50000,step50000,14067712,6,4,17,1,3,0.005607550032436848,0.6399999856948853,1988.6199951171875
EleutherAI/pythia-14m,50000,step50000,14067712,6,4,17,2,0,0.004219759721308947,0.6399999856948853,1988.6199951171875
EleutherAI/pythia-14m,50000,step50000,14067712,6,4,17,2,1,2.1996788390765687e-08,0.6399999856948853,1988.6199951171875
EleutherAI/pythia-14m,50000,step50000,14067712,6,4,17,2,2,2.880067927666475e-16,0.6399999856948853,1988.6199951171875
EleutherAI/pythia-14m,50000,step50000,14067712,6,4,17,2,3,0.009437313303351402,0.6399999856948853,1988.6199951171875
EleutherAI/pythia-14m,50000,step50000,14067712,6,4,17,3,0,0.021629488095641136,0.6399999856948853,1988.6199951171875
EleutherAI/pythia-14m,50000,step50000,14067712,6,4,17,3,1,0.858842134475708,0.6399999856948853,1988.6199951171875
EleutherAI/pythia-14m,50000,step50000,14067712,6,4,17,3,2,0.0005190027295611799,0.6399999856948853,1988.6199951171875
EleutherAI/pythia-14m,50000,step50000,14067712,6,4,17,3,3,0.8735550045967102,0.6399999856948853,1988.6199951171875
EleutherAI/pythia-14m,50000,step50000,14067712,6,4,17,4,0,0.07764465361833572,0.6399999856948853,1988.6199951171875
EleutherAI/pythia-14m,50000,step50000,14067712,6,4,17,4,1,0.02139846235513687,0.6399999856948853,1988.6199951171875
EleutherAI/pythia-14m,50000,step50000,14067712,6,4,17,4,2,0.08571992814540863,0.6399999856948853,1988.6199951171875
EleutherAI/pythia-14m,50000,step50000,14067712,6,4,17,4,3,0.0067153312265872955,0.6399999856948853,1988.6199951171875
EleutherAI/pythia-14m,50000,step50000,14067712,6,4,17,5,0,0.0020737522281706333,0.6399999856948853,1988.6199951171875
EleutherAI/pythia-14m,50000,step50000,14067712,6,4,17,5,1,0.01007949747145176,0.6399999856948853,1988.6199951171875
EleutherAI/pythia-14m,50000,step50000,14067712,6,4,17,5,2,0.016225498169660568,0.6399999856948853,1988.6199951171875
EleutherAI/pythia-14m,50000,step50000,14067712,6,4,17,5,3,0.03526266664266586,0.6399999856948853,1988.6199951171875
EleutherAI/pythia-14m,50000,step50000,14067712,6,4,18,0,0,0.0031208458822220564,0.6600000262260437,418.5199890136719
EleutherAI/pythia-14m,50000,step50000,14067712,6,4,18,0,1,0.011130156926810741,0.6600000262260437,418.5199890136719
EleutherAI/pythia-14m,50000,step50000,14067712,6,4,18,0,2,0.01233861967921257,0.6600000262260437,418.5199890136719
EleutherAI/pythia-14m,50000,step50000,14067712,6,4,18,0,3,0.0004263587179593742,0.6600000262260437,418.5199890136719
EleutherAI/pythia-14m,50000,step50000,14067712,6,4,18,1,0,1.5113627341634128e-05,0.6600000262260437,418.5199890136719
EleutherAI/pythia-14m,50000,step50000,14067712,6,4,18,1,1,0.0054680947214365005,0.6600000262260437,418.5199890136719
EleutherAI/pythia-14m,50000,step50000,14067712,6,4,18,1,2,0.0006554645369760692,0.6600000262260437,418.5199890136719
EleutherAI/pythia-14m,50000,step50000,14067712,6,4,18,1,3,0.004177120979875326,0.6600000262260437,418.5199890136719
EleutherAI/pythia-14m,50000,step50000,14067712,6,4,18,2,0,0.0036192075349390507,0.6600000262260437,418.5199890136719
EleutherAI/pythia-14m,50000,step50000,14067712,6,4,18,2,1,7.329023077318197e-08,0.6600000262260437,418.5199890136719
EleutherAI/pythia-14m,50000,step50000,14067712,6,4,18,2,2,2.649062677659471e-14,0.6600000262260437,418.5199890136719
EleutherAI/pythia-14m,50000,step50000,14067712,6,4,18,2,3,0.008595207706093788,0.6600000262260437,418.5199890136719
EleutherAI/pythia-14m,50000,step50000,14067712,6,4,18,3,0,0.024195535108447075,0.6600000262260437,418.5199890136719
EleutherAI/pythia-14m,50000,step50000,14067712,6,4,18,3,1,0.928107738494873,0.6600000262260437,418.5199890136719
EleutherAI/pythia-14m,50000,step50000,14067712,6,4,18,3,2,0.00034129631239920855,0.6600000262260437,418.5199890136719
EleutherAI/pythia-14m,50000,step50000,14067712,6,4,18,3,3,0.933137059211731,0.6600000262260437,418.5199890136719
EleutherAI/pythia-14m,50000,step50000,14067712,6,4,18,4,0,0.0665542334318161,0.6600000262260437,418.5199890136719
EleutherAI/pythia-14m,50000,step50000,14067712,6,4,18,4,1,0.02472272329032421,0.6600000262260437,418.5199890136719
EleutherAI/pythia-14m,50000,step50000,14067712,6,4,18,4,2,0.0755053386092186,0.6600000262260437,418.5199890136719
EleutherAI/pythia-14m,50000,step50000,14067712,6,4,18,4,3,0.005485077388584614,0.6600000262260437,418.5199890136719
EleutherAI/pythia-14m,50000,step50000,14067712,6,4,18,5,0,0.0025443406775593758,0.6600000262260437,418.5199890136719
EleutherAI/pythia-14m,50000,step50000,14067712,6,4,18,5,1,0.005527136847376823,0.6600000262260437,418.5199890136719
EleutherAI/pythia-14m,50000,step50000,14067712,6,4,18,5,2,0.012483255006372929,0.6600000262260437,418.5199890136719
EleutherAI/pythia-14m,50000,step50000,14067712,6,4,18,5,3,0.04355891793966293,0.6600000262260437,418.5199890136719
EleutherAI/pythia-14m,50000,step50000,14067712,6,4,19,0,0,0.005605835933238268,0.7200000286102295,2314.760009765625
EleutherAI/pythia-14m,50000,step50000,14067712,6,4,19,0,1,0.00862986408174038,0.7200000286102295,2314.760009765625
EleutherAI/pythia-14m,50000,step50000,14067712,6,4,19,0,2,0.0025855540297925472,0.7200000286102295,2314.760009765625
EleutherAI/pythia-14m,50000,step50000,14067712,6,4,19,0,3,0.0030145179480314255,0.7200000286102295,2314.760009765625
EleutherAI/pythia-14m,50000,step50000,14067712,6,4,19,1,0,7.395684860966867e-06,0.7200000286102295,2314.760009765625
EleutherAI/pythia-14m,50000,step50000,14067712,6,4,19,1,1,0.006442058831453323,0.7200000286102295,2314.760009765625
EleutherAI/pythia-14m,50000,step50000,14067712,6,4,19,1,2,0.00014133351214695722,0.7200000286102295,2314.760009765625
EleutherAI/pythia-14m,50000,step50000,14067712,6,4,19,1,3,0.0029785167425870895,0.7200000286102295,2314.760009765625
EleutherAI/pythia-14m,50000,step50000,14067712,6,4,19,2,0,0.002429581480100751,0.7200000286102295,2314.760009765625
EleutherAI/pythia-14m,50000,step50000,14067712,6,4,19,2,1,2.6657389184947533e-07,0.7200000286102295,2314.760009765625
EleutherAI/pythia-14m,50000,step50000,14067712,6,4,19,2,2,3.929566768550233e-14,0.7200000286102295,2314.760009765625
EleutherAI/pythia-14m,50000,step50000,14067712,6,4,19,2,3,0.009685861878097057,0.7200000286102295,2314.760009765625
EleutherAI/pythia-14m,50000,step50000,14067712,6,4,19,3,0,0.021278880536556244,0.7200000286102295,2314.760009765625
EleutherAI/pythia-14m,50000,step50000,14067712,6,4,19,3,1,0.8724102973937988,0.7200000286102295,2314.760009765625
EleutherAI/pythia-14m,50000,step50000,14067712,6,4,19,3,2,0.0003101301263086498,0.7200000286102295,2314.760009765625
EleutherAI/pythia-14m,50000,step50000,14067712,6,4,19,3,3,0.8873745799064636,0.7200000286102295,2314.760009765625
EleutherAI/pythia-14m,50000,step50000,14067712,6,4,19,4,0,0.12117000669240952,0.7200000286102295,2314.760009765625
EleutherAI/pythia-14m,50000,step50000,14067712,6,4,19,4,1,0.02580816112458706,0.7200000286102295,2314.760009765625
EleutherAI/pythia-14m,50000,step50000,14067712,6,4,19,4,2,0.12700682878494263,0.7200000286102295,2314.760009765625
EleutherAI/pythia-14m,50000,step50000,14067712,6,4,19,4,3,0.012856019660830498,0.7200000286102295,2314.760009765625
EleutherAI/pythia-14m,50000,step50000,14067712,6,4,19,5,0,0.0028560617938637733,0.7200000286102295,2314.760009765625
EleutherAI/pythia-14m,50000,step50000,14067712,6,4,19,5,1,0.0155123146250844,0.7200000286102295,2314.760009765625
EleutherAI/pythia-14m,50000,step50000,14067712,6,4,19,5,2,0.0190920140594244,0.7200000286102295,2314.760009765625
EleutherAI/pythia-14m,50000,step50000,14067712,6,4,19,5,3,0.041074708104133606,0.7200000286102295,2314.760009765625
EleutherAI/pythia-14m,50000,step50000,14067712,6,4,20,0,0,0.004261677153408527,0.6000000238418579,1185.6199951171875
EleutherAI/pythia-14m,50000,step50000,14067712,6,4,20,0,1,0.009829572401940823,0.6000000238418579,1185.6199951171875
EleutherAI/pythia-14m,50000,step50000,14067712,6,4,20,0,2,0.010242462158203125,0.6000000238418579,1185.6199951171875
EleutherAI/pythia-14m,50000,step50000,14067712,6,4,20,0,3,0.0012707142159342766,0.6000000238418579,1185.6199951171875
EleutherAI/pythia-14m,50000,step50000,14067712,6,4,20,1,0,9.719712579681072e-06,0.6000000238418579,1185.6199951171875
EleutherAI/pythia-14m,50000,step50000,14067712,6,4,20,1,1,0.008240249939262867,0.6000000238418579,1185.6199951171875
EleutherAI/pythia-14m,50000,step50000,14067712,6,4,20,1,2,0.0003583236539270729,0.6000000238418579,1185.6199951171875
EleutherAI/pythia-14m,50000,step50000,14067712,6,4,20,1,3,0.008334940299391747,0.6000000238418579,1185.6199951171875
EleutherAI/pythia-14m,50000,step50000,14067712,6,4,20,2,0,0.006511036306619644,0.6000000238418579,1185.6199951171875
EleutherAI/pythia-14m,50000,step50000,14067712,6,4,20,2,1,1.4701066675115726e-07,0.6000000238418579,1185.6199951171875
EleutherAI/pythia-14m,50000,step50000,14067712,6,4,20,2,2,1.3092451046372265e-14,0.6000000238418579,1185.6199951171875
EleutherAI/pythia-14m,50000,step50000,14067712,6,4,20,2,3,0.012493790127336979,0.6000000238418579,1185.6199951171875
EleutherAI/pythia-14m,50000,step50000,14067712,6,4,20,3,0,0.025438502430915833,0.6000000238418579,1185.6199951171875
EleutherAI/pythia-14m,50000,step50000,14067712,6,4,20,3,1,0.8841301202774048,0.6000000238418579,1185.6199951171875
EleutherAI/pythia-14m,50000,step50000,14067712,6,4,20,3,2,0.0006656084442511201,0.6000000238418579,1185.6199951171875
EleutherAI/pythia-14m,50000,step50000,14067712,6,4,20,3,3,0.891804039478302,0.6000000238418579,1185.6199951171875
EleutherAI/pythia-14m,50000,step50000,14067712,6,4,20,4,0,0.09900365024805069,0.6000000238418579,1185.6199951171875
EleutherAI/pythia-14m,50000,step50000,14067712,6,4,20,4,1,0.028020963072776794,0.6000000238418579,1185.6199951171875
EleutherAI/pythia-14m,50000,step50000,14067712,6,4,20,4,2,0.09584303945302963,0.6000000238418579,1185.6199951171875
EleutherAI/pythia-14m,50000,step50000,14067712,6,4,20,4,3,0.010322215966880322,0.6000000238418579,1185.6199951171875
EleutherAI/pythia-14m,50000,step50000,14067712,6,4,20,5,0,0.004027174785733223,0.6000000238418579,1185.6199951171875
EleutherAI/pythia-14m,50000,step50000,14067712,6,4,20,5,1,0.014859277755022049,0.6000000238418579,1185.6199951171875
EleutherAI/pythia-14m,50000,step50000,14067712,6,4,20,5,2,0.022202378138899803,0.6000000238418579,1185.6199951171875
EleutherAI/pythia-14m,50000,step50000,14067712,6,4,20,5,3,0.04344145953655243,0.6000000238418579,1185.6199951171875
EleutherAI/pythia-14m,50000,step50000,14067712,6,4,21,0,0,0.004192536696791649,0.5799999833106995,2400.60009765625
EleutherAI/pythia-14m,50000,step50000,14067712,6,4,21,0,1,0.009119036607444286,0.5799999833106995,2400.60009765625
EleutherAI/pythia-14m,50000,step50000,14067712,6,4,21,0,2,0.00988026149570942,0.5799999833106995,2400.60009765625
EleutherAI/pythia-14m,50000,step50000,14067712,6,4,21,0,3,0.0008097040699794888,0.5799999833106995,2400.60009765625
EleutherAI/pythia-14m,50000,step50000,14067712,6,4,21,1,0,1.8242475562146865e-05,0.5799999833106995,2400.60009765625
EleutherAI/pythia-14m,50000,step50000,14067712,6,4,21,1,1,0.0069992421194911,0.5799999833106995,2400.60009765625
EleutherAI/pythia-14m,50000,step50000,14067712,6,4,21,1,2,0.0005634021945297718,0.5799999833106995,2400.60009765625
EleutherAI/pythia-14m,50000,step50000,14067712,6,4,21,1,3,0.004483075812458992,0.5799999833106995,2400.60009765625
EleutherAI/pythia-14m,50000,step50000,14067712,6,4,21,2,0,0.0035698956344276667,0.5799999833106995,2400.60009765625
EleutherAI/pythia-14m,50000,step50000,14067712,6,4,21,2,1,2.8706699239933187e-08,0.5799999833106995,2400.60009765625
EleutherAI/pythia-14m,50000,step50000,14067712,6,4,21,2,2,2.117248425396296e-15,0.5799999833106995,2400.60009765625
EleutherAI/pythia-14m,50000,step50000,14067712,6,4,21,2,3,0.012827534228563309,0.5799999833106995,2400.60009765625
EleutherAI/pythia-14m,50000,step50000,14067712,6,4,21,3,0,0.022479696199297905,0.5799999833106995,2400.60009765625
EleutherAI/pythia-14m,50000,step50000,14067712,6,4,21,3,1,0.846397876739502,0.5799999833106995,2400.60009765625
EleutherAI/pythia-14m,50000,step50000,14067712,6,4,21,3,2,0.0006152877467684448,0.5799999833106995,2400.60009765625
EleutherAI/pythia-14m,50000,step50000,14067712,6,4,21,3,3,0.8652461171150208,0.5799999833106995,2400.60009765625
EleutherAI/pythia-14m,50000,step50000,14067712,6,4,21,4,0,0.05688679590821266,0.5799999833106995,2400.60009765625
EleutherAI/pythia-14m,50000,step50000,14067712,6,4,21,4,1,0.02082635648548603,0.5799999833106995,2400.60009765625
EleutherAI/pythia-14m,50000,step50000,14067712,6,4,21,4,2,0.06156744807958603,0.5799999833106995,2400.60009765625
EleutherAI/pythia-14m,50000,step50000,14067712,6,4,21,4,3,0.007705016527324915,0.5799999833106995,2400.60009765625
EleutherAI/pythia-14m,50000,step50000,14067712,6,4,21,5,0,0.0022919808980077505,0.5799999833106995,2400.60009765625
EleutherAI/pythia-14m,50000,step50000,14067712,6,4,21,5,1,0.008348136208951473,0.5799999833106995,2400.60009765625
EleutherAI/pythia-14m,50000,step50000,14067712,6,4,21,5,2,0.013899249024689198,0.5799999833106995,2400.60009765625
EleutherAI/pythia-14m,50000,step50000,14067712,6,4,21,5,3,0.03800366818904877,0.5799999833106995,2400.60009765625
EleutherAI/pythia-14m,50000,step50000,14067712,6,4,22,0,0,0.0037846022751182318,0.699999988079071,1172.8599853515625
EleutherAI/pythia-14m,50000,step50000,14067712,6,4,22,0,1,0.009600351564586163,0.699999988079071,1172.8599853515625
EleutherAI/pythia-14m,50000,step50000,14067712,6,4,22,0,2,0.01391952857375145,0.699999988079071,1172.8599853515625
EleutherAI/pythia-14m,50000,step50000,14067712,6,4,22,0,3,0.00044098973739892244,0.699999988079071,1172.8599853515625
EleutherAI/pythia-14m,50000,step50000,14067712,6,4,22,1,0,2.7163916456629522e-05,0.699999988079071,1172.8599853515625
EleutherAI/pythia-14m,50000,step50000,14067712,6,4,22,1,1,0.007608772721141577,0.699999988079071,1172.8599853515625
EleutherAI/pythia-14m,50000,step50000,14067712,6,4,22,1,2,0.0005858961958438158,0.699999988079071,1172.8599853515625
EleutherAI/pythia-14m,50000,step50000,14067712,6,4,22,1,3,0.005164570640772581,0.699999988079071,1172.8599853515625
EleutherAI/pythia-14m,50000,step50000,14067712,6,4,22,2,0,0.004337857011705637,0.699999988079071,1172.8599853515625
EleutherAI/pythia-14m,50000,step50000,14067712,6,4,22,2,1,1.858322491443687e-07,0.699999988079071,1172.8599853515625
EleutherAI/pythia-14m,50000,step50000,14067712,6,4,22,2,2,5.086104606054354e-13,0.699999988079071,1172.8599853515625
EleutherAI/pythia-14m,50000,step50000,14067712,6,4,22,2,3,0.010242399759590626,0.699999988079071,1172.8599853515625
EleutherAI/pythia-14m,50000,step50000,14067712,6,4,22,3,0,0.020520390942692757,0.699999988079071,1172.8599853515625
EleutherAI/pythia-14m,50000,step50000,14067712,6,4,22,3,1,0.890720009803772,0.699999988079071,1172.8599853515625
EleutherAI/pythia-14m,50000,step50000,14067712,6,4,22,3,2,0.0004437524767126888,0.699999988079071,1172.8599853515625
EleutherAI/pythia-14m,50000,step50000,14067712,6,4,22,3,3,0.9121212959289551,0.699999988079071,1172.8599853515625
EleutherAI/pythia-14m,50000,step50000,14067712,6,4,22,4,0,0.07925239205360413,0.699999988079071,1172.8599853515625
EleutherAI/pythia-14m,50000,step50000,14067712,6,4,22,4,1,0.020187148824334145,0.699999988079071,1172.8599853515625
EleutherAI/pythia-14m,50000,step50000,14067712,6,4,22,4,2,0.10673965513706207,0.699999988079071,1172.8599853515625
EleutherAI/pythia-14m,50000,step50000,14067712,6,4,22,4,3,0.008335947059094906,0.699999988079071,1172.8599853515625
EleutherAI/pythia-14m,50000,step50000,14067712,6,4,22,5,0,0.0019047973910346627,0.699999988079071,1172.8599853515625
EleutherAI/pythia-14m,50000,step50000,14067712,6,4,22,5,1,0.010470697656273842,0.699999988079071,1172.8599853515625
EleutherAI/pythia-14m,50000,step50000,14067712,6,4,22,5,2,0.01615075394511223,0.699999988079071,1172.8599853515625
EleutherAI/pythia-14m,50000,step50000,14067712,6,4,22,5,3,0.03728161007165909,0.699999988079071,1172.8599853515625
EleutherAI/pythia-14m,50000,step50000,14067712,6,4,23,0,0,0.004698304925113916,0.5400000214576721,1985.9599609375
EleutherAI/pythia-14m,50000,step50000,14067712,6,4,23,0,1,0.01009360235184431,0.5400000214576721,1985.9599609375
EleutherAI/pythia-14m,50000,step50000,14067712,6,4,23,0,2,0.005818547215312719,0.5400000214576721,1985.9599609375
EleutherAI/pythia-14m,50000,step50000,14067712,6,4,23,0,3,0.0003187276888638735,0.5400000214576721,1985.9599609375
EleutherAI/pythia-14m,50000,step50000,14067712,6,4,23,1,0,0.00015930876543279737,0.5400000214576721,1985.9599609375
EleutherAI/pythia-14m,50000,step50000,14067712,6,4,23,1,1,0.008469593711197376,0.5400000214576721,1985.9599609375
EleutherAI/pythia-14m,50000,step50000,14067712,6,4,23,1,2,0.001138425199314952,0.5400000214576721,1985.9599609375
EleutherAI/pythia-14m,50000,step50000,14067712,6,4,23,1,3,0.005030783824622631,0.5400000214576721,1985.9599609375
EleutherAI/pythia-14m,50000,step50000,14067712,6,4,23,2,0,0.00373973255045712,0.5400000214576721,1985.9599609375
EleutherAI/pythia-14m,50000,step50000,14067712,6,4,23,2,1,2.334804065640128e-07,0.5400000214576721,1985.9599609375
EleutherAI/pythia-14m,50000,step50000,14067712,6,4,23,2,2,1.4134158211168732e-15,0.5400000214576721,1985.9599609375
EleutherAI/pythia-14m,50000,step50000,14067712,6,4,23,2,3,0.008702518418431282,0.5400000214576721,1985.9599609375
EleutherAI/pythia-14m,50000,step50000,14067712,6,4,23,3,0,0.021405968815088272,0.5400000214576721,1985.9599609375
EleutherAI/pythia-14m,50000,step50000,14067712,6,4,23,3,1,0.8125719428062439,0.5400000214576721,1985.9599609375
EleutherAI/pythia-14m,50000,step50000,14067712,6,4,23,3,2,0.0004373628762550652,0.5400000214576721,1985.9599609375
EleutherAI/pythia-14m,50000,step50000,14067712,6,4,23,3,3,0.8313691020011902,0.5400000214576721,1985.9599609375
EleutherAI/pythia-14m,50000,step50000,14067712,6,4,23,4,0,0.05149061232805252,0.5400000214576721,1985.9599609375
EleutherAI/pythia-14m,50000,step50000,14067712,6,4,23,4,1,0.022663278505206108,0.5400000214576721,1985.9599609375
EleutherAI/pythia-14m,50000,step50000,14067712,6,4,23,4,2,0.07608146965503693,0.5400000214576721,1985.9599609375
EleutherAI/pythia-14m,50000,step50000,14067712,6,4,23,4,3,0.0045403954572975636,0.5400000214576721,1985.9599609375
EleutherAI/pythia-14m,50000,step50000,14067712,6,4,23,5,0,0.002098199911415577,0.5400000214576721,1985.9599609375
EleutherAI/pythia-14m,50000,step50000,14067712,6,4,23,5,1,0.0077599030919373035,0.5400000214576721,1985.9599609375
EleutherAI/pythia-14m,50000,step50000,14067712,6,4,23,5,2,0.010582569055259228,0.5400000214576721,1985.9599609375
EleutherAI/pythia-14m,50000,step50000,14067712,6,4,23,5,3,0.02788909710943699,0.5400000214576721,1985.9599609375
EleutherAI/pythia-14m,50000,step50000,14067712,6,4,24,0,0,0.003109502140432596,0.699999988079071,748.760009765625
EleutherAI/pythia-14m,50000,step50000,14067712,6,4,24,0,1,0.010326969437301159,0.699999988079071,748.760009765625
EleutherAI/pythia-14m,50000,step50000,14067712,6,4,24,0,2,0.0030910992063581944,0.699999988079071,748.760009765625
EleutherAI/pythia-14m,50000,step50000,14067712,6,4,24,0,3,0.000483815063489601,0.699999988079071,748.760009765625
EleutherAI/pythia-14m,50000,step50000,14067712,6,4,24,1,0,1.4526193581332336e-06,0.699999988079071,748.760009765625
EleutherAI/pythia-14m,50000,step50000,14067712,6,4,24,1,1,0.005341787356883287,0.699999988079071,748.760009765625
EleutherAI/pythia-14m,50000,step50000,14067712,6,4,24,1,2,0.0001890016283141449,0.699999988079071,748.760009765625
EleutherAI/pythia-14m,50000,step50000,14067712,6,4,24,1,3,0.0029055059421807528,0.699999988079071,748.760009765625
EleutherAI/pythia-14m,50000,step50000,14067712,6,4,24,2,0,0.003207979490980506,0.699999988079071,748.760009765625
EleutherAI/pythia-14m,50000,step50000,14067712,6,4,24,2,1,3.57224982927562e-09,0.699999988079071,748.760009765625
EleutherAI/pythia-14m,50000,step50000,14067712,6,4,24,2,2,3.4844493877571455e-15,0.699999988079071,748.760009765625
EleutherAI/pythia-14m,50000,step50000,14067712,6,4,24,2,3,0.00858212262392044,0.699999988079071,748.760009765625
EleutherAI/pythia-14m,50000,step50000,14067712,6,4,24,3,0,0.025302305817604065,0.699999988079071,748.760009765625
EleutherAI/pythia-14m,50000,step50000,14067712,6,4,24,3,1,0.9172977209091187,0.699999988079071,748.760009765625
EleutherAI/pythia-14m,50000,step50000,14067712,6,4,24,3,2,0.00048447781591676176,0.699999988079071,748.760009765625
EleutherAI/pythia-14m,50000,step50000,14067712,6,4,24,3,3,0.9202480912208557,0.699999988079071,748.760009765625
EleutherAI/pythia-14m,50000,step50000,14067712,6,4,24,4,0,0.1626761108636856,0.699999988079071,748.760009765625
EleutherAI/pythia-14m,50000,step50000,14067712,6,4,24,4,1,0.032674066722393036,0.699999988079071,748.760009765625
EleutherAI/pythia-14m,50000,step50000,14067712,6,4,24,4,2,0.16016680002212524,0.699999988079071,748.760009765625
EleutherAI/pythia-14m,50000,step50000,14067712,6,4,24,4,3,0.017198938876390457,0.699999988079071,748.760009765625
EleutherAI/pythia-14m,50000,step50000,14067712,6,4,24,5,0,0.003313221735879779,0.699999988079071,748.760009765625
EleutherAI/pythia-14m,50000,step50000,14067712,6,4,24,5,1,0.011057083494961262,0.699999988079071,748.760009765625
EleutherAI/pythia-14m,50000,step50000,14067712,6,4,24,5,2,0.027670109644532204,0.699999988079071,748.760009765625
EleutherAI/pythia-14m,50000,step50000,14067712,6,4,24,5,3,0.058048635721206665,0.699999988079071,748.760009765625
EleutherAI/pythia-14m,50000,step50000,14067712,6,4,25,0,0,0.005148893687874079,0.6000000238418579,1308.5
EleutherAI/pythia-14m,50000,step50000,14067712,6,4,25,0,1,0.00809205137193203,0.6000000238418579,1308.5
EleutherAI/pythia-14m,50000,step50000,14067712,6,4,25,0,2,0.006398373749107122,0.6000000238418579,1308.5
EleutherAI/pythia-14m,50000,step50000,14067712,6,4,25,0,3,0.0007585799903608859,0.6000000238418579,1308.5
EleutherAI/pythia-14m,50000,step50000,14067712,6,4,25,1,0,2.283479625475593e-05,0.6000000238418579,1308.5
EleutherAI/pythia-14m,50000,step50000,14067712,6,4,25,1,1,0.010805639438331127,0.6000000238418579,1308.5
EleutherAI/pythia-14m,50000,step50000,14067712,6,4,25,1,2,0.0004357674333732575,0.6000000238418579,1308.5
EleutherAI/pythia-14m,50000,step50000,14067712,6,4,25,1,3,0.0051137907430529594,0.6000000238418579,1308.5
EleutherAI/pythia-14m,50000,step50000,14067712,6,4,25,2,0,0.003988080192357302,0.6000000238418579,1308.5
EleutherAI/pythia-14m,50000,step50000,14067712,6,4,25,2,1,4.445338674941013e-07,0.6000000238418579,1308.5
EleutherAI/pythia-14m,50000,step50000,14067712,6,4,25,2,2,1.759033829782774e-14,0.6000000238418579,1308.5
EleutherAI/pythia-14m,50000,step50000,14067712,6,4,25,2,3,0.00895484909415245,0.6000000238418579,1308.5
EleutherAI/pythia-14m,50000,step50000,14067712,6,4,25,3,0,0.018398219719529152,0.6000000238418579,1308.5
EleutherAI/pythia-14m,50000,step50000,14067712,6,4,25,3,1,0.8676719665527344,0.6000000238418579,1308.5
EleutherAI/pythia-14m,50000,step50000,14067712,6,4,25,3,2,0.0006098059820942581,0.6000000238418579,1308.5
EleutherAI/pythia-14m,50000,step50000,14067712,6,4,25,3,3,0.8899353742599487,0.6000000238418579,1308.5
EleutherAI/pythia-14m,50000,step50000,14067712,6,4,25,4,0,0.047966886311769485,0.6000000238418579,1308.5
EleutherAI/pythia-14m,50000,step50000,14067712,6,4,25,4,1,0.01669330708682537,0.6000000238418579,1308.5
EleutherAI/pythia-14m,50000,step50000,14067712,6,4,25,4,2,0.07848773151636124,0.6000000238418579,1308.5
EleutherAI/pythia-14m,50000,step50000,14067712,6,4,25,4,3,0.005588541738688946,0.6000000238418579,1308.5
EleutherAI/pythia-14m,50000,step50000,14067712,6,4,25,5,0,0.0019281374989077449,0.6000000238418579,1308.5
EleutherAI/pythia-14m,50000,step50000,14067712,6,4,25,5,1,0.007127807009965181,0.6000000238418579,1308.5
EleutherAI/pythia-14m,50000,step50000,14067712,6,4,25,5,2,0.010091695003211498,0.6000000238418579,1308.5
EleutherAI/pythia-14m,50000,step50000,14067712,6,4,25,5,3,0.0287019070237875,0.6000000238418579,1308.5
EleutherAI/pythia-14m,50000,step50000,14067712,6,4,26,0,0,0.0030292498413473368,0.5,3050.080078125
EleutherAI/pythia-14m,50000,step50000,14067712,6,4,26,0,1,0.008865827694535255,0.5,3050.080078125
EleutherAI/pythia-14m,50000,step50000,14067712,6,4,26,0,2,0.007139262743294239,0.5,3050.080078125
EleutherAI/pythia-14m,50000,step50000,14067712,6,4,26,0,3,0.0005634924164041877,0.5,3050.080078125
EleutherAI/pythia-14m,50000,step50000,14067712,6,4,26,1,0,6.858003325760365e-05,0.5,3050.080078125
EleutherAI/pythia-14m,50000,step50000,14067712,6,4,26,1,1,0.007646279409527779,0.5,3050.080078125
EleutherAI/pythia-14m,50000,step50000,14067712,6,4,26,1,2,0.0004321778833400458,0.5,3050.080078125
EleutherAI/pythia-14m,50000,step50000,14067712,6,4,26,1,3,0.006109415087848902,0.5,3050.080078125
EleutherAI/pythia-14m,50000,step50000,14067712,6,4,26,2,0,0.004370817448943853,0.5,3050.080078125
EleutherAI/pythia-14m,50000,step50000,14067712,6,4,26,2,1,1.0271232753211734e-07,0.5,3050.080078125
EleutherAI/pythia-14m,50000,step50000,14067712,6,4,26,2,2,2.676848746461201e-14,0.5,3050.080078125
EleutherAI/pythia-14m,50000,step50000,14067712,6,4,26,2,3,0.011498050764203072,0.5,3050.080078125
EleutherAI/pythia-14m,50000,step50000,14067712,6,4,26,3,0,0.022867431864142418,0.5,3050.080078125
EleutherAI/pythia-14m,50000,step50000,14067712,6,4,26,3,1,0.728839635848999,0.5,3050.080078125
EleutherAI/pythia-14m,50000,step50000,14067712,6,4,26,3,2,0.0004352363175712526,0.5,3050.080078125
EleutherAI/pythia-14m,50000,step50000,14067712,6,4,26,3,3,0.7497695684432983,0.5,3050.080078125
EleutherAI/pythia-14m,50000,step50000,14067712,6,4,26,4,0,0.038190290331840515,0.5,3050.080078125
EleutherAI/pythia-14m,50000,step50000,14067712,6,4,26,4,1,0.018361477181315422,0.5,3050.080078125
EleutherAI/pythia-14m,50000,step50000,14067712,6,4,26,4,2,0.04951227083802223,0.5,3050.080078125
EleutherAI/pythia-14m,50000,step50000,14067712,6,4,26,4,3,0.005084519274532795,0.5,3050.080078125
EleutherAI/pythia-14m,50000,step50000,14067712,6,4,26,5,0,0.0024011004716157913,0.5,3050.080078125
EleutherAI/pythia-14m,50000,step50000,14067712,6,4,26,5,1,0.009420561604201794,0.5,3050.080078125
EleutherAI/pythia-14m,50000,step50000,14067712,6,4,26,5,2,0.011357827112078667,0.5,3050.080078125
EleutherAI/pythia-14m,50000,step50000,14067712,6,4,26,5,3,0.029609987512230873,0.5,3050.080078125
EleutherAI/pythia-14m,50000,step50000,14067712,6,4,27,0,0,0.00416533462703228,0.7799999713897705,92.05999755859375
EleutherAI/pythia-14m,50000,step50000,14067712,6,4,27,0,1,0.010457693599164486,0.7799999713897705,92.05999755859375
EleutherAI/pythia-14m,50000,step50000,14067712,6,4,27,0,2,0.02227739244699478,0.7799999713897705,92.05999755859375
EleutherAI/pythia-14m,50000,step50000,14067712,6,4,27,0,3,0.000608118949458003,0.7799999713897705,92.05999755859375
EleutherAI/pythia-14m,50000,step50000,14067712,6,4,27,1,0,7.780079613439739e-06,0.7799999713897705,92.05999755859375
EleutherAI/pythia-14m,50000,step50000,14067712,6,4,27,1,1,0.0055341278202831745,0.7799999713897705,92.05999755859375
EleutherAI/pythia-14m,50000,step50000,14067712,6,4,27,1,2,0.0002580929431132972,0.7799999713897705,92.05999755859375
EleutherAI/pythia-14m,50000,step50000,14067712,6,4,27,1,3,0.004048785660415888,0.7799999713897705,92.05999755859375
EleutherAI/pythia-14m,50000,step50000,14067712,6,4,27,2,0,0.0032428745180368423,0.7799999713897705,92.05999755859375
EleutherAI/pythia-14m,50000,step50000,14067712,6,4,27,2,1,3.244733814966594e-09,0.7799999713897705,92.05999755859375
EleutherAI/pythia-14m,50000,step50000,14067712,6,4,27,2,2,2.315791677683283e-15,0.7799999713897705,92.05999755859375
EleutherAI/pythia-14m,50000,step50000,14067712,6,4,27,2,3,0.009665178135037422,0.7799999713897705,92.05999755859375
EleutherAI/pythia-14m,50000,step50000,14067712,6,4,27,3,0,0.021669309586286545,0.7799999713897705,92.05999755859375
EleutherAI/pythia-14m,50000,step50000,14067712,6,4,27,3,1,0.9736412763595581,0.7799999713897705,92.05999755859375
EleutherAI/pythia-14m,50000,step50000,14067712,6,4,27,3,2,0.0003309775493107736,0.7799999713897705,92.05999755859375
EleutherAI/pythia-14m,50000,step50000,14067712,6,4,27,3,3,0.9827222228050232,0.7799999713897705,92.05999755859375
EleutherAI/pythia-14m,50000,step50000,14067712,6,4,27,4,0,0.12711362540721893,0.7799999713897705,92.05999755859375
EleutherAI/pythia-14m,50000,step50000,14067712,6,4,27,4,1,0.028838474303483963,0.7799999713897705,92.05999755859375
EleutherAI/pythia-14m,50000,step50000,14067712,6,4,27,4,2,0.14631879329681396,0.7799999713897705,92.05999755859375
EleutherAI/pythia-14m,50000,step50000,14067712,6,4,27,4,3,0.01664392091333866,0.7799999713897705,92.05999755859375
EleutherAI/pythia-14m,50000,step50000,14067712,6,4,27,5,0,0.001665959833189845,0.7799999713897705,92.05999755859375
EleutherAI/pythia-14m,50000,step50000,14067712,6,4,27,5,1,0.010419263504445553,0.7799999713897705,92.05999755859375
EleutherAI/pythia-14m,50000,step50000,14067712,6,4,27,5,2,0.025709353387355804,0.7799999713897705,92.05999755859375
EleutherAI/pythia-14m,50000,step50000,14067712,6,4,27,5,3,0.05138928443193436,0.7799999713897705,92.05999755859375
EleutherAI/pythia-14m,50000,step50000,14067712,6,4,28,0,0,0.003122657537460327,0.6800000071525574,916.2000122070312
EleutherAI/pythia-14m,50000,step50000,14067712,6,4,28,0,1,0.011079504154622555,0.6800000071525574,916.2000122070312
EleutherAI/pythia-14m,50000,step50000,14067712,6,4,28,0,2,0.018723517656326294,0.6800000071525574,916.2000122070312
EleutherAI/pythia-14m,50000,step50000,14067712,6,4,28,0,3,0.000939480378292501,0.6800000071525574,916.2000122070312
EleutherAI/pythia-14m,50000,step50000,14067712,6,4,28,1,0,7.418356835842133e-05,0.6800000071525574,916.2000122070312
EleutherAI/pythia-14m,50000,step50000,14067712,6,4,28,1,1,0.0066444468684494495,0.6800000071525574,916.2000122070312
EleutherAI/pythia-14m,50000,step50000,14067712,6,4,28,1,2,0.00022861655452288687,0.6800000071525574,916.2000122070312
EleutherAI/pythia-14m,50000,step50000,14067712,6,4,28,1,3,0.004369952250272036,0.6800000071525574,916.2000122070312
EleutherAI/pythia-14m,50000,step50000,14067712,6,4,28,2,0,0.0037152147851884365,0.6800000071525574,916.2000122070312
EleutherAI/pythia-14m,50000,step50000,14067712,6,4,28,2,1,2.249343395988035e-07,0.6800000071525574,916.2000122070312
EleutherAI/pythia-14m,50000,step50000,14067712,6,4,28,2,2,1.3676634694551049e-12,0.6800000071525574,916.2000122070312
EleutherAI/pythia-14m,50000,step50000,14067712,6,4,28,2,3,0.009391683153808117,0.6800000071525574,916.2000122070312
EleutherAI/pythia-14m,50000,step50000,14067712,6,4,28,3,0,0.017454003915190697,0.6800000071525574,916.2000122070312
EleutherAI/pythia-14m,50000,step50000,14067712,6,4,28,3,1,0.880500078201294,0.6800000071525574,916.2000122070312
EleutherAI/pythia-14m,50000,step50000,14067712,6,4,28,3,2,0.0002445724094286561,0.6800000071525574,916.2000122070312
EleutherAI/pythia-14m,50000,step50000,14067712,6,4,28,3,3,0.8916069269180298,0.6800000071525574,916.2000122070312
EleutherAI/pythia-14m,50000,step50000,14067712,6,4,28,4,0,0.06344787776470184,0.6800000071525574,916.2000122070312
EleutherAI/pythia-14m,50000,step50000,14067712,6,4,28,4,1,0.023172549903392792,0.6800000071525574,916.2000122070312
EleutherAI/pythia-14m,50000,step50000,14067712,6,4,28,4,2,0.10202012211084366,0.6800000071525574,916.2000122070312
EleutherAI/pythia-14m,50000,step50000,14067712,6,4,28,4,3,0.004896234720945358,0.6800000071525574,916.2000122070312
EleutherAI/pythia-14m,50000,step50000,14067712,6,4,28,5,0,0.001625864184461534,0.6800000071525574,916.2000122070312
EleutherAI/pythia-14m,50000,step50000,14067712,6,4,28,5,1,0.008152296766638756,0.6800000071525574,916.2000122070312
EleutherAI/pythia-14m,50000,step50000,14067712,6,4,28,5,2,0.014120150357484818,0.6800000071525574,916.2000122070312
EleutherAI/pythia-14m,50000,step50000,14067712,6,4,28,5,3,0.03243119642138481,0.6800000071525574,916.2000122070312
EleutherAI/pythia-14m,50000,step50000,14067712,6,4,29,0,0,0.006293959449976683,0.41999998688697815,3491.260009765625
EleutherAI/pythia-14m,50000,step50000,14067712,6,4,29,0,1,0.009485110640525818,0.41999998688697815,3491.260009765625
EleutherAI/pythia-14m,50000,step50000,14067712,6,4,29,0,2,0.02356611005961895,0.41999998688697815,3491.260009765625
EleutherAI/pythia-14m,50000,step50000,14067712,6,4,29,0,3,0.0021619393955916166,0.41999998688697815,3491.260009765625
EleutherAI/pythia-14m,50000,step50000,14067712,6,4,29,1,0,0.00020525364379864186,0.41999998688697815,3491.260009765625
EleutherAI/pythia-14m,50000,step50000,14067712,6,4,29,1,1,0.010768525302410126,0.41999998688697815,3491.260009765625
EleutherAI/pythia-14m,50000,step50000,14067712,6,4,29,1,2,0.0006294112536124885,0.41999998688697815,3491.260009765625
EleutherAI/pythia-14m,50000,step50000,14067712,6,4,29,1,3,0.0078663919121027,0.41999998688697815,3491.260009765625
EleutherAI/pythia-14m,50000,step50000,14067712,6,4,29,2,0,0.004607466980814934,0.41999998688697815,3491.260009765625
EleutherAI/pythia-14m,50000,step50000,14067712,6,4,29,2,1,2.495008573077939e-07,0.41999998688697815,3491.260009765625
EleutherAI/pythia-14m,50000,step50000,14067712,6,4,29,2,2,2.6747647065977764e-14,0.41999998688697815,3491.260009765625
EleutherAI/pythia-14m,50000,step50000,14067712,6,4,29,2,3,0.010400306433439255,0.41999998688697815,3491.260009765625
EleutherAI/pythia-14m,50000,step50000,14067712,6,4,29,3,0,0.01708304136991501,0.41999998688697815,3491.260009765625
EleutherAI/pythia-14m,50000,step50000,14067712,6,4,29,3,1,0.7876989841461182,0.41999998688697815,3491.260009765625
EleutherAI/pythia-14m,50000,step50000,14067712,6,4,29,3,2,0.00046489297528751194,0.41999998688697815,3491.260009765625
EleutherAI/pythia-14m,50000,step50000,14067712,6,4,29,3,3,0.8102333545684814,0.41999998688697815,3491.260009765625
EleutherAI/pythia-14m,50000,step50000,14067712,6,4,29,4,0,0.06926094740629196,0.41999998688697815,3491.260009765625
EleutherAI/pythia-14m,50000,step50000,14067712,6,4,29,4,1,0.023347673937678337,0.41999998688697815,3491.260009765625
EleutherAI/pythia-14m,50000,step50000,14067712,6,4,29,4,2,0.08719795197248459,0.41999998688697815,3491.260009765625
EleutherAI/pythia-14m,50000,step50000,14067712,6,4,29,4,3,0.00496283546090126,0.41999998688697815,3491.260009765625
EleutherAI/pythia-14m,50000,step50000,14067712,6,4,29,5,0,0.0023532863706350327,0.41999998688697815,3491.260009765625
EleutherAI/pythia-14m,50000,step50000,14067712,6,4,29,5,1,0.0074082957580685616,0.41999998688697815,3491.260009765625
EleutherAI/pythia-14m,50000,step50000,14067712,6,4,29,5,2,0.009489556774497032,0.41999998688697815,3491.260009765625
EleutherAI/pythia-14m,50000,step50000,14067712,6,4,29,5,3,0.029911313205957413,0.41999998688697815,3491.260009765625
EleutherAI/pythia-14m,50000,step50000,14067712,6,4,30,0,0,0.004004302434623241,0.7599999904632568,823.0999755859375
EleutherAI/pythia-14m,50000,step50000,14067712,6,4,30,0,1,0.009132420644164085,0.7599999904632568,823.0999755859375
EleutherAI/pythia-14m,50000,step50000,14067712,6,4,30,0,2,0.016338162124156952,0.7599999904632568,823.0999755859375
EleutherAI/pythia-14m,50000,step50000,14067712,6,4,30,0,3,0.0034014061093330383,0.7599999904632568,823.0999755859375
EleutherAI/pythia-14m,50000,step50000,14067712,6,4,30,1,0,1.0324271897843573e-05,0.7599999904632568,823.0999755859375
EleutherAI/pythia-14m,50000,step50000,14067712,6,4,30,1,1,0.00717591866850853,0.7599999904632568,823.0999755859375
EleutherAI/pythia-14m,50000,step50000,14067712,6,4,30,1,2,0.00021103053586557508,0.7599999904632568,823.0999755859375
EleutherAI/pythia-14m,50000,step50000,14067712,6,4,30,1,3,0.0029571405611932278,0.7599999904632568,823.0999755859375
EleutherAI/pythia-14m,50000,step50000,14067712,6,4,30,2,0,0.003843671875074506,0.7599999904632568,823.0999755859375
EleutherAI/pythia-14m,50000,step50000,14067712,6,4,30,2,1,2.0931070210394864e-08,0.7599999904632568,823.0999755859375
EleutherAI/pythia-14m,50000,step50000,14067712,6,4,30,2,2,3.5433827638535476e-15,0.7599999904632568,823.0999755859375
EleutherAI/pythia-14m,50000,step50000,14067712,6,4,30,2,3,0.0085857342928648,0.7599999904632568,823.0999755859375
EleutherAI/pythia-14m,50000,step50000,14067712,6,4,30,3,0,0.02121211774647236,0.7599999904632568,823.0999755859375
EleutherAI/pythia-14m,50000,step50000,14067712,6,4,30,3,1,0.9190772771835327,0.7599999904632568,823.0999755859375
EleutherAI/pythia-14m,50000,step50000,14067712,6,4,30,3,2,0.0002641292230691761,0.7599999904632568,823.0999755859375
EleutherAI/pythia-14m,50000,step50000,14067712,6,4,30,3,3,0.929230272769928,0.7599999904632568,823.0999755859375
EleutherAI/pythia-14m,50000,step50000,14067712,6,4,30,4,0,0.10307258367538452,0.7599999904632568,823.0999755859375
EleutherAI/pythia-14m,50000,step50000,14067712,6,4,30,4,1,0.02284691296517849,0.7599999904632568,823.0999755859375
EleutherAI/pythia-14m,50000,step50000,14067712,6,4,30,4,2,0.13622350990772247,0.7599999904632568,823.0999755859375
EleutherAI/pythia-14m,50000,step50000,14067712,6,4,30,4,3,0.015379517339169979,0.7599999904632568,823.0999755859375
EleutherAI/pythia-14m,50000,step50000,14067712,6,4,30,5,0,0.003148696618154645,0.7599999904632568,823.0999755859375
EleutherAI/pythia-14m,50000,step50000,14067712,6,4,30,5,1,0.012169093824923038,0.7599999904632568,823.0999755859375
EleutherAI/pythia-14m,50000,step50000,14067712,6,4,30,5,2,0.028776682913303375,0.7599999904632568,823.0999755859375
EleutherAI/pythia-14m,50000,step50000,14067712,6,4,30,5,3,0.042992133647203445,0.7599999904632568,823.0999755859375
EleutherAI/pythia-14m,50000,step50000,14067712,6,4,31,0,0,0.0034140031784772873,0.8399999737739563,2.680000066757202
EleutherAI/pythia-14m,50000,step50000,14067712,6,4,31,0,1,0.011052362620830536,0.8399999737739563,2.680000066757202
EleutherAI/pythia-14m,50000,step50000,14067712,6,4,31,0,2,0.009060137905180454,0.8399999737739563,2.680000066757202
EleutherAI/pythia-14m,50000,step50000,14067712,6,4,31,0,3,0.00055409298511222,0.8399999737739563,2.680000066757202
EleutherAI/pythia-14m,50000,step50000,14067712,6,4,31,1,0,2.6077875645569293e-06,0.8399999737739563,2.680000066757202
EleutherAI/pythia-14m,50000,step50000,14067712,6,4,31,1,1,0.0037817745469510555,0.8399999737739563,2.680000066757202
EleutherAI/pythia-14m,50000,step50000,14067712,6,4,31,1,2,0.00023432643502019346,0.8399999737739563,2.680000066757202
EleutherAI/pythia-14m,50000,step50000,14067712,6,4,31,1,3,0.004790769889950752,0.8399999737739563,2.680000066757202
EleutherAI/pythia-14m,50000,step50000,14067712,6,4,31,2,0,0.004199864808470011,0.8399999737739563,2.680000066757202
EleutherAI/pythia-14m,50000,step50000,14067712,6,4,31,2,1,2.8084157221996975e-08,0.8399999737739563,2.680000066757202
EleutherAI/pythia-14m,50000,step50000,14067712,6,4,31,2,2,4.818586461373571e-14,0.8399999737739563,2.680000066757202
EleutherAI/pythia-14m,50000,step50000,14067712,6,4,31,2,3,0.008783570490777493,0.8399999737739563,2.680000066757202
EleutherAI/pythia-14m,50000,step50000,14067712,6,4,31,3,0,0.026329757645726204,0.8399999737739563,2.680000066757202
EleutherAI/pythia-14m,50000,step50000,14067712,6,4,31,3,1,0.9637324810028076,0.8399999737739563,2.680000066757202
EleutherAI/pythia-14m,50000,step50000,14067712,6,4,31,3,2,0.0005993324448354542,0.8399999737739563,2.680000066757202
EleutherAI/pythia-14m,50000,step50000,14067712,6,4,31,3,3,0.9697961211204529,0.8399999737739563,2.680000066757202
EleutherAI/pythia-14m,50000,step50000,14067712,6,4,31,4,0,0.1274736374616623,0.8399999737739563,2.680000066757202
EleutherAI/pythia-14m,50000,step50000,14067712,6,4,31,4,1,0.032136060297489166,0.8399999737739563,2.680000066757202
EleutherAI/pythia-14m,50000,step50000,14067712,6,4,31,4,2,0.14650049805641174,0.8399999737739563,2.680000066757202
EleutherAI/pythia-14m,50000,step50000,14067712,6,4,31,4,3,0.02039044350385666,0.8399999737739563,2.680000066757202
EleutherAI/pythia-14m,50000,step50000,14067712,6,4,31,5,0,0.006316195707768202,0.8399999737739563,2.680000066757202
EleutherAI/pythia-14m,50000,step50000,14067712,6,4,31,5,1,0.012821572832763195,0.8399999737739563,2.680000066757202
EleutherAI/pythia-14m,50000,step50000,14067712,6,4,31,5,2,0.016532819718122482,0.8399999737739563,2.680000066757202
EleutherAI/pythia-14m,50000,step50000,14067712,6,4,31,5,3,0.048468537628650665,0.8399999737739563,2.680000066757202
EleutherAI/pythia-14m,50000,step50000,14067712,6,4,32,0,0,0.004407189320772886,0.6600000262260437,1375.56005859375
EleutherAI/pythia-14m,50000,step50000,14067712,6,4,32,0,1,0.009794703684747219,0.6600000262260437,1375.56005859375
EleutherAI/pythia-14m,50000,step50000,14067712,6,4,32,0,2,0.013707843609154224,0.6600000262260437,1375.56005859375
EleutherAI/pythia-14m,50000,step50000,14067712,6,4,32,0,3,0.000534073100425303,0.6600000262260437,1375.56005859375
EleutherAI/pythia-14m,50000,step50000,14067712,6,4,32,1,0,1.5571489711874165e-05,0.6600000262260437,1375.56005859375
EleutherAI/pythia-14m,50000,step50000,14067712,6,4,32,1,1,0.004855994135141373,0.6600000262260437,1375.56005859375
EleutherAI/pythia-14m,50000,step50000,14067712,6,4,32,1,2,0.00021679027122445405,0.6600000262260437,1375.56005859375
EleutherAI/pythia-14m,50000,step50000,14067712,6,4,32,1,3,0.004353635478764772,0.6600000262260437,1375.56005859375
EleutherAI/pythia-14m,50000,step50000,14067712,6,4,32,2,0,0.004454502370208502,0.6600000262260437,1375.56005859375
EleutherAI/pythia-14m,50000,step50000,14067712,6,4,32,2,1,2.4370989670785548e-09,0.6600000262260437,1375.56005859375
EleutherAI/pythia-14m,50000,step50000,14067712,6,4,32,2,2,6.512593868257164e-16,0.6600000262260437,1375.56005859375
EleutherAI/pythia-14m,50000,step50000,14067712,6,4,32,2,3,0.010667395778000355,0.6600000262260437,1375.56005859375
EleutherAI/pythia-14m,50000,step50000,14067712,6,4,32,3,0,0.027008099481463432,0.6600000262260437,1375.56005859375
EleutherAI/pythia-14m,50000,step50000,14067712,6,4,32,3,1,0.9393469095230103,0.6600000262260437,1375.56005859375
EleutherAI/pythia-14m,50000,step50000,14067712,6,4,32,3,2,0.0003848833730444312,0.6600000262260437,1375.56005859375
EleutherAI/pythia-14m,50000,step50000,14067712,6,4,32,3,3,0.9386224150657654,0.6600000262260437,1375.56005859375
EleutherAI/pythia-14m,50000,step50000,14067712,6,4,32,4,0,0.10456937551498413,0.6600000262260437,1375.56005859375
EleutherAI/pythia-14m,50000,step50000,14067712,6,4,32,4,1,0.030879437923431396,0.6600000262260437,1375.56005859375
EleutherAI/pythia-14m,50000,step50000,14067712,6,4,32,4,2,0.12777620553970337,0.6600000262260437,1375.56005859375
EleutherAI/pythia-14m,50000,step50000,14067712,6,4,32,4,3,0.013571231625974178,0.6600000262260437,1375.56005859375
EleutherAI/pythia-14m,50000,step50000,14067712,6,4,32,5,0,0.0029933375772088766,0.6600000262260437,1375.56005859375
EleutherAI/pythia-14m,50000,step50000,14067712,6,4,32,5,1,0.013226675800979137,0.6600000262260437,1375.56005859375
EleutherAI/pythia-14m,50000,step50000,14067712,6,4,32,5,2,0.020165329799056053,0.6600000262260437,1375.56005859375
EleutherAI/pythia-14m,50000,step50000,14067712,6,4,32,5,3,0.04774155095219612,0.6600000262260437,1375.56005859375
EleutherAI/pythia-14m,50000,step50000,14067712,6,4,33,0,0,0.011789064854383469,0.47999998927116394,2590.659912109375
EleutherAI/pythia-14m,50000,step50000,14067712,6,4,33,0,1,0.010800505988299847,0.47999998927116394,2590.659912109375
EleutherAI/pythia-14m,50000,step50000,14067712,6,4,33,0,2,0.022242596372961998,0.47999998927116394,2590.659912109375
EleutherAI/pythia-14m,50000,step50000,14067712,6,4,33,0,3,0.00030685641104355454,0.47999998927116394,2590.659912109375
EleutherAI/pythia-14m,50000,step50000,14067712,6,4,33,1,0,0.00016754737589508295,0.47999998927116394,2590.659912109375
EleutherAI/pythia-14m,50000,step50000,14067712,6,4,33,1,1,0.007652957458049059,0.47999998927116394,2590.659912109375
EleutherAI/pythia-14m,50000,step50000,14067712,6,4,33,1,2,0.0003343106945976615,0.47999998927116394,2590.659912109375
EleutherAI/pythia-14m,50000,step50000,14067712,6,4,33,1,3,0.005895984824746847,0.47999998927116394,2590.659912109375
EleutherAI/pythia-14m,50000,step50000,14067712,6,4,33,2,0,0.003670970443636179,0.47999998927116394,2590.659912109375
EleutherAI/pythia-14m,50000,step50000,14067712,6,4,33,2,1,9.170512953460275e-07,0.47999998927116394,2590.659912109375
EleutherAI/pythia-14m,50000,step50000,14067712,6,4,33,2,2,1.865584769999984e-11,0.47999998927116394,2590.659912109375
EleutherAI/pythia-14m,50000,step50000,14067712,6,4,33,2,3,0.010653816163539886,0.47999998927116394,2590.659912109375
EleutherAI/pythia-14m,50000,step50000,14067712,6,4,33,3,0,0.0180517490953207,0.47999998927116394,2590.659912109375
EleutherAI/pythia-14m,50000,step50000,14067712,6,4,33,3,1,0.7640563249588013,0.47999998927116394,2590.659912109375
EleutherAI/pythia-14m,50000,step50000,14067712,6,4,33,3,2,0.00027629948453977704,0.47999998927116394,2590.659912109375
EleutherAI/pythia-14m,50000,step50000,14067712,6,4,33,3,3,0.7677925229072571,0.47999998927116394,2590.659912109375
EleutherAI/pythia-14m,50000,step50000,14067712,6,4,33,4,0,0.039534151554107666,0.47999998927116394,2590.659912109375
EleutherAI/pythia-14m,50000,step50000,14067712,6,4,33,4,1,0.015410120598971844,0.47999998927116394,2590.659912109375
EleutherAI/pythia-14m,50000,step50000,14067712,6,4,33,4,2,0.06993851810693741,0.47999998927116394,2590.659912109375
EleutherAI/pythia-14m,50000,step50000,14067712,6,4,33,4,3,0.006045990157872438,0.47999998927116394,2590.659912109375
EleutherAI/pythia-14m,50000,step50000,14067712,6,4,33,5,0,0.0013375991256907582,0.47999998927116394,2590.659912109375
EleutherAI/pythia-14m,50000,step50000,14067712,6,4,33,5,1,0.008512983098626137,0.47999998927116394,2590.659912109375
EleutherAI/pythia-14m,50000,step50000,14067712,6,4,33,5,2,0.014201351441442966,0.47999998927116394,2590.659912109375
EleutherAI/pythia-14m,50000,step50000,14067712,6,4,33,5,3,0.02656199224293232,0.47999998927116394,2590.659912109375
EleutherAI/pythia-14m,50000,step50000,14067712,6,4,34,0,0,0.005246809683740139,0.7799999713897705,758.1799926757812
EleutherAI/pythia-14m,50000,step50000,14067712,6,4,34,0,1,0.008806657046079636,0.7799999713897705,758.1799926757812
EleutherAI/pythia-14m,50000,step50000,14067712,6,4,34,0,2,0.02743510529398918,0.7799999713897705,758.1799926757812
EleutherAI/pythia-14m,50000,step50000,14067712,6,4,34,0,3,0.0013983844546601176,0.7799999713897705,758.1799926757812
EleutherAI/pythia-14m,50000,step50000,14067712,6,4,34,1,0,3.302064669696847e-06,0.7799999713897705,758.1799926757812
EleutherAI/pythia-14m,50000,step50000,14067712,6,4,34,1,1,0.00481572886928916,0.7799999713897705,758.1799926757812
EleutherAI/pythia-14m,50000,step50000,14067712,6,4,34,1,2,0.00026502818218432367,0.7799999713897705,758.1799926757812
EleutherAI/pythia-14m,50000,step50000,14067712,6,4,34,1,3,0.0037758289836347103,0.7799999713897705,758.1799926757812
EleutherAI/pythia-14m,50000,step50000,14067712,6,4,34,2,0,0.004504981450736523,0.7799999713897705,758.1799926757812
EleutherAI/pythia-14m,50000,step50000,14067712,6,4,34,2,1,1.025784786179429e-05,0.7799999713897705,758.1799926757812
EleutherAI/pythia-14m,50000,step50000,14067712,6,4,34,2,2,1.3298463858704614e-15,0.7799999713897705,758.1799926757812
EleutherAI/pythia-14m,50000,step50000,14067712,6,4,34,2,3,0.007156927604228258,0.7799999713897705,758.1799926757812
EleutherAI/pythia-14m,50000,step50000,14067712,6,4,34,3,0,0.012343510054051876,0.7799999713897705,758.1799926757812
EleutherAI/pythia-14m,50000,step50000,14067712,6,4,34,3,1,0.9443187713623047,0.7799999713897705,758.1799926757812
EleutherAI/pythia-14m,50000,step50000,14067712,6,4,34,3,2,0.0006230573053471744,0.7799999713897705,758.1799926757812
EleutherAI/pythia-14m,50000,step50000,14067712,6,4,34,3,3,0.9541222453117371,0.7799999713897705,758.1799926757812
EleutherAI/pythia-14m,50000,step50000,14067712,6,4,34,4,0,0.07466312497854233,0.7799999713897705,758.1799926757812
EleutherAI/pythia-14m,50000,step50000,14067712,6,4,34,4,1,0.030409855768084526,0.7799999713897705,758.1799926757812
EleutherAI/pythia-14m,50000,step50000,14067712,6,4,34,4,2,0.0799264907836914,0.7799999713897705,758.1799926757812
EleutherAI/pythia-14m,50000,step50000,14067712,6,4,34,4,3,0.004506085999310017,0.7799999713897705,758.1799926757812
EleutherAI/pythia-14m,50000,step50000,14067712,6,4,34,5,0,0.0013827106449753046,0.7799999713897705,758.1799926757812
EleutherAI/pythia-14m,50000,step50000,14067712,6,4,34,5,1,0.010424993000924587,0.7799999713897705,758.1799926757812
EleutherAI/pythia-14m,50000,step50000,14067712,6,4,34,5,2,0.014028958976268768,0.7799999713897705,758.1799926757812
EleutherAI/pythia-14m,50000,step50000,14067712,6,4,34,5,3,0.04059021174907684,0.7799999713897705,758.1799926757812
EleutherAI/pythia-14m,50000,step50000,14067712,6,4,35,0,0,0.0041504488326609135,0.6200000047683716,3039.719970703125
EleutherAI/pythia-14m,50000,step50000,14067712,6,4,35,0,1,0.007365535479038954,0.6200000047683716,3039.719970703125
EleutherAI/pythia-14m,50000,step50000,14067712,6,4,35,0,2,0.02013387903571129,0.6200000047683716,3039.719970703125
EleutherAI/pythia-14m,50000,step50000,14067712,6,4,35,0,3,0.0008130914648063481,0.6200000047683716,3039.719970703125
EleutherAI/pythia-14m,50000,step50000,14067712,6,4,35,1,0,1.439191782992566e-05,0.6200000047683716,3039.719970703125
EleutherAI/pythia-14m,50000,step50000,14067712,6,4,35,1,1,0.006523625459522009,0.6200000047683716,3039.719970703125
EleutherAI/pythia-14m,50000,step50000,14067712,6,4,35,1,2,8.374485332751647e-05,0.6200000047683716,3039.719970703125
EleutherAI/pythia-14m,50000,step50000,14067712,6,4,35,1,3,0.004104818217456341,0.6200000047683716,3039.719970703125
EleutherAI/pythia-14m,50000,step50000,14067712,6,4,35,2,0,0.00256248377263546,0.6200000047683716,3039.719970703125
EleutherAI/pythia-14m,50000,step50000,14067712,6,4,35,2,1,7.545840396971926e-09,0.6200000047683716,3039.719970703125
EleutherAI/pythia-14m,50000,step50000,14067712,6,4,35,2,2,5.43478277111693e-15,0.6200000047683716,3039.719970703125
EleutherAI/pythia-14m,50000,step50000,14067712,6,4,35,2,3,0.010360636748373508,0.6200000047683716,3039.719970703125
EleutherAI/pythia-14m,50000,step50000,14067712,6,4,35,3,0,0.019814826548099518,0.6200000047683716,3039.719970703125
EleutherAI/pythia-14m,50000,step50000,14067712,6,4,35,3,1,0.8381007313728333,0.6200000047683716,3039.719970703125
EleutherAI/pythia-14m,50000,step50000,14067712,6,4,35,3,2,0.0005032122717238963,0.6200000047683716,3039.719970703125
EleutherAI/pythia-14m,50000,step50000,14067712,6,4,35,3,3,0.8410516381263733,0.6200000047683716,3039.719970703125
EleutherAI/pythia-14m,50000,step50000,14067712,6,4,35,4,0,0.0616486556828022,0.6200000047683716,3039.719970703125
EleutherAI/pythia-14m,50000,step50000,14067712,6,4,35,4,1,0.021183796226978302,0.6200000047683716,3039.719970703125
EleutherAI/pythia-14m,50000,step50000,14067712,6,4,35,4,2,0.09326867759227753,0.6200000047683716,3039.719970703125
EleutherAI/pythia-14m,50000,step50000,14067712,6,4,35,4,3,0.0062871952541172504,0.6200000047683716,3039.719970703125
EleutherAI/pythia-14m,50000,step50000,14067712,6,4,35,5,0,0.001480408594943583,0.6200000047683716,3039.719970703125
EleutherAI/pythia-14m,50000,step50000,14067712,6,4,35,5,1,0.008856434375047684,0.6200000047683716,3039.719970703125
EleutherAI/pythia-14m,50000,step50000,14067712,6,4,35,5,2,0.01232102606445551,0.6200000047683716,3039.719970703125
EleutherAI/pythia-14m,50000,step50000,14067712,6,4,35,5,3,0.032497044652700424,0.6200000047683716,3039.719970703125
EleutherAI/pythia-14m,50000,step50000,14067712,6,4,36,0,0,0.005773510318249464,0.25999999046325684,5120.06005859375
EleutherAI/pythia-14m,50000,step50000,14067712,6,4,36,0,1,0.00962270051240921,0.25999999046325684,5120.06005859375
EleutherAI/pythia-14m,50000,step50000,14067712,6,4,36,0,2,0.025486983358860016,0.25999999046325684,5120.06005859375
EleutherAI/pythia-14m,50000,step50000,14067712,6,4,36,0,3,0.0031003097537904978,0.25999999046325684,5120.06005859375
EleutherAI/pythia-14m,50000,step50000,14067712,6,4,36,1,0,1.2523573786893394e-05,0.25999999046325684,5120.06005859375
EleutherAI/pythia-14m,50000,step50000,14067712,6,4,36,1,1,0.008967208676040173,0.25999999046325684,5120.06005859375
EleutherAI/pythia-14m,50000,step50000,14067712,6,4,36,1,2,0.0007016576710157096,0.25999999046325684,5120.06005859375
EleutherAI/pythia-14m,50000,step50000,14067712,6,4,36,1,3,0.005854515358805656,0.25999999046325684,5120.06005859375
EleutherAI/pythia-14m,50000,step50000,14067712,6,4,36,2,0,0.003394634462893009,0.25999999046325684,5120.06005859375
EleutherAI/pythia-14m,50000,step50000,14067712,6,4,36,2,1,1.490466388531786e-06,0.25999999046325684,5120.06005859375
EleutherAI/pythia-14m,50000,step50000,14067712,6,4,36,2,2,1.02112556691486e-12,0.25999999046325684,5120.06005859375
EleutherAI/pythia-14m,50000,step50000,14067712,6,4,36,2,3,0.008342411369085312,0.25999999046325684,5120.06005859375
EleutherAI/pythia-14m,50000,step50000,14067712,6,4,36,3,0,0.01412542350590229,0.25999999046325684,5120.06005859375
EleutherAI/pythia-14m,50000,step50000,14067712,6,4,36,3,1,0.6819645762443542,0.25999999046325684,5120.06005859375
EleutherAI/pythia-14m,50000,step50000,14067712,6,4,36,3,2,0.0004126891144551337,0.25999999046325684,5120.06005859375
EleutherAI/pythia-14m,50000,step50000,14067712,6,4,36,3,3,0.709739089012146,0.25999999046325684,5120.06005859375
EleutherAI/pythia-14m,50000,step50000,14067712,6,4,36,4,0,0.04044478386640549,0.25999999046325684,5120.06005859375
EleutherAI/pythia-14m,50000,step50000,14067712,6,4,36,4,1,0.013266732916235924,0.25999999046325684,5120.06005859375
EleutherAI/pythia-14m,50000,step50000,14067712,6,4,36,4,2,0.04779905825853348,0.25999999046325684,5120.06005859375
EleutherAI/pythia-14m,50000,step50000,14067712,6,4,36,4,3,0.002184562385082245,0.25999999046325684,5120.06005859375
EleutherAI/pythia-14m,50000,step50000,14067712,6,4,36,5,0,0.0011591319926083088,0.25999999046325684,5120.06005859375
EleutherAI/pythia-14m,50000,step50000,14067712,6,4,36,5,1,0.005712543614208698,0.25999999046325684,5120.06005859375
EleutherAI/pythia-14m,50000,step50000,14067712,6,4,36,5,2,0.0039788344874978065,0.25999999046325684,5120.06005859375
EleutherAI/pythia-14m,50000,step50000,14067712,6,4,36,5,3,0.02724754810333252,0.25999999046325684,5120.06005859375
EleutherAI/pythia-14m,50000,step50000,14067712,6,4,37,0,0,0.0028491602279245853,0.7599999904632568,1865.43994140625
EleutherAI/pythia-14m,50000,step50000,14067712,6,4,37,0,1,0.008663719519972801,0.7599999904632568,1865.43994140625
EleutherAI/pythia-14m,50000,step50000,14067712,6,4,37,0,2,0.011759337969124317,0.7599999904632568,1865.43994140625
EleutherAI/pythia-14m,50000,step50000,14067712,6,4,37,0,3,0.00034227740252390504,0.7599999904632568,1865.43994140625
EleutherAI/pythia-14m,50000,step50000,14067712,6,4,37,1,0,4.5514771045418456e-05,0.7599999904632568,1865.43994140625
EleutherAI/pythia-14m,50000,step50000,14067712,6,4,37,1,1,0.0067957681603729725,0.7599999904632568,1865.43994140625
EleutherAI/pythia-14m,50000,step50000,14067712,6,4,37,1,2,0.0004297773411963135,0.7599999904632568,1865.43994140625
EleutherAI/pythia-14m,50000,step50000,14067712,6,4,37,1,3,0.004740862641483545,0.7599999904632568,1865.43994140625
EleutherAI/pythia-14m,50000,step50000,14067712,6,4,37,2,0,0.0041141267865896225,0.7599999904632568,1865.43994140625
EleutherAI/pythia-14m,50000,step50000,14067712,6,4,37,2,1,1.629335955044553e-08,0.7599999904632568,1865.43994140625
EleutherAI/pythia-14m,50000,step50000,14067712,6,4,37,2,2,2.3407697263857466e-16,0.7599999904632568,1865.43994140625
EleutherAI/pythia-14m,50000,step50000,14067712,6,4,37,2,3,0.010148332454264164,0.7599999904632568,1865.43994140625
EleutherAI/pythia-14m,50000,step50000,14067712,6,4,37,3,0,0.018044350668787956,0.7599999904632568,1865.43994140625
EleutherAI/pythia-14m,50000,step50000,14067712,6,4,37,3,1,0.884462833404541,0.7599999904632568,1865.43994140625
EleutherAI/pythia-14m,50000,step50000,14067712,6,4,37,3,2,0.0004128135333303362,0.7599999904632568,1865.43994140625
EleutherAI/pythia-14m,50000,step50000,14067712,6,4,37,3,3,0.9000760912895203,0.7599999904632568,1865.43994140625
EleutherAI/pythia-14m,50000,step50000,14067712,6,4,37,4,0,0.12210685759782791,0.7599999904632568,1865.43994140625
EleutherAI/pythia-14m,50000,step50000,14067712,6,4,37,4,1,0.023499444127082825,0.7599999904632568,1865.43994140625
EleutherAI/pythia-14m,50000,step50000,14067712,6,4,37,4,2,0.11128080636262894,0.7599999904632568,1865.43994140625
EleutherAI/pythia-14m,50000,step50000,14067712,6,4,37,4,3,0.007815525867044926,0.7599999904632568,1865.43994140625
EleutherAI/pythia-14m,50000,step50000,14067712,6,4,37,5,0,0.0023446104023605585,0.7599999904632568,1865.43994140625
EleutherAI/pythia-14m,50000,step50000,14067712,6,4,37,5,1,0.010685689747333527,0.7599999904632568,1865.43994140625
EleutherAI/pythia-14m,50000,step50000,14067712,6,4,37,5,2,0.018095513805747032,0.7599999904632568,1865.43994140625
EleutherAI/pythia-14m,50000,step50000,14067712,6,4,37,5,3,0.034234195947647095,0.7599999904632568,1865.43994140625
EleutherAI/pythia-14m,50000,step50000,14067712,6,4,38,0,0,0.004410312045365572,0.3199999928474426,7979.080078125
EleutherAI/pythia-14m,50000,step50000,14067712,6,4,38,0,1,0.010990377515554428,0.3199999928474426,7979.080078125
EleutherAI/pythia-14m,50000,step50000,14067712,6,4,38,0,2,0.005953316576778889,0.3199999928474426,7979.080078125
EleutherAI/pythia-14m,50000,step50000,14067712,6,4,38,0,3,0.001297635491937399,0.3199999928474426,7979.080078125
EleutherAI/pythia-14m,50000,step50000,14067712,6,4,38,1,0,3.341024057590403e-05,0.3199999928474426,7979.080078125
EleutherAI/pythia-14m,50000,step50000,14067712,6,4,38,1,1,0.008359263651072979,0.3199999928474426,7979.080078125
EleutherAI/pythia-14m,50000,step50000,14067712,6,4,38,1,2,0.0007115133921615779,0.3199999928474426,7979.080078125
EleutherAI/pythia-14m,50000,step50000,14067712,6,4,38,1,3,0.007500010076910257,0.3199999928474426,7979.080078125
EleutherAI/pythia-14m,50000,step50000,14067712,6,4,38,2,0,0.004435321316123009,0.3199999928474426,7979.080078125
EleutherAI/pythia-14m,50000,step50000,14067712,6,4,38,2,1,7.060504003675305e-07,0.3199999928474426,7979.080078125
EleutherAI/pythia-14m,50000,step50000,14067712,6,4,38,2,2,4.090240516077537e-13,0.3199999928474426,7979.080078125
EleutherAI/pythia-14m,50000,step50000,14067712,6,4,38,2,3,0.00960899330675602,0.3199999928474426,7979.080078125
EleutherAI/pythia-14m,50000,step50000,14067712,6,4,38,3,0,0.013038606382906437,0.3199999928474426,7979.080078125
EleutherAI/pythia-14m,50000,step50000,14067712,6,4,38,3,1,0.6025837063789368,0.3199999928474426,7979.080078125
EleutherAI/pythia-14m,50000,step50000,14067712,6,4,38,3,2,0.0005686914664693177,0.3199999928474426,7979.080078125
EleutherAI/pythia-14m,50000,step50000,14067712,6,4,38,3,3,0.640519917011261,0.3199999928474426,7979.080078125
EleutherAI/pythia-14m,50000,step50000,14067712,6,4,38,4,0,0.050030507147312164,0.3199999928474426,7979.080078125
EleutherAI/pythia-14m,50000,step50000,14067712,6,4,38,4,1,0.010996685363352299,0.3199999928474426,7979.080078125
EleutherAI/pythia-14m,50000,step50000,14067712,6,4,38,4,2,0.05368847772479057,0.3199999928474426,7979.080078125
EleutherAI/pythia-14m,50000,step50000,14067712,6,4,38,4,3,0.0020120295230299234,0.3199999928474426,7979.080078125
EleutherAI/pythia-14m,50000,step50000,14067712,6,4,38,5,0,0.0010664586443454027,0.3199999928474426,7979.080078125
EleutherAI/pythia-14m,50000,step50000,14067712,6,4,38,5,1,0.006051119416952133,0.3199999928474426,7979.080078125
EleutherAI/pythia-14m,50000,step50000,14067712,6,4,38,5,2,0.006164088845252991,0.3199999928474426,7979.080078125
EleutherAI/pythia-14m,50000,step50000,14067712,6,4,38,5,3,0.02660740353167057,0.3199999928474426,7979.080078125
EleutherAI/pythia-14m,50000,step50000,14067712,6,4,39,0,0,0.004728394094854593,0.6600000262260437,2049.4599609375
EleutherAI/pythia-14m,50000,step50000,14067712,6,4,39,0,1,0.009104270488023758,0.6600000262260437,2049.4599609375
EleutherAI/pythia-14m,50000,step50000,14067712,6,4,39,0,2,0.012130380608141422,0.6600000262260437,2049.4599609375
EleutherAI/pythia-14m,50000,step50000,14067712,6,4,39,0,3,0.0008837974164634943,0.6600000262260437,2049.4599609375
EleutherAI/pythia-14m,50000,step50000,14067712,6,4,39,1,0,1.059266196534736e-05,0.6600000262260437,2049.4599609375
EleutherAI/pythia-14m,50000,step50000,14067712,6,4,39,1,1,0.006460570730268955,0.6600000262260437,2049.4599609375
EleutherAI/pythia-14m,50000,step50000,14067712,6,4,39,1,2,0.00018793329945765436,0.6600000262260437,2049.4599609375
EleutherAI/pythia-14m,50000,step50000,14067712,6,4,39,1,3,0.005073050037026405,0.6600000262260437,2049.4599609375
EleutherAI/pythia-14m,50000,step50000,14067712,6,4,39,2,0,0.0018491691444069147,0.6600000262260437,2049.4599609375
EleutherAI/pythia-14m,50000,step50000,14067712,6,4,39,2,1,5.4529014192894465e-08,0.6600000262260437,2049.4599609375
EleutherAI/pythia-14m,50000,step50000,14067712,6,4,39,2,2,1.1817230238786707e-14,0.6600000262260437,2049.4599609375
EleutherAI/pythia-14m,50000,step50000,14067712,6,4,39,2,3,0.01075601577758789,0.6600000262260437,2049.4599609375
EleutherAI/pythia-14m,50000,step50000,14067712,6,4,39,3,0,0.02280442789196968,0.6600000262260437,2049.4599609375
EleutherAI/pythia-14m,50000,step50000,14067712,6,4,39,3,1,0.8353925943374634,0.6600000262260437,2049.4599609375
EleutherAI/pythia-14m,50000,step50000,14067712,6,4,39,3,2,0.00016980677901301533,0.6600000262260437,2049.4599609375
EleutherAI/pythia-14m,50000,step50000,14067712,6,4,39,3,3,0.8463121652603149,0.6600000262260437,2049.4599609375
EleutherAI/pythia-14m,50000,step50000,14067712,6,4,39,4,0,0.08883979171514511,0.6600000262260437,2049.4599609375
EleutherAI/pythia-14m,50000,step50000,14067712,6,4,39,4,1,0.028246130794286728,0.6600000262260437,2049.4599609375
EleutherAI/pythia-14m,50000,step50000,14067712,6,4,39,4,2,0.10106250643730164,0.6600000262260437,2049.4599609375
EleutherAI/pythia-14m,50000,step50000,14067712,6,4,39,4,3,0.010460973717272282,0.6600000262260437,2049.4599609375
EleutherAI/pythia-14m,50000,step50000,14067712,6,4,39,5,0,0.002484754426404834,0.6600000262260437,2049.4599609375
EleutherAI/pythia-14m,50000,step50000,14067712,6,4,39,5,1,0.012793119065463543,0.6600000262260437,2049.4599609375
EleutherAI/pythia-14m,50000,step50000,14067712,6,4,39,5,2,0.020316142588853836,0.6600000262260437,2049.4599609375
EleutherAI/pythia-14m,50000,step50000,14067712,6,4,39,5,3,0.03920429199934006,0.6600000262260437,2049.4599609375
EleutherAI/pythia-14m,50000,step50000,14067712,6,4,40,0,0,0.005013433750718832,0.800000011920929,1320.56005859375
EleutherAI/pythia-14m,50000,step50000,14067712,6,4,40,0,1,0.010319283232092857,0.800000011920929,1320.56005859375
EleutherAI/pythia-14m,50000,step50000,14067712,6,4,40,0,2,0.009639263153076172,0.800000011920929,1320.56005859375
EleutherAI/pythia-14m,50000,step50000,14067712,6,4,40,0,3,0.0006639195489697158,0.800000011920929,1320.56005859375
EleutherAI/pythia-14m,50000,step50000,14067712,6,4,40,1,0,2.0301768017816357e-06,0.800000011920929,1320.56005859375
EleutherAI/pythia-14m,50000,step50000,14067712,6,4,40,1,1,0.008637952618300915,0.800000011920929,1320.56005859375
EleutherAI/pythia-14m,50000,step50000,14067712,6,4,40,1,2,0.00013010838301852345,0.800000011920929,1320.56005859375
EleutherAI/pythia-14m,50000,step50000,14067712,6,4,40,1,3,0.004730070009827614,0.800000011920929,1320.56005859375
EleutherAI/pythia-14m,50000,step50000,14067712,6,4,40,2,0,0.004161459393799305,0.800000011920929,1320.56005859375
EleutherAI/pythia-14m,50000,step50000,14067712,6,4,40,2,1,1.6521516599254937e-08,0.800000011920929,1320.56005859375
EleutherAI/pythia-14m,50000,step50000,14067712,6,4,40,2,2,3.3797352937126046e-12,0.800000011920929,1320.56005859375
EleutherAI/pythia-14m,50000,step50000,14067712,6,4,40,2,3,0.012321025133132935,0.800000011920929,1320.56005859375
EleutherAI/pythia-14m,50000,step50000,14067712,6,4,40,3,0,0.02034936659038067,0.800000011920929,1320.56005859375
EleutherAI/pythia-14m,50000,step50000,14067712,6,4,40,3,1,0.9512554407119751,0.800000011920929,1320.56005859375
EleutherAI/pythia-14m,50000,step50000,14067712,6,4,40,3,2,0.0006236357148736715,0.800000011920929,1320.56005859375
EleutherAI/pythia-14m,50000,step50000,14067712,6,4,40,3,3,0.9484263062477112,0.800000011920929,1320.56005859375
EleutherAI/pythia-14m,50000,step50000,14067712,6,4,40,4,0,0.09865722805261612,0.800000011920929,1320.56005859375
EleutherAI/pythia-14m,50000,step50000,14067712,6,4,40,4,1,0.023891713470220566,0.800000011920929,1320.56005859375
EleutherAI/pythia-14m,50000,step50000,14067712,6,4,40,4,2,0.10194265097379684,0.800000011920929,1320.56005859375
EleutherAI/pythia-14m,50000,step50000,14067712,6,4,40,4,3,0.008531722240149975,0.800000011920929,1320.56005859375
EleutherAI/pythia-14m,50000,step50000,14067712,6,4,40,5,0,0.0021079150028526783,0.800000011920929,1320.56005859375
EleutherAI/pythia-14m,50000,step50000,14067712,6,4,40,5,1,0.011157465167343616,0.800000011920929,1320.56005859375
EleutherAI/pythia-14m,50000,step50000,14067712,6,4,40,5,2,0.013537156395614147,0.800000011920929,1320.56005859375
EleutherAI/pythia-14m,50000,step50000,14067712,6,4,40,5,3,0.04677844047546387,0.800000011920929,1320.56005859375
EleutherAI/pythia-14m,50000,step50000,14067712,6,4,41,0,0,0.002953101648017764,0.699999988079071,884.0399780273438
EleutherAI/pythia-14m,50000,step50000,14067712,6,4,41,0,1,0.009544740431010723,0.699999988079071,884.0399780273438
EleutherAI/pythia-14m,50000,step50000,14067712,6,4,41,0,2,0.007905247621238232,0.699999988079071,884.0399780273438
EleutherAI/pythia-14m,50000,step50000,14067712,6,4,41,0,3,0.0006612336728721857,0.699999988079071,884.0399780273438
EleutherAI/pythia-14m,50000,step50000,14067712,6,4,41,1,0,1.018260809360072e-05,0.699999988079071,884.0399780273438
EleutherAI/pythia-14m,50000,step50000,14067712,6,4,41,1,1,0.005333461798727512,0.699999988079071,884.0399780273438
EleutherAI/pythia-14m,50000,step50000,14067712,6,4,41,1,2,0.0008002165122888982,0.699999988079071,884.0399780273438
EleutherAI/pythia-14m,50000,step50000,14067712,6,4,41,1,3,0.004062615800648928,0.699999988079071,884.0399780273438
EleutherAI/pythia-14m,50000,step50000,14067712,6,4,41,2,0,0.004409226588904858,0.699999988079071,884.0399780273438
EleutherAI/pythia-14m,50000,step50000,14067712,6,4,41,2,1,3.560991501672106e-08,0.699999988079071,884.0399780273438
EleutherAI/pythia-14m,50000,step50000,14067712,6,4,41,2,2,8.566315246125861e-14,0.699999988079071,884.0399780273438
EleutherAI/pythia-14m,50000,step50000,14067712,6,4,41,2,3,0.008914975449442863,0.699999988079071,884.0399780273438
EleutherAI/pythia-14m,50000,step50000,14067712,6,4,41,3,0,0.02206510305404663,0.699999988079071,884.0399780273438
EleutherAI/pythia-14m,50000,step50000,14067712,6,4,41,3,1,0.9238131642341614,0.699999988079071,884.0399780273438
EleutherAI/pythia-14m,50000,step50000,14067712,6,4,41,3,2,0.0004252560902386904,0.699999988079071,884.0399780273438
EleutherAI/pythia-14m,50000,step50000,14067712,6,4,41,3,3,0.9381563663482666,0.699999988079071,884.0399780273438
EleutherAI/pythia-14m,50000,step50000,14067712,6,4,41,4,0,0.07641978561878204,0.699999988079071,884.0399780273438
EleutherAI/pythia-14m,50000,step50000,14067712,6,4,41,4,1,0.02680693194270134,0.699999988079071,884.0399780273438
EleutherAI/pythia-14m,50000,step50000,14067712,6,4,41,4,2,0.11599498987197876,0.699999988079071,884.0399780273438
EleutherAI/pythia-14m,50000,step50000,14067712,6,4,41,4,3,0.008647404611110687,0.699999988079071,884.0399780273438
EleutherAI/pythia-14m,50000,step50000,14067712,6,4,41,5,0,0.002842263551428914,0.699999988079071,884.0399780273438
EleutherAI/pythia-14m,50000,step50000,14067712,6,4,41,5,1,0.009563743136823177,0.699999988079071,884.0399780273438
EleutherAI/pythia-14m,50000,step50000,14067712,6,4,41,5,2,0.019220661371946335,0.699999988079071,884.0399780273438
EleutherAI/pythia-14m,50000,step50000,14067712,6,4,41,5,3,0.04275065287947655,0.699999988079071,884.0399780273438
EleutherAI/pythia-14m,50000,step50000,14067712,6,4,42,0,0,0.004797172732651234,0.5799999833106995,1967.97998046875
EleutherAI/pythia-14m,50000,step50000,14067712,6,4,42,0,1,0.010971009731292725,0.5799999833106995,1967.97998046875
EleutherAI/pythia-14m,50000,step50000,14067712,6,4,42,0,2,0.00953742302954197,0.5799999833106995,1967.97998046875
EleutherAI/pythia-14m,50000,step50000,14067712,6,4,42,0,3,0.0006099987076595426,0.5799999833106995,1967.97998046875
EleutherAI/pythia-14m,50000,step50000,14067712,6,4,42,1,0,2.8558501071529463e-05,0.5799999833106995,1967.97998046875
EleutherAI/pythia-14m,50000,step50000,14067712,6,4,42,1,1,0.007539014331996441,0.5799999833106995,1967.97998046875
EleutherAI/pythia-14m,50000,step50000,14067712,6,4,42,1,2,0.0006583602516911924,0.5799999833106995,1967.97998046875
EleutherAI/pythia-14m,50000,step50000,14067712,6,4,42,1,3,0.005973104853183031,0.5799999833106995,1967.97998046875
EleutherAI/pythia-14m,50000,step50000,14067712,6,4,42,2,0,0.002998349256813526,0.5799999833106995,1967.97998046875
EleutherAI/pythia-14m,50000,step50000,14067712,6,4,42,2,1,1.1319571058265865e-07,0.5799999833106995,1967.97998046875
EleutherAI/pythia-14m,50000,step50000,14067712,6,4,42,2,2,1.3494759509066062e-13,0.5799999833106995,1967.97998046875
EleutherAI/pythia-14m,50000,step50000,14067712,6,4,42,2,3,0.009313130751252174,0.5799999833106995,1967.97998046875
EleutherAI/pythia-14m,50000,step50000,14067712,6,4,42,3,0,0.02101266197860241,0.5799999833106995,1967.97998046875
EleutherAI/pythia-14m,50000,step50000,14067712,6,4,42,3,1,0.8141587972640991,0.5799999833106995,1967.97998046875
EleutherAI/pythia-14m,50000,step50000,14067712,6,4,42,3,2,0.000585605448577553,0.5799999833106995,1967.97998046875
EleutherAI/pythia-14m,50000,step50000,14067712,6,4,42,3,3,0.8496382236480713,0.5799999833106995,1967.97998046875
EleutherAI/pythia-14m,50000,step50000,14067712,6,4,42,4,0,0.06765249371528625,0.5799999833106995,1967.97998046875
EleutherAI/pythia-14m,50000,step50000,14067712,6,4,42,4,1,0.0176579337567091,0.5799999833106995,1967.97998046875
EleutherAI/pythia-14m,50000,step50000,14067712,6,4,42,4,2,0.08475428819656372,0.5799999833106995,1967.97998046875
EleutherAI/pythia-14m,50000,step50000,14067712,6,4,42,4,3,0.007363691460341215,0.5799999833106995,1967.97998046875
EleutherAI/pythia-14m,50000,step50000,14067712,6,4,42,5,0,0.0027197098825126886,0.5799999833106995,1967.97998046875
EleutherAI/pythia-14m,50000,step50000,14067712,6,4,42,5,1,0.008266894146800041,0.5799999833106995,1967.97998046875
EleutherAI/pythia-14m,50000,step50000,14067712,6,4,42,5,2,0.010097336024045944,0.5799999833106995,1967.97998046875
EleutherAI/pythia-14m,50000,step50000,14067712,6,4,42,5,3,0.03192515671253204,0.5799999833106995,1967.97998046875
EleutherAI/pythia-14m,50000,step50000,14067712,6,4,43,0,0,0.0033530902583152056,0.5199999809265137,3589.1201171875
EleutherAI/pythia-14m,50000,step50000,14067712,6,4,43,0,1,0.009738384746015072,0.5199999809265137,3589.1201171875
EleutherAI/pythia-14m,50000,step50000,14067712,6,4,43,0,2,0.008552818559110165,0.5199999809265137,3589.1201171875
EleutherAI/pythia-14m,50000,step50000,14067712,6,4,43,0,3,0.00032667527557350695,0.5199999809265137,3589.1201171875
EleutherAI/pythia-14m,50000,step50000,14067712,6,4,43,1,0,0.00019548760610632598,0.5199999809265137,3589.1201171875
EleutherAI/pythia-14m,50000,step50000,14067712,6,4,43,1,1,0.006341181229799986,0.5199999809265137,3589.1201171875
EleutherAI/pythia-14m,50000,step50000,14067712,6,4,43,1,2,0.0005571468500420451,0.5199999809265137,3589.1201171875
EleutherAI/pythia-14m,50000,step50000,14067712,6,4,43,1,3,0.0057443720288574696,0.5199999809265137,3589.1201171875
EleutherAI/pythia-14m,50000,step50000,14067712,6,4,43,2,0,0.004070182330906391,0.5199999809265137,3589.1201171875
EleutherAI/pythia-14m,50000,step50000,14067712,6,4,43,2,1,3.890613697876688e-08,0.5199999809265137,3589.1201171875
EleutherAI/pythia-14m,50000,step50000,14067712,6,4,43,2,2,1.3082555160449493e-15,0.5199999809265137,3589.1201171875
EleutherAI/pythia-14m,50000,step50000,14067712,6,4,43,2,3,0.010287456214427948,0.5199999809265137,3589.1201171875
EleutherAI/pythia-14m,50000,step50000,14067712,6,4,43,3,0,0.01802220195531845,0.5199999809265137,3589.1201171875
EleutherAI/pythia-14m,50000,step50000,14067712,6,4,43,3,1,0.7465416193008423,0.5199999809265137,3589.1201171875
EleutherAI/pythia-14m,50000,step50000,14067712,6,4,43,3,2,0.00042303933878429234,0.5199999809265137,3589.1201171875
EleutherAI/pythia-14m,50000,step50000,14067712,6,4,43,3,3,0.7659697532653809,0.5199999809265137,3589.1201171875
EleutherAI/pythia-14m,50000,step50000,14067712,6,4,43,4,0,0.035337239503860474,0.5199999809265137,3589.1201171875
EleutherAI/pythia-14m,50000,step50000,14067712,6,4,43,4,1,0.01590915024280548,0.5199999809265137,3589.1201171875
EleutherAI/pythia-14m,50000,step50000,14067712,6,4,43,4,2,0.051481012254953384,0.5199999809265137,3589.1201171875
EleutherAI/pythia-14m,50000,step50000,14067712,6,4,43,4,3,0.0052930633537471294,0.5199999809265137,3589.1201171875
EleutherAI/pythia-14m,50000,step50000,14067712,6,4,43,5,0,0.0022128073032945395,0.5199999809265137,3589.1201171875
EleutherAI/pythia-14m,50000,step50000,14067712,6,4,43,5,1,0.008917098864912987,0.5199999809265137,3589.1201171875
EleutherAI/pythia-14m,50000,step50000,14067712,6,4,43,5,2,0.014419944025576115,0.5199999809265137,3589.1201171875
EleutherAI/pythia-14m,50000,step50000,14067712,6,4,43,5,3,0.03067619726061821,0.5199999809265137,3589.1201171875
EleutherAI/pythia-14m,50000,step50000,14067712,6,4,44,0,0,0.002538592554628849,0.699999988079071,856.0
EleutherAI/pythia-14m,50000,step50000,14067712,6,4,44,0,1,0.01051490567624569,0.699999988079071,856.0
EleutherAI/pythia-14m,50000,step50000,14067712,6,4,44,0,2,0.021124817430973053,0.699999988079071,856.0
EleutherAI/pythia-14m,50000,step50000,14067712,6,4,44,0,3,0.0004584374255500734,0.699999988079071,856.0
EleutherAI/pythia-14m,50000,step50000,14067712,6,4,44,1,0,3.5726513942790916e-06,0.699999988079071,856.0
EleutherAI/pythia-14m,50000,step50000,14067712,6,4,44,1,1,0.004937783349305391,0.699999988079071,856.0
EleutherAI/pythia-14m,50000,step50000,14067712,6,4,44,1,2,0.00011161822476424277,0.699999988079071,856.0
EleutherAI/pythia-14m,50000,step50000,14067712,6,4,44,1,3,0.004567534197121859,0.699999988079071,856.0
EleutherAI/pythia-14m,50000,step50000,14067712,6,4,44,2,0,0.002352927578613162,0.699999988079071,856.0
EleutherAI/pythia-14m,50000,step50000,14067712,6,4,44,2,1,4.448539758783454e-09,0.699999988079071,856.0
EleutherAI/pythia-14m,50000,step50000,14067712,6,4,44,2,2,1.8661002713294192e-16,0.699999988079071,856.0
EleutherAI/pythia-14m,50000,step50000,14067712,6,4,44,2,3,0.013230899348855019,0.699999988079071,856.0
EleutherAI/pythia-14m,50000,step50000,14067712,6,4,44,3,0,0.019290760159492493,0.699999988079071,856.0
EleutherAI/pythia-14m,50000,step50000,14067712,6,4,44,3,1,0.950584888458252,0.699999988079071,856.0
EleutherAI/pythia-14m,50000,step50000,14067712,6,4,44,3,2,0.00033728181733749807,0.699999988079071,856.0
EleutherAI/pythia-14m,50000,step50000,14067712,6,4,44,3,3,0.9559506773948669,0.699999988079071,856.0
EleutherAI/pythia-14m,50000,step50000,14067712,6,4,44,4,0,0.16035781800746918,0.699999988079071,856.0
EleutherAI/pythia-14m,50000,step50000,14067712,6,4,44,4,1,0.03774530813097954,0.699999988079071,856.0
EleutherAI/pythia-14m,50000,step50000,14067712,6,4,44,4,2,0.13295084238052368,0.699999988079071,856.0
EleutherAI/pythia-14m,50000,step50000,14067712,6,4,44,4,3,0.02471906691789627,0.699999988079071,856.0
EleutherAI/pythia-14m,50000,step50000,14067712,6,4,44,5,0,0.004174516070634127,0.699999988079071,856.0
EleutherAI/pythia-14m,50000,step50000,14067712,6,4,44,5,1,0.014424305409193039,0.699999988079071,856.0
EleutherAI/pythia-14m,50000,step50000,14067712,6,4,44,5,2,0.025590181350708008,0.699999988079071,856.0
EleutherAI/pythia-14m,50000,step50000,14067712,6,4,44,5,3,0.05349356681108475,0.699999988079071,856.0
EleutherAI/pythia-14m,50000,step50000,14067712,6,4,45,0,0,0.006141322199255228,0.4000000059604645,2224.419921875
EleutherAI/pythia-14m,50000,step50000,14067712,6,4,45,0,1,0.009259482845664024,0.4000000059604645,2224.419921875
EleutherAI/pythia-14m,50000,step50000,14067712,6,4,45,0,2,0.011230907402932644,0.4000000059604645,2224.419921875
EleutherAI/pythia-14m,50000,step50000,14067712,6,4,45,0,3,0.0009255994809791446,0.4000000059604645,2224.419921875
EleutherAI/pythia-14m,50000,step50000,14067712,6,4,45,1,0,5.037645678385161e-05,0.4000000059604645,2224.419921875
EleutherAI/pythia-14m,50000,step50000,14067712,6,4,45,1,1,0.008494243957102299,0.4000000059604645,2224.419921875
EleutherAI/pythia-14m,50000,step50000,14067712,6,4,45,1,2,0.0003088212397415191,0.4000000059604645,2224.419921875
EleutherAI/pythia-14m,50000,step50000,14067712,6,4,45,1,3,0.00664352485910058,0.4000000059604645,2224.419921875
EleutherAI/pythia-14m,50000,step50000,14067712,6,4,45,2,0,0.0036644556093961,0.4000000059604645,2224.419921875
EleutherAI/pythia-14m,50000,step50000,14067712,6,4,45,2,1,6.429374934668886e-07,0.4000000059604645,2224.419921875
EleutherAI/pythia-14m,50000,step50000,14067712,6,4,45,2,2,1.0258132098752912e-13,0.4000000059604645,2224.419921875
EleutherAI/pythia-14m,50000,step50000,14067712,6,4,45,2,3,0.010906117968261242,0.4000000059604645,2224.419921875
EleutherAI/pythia-14m,50000,step50000,14067712,6,4,45,3,0,0.016596732661128044,0.4000000059604645,2224.419921875
EleutherAI/pythia-14m,50000,step50000,14067712,6,4,45,3,1,0.7538177371025085,0.4000000059604645,2224.419921875
EleutherAI/pythia-14m,50000,step50000,14067712,6,4,45,3,2,0.0003498672740533948,0.4000000059604645,2224.419921875
EleutherAI/pythia-14m,50000,step50000,14067712,6,4,45,3,3,0.7977948188781738,0.4000000059604645,2224.419921875
EleutherAI/pythia-14m,50000,step50000,14067712,6,4,45,4,0,0.03961612284183502,0.4000000059604645,2224.419921875
EleutherAI/pythia-14m,50000,step50000,14067712,6,4,45,4,1,0.013536916114389896,0.4000000059604645,2224.419921875
EleutherAI/pythia-14m,50000,step50000,14067712,6,4,45,4,2,0.055376626551151276,0.4000000059604645,2224.419921875
EleutherAI/pythia-14m,50000,step50000,14067712,6,4,45,4,3,0.0027662741485983133,0.4000000059604645,2224.419921875
EleutherAI/pythia-14m,50000,step50000,14067712,6,4,45,5,0,0.0009038330754265189,0.4000000059604645,2224.419921875
EleutherAI/pythia-14m,50000,step50000,14067712,6,4,45,5,1,0.007430768106132746,0.4000000059604645,2224.419921875
EleutherAI/pythia-14m,50000,step50000,14067712,6,4,45,5,2,0.010341391898691654,0.4000000059604645,2224.419921875
EleutherAI/pythia-14m,50000,step50000,14067712,6,4,45,5,3,0.024371379986405373,0.4000000059604645,2224.419921875
EleutherAI/pythia-14m,50000,step50000,14067712,6,4,46,0,0,0.0030534681864082813,0.23999999463558197,4337.10009765625
EleutherAI/pythia-14m,50000,step50000,14067712,6,4,46,0,1,0.01147411111742258,0.23999999463558197,4337.10009765625
EleutherAI/pythia-14m,50000,step50000,14067712,6,4,46,0,2,0.008744196966290474,0.23999999463558197,4337.10009765625
EleutherAI/pythia-14m,50000,step50000,14067712,6,4,46,0,3,0.0017973057692870498,0.23999999463558197,4337.10009765625
EleutherAI/pythia-14m,50000,step50000,14067712,6,4,46,1,0,4.929525857733097e-06,0.23999999463558197,4337.10009765625
EleutherAI/pythia-14m,50000,step50000,14067712,6,4,46,1,1,0.005018392112106085,0.23999999463558197,4337.10009765625
EleutherAI/pythia-14m,50000,step50000,14067712,6,4,46,1,2,0.0009986492805182934,0.23999999463558197,4337.10009765625
EleutherAI/pythia-14m,50000,step50000,14067712,6,4,46,1,3,0.006803183350712061,0.23999999463558197,4337.10009765625
EleutherAI/pythia-14m,50000,step50000,14067712,6,4,46,2,0,0.0035377771127969027,0.23999999463558197,4337.10009765625
EleutherAI/pythia-14m,50000,step50000,14067712,6,4,46,2,1,4.234940206515603e-06,0.23999999463558197,4337.10009765625
EleutherAI/pythia-14m,50000,step50000,14067712,6,4,46,2,2,3.184220126613811e-14,0.23999999463558197,4337.10009765625
EleutherAI/pythia-14m,50000,step50000,14067712,6,4,46,2,3,0.008718427270650864,0.23999999463558197,4337.10009765625
EleutherAI/pythia-14m,50000,step50000,14067712,6,4,46,3,0,0.005226646084338427,0.23999999463558197,4337.10009765625
EleutherAI/pythia-14m,50000,step50000,14067712,6,4,46,3,1,0.6394177079200745,0.23999999463558197,4337.10009765625
EleutherAI/pythia-14m,50000,step50000,14067712,6,4,46,3,2,0.0004947826964780688,0.23999999463558197,4337.10009765625
EleutherAI/pythia-14m,50000,step50000,14067712,6,4,46,3,3,0.6357635259628296,0.23999999463558197,4337.10009765625
EleutherAI/pythia-14m,50000,step50000,14067712,6,4,46,4,0,0.036082860082387924,0.23999999463558197,4337.10009765625
EleutherAI/pythia-14m,50000,step50000,14067712,6,4,46,4,1,0.009236400946974754,0.23999999463558197,4337.10009765625
EleutherAI/pythia-14m,50000,step50000,14067712,6,4,46,4,2,0.05550439655780792,0.23999999463558197,4337.10009765625
EleutherAI/pythia-14m,50000,step50000,14067712,6,4,46,4,3,0.0011600665748119354,0.23999999463558197,4337.10009765625
EleutherAI/pythia-14m,50000,step50000,14067712,6,4,46,5,0,0.0014029934536665678,0.23999999463558197,4337.10009765625
EleutherAI/pythia-14m,50000,step50000,14067712,6,4,46,5,1,0.004843714646995068,0.23999999463558197,4337.10009765625
EleutherAI/pythia-14m,50000,step50000,14067712,6,4,46,5,2,0.004627942573279142,0.23999999463558197,4337.10009765625
EleutherAI/pythia-14m,50000,step50000,14067712,6,4,46,5,3,0.020082473754882812,0.23999999463558197,4337.10009765625
EleutherAI/pythia-14m,50000,step50000,14067712,6,4,47,0,0,0.006432889495044947,0.6200000047683716,1882.4200439453125
EleutherAI/pythia-14m,50000,step50000,14067712,6,4,47,0,1,0.013469047844409943,0.6200000047683716,1882.4200439453125
EleutherAI/pythia-14m,50000,step50000,14067712,6,4,47,0,2,0.0036533325910568237,0.6200000047683716,1882.4200439453125
EleutherAI/pythia-14m,50000,step50000,14067712,6,4,47,0,3,0.000287715345621109,0.6200000047683716,1882.4200439453125
EleutherAI/pythia-14m,50000,step50000,14067712,6,4,47,1,0,9.490401680523064e-06,0.6200000047683716,1882.4200439453125
EleutherAI/pythia-14m,50000,step50000,14067712,6,4,47,1,1,0.007203890476375818,0.6200000047683716,1882.4200439453125
EleutherAI/pythia-14m,50000,step50000,14067712,6,4,47,1,2,0.00030545672052539885,0.6200000047683716,1882.4200439453125
EleutherAI/pythia-14m,50000,step50000,14067712,6,4,47,1,3,0.0053547704592347145,0.6200000047683716,1882.4200439453125
EleutherAI/pythia-14m,50000,step50000,14067712,6,4,47,2,0,0.004439173266291618,0.6200000047683716,1882.4200439453125
EleutherAI/pythia-14m,50000,step50000,14067712,6,4,47,2,1,5.209703957120837e-08,0.6200000047683716,1882.4200439453125
EleutherAI/pythia-14m,50000,step50000,14067712,6,4,47,2,2,8.006144406019332e-15,0.6200000047683716,1882.4200439453125
EleutherAI/pythia-14m,50000,step50000,14067712,6,4,47,2,3,0.01122868899255991,0.6200000047683716,1882.4200439453125
EleutherAI/pythia-14m,50000,step50000,14067712,6,4,47,3,0,0.023660924285650253,0.6200000047683716,1882.4200439453125
EleutherAI/pythia-14m,50000,step50000,14067712,6,4,47,3,1,0.8064818382263184,0.6200000047683716,1882.4200439453125
EleutherAI/pythia-14m,50000,step50000,14067712,6,4,47,3,2,0.0009624366648495197,0.6200000047683716,1882.4200439453125
EleutherAI/pythia-14m,50000,step50000,14067712,6,4,47,3,3,0.832770824432373,0.6200000047683716,1882.4200439453125
EleutherAI/pythia-14m,50000,step50000,14067712,6,4,47,4,0,0.08524394780397415,0.6200000047683716,1882.4200439453125
EleutherAI/pythia-14m,50000,step50000,14067712,6,4,47,4,1,0.02380933053791523,0.6200000047683716,1882.4200439453125
EleutherAI/pythia-14m,50000,step50000,14067712,6,4,47,4,2,0.10219424962997437,0.6200000047683716,1882.4200439453125
EleutherAI/pythia-14m,50000,step50000,14067712,6,4,47,4,3,0.0085756815969944,0.6200000047683716,1882.4200439453125
EleutherAI/pythia-14m,50000,step50000,14067712,6,4,47,5,0,0.0027597674634307623,0.6200000047683716,1882.4200439453125
EleutherAI/pythia-14m,50000,step50000,14067712,6,4,47,5,1,0.012028329074382782,0.6200000047683716,1882.4200439453125
EleutherAI/pythia-14m,50000,step50000,14067712,6,4,47,5,2,0.019819652661681175,0.6200000047683716,1882.4200439453125
EleutherAI/pythia-14m,50000,step50000,14067712,6,4,47,5,3,0.03873397409915924,0.6200000047683716,1882.4200439453125
EleutherAI/pythia-14m,50000,step50000,14067712,6,4,48,0,0,0.0029708335641771555,0.3799999952316284,3045.760009765625
EleutherAI/pythia-14m,50000,step50000,14067712,6,4,48,0,1,0.011173142120242119,0.3799999952316284,3045.760009765625
EleutherAI/pythia-14m,50000,step50000,14067712,6,4,48,0,2,0.009218048304319382,0.3799999952316284,3045.760009765625
EleutherAI/pythia-14m,50000,step50000,14067712,6,4,48,0,3,0.0004240057896822691,0.3799999952316284,3045.760009765625
EleutherAI/pythia-14m,50000,step50000,14067712,6,4,48,1,0,1.7925092834047973e-05,0.3799999952316284,3045.760009765625
EleutherAI/pythia-14m,50000,step50000,14067712,6,4,48,1,1,0.006291570141911507,0.3799999952316284,3045.760009765625
EleutherAI/pythia-14m,50000,step50000,14067712,6,4,48,1,2,0.0004430408007465303,0.3799999952316284,3045.760009765625
EleutherAI/pythia-14m,50000,step50000,14067712,6,4,48,1,3,0.006401274353265762,0.3799999952316284,3045.760009765625
EleutherAI/pythia-14m,50000,step50000,14067712,6,4,48,2,0,0.003358741058036685,0.3799999952316284,3045.760009765625
EleutherAI/pythia-14m,50000,step50000,14067712,6,4,48,2,1,9.699152769826469e-08,0.3799999952316284,3045.760009765625
EleutherAI/pythia-14m,50000,step50000,14067712,6,4,48,2,2,1.4532956272867575e-13,0.3799999952316284,3045.760009765625
EleutherAI/pythia-14m,50000,step50000,14067712,6,4,48,2,3,0.007797565311193466,0.3799999952316284,3045.760009765625
EleutherAI/pythia-14m,50000,step50000,14067712,6,4,48,3,0,0.024135692045092583,0.3799999952316284,3045.760009765625
EleutherAI/pythia-14m,50000,step50000,14067712,6,4,48,3,1,0.7301591634750366,0.3799999952316284,3045.760009765625
EleutherAI/pythia-14m,50000,step50000,14067712,6,4,48,3,2,0.00042618095176294446,0.3799999952316284,3045.760009765625
EleutherAI/pythia-14m,50000,step50000,14067712,6,4,48,3,3,0.7544496059417725,0.3799999952316284,3045.760009765625
EleutherAI/pythia-14m,50000,step50000,14067712,6,4,48,4,0,0.03164238855242729,0.3799999952316284,3045.760009765625
EleutherAI/pythia-14m,50000,step50000,14067712,6,4,48,4,1,0.01896016299724579,0.3799999952316284,3045.760009765625
EleutherAI/pythia-14m,50000,step50000,14067712,6,4,48,4,2,0.03975868597626686,0.3799999952316284,3045.760009765625
EleutherAI/pythia-14m,50000,step50000,14067712,6,4,48,4,3,0.0029532271437346935,0.3799999952316284,3045.760009765625
EleutherAI/pythia-14m,50000,step50000,14067712,6,4,48,5,0,0.0017687022918835282,0.3799999952316284,3045.760009765625
EleutherAI/pythia-14m,50000,step50000,14067712,6,4,48,5,1,0.007171574980020523,0.3799999952316284,3045.760009765625
EleutherAI/pythia-14m,50000,step50000,14067712,6,4,48,5,2,0.010122864507138729,0.3799999952316284,3045.760009765625
EleutherAI/pythia-14m,50000,step50000,14067712,6,4,48,5,3,0.028264537453651428,0.3799999952316284,3045.760009765625
EleutherAI/pythia-14m,50000,step50000,14067712,6,4,49,0,0,0.003249986097216606,0.7599999904632568,980.719970703125
EleutherAI/pythia-14m,50000,step50000,14067712,6,4,49,0,1,0.01130229327827692,0.7599999904632568,980.719970703125
EleutherAI/pythia-14m,50000,step50000,14067712,6,4,49,0,2,0.0028992709703743458,0.7599999904632568,980.719970703125
EleutherAI/pythia-14m,50000,step50000,14067712,6,4,49,0,3,0.0010417163139209151,0.7599999904632568,980.719970703125
EleutherAI/pythia-14m,50000,step50000,14067712,6,4,49,1,0,3.972700596932555e-06,0.7599999904632568,980.719970703125
EleutherAI/pythia-14m,50000,step50000,14067712,6,4,49,1,1,0.00536551047116518,0.7599999904632568,980.719970703125
EleutherAI/pythia-14m,50000,step50000,14067712,6,4,49,1,2,0.0003066628996748477,0.7599999904632568,980.719970703125
EleutherAI/pythia-14m,50000,step50000,14067712,6,4,49,1,3,0.0043296124786138535,0.7599999904632568,980.719970703125
EleutherAI/pythia-14m,50000,step50000,14067712,6,4,49,2,0,0.0021846292074769735,0.7599999904632568,980.719970703125
EleutherAI/pythia-14m,50000,step50000,14067712,6,4,49,2,1,2.0024988334199634e-09,0.7599999904632568,980.719970703125
EleutherAI/pythia-14m,50000,step50000,14067712,6,4,49,2,2,3.5087778680681836e-16,0.7599999904632568,980.719970703125
EleutherAI/pythia-14m,50000,step50000,14067712,6,4,49,2,3,0.009565099142491817,0.7599999904632568,980.719970703125
EleutherAI/pythia-14m,50000,step50000,14067712,6,4,49,3,0,0.021990662440657616,0.7599999904632568,980.719970703125
EleutherAI/pythia-14m,50000,step50000,14067712,6,4,49,3,1,0.9289788007736206,0.7599999904632568,980.719970703125
EleutherAI/pythia-14m,50000,step50000,14067712,6,4,49,3,2,0.000329308386426419,0.7599999904632568,980.719970703125
EleutherAI/pythia-14m,50000,step50000,14067712,6,4,49,3,3,0.9469757080078125,0.7599999904632568,980.719970703125
EleutherAI/pythia-14m,50000,step50000,14067712,6,4,49,4,0,0.10633816570043564,0.7599999904632568,980.719970703125
EleutherAI/pythia-14m,50000,step50000,14067712,6,4,49,4,1,0.020278912037611008,0.7599999904632568,980.719970703125
EleutherAI/pythia-14m,50000,step50000,14067712,6,4,49,4,2,0.0914369523525238,0.7599999904632568,980.719970703125
EleutherAI/pythia-14m,50000,step50000,14067712,6,4,49,4,3,0.013835194520652294,0.7599999904632568,980.719970703125
EleutherAI/pythia-14m,50000,step50000,14067712,6,4,49,5,0,0.0028710069600492716,0.7599999904632568,980.719970703125
EleutherAI/pythia-14m,50000,step50000,14067712,6,4,49,5,1,0.010398801416158676,0.7599999904632568,980.719970703125
EleutherAI/pythia-14m,50000,step50000,14067712,6,4,49,5,2,0.01909639686346054,0.7599999904632568,980.719970703125
EleutherAI/pythia-14m,50000,step50000,14067712,6,4,49,5,3,0.04185397922992706,0.7599999904632568,980.719970703125
EleutherAI/pythia-14m,50000,step50000,14067712,6,4,50,0,0,0.006843458861112595,0.30000001192092896,6112.3798828125
EleutherAI/pythia-14m,50000,step50000,14067712,6,4,50,0,1,0.009804891422390938,0.30000001192092896,6112.3798828125
EleutherAI/pythia-14m,50000,step50000,14067712,6,4,50,0,2,0.00911190640181303,0.30000001192092896,6112.3798828125
EleutherAI/pythia-14m,50000,step50000,14067712,6,4,50,0,3,0.0011700550094246864,0.30000001192092896,6112.3798828125
EleutherAI/pythia-14m,50000,step50000,14067712,6,4,50,1,0,3.933014886570163e-05,0.30000001192092896,6112.3798828125
EleutherAI/pythia-14m,50000,step50000,14067712,6,4,50,1,1,0.01085656974464655,0.30000001192092896,6112.3798828125
EleutherAI/pythia-14m,50000,step50000,14067712,6,4,50,1,2,0.0004638527752831578,0.30000001192092896,6112.3798828125
EleutherAI/pythia-14m,50000,step50000,14067712,6,4,50,1,3,0.007168207783252001,0.30000001192092896,6112.3798828125
EleutherAI/pythia-14m,50000,step50000,14067712,6,4,50,2,0,0.0037112440913915634,0.30000001192092896,6112.3798828125
EleutherAI/pythia-14m,50000,step50000,14067712,6,4,50,2,1,3.3673757116048364e-07,0.30000001192092896,6112.3798828125
EleutherAI/pythia-14m,50000,step50000,14067712,6,4,50,2,2,1.3915691473412903e-15,0.30000001192092896,6112.3798828125
EleutherAI/pythia-14m,50000,step50000,14067712,6,4,50,2,3,0.012715029530227184,0.30000001192092896,6112.3798828125
EleutherAI/pythia-14m,50000,step50000,14067712,6,4,50,3,0,0.020142778754234314,0.30000001192092896,6112.3798828125
EleutherAI/pythia-14m,50000,step50000,14067712,6,4,50,3,1,0.665039598941803,0.30000001192092896,6112.3798828125
EleutherAI/pythia-14m,50000,step50000,14067712,6,4,50,3,2,0.0006606504321098328,0.30000001192092896,6112.3798828125
EleutherAI/pythia-14m,50000,step50000,14067712,6,4,50,3,3,0.701200008392334,0.30000001192092896,6112.3798828125
EleutherAI/pythia-14m,50000,step50000,14067712,6,4,50,4,0,0.05690084025263786,0.30000001192092896,6112.3798828125
EleutherAI/pythia-14m,50000,step50000,14067712,6,4,50,4,1,0.016396956518292427,0.30000001192092896,6112.3798828125
EleutherAI/pythia-14m,50000,step50000,14067712,6,4,50,4,2,0.07717511802911758,0.30000001192092896,6112.3798828125
EleutherAI/pythia-14m,50000,step50000,14067712,6,4,50,4,3,0.004523077514022589,0.30000001192092896,6112.3798828125
EleutherAI/pythia-14m,50000,step50000,14067712,6,4,50,5,0,0.0019358641002327204,0.30000001192092896,6112.3798828125
EleutherAI/pythia-14m,50000,step50000,14067712,6,4,50,5,1,0.010853433981537819,0.30000001192092896,6112.3798828125
EleutherAI/pythia-14m,50000,step50000,14067712,6,4,50,5,2,0.008170682936906815,0.30000001192092896,6112.3798828125
EleutherAI/pythia-14m,50000,step50000,14067712,6,4,50,5,3,0.02390376292169094,0.30000001192092896,6112.3798828125
EleutherAI/pythia-14m,50000,step50000,14067712,6,4,51,0,0,0.006080683320760727,0.699999988079071,12.479999542236328
EleutherAI/pythia-14m,50000,step50000,14067712,6,4,51,0,1,0.009957612492144108,0.699999988079071,12.479999542236328
EleutherAI/pythia-14m,50000,step50000,14067712,6,4,51,0,2,0.0208758432418108,0.699999988079071,12.479999542236328
EleutherAI/pythia-14m,50000,step50000,14067712,6,4,51,0,3,0.0005603961762972176,0.699999988079071,12.479999542236328
EleutherAI/pythia-14m,50000,step50000,14067712,6,4,51,1,0,6.260037935135188e-06,0.699999988079071,12.479999542236328
EleutherAI/pythia-14m,50000,step50000,14067712,6,4,51,1,1,0.005523760803043842,0.699999988079071,12.479999542236328
EleutherAI/pythia-14m,50000,step50000,14067712,6,4,51,1,2,0.0002576897095423192,0.699999988079071,12.479999542236328
EleutherAI/pythia-14m,50000,step50000,14067712,6,4,51,1,3,0.003002440556883812,0.699999988079071,12.479999542236328
EleutherAI/pythia-14m,50000,step50000,14067712,6,4,51,2,0,0.00286630867049098,0.699999988079071,12.479999542236328
EleutherAI/pythia-14m,50000,step50000,14067712,6,4,51,2,1,7.228497338473971e-07,0.699999988079071,12.479999542236328
EleutherAI/pythia-14m,50000,step50000,14067712,6,4,51,2,2,2.21162017769816e-15,0.699999988079071,12.479999542236328
EleutherAI/pythia-14m,50000,step50000,14067712,6,4,51,2,3,0.010279127396643162,0.699999988079071,12.479999542236328
EleutherAI/pythia-14m,50000,step50000,14067712,6,4,51,3,0,0.02605355530977249,0.699999988079071,12.479999542236328
EleutherAI/pythia-14m,50000,step50000,14067712,6,4,51,3,1,0.9674535989761353,0.699999988079071,12.479999542236328
EleutherAI/pythia-14m,50000,step50000,14067712,6,4,51,3,2,0.00040520646143704653,0.699999988079071,12.479999542236328
EleutherAI/pythia-14m,50000,step50000,14067712,6,4,51,3,3,0.9728960990905762,0.699999988079071,12.479999542236328
EleutherAI/pythia-14m,50000,step50000,14067712,6,4,51,4,0,0.10512620210647583,0.699999988079071,12.479999542236328
EleutherAI/pythia-14m,50000,step50000,14067712,6,4,51,4,1,0.025777893140912056,0.699999988079071,12.479999542236328
EleutherAI/pythia-14m,50000,step50000,14067712,6,4,51,4,2,0.14288875460624695,0.699999988079071,12.479999542236328
EleutherAI/pythia-14m,50000,step50000,14067712,6,4,51,4,3,0.022225454449653625,0.699999988079071,12.479999542236328
EleutherAI/pythia-14m,50000,step50000,14067712,6,4,51,5,0,0.0035889188293367624,0.699999988079071,12.479999542236328
EleutherAI/pythia-14m,50000,step50000,14067712,6,4,51,5,1,0.00813592690974474,0.699999988079071,12.479999542236328
EleutherAI/pythia-14m,50000,step50000,14067712,6,4,51,5,2,0.017825279384851456,0.699999988079071,12.479999542236328
EleutherAI/pythia-14m,50000,step50000,14067712,6,4,51,5,3,0.043614763766527176,0.699999988079071,12.479999542236328
EleutherAI/pythia-14m,50000,step50000,14067712,6,4,52,0,0,0.005500823725014925,0.6399999856948853,760.2000122070312
EleutherAI/pythia-14m,50000,step50000,14067712,6,4,52,0,1,0.011536073870956898,0.6399999856948853,760.2000122070312
EleutherAI/pythia-14m,50000,step50000,14067712,6,4,52,0,2,0.01721493899822235,0.6399999856948853,760.2000122070312
EleutherAI/pythia-14m,50000,step50000,14067712,6,4,52,0,3,0.000901895749848336,0.6399999856948853,760.2000122070312
EleutherAI/pythia-14m,50000,step50000,14067712,6,4,52,1,0,2.38226984947687e-05,0.6399999856948853,760.2000122070312
EleutherAI/pythia-14m,50000,step50000,14067712,6,4,52,1,1,0.006772649474442005,0.6399999856948853,760.2000122070312
EleutherAI/pythia-14m,50000,step50000,14067712,6,4,52,1,2,0.0005785282701253891,0.6399999856948853,760.2000122070312
EleutherAI/pythia-14m,50000,step50000,14067712,6,4,52,1,3,0.005787999834865332,0.6399999856948853,760.2000122070312
EleutherAI/pythia-14m,50000,step50000,14067712,6,4,52,2,0,0.0054860650561749935,0.6399999856948853,760.2000122070312
EleutherAI/pythia-14m,50000,step50000,14067712,6,4,52,2,1,1.3354730299397488e-07,0.6399999856948853,760.2000122070312
EleutherAI/pythia-14m,50000,step50000,14067712,6,4,52,2,2,5.046441034690409e-15,0.6399999856948853,760.2000122070312
EleutherAI/pythia-14m,50000,step50000,14067712,6,4,52,2,3,0.013500840403139591,0.6399999856948853,760.2000122070312
EleutherAI/pythia-14m,50000,step50000,14067712,6,4,52,3,0,0.022781437262892723,0.6399999856948853,760.2000122070312
EleutherAI/pythia-14m,50000,step50000,14067712,6,4,52,3,1,0.884346604347229,0.6399999856948853,760.2000122070312
EleutherAI/pythia-14m,50000,step50000,14067712,6,4,52,3,2,0.0003815471427515149,0.6399999856948853,760.2000122070312
EleutherAI/pythia-14m,50000,step50000,14067712,6,4,52,3,3,0.8879069685935974,0.6399999856948853,760.2000122070312
EleutherAI/pythia-14m,50000,step50000,14067712,6,4,52,4,0,0.061664141714572906,0.6399999856948853,760.2000122070312
EleutherAI/pythia-14m,50000,step50000,14067712,6,4,52,4,1,0.020920049399137497,0.6399999856948853,760.2000122070312
EleutherAI/pythia-14m,50000,step50000,14067712,6,4,52,4,2,0.07186475396156311,0.6399999856948853,760.2000122070312
EleutherAI/pythia-14m,50000,step50000,14067712,6,4,52,4,3,0.005572798661887646,0.6399999856948853,760.2000122070312
EleutherAI/pythia-14m,50000,step50000,14067712,6,4,52,5,0,0.002155042253434658,0.6399999856948853,760.2000122070312
EleutherAI/pythia-14m,50000,step50000,14067712,6,4,52,5,1,0.009784949012100697,0.6399999856948853,760.2000122070312
EleutherAI/pythia-14m,50000,step50000,14067712,6,4,52,5,2,0.01855560392141342,0.6399999856948853,760.2000122070312
EleutherAI/pythia-14m,50000,step50000,14067712,6,4,52,5,3,0.03789402171969414,0.6399999856948853,760.2000122070312
EleutherAI/pythia-14m,50000,step50000,14067712,6,4,53,0,0,0.004106985870748758,0.46000000834465027,4860.7998046875
EleutherAI/pythia-14m,50000,step50000,14067712,6,4,53,0,1,0.008939653635025024,0.46000000834465027,4860.7998046875
EleutherAI/pythia-14m,50000,step50000,14067712,6,4,53,0,2,0.014947870746254921,0.46000000834465027,4860.7998046875
EleutherAI/pythia-14m,50000,step50000,14067712,6,4,53,0,3,0.00044913298916071653,0.46000000834465027,4860.7998046875
EleutherAI/pythia-14m,50000,step50000,14067712,6,4,53,1,0,0.00013362648314796388,0.46000000834465027,4860.7998046875
EleutherAI/pythia-14m,50000,step50000,14067712,6,4,53,1,1,0.009861734695732594,0.46000000834465027,4860.7998046875
EleutherAI/pythia-14m,50000,step50000,14067712,6,4,53,1,2,0.0007219074759632349,0.46000000834465027,4860.7998046875
EleutherAI/pythia-14m,50000,step50000,14067712,6,4,53,1,3,0.005433404352515936,0.46000000834465027,4860.7998046875
EleutherAI/pythia-14m,50000,step50000,14067712,6,4,53,2,0,0.004671037197113037,0.46000000834465027,4860.7998046875
EleutherAI/pythia-14m,50000,step50000,14067712,6,4,53,2,1,1.932841229290716e-07,0.46000000834465027,4860.7998046875
EleutherAI/pythia-14m,50000,step50000,14067712,6,4,53,2,2,8.623456935780583e-15,0.46000000834465027,4860.7998046875
EleutherAI/pythia-14m,50000,step50000,14067712,6,4,53,2,3,0.01116158626973629,0.46000000834465027,4860.7998046875
EleutherAI/pythia-14m,50000,step50000,14067712,6,4,53,3,0,0.015992658212780952,0.46000000834465027,4860.7998046875
EleutherAI/pythia-14m,50000,step50000,14067712,6,4,53,3,1,0.6615910530090332,0.46000000834465027,4860.7998046875
EleutherAI/pythia-14m,50000,step50000,14067712,6,4,53,3,2,0.0003845169849228114,0.46000000834465027,4860.7998046875
EleutherAI/pythia-14m,50000,step50000,14067712,6,4,53,3,3,0.6775839924812317,0.46000000834465027,4860.7998046875
EleutherAI/pythia-14m,50000,step50000,14067712,6,4,53,4,0,0.05297904834151268,0.46000000834465027,4860.7998046875
EleutherAI/pythia-14m,50000,step50000,14067712,6,4,53,4,1,0.01850532740354538,0.46000000834465027,4860.7998046875
EleutherAI/pythia-14m,50000,step50000,14067712,6,4,53,4,2,0.07167220860719681,0.46000000834465027,4860.7998046875
EleutherAI/pythia-14m,50000,step50000,14067712,6,4,53,4,3,0.0038392585702240467,0.46000000834465027,4860.7998046875
EleutherAI/pythia-14m,50000,step50000,14067712,6,4,53,5,0,0.0019374709809198976,0.46000000834465027,4860.7998046875
EleutherAI/pythia-14m,50000,step50000,14067712,6,4,53,5,1,0.008058455772697926,0.46000000834465027,4860.7998046875
EleutherAI/pythia-14m,50000,step50000,14067712,6,4,53,5,2,0.007661037612706423,0.46000000834465027,4860.7998046875
EleutherAI/pythia-14m,50000,step50000,14067712,6,4,53,5,3,0.02567029744386673,0.46000000834465027,4860.7998046875
EleutherAI/pythia-14m,50000,step50000,14067712,6,4,54,0,0,0.005395697429776192,0.23999999463558197,6412.35986328125
EleutherAI/pythia-14m,50000,step50000,14067712,6,4,54,0,1,0.015371913090348244,0.23999999463558197,6412.35986328125
EleutherAI/pythia-14m,50000,step50000,14067712,6,4,54,0,2,0.014611806720495224,0.23999999463558197,6412.35986328125
EleutherAI/pythia-14m,50000,step50000,14067712,6,4,54,0,3,0.0005688496748916805,0.23999999463558197,6412.35986328125
EleutherAI/pythia-14m,50000,step50000,14067712,6,4,54,1,0,0.0004114967305213213,0.23999999463558197,6412.35986328125
EleutherAI/pythia-14m,50000,step50000,14067712,6,4,54,1,1,0.009728538803756237,0.23999999463558197,6412.35986328125
EleutherAI/pythia-14m,50000,step50000,14067712,6,4,54,1,2,0.0015962965553626418,0.23999999463558197,6412.35986328125
EleutherAI/pythia-14m,50000,step50000,14067712,6,4,54,1,3,0.007988441735506058,0.23999999463558197,6412.35986328125
EleutherAI/pythia-14m,50000,step50000,14067712,6,4,54,2,0,0.008950445801019669,0.23999999463558197,6412.35986328125
EleutherAI/pythia-14m,50000,step50000,14067712,6,4,54,2,1,2.739624960668152e-06,0.23999999463558197,6412.35986328125
EleutherAI/pythia-14m,50000,step50000,14067712,6,4,54,2,2,3.208383266093545e-13,0.23999999463558197,6412.35986328125
EleutherAI/pythia-14m,50000,step50000,14067712,6,4,54,2,3,0.010620441287755966,0.23999999463558197,6412.35986328125
EleutherAI/pythia-14m,50000,step50000,14067712,6,4,54,3,0,0.013857112266123295,0.23999999463558197,6412.35986328125
EleutherAI/pythia-14m,50000,step50000,14067712,6,4,54,3,1,0.536399245262146,0.23999999463558197,6412.35986328125
EleutherAI/pythia-14m,50000,step50000,14067712,6,4,54,3,2,0.0006061969907023013,0.23999999463558197,6412.35986328125
EleutherAI/pythia-14m,50000,step50000,14067712,6,4,54,3,3,0.5624843239784241,0.23999999463558197,6412.35986328125
EleutherAI/pythia-14m,50000,step50000,14067712,6,4,54,4,0,0.03791516646742821,0.23999999463558197,6412.35986328125
EleutherAI/pythia-14m,50000,step50000,14067712,6,4,54,4,1,0.012136882171034813,0.23999999463558197,6412.35986328125
EleutherAI/pythia-14m,50000,step50000,14067712,6,4,54,4,2,0.04109625890851021,0.23999999463558197,6412.35986328125
EleutherAI/pythia-14m,50000,step50000,14067712,6,4,54,4,3,0.0017727366648614407,0.23999999463558197,6412.35986328125
EleutherAI/pythia-14m,50000,step50000,14067712,6,4,54,5,0,0.0011119017144665122,0.23999999463558197,6412.35986328125
EleutherAI/pythia-14m,50000,step50000,14067712,6,4,54,5,1,0.004665696527808905,0.23999999463558197,6412.35986328125
EleutherAI/pythia-14m,50000,step50000,14067712,6,4,54,5,2,0.004959299229085445,0.23999999463558197,6412.35986328125
EleutherAI/pythia-14m,50000,step50000,14067712,6,4,54,5,3,0.018482619896531105,0.23999999463558197,6412.35986328125
EleutherAI/pythia-14m,50000,step50000,14067712,6,4,55,0,0,0.005197491496801376,0.5600000023841858,4311.580078125
EleutherAI/pythia-14m,50000,step50000,14067712,6,4,55,0,1,0.01118443813174963,0.5600000023841858,4311.580078125
EleutherAI/pythia-14m,50000,step50000,14067712,6,4,55,0,2,0.005809229798614979,0.5600000023841858,4311.580078125
EleutherAI/pythia-14m,50000,step50000,14067712,6,4,55,0,3,0.0006442749290727079,0.5600000023841858,4311.580078125
EleutherAI/pythia-14m,50000,step50000,14067712,6,4,55,1,0,2.6973393687512726e-05,0.5600000023841858,4311.580078125
EleutherAI/pythia-14m,50000,step50000,14067712,6,4,55,1,1,0.007156107574701309,0.5600000023841858,4311.580078125
EleutherAI/pythia-14m,50000,step50000,14067712,6,4,55,1,2,0.00032050066511146724,0.5600000023841858,4311.580078125
EleutherAI/pythia-14m,50000,step50000,14067712,6,4,55,1,3,0.005248358938843012,0.5600000023841858,4311.580078125
EleutherAI/pythia-14m,50000,step50000,14067712,6,4,55,2,0,0.0021747578866779804,0.5600000023841858,4311.580078125
EleutherAI/pythia-14m,50000,step50000,14067712,6,4,55,2,1,2.8375208671604923e-07,0.5600000023841858,4311.580078125
EleutherAI/pythia-14m,50000,step50000,14067712,6,4,55,2,2,2.6997715586556115e-13,0.5600000023841858,4311.580078125
EleutherAI/pythia-14m,50000,step50000,14067712,6,4,55,2,3,0.012092194519937038,0.5600000023841858,4311.580078125
EleutherAI/pythia-14m,50000,step50000,14067712,6,4,55,3,0,0.02054254710674286,0.5600000023841858,4311.580078125
EleutherAI/pythia-14m,50000,step50000,14067712,6,4,55,3,1,0.8046471476554871,0.5600000023841858,4311.580078125
EleutherAI/pythia-14m,50000,step50000,14067712,6,4,55,3,2,0.0003349279868416488,0.5600000023841858,4311.580078125
EleutherAI/pythia-14m,50000,step50000,14067712,6,4,55,3,3,0.83437180519104,0.5600000023841858,4311.580078125
EleutherAI/pythia-14m,50000,step50000,14067712,6,4,55,4,0,0.09657441824674606,0.5600000023841858,4311.580078125
EleutherAI/pythia-14m,50000,step50000,14067712,6,4,55,4,1,0.029079174622893333,0.5600000023841858,4311.580078125
EleutherAI/pythia-14m,50000,step50000,14067712,6,4,55,4,2,0.11340063810348511,0.5600000023841858,4311.580078125
EleutherAI/pythia-14m,50000,step50000,14067712,6,4,55,4,3,0.007970888167619705,0.5600000023841858,4311.580078125
EleutherAI/pythia-14m,50000,step50000,14067712,6,4,55,5,0,0.001109223929233849,0.5600000023841858,4311.580078125
EleutherAI/pythia-14m,50000,step50000,14067712,6,4,55,5,1,0.007969886995851994,0.5600000023841858,4311.580078125
EleutherAI/pythia-14m,50000,step50000,14067712,6,4,55,5,2,0.011948672123253345,0.5600000023841858,4311.580078125
EleutherAI/pythia-14m,50000,step50000,14067712,6,4,55,5,3,0.034876756370067596,0.5600000023841858,4311.580078125
EleutherAI/pythia-14m,50000,step50000,14067712,6,4,56,0,0,0.0059171705506742,0.6000000238418579,3987.6201171875
EleutherAI/pythia-14m,50000,step50000,14067712,6,4,56,0,1,0.009291844442486763,0.6000000238418579,3987.6201171875
EleutherAI/pythia-14m,50000,step50000,14067712,6,4,56,0,2,0.015361130237579346,0.6000000238418579,3987.6201171875
EleutherAI/pythia-14m,50000,step50000,14067712,6,4,56,0,3,0.0009134672582149506,0.6000000238418579,3987.6201171875
EleutherAI/pythia-14m,50000,step50000,14067712,6,4,56,1,0,2.936818782472983e-05,0.6000000238418579,3987.6201171875
EleutherAI/pythia-14m,50000,step50000,14067712,6,4,56,1,1,0.008502164855599403,0.6000000238418579,3987.6201171875
EleutherAI/pythia-14m,50000,step50000,14067712,6,4,56,1,2,0.0004775883280672133,0.6000000238418579,3987.6201171875
EleutherAI/pythia-14m,50000,step50000,14067712,6,4,56,1,3,0.0058504557237029076,0.6000000238418579,3987.6201171875
EleutherAI/pythia-14m,50000,step50000,14067712,6,4,56,2,0,0.005642239935696125,0.6000000238418579,3987.6201171875
EleutherAI/pythia-14m,50000,step50000,14067712,6,4,56,2,1,5.736189905292122e-07,0.6000000238418579,3987.6201171875
EleutherAI/pythia-14m,50000,step50000,14067712,6,4,56,2,2,9.479581087657764e-15,0.6000000238418579,3987.6201171875
EleutherAI/pythia-14m,50000,step50000,14067712,6,4,56,2,3,0.014364468865096569,0.6000000238418579,3987.6201171875
EleutherAI/pythia-14m,50000,step50000,14067712,6,4,56,3,0,0.0209352970123291,0.6000000238418579,3987.6201171875
EleutherAI/pythia-14m,50000,step50000,14067712,6,4,56,3,1,0.8366525173187256,0.6000000238418579,3987.6201171875
EleutherAI/pythia-14m,50000,step50000,14067712,6,4,56,3,2,0.00038740233867429197,0.6000000238418579,3987.6201171875
EleutherAI/pythia-14m,50000,step50000,14067712,6,4,56,3,3,0.8605586886405945,0.6000000238418579,3987.6201171875
EleutherAI/pythia-14m,50000,step50000,14067712,6,4,56,4,0,0.0605323426425457,0.6000000238418579,3987.6201171875
EleutherAI/pythia-14m,50000,step50000,14067712,6,4,56,4,1,0.016960477456450462,0.6000000238418579,3987.6201171875
EleutherAI/pythia-14m,50000,step50000,14067712,6,4,56,4,2,0.08009789139032364,0.6000000238418579,3987.6201171875
EleutherAI/pythia-14m,50000,step50000,14067712,6,4,56,4,3,0.006615849677473307,0.6000000238418579,3987.6201171875
EleutherAI/pythia-14m,50000,step50000,14067712,6,4,56,5,0,0.0027996355202049017,0.6000000238418579,3987.6201171875
EleutherAI/pythia-14m,50000,step50000,14067712,6,4,56,5,1,0.008794530294835567,0.6000000238418579,3987.6201171875
EleutherAI/pythia-14m,50000,step50000,14067712,6,4,56,5,2,0.010698800906538963,0.6000000238418579,3987.6201171875
EleutherAI/pythia-14m,50000,step50000,14067712,6,4,56,5,3,0.03732772171497345,0.6000000238418579,3987.6201171875
EleutherAI/pythia-14m,50000,step50000,14067712,6,4,57,0,0,0.006020254921168089,0.6399999856948853,2368.719970703125
EleutherAI/pythia-14m,50000,step50000,14067712,6,4,57,0,1,0.012335984967648983,0.6399999856948853,2368.719970703125
EleutherAI/pythia-14m,50000,step50000,14067712,6,4,57,0,2,0.020706184208393097,0.6399999856948853,2368.719970703125
EleutherAI/pythia-14m,50000,step50000,14067712,6,4,57,0,3,0.0005631932872347534,0.6399999856948853,2368.719970703125
EleutherAI/pythia-14m,50000,step50000,14067712,6,4,57,1,0,5.039408733864548e-06,0.6399999856948853,2368.719970703125
EleutherAI/pythia-14m,50000,step50000,14067712,6,4,57,1,1,0.006151704117655754,0.6399999856948853,2368.719970703125
EleutherAI/pythia-14m,50000,step50000,14067712,6,4,57,1,2,0.00019251469348091632,0.6399999856948853,2368.719970703125
EleutherAI/pythia-14m,50000,step50000,14067712,6,4,57,1,3,0.004826883319765329,0.6399999856948853,2368.719970703125
EleutherAI/pythia-14m,50000,step50000,14067712,6,4,57,2,0,0.0018292510649189353,0.6399999856948853,2368.719970703125
EleutherAI/pythia-14m,50000,step50000,14067712,6,4,57,2,1,4.2373750375190866e-07,0.6399999856948853,2368.719970703125
EleutherAI/pythia-14m,50000,step50000,14067712,6,4,57,2,2,2.907032999196167e-14,0.6399999856948853,2368.719970703125
EleutherAI/pythia-14m,50000,step50000,14067712,6,4,57,2,3,0.008269276469945908,0.6399999856948853,2368.719970703125
EleutherAI/pythia-14m,50000,step50000,14067712,6,4,57,3,0,0.015462372452020645,0.6399999856948853,2368.719970703125
EleutherAI/pythia-14m,50000,step50000,14067712,6,4,57,3,1,0.8737174272537231,0.6399999856948853,2368.719970703125
EleutherAI/pythia-14m,50000,step50000,14067712,6,4,57,3,2,0.0006734496564604342,0.6399999856948853,2368.719970703125
EleutherAI/pythia-14m,50000,step50000,14067712,6,4,57,3,3,0.8797397017478943,0.6399999856948853,2368.719970703125
EleutherAI/pythia-14m,50000,step50000,14067712,6,4,57,4,0,0.07115285098552704,0.6399999856948853,2368.719970703125
EleutherAI/pythia-14m,50000,step50000,14067712,6,4,57,4,1,0.014879579655826092,0.6399999856948853,2368.719970703125
EleutherAI/pythia-14m,50000,step50000,14067712,6,4,57,4,2,0.07893488556146622,0.6399999856948853,2368.719970703125
EleutherAI/pythia-14m,50000,step50000,14067712,6,4,57,4,3,0.0041210162453353405,0.6399999856948853,2368.719970703125
EleutherAI/pythia-14m,50000,step50000,14067712,6,4,57,5,0,0.0020359971094876528,0.6399999856948853,2368.719970703125
EleutherAI/pythia-14m,50000,step50000,14067712,6,4,57,5,1,0.008139198645949364,0.6399999856948853,2368.719970703125
EleutherAI/pythia-14m,50000,step50000,14067712,6,4,57,5,2,0.01562615856528282,0.6399999856948853,2368.719970703125
EleutherAI/pythia-14m,50000,step50000,14067712,6,4,57,5,3,0.039429888129234314,0.6399999856948853,2368.719970703125
EleutherAI/pythia-14m,50000,step50000,14067712,6,4,58,0,0,0.006090913433581591,0.7799999713897705,437.3399963378906
EleutherAI/pythia-14m,50000,step50000,14067712,6,4,58,0,1,0.011327449232339859,0.7799999713897705,437.3399963378906
EleutherAI/pythia-14m,50000,step50000,14067712,6,4,58,0,2,0.016697553917765617,0.7799999713897705,437.3399963378906
EleutherAI/pythia-14m,50000,step50000,14067712,6,4,58,0,3,0.0005951235070824623,0.7799999713897705,437.3399963378906
EleutherAI/pythia-14m,50000,step50000,14067712,6,4,58,1,0,2.7876620151801035e-05,0.7799999713897705,437.3399963378906
EleutherAI/pythia-14m,50000,step50000,14067712,6,4,58,1,1,0.006000038236379623,0.7799999713897705,437.3399963378906
EleutherAI/pythia-14m,50000,step50000,14067712,6,4,58,1,2,0.00021983738406561315,0.7799999713897705,437.3399963378906
EleutherAI/pythia-14m,50000,step50000,14067712,6,4,58,1,3,0.00464091170579195,0.7799999713897705,437.3399963378906
EleutherAI/pythia-14m,50000,step50000,14067712,6,4,58,2,0,0.004166150465607643,0.7799999713897705,437.3399963378906
EleutherAI/pythia-14m,50000,step50000,14067712,6,4,58,2,1,1.4253123126195533e-08,0.7799999713897705,437.3399963378906
EleutherAI/pythia-14m,50000,step50000,14067712,6,4,58,2,2,6.825727655176094e-16,0.7799999713897705,437.3399963378906
EleutherAI/pythia-14m,50000,step50000,14067712,6,4,58,2,3,0.008680774830281734,0.7799999713897705,437.3399963378906
EleutherAI/pythia-14m,50000,step50000,14067712,6,4,58,3,0,0.02572968788444996,0.7799999713897705,437.3399963378906
EleutherAI/pythia-14m,50000,step50000,14067712,6,4,58,3,1,0.9403125047683716,0.7799999713897705,437.3399963378906
EleutherAI/pythia-14m,50000,step50000,14067712,6,4,58,3,2,0.0003767581656575203,0.7799999713897705,437.3399963378906
EleutherAI/pythia-14m,50000,step50000,14067712,6,4,58,3,3,0.9499765038490295,0.7799999713897705,437.3399963378906
EleutherAI/pythia-14m,50000,step50000,14067712,6,4,58,4,0,0.0914999395608902,0.7799999713897705,437.3399963378906
EleutherAI/pythia-14m,50000,step50000,14067712,6,4,58,4,1,0.028089381754398346,0.7799999713897705,437.3399963378906
EleutherAI/pythia-14m,50000,step50000,14067712,6,4,58,4,2,0.10207191109657288,0.7799999713897705,437.3399963378906
EleutherAI/pythia-14m,50000,step50000,14067712,6,4,58,4,3,0.014709391631186008,0.7799999713897705,437.3399963378906
EleutherAI/pythia-14m,50000,step50000,14067712,6,4,58,5,0,0.002407308202236891,0.7799999713897705,437.3399963378906
EleutherAI/pythia-14m,50000,step50000,14067712,6,4,58,5,1,0.007647013757377863,0.7799999713897705,437.3399963378906
EleutherAI/pythia-14m,50000,step50000,14067712,6,4,58,5,2,0.024569692090153694,0.7799999713897705,437.3399963378906
EleutherAI/pythia-14m,50000,step50000,14067712,6,4,58,5,3,0.042210403829813004,0.7799999713897705,437.3399963378906
EleutherAI/pythia-14m,50000,step50000,14067712,6,4,59,0,0,0.002457943744957447,0.7200000286102295,1560.199951171875
EleutherAI/pythia-14m,50000,step50000,14067712,6,4,59,0,1,0.0075757806189358234,0.7200000286102295,1560.199951171875
EleutherAI/pythia-14m,50000,step50000,14067712,6,4,59,0,2,0.01654498279094696,0.7200000286102295,1560.199951171875
EleutherAI/pythia-14m,50000,step50000,14067712,6,4,59,0,3,0.001180463470518589,0.7200000286102295,1560.199951171875
EleutherAI/pythia-14m,50000,step50000,14067712,6,4,59,1,0,2.2947206161916256e-05,0.7200000286102295,1560.199951171875
EleutherAI/pythia-14m,50000,step50000,14067712,6,4,59,1,1,0.006427808199077845,0.7200000286102295,1560.199951171875
EleutherAI/pythia-14m,50000,step50000,14067712,6,4,59,1,2,0.00028166675474494696,0.7200000286102295,1560.199951171875
EleutherAI/pythia-14m,50000,step50000,14067712,6,4,59,1,3,0.004348267801105976,0.7200000286102295,1560.199951171875
EleutherAI/pythia-14m,50000,step50000,14067712,6,4,59,2,0,0.002604779787361622,0.7200000286102295,1560.199951171875
EleutherAI/pythia-14m,50000,step50000,14067712,6,4,59,2,1,7.394863246190653e-07,0.7200000286102295,1560.199951171875
EleutherAI/pythia-14m,50000,step50000,14067712,6,4,59,2,2,7.75360237982841e-15,0.7200000286102295,1560.199951171875
EleutherAI/pythia-14m,50000,step50000,14067712,6,4,59,2,3,0.007114254869520664,0.7200000286102295,1560.199951171875
EleutherAI/pythia-14m,50000,step50000,14067712,6,4,59,3,0,0.027398256585001945,0.7200000286102295,1560.199951171875
EleutherAI/pythia-14m,50000,step50000,14067712,6,4,59,3,1,0.8961830139160156,0.7200000286102295,1560.199951171875
EleutherAI/pythia-14m,50000,step50000,14067712,6,4,59,3,2,0.0005191838718019426,0.7200000286102295,1560.199951171875
EleutherAI/pythia-14m,50000,step50000,14067712,6,4,59,3,3,0.9127861857414246,0.7200000286102295,1560.199951171875
EleutherAI/pythia-14m,50000,step50000,14067712,6,4,59,4,0,0.09851299226284027,0.7200000286102295,1560.199951171875
EleutherAI/pythia-14m,50000,step50000,14067712,6,4,59,4,1,0.030810784548521042,0.7200000286102295,1560.199951171875
EleutherAI/pythia-14m,50000,step50000,14067712,6,4,59,4,2,0.10869988799095154,0.7200000286102295,1560.199951171875
EleutherAI/pythia-14m,50000,step50000,14067712,6,4,59,4,3,0.005265680607408285,0.7200000286102295,1560.199951171875
EleutherAI/pythia-14m,50000,step50000,14067712,6,4,59,5,0,0.0011622204910963774,0.7200000286102295,1560.199951171875
EleutherAI/pythia-14m,50000,step50000,14067712,6,4,59,5,1,0.00484452722594142,0.7200000286102295,1560.199951171875
EleutherAI/pythia-14m,50000,step50000,14067712,6,4,59,5,2,0.014014285057783127,0.7200000286102295,1560.199951171875
EleutherAI/pythia-14m,50000,step50000,14067712,6,4,59,5,3,0.05011336877942085,0.7200000286102295,1560.199951171875
EleutherAI/pythia-14m,50000,step50000,14067712,6,4,60,0,0,0.0058639151975512505,0.6200000047683716,2266.219970703125
EleutherAI/pythia-14m,50000,step50000,14067712,6,4,60,0,1,0.010648087598383427,0.6200000047683716,2266.219970703125
EleutherAI/pythia-14m,50000,step50000,14067712,6,4,60,0,2,0.02194526046514511,0.6200000047683716,2266.219970703125
EleutherAI/pythia-14m,50000,step50000,14067712,6,4,60,0,3,0.0015304265543818474,0.6200000047683716,2266.219970703125
EleutherAI/pythia-14m,50000,step50000,14067712,6,4,60,1,0,3.1121770007302985e-05,0.6200000047683716,2266.219970703125
EleutherAI/pythia-14m,50000,step50000,14067712,6,4,60,1,1,0.009192507714033127,0.6200000047683716,2266.219970703125
EleutherAI/pythia-14m,50000,step50000,14067712,6,4,60,1,2,0.00030108567443676293,0.6200000047683716,2266.219970703125
EleutherAI/pythia-14m,50000,step50000,14067712,6,4,60,1,3,0.004761418327689171,0.6200000047683716,2266.219970703125
EleutherAI/pythia-14m,50000,step50000,14067712,6,4,60,2,0,0.002479337388649583,0.6200000047683716,2266.219970703125
EleutherAI/pythia-14m,50000,step50000,14067712,6,4,60,2,1,6.066872515475552e-08,0.6200000047683716,2266.219970703125
EleutherAI/pythia-14m,50000,step50000,14067712,6,4,60,2,2,6.002709891921466e-15,0.6200000047683716,2266.219970703125
EleutherAI/pythia-14m,50000,step50000,14067712,6,4,60,2,3,0.009886491112411022,0.6200000047683716,2266.219970703125
EleutherAI/pythia-14m,50000,step50000,14067712,6,4,60,3,0,0.021909238770604134,0.6200000047683716,2266.219970703125
EleutherAI/pythia-14m,50000,step50000,14067712,6,4,60,3,1,0.879848837852478,0.6200000047683716,2266.219970703125
EleutherAI/pythia-14m,50000,step50000,14067712,6,4,60,3,2,0.00025366837508045137,0.6200000047683716,2266.219970703125
EleutherAI/pythia-14m,50000,step50000,14067712,6,4,60,3,3,0.8949326872825623,0.6200000047683716,2266.219970703125
EleutherAI/pythia-14m,50000,step50000,14067712,6,4,60,4,0,0.09752792119979858,0.6200000047683716,2266.219970703125
EleutherAI/pythia-14m,50000,step50000,14067712,6,4,60,4,1,0.019398381933569908,0.6200000047683716,2266.219970703125
EleutherAI/pythia-14m,50000,step50000,14067712,6,4,60,4,2,0.11646690219640732,0.6200000047683716,2266.219970703125
EleutherAI/pythia-14m,50000,step50000,14067712,6,4,60,4,3,0.0064273010939359665,0.6200000047683716,2266.219970703125
EleutherAI/pythia-14m,50000,step50000,14067712,6,4,60,5,0,0.0029278737492859364,0.6200000047683716,2266.219970703125
EleutherAI/pythia-14m,50000,step50000,14067712,6,4,60,5,1,0.009234164841473103,0.6200000047683716,2266.219970703125
EleutherAI/pythia-14m,50000,step50000,14067712,6,4,60,5,2,0.01833331398665905,0.6200000047683716,2266.219970703125
EleutherAI/pythia-14m,50000,step50000,14067712,6,4,60,5,3,0.05707473307847977,0.6200000047683716,2266.219970703125
EleutherAI/pythia-14m,50000,step50000,14067712,6,4,61,0,0,0.003475039964541793,0.5,3928.659912109375
EleutherAI/pythia-14m,50000,step50000,14067712,6,4,61,0,1,0.009905854240059853,0.5,3928.659912109375
EleutherAI/pythia-14m,50000,step50000,14067712,6,4,61,0,2,0.008441206999123096,0.5,3928.659912109375
EleutherAI/pythia-14m,50000,step50000,14067712,6,4,61,0,3,0.00039342432864941657,0.5,3928.659912109375
EleutherAI/pythia-14m,50000,step50000,14067712,6,4,61,1,0,2.177741589548532e-05,0.5,3928.659912109375
EleutherAI/pythia-14m,50000,step50000,14067712,6,4,61,1,1,0.006461757235229015,0.5,3928.659912109375
EleutherAI/pythia-14m,50000,step50000,14067712,6,4,61,1,2,0.0003368449688423425,0.5,3928.659912109375
EleutherAI/pythia-14m,50000,step50000,14067712,6,4,61,1,3,0.0056810034438967705,0.5,3928.659912109375
EleutherAI/pythia-14m,50000,step50000,14067712,6,4,61,2,0,0.003186929738149047,0.5,3928.659912109375
EleutherAI/pythia-14m,50000,step50000,14067712,6,4,61,2,1,8.467828592984006e-05,0.5,3928.659912109375
EleutherAI/pythia-14m,50000,step50000,14067712,6,4,61,2,2,4.133123964605856e-12,0.5,3928.659912109375
EleutherAI/pythia-14m,50000,step50000,14067712,6,4,61,2,3,0.006498939823359251,0.5,3928.659912109375
EleutherAI/pythia-14m,50000,step50000,14067712,6,4,61,3,0,0.015451766550540924,0.5,3928.659912109375
EleutherAI/pythia-14m,50000,step50000,14067712,6,4,61,3,1,0.7995703220367432,0.5,3928.659912109375
EleutherAI/pythia-14m,50000,step50000,14067712,6,4,61,3,2,0.0004857230233028531,0.5,3928.659912109375
EleutherAI/pythia-14m,50000,step50000,14067712,6,4,61,3,3,0.8158109784126282,0.5,3928.659912109375
EleutherAI/pythia-14m,50000,step50000,14067712,6,4,61,4,0,0.08121280372142792,0.5,3928.659912109375
EleutherAI/pythia-14m,50000,step50000,14067712,6,4,61,4,1,0.01838454231619835,0.5,3928.659912109375
EleutherAI/pythia-14m,50000,step50000,14067712,6,4,61,4,2,0.09639494866132736,0.5,3928.659912109375
EleutherAI/pythia-14m,50000,step50000,14067712,6,4,61,4,3,0.0033526259940117598,0.5,3928.659912109375
EleutherAI/pythia-14m,50000,step50000,14067712,6,4,61,5,0,0.0007865764782764018,0.5,3928.659912109375
EleutherAI/pythia-14m,50000,step50000,14067712,6,4,61,5,1,0.0050192298367619514,0.5,3928.659912109375
EleutherAI/pythia-14m,50000,step50000,14067712,6,4,61,5,2,0.0123370960354805,0.5,3928.659912109375
EleutherAI/pythia-14m,50000,step50000,14067712,6,4,61,5,3,0.036684323102235794,0.5,3928.659912109375
EleutherAI/pythia-14m,50000,step50000,14067712,6,4,62,0,0,0.003368158359080553,0.20000000298023224,10178.6396484375
EleutherAI/pythia-14m,50000,step50000,14067712,6,4,62,0,1,0.00991435069590807,0.20000000298023224,10178.6396484375
EleutherAI/pythia-14m,50000,step50000,14067712,6,4,62,0,2,0.006343196611851454,0.20000000298023224,10178.6396484375
EleutherAI/pythia-14m,50000,step50000,14067712,6,4,62,0,3,0.000495083921123296,0.20000000298023224,10178.6396484375
EleutherAI/pythia-14m,50000,step50000,14067712,6,4,62,1,0,0.00010217816452495754,0.20000000298023224,10178.6396484375
EleutherAI/pythia-14m,50000,step50000,14067712,6,4,62,1,1,0.011434394866228104,0.20000000298023224,10178.6396484375
EleutherAI/pythia-14m,50000,step50000,14067712,6,4,62,1,2,0.000913563824724406,0.20000000298023224,10178.6396484375
EleutherAI/pythia-14m,50000,step50000,14067712,6,4,62,1,3,0.006725537125021219,0.20000000298023224,10178.6396484375
EleutherAI/pythia-14m,50000,step50000,14067712,6,4,62,2,0,0.004317471291869879,0.20000000298023224,10178.6396484375
EleutherAI/pythia-14m,50000,step50000,14067712,6,4,62,2,1,1.0563289265519415e-07,0.20000000298023224,10178.6396484375
EleutherAI/pythia-14m,50000,step50000,14067712,6,4,62,2,2,5.698896114400293e-15,0.20000000298023224,10178.6396484375
EleutherAI/pythia-14m,50000,step50000,14067712,6,4,62,2,3,0.012598641216754913,0.20000000298023224,10178.6396484375
EleutherAI/pythia-14m,50000,step50000,14067712,6,4,62,3,0,0.016814257949590683,0.20000000298023224,10178.6396484375
EleutherAI/pythia-14m,50000,step50000,14067712,6,4,62,3,1,0.5484108328819275,0.20000000298023224,10178.6396484375
EleutherAI/pythia-14m,50000,step50000,14067712,6,4,62,3,2,0.0005192116368561983,0.20000000298023224,10178.6396484375
EleutherAI/pythia-14m,50000,step50000,14067712,6,4,62,3,3,0.5854070782661438,0.20000000298023224,10178.6396484375
EleutherAI/pythia-14m,50000,step50000,14067712,6,4,62,4,0,0.04938274994492531,0.20000000298023224,10178.6396484375
EleutherAI/pythia-14m,50000,step50000,14067712,6,4,62,4,1,0.016995662823319435,0.20000000298023224,10178.6396484375
EleutherAI/pythia-14m,50000,step50000,14067712,6,4,62,4,2,0.0380980484187603,0.20000000298023224,10178.6396484375
EleutherAI/pythia-14m,50000,step50000,14067712,6,4,62,4,3,0.0028732717037200928,0.20000000298023224,10178.6396484375
EleutherAI/pythia-14m,50000,step50000,14067712,6,4,62,5,0,0.002871786244213581,0.20000000298023224,10178.6396484375
EleutherAI/pythia-14m,50000,step50000,14067712,6,4,62,5,1,0.0073033045046031475,0.20000000298023224,10178.6396484375
EleutherAI/pythia-14m,50000,step50000,14067712,6,4,62,5,2,0.006568518467247486,0.20000000298023224,10178.6396484375
EleutherAI/pythia-14m,50000,step50000,14067712,6,4,62,5,3,0.020041387528181076,0.20000000298023224,10178.6396484375
EleutherAI/pythia-14m,50000,step50000,14067712,6,4,63,0,0,0.003306735772639513,0.6600000262260437,3467.419921875
EleutherAI/pythia-14m,50000,step50000,14067712,6,4,63,0,1,0.009607614949345589,0.6600000262260437,3467.419921875
EleutherAI/pythia-14m,50000,step50000,14067712,6,4,63,0,2,0.015614684671163559,0.6600000262260437,3467.419921875
EleutherAI/pythia-14m,50000,step50000,14067712,6,4,63,0,3,0.0026903972029685974,0.6600000262260437,3467.419921875
EleutherAI/pythia-14m,50000,step50000,14067712,6,4,63,1,0,2.325934656255413e-05,0.6600000262260437,3467.419921875
EleutherAI/pythia-14m,50000,step50000,14067712,6,4,63,1,1,0.01315805222839117,0.6600000262260437,3467.419921875
EleutherAI/pythia-14m,50000,step50000,14067712,6,4,63,1,2,0.00022089274716563523,0.6600000262260437,3467.419921875
EleutherAI/pythia-14m,50000,step50000,14067712,6,4,63,1,3,0.0038548605516552925,0.6600000262260437,3467.419921875
EleutherAI/pythia-14m,50000,step50000,14067712,6,4,63,2,0,0.0036965785548090935,0.6600000262260437,3467.419921875
EleutherAI/pythia-14m,50000,step50000,14067712,6,4,63,2,1,7.304388560669395e-08,0.6600000262260437,3467.419921875
EleutherAI/pythia-14m,50000,step50000,14067712,6,4,63,2,2,1.7385013784468328e-12,0.6600000262260437,3467.419921875
EleutherAI/pythia-14m,50000,step50000,14067712,6,4,63,2,3,0.011294059455394745,0.6600000262260437,3467.419921875
EleutherAI/pythia-14m,50000,step50000,14067712,6,4,63,3,0,0.027329839766025543,0.6600000262260437,3467.419921875
EleutherAI/pythia-14m,50000,step50000,14067712,6,4,63,3,1,0.7675786018371582,0.6600000262260437,3467.419921875
EleutherAI/pythia-14m,50000,step50000,14067712,6,4,63,3,2,0.00047552783507853746,0.6600000262260437,3467.419921875
EleutherAI/pythia-14m,50000,step50000,14067712,6,4,63,3,3,0.7672917246818542,0.6600000262260437,3467.419921875
EleutherAI/pythia-14m,50000,step50000,14067712,6,4,63,4,0,0.07494696974754333,0.6600000262260437,3467.419921875
EleutherAI/pythia-14m,50000,step50000,14067712,6,4,63,4,1,0.027588296681642532,0.6600000262260437,3467.419921875
EleutherAI/pythia-14m,50000,step50000,14067712,6,4,63,4,2,0.08265555649995804,0.6600000262260437,3467.419921875
EleutherAI/pythia-14m,50000,step50000,14067712,6,4,63,4,3,0.010340439155697823,0.6600000262260437,3467.419921875
EleutherAI/pythia-14m,50000,step50000,14067712,6,4,63,5,0,0.0017313144635409117,0.6600000262260437,3467.419921875
EleutherAI/pythia-14m,50000,step50000,14067712,6,4,63,5,1,0.013114155270159245,0.6600000262260437,3467.419921875
EleutherAI/pythia-14m,50000,step50000,14067712,6,4,63,5,2,0.011910519562661648,0.6600000262260437,3467.419921875
EleutherAI/pythia-14m,50000,step50000,14067712,6,4,63,5,3,0.038924913853406906,0.6600000262260437,3467.419921875
EleutherAI/pythia-14m,50000,step50000,14067712,6,4,64,0,0,0.006470518186688423,0.5799999833106995,701.2000122070312
EleutherAI/pythia-14m,50000,step50000,14067712,6,4,64,0,1,0.009805425070226192,0.5799999833106995,701.2000122070312
EleutherAI/pythia-14m,50000,step50000,14067712,6,4,64,0,2,0.019597772508859634,0.5799999833106995,701.2000122070312
EleutherAI/pythia-14m,50000,step50000,14067712,6,4,64,0,3,0.001347560086287558,0.5799999833106995,701.2000122070312
EleutherAI/pythia-14m,50000,step50000,14067712,6,4,64,1,0,1.489053374825744e-05,0.5799999833106995,701.2000122070312
EleutherAI/pythia-14m,50000,step50000,14067712,6,4,64,1,1,0.004102632869035006,0.5799999833106995,701.2000122070312
EleutherAI/pythia-14m,50000,step50000,14067712,6,4,64,1,2,0.00021593501151073724,0.5799999833106995,701.2000122070312
EleutherAI/pythia-14m,50000,step50000,14067712,6,4,64,1,3,0.00443238252773881,0.5799999833106995,701.2000122070312
EleutherAI/pythia-14m,50000,step50000,14067712,6,4,64,2,0,0.004902390763163567,0.5799999833106995,701.2000122070312
EleutherAI/pythia-14m,50000,step50000,14067712,6,4,64,2,1,1.2386403014374991e-08,0.5799999833106995,701.2000122070312
EleutherAI/pythia-14m,50000,step50000,14067712,6,4,64,2,2,4.703796488599032e-13,0.5799999833106995,701.2000122070312
EleutherAI/pythia-14m,50000,step50000,14067712,6,4,64,2,3,0.012776413932442665,0.5799999833106995,701.2000122070312
EleutherAI/pythia-14m,50000,step50000,14067712,6,4,64,3,0,0.025936875492334366,0.5799999833106995,701.2000122070312
EleutherAI/pythia-14m,50000,step50000,14067712,6,4,64,3,1,0.9232921600341797,0.5799999833106995,701.2000122070312
EleutherAI/pythia-14m,50000,step50000,14067712,6,4,64,3,2,0.0003997761814389378,0.5799999833106995,701.2000122070312
EleutherAI/pythia-14m,50000,step50000,14067712,6,4,64,3,3,0.9333218932151794,0.5799999833106995,701.2000122070312
EleutherAI/pythia-14m,50000,step50000,14067712,6,4,64,4,0,0.12192478030920029,0.5799999833106995,701.2000122070312
EleutherAI/pythia-14m,50000,step50000,14067712,6,4,64,4,1,0.02255750261247158,0.5799999833106995,701.2000122070312
EleutherAI/pythia-14m,50000,step50000,14067712,6,4,64,4,2,0.14710131287574768,0.5799999833106995,701.2000122070312
EleutherAI/pythia-14m,50000,step50000,14067712,6,4,64,4,3,0.017911432310938835,0.5799999833106995,701.2000122070312
EleutherAI/pythia-14m,50000,step50000,14067712,6,4,64,5,0,0.006276835687458515,0.5799999833106995,701.2000122070312
EleutherAI/pythia-14m,50000,step50000,14067712,6,4,64,5,1,0.008784291334450245,0.5799999833106995,701.2000122070312
EleutherAI/pythia-14m,50000,step50000,14067712,6,4,64,5,2,0.026307549327611923,0.5799999833106995,701.2000122070312
EleutherAI/pythia-14m,50000,step50000,14067712,6,4,64,5,3,0.06007947772741318,0.5799999833106995,701.2000122070312
EleutherAI/pythia-14m,50000,step50000,14067712,6,4,65,0,0,0.0057353675365448,0.7200000286102295,1434.4599609375
EleutherAI/pythia-14m,50000,step50000,14067712,6,4,65,0,1,0.009198129177093506,0.7200000286102295,1434.4599609375
EleutherAI/pythia-14m,50000,step50000,14067712,6,4,65,0,2,0.009499449282884598,0.7200000286102295,1434.4599609375
EleutherAI/pythia-14m,50000,step50000,14067712,6,4,65,0,3,0.0003734116908162832,0.7200000286102295,1434.4599609375
EleutherAI/pythia-14m,50000,step50000,14067712,6,4,65,1,0,2.9462897146004252e-05,0.7200000286102295,1434.4599609375
EleutherAI/pythia-14m,50000,step50000,14067712,6,4,65,1,1,0.006320797838270664,0.7200000286102295,1434.4599609375
EleutherAI/pythia-14m,50000,step50000,14067712,6,4,65,1,2,0.0005366799305193126,0.7200000286102295,1434.4599609375
EleutherAI/pythia-14m,50000,step50000,14067712,6,4,65,1,3,0.005994228646159172,0.7200000286102295,1434.4599609375
EleutherAI/pythia-14m,50000,step50000,14067712,6,4,65,2,0,0.0025802948512136936,0.7200000286102295,1434.4599609375
EleutherAI/pythia-14m,50000,step50000,14067712,6,4,65,2,1,9.413844281880301e-08,0.7200000286102295,1434.4599609375
EleutherAI/pythia-14m,50000,step50000,14067712,6,4,65,2,2,2.5204181935425084e-14,0.7200000286102295,1434.4599609375
EleutherAI/pythia-14m,50000,step50000,14067712,6,4,65,2,3,0.010187101550400257,0.7200000286102295,1434.4599609375
EleutherAI/pythia-14m,50000,step50000,14067712,6,4,65,3,0,0.03134691342711449,0.7200000286102295,1434.4599609375
EleutherAI/pythia-14m,50000,step50000,14067712,6,4,65,3,1,0.916161060333252,0.7200000286102295,1434.4599609375
EleutherAI/pythia-14m,50000,step50000,14067712,6,4,65,3,2,0.0003663316019810736,0.7200000286102295,1434.4599609375
EleutherAI/pythia-14m,50000,step50000,14067712,6,4,65,3,3,0.9269464612007141,0.7200000286102295,1434.4599609375
EleutherAI/pythia-14m,50000,step50000,14067712,6,4,65,4,0,0.09983201324939728,0.7200000286102295,1434.4599609375
EleutherAI/pythia-14m,50000,step50000,14067712,6,4,65,4,1,0.0192408487200737,0.7200000286102295,1434.4599609375
EleutherAI/pythia-14m,50000,step50000,14067712,6,4,65,4,2,0.10092126578092575,0.7200000286102295,1434.4599609375
EleutherAI/pythia-14m,50000,step50000,14067712,6,4,65,4,3,0.009262656792998314,0.7200000286102295,1434.4599609375
EleutherAI/pythia-14m,50000,step50000,14067712,6,4,65,5,0,0.0029028707649558783,0.7200000286102295,1434.4599609375
EleutherAI/pythia-14m,50000,step50000,14067712,6,4,65,5,1,0.008384146727621555,0.7200000286102295,1434.4599609375
EleutherAI/pythia-14m,50000,step50000,14067712,6,4,65,5,2,0.0194721482694149,0.7200000286102295,1434.4599609375
EleutherAI/pythia-14m,50000,step50000,14067712,6,4,65,5,3,0.04077591747045517,0.7200000286102295,1434.4599609375
EleutherAI/pythia-14m,50000,step50000,14067712,6,4,66,0,0,0.004978930111974478,0.800000011920929,88.16000366210938
EleutherAI/pythia-14m,50000,step50000,14067712,6,4,66,0,1,0.015101790428161621,0.800000011920929,88.16000366210938
EleutherAI/pythia-14m,50000,step50000,14067712,6,4,66,0,2,0.006917170714586973,0.800000011920929,88.16000366210938
EleutherAI/pythia-14m,50000,step50000,14067712,6,4,66,0,3,0.000312856282107532,0.800000011920929,88.16000366210938
EleutherAI/pythia-14m,50000,step50000,14067712,6,4,66,1,0,6.255495918594534e-06,0.800000011920929,88.16000366210938
EleutherAI/pythia-14m,50000,step50000,14067712,6,4,66,1,1,0.005178491584956646,0.800000011920929,88.16000366210938
EleutherAI/pythia-14m,50000,step50000,14067712,6,4,66,1,2,0.00029441804508678615,0.800000011920929,88.16000366210938
EleutherAI/pythia-14m,50000,step50000,14067712,6,4,66,1,3,0.004728431813418865,0.800000011920929,88.16000366210938
EleutherAI/pythia-14m,50000,step50000,14067712,6,4,66,2,0,0.0039433701895177364,0.800000011920929,88.16000366210938
EleutherAI/pythia-14m,50000,step50000,14067712,6,4,66,2,1,3.5412586640859445e-08,0.800000011920929,88.16000366210938
EleutherAI/pythia-14m,50000,step50000,14067712,6,4,66,2,2,8.711062165383306e-15,0.800000011920929,88.16000366210938
EleutherAI/pythia-14m,50000,step50000,14067712,6,4,66,2,3,0.009162187576293945,0.800000011920929,88.16000366210938
EleutherAI/pythia-14m,50000,step50000,14067712,6,4,66,3,0,0.023239264264702797,0.800000011920929,88.16000366210938
EleutherAI/pythia-14m,50000,step50000,14067712,6,4,66,3,1,0.9340466260910034,0.800000011920929,88.16000366210938
EleutherAI/pythia-14m,50000,step50000,14067712,6,4,66,3,2,0.00030903040897101164,0.800000011920929,88.16000366210938
EleutherAI/pythia-14m,50000,step50000,14067712,6,4,66,3,3,0.9509715437889099,0.800000011920929,88.16000366210938
EleutherAI/pythia-14m,50000,step50000,14067712,6,4,66,4,0,0.10451041907072067,0.800000011920929,88.16000366210938
EleutherAI/pythia-14m,50000,step50000,14067712,6,4,66,4,1,0.021061457693576813,0.800000011920929,88.16000366210938
EleutherAI/pythia-14m,50000,step50000,14067712,6,4,66,4,2,0.12112270295619965,0.800000011920929,88.16000366210938
EleutherAI/pythia-14m,50000,step50000,14067712,6,4,66,4,3,0.01847722940146923,0.800000011920929,88.16000366210938
EleutherAI/pythia-14m,50000,step50000,14067712,6,4,66,5,0,0.005381932482123375,0.800000011920929,88.16000366210938
EleutherAI/pythia-14m,50000,step50000,14067712,6,4,66,5,1,0.01274652499705553,0.800000011920929,88.16000366210938
EleutherAI/pythia-14m,50000,step50000,14067712,6,4,66,5,2,0.01928401179611683,0.800000011920929,88.16000366210938
EleutherAI/pythia-14m,50000,step50000,14067712,6,4,66,5,3,0.05147068575024605,0.800000011920929,88.16000366210938
EleutherAI/pythia-14m,50000,step50000,14067712,6,4,67,0,0,0.006418765056878328,0.7799999713897705,363.7200012207031
EleutherAI/pythia-14m,50000,step50000,14067712,6,4,67,0,1,0.010310376062989235,0.7799999713897705,363.7200012207031
EleutherAI/pythia-14m,50000,step50000,14067712,6,4,67,0,2,0.01014665886759758,0.7799999713897705,363.7200012207031
EleutherAI/pythia-14m,50000,step50000,14067712,6,4,67,0,3,0.003766449401155114,0.7799999713897705,363.7200012207031
EleutherAI/pythia-14m,50000,step50000,14067712,6,4,67,1,0,4.295644885132788e-06,0.7799999713897705,363.7200012207031
EleutherAI/pythia-14m,50000,step50000,14067712,6,4,67,1,1,0.0041428543627262115,0.7799999713897705,363.7200012207031
EleutherAI/pythia-14m,50000,step50000,14067712,6,4,67,1,2,0.00017414901230949908,0.7799999713897705,363.7200012207031
EleutherAI/pythia-14m,50000,step50000,14067712,6,4,67,1,3,0.003876098897308111,0.7799999713897705,363.7200012207031
EleutherAI/pythia-14m,50000,step50000,14067712,6,4,67,2,0,0.005110451020300388,0.7799999713897705,363.7200012207031
EleutherAI/pythia-14m,50000,step50000,14067712,6,4,67,2,1,1.600914245614149e-08,0.7799999713897705,363.7200012207031
EleutherAI/pythia-14m,50000,step50000,14067712,6,4,67,2,2,2.9809350991847998e-15,0.7799999713897705,363.7200012207031
EleutherAI/pythia-14m,50000,step50000,14067712,6,4,67,2,3,0.0072608329355716705,0.7799999713897705,363.7200012207031
EleutherAI/pythia-14m,50000,step50000,14067712,6,4,67,3,0,0.02502920664846897,0.7799999713897705,363.7200012207031
EleutherAI/pythia-14m,50000,step50000,14067712,6,4,67,3,1,0.9529620409011841,0.7799999713897705,363.7200012207031
EleutherAI/pythia-14m,50000,step50000,14067712,6,4,67,3,2,0.0001577838702360168,0.7799999713897705,363.7200012207031
EleutherAI/pythia-14m,50000,step50000,14067712,6,4,67,3,3,0.9626634120941162,0.7799999713897705,363.7200012207031
EleutherAI/pythia-14m,50000,step50000,14067712,6,4,67,4,0,0.145870178937912,0.7799999713897705,363.7200012207031
EleutherAI/pythia-14m,50000,step50000,14067712,6,4,67,4,1,0.01883869431912899,0.7799999713897705,363.7200012207031
EleutherAI/pythia-14m,50000,step50000,14067712,6,4,67,4,2,0.13337917625904083,0.7799999713897705,363.7200012207031
EleutherAI/pythia-14m,50000,step50000,14067712,6,4,67,4,3,0.016317497938871384,0.7799999713897705,363.7200012207031
EleutherAI/pythia-14m,50000,step50000,14067712,6,4,67,5,0,0.002887333044782281,0.7799999713897705,363.7200012207031
EleutherAI/pythia-14m,50000,step50000,14067712,6,4,67,5,1,0.0112774558365345,0.7799999713897705,363.7200012207031
EleutherAI/pythia-14m,50000,step50000,14067712,6,4,67,5,2,0.025713229551911354,0.7799999713897705,363.7200012207031
EleutherAI/pythia-14m,50000,step50000,14067712,6,4,67,5,3,0.044768448919057846,0.7799999713897705,363.7200012207031
EleutherAI/pythia-14m,50000,step50000,14067712,6,4,68,0,0,0.0038303639739751816,0.4000000059604645,2051.10009765625
EleutherAI/pythia-14m,50000,step50000,14067712,6,4,68,0,1,0.01158978696912527,0.4000000059604645,2051.10009765625
EleutherAI/pythia-14m,50000,step50000,14067712,6,4,68,0,2,0.021807890385389328,0.4000000059604645,2051.10009765625
EleutherAI/pythia-14m,50000,step50000,14067712,6,4,68,0,3,0.0006720731616951525,0.4000000059604645,2051.10009765625
EleutherAI/pythia-14m,50000,step50000,14067712,6,4,68,1,0,4.088379682798404e-06,0.4000000059604645,2051.10009765625
EleutherAI/pythia-14m,50000,step50000,14067712,6,4,68,1,1,0.006677969824522734,0.4000000059604645,2051.10009765625
EleutherAI/pythia-14m,50000,step50000,14067712,6,4,68,1,2,0.0002457908121868968,0.4000000059604645,2051.10009765625
EleutherAI/pythia-14m,50000,step50000,14067712,6,4,68,1,3,0.0050323521718382835,0.4000000059604645,2051.10009765625
EleutherAI/pythia-14m,50000,step50000,14067712,6,4,68,2,0,0.00251065194606781,0.4000000059604645,2051.10009765625
EleutherAI/pythia-14m,50000,step50000,14067712,6,4,68,2,1,1.0502034797355009e-07,0.4000000059604645,2051.10009765625
EleutherAI/pythia-14m,50000,step50000,14067712,6,4,68,2,2,1.1325268929043494e-13,0.4000000059604645,2051.10009765625
EleutherAI/pythia-14m,50000,step50000,14067712,6,4,68,2,3,0.010851417668163776,0.4000000059604645,2051.10009765625
EleutherAI/pythia-14m,50000,step50000,14067712,6,4,68,3,0,0.02068866230547428,0.4000000059604645,2051.10009765625
EleutherAI/pythia-14m,50000,step50000,14067712,6,4,68,3,1,0.7210847735404968,0.4000000059604645,2051.10009765625
EleutherAI/pythia-14m,50000,step50000,14067712,6,4,68,3,2,0.00042797462083399296,0.4000000059604645,2051.10009765625
EleutherAI/pythia-14m,50000,step50000,14067712,6,4,68,3,3,0.7529711127281189,0.4000000059604645,2051.10009765625
EleutherAI/pythia-14m,50000,step50000,14067712,6,4,68,4,0,0.054144859313964844,0.4000000059604645,2051.10009765625
EleutherAI/pythia-14m,50000,step50000,14067712,6,4,68,4,1,0.017409108579158783,0.4000000059604645,2051.10009765625
EleutherAI/pythia-14m,50000,step50000,14067712,6,4,68,4,2,0.05924338847398758,0.4000000059604645,2051.10009765625
EleutherAI/pythia-14m,50000,step50000,14067712,6,4,68,4,3,0.004242159891873598,0.4000000059604645,2051.10009765625
EleutherAI/pythia-14m,50000,step50000,14067712,6,4,68,5,0,0.002144783502444625,0.4000000059604645,2051.10009765625
EleutherAI/pythia-14m,50000,step50000,14067712,6,4,68,5,1,0.008957178331911564,0.4000000059604645,2051.10009765625
EleutherAI/pythia-14m,50000,step50000,14067712,6,4,68,5,2,0.010755082592368126,0.4000000059604645,2051.10009765625
EleutherAI/pythia-14m,50000,step50000,14067712,6,4,68,5,3,0.027919545769691467,0.4000000059604645,2051.10009765625
EleutherAI/pythia-14m,50000,step50000,14067712,6,4,69,0,0,0.0036963140591979027,0.46000000834465027,5193.419921875
EleutherAI/pythia-14m,50000,step50000,14067712,6,4,69,0,1,0.0105348015204072,0.46000000834465027,5193.419921875
EleutherAI/pythia-14m,50000,step50000,14067712,6,4,69,0,2,0.013543618842959404,0.46000000834465027,5193.419921875
EleutherAI/pythia-14m,50000,step50000,14067712,6,4,69,0,3,0.005229277536273003,0.46000000834465027,5193.419921875
EleutherAI/pythia-14m,50000,step50000,14067712,6,4,69,1,0,6.593358557438478e-05,0.46000000834465027,5193.419921875
EleutherAI/pythia-14m,50000,step50000,14067712,6,4,69,1,1,0.005708879325538874,0.46000000834465027,5193.419921875
EleutherAI/pythia-14m,50000,step50000,14067712,6,4,69,1,2,0.0007113029714673758,0.46000000834465027,5193.419921875
EleutherAI/pythia-14m,50000,step50000,14067712,6,4,69,1,3,0.004587298259139061,0.46000000834465027,5193.419921875
EleutherAI/pythia-14m,50000,step50000,14067712,6,4,69,2,0,0.003544243983924389,0.46000000834465027,5193.419921875
EleutherAI/pythia-14m,50000,step50000,14067712,6,4,69,2,1,7.33743377168139e-07,0.46000000834465027,5193.419921875
EleutherAI/pythia-14m,50000,step50000,14067712,6,4,69,2,2,5.190721186210112e-10,0.46000000834465027,5193.419921875
EleutherAI/pythia-14m,50000,step50000,14067712,6,4,69,2,3,0.005766600836068392,0.46000000834465027,5193.419921875
EleutherAI/pythia-14m,50000,step50000,14067712,6,4,69,3,0,0.013696365058422089,0.46000000834465027,5193.419921875
EleutherAI/pythia-14m,50000,step50000,14067712,6,4,69,3,1,0.6965675354003906,0.46000000834465027,5193.419921875
EleutherAI/pythia-14m,50000,step50000,14067712,6,4,69,3,2,0.00040494222776032984,0.46000000834465027,5193.419921875
EleutherAI/pythia-14m,50000,step50000,14067712,6,4,69,3,3,0.7080541849136353,0.46000000834465027,5193.419921875
EleutherAI/pythia-14m,50000,step50000,14067712,6,4,69,4,0,0.045955590903759,0.46000000834465027,5193.419921875
EleutherAI/pythia-14m,50000,step50000,14067712,6,4,69,4,1,0.01303889136761427,0.46000000834465027,5193.419921875
EleutherAI/pythia-14m,50000,step50000,14067712,6,4,69,4,2,0.062490902841091156,0.46000000834465027,5193.419921875
EleutherAI/pythia-14m,50000,step50000,14067712,6,4,69,4,3,0.0035872450098395348,0.46000000834465027,5193.419921875
EleutherAI/pythia-14m,50000,step50000,14067712,6,4,69,5,0,0.001172376680187881,0.46000000834465027,5193.419921875
EleutherAI/pythia-14m,50000,step50000,14067712,6,4,69,5,1,0.00653537642210722,0.46000000834465027,5193.419921875
EleutherAI/pythia-14m,50000,step50000,14067712,6,4,69,5,2,0.006663029082119465,0.46000000834465027,5193.419921875
EleutherAI/pythia-14m,50000,step50000,14067712,6,4,69,5,3,0.02342723123729229,0.46000000834465027,5193.419921875
EleutherAI/pythia-14m,50000,step50000,14067712,6,4,70,0,0,0.0035349715035408735,0.699999988079071,174.94000244140625
EleutherAI/pythia-14m,50000,step50000,14067712,6,4,70,0,1,0.00889979861676693,0.699999988079071,174.94000244140625
EleutherAI/pythia-14m,50000,step50000,14067712,6,4,70,0,2,0.02412373386323452,0.699999988079071,174.94000244140625
EleutherAI/pythia-14m,50000,step50000,14067712,6,4,70,0,3,0.0011108384933322668,0.699999988079071,174.94000244140625
EleutherAI/pythia-14m,50000,step50000,14067712,6,4,70,1,0,1.8128303054254502e-05,0.699999988079071,174.94000244140625
EleutherAI/pythia-14m,50000,step50000,14067712,6,4,70,1,1,0.00710503151640296,0.699999988079071,174.94000244140625
EleutherAI/pythia-14m,50000,step50000,14067712,6,4,70,1,2,0.0006312428158707917,0.699999988079071,174.94000244140625
EleutherAI/pythia-14m,50000,step50000,14067712,6,4,70,1,3,0.004217618145048618,0.699999988079071,174.94000244140625
EleutherAI/pythia-14m,50000,step50000,14067712,6,4,70,2,0,0.002357246819883585,0.699999988079071,174.94000244140625
EleutherAI/pythia-14m,50000,step50000,14067712,6,4,70,2,1,2.4476889848301653e-08,0.699999988079071,174.94000244140625
EleutherAI/pythia-14m,50000,step50000,14067712,6,4,70,2,2,1.1824107299285465e-14,0.699999988079071,174.94000244140625
EleutherAI/pythia-14m,50000,step50000,14067712,6,4,70,2,3,0.0100381039083004,0.699999988079071,174.94000244140625
EleutherAI/pythia-14m,50000,step50000,14067712,6,4,70,3,0,0.023233573883771896,0.699999988079071,174.94000244140625
EleutherAI/pythia-14m,50000,step50000,14067712,6,4,70,3,1,0.9291285872459412,0.699999988079071,174.94000244140625
EleutherAI/pythia-14m,50000,step50000,14067712,6,4,70,3,2,0.00020523415878415108,0.699999988079071,174.94000244140625
EleutherAI/pythia-14m,50000,step50000,14067712,6,4,70,3,3,0.9464877247810364,0.699999988079071,174.94000244140625
EleutherAI/pythia-14m,50000,step50000,14067712,6,4,70,4,0,0.0803629457950592,0.699999988079071,174.94000244140625
EleutherAI/pythia-14m,50000,step50000,14067712,6,4,70,4,1,0.02893279865384102,0.699999988079071,174.94000244140625
EleutherAI/pythia-14m,50000,step50000,14067712,6,4,70,4,2,0.08556216955184937,0.699999988079071,174.94000244140625
EleutherAI/pythia-14m,50000,step50000,14067712,6,4,70,4,3,0.01142701506614685,0.699999988079071,174.94000244140625
EleutherAI/pythia-14m,50000,step50000,14067712,6,4,70,5,0,0.0013624548446387053,0.699999988079071,174.94000244140625
EleutherAI/pythia-14m,50000,step50000,14067712,6,4,70,5,1,0.005654575303196907,0.699999988079071,174.94000244140625
EleutherAI/pythia-14m,50000,step50000,14067712,6,4,70,5,2,0.01340338122099638,0.699999988079071,174.94000244140625
EleutherAI/pythia-14m,50000,step50000,14067712,6,4,70,5,3,0.034810468554496765,0.699999988079071,174.94000244140625
EleutherAI/pythia-14m,50000,step50000,14067712,6,4,71,0,0,0.0045174527913331985,0.6800000071525574,2104.840087890625
EleutherAI/pythia-14m,50000,step50000,14067712,6,4,71,0,1,0.008000637404620647,0.6800000071525574,2104.840087890625
EleutherAI/pythia-14m,50000,step50000,14067712,6,4,71,0,2,0.011702653020620346,0.6800000071525574,2104.840087890625
EleutherAI/pythia-14m,50000,step50000,14067712,6,4,71,0,3,0.0014857309870421886,0.6800000071525574,2104.840087890625
EleutherAI/pythia-14m,50000,step50000,14067712,6,4,71,1,0,8.632607205072418e-06,0.6800000071525574,2104.840087890625
EleutherAI/pythia-14m,50000,step50000,14067712,6,4,71,1,1,0.00468172412365675,0.6800000071525574,2104.840087890625
EleutherAI/pythia-14m,50000,step50000,14067712,6,4,71,1,2,0.00046529038809239864,0.6800000071525574,2104.840087890625
EleutherAI/pythia-14m,50000,step50000,14067712,6,4,71,1,3,0.004752133972942829,0.6800000071525574,2104.840087890625
EleutherAI/pythia-14m,50000,step50000,14067712,6,4,71,2,0,0.0030289653223007917,0.6800000071525574,2104.840087890625
EleutherAI/pythia-14m,50000,step50000,14067712,6,4,71,2,1,3.78753179575142e-06,0.6800000071525574,2104.840087890625
EleutherAI/pythia-14m,50000,step50000,14067712,6,4,71,2,2,2.2436339149945785e-14,0.6800000071525574,2104.840087890625
EleutherAI/pythia-14m,50000,step50000,14067712,6,4,71,2,3,0.007763156667351723,0.6800000071525574,2104.840087890625
EleutherAI/pythia-14m,50000,step50000,14067712,6,4,71,3,0,0.01810508407652378,0.6800000071525574,2104.840087890625
EleutherAI/pythia-14m,50000,step50000,14067712,6,4,71,3,1,0.9137061834335327,0.6800000071525574,2104.840087890625
EleutherAI/pythia-14m,50000,step50000,14067712,6,4,71,3,2,0.0004088651039637625,0.6800000071525574,2104.840087890625
EleutherAI/pythia-14m,50000,step50000,14067712,6,4,71,3,3,0.9181982278823853,0.6800000071525574,2104.840087890625
EleutherAI/pythia-14m,50000,step50000,14067712,6,4,71,4,0,0.1307324916124344,0.6800000071525574,2104.840087890625
EleutherAI/pythia-14m,50000,step50000,14067712,6,4,71,4,1,0.027693815529346466,0.6800000071525574,2104.840087890625
EleutherAI/pythia-14m,50000,step50000,14067712,6,4,71,4,2,0.14773361384868622,0.6800000071525574,2104.840087890625
EleutherAI/pythia-14m,50000,step50000,14067712,6,4,71,4,3,0.00543619692325592,0.6800000071525574,2104.840087890625
EleutherAI/pythia-14m,50000,step50000,14067712,6,4,71,5,0,0.001605138648301363,0.6800000071525574,2104.840087890625
EleutherAI/pythia-14m,50000,step50000,14067712,6,4,71,5,1,0.007732788100838661,0.6800000071525574,2104.840087890625
EleutherAI/pythia-14m,50000,step50000,14067712,6,4,71,5,2,0.010797655209898949,0.6800000071525574,2104.840087890625
EleutherAI/pythia-14m,50000,step50000,14067712,6,4,71,5,3,0.05639176443219185,0.6800000071525574,2104.840087890625
EleutherAI/pythia-14m,50000,step50000,14067712,6,4,72,0,0,0.003380684880539775,0.4000000059604645,3634.679931640625
EleutherAI/pythia-14m,50000,step50000,14067712,6,4,72,0,1,0.011433485895395279,0.4000000059604645,3634.679931640625
EleutherAI/pythia-14m,50000,step50000,14067712,6,4,72,0,2,0.009086541831493378,0.4000000059604645,3634.679931640625
EleutherAI/pythia-14m,50000,step50000,14067712,6,4,72,0,3,0.007940721698105335,0.4000000059604645,3634.679931640625
EleutherAI/pythia-14m,50000,step50000,14067712,6,4,72,1,0,5.7755069065024145e-06,0.4000000059604645,3634.679931640625
EleutherAI/pythia-14m,50000,step50000,14067712,6,4,72,1,1,0.006573997903615236,0.4000000059604645,3634.679931640625
EleutherAI/pythia-14m,50000,step50000,14067712,6,4,72,1,2,0.0002661067992448807,0.4000000059604645,3634.679931640625
EleutherAI/pythia-14m,50000,step50000,14067712,6,4,72,1,3,0.006027102470397949,0.4000000059604645,3634.679931640625
EleutherAI/pythia-14m,50000,step50000,14067712,6,4,72,2,0,0.0027082771994173527,0.4000000059604645,3634.679931640625
EleutherAI/pythia-14m,50000,step50000,14067712,6,4,72,2,1,1.4311377753983834e-06,0.4000000059604645,3634.679931640625
EleutherAI/pythia-14m,50000,step50000,14067712,6,4,72,2,2,2.3795521759614746e-13,0.4000000059604645,3634.679931640625
EleutherAI/pythia-14m,50000,step50000,14067712,6,4,72,2,3,0.00682819914072752,0.4000000059604645,3634.679931640625
EleutherAI/pythia-14m,50000,step50000,14067712,6,4,72,3,0,0.016877248883247375,0.4000000059604645,3634.679931640625
EleutherAI/pythia-14m,50000,step50000,14067712,6,4,72,3,1,0.7475842237472534,0.4000000059604645,3634.679931640625
EleutherAI/pythia-14m,50000,step50000,14067712,6,4,72,3,2,0.0003216710756532848,0.4000000059604645,3634.679931640625
EleutherAI/pythia-14m,50000,step50000,14067712,6,4,72,3,3,0.7773979306221008,0.4000000059604645,3634.679931640625
EleutherAI/pythia-14m,50000,step50000,14067712,6,4,72,4,0,0.07334999740123749,0.4000000059604645,3634.679931640625
EleutherAI/pythia-14m,50000,step50000,14067712,6,4,72,4,1,0.020671654492616653,0.4000000059604645,3634.679931640625
EleutherAI/pythia-14m,50000,step50000,14067712,6,4,72,4,2,0.09667970985174179,0.4000000059604645,3634.679931640625
EleutherAI/pythia-14m,50000,step50000,14067712,6,4,72,4,3,0.004245841410011053,0.4000000059604645,3634.679931640625
EleutherAI/pythia-14m,50000,step50000,14067712,6,4,72,5,0,0.00135413883253932,0.4000000059604645,3634.679931640625
EleutherAI/pythia-14m,50000,step50000,14067712,6,4,72,5,1,0.007469375617802143,0.4000000059604645,3634.679931640625
EleutherAI/pythia-14m,50000,step50000,14067712,6,4,72,5,2,0.010725357569754124,0.4000000059604645,3634.679931640625
EleutherAI/pythia-14m,50000,step50000,14067712,6,4,72,5,3,0.03176416829228401,0.4000000059604645,3634.679931640625
EleutherAI/pythia-14m,50000,step50000,14067712,6,4,73,0,0,0.004880821797996759,0.5199999809265137,1196.97998046875
EleutherAI/pythia-14m,50000,step50000,14067712,6,4,73,0,1,0.00959132518619299,0.5199999809265137,1196.97998046875
EleutherAI/pythia-14m,50000,step50000,14067712,6,4,73,0,2,0.019007012248039246,0.5199999809265137,1196.97998046875
EleutherAI/pythia-14m,50000,step50000,14067712,6,4,73,0,3,0.0006182713550515473,0.5199999809265137,1196.97998046875
EleutherAI/pythia-14m,50000,step50000,14067712,6,4,73,1,0,5.7840323279378936e-05,0.5199999809265137,1196.97998046875
EleutherAI/pythia-14m,50000,step50000,14067712,6,4,73,1,1,0.0071299015544354916,0.5199999809265137,1196.97998046875
EleutherAI/pythia-14m,50000,step50000,14067712,6,4,73,1,2,0.0006336329970508814,0.5199999809265137,1196.97998046875
EleutherAI/pythia-14m,50000,step50000,14067712,6,4,73,1,3,0.005210851319134235,0.5199999809265137,1196.97998046875
EleutherAI/pythia-14m,50000,step50000,14067712,6,4,73,2,0,0.00412945169955492,0.5199999809265137,1196.97998046875
EleutherAI/pythia-14m,50000,step50000,14067712,6,4,73,2,1,1.8178198502027954e-07,0.5199999809265137,1196.97998046875
EleutherAI/pythia-14m,50000,step50000,14067712,6,4,73,2,2,2.3315628805897423e-14,0.5199999809265137,1196.97998046875
EleutherAI/pythia-14m,50000,step50000,14067712,6,4,73,2,3,0.009073415771126747,0.5199999809265137,1196.97998046875
EleutherAI/pythia-14m,50000,step50000,14067712,6,4,73,3,0,0.027476949617266655,0.5199999809265137,1196.97998046875
EleutherAI/pythia-14m,50000,step50000,14067712,6,4,73,3,1,0.8825263977050781,0.5199999809265137,1196.97998046875
EleutherAI/pythia-14m,50000,step50000,14067712,6,4,73,3,2,0.00034614355536177754,0.5199999809265137,1196.97998046875
EleutherAI/pythia-14m,50000,step50000,14067712,6,4,73,3,3,0.9069972038269043,0.5199999809265137,1196.97998046875
EleutherAI/pythia-14m,50000,step50000,14067712,6,4,73,4,0,0.10416616499423981,0.5199999809265137,1196.97998046875
EleutherAI/pythia-14m,50000,step50000,14067712,6,4,73,4,1,0.022156210616230965,0.5199999809265137,1196.97998046875
EleutherAI/pythia-14m,50000,step50000,14067712,6,4,73,4,2,0.12039192020893097,0.5199999809265137,1196.97998046875
EleutherAI/pythia-14m,50000,step50000,14067712,6,4,73,4,3,0.008513174019753933,0.5199999809265137,1196.97998046875
EleutherAI/pythia-14m,50000,step50000,14067712,6,4,73,5,0,0.0025658628437668085,0.5199999809265137,1196.97998046875
EleutherAI/pythia-14m,50000,step50000,14067712,6,4,73,5,1,0.009242172352969646,0.5199999809265137,1196.97998046875
EleutherAI/pythia-14m,50000,step50000,14067712,6,4,73,5,2,0.023035766556859016,0.5199999809265137,1196.97998046875
EleutherAI/pythia-14m,50000,step50000,14067712,6,4,73,5,3,0.04808339104056358,0.5199999809265137,1196.97998046875
EleutherAI/pythia-14m,50000,step50000,14067712,6,4,74,0,0,0.007293451577425003,0.7599999904632568,1328.699951171875
EleutherAI/pythia-14m,50000,step50000,14067712,6,4,74,0,1,0.009533170610666275,0.7599999904632568,1328.699951171875
EleutherAI/pythia-14m,50000,step50000,14067712,6,4,74,0,2,0.010626750998198986,0.7599999904632568,1328.699951171875
EleutherAI/pythia-14m,50000,step50000,14067712,6,4,74,0,3,0.0009458282729610801,0.7599999904632568,1328.699951171875
EleutherAI/pythia-14m,50000,step50000,14067712,6,4,74,1,0,3.9732647564960644e-05,0.7599999904632568,1328.699951171875
EleutherAI/pythia-14m,50000,step50000,14067712,6,4,74,1,1,0.009339102543890476,0.7599999904632568,1328.699951171875
EleutherAI/pythia-14m,50000,step50000,14067712,6,4,74,1,2,0.000353806623024866,0.7599999904632568,1328.699951171875
EleutherAI/pythia-14m,50000,step50000,14067712,6,4,74,1,3,0.005167247261852026,0.7599999904632568,1328.699951171875
EleutherAI/pythia-14m,50000,step50000,14067712,6,4,74,2,0,0.002487180521711707,0.7599999904632568,1328.699951171875
EleutherAI/pythia-14m,50000,step50000,14067712,6,4,74,2,1,1.80894275558785e-07,0.7599999904632568,1328.699951171875
EleutherAI/pythia-14m,50000,step50000,14067712,6,4,74,2,2,2.7349235614919365e-13,0.7599999904632568,1328.699951171875
EleutherAI/pythia-14m,50000,step50000,14067712,6,4,74,2,3,0.007881279103457928,0.7599999904632568,1328.699951171875
EleutherAI/pythia-14m,50000,step50000,14067712,6,4,74,3,0,0.024565773084759712,0.7599999904632568,1328.699951171875
EleutherAI/pythia-14m,50000,step50000,14067712,6,4,74,3,1,0.9281141757965088,0.7599999904632568,1328.699951171875
EleutherAI/pythia-14m,50000,step50000,14067712,6,4,74,3,2,0.00041770428651943803,0.7599999904632568,1328.699951171875
EleutherAI/pythia-14m,50000,step50000,14067712,6,4,74,3,3,0.9397422671318054,0.7599999904632568,1328.699951171875
EleutherAI/pythia-14m,50000,step50000,14067712,6,4,74,4,0,0.07360627502202988,0.7599999904632568,1328.699951171875
EleutherAI/pythia-14m,50000,step50000,14067712,6,4,74,4,1,0.019055936485528946,0.7599999904632568,1328.699951171875
EleutherAI/pythia-14m,50000,step50000,14067712,6,4,74,4,2,0.13179166615009308,0.7599999904632568,1328.699951171875
EleutherAI/pythia-14m,50000,step50000,14067712,6,4,74,4,3,0.016472093760967255,0.7599999904632568,1328.699951171875
EleutherAI/pythia-14m,50000,step50000,14067712,6,4,74,5,0,0.002546916715800762,0.7599999904632568,1328.699951171875
EleutherAI/pythia-14m,50000,step50000,14067712,6,4,74,5,1,0.008329266682267189,0.7599999904632568,1328.699951171875
EleutherAI/pythia-14m,50000,step50000,14067712,6,4,74,5,2,0.014564660377800465,0.7599999904632568,1328.699951171875
EleutherAI/pythia-14m,50000,step50000,14067712,6,4,74,5,3,0.05566417798399925,0.7599999904632568,1328.699951171875
EleutherAI/pythia-14m,50000,step50000,14067712,6,4,75,0,0,0.004519225563853979,0.6000000238418579,2575.300048828125
EleutherAI/pythia-14m,50000,step50000,14067712,6,4,75,0,1,0.009379246272146702,0.6000000238418579,2575.300048828125
EleutherAI/pythia-14m,50000,step50000,14067712,6,4,75,0,2,0.009407292120158672,0.6000000238418579,2575.300048828125
EleutherAI/pythia-14m,50000,step50000,14067712,6,4,75,0,3,0.0006299036904238164,0.6000000238418579,2575.300048828125
EleutherAI/pythia-14m,50000,step50000,14067712,6,4,75,1,0,3.7545803479588358e-06,0.6000000238418579,2575.300048828125
EleutherAI/pythia-14m,50000,step50000,14067712,6,4,75,1,1,0.006015995051711798,0.6000000238418579,2575.300048828125
EleutherAI/pythia-14m,50000,step50000,14067712,6,4,75,1,2,0.00024837497039698064,0.6000000238418579,2575.300048828125
EleutherAI/pythia-14m,50000,step50000,14067712,6,4,75,1,3,0.006077932193875313,0.6000000238418579,2575.300048828125
EleutherAI/pythia-14m,50000,step50000,14067712,6,4,75,2,0,0.00308099202811718,0.6000000238418579,2575.300048828125
EleutherAI/pythia-14m,50000,step50000,14067712,6,4,75,2,1,2.0760955976584228e-07,0.6000000238418579,2575.300048828125
EleutherAI/pythia-14m,50000,step50000,14067712,6,4,75,2,2,1.9253253708668115e-15,0.6000000238418579,2575.300048828125
EleutherAI/pythia-14m,50000,step50000,14067712,6,4,75,2,3,0.007255666423588991,0.6000000238418579,2575.300048828125
EleutherAI/pythia-14m,50000,step50000,14067712,6,4,75,3,0,0.016630448400974274,0.6000000238418579,2575.300048828125
EleutherAI/pythia-14m,50000,step50000,14067712,6,4,75,3,1,0.8328362107276917,0.6000000238418579,2575.300048828125
EleutherAI/pythia-14m,50000,step50000,14067712,6,4,75,3,2,0.0002853070618584752,0.6000000238418579,2575.300048828125
EleutherAI/pythia-14m,50000,step50000,14067712,6,4,75,3,3,0.8554885387420654,0.6000000238418579,2575.300048828125
EleutherAI/pythia-14m,50000,step50000,14067712,6,4,75,4,0,0.05329110100865364,0.6000000238418579,2575.300048828125
EleutherAI/pythia-14m,50000,step50000,14067712,6,4,75,4,1,0.016620352864265442,0.6000000238418579,2575.300048828125
EleutherAI/pythia-14m,50000,step50000,14067712,6,4,75,4,2,0.06536117196083069,0.6000000238418579,2575.300048828125
EleutherAI/pythia-14m,50000,step50000,14067712,6,4,75,4,3,0.0036039487458765507,0.6000000238418579,2575.300048828125
EleutherAI/pythia-14m,50000,step50000,14067712,6,4,75,5,0,0.0016297382535412908,0.6000000238418579,2575.300048828125
EleutherAI/pythia-14m,50000,step50000,14067712,6,4,75,5,1,0.00521846953779459,0.6000000238418579,2575.300048828125
EleutherAI/pythia-14m,50000,step50000,14067712,6,4,75,5,2,0.012222791090607643,0.6000000238418579,2575.300048828125
EleutherAI/pythia-14m,50000,step50000,14067712,6,4,75,5,3,0.033620819449424744,0.6000000238418579,2575.300048828125
EleutherAI/pythia-14m,50000,step50000,14067712,6,4,76,0,0,0.007007181644439697,0.5,4616.43994140625
EleutherAI/pythia-14m,50000,step50000,14067712,6,4,76,0,1,0.009362772107124329,0.5,4616.43994140625
EleutherAI/pythia-14m,50000,step50000,14067712,6,4,76,0,2,0.019082510843873024,0.5,4616.43994140625
EleutherAI/pythia-14m,50000,step50000,14067712,6,4,76,0,3,0.0018591895932331681,0.5,4616.43994140625
EleutherAI/pythia-14m,50000,step50000,14067712,6,4,76,1,0,0.0017384177772328258,0.5,4616.43994140625
EleutherAI/pythia-14m,50000,step50000,14067712,6,4,76,1,1,0.009339758194983006,0.5,4616.43994140625
EleutherAI/pythia-14m,50000,step50000,14067712,6,4,76,1,2,0.00023605213209521025,0.5,4616.43994140625
EleutherAI/pythia-14m,50000,step50000,14067712,6,4,76,1,3,0.005352823529392481,0.5,4616.43994140625
EleutherAI/pythia-14m,50000,step50000,14067712,6,4,76,2,0,0.004540089517831802,0.5,4616.43994140625
EleutherAI/pythia-14m,50000,step50000,14067712,6,4,76,2,1,6.072973235404788e-08,0.5,4616.43994140625
EleutherAI/pythia-14m,50000,step50000,14067712,6,4,76,2,2,1.629892137325773e-14,0.5,4616.43994140625
EleutherAI/pythia-14m,50000,step50000,14067712,6,4,76,2,3,0.014567225240170956,0.5,4616.43994140625
EleutherAI/pythia-14m,50000,step50000,14067712,6,4,76,3,0,0.02141273207962513,0.5,4616.43994140625
EleutherAI/pythia-14m,50000,step50000,14067712,6,4,76,3,1,0.7269695401191711,0.5,4616.43994140625
EleutherAI/pythia-14m,50000,step50000,14067712,6,4,76,3,2,0.000535973405931145,0.5,4616.43994140625
EleutherAI/pythia-14m,50000,step50000,14067712,6,4,76,3,3,0.7426038980484009,0.5,4616.43994140625
EleutherAI/pythia-14m,50000,step50000,14067712,6,4,76,4,0,0.05600469931960106,0.5,4616.43994140625
EleutherAI/pythia-14m,50000,step50000,14067712,6,4,76,4,1,0.0213007852435112,0.5,4616.43994140625
EleutherAI/pythia-14m,50000,step50000,14067712,6,4,76,4,2,0.07142660766839981,0.5,4616.43994140625
EleutherAI/pythia-14m,50000,step50000,14067712,6,4,76,4,3,0.006630511488765478,0.5,4616.43994140625
EleutherAI/pythia-14m,50000,step50000,14067712,6,4,76,5,0,0.0017520923865959048,0.5,4616.43994140625
EleutherAI/pythia-14m,50000,step50000,14067712,6,4,76,5,1,0.008494642563164234,0.5,4616.43994140625
EleutherAI/pythia-14m,50000,step50000,14067712,6,4,76,5,2,0.010441137477755547,0.5,4616.43994140625
EleutherAI/pythia-14m,50000,step50000,14067712,6,4,76,5,3,0.03090154565870762,0.5,4616.43994140625
EleutherAI/pythia-14m,50000,step50000,14067712,6,4,77,0,0,0.0029999781399965286,0.699999988079071,836.1799926757812
EleutherAI/pythia-14m,50000,step50000,14067712,6,4,77,0,1,0.008870442397892475,0.699999988079071,836.1799926757812
EleutherAI/pythia-14m,50000,step50000,14067712,6,4,77,0,2,0.008727798238396645,0.699999988079071,836.1799926757812
EleutherAI/pythia-14m,50000,step50000,14067712,6,4,77,0,3,0.0011097658425569534,0.699999988079071,836.1799926757812
EleutherAI/pythia-14m,50000,step50000,14067712,6,4,77,1,0,2.7437055905465968e-05,0.699999988079071,836.1799926757812
EleutherAI/pythia-14m,50000,step50000,14067712,6,4,77,1,1,0.006524633150547743,0.699999988079071,836.1799926757812
EleutherAI/pythia-14m,50000,step50000,14067712,6,4,77,1,2,0.00024160709290299565,0.699999988079071,836.1799926757812
EleutherAI/pythia-14m,50000,step50000,14067712,6,4,77,1,3,0.003779386170208454,0.699999988079071,836.1799926757812
EleutherAI/pythia-14m,50000,step50000,14067712,6,4,77,2,0,0.00460193632170558,0.699999988079071,836.1799926757812
EleutherAI/pythia-14m,50000,step50000,14067712,6,4,77,2,1,8.077838842268648e-09,0.699999988079071,836.1799926757812
EleutherAI/pythia-14m,50000,step50000,14067712,6,4,77,2,2,1.7338441498984387e-15,0.699999988079071,836.1799926757812
EleutherAI/pythia-14m,50000,step50000,14067712,6,4,77,2,3,0.008693286217749119,0.699999988079071,836.1799926757812
EleutherAI/pythia-14m,50000,step50000,14067712,6,4,77,3,0,0.022100768983364105,0.699999988079071,836.1799926757812
EleutherAI/pythia-14m,50000,step50000,14067712,6,4,77,3,1,0.9076494574546814,0.699999988079071,836.1799926757812
EleutherAI/pythia-14m,50000,step50000,14067712,6,4,77,3,2,0.0004049096314702183,0.699999988079071,836.1799926757812
EleutherAI/pythia-14m,50000,step50000,14067712,6,4,77,3,3,0.9169543385505676,0.699999988079071,836.1799926757812
EleutherAI/pythia-14m,50000,step50000,14067712,6,4,77,4,0,0.13569314777851105,0.699999988079071,836.1799926757812
EleutherAI/pythia-14m,50000,step50000,14067712,6,4,77,4,1,0.036669932305812836,0.699999988079071,836.1799926757812
EleutherAI/pythia-14m,50000,step50000,14067712,6,4,77,4,2,0.14640846848487854,0.699999988079071,836.1799926757812
EleutherAI/pythia-14m,50000,step50000,14067712,6,4,77,4,3,0.014752264134585857,0.699999988079071,836.1799926757812
EleutherAI/pythia-14m,50000,step50000,14067712,6,4,77,5,0,0.0025026288349181414,0.699999988079071,836.1799926757812
EleutherAI/pythia-14m,50000,step50000,14067712,6,4,77,5,1,0.016388121992349625,0.699999988079071,836.1799926757812
EleutherAI/pythia-14m,50000,step50000,14067712,6,4,77,5,2,0.022623954340815544,0.699999988079071,836.1799926757812
EleutherAI/pythia-14m,50000,step50000,14067712,6,4,77,5,3,0.038982659578323364,0.699999988079071,836.1799926757812
EleutherAI/pythia-14m,50000,step50000,14067712,6,4,78,0,0,0.004571917001157999,0.3400000035762787,3420.159912109375
EleutherAI/pythia-14m,50000,step50000,14067712,6,4,78,0,1,0.010148558765649796,0.3400000035762787,3420.159912109375
EleutherAI/pythia-14m,50000,step50000,14067712,6,4,78,0,2,0.00963552389293909,0.3400000035762787,3420.159912109375
EleutherAI/pythia-14m,50000,step50000,14067712,6,4,78,0,3,0.0019197575747966766,0.3400000035762787,3420.159912109375
EleutherAI/pythia-14m,50000,step50000,14067712,6,4,78,1,0,3.413934609852731e-05,0.3400000035762787,3420.159912109375
EleutherAI/pythia-14m,50000,step50000,14067712,6,4,78,1,1,0.009963658638298512,0.3400000035762787,3420.159912109375
EleutherAI/pythia-14m,50000,step50000,14067712,6,4,78,1,2,0.0005384694668464363,0.3400000035762787,3420.159912109375
EleutherAI/pythia-14m,50000,step50000,14067712,6,4,78,1,3,0.006066254805773497,0.3400000035762787,3420.159912109375
EleutherAI/pythia-14m,50000,step50000,14067712,6,4,78,2,0,0.0036179921589791775,0.3400000035762787,3420.159912109375
EleutherAI/pythia-14m,50000,step50000,14067712,6,4,78,2,1,1.1237388974905116e-07,0.3400000035762787,3420.159912109375
EleutherAI/pythia-14m,50000,step50000,14067712,6,4,78,2,2,3.3268218502290406e-15,0.3400000035762787,3420.159912109375
EleutherAI/pythia-14m,50000,step50000,14067712,6,4,78,2,3,0.011146081611514091,0.3400000035762787,3420.159912109375
EleutherAI/pythia-14m,50000,step50000,14067712,6,4,78,3,0,0.016282523050904274,0.3400000035762787,3420.159912109375
EleutherAI/pythia-14m,50000,step50000,14067712,6,4,78,3,1,0.6968457102775574,0.3400000035762787,3420.159912109375
EleutherAI/pythia-14m,50000,step50000,14067712,6,4,78,3,2,0.0004729943466372788,0.3400000035762787,3420.159912109375
EleutherAI/pythia-14m,50000,step50000,14067712,6,4,78,3,3,0.7379374504089355,0.3400000035762787,3420.159912109375
EleutherAI/pythia-14m,50000,step50000,14067712,6,4,78,4,0,0.05116530880331993,0.3400000035762787,3420.159912109375
EleutherAI/pythia-14m,50000,step50000,14067712,6,4,78,4,1,0.0213412307202816,0.3400000035762787,3420.159912109375
EleutherAI/pythia-14m,50000,step50000,14067712,6,4,78,4,2,0.05622151494026184,0.3400000035762787,3420.159912109375
EleutherAI/pythia-14m,50000,step50000,14067712,6,4,78,4,3,0.003512708004564047,0.3400000035762787,3420.159912109375
EleutherAI/pythia-14m,50000,step50000,14067712,6,4,78,5,0,0.0010429566027596593,0.3400000035762787,3420.159912109375
EleutherAI/pythia-14m,50000,step50000,14067712,6,4,78,5,1,0.007328921463340521,0.3400000035762787,3420.159912109375
EleutherAI/pythia-14m,50000,step50000,14067712,6,4,78,5,2,0.006716244388371706,0.3400000035762787,3420.159912109375
EleutherAI/pythia-14m,50000,step50000,14067712,6,4,78,5,3,0.028806062415242195,0.3400000035762787,3420.159912109375
EleutherAI/pythia-14m,50000,step50000,14067712,6,4,79,0,0,0.003531414782628417,0.41999998688697815,3487.179931640625
EleutherAI/pythia-14m,50000,step50000,14067712,6,4,79,0,1,0.009482434019446373,0.41999998688697815,3487.179931640625
EleutherAI/pythia-14m,50000,step50000,14067712,6,4,79,0,2,0.017872614786028862,0.41999998688697815,3487.179931640625
EleutherAI/pythia-14m,50000,step50000,14067712,6,4,79,0,3,0.0005286484374664724,0.41999998688697815,3487.179931640625
EleutherAI/pythia-14m,50000,step50000,14067712,6,4,79,1,0,2.1140209355507977e-05,0.41999998688697815,3487.179931640625
EleutherAI/pythia-14m,50000,step50000,14067712,6,4,79,1,1,0.006993644405156374,0.41999998688697815,3487.179931640625
EleutherAI/pythia-14m,50000,step50000,14067712,6,4,79,1,2,0.0005114768864586949,0.41999998688697815,3487.179931640625
EleutherAI/pythia-14m,50000,step50000,14067712,6,4,79,1,3,0.005569587927311659,0.41999998688697815,3487.179931640625
EleutherAI/pythia-14m,50000,step50000,14067712,6,4,79,2,0,0.0034787387121468782,0.41999998688697815,3487.179931640625
EleutherAI/pythia-14m,50000,step50000,14067712,6,4,79,2,1,4.5163432105255197e-07,0.41999998688697815,3487.179931640625
EleutherAI/pythia-14m,50000,step50000,14067712,6,4,79,2,2,6.152142597443122e-12,0.41999998688697815,3487.179931640625
EleutherAI/pythia-14m,50000,step50000,14067712,6,4,79,2,3,0.010673681274056435,0.41999998688697815,3487.179931640625
EleutherAI/pythia-14m,50000,step50000,14067712,6,4,79,3,0,0.01849931664764881,0.41999998688697815,3487.179931640625
EleutherAI/pythia-14m,50000,step50000,14067712,6,4,79,3,1,0.7181611061096191,0.41999998688697815,3487.179931640625
EleutherAI/pythia-14m,50000,step50000,14067712,6,4,79,3,2,0.0003798402613028884,0.41999998688697815,3487.179931640625
EleutherAI/pythia-14m,50000,step50000,14067712,6,4,79,3,3,0.7409043908119202,0.41999998688697815,3487.179931640625
EleutherAI/pythia-14m,50000,step50000,14067712,6,4,79,4,0,0.034001242369413376,0.41999998688697815,3487.179931640625
EleutherAI/pythia-14m,50000,step50000,14067712,6,4,79,4,1,0.015174389816820621,0.41999998688697815,3487.179931640625
EleutherAI/pythia-14m,50000,step50000,14067712,6,4,79,4,2,0.044451940804719925,0.41999998688697815,3487.179931640625
EleutherAI/pythia-14m,50000,step50000,14067712,6,4,79,4,3,0.0032266355119645596,0.41999998688697815,3487.179931640625
EleutherAI/pythia-14m,50000,step50000,14067712,6,4,79,5,0,0.0009628363768570125,0.41999998688697815,3487.179931640625
EleutherAI/pythia-14m,50000,step50000,14067712,6,4,79,5,1,0.006585555151104927,0.41999998688697815,3487.179931640625
EleutherAI/pythia-14m,50000,step50000,14067712,6,4,79,5,2,0.0060937656089663506,0.41999998688697815,3487.179931640625
EleutherAI/pythia-14m,50000,step50000,14067712,6,4,79,5,3,0.02296176366508007,0.41999998688697815,3487.179931640625
EleutherAI/pythia-14m,50000,step50000,14067712,6,4,80,0,0,0.006147361360490322,0.6200000047683716,3158.93994140625
EleutherAI/pythia-14m,50000,step50000,14067712,6,4,80,0,1,0.009981466457247734,0.6200000047683716,3158.93994140625
EleutherAI/pythia-14m,50000,step50000,14067712,6,4,80,0,2,0.005129693076014519,0.6200000047683716,3158.93994140625
EleutherAI/pythia-14m,50000,step50000,14067712,6,4,80,0,3,0.0010893018916249275,0.6200000047683716,3158.93994140625
EleutherAI/pythia-14m,50000,step50000,14067712,6,4,80,1,0,7.398648904199945e-06,0.6200000047683716,3158.93994140625
EleutherAI/pythia-14m,50000,step50000,14067712,6,4,80,1,1,0.006505804136395454,0.6200000047683716,3158.93994140625
EleutherAI/pythia-14m,50000,step50000,14067712,6,4,80,1,2,0.0006761446711607277,0.6200000047683716,3158.93994140625
EleutherAI/pythia-14m,50000,step50000,14067712,6,4,80,1,3,0.004745442420244217,0.6200000047683716,3158.93994140625
EleutherAI/pythia-14m,50000,step50000,14067712,6,4,80,2,0,0.004418462980538607,0.6200000047683716,3158.93994140625
EleutherAI/pythia-14m,50000,step50000,14067712,6,4,80,2,1,1.535597249358034e-08,0.6200000047683716,3158.93994140625
EleutherAI/pythia-14m,50000,step50000,14067712,6,4,80,2,2,7.0678224828747e-15,0.6200000047683716,3158.93994140625
EleutherAI/pythia-14m,50000,step50000,14067712,6,4,80,2,3,0.014049158431589603,0.6200000047683716,3158.93994140625
EleutherAI/pythia-14m,50000,step50000,14067712,6,4,80,3,0,0.02492520585656166,0.6200000047683716,3158.93994140625
EleutherAI/pythia-14m,50000,step50000,14067712,6,4,80,3,1,0.8640048503875732,0.6200000047683716,3158.93994140625
EleutherAI/pythia-14m,50000,step50000,14067712,6,4,80,3,2,0.0006862335139885545,0.6200000047683716,3158.93994140625
EleutherAI/pythia-14m,50000,step50000,14067712,6,4,80,3,3,0.8825315833091736,0.6200000047683716,3158.93994140625
EleutherAI/pythia-14m,50000,step50000,14067712,6,4,80,4,0,0.04488738626241684,0.6200000047683716,3158.93994140625
EleutherAI/pythia-14m,50000,step50000,14067712,6,4,80,4,1,0.016717080026865005,0.6200000047683716,3158.93994140625
EleutherAI/pythia-14m,50000,step50000,14067712,6,4,80,4,2,0.06688494235277176,0.6200000047683716,3158.93994140625
EleutherAI/pythia-14m,50000,step50000,14067712,6,4,80,4,3,0.007313855923712254,0.6200000047683716,3158.93994140625
EleutherAI/pythia-14m,50000,step50000,14067712,6,4,80,5,0,0.00195489008910954,0.6200000047683716,3158.93994140625
EleutherAI/pythia-14m,50000,step50000,14067712,6,4,80,5,1,0.011174577288329601,0.6200000047683716,3158.93994140625
EleutherAI/pythia-14m,50000,step50000,14067712,6,4,80,5,2,0.014034455642104149,0.6200000047683716,3158.93994140625
EleutherAI/pythia-14m,50000,step50000,14067712,6,4,80,5,3,0.04441114887595177,0.6200000047683716,3158.93994140625
EleutherAI/pythia-14m,50000,step50000,14067712,6,4,81,0,0,0.0036601778119802475,0.6600000262260437,1823.9200439453125
EleutherAI/pythia-14m,50000,step50000,14067712,6,4,81,0,1,0.010160751640796661,0.6600000262260437,1823.9200439453125
EleutherAI/pythia-14m,50000,step50000,14067712,6,4,81,0,2,0.010477937757968903,0.6600000262260437,1823.9200439453125
EleutherAI/pythia-14m,50000,step50000,14067712,6,4,81,0,3,0.001231875503435731,0.6600000262260437,1823.9200439453125
EleutherAI/pythia-14m,50000,step50000,14067712,6,4,81,1,0,1.786327629815787e-05,0.6600000262260437,1823.9200439453125
EleutherAI/pythia-14m,50000,step50000,14067712,6,4,81,1,1,0.006876182742416859,0.6600000262260437,1823.9200439453125
EleutherAI/pythia-14m,50000,step50000,14067712,6,4,81,1,2,0.0006208381964825094,0.6600000262260437,1823.9200439453125
EleutherAI/pythia-14m,50000,step50000,14067712,6,4,81,1,3,0.007064617704600096,0.6600000262260437,1823.9200439453125
EleutherAI/pythia-14m,50000,step50000,14067712,6,4,81,2,0,0.0044212560169398785,0.6600000262260437,1823.9200439453125
EleutherAI/pythia-14m,50000,step50000,14067712,6,4,81,2,1,1.5803875541564594e-08,0.6600000262260437,1823.9200439453125
EleutherAI/pythia-14m,50000,step50000,14067712,6,4,81,2,2,2.2739649789896288e-15,0.6600000262260437,1823.9200439453125
EleutherAI/pythia-14m,50000,step50000,14067712,6,4,81,2,3,0.012093574739992619,0.6600000262260437,1823.9200439453125
EleutherAI/pythia-14m,50000,step50000,14067712,6,4,81,3,0,0.01970595307648182,0.6600000262260437,1823.9200439453125
EleutherAI/pythia-14m,50000,step50000,14067712,6,4,81,3,1,0.832326352596283,0.6600000262260437,1823.9200439453125
EleutherAI/pythia-14m,50000,step50000,14067712,6,4,81,3,2,0.0005667962832376361,0.6600000262260437,1823.9200439453125
EleutherAI/pythia-14m,50000,step50000,14067712,6,4,81,3,3,0.8453041315078735,0.6600000262260437,1823.9200439453125
EleutherAI/pythia-14m,50000,step50000,14067712,6,4,81,4,0,0.04515981301665306,0.6600000262260437,1823.9200439453125
EleutherAI/pythia-14m,50000,step50000,14067712,6,4,81,4,1,0.023245885968208313,0.6600000262260437,1823.9200439453125
EleutherAI/pythia-14m,50000,step50000,14067712,6,4,81,4,2,0.05392755940556526,0.6600000262260437,1823.9200439453125
EleutherAI/pythia-14m,50000,step50000,14067712,6,4,81,4,3,0.004653244744986296,0.6600000262260437,1823.9200439453125
EleutherAI/pythia-14m,50000,step50000,14067712,6,4,81,5,0,0.0009163831127807498,0.6600000262260437,1823.9200439453125
EleutherAI/pythia-14m,50000,step50000,14067712,6,4,81,5,1,0.009399029426276684,0.6600000262260437,1823.9200439453125
EleutherAI/pythia-14m,50000,step50000,14067712,6,4,81,5,2,0.009802714921534061,0.6600000262260437,1823.9200439453125
EleutherAI/pythia-14m,50000,step50000,14067712,6,4,81,5,3,0.0365438275039196,0.6600000262260437,1823.9200439453125
EleutherAI/pythia-14m,50000,step50000,14067712,6,4,82,0,0,0.005369239952415228,0.6200000047683716,346.55999755859375
EleutherAI/pythia-14m,50000,step50000,14067712,6,4,82,0,1,0.008446421474218369,0.6200000047683716,346.55999755859375
EleutherAI/pythia-14m,50000,step50000,14067712,6,4,82,0,2,0.005595133174210787,0.6200000047683716,346.55999755859375
EleutherAI/pythia-14m,50000,step50000,14067712,6,4,82,0,3,0.00029556549270637333,0.6200000047683716,346.55999755859375
EleutherAI/pythia-14m,50000,step50000,14067712,6,4,82,1,0,4.110065128770657e-05,0.6200000047683716,346.55999755859375
EleutherAI/pythia-14m,50000,step50000,14067712,6,4,82,1,1,0.0072053708136081696,0.6200000047683716,346.55999755859375
EleutherAI/pythia-14m,50000,step50000,14067712,6,4,82,1,2,0.000912738440092653,0.6200000047683716,346.55999755859375
EleutherAI/pythia-14m,50000,step50000,14067712,6,4,82,1,3,0.004253939259797335,0.6200000047683716,346.55999755859375
EleutherAI/pythia-14m,50000,step50000,14067712,6,4,82,2,0,0.0021652451250702143,0.6200000047683716,346.55999755859375
EleutherAI/pythia-14m,50000,step50000,14067712,6,4,82,2,1,8.257104155973138e-08,0.6200000047683716,346.55999755859375
EleutherAI/pythia-14m,50000,step50000,14067712,6,4,82,2,2,4.1712469524453344e-14,0.6200000047683716,346.55999755859375
EleutherAI/pythia-14m,50000,step50000,14067712,6,4,82,2,3,0.007009691093116999,0.6200000047683716,346.55999755859375
EleutherAI/pythia-14m,50000,step50000,14067712,6,4,82,3,0,0.01994900219142437,0.6200000047683716,346.55999755859375
EleutherAI/pythia-14m,50000,step50000,14067712,6,4,82,3,1,0.8795634508132935,0.6200000047683716,346.55999755859375
EleutherAI/pythia-14m,50000,step50000,14067712,6,4,82,3,2,0.0003797623503487557,0.6200000047683716,346.55999755859375
EleutherAI/pythia-14m,50000,step50000,14067712,6,4,82,3,3,0.9148985147476196,0.6200000047683716,346.55999755859375
EleutherAI/pythia-14m,50000,step50000,14067712,6,4,82,4,0,0.06060589849948883,0.6200000047683716,346.55999755859375
EleutherAI/pythia-14m,50000,step50000,14067712,6,4,82,4,1,0.018315844237804413,0.6200000047683716,346.55999755859375
EleutherAI/pythia-14m,50000,step50000,14067712,6,4,82,4,2,0.08175954967737198,0.6200000047683716,346.55999755859375
EleutherAI/pythia-14m,50000,step50000,14067712,6,4,82,4,3,0.0065107280388474464,0.6200000047683716,346.55999755859375
EleutherAI/pythia-14m,50000,step50000,14067712,6,4,82,5,0,0.0012211611028760672,0.6200000047683716,346.55999755859375
EleutherAI/pythia-14m,50000,step50000,14067712,6,4,82,5,1,0.007179100997745991,0.6200000047683716,346.55999755859375
EleutherAI/pythia-14m,50000,step50000,14067712,6,4,82,5,2,0.01817721128463745,0.6200000047683716,346.55999755859375
EleutherAI/pythia-14m,50000,step50000,14067712,6,4,82,5,3,0.03444714471697807,0.6200000047683716,346.55999755859375
EleutherAI/pythia-14m,50000,step50000,14067712,6,4,83,0,0,0.00565304746851325,0.6600000262260437,1119.02001953125
EleutherAI/pythia-14m,50000,step50000,14067712,6,4,83,0,1,0.010460407473146915,0.6600000262260437,1119.02001953125
EleutherAI/pythia-14m,50000,step50000,14067712,6,4,83,0,2,0.007107721641659737,0.6600000262260437,1119.02001953125
EleutherAI/pythia-14m,50000,step50000,14067712,6,4,83,0,3,0.0031679358799010515,0.6600000262260437,1119.02001953125
EleutherAI/pythia-14m,50000,step50000,14067712,6,4,83,1,0,1.296629216085421e-05,0.6600000262260437,1119.02001953125
EleutherAI/pythia-14m,50000,step50000,14067712,6,4,83,1,1,0.005425805225968361,0.6600000262260437,1119.02001953125
EleutherAI/pythia-14m,50000,step50000,14067712,6,4,83,1,2,7.557347271358594e-05,0.6600000262260437,1119.02001953125
EleutherAI/pythia-14m,50000,step50000,14067712,6,4,83,1,3,0.0054135387763381,0.6600000262260437,1119.02001953125
EleutherAI/pythia-14m,50000,step50000,14067712,6,4,83,2,0,0.0023156870156526566,0.6600000262260437,1119.02001953125
EleutherAI/pythia-14m,50000,step50000,14067712,6,4,83,2,1,7.538031532305922e-09,0.6600000262260437,1119.02001953125
EleutherAI/pythia-14m,50000,step50000,14067712,6,4,83,2,2,3.883649451292756e-15,0.6600000262260437,1119.02001953125
EleutherAI/pythia-14m,50000,step50000,14067712,6,4,83,2,3,0.009547400288283825,0.6600000262260437,1119.02001953125
EleutherAI/pythia-14m,50000,step50000,14067712,6,4,83,3,0,0.020881924778223038,0.6600000262260437,1119.02001953125
EleutherAI/pythia-14m,50000,step50000,14067712,6,4,83,3,1,0.8951998949050903,0.6600000262260437,1119.02001953125
EleutherAI/pythia-14m,50000,step50000,14067712,6,4,83,3,2,0.00021138129523023963,0.6600000262260437,1119.02001953125
EleutherAI/pythia-14m,50000,step50000,14067712,6,4,83,3,3,0.9227449297904968,0.6600000262260437,1119.02001953125
EleutherAI/pythia-14m,50000,step50000,14067712,6,4,83,4,0,0.09959572553634644,0.6600000262260437,1119.02001953125
EleutherAI/pythia-14m,50000,step50000,14067712,6,4,83,4,1,0.02543841116130352,0.6600000262260437,1119.02001953125
EleutherAI/pythia-14m,50000,step50000,14067712,6,4,83,4,2,0.09852035343647003,0.6600000262260437,1119.02001953125
EleutherAI/pythia-14m,50000,step50000,14067712,6,4,83,4,3,0.013952613808214664,0.6600000262260437,1119.02001953125
EleutherAI/pythia-14m,50000,step50000,14067712,6,4,83,5,0,0.0021728610154241323,0.6600000262260437,1119.02001953125
EleutherAI/pythia-14m,50000,step50000,14067712,6,4,83,5,1,0.009979386813938618,0.6600000262260437,1119.02001953125
EleutherAI/pythia-14m,50000,step50000,14067712,6,4,83,5,2,0.016310788691043854,0.6600000262260437,1119.02001953125
EleutherAI/pythia-14m,50000,step50000,14067712,6,4,83,5,3,0.03861142694950104,0.6600000262260437,1119.02001953125
EleutherAI/pythia-14m,50000,step50000,14067712,6,4,84,0,0,0.008425705134868622,0.2199999988079071,5536.8798828125
EleutherAI/pythia-14m,50000,step50000,14067712,6,4,84,0,1,0.010376322083175182,0.2199999988079071,5536.8798828125
EleutherAI/pythia-14m,50000,step50000,14067712,6,4,84,0,2,0.0098421024158597,0.2199999988079071,5536.8798828125
EleutherAI/pythia-14m,50000,step50000,14067712,6,4,84,0,3,0.0007145678391680121,0.2199999988079071,5536.8798828125
EleutherAI/pythia-14m,50000,step50000,14067712,6,4,84,1,0,0.0005743635701946914,0.2199999988079071,5536.8798828125
EleutherAI/pythia-14m,50000,step50000,14067712,6,4,84,1,1,0.008096512407064438,0.2199999988079071,5536.8798828125
EleutherAI/pythia-14m,50000,step50000,14067712,6,4,84,1,2,0.00044963217806071043,0.2199999988079071,5536.8798828125
EleutherAI/pythia-14m,50000,step50000,14067712,6,4,84,1,3,0.0061874729581177235,0.2199999988079071,5536.8798828125
EleutherAI/pythia-14m,50000,step50000,14067712,6,4,84,2,0,0.003949608653783798,0.2199999988079071,5536.8798828125
EleutherAI/pythia-14m,50000,step50000,14067712,6,4,84,2,1,6.1276423366507515e-06,0.2199999988079071,5536.8798828125
EleutherAI/pythia-14m,50000,step50000,14067712,6,4,84,2,2,1.5825306343142387e-11,0.2199999988079071,5536.8798828125
EleutherAI/pythia-14m,50000,step50000,14067712,6,4,84,2,3,0.006750929169356823,0.2199999988079071,5536.8798828125
EleutherAI/pythia-14m,50000,step50000,14067712,6,4,84,3,0,0.011522841639816761,0.2199999988079071,5536.8798828125
EleutherAI/pythia-14m,50000,step50000,14067712,6,4,84,3,1,0.6768440008163452,0.2199999988079071,5536.8798828125
EleutherAI/pythia-14m,50000,step50000,14067712,6,4,84,3,2,0.00038955576019361615,0.2199999988079071,5536.8798828125
EleutherAI/pythia-14m,50000,step50000,14067712,6,4,84,3,3,0.6872932314872742,0.2199999988079071,5536.8798828125
EleutherAI/pythia-14m,50000,step50000,14067712,6,4,84,4,0,0.049321498721838,0.2199999988079071,5536.8798828125
EleutherAI/pythia-14m,50000,step50000,14067712,6,4,84,4,1,0.008558097295463085,0.2199999988079071,5536.8798828125
EleutherAI/pythia-14m,50000,step50000,14067712,6,4,84,4,2,0.0666833147406578,0.2199999988079071,5536.8798828125
EleutherAI/pythia-14m,50000,step50000,14067712,6,4,84,4,3,0.001642130664549768,0.2199999988079071,5536.8798828125
EleutherAI/pythia-14m,50000,step50000,14067712,6,4,84,5,0,0.002964442130178213,0.2199999988079071,5536.8798828125
EleutherAI/pythia-14m,50000,step50000,14067712,6,4,84,5,1,0.00652547599747777,0.2199999988079071,5536.8798828125
EleutherAI/pythia-14m,50000,step50000,14067712,6,4,84,5,2,0.006144043058156967,0.2199999988079071,5536.8798828125
EleutherAI/pythia-14m,50000,step50000,14067712,6,4,84,5,3,0.02178776264190674,0.2199999988079071,5536.8798828125
EleutherAI/pythia-14m,50000,step50000,14067712,6,4,85,0,0,0.004182568285614252,0.30000001192092896,8232.080078125
EleutherAI/pythia-14m,50000,step50000,14067712,6,4,85,0,1,0.00715459231287241,0.30000001192092896,8232.080078125
EleutherAI/pythia-14m,50000,step50000,14067712,6,4,85,0,2,0.013752782717347145,0.30000001192092896,8232.080078125
EleutherAI/pythia-14m,50000,step50000,14067712,6,4,85,0,3,0.0010928013361990452,0.30000001192092896,8232.080078125
EleutherAI/pythia-14m,50000,step50000,14067712,6,4,85,1,0,0.00010989445581799373,0.30000001192092896,8232.080078125
EleutherAI/pythia-14m,50000,step50000,14067712,6,4,85,1,1,0.008582876063883305,0.30000001192092896,8232.080078125
EleutherAI/pythia-14m,50000,step50000,14067712,6,4,85,1,2,0.000889261020347476,0.30000001192092896,8232.080078125
EleutherAI/pythia-14m,50000,step50000,14067712,6,4,85,1,3,0.007007928565144539,0.30000001192092896,8232.080078125
EleutherAI/pythia-14m,50000,step50000,14067712,6,4,85,2,0,0.006447222083806992,0.30000001192092896,8232.080078125
EleutherAI/pythia-14m,50000,step50000,14067712,6,4,85,2,1,2.7406617846281733e-06,0.30000001192092896,8232.080078125
EleutherAI/pythia-14m,50000,step50000,14067712,6,4,85,2,2,1.2063329501987852e-10,0.30000001192092896,8232.080078125
EleutherAI/pythia-14m,50000,step50000,14067712,6,4,85,2,3,0.009251389652490616,0.30000001192092896,8232.080078125
EleutherAI/pythia-14m,50000,step50000,14067712,6,4,85,3,0,0.018439628183841705,0.30000001192092896,8232.080078125
EleutherAI/pythia-14m,50000,step50000,14067712,6,4,85,3,1,0.5620626211166382,0.30000001192092896,8232.080078125
EleutherAI/pythia-14m,50000,step50000,14067712,6,4,85,3,2,0.0003938610607292503,0.30000001192092896,8232.080078125
EleutherAI/pythia-14m,50000,step50000,14067712,6,4,85,3,3,0.6073142886161804,0.30000001192092896,8232.080078125
EleutherAI/pythia-14m,50000,step50000,14067712,6,4,85,4,0,0.04051647335290909,0.30000001192092896,8232.080078125
EleutherAI/pythia-14m,50000,step50000,14067712,6,4,85,4,1,0.016937287524342537,0.30000001192092896,8232.080078125
EleutherAI/pythia-14m,50000,step50000,14067712,6,4,85,4,2,0.066632941365242,0.30000001192092896,8232.080078125
EleutherAI/pythia-14m,50000,step50000,14067712,6,4,85,4,3,0.0022844430059194565,0.30000001192092896,8232.080078125
EleutherAI/pythia-14m,50000,step50000,14067712,6,4,85,5,0,0.0016691811615601182,0.30000001192092896,8232.080078125
EleutherAI/pythia-14m,50000,step50000,14067712,6,4,85,5,1,0.006414530798792839,0.30000001192092896,8232.080078125
EleutherAI/pythia-14m,50000,step50000,14067712,6,4,85,5,2,0.007607540115714073,0.30000001192092896,8232.080078125
EleutherAI/pythia-14m,50000,step50000,14067712,6,4,85,5,3,0.022172674536705017,0.30000001192092896,8232.080078125
EleutherAI/pythia-14m,50000,step50000,14067712,6,4,86,0,0,0.005320523865520954,0.18000000715255737,11066.8603515625
EleutherAI/pythia-14m,50000,step50000,14067712,6,4,86,0,1,0.009588032029569149,0.18000000715255737,11066.8603515625
EleutherAI/pythia-14m,50000,step50000,14067712,6,4,86,0,2,0.016796838492155075,0.18000000715255737,11066.8603515625
EleutherAI/pythia-14m,50000,step50000,14067712,6,4,86,0,3,0.0015420508570969105,0.18000000715255737,11066.8603515625
EleutherAI/pythia-14m,50000,step50000,14067712,6,4,86,1,0,6.109535024734214e-05,0.18000000715255737,11066.8603515625
EleutherAI/pythia-14m,50000,step50000,14067712,6,4,86,1,1,0.008506196551024914,0.18000000715255737,11066.8603515625
EleutherAI/pythia-14m,50000,step50000,14067712,6,4,86,1,2,0.0007375311106443405,0.18000000715255737,11066.8603515625
EleutherAI/pythia-14m,50000,step50000,14067712,6,4,86,1,3,0.006384843494743109,0.18000000715255737,11066.8603515625
EleutherAI/pythia-14m,50000,step50000,14067712,6,4,86,2,0,0.005013908725231886,0.18000000715255737,11066.8603515625
EleutherAI/pythia-14m,50000,step50000,14067712,6,4,86,2,1,3.0685544061270775e-07,0.18000000715255737,11066.8603515625
EleutherAI/pythia-14m,50000,step50000,14067712,6,4,86,2,2,1.3814778720934104e-14,0.18000000715255737,11066.8603515625
EleutherAI/pythia-14m,50000,step50000,14067712,6,4,86,2,3,0.00896991416811943,0.18000000715255737,11066.8603515625
EleutherAI/pythia-14m,50000,step50000,14067712,6,4,86,3,0,0.014837541617453098,0.18000000715255737,11066.8603515625
EleutherAI/pythia-14m,50000,step50000,14067712,6,4,86,3,1,0.5127909779548645,0.18000000715255737,11066.8603515625
EleutherAI/pythia-14m,50000,step50000,14067712,6,4,86,3,2,0.0005994581151753664,0.18000000715255737,11066.8603515625
EleutherAI/pythia-14m,50000,step50000,14067712,6,4,86,3,3,0.5200182199478149,0.18000000715255737,11066.8603515625
EleutherAI/pythia-14m,50000,step50000,14067712,6,4,86,4,0,0.033059652894735336,0.18000000715255737,11066.8603515625
EleutherAI/pythia-14m,50000,step50000,14067712,6,4,86,4,1,0.011974947527050972,0.18000000715255737,11066.8603515625
EleutherAI/pythia-14m,50000,step50000,14067712,6,4,86,4,2,0.047118090093135834,0.18000000715255737,11066.8603515625
EleutherAI/pythia-14m,50000,step50000,14067712,6,4,86,4,3,0.002515428466722369,0.18000000715255737,11066.8603515625
EleutherAI/pythia-14m,50000,step50000,14067712,6,4,86,5,0,0.0013425482902675867,0.18000000715255737,11066.8603515625
EleutherAI/pythia-14m,50000,step50000,14067712,6,4,86,5,1,0.007475829217582941,0.18000000715255737,11066.8603515625
EleutherAI/pythia-14m,50000,step50000,14067712,6,4,86,5,2,0.006453806534409523,0.18000000715255737,11066.8603515625
EleutherAI/pythia-14m,50000,step50000,14067712,6,4,86,5,3,0.02255406603217125,0.18000000715255737,11066.8603515625
EleutherAI/pythia-14m,50000,step50000,14067712,6,4,87,0,0,0.003993254620581865,0.4399999976158142,2681.0
EleutherAI/pythia-14m,50000,step50000,14067712,6,4,87,0,1,0.00985048059374094,0.4399999976158142,2681.0
EleutherAI/pythia-14m,50000,step50000,14067712,6,4,87,0,2,0.017885848879814148,0.4399999976158142,2681.0
EleutherAI/pythia-14m,50000,step50000,14067712,6,4,87,0,3,0.0008997917757369578,0.4399999976158142,2681.0
EleutherAI/pythia-14m,50000,step50000,14067712,6,4,87,1,0,9.711119673738722e-06,0.4399999976158142,2681.0
EleutherAI/pythia-14m,50000,step50000,14067712,6,4,87,1,1,0.009164666756987572,0.4399999976158142,2681.0
EleutherAI/pythia-14m,50000,step50000,14067712,6,4,87,1,2,0.0003162210341542959,0.4399999976158142,2681.0
EleutherAI/pythia-14m,50000,step50000,14067712,6,4,87,1,3,0.006038269959390163,0.4399999976158142,2681.0
EleutherAI/pythia-14m,50000,step50000,14067712,6,4,87,2,0,0.003919417969882488,0.4399999976158142,2681.0
EleutherAI/pythia-14m,50000,step50000,14067712,6,4,87,2,1,3.0579312237932754e-07,0.4399999976158142,2681.0
EleutherAI/pythia-14m,50000,step50000,14067712,6,4,87,2,2,2.7510578450712364e-13,0.4399999976158142,2681.0
EleutherAI/pythia-14m,50000,step50000,14067712,6,4,87,2,3,0.008934041485190392,0.4399999976158142,2681.0
EleutherAI/pythia-14m,50000,step50000,14067712,6,4,87,3,0,0.02160087786614895,0.4399999976158142,2681.0
EleutherAI/pythia-14m,50000,step50000,14067712,6,4,87,3,1,0.812822163105011,0.4399999976158142,2681.0
EleutherAI/pythia-14m,50000,step50000,14067712,6,4,87,3,2,0.000545479531865567,0.4399999976158142,2681.0
EleutherAI/pythia-14m,50000,step50000,14067712,6,4,87,3,3,0.8251590728759766,0.4399999976158142,2681.0
EleutherAI/pythia-14m,50000,step50000,14067712,6,4,87,4,0,0.05387705937027931,0.4399999976158142,2681.0
EleutherAI/pythia-14m,50000,step50000,14067712,6,4,87,4,1,0.014439310878515244,0.4399999976158142,2681.0
EleutherAI/pythia-14m,50000,step50000,14067712,6,4,87,4,2,0.08896408975124359,0.4399999976158142,2681.0
EleutherAI/pythia-14m,50000,step50000,14067712,6,4,87,4,3,0.003493149299174547,0.4399999976158142,2681.0
EleutherAI/pythia-14m,50000,step50000,14067712,6,4,87,5,0,0.00259640091098845,0.4399999976158142,2681.0
EleutherAI/pythia-14m,50000,step50000,14067712,6,4,87,5,1,0.011924069374799728,0.4399999976158142,2681.0
EleutherAI/pythia-14m,50000,step50000,14067712,6,4,87,5,2,0.008544599637389183,0.4399999976158142,2681.0
EleutherAI/pythia-14m,50000,step50000,14067712,6,4,87,5,3,0.03219185397028923,0.4399999976158142,2681.0
EleutherAI/pythia-14m,50000,step50000,14067712,6,4,88,0,0,0.0038909860886633396,0.699999988079071,1091.3399658203125
EleutherAI/pythia-14m,50000,step50000,14067712,6,4,88,0,1,0.009540710598230362,0.699999988079071,1091.3399658203125
EleutherAI/pythia-14m,50000,step50000,14067712,6,4,88,0,2,0.019603021442890167,0.699999988079071,1091.3399658203125
EleutherAI/pythia-14m,50000,step50000,14067712,6,4,88,0,3,9.452529047848657e-05,0.699999988079071,1091.3399658203125
EleutherAI/pythia-14m,50000,step50000,14067712,6,4,88,1,0,9.651506843511015e-06,0.699999988079071,1091.3399658203125
EleutherAI/pythia-14m,50000,step50000,14067712,6,4,88,1,1,0.007255586329847574,0.699999988079071,1091.3399658203125
EleutherAI/pythia-14m,50000,step50000,14067712,6,4,88,1,2,0.0002345056418562308,0.699999988079071,1091.3399658203125
EleutherAI/pythia-14m,50000,step50000,14067712,6,4,88,1,3,0.00495984498411417,0.699999988079071,1091.3399658203125
EleutherAI/pythia-14m,50000,step50000,14067712,6,4,88,2,0,0.003031819360330701,0.699999988079071,1091.3399658203125
EleutherAI/pythia-14m,50000,step50000,14067712,6,4,88,2,1,5.2445599862949166e-08,0.699999988079071,1091.3399658203125
EleutherAI/pythia-14m,50000,step50000,14067712,6,4,88,2,2,1.0824735205416935e-12,0.699999988079071,1091.3399658203125
EleutherAI/pythia-14m,50000,step50000,14067712,6,4,88,2,3,0.011441081762313843,0.699999988079071,1091.3399658203125
EleutherAI/pythia-14m,50000,step50000,14067712,6,4,88,3,0,0.01988993026316166,0.699999988079071,1091.3399658203125
EleutherAI/pythia-14m,50000,step50000,14067712,6,4,88,3,1,0.8345059752464294,0.699999988079071,1091.3399658203125
EleutherAI/pythia-14m,50000,step50000,14067712,6,4,88,3,2,0.00032668060157448053,0.699999988079071,1091.3399658203125
EleutherAI/pythia-14m,50000,step50000,14067712,6,4,88,3,3,0.8597573041915894,0.699999988079071,1091.3399658203125
EleutherAI/pythia-14m,50000,step50000,14067712,6,4,88,4,0,0.07161866873502731,0.699999988079071,1091.3399658203125
EleutherAI/pythia-14m,50000,step50000,14067712,6,4,88,4,1,0.02414730004966259,0.699999988079071,1091.3399658203125
EleutherAI/pythia-14m,50000,step50000,14067712,6,4,88,4,2,0.10677742958068848,0.699999988079071,1091.3399658203125
EleutherAI/pythia-14m,50000,step50000,14067712,6,4,88,4,3,0.006671166978776455,0.699999988079071,1091.3399658203125
EleutherAI/pythia-14m,50000,step50000,14067712,6,4,88,5,0,0.0024579798337072134,0.699999988079071,1091.3399658203125
EleutherAI/pythia-14m,50000,step50000,14067712,6,4,88,5,1,0.011784716509282589,0.699999988079071,1091.3399658203125
EleutherAI/pythia-14m,50000,step50000,14067712,6,4,88,5,2,0.015816714614629745,0.699999988079071,1091.3399658203125
EleutherAI/pythia-14m,50000,step50000,14067712,6,4,88,5,3,0.03339044004678726,0.699999988079071,1091.3399658203125
EleutherAI/pythia-14m,50000,step50000,14067712,6,4,89,0,0,0.004452208988368511,0.5600000023841858,1544.800048828125
EleutherAI/pythia-14m,50000,step50000,14067712,6,4,89,0,1,0.009800311177968979,0.5600000023841858,1544.800048828125
EleutherAI/pythia-14m,50000,step50000,14067712,6,4,89,0,2,0.012350495904684067,0.5600000023841858,1544.800048828125
EleutherAI/pythia-14m,50000,step50000,14067712,6,4,89,0,3,0.000992765068076551,0.5600000023841858,1544.800048828125
EleutherAI/pythia-14m,50000,step50000,14067712,6,4,89,1,0,1.2906356460007373e-05,0.5600000023841858,1544.800048828125
EleutherAI/pythia-14m,50000,step50000,14067712,6,4,89,1,1,0.005824776366353035,0.5600000023841858,1544.800048828125
EleutherAI/pythia-14m,50000,step50000,14067712,6,4,89,1,2,0.00024327205028384924,0.5600000023841858,1544.800048828125
EleutherAI/pythia-14m,50000,step50000,14067712,6,4,89,1,3,0.00509349349886179,0.5600000023841858,1544.800048828125
EleutherAI/pythia-14m,50000,step50000,14067712,6,4,89,2,0,0.003299076808616519,0.5600000023841858,1544.800048828125
EleutherAI/pythia-14m,50000,step50000,14067712,6,4,89,2,1,7.503138732545267e-08,0.5600000023841858,1544.800048828125
EleutherAI/pythia-14m,50000,step50000,14067712,6,4,89,2,2,8.220093070034507e-15,0.5600000023841858,1544.800048828125
EleutherAI/pythia-14m,50000,step50000,14067712,6,4,89,2,3,0.007896502502262592,0.5600000023841858,1544.800048828125
EleutherAI/pythia-14m,50000,step50000,14067712,6,4,89,3,0,0.017948076128959656,0.5600000023841858,1544.800048828125
EleutherAI/pythia-14m,50000,step50000,14067712,6,4,89,3,1,0.8438923358917236,0.5600000023841858,1544.800048828125
EleutherAI/pythia-14m,50000,step50000,14067712,6,4,89,3,2,0.00040230617742054164,0.5600000023841858,1544.800048828125
EleutherAI/pythia-14m,50000,step50000,14067712,6,4,89,3,3,0.8378936648368835,0.5600000023841858,1544.800048828125
EleutherAI/pythia-14m,50000,step50000,14067712,6,4,89,4,0,0.055367060005664825,0.5600000023841858,1544.800048828125
EleutherAI/pythia-14m,50000,step50000,14067712,6,4,89,4,1,0.017173781991004944,0.5600000023841858,1544.800048828125
EleutherAI/pythia-14m,50000,step50000,14067712,6,4,89,4,2,0.06410191208124161,0.5600000023841858,1544.800048828125
EleutherAI/pythia-14m,50000,step50000,14067712,6,4,89,4,3,0.007769755087792873,0.5600000023841858,1544.800048828125
EleutherAI/pythia-14m,50000,step50000,14067712,6,4,89,5,0,0.0022133938036859035,0.5600000023841858,1544.800048828125
EleutherAI/pythia-14m,50000,step50000,14067712,6,4,89,5,1,0.005155985243618488,0.5600000023841858,1544.800048828125
EleutherAI/pythia-14m,50000,step50000,14067712,6,4,89,5,2,0.010423761792480946,0.5600000023841858,1544.800048828125
EleutherAI/pythia-14m,50000,step50000,14067712,6,4,89,5,3,0.03749401122331619,0.5600000023841858,1544.800048828125
EleutherAI/pythia-14m,50000,step50000,14067712,6,4,90,0,0,0.0031693808268755674,0.4000000059604645,1799.280029296875
EleutherAI/pythia-14m,50000,step50000,14067712,6,4,90,0,1,0.009785909205675125,0.4000000059604645,1799.280029296875
EleutherAI/pythia-14m,50000,step50000,14067712,6,4,90,0,2,0.0034315483644604683,0.4000000059604645,1799.280029296875
EleutherAI/pythia-14m,50000,step50000,14067712,6,4,90,0,3,0.0006050383090041578,0.4000000059604645,1799.280029296875
EleutherAI/pythia-14m,50000,step50000,14067712,6,4,90,1,0,4.411862391862087e-05,0.4000000059604645,1799.280029296875
EleutherAI/pythia-14m,50000,step50000,14067712,6,4,90,1,1,0.008094816468656063,0.4000000059604645,1799.280029296875
EleutherAI/pythia-14m,50000,step50000,14067712,6,4,90,1,2,0.0004638568207155913,0.4000000059604645,1799.280029296875
EleutherAI/pythia-14m,50000,step50000,14067712,6,4,90,1,3,0.0046789138577878475,0.4000000059604645,1799.280029296875
EleutherAI/pythia-14m,50000,step50000,14067712,6,4,90,2,0,0.0035504742991179228,0.4000000059604645,1799.280029296875
EleutherAI/pythia-14m,50000,step50000,14067712,6,4,90,2,1,1.3213373506459902e-07,0.4000000059604645,1799.280029296875
EleutherAI/pythia-14m,50000,step50000,14067712,6,4,90,2,2,1.2619736527476333e-13,0.4000000059604645,1799.280029296875
EleutherAI/pythia-14m,50000,step50000,14067712,6,4,90,2,3,0.007540996186435223,0.4000000059604645,1799.280029296875
EleutherAI/pythia-14m,50000,step50000,14067712,6,4,90,3,0,0.016833459958434105,0.4000000059604645,1799.280029296875
EleutherAI/pythia-14m,50000,step50000,14067712,6,4,90,3,1,0.77020663022995,0.4000000059604645,1799.280029296875
EleutherAI/pythia-14m,50000,step50000,14067712,6,4,90,3,2,0.00031916078296490014,0.4000000059604645,1799.280029296875
EleutherAI/pythia-14m,50000,step50000,14067712,6,4,90,3,3,0.7808846831321716,0.4000000059604645,1799.280029296875
EleutherAI/pythia-14m,50000,step50000,14067712,6,4,90,4,0,0.0692116767168045,0.4000000059604645,1799.280029296875
EleutherAI/pythia-14m,50000,step50000,14067712,6,4,90,4,1,0.026604535058140755,0.4000000059604645,1799.280029296875
EleutherAI/pythia-14m,50000,step50000,14067712,6,4,90,4,2,0.08673547953367233,0.4000000059604645,1799.280029296875
EleutherAI/pythia-14m,50000,step50000,14067712,6,4,90,4,3,0.005909987725317478,0.4000000059604645,1799.280029296875
EleutherAI/pythia-14m,50000,step50000,14067712,6,4,90,5,0,0.001748778042383492,0.4000000059604645,1799.280029296875
EleutherAI/pythia-14m,50000,step50000,14067712,6,4,90,5,1,0.00798183586448431,0.4000000059604645,1799.280029296875
EleutherAI/pythia-14m,50000,step50000,14067712,6,4,90,5,2,0.011877652257680893,0.4000000059604645,1799.280029296875
EleutherAI/pythia-14m,50000,step50000,14067712,6,4,90,5,3,0.04298784211277962,0.4000000059604645,1799.280029296875
EleutherAI/pythia-14m,50000,step50000,14067712,6,4,91,0,0,0.006413739174604416,0.4399999976158142,3077.320068359375
EleutherAI/pythia-14m,50000,step50000,14067712,6,4,91,0,1,0.009220696985721588,0.4399999976158142,3077.320068359375
EleutherAI/pythia-14m,50000,step50000,14067712,6,4,91,0,2,0.017747558653354645,0.4399999976158142,3077.320068359375
EleutherAI/pythia-14m,50000,step50000,14067712,6,4,91,0,3,0.0014535838272422552,0.4399999976158142,3077.320068359375
EleutherAI/pythia-14m,50000,step50000,14067712,6,4,91,1,0,3.6697878385894e-05,0.4399999976158142,3077.320068359375
EleutherAI/pythia-14m,50000,step50000,14067712,6,4,91,1,1,0.007857047021389008,0.4399999976158142,3077.320068359375
EleutherAI/pythia-14m,50000,step50000,14067712,6,4,91,1,2,0.0006590348202735186,0.4399999976158142,3077.320068359375
EleutherAI/pythia-14m,50000,step50000,14067712,6,4,91,1,3,0.004969494417309761,0.4399999976158142,3077.320068359375
EleutherAI/pythia-14m,50000,step50000,14067712,6,4,91,2,0,0.002920809667557478,0.4399999976158142,3077.320068359375
EleutherAI/pythia-14m,50000,step50000,14067712,6,4,91,2,1,9.13451074779914e-08,0.4399999976158142,3077.320068359375
EleutherAI/pythia-14m,50000,step50000,14067712,6,4,91,2,2,3.634339702828556e-15,0.4399999976158142,3077.320068359375
EleutherAI/pythia-14m,50000,step50000,14067712,6,4,91,2,3,0.008092357777059078,0.4399999976158142,3077.320068359375
EleutherAI/pythia-14m,50000,step50000,14067712,6,4,91,3,0,0.020864373072981834,0.4399999976158142,3077.320068359375
EleutherAI/pythia-14m,50000,step50000,14067712,6,4,91,3,1,0.8214277029037476,0.4399999976158142,3077.320068359375
EleutherAI/pythia-14m,50000,step50000,14067712,6,4,91,3,2,0.00037372022052295506,0.4399999976158142,3077.320068359375
EleutherAI/pythia-14m,50000,step50000,14067712,6,4,91,3,3,0.8447128534317017,0.4399999976158142,3077.320068359375
EleutherAI/pythia-14m,50000,step50000,14067712,6,4,91,4,0,0.06862672418355942,0.4399999976158142,3077.320068359375
EleutherAI/pythia-14m,50000,step50000,14067712,6,4,91,4,1,0.02010626345872879,0.4399999976158142,3077.320068359375
EleutherAI/pythia-14m,50000,step50000,14067712,6,4,91,4,2,0.11217184364795685,0.4399999976158142,3077.320068359375
EleutherAI/pythia-14m,50000,step50000,14067712,6,4,91,4,3,0.00464270543307066,0.4399999976158142,3077.320068359375
EleutherAI/pythia-14m,50000,step50000,14067712,6,4,91,5,0,0.001314103719778359,0.4399999976158142,3077.320068359375
EleutherAI/pythia-14m,50000,step50000,14067712,6,4,91,5,1,0.007652159780263901,0.4399999976158142,3077.320068359375
EleutherAI/pythia-14m,50000,step50000,14067712,6,4,91,5,2,0.011270778253674507,0.4399999976158142,3077.320068359375
EleutherAI/pythia-14m,50000,step50000,14067712,6,4,91,5,3,0.037148863077163696,0.4399999976158142,3077.320068359375
EleutherAI/pythia-14m,50000,step50000,14067712,6,4,92,0,0,0.004132176749408245,0.699999988079071,1711.52001953125
EleutherAI/pythia-14m,50000,step50000,14067712,6,4,92,0,1,0.009154042229056358,0.699999988079071,1711.52001953125
EleutherAI/pythia-14m,50000,step50000,14067712,6,4,92,0,2,0.00749231455847621,0.699999988079071,1711.52001953125
EleutherAI/pythia-14m,50000,step50000,14067712,6,4,92,0,3,0.0010482881916686893,0.699999988079071,1711.52001953125
EleutherAI/pythia-14m,50000,step50000,14067712,6,4,92,1,0,3.457562343101017e-05,0.699999988079071,1711.52001953125
EleutherAI/pythia-14m,50000,step50000,14067712,6,4,92,1,1,0.007178036030381918,0.699999988079071,1711.52001953125
EleutherAI/pythia-14m,50000,step50000,14067712,6,4,92,1,2,0.00039893988287076354,0.699999988079071,1711.52001953125
EleutherAI/pythia-14m,50000,step50000,14067712,6,4,92,1,3,0.0028129834681749344,0.699999988079071,1711.52001953125
EleutherAI/pythia-14m,50000,step50000,14067712,6,4,92,2,0,0.0025008106604218483,0.699999988079071,1711.52001953125
EleutherAI/pythia-14m,50000,step50000,14067712,6,4,92,2,1,9.817600066241994e-09,0.699999988079071,1711.52001953125
EleutherAI/pythia-14m,50000,step50000,14067712,6,4,92,2,2,5.4824702178275786e-14,0.699999988079071,1711.52001953125
EleutherAI/pythia-14m,50000,step50000,14067712,6,4,92,2,3,0.0075597395189106464,0.699999988079071,1711.52001953125
EleutherAI/pythia-14m,50000,step50000,14067712,6,4,92,3,0,0.027548806741833687,0.699999988079071,1711.52001953125
EleutherAI/pythia-14m,50000,step50000,14067712,6,4,92,3,1,0.9233457446098328,0.699999988079071,1711.52001953125
EleutherAI/pythia-14m,50000,step50000,14067712,6,4,92,3,2,0.00037730432813987136,0.699999988079071,1711.52001953125
EleutherAI/pythia-14m,50000,step50000,14067712,6,4,92,3,3,0.9273346066474915,0.699999988079071,1711.52001953125
EleutherAI/pythia-14m,50000,step50000,14067712,6,4,92,4,0,0.12342353910207748,0.699999988079071,1711.52001953125
EleutherAI/pythia-14m,50000,step50000,14067712,6,4,92,4,1,0.02278154343366623,0.699999988079071,1711.52001953125
EleutherAI/pythia-14m,50000,step50000,14067712,6,4,92,4,2,0.13928845524787903,0.699999988079071,1711.52001953125
EleutherAI/pythia-14m,50000,step50000,14067712,6,4,92,4,3,0.010163367725908756,0.699999988079071,1711.52001953125
EleutherAI/pythia-14m,50000,step50000,14067712,6,4,92,5,0,0.0028277188539505005,0.699999988079071,1711.52001953125
EleutherAI/pythia-14m,50000,step50000,14067712,6,4,92,5,1,0.006385957822203636,0.699999988079071,1711.52001953125
EleutherAI/pythia-14m,50000,step50000,14067712,6,4,92,5,2,0.015103258192539215,0.699999988079071,1711.52001953125
EleutherAI/pythia-14m,50000,step50000,14067712,6,4,92,5,3,0.04831652715802193,0.699999988079071,1711.52001953125
EleutherAI/pythia-14m,50000,step50000,14067712,6,4,93,0,0,0.004325706046074629,0.7599999904632568,382.239990234375
EleutherAI/pythia-14m,50000,step50000,14067712,6,4,93,0,1,0.009578200988471508,0.7599999904632568,382.239990234375
EleutherAI/pythia-14m,50000,step50000,14067712,6,4,93,0,2,0.013278157450258732,0.7599999904632568,382.239990234375
EleutherAI/pythia-14m,50000,step50000,14067712,6,4,93,0,3,0.0005287352250888944,0.7599999904632568,382.239990234375
EleutherAI/pythia-14m,50000,step50000,14067712,6,4,93,1,0,0.00012414927186910063,0.7599999904632568,382.239990234375
EleutherAI/pythia-14m,50000,step50000,14067712,6,4,93,1,1,0.009668847545981407,0.7599999904632568,382.239990234375
EleutherAI/pythia-14m,50000,step50000,14067712,6,4,93,1,2,0.0003349814796820283,0.7599999904632568,382.239990234375
EleutherAI/pythia-14m,50000,step50000,14067712,6,4,93,1,3,0.005638774484395981,0.7599999904632568,382.239990234375
EleutherAI/pythia-14m,50000,step50000,14067712,6,4,93,2,0,0.003238624893128872,0.7599999904632568,382.239990234375
EleutherAI/pythia-14m,50000,step50000,14067712,6,4,93,2,1,2.2602307581109926e-08,0.7599999904632568,382.239990234375
EleutherAI/pythia-14m,50000,step50000,14067712,6,4,93,2,2,3.7805910055398846e-16,0.7599999904632568,382.239990234375
EleutherAI/pythia-14m,50000,step50000,14067712,6,4,93,2,3,0.009971655905246735,0.7599999904632568,382.239990234375
EleutherAI/pythia-14m,50000,step50000,14067712,6,4,93,3,0,0.02146347053349018,0.7599999904632568,382.239990234375
EleutherAI/pythia-14m,50000,step50000,14067712,6,4,93,3,1,0.9459669589996338,0.7599999904632568,382.239990234375
EleutherAI/pythia-14m,50000,step50000,14067712,6,4,93,3,2,0.0002855575585272163,0.7599999904632568,382.239990234375
EleutherAI/pythia-14m,50000,step50000,14067712,6,4,93,3,3,0.9579917788505554,0.7599999904632568,382.239990234375
EleutherAI/pythia-14m,50000,step50000,14067712,6,4,93,4,0,0.11315624415874481,0.7599999904632568,382.239990234375
EleutherAI/pythia-14m,50000,step50000,14067712,6,4,93,4,1,0.021330824121832848,0.7599999904632568,382.239990234375
EleutherAI/pythia-14m,50000,step50000,14067712,6,4,93,4,2,0.11528940498828888,0.7599999904632568,382.239990234375
EleutherAI/pythia-14m,50000,step50000,14067712,6,4,93,4,3,0.006587848532944918,0.7599999904632568,382.239990234375
EleutherAI/pythia-14m,50000,step50000,14067712,6,4,93,5,0,0.0010647118324413896,0.7599999904632568,382.239990234375
EleutherAI/pythia-14m,50000,step50000,14067712,6,4,93,5,1,0.009775925427675247,0.7599999904632568,382.239990234375
EleutherAI/pythia-14m,50000,step50000,14067712,6,4,93,5,2,0.01746426895260811,0.7599999904632568,382.239990234375
EleutherAI/pythia-14m,50000,step50000,14067712,6,4,93,5,3,0.04657662287354469,0.7599999904632568,382.239990234375
EleutherAI/pythia-14m,50000,step50000,14067712,6,4,94,0,0,0.0034053463023155928,0.5400000214576721,258.7200012207031
EleutherAI/pythia-14m,50000,step50000,14067712,6,4,94,0,1,0.007860722951591015,0.5400000214576721,258.7200012207031
EleutherAI/pythia-14m,50000,step50000,14067712,6,4,94,0,2,0.017731986939907074,0.5400000214576721,258.7200012207031
EleutherAI/pythia-14m,50000,step50000,14067712,6,4,94,0,3,0.001716705271974206,0.5400000214576721,258.7200012207031
EleutherAI/pythia-14m,50000,step50000,14067712,6,4,94,1,0,3.2813975849421695e-05,0.5400000214576721,258.7200012207031
EleutherAI/pythia-14m,50000,step50000,14067712,6,4,94,1,1,0.006173227913677692,0.5400000214576721,258.7200012207031
EleutherAI/pythia-14m,50000,step50000,14067712,6,4,94,1,2,0.00020942825358361006,0.5400000214576721,258.7200012207031
EleutherAI/pythia-14m,50000,step50000,14067712,6,4,94,1,3,0.004205415956676006,0.5400000214576721,258.7200012207031
EleutherAI/pythia-14m,50000,step50000,14067712,6,4,94,2,0,0.0026687190402299166,0.5400000214576721,258.7200012207031
EleutherAI/pythia-14m,50000,step50000,14067712,6,4,94,2,1,1.1226606488889956e-07,0.5400000214576721,258.7200012207031
EleutherAI/pythia-14m,50000,step50000,14067712,6,4,94,2,2,6.643885033872764e-15,0.5400000214576721,258.7200012207031
EleutherAI/pythia-14m,50000,step50000,14067712,6,4,94,2,3,0.006947662215679884,0.5400000214576721,258.7200012207031
EleutherAI/pythia-14m,50000,step50000,14067712,6,4,94,3,0,0.019849365577101707,0.5400000214576721,258.7200012207031
EleutherAI/pythia-14m,50000,step50000,14067712,6,4,94,3,1,0.8766016960144043,0.5400000214576721,258.7200012207031
EleutherAI/pythia-14m,50000,step50000,14067712,6,4,94,3,2,0.0003019968280568719,0.5400000214576721,258.7200012207031
EleutherAI/pythia-14m,50000,step50000,14067712,6,4,94,3,3,0.9003154039382935,0.5400000214576721,258.7200012207031
EleutherAI/pythia-14m,50000,step50000,14067712,6,4,94,4,0,0.11782592535018921,0.5400000214576721,258.7200012207031
EleutherAI/pythia-14m,50000,step50000,14067712,6,4,94,4,1,0.025471394881606102,0.5400000214576721,258.7200012207031
EleutherAI/pythia-14m,50000,step50000,14067712,6,4,94,4,2,0.11315799504518509,0.5400000214576721,258.7200012207031
EleutherAI/pythia-14m,50000,step50000,14067712,6,4,94,4,3,0.006198263261467218,0.5400000214576721,258.7200012207031
EleutherAI/pythia-14m,50000,step50000,14067712,6,4,94,5,0,0.001922756084240973,0.5400000214576721,258.7200012207031
EleutherAI/pythia-14m,50000,step50000,14067712,6,4,94,5,1,0.011474492959678173,0.5400000214576721,258.7200012207031
EleutherAI/pythia-14m,50000,step50000,14067712,6,4,94,5,2,0.015325099229812622,0.5400000214576721,258.7200012207031
EleutherAI/pythia-14m,50000,step50000,14067712,6,4,94,5,3,0.042230166494846344,0.5400000214576721,258.7200012207031
EleutherAI/pythia-14m,50000,step50000,14067712,6,4,95,0,0,0.003556564450263977,0.3799999952316284,5418.68017578125
EleutherAI/pythia-14m,50000,step50000,14067712,6,4,95,0,1,0.008968554437160492,0.3799999952316284,5418.68017578125
EleutherAI/pythia-14m,50000,step50000,14067712,6,4,95,0,2,0.019679777324199677,0.3799999952316284,5418.68017578125
EleutherAI/pythia-14m,50000,step50000,14067712,6,4,95,0,3,0.0011438037035986781,0.3799999952316284,5418.68017578125
EleutherAI/pythia-14m,50000,step50000,14067712,6,4,95,1,0,1.9167293430655263e-05,0.3799999952316284,5418.68017578125
EleutherAI/pythia-14m,50000,step50000,14067712,6,4,95,1,1,0.008956105448305607,0.3799999952316284,5418.68017578125
EleutherAI/pythia-14m,50000,step50000,14067712,6,4,95,1,2,0.00033061622525565326,0.3799999952316284,5418.68017578125
EleutherAI/pythia-14m,50000,step50000,14067712,6,4,95,1,3,0.0056222593411803246,0.3799999952316284,5418.68017578125
EleutherAI/pythia-14m,50000,step50000,14067712,6,4,95,2,0,0.004061935935169458,0.3799999952316284,5418.68017578125
EleutherAI/pythia-14m,50000,step50000,14067712,6,4,95,2,1,4.0447829974255e-08,0.3799999952316284,5418.68017578125
EleutherAI/pythia-14m,50000,step50000,14067712,6,4,95,2,2,7.491720121328115e-15,0.3799999952316284,5418.68017578125
EleutherAI/pythia-14m,50000,step50000,14067712,6,4,95,2,3,0.013922028243541718,0.3799999952316284,5418.68017578125
EleutherAI/pythia-14m,50000,step50000,14067712,6,4,95,3,0,0.020032303407788277,0.3799999952316284,5418.68017578125
EleutherAI/pythia-14m,50000,step50000,14067712,6,4,95,3,1,0.7208635210990906,0.3799999952316284,5418.68017578125
EleutherAI/pythia-14m,50000,step50000,14067712,6,4,95,3,2,0.0005169176729395986,0.3799999952316284,5418.68017578125
EleutherAI/pythia-14m,50000,step50000,14067712,6,4,95,3,3,0.7313733100891113,0.3799999952316284,5418.68017578125
EleutherAI/pythia-14m,50000,step50000,14067712,6,4,95,4,0,0.02602911926805973,0.3799999952316284,5418.68017578125
EleutherAI/pythia-14m,50000,step50000,14067712,6,4,95,4,1,0.01642891950905323,0.3799999952316284,5418.68017578125
EleutherAI/pythia-14m,50000,step50000,14067712,6,4,95,4,2,0.03289877250790596,0.3799999952316284,5418.68017578125
EleutherAI/pythia-14m,50000,step50000,14067712,6,4,95,4,3,0.003044985933229327,0.3799999952316284,5418.68017578125
EleutherAI/pythia-14m,50000,step50000,14067712,6,4,95,5,0,0.001364566502161324,0.3799999952316284,5418.68017578125
EleutherAI/pythia-14m,50000,step50000,14067712,6,4,95,5,1,0.010572399944067001,0.3799999952316284,5418.68017578125
EleutherAI/pythia-14m,50000,step50000,14067712,6,4,95,5,2,0.010558221489191055,0.3799999952316284,5418.68017578125
EleutherAI/pythia-14m,50000,step50000,14067712,6,4,95,5,3,0.02219420112669468,0.3799999952316284,5418.68017578125
EleutherAI/pythia-14m,50000,step50000,14067712,6,4,96,0,0,0.007981909438967705,0.23999999463558197,6682.02001953125
EleutherAI/pythia-14m,50000,step50000,14067712,6,4,96,0,1,0.01113666221499443,0.23999999463558197,6682.02001953125
EleutherAI/pythia-14m,50000,step50000,14067712,6,4,96,0,2,0.0059549021534621716,0.23999999463558197,6682.02001953125
EleutherAI/pythia-14m,50000,step50000,14067712,6,4,96,0,3,0.0006882295710965991,0.23999999463558197,6682.02001953125
EleutherAI/pythia-14m,50000,step50000,14067712,6,4,96,1,0,0.00018171586270909756,0.23999999463558197,6682.02001953125
EleutherAI/pythia-14m,50000,step50000,14067712,6,4,96,1,1,0.009949008002877235,0.23999999463558197,6682.02001953125
EleutherAI/pythia-14m,50000,step50000,14067712,6,4,96,1,2,0.00043876745621673763,0.23999999463558197,6682.02001953125
EleutherAI/pythia-14m,50000,step50000,14067712,6,4,96,1,3,0.006905391346663237,0.23999999463558197,6682.02001953125
EleutherAI/pythia-14m,50000,step50000,14067712,6,4,96,2,0,0.004999811761081219,0.23999999463558197,6682.02001953125
EleutherAI/pythia-14m,50000,step50000,14067712,6,4,96,2,1,3.0489741220662836e-07,0.23999999463558197,6682.02001953125
EleutherAI/pythia-14m,50000,step50000,14067712,6,4,96,2,2,1.4101981335326672e-14,0.23999999463558197,6682.02001953125
EleutherAI/pythia-14m,50000,step50000,14067712,6,4,96,2,3,0.01165439561009407,0.23999999463558197,6682.02001953125
EleutherAI/pythia-14m,50000,step50000,14067712,6,4,96,3,0,0.019640302285552025,0.23999999463558197,6682.02001953125
EleutherAI/pythia-14m,50000,step50000,14067712,6,4,96,3,1,0.6337069869041443,0.23999999463558197,6682.02001953125
EleutherAI/pythia-14m,50000,step50000,14067712,6,4,96,3,2,0.00043813660158775747,0.23999999463558197,6682.02001953125
EleutherAI/pythia-14m,50000,step50000,14067712,6,4,96,3,3,0.663726806640625,0.23999999463558197,6682.02001953125
EleutherAI/pythia-14m,50000,step50000,14067712,6,4,96,4,0,0.029639635235071182,0.23999999463558197,6682.02001953125
EleutherAI/pythia-14m,50000,step50000,14067712,6,4,96,4,1,0.014698201790452003,0.23999999463558197,6682.02001953125
EleutherAI/pythia-14m,50000,step50000,14067712,6,4,96,4,2,0.05285467207431793,0.23999999463558197,6682.02001953125
EleutherAI/pythia-14m,50000,step50000,14067712,6,4,96,4,3,0.0020211846567690372,0.23999999463558197,6682.02001953125
EleutherAI/pythia-14m,50000,step50000,14067712,6,4,96,5,0,0.0009942537872120738,0.23999999463558197,6682.02001953125
EleutherAI/pythia-14m,50000,step50000,14067712,6,4,96,5,1,0.007448679301887751,0.23999999463558197,6682.02001953125
EleutherAI/pythia-14m,50000,step50000,14067712,6,4,96,5,2,0.014692152850329876,0.23999999463558197,6682.02001953125
EleutherAI/pythia-14m,50000,step50000,14067712,6,4,96,5,3,0.024251088500022888,0.23999999463558197,6682.02001953125
EleutherAI/pythia-14m,50000,step50000,14067712,6,4,97,0,0,0.0054692598059773445,0.6600000262260437,2544.47998046875
EleutherAI/pythia-14m,50000,step50000,14067712,6,4,97,0,1,0.008548786863684654,0.6600000262260437,2544.47998046875
EleutherAI/pythia-14m,50000,step50000,14067712,6,4,97,0,2,0.018690472468733788,0.6600000262260437,2544.47998046875
EleutherAI/pythia-14m,50000,step50000,14067712,6,4,97,0,3,0.00043355862726457417,0.6600000262260437,2544.47998046875
EleutherAI/pythia-14m,50000,step50000,14067712,6,4,97,1,0,2.300777168784407e-06,0.6600000262260437,2544.47998046875
EleutherAI/pythia-14m,50000,step50000,14067712,6,4,97,1,1,0.006696712225675583,0.6600000262260437,2544.47998046875
EleutherAI/pythia-14m,50000,step50000,14067712,6,4,97,1,2,0.00011809451825683936,0.6600000262260437,2544.47998046875
EleutherAI/pythia-14m,50000,step50000,14067712,6,4,97,1,3,0.0039270129054784775,0.6600000262260437,2544.47998046875
EleutherAI/pythia-14m,50000,step50000,14067712,6,4,97,2,0,0.003905699821189046,0.6600000262260437,2544.47998046875
EleutherAI/pythia-14m,50000,step50000,14067712,6,4,97,2,1,2.6857197354956952e-08,0.6600000262260437,2544.47998046875
EleutherAI/pythia-14m,50000,step50000,14067712,6,4,97,2,2,3.337281648336447e-15,0.6600000262260437,2544.47998046875
EleutherAI/pythia-14m,50000,step50000,14067712,6,4,97,2,3,0.012071791104972363,0.6600000262260437,2544.47998046875
EleutherAI/pythia-14m,50000,step50000,14067712,6,4,97,3,0,0.025463715195655823,0.6600000262260437,2544.47998046875
EleutherAI/pythia-14m,50000,step50000,14067712,6,4,97,3,1,0.9203374981880188,0.6600000262260437,2544.47998046875
EleutherAI/pythia-14m,50000,step50000,14067712,6,4,97,3,2,0.00044380195322446525,0.6600000262260437,2544.47998046875
EleutherAI/pythia-14m,50000,step50000,14067712,6,4,97,3,3,0.9288297891616821,0.6600000262260437,2544.47998046875
EleutherAI/pythia-14m,50000,step50000,14067712,6,4,97,4,0,0.09868112206459045,0.6600000262260437,2544.47998046875
EleutherAI/pythia-14m,50000,step50000,14067712,6,4,97,4,1,0.02949707955121994,0.6600000262260437,2544.47998046875
EleutherAI/pythia-14m,50000,step50000,14067712,6,4,97,4,2,0.09009380638599396,0.6600000262260437,2544.47998046875
EleutherAI/pythia-14m,50000,step50000,14067712,6,4,97,4,3,0.015567323192954063,0.6600000262260437,2544.47998046875
EleutherAI/pythia-14m,50000,step50000,14067712,6,4,97,5,0,0.004963644314557314,0.6600000262260437,2544.47998046875
EleutherAI/pythia-14m,50000,step50000,14067712,6,4,97,5,1,0.009376605972647667,0.6600000262260437,2544.47998046875
EleutherAI/pythia-14m,50000,step50000,14067712,6,4,97,5,2,0.019402839243412018,0.6600000262260437,2544.47998046875
EleutherAI/pythia-14m,50000,step50000,14067712,6,4,97,5,3,0.046574365347623825,0.6600000262260437,2544.47998046875
EleutherAI/pythia-14m,50000,step50000,14067712,6,4,98,0,0,0.006425139959901571,0.3400000035762787,6015.83984375
EleutherAI/pythia-14m,50000,step50000,14067712,6,4,98,0,1,0.01280616968870163,0.3400000035762787,6015.83984375
EleutherAI/pythia-14m,50000,step50000,14067712,6,4,98,0,2,0.015196973457932472,0.3400000035762787,6015.83984375
EleutherAI/pythia-14m,50000,step50000,14067712,6,4,98,0,3,0.0004302908491808921,0.3400000035762787,6015.83984375
EleutherAI/pythia-14m,50000,step50000,14067712,6,4,98,1,0,5.1671369874384254e-05,0.3400000035762787,6015.83984375
EleutherAI/pythia-14m,50000,step50000,14067712,6,4,98,1,1,0.008593374863266945,0.3400000035762787,6015.83984375
EleutherAI/pythia-14m,50000,step50000,14067712,6,4,98,1,2,0.000850680167786777,0.3400000035762787,6015.83984375
EleutherAI/pythia-14m,50000,step50000,14067712,6,4,98,1,3,0.006320657674223185,0.3400000035762787,6015.83984375
EleutherAI/pythia-14m,50000,step50000,14067712,6,4,98,2,0,0.005155930295586586,0.3400000035762787,6015.83984375
EleutherAI/pythia-14m,50000,step50000,14067712,6,4,98,2,1,9.553339168633102e-07,0.3400000035762787,6015.83984375
EleutherAI/pythia-14m,50000,step50000,14067712,6,4,98,2,2,3.1393800319773346e-13,0.3400000035762787,6015.83984375
EleutherAI/pythia-14m,50000,step50000,14067712,6,4,98,2,3,0.010610234923660755,0.3400000035762787,6015.83984375
EleutherAI/pythia-14m,50000,step50000,14067712,6,4,98,3,0,0.01828044094145298,0.3400000035762787,6015.83984375
EleutherAI/pythia-14m,50000,step50000,14067712,6,4,98,3,1,0.6695922613143921,0.3400000035762787,6015.83984375
EleutherAI/pythia-14m,50000,step50000,14067712,6,4,98,3,2,0.0006265201955102384,0.3400000035762787,6015.83984375
EleutherAI/pythia-14m,50000,step50000,14067712,6,4,98,3,3,0.6913948059082031,0.3400000035762787,6015.83984375
EleutherAI/pythia-14m,50000,step50000,14067712,6,4,98,4,0,0.05500771477818489,0.3400000035762787,6015.83984375
EleutherAI/pythia-14m,50000,step50000,14067712,6,4,98,4,1,0.023218924179673195,0.3400000035762787,6015.83984375
EleutherAI/pythia-14m,50000,step50000,14067712,6,4,98,4,2,0.07234080135822296,0.3400000035762787,6015.83984375
EleutherAI/pythia-14m,50000,step50000,14067712,6,4,98,4,3,0.0032570066396147013,0.3400000035762787,6015.83984375
EleutherAI/pythia-14m,50000,step50000,14067712,6,4,98,5,0,0.0016413372941315174,0.3400000035762787,6015.83984375
EleutherAI/pythia-14m,50000,step50000,14067712,6,4,98,5,1,0.00577736459672451,0.3400000035762787,6015.83984375
EleutherAI/pythia-14m,50000,step50000,14067712,6,4,98,5,2,0.01134940143674612,0.3400000035762787,6015.83984375
EleutherAI/pythia-14m,50000,step50000,14067712,6,4,98,5,3,0.029391154646873474,0.3400000035762787,6015.83984375
EleutherAI/pythia-14m,50000,step50000,14067712,6,4,99,0,0,0.0042138295248150826,0.3400000035762787,4304.259765625
EleutherAI/pythia-14m,50000,step50000,14067712,6,4,99,0,1,0.012141468934714794,0.3400000035762787,4304.259765625
EleutherAI/pythia-14m,50000,step50000,14067712,6,4,99,0,2,0.0031697868835181,0.3400000035762787,4304.259765625
EleutherAI/pythia-14m,50000,step50000,14067712,6,4,99,0,3,0.0006566608790308237,0.3400000035762787,4304.259765625
EleutherAI/pythia-14m,50000,step50000,14067712,6,4,99,1,0,6.59561701468192e-05,0.3400000035762787,4304.259765625
EleutherAI/pythia-14m,50000,step50000,14067712,6,4,99,1,1,0.0076521290466189384,0.3400000035762787,4304.259765625
EleutherAI/pythia-14m,50000,step50000,14067712,6,4,99,1,2,0.00042467587627470493,0.3400000035762787,4304.259765625
EleutherAI/pythia-14m,50000,step50000,14067712,6,4,99,1,3,0.005230558104813099,0.3400000035762787,4304.259765625
EleutherAI/pythia-14m,50000,step50000,14067712,6,4,99,2,0,0.00542814377695322,0.3400000035762787,4304.259765625
EleutherAI/pythia-14m,50000,step50000,14067712,6,4,99,2,1,4.3895919787928506e-08,0.3400000035762787,4304.259765625
EleutherAI/pythia-14m,50000,step50000,14067712,6,4,99,2,2,4.542728752166643e-16,0.3400000035762787,4304.259765625
EleutherAI/pythia-14m,50000,step50000,14067712,6,4,99,2,3,0.012396258302032948,0.3400000035762787,4304.259765625
EleutherAI/pythia-14m,50000,step50000,14067712,6,4,99,3,0,0.0198956448584795,0.3400000035762787,4304.259765625
EleutherAI/pythia-14m,50000,step50000,14067712,6,4,99,3,1,0.7079713344573975,0.3400000035762787,4304.259765625
EleutherAI/pythia-14m,50000,step50000,14067712,6,4,99,3,2,0.0010209340834990144,0.3400000035762787,4304.259765625
EleutherAI/pythia-14m,50000,step50000,14067712,6,4,99,3,3,0.7542140483856201,0.3400000035762787,4304.259765625
EleutherAI/pythia-14m,50000,step50000,14067712,6,4,99,4,0,0.0348125658929348,0.3400000035762787,4304.259765625
EleutherAI/pythia-14m,50000,step50000,14067712,6,4,99,4,1,0.016939667984843254,0.3400000035762787,4304.259765625
EleutherAI/pythia-14m,50000,step50000,14067712,6,4,99,4,2,0.03979253023862839,0.3400000035762787,4304.259765625
EleutherAI/pythia-14m,50000,step50000,14067712,6,4,99,4,3,0.003859830554574728,0.3400000035762787,4304.259765625
EleutherAI/pythia-14m,50000,step50000,14067712,6,4,99,5,0,0.0016199399251490831,0.3400000035762787,4304.259765625
EleutherAI/pythia-14m,50000,step50000,14067712,6,4,99,5,1,0.007915515452623367,0.3400000035762787,4304.259765625
EleutherAI/pythia-14m,50000,step50000,14067712,6,4,99,5,2,0.012031218968331814,0.3400000035762787,4304.259765625
EleutherAI/pythia-14m,50000,step50000,14067712,6,4,99,5,3,0.020615192130208015,0.3400000035762787,4304.259765625
