mpath,step,revision,n_params,n_layers,n_heads,sample,layer,head,ps,ar_acc,ar_mean_rank
EleutherAI/pythia-70m,128,step128,70426624,6,8,0,0,0,0.01531170029193163,0.0,28573.119140625
EleutherAI/pythia-70m,128,step128,70426624,6,8,0,0,1,0.015558979474008083,0.0,28573.119140625
EleutherAI/pythia-70m,128,step128,70426624,6,8,0,0,2,0.01262237410992384,0.0,28573.119140625
EleutherAI/pythia-70m,128,step128,70426624,6,8,0,0,3,0.013772377744317055,0.0,28573.119140625
EleutherAI/pythia-70m,128,step128,70426624,6,8,0,0,4,0.013687022030353546,0.0,28573.119140625
EleutherAI/pythia-70m,128,step128,70426624,6,8,0,0,5,0.014633547514677048,0.0,28573.119140625
EleutherAI/pythia-70m,128,step128,70426624,6,8,0,0,6,0.01369617972522974,0.0,28573.119140625
EleutherAI/pythia-70m,128,step128,70426624,6,8,0,0,7,0.01530612912029028,0.0,28573.119140625
EleutherAI/pythia-70m,128,step128,70426624,6,8,0,1,0,0.013762885704636574,0.0,28573.119140625
EleutherAI/pythia-70m,128,step128,70426624,6,8,0,1,1,0.012466604821383953,0.0,28573.119140625
EleutherAI/pythia-70m,128,step128,70426624,6,8,0,1,2,0.012566762045025826,0.0,28573.119140625
EleutherAI/pythia-70m,128,step128,70426624,6,8,0,1,3,0.013245740905404091,0.0,28573.119140625
EleutherAI/pythia-70m,128,step128,70426624,6,8,0,1,4,0.012035893276333809,0.0,28573.119140625
EleutherAI/pythia-70m,128,step128,70426624,6,8,0,1,5,0.012939167208969593,0.0,28573.119140625
EleutherAI/pythia-70m,128,step128,70426624,6,8,0,1,6,0.01379360631108284,0.0,28573.119140625
EleutherAI/pythia-70m,128,step128,70426624,6,8,0,1,7,0.014527976512908936,0.0,28573.119140625
EleutherAI/pythia-70m,128,step128,70426624,6,8,0,2,0,0.010248963721096516,0.0,28573.119140625
EleutherAI/pythia-70m,128,step128,70426624,6,8,0,2,1,0.014388040639460087,0.0,28573.119140625
EleutherAI/pythia-70m,128,step128,70426624,6,8,0,2,2,0.014379119500517845,0.0,28573.119140625
EleutherAI/pythia-70m,128,step128,70426624,6,8,0,2,3,0.009697395376861095,0.0,28573.119140625
EleutherAI/pythia-70m,128,step128,70426624,6,8,0,2,4,0.013298861682415009,0.0,28573.119140625
EleutherAI/pythia-70m,128,step128,70426624,6,8,0,2,5,0.01496151927858591,0.0,28573.119140625
EleutherAI/pythia-70m,128,step128,70426624,6,8,0,2,6,0.015564761124551296,0.0,28573.119140625
EleutherAI/pythia-70m,128,step128,70426624,6,8,0,2,7,0.012329483404755592,0.0,28573.119140625
EleutherAI/pythia-70m,128,step128,70426624,6,8,0,3,0,0.012126332148909569,0.0,28573.119140625
EleutherAI/pythia-70m,128,step128,70426624,6,8,0,3,1,0.012248290702700615,0.0,28573.119140625
EleutherAI/pythia-70m,128,step128,70426624,6,8,0,3,2,0.011102193966507912,0.0,28573.119140625
EleutherAI/pythia-70m,128,step128,70426624,6,8,0,3,3,0.012100412510335445,0.0,28573.119140625
EleutherAI/pythia-70m,128,step128,70426624,6,8,0,3,4,0.013637482188642025,0.0,28573.119140625
EleutherAI/pythia-70m,128,step128,70426624,6,8,0,3,5,0.015403433702886105,0.0,28573.119140625
EleutherAI/pythia-70m,128,step128,70426624,6,8,0,3,6,0.013676725327968597,0.0,28573.119140625
EleutherAI/pythia-70m,128,step128,70426624,6,8,0,3,7,0.011630307883024216,0.0,28573.119140625
EleutherAI/pythia-70m,128,step128,70426624,6,8,0,4,0,0.010752566158771515,0.0,28573.119140625
EleutherAI/pythia-70m,128,step128,70426624,6,8,0,4,1,0.007868693210184574,0.0,28573.119140625
EleutherAI/pythia-70m,128,step128,70426624,6,8,0,4,2,0.012268097139894962,0.0,28573.119140625
EleutherAI/pythia-70m,128,step128,70426624,6,8,0,4,3,0.014061491936445236,0.0,28573.119140625
EleutherAI/pythia-70m,128,step128,70426624,6,8,0,4,4,0.007212738506495953,0.0,28573.119140625
EleutherAI/pythia-70m,128,step128,70426624,6,8,0,4,5,0.008108755573630333,0.0,28573.119140625
EleutherAI/pythia-70m,128,step128,70426624,6,8,0,4,6,0.011773638427257538,0.0,28573.119140625
EleutherAI/pythia-70m,128,step128,70426624,6,8,0,4,7,0.011427308432757854,0.0,28573.119140625
EleutherAI/pythia-70m,128,step128,70426624,6,8,0,5,0,0.009800860658288002,0.0,28573.119140625
EleutherAI/pythia-70m,128,step128,70426624,6,8,0,5,1,0.011438264511525631,0.0,28573.119140625
EleutherAI/pythia-70m,128,step128,70426624,6,8,0,5,2,0.01106781605631113,0.0,28573.119140625
EleutherAI/pythia-70m,128,step128,70426624,6,8,0,5,3,0.011949053965508938,0.0,28573.119140625
EleutherAI/pythia-70m,128,step128,70426624,6,8,0,5,4,0.008497773669660091,0.0,28573.119140625
EleutherAI/pythia-70m,128,step128,70426624,6,8,0,5,5,0.011626636609435081,0.0,28573.119140625
EleutherAI/pythia-70m,128,step128,70426624,6,8,0,5,6,0.00730166444554925,0.0,28573.119140625
EleutherAI/pythia-70m,128,step128,70426624,6,8,0,5,7,0.00739780068397522,0.0,28573.119140625
EleutherAI/pythia-70m,128,step128,70426624,6,8,1,0,0,0.015404928475618362,0.0,25702.51953125
EleutherAI/pythia-70m,128,step128,70426624,6,8,1,0,1,0.014919196255505085,0.0,25702.51953125
EleutherAI/pythia-70m,128,step128,70426624,6,8,1,0,2,0.011847547255456448,0.0,25702.51953125
EleutherAI/pythia-70m,128,step128,70426624,6,8,1,0,3,0.013457966037094593,0.0,25702.51953125
EleutherAI/pythia-70m,128,step128,70426624,6,8,1,0,4,0.013673700392246246,0.0,25702.51953125
EleutherAI/pythia-70m,128,step128,70426624,6,8,1,0,5,0.014432442374527454,0.0,25702.51953125
EleutherAI/pythia-70m,128,step128,70426624,6,8,1,0,6,0.012990918010473251,0.0,25702.51953125
EleutherAI/pythia-70m,128,step128,70426624,6,8,1,0,7,0.013271072879433632,0.0,25702.51953125
EleutherAI/pythia-70m,128,step128,70426624,6,8,1,1,0,0.013989717699587345,0.0,25702.51953125
EleutherAI/pythia-70m,128,step128,70426624,6,8,1,1,1,0.013024335727095604,0.0,25702.51953125
EleutherAI/pythia-70m,128,step128,70426624,6,8,1,1,2,0.013024168089032173,0.0,25702.51953125
EleutherAI/pythia-70m,128,step128,70426624,6,8,1,1,3,0.013681826181709766,0.0,25702.51953125
EleutherAI/pythia-70m,128,step128,70426624,6,8,1,1,4,0.012454371899366379,0.0,25702.51953125
EleutherAI/pythia-70m,128,step128,70426624,6,8,1,1,5,0.012719061225652695,0.0,25702.51953125
EleutherAI/pythia-70m,128,step128,70426624,6,8,1,1,6,0.014078831300139427,0.0,25702.51953125
EleutherAI/pythia-70m,128,step128,70426624,6,8,1,1,7,0.013828665018081665,0.0,25702.51953125
EleutherAI/pythia-70m,128,step128,70426624,6,8,1,2,0,0.009544256143271923,0.0,25702.51953125
EleutherAI/pythia-70m,128,step128,70426624,6,8,1,2,1,0.012552115134894848,0.0,25702.51953125
EleutherAI/pythia-70m,128,step128,70426624,6,8,1,2,2,0.012518661096692085,0.0,25702.51953125
EleutherAI/pythia-70m,128,step128,70426624,6,8,1,2,3,0.010285250842571259,0.0,25702.51953125
EleutherAI/pythia-70m,128,step128,70426624,6,8,1,2,4,0.012253565713763237,0.0,25702.51953125
EleutherAI/pythia-70m,128,step128,70426624,6,8,1,2,5,0.012848918326199055,0.0,25702.51953125
EleutherAI/pythia-70m,128,step128,70426624,6,8,1,2,6,0.014298005029559135,0.0,25702.51953125
EleutherAI/pythia-70m,128,step128,70426624,6,8,1,2,7,0.012086343951523304,0.0,25702.51953125
EleutherAI/pythia-70m,128,step128,70426624,6,8,1,3,0,0.00930630974471569,0.0,25702.51953125
EleutherAI/pythia-70m,128,step128,70426624,6,8,1,3,1,0.012377193197607994,0.0,25702.51953125
EleutherAI/pythia-70m,128,step128,70426624,6,8,1,3,2,0.011113499291241169,0.0,25702.51953125
EleutherAI/pythia-70m,128,step128,70426624,6,8,1,3,3,0.011573884636163712,0.0,25702.51953125
EleutherAI/pythia-70m,128,step128,70426624,6,8,1,3,4,0.013755402527749538,0.0,25702.51953125
EleutherAI/pythia-70m,128,step128,70426624,6,8,1,3,5,0.011998341418802738,0.0,25702.51953125
EleutherAI/pythia-70m,128,step128,70426624,6,8,1,3,6,0.010792178101837635,0.0,25702.51953125
EleutherAI/pythia-70m,128,step128,70426624,6,8,1,3,7,0.012689871713519096,0.0,25702.51953125
EleutherAI/pythia-70m,128,step128,70426624,6,8,1,4,0,0.009098854847252369,0.0,25702.51953125
EleutherAI/pythia-70m,128,step128,70426624,6,8,1,4,1,0.008470258675515652,0.0,25702.51953125
EleutherAI/pythia-70m,128,step128,70426624,6,8,1,4,2,0.012677153572440147,0.0,25702.51953125
EleutherAI/pythia-70m,128,step128,70426624,6,8,1,4,3,0.0118674635887146,0.0,25702.51953125
EleutherAI/pythia-70m,128,step128,70426624,6,8,1,4,4,0.007501498330384493,0.0,25702.51953125
EleutherAI/pythia-70m,128,step128,70426624,6,8,1,4,5,0.00690236734226346,0.0,25702.51953125
EleutherAI/pythia-70m,128,step128,70426624,6,8,1,4,6,0.010722250677645206,0.0,25702.51953125
EleutherAI/pythia-70m,128,step128,70426624,6,8,1,4,7,0.010546615347266197,0.0,25702.51953125
EleutherAI/pythia-70m,128,step128,70426624,6,8,1,5,0,0.008979209698736668,0.0,25702.51953125
EleutherAI/pythia-70m,128,step128,70426624,6,8,1,5,1,0.00959331076592207,0.0,25702.51953125
EleutherAI/pythia-70m,128,step128,70426624,6,8,1,5,2,0.00908468384295702,0.0,25702.51953125
EleutherAI/pythia-70m,128,step128,70426624,6,8,1,5,3,0.008814122527837753,0.0,25702.51953125
EleutherAI/pythia-70m,128,step128,70426624,6,8,1,5,4,0.00725665083155036,0.0,25702.51953125
EleutherAI/pythia-70m,128,step128,70426624,6,8,1,5,5,0.01043644454330206,0.0,25702.51953125
EleutherAI/pythia-70m,128,step128,70426624,6,8,1,5,6,0.0076582119800150394,0.0,25702.51953125
EleutherAI/pythia-70m,128,step128,70426624,6,8,1,5,7,0.0066754259169101715,0.0,25702.51953125
EleutherAI/pythia-70m,128,step128,70426624,6,8,2,0,0,0.015010787174105644,0.0,26146.720703125
EleutherAI/pythia-70m,128,step128,70426624,6,8,2,0,1,0.015222301706671715,0.0,26146.720703125
EleutherAI/pythia-70m,128,step128,70426624,6,8,2,0,2,0.014688684605062008,0.0,26146.720703125
EleutherAI/pythia-70m,128,step128,70426624,6,8,2,0,3,0.01406865380704403,0.0,26146.720703125
EleutherAI/pythia-70m,128,step128,70426624,6,8,2,0,4,0.014143011532723904,0.0,26146.720703125
EleutherAI/pythia-70m,128,step128,70426624,6,8,2,0,5,0.012753448449075222,0.0,26146.720703125
EleutherAI/pythia-70m,128,step128,70426624,6,8,2,0,6,0.014663759618997574,0.0,26146.720703125
EleutherAI/pythia-70m,128,step128,70426624,6,8,2,0,7,0.013621275313198566,0.0,26146.720703125
EleutherAI/pythia-70m,128,step128,70426624,6,8,2,1,0,0.013039832003414631,0.0,26146.720703125
EleutherAI/pythia-70m,128,step128,70426624,6,8,2,1,1,0.011805002577602863,0.0,26146.720703125
EleutherAI/pythia-70m,128,step128,70426624,6,8,2,1,2,0.013758941553533077,0.0,26146.720703125
EleutherAI/pythia-70m,128,step128,70426624,6,8,2,1,3,0.014420240186154842,0.0,26146.720703125
EleutherAI/pythia-70m,128,step128,70426624,6,8,2,1,4,0.012351460754871368,0.0,26146.720703125
EleutherAI/pythia-70m,128,step128,70426624,6,8,2,1,5,0.013367786072194576,0.0,26146.720703125
EleutherAI/pythia-70m,128,step128,70426624,6,8,2,1,6,0.013062353245913982,0.0,26146.720703125
EleutherAI/pythia-70m,128,step128,70426624,6,8,2,1,7,0.012219488620758057,0.0,26146.720703125
EleutherAI/pythia-70m,128,step128,70426624,6,8,2,2,0,0.011840152554214,0.0,26146.720703125
EleutherAI/pythia-70m,128,step128,70426624,6,8,2,2,1,0.012572824954986572,0.0,26146.720703125
EleutherAI/pythia-70m,128,step128,70426624,6,8,2,2,2,0.014076964929699898,0.0,26146.720703125
EleutherAI/pythia-70m,128,step128,70426624,6,8,2,2,3,0.010804405435919762,0.0,26146.720703125
EleutherAI/pythia-70m,128,step128,70426624,6,8,2,2,4,0.011990337632596493,0.0,26146.720703125
EleutherAI/pythia-70m,128,step128,70426624,6,8,2,2,5,0.012980073690414429,0.0,26146.720703125
EleutherAI/pythia-70m,128,step128,70426624,6,8,2,2,6,0.014443445950746536,0.0,26146.720703125
EleutherAI/pythia-70m,128,step128,70426624,6,8,2,2,7,0.012371511198580265,0.0,26146.720703125
EleutherAI/pythia-70m,128,step128,70426624,6,8,2,3,0,0.011892841197550297,0.0,26146.720703125
EleutherAI/pythia-70m,128,step128,70426624,6,8,2,3,1,0.01318964920938015,0.0,26146.720703125
EleutherAI/pythia-70m,128,step128,70426624,6,8,2,3,2,0.012107444927096367,0.0,26146.720703125
EleutherAI/pythia-70m,128,step128,70426624,6,8,2,3,3,0.011343294754624367,0.0,26146.720703125
EleutherAI/pythia-70m,128,step128,70426624,6,8,2,3,4,0.015333659946918488,0.0,26146.720703125
EleutherAI/pythia-70m,128,step128,70426624,6,8,2,3,5,0.013321897946298122,0.0,26146.720703125
EleutherAI/pythia-70m,128,step128,70426624,6,8,2,3,6,0.01288212276995182,0.0,26146.720703125
EleutherAI/pythia-70m,128,step128,70426624,6,8,2,3,7,0.012509787455201149,0.0,26146.720703125
EleutherAI/pythia-70m,128,step128,70426624,6,8,2,4,0,0.00875222310423851,0.0,26146.720703125
EleutherAI/pythia-70m,128,step128,70426624,6,8,2,4,1,0.009330053813755512,0.0,26146.720703125
EleutherAI/pythia-70m,128,step128,70426624,6,8,2,4,2,0.011355037800967693,0.0,26146.720703125
EleutherAI/pythia-70m,128,step128,70426624,6,8,2,4,3,0.013120130635797977,0.0,26146.720703125
EleutherAI/pythia-70m,128,step128,70426624,6,8,2,4,4,0.007578752003610134,0.0,26146.720703125
EleutherAI/pythia-70m,128,step128,70426624,6,8,2,4,5,0.006675448268651962,0.0,26146.720703125
EleutherAI/pythia-70m,128,step128,70426624,6,8,2,4,6,0.011740375310182571,0.0,26146.720703125
EleutherAI/pythia-70m,128,step128,70426624,6,8,2,4,7,0.01100934762507677,0.0,26146.720703125
EleutherAI/pythia-70m,128,step128,70426624,6,8,2,5,0,0.009545670822262764,0.0,26146.720703125
EleutherAI/pythia-70m,128,step128,70426624,6,8,2,5,1,0.011063558980822563,0.0,26146.720703125
EleutherAI/pythia-70m,128,step128,70426624,6,8,2,5,2,0.008911877870559692,0.0,26146.720703125
EleutherAI/pythia-70m,128,step128,70426624,6,8,2,5,3,0.012412789277732372,0.0,26146.720703125
EleutherAI/pythia-70m,128,step128,70426624,6,8,2,5,4,0.007805145811289549,0.0,26146.720703125
EleutherAI/pythia-70m,128,step128,70426624,6,8,2,5,5,0.009961772710084915,0.0,26146.720703125
EleutherAI/pythia-70m,128,step128,70426624,6,8,2,5,6,0.00887569785118103,0.0,26146.720703125
EleutherAI/pythia-70m,128,step128,70426624,6,8,2,5,7,0.006706292741000652,0.0,26146.720703125
EleutherAI/pythia-70m,128,step128,70426624,6,8,3,0,0,0.0134210754185915,0.0,24004.4609375
EleutherAI/pythia-70m,128,step128,70426624,6,8,3,0,1,0.01545920129865408,0.0,24004.4609375
EleutherAI/pythia-70m,128,step128,70426624,6,8,3,0,2,0.013682250864803791,0.0,24004.4609375
EleutherAI/pythia-70m,128,step128,70426624,6,8,3,0,3,0.013960585929453373,0.0,24004.4609375
EleutherAI/pythia-70m,128,step128,70426624,6,8,3,0,4,0.01378773245960474,0.0,24004.4609375
EleutherAI/pythia-70m,128,step128,70426624,6,8,3,0,5,0.013853754848241806,0.0,24004.4609375
EleutherAI/pythia-70m,128,step128,70426624,6,8,3,0,6,0.012815539725124836,0.0,24004.4609375
EleutherAI/pythia-70m,128,step128,70426624,6,8,3,0,7,0.014495951123535633,0.0,24004.4609375
EleutherAI/pythia-70m,128,step128,70426624,6,8,3,1,0,0.012508975341916084,0.0,24004.4609375
EleutherAI/pythia-70m,128,step128,70426624,6,8,3,1,1,0.012848875485360622,0.0,24004.4609375
EleutherAI/pythia-70m,128,step128,70426624,6,8,3,1,2,0.014241300523281097,0.0,24004.4609375
EleutherAI/pythia-70m,128,step128,70426624,6,8,3,1,3,0.011749877594411373,0.0,24004.4609375
EleutherAI/pythia-70m,128,step128,70426624,6,8,3,1,4,0.013891472481191158,0.0,24004.4609375
EleutherAI/pythia-70m,128,step128,70426624,6,8,3,1,5,0.012563684023916721,0.0,24004.4609375
EleutherAI/pythia-70m,128,step128,70426624,6,8,3,1,6,0.013924633152782917,0.0,24004.4609375
EleutherAI/pythia-70m,128,step128,70426624,6,8,3,1,7,0.01471696700900793,0.0,24004.4609375
EleutherAI/pythia-70m,128,step128,70426624,6,8,3,2,0,0.01124046090990305,0.0,24004.4609375
EleutherAI/pythia-70m,128,step128,70426624,6,8,3,2,1,0.012980380095541477,0.0,24004.4609375
EleutherAI/pythia-70m,128,step128,70426624,6,8,3,2,2,0.013293437659740448,0.0,24004.4609375
EleutherAI/pythia-70m,128,step128,70426624,6,8,3,2,3,0.012454970739781857,0.0,24004.4609375
EleutherAI/pythia-70m,128,step128,70426624,6,8,3,2,4,0.012845974415540695,0.0,24004.4609375
EleutherAI/pythia-70m,128,step128,70426624,6,8,3,2,5,0.012858626432716846,0.0,24004.4609375
EleutherAI/pythia-70m,128,step128,70426624,6,8,3,2,6,0.012518285773694515,0.0,24004.4609375
EleutherAI/pythia-70m,128,step128,70426624,6,8,3,2,7,0.011199151165783405,0.0,24004.4609375
EleutherAI/pythia-70m,128,step128,70426624,6,8,3,3,0,0.011290933936834335,0.0,24004.4609375
EleutherAI/pythia-70m,128,step128,70426624,6,8,3,3,1,0.012406212277710438,0.0,24004.4609375
EleutherAI/pythia-70m,128,step128,70426624,6,8,3,3,2,0.011093570850789547,0.0,24004.4609375
EleutherAI/pythia-70m,128,step128,70426624,6,8,3,3,3,0.010697565972805023,0.0,24004.4609375
EleutherAI/pythia-70m,128,step128,70426624,6,8,3,3,4,0.013950314372777939,0.0,24004.4609375
EleutherAI/pythia-70m,128,step128,70426624,6,8,3,3,5,0.01071215607225895,0.0,24004.4609375
EleutherAI/pythia-70m,128,step128,70426624,6,8,3,3,6,0.013649187050759792,0.0,24004.4609375
EleutherAI/pythia-70m,128,step128,70426624,6,8,3,3,7,0.012857532128691673,0.0,24004.4609375
EleutherAI/pythia-70m,128,step128,70426624,6,8,3,4,0,0.008754975162446499,0.0,24004.4609375
EleutherAI/pythia-70m,128,step128,70426624,6,8,3,4,1,0.007380928378552198,0.0,24004.4609375
EleutherAI/pythia-70m,128,step128,70426624,6,8,3,4,2,0.011869695037603378,0.0,24004.4609375
EleutherAI/pythia-70m,128,step128,70426624,6,8,3,4,3,0.011253208853304386,0.0,24004.4609375
EleutherAI/pythia-70m,128,step128,70426624,6,8,3,4,4,0.008485978469252586,0.0,24004.4609375
EleutherAI/pythia-70m,128,step128,70426624,6,8,3,4,5,0.0065001859329640865,0.0,24004.4609375
EleutherAI/pythia-70m,128,step128,70426624,6,8,3,4,6,0.009756105951964855,0.0,24004.4609375
EleutherAI/pythia-70m,128,step128,70426624,6,8,3,4,7,0.009841023944318295,0.0,24004.4609375
EleutherAI/pythia-70m,128,step128,70426624,6,8,3,5,0,0.008895579725503922,0.0,24004.4609375
EleutherAI/pythia-70m,128,step128,70426624,6,8,3,5,1,0.009415525943040848,0.0,24004.4609375
EleutherAI/pythia-70m,128,step128,70426624,6,8,3,5,2,0.0088870320469141,0.0,24004.4609375
EleutherAI/pythia-70m,128,step128,70426624,6,8,3,5,3,0.007694778498262167,0.0,24004.4609375
EleutherAI/pythia-70m,128,step128,70426624,6,8,3,5,4,0.0070024277083575726,0.0,24004.4609375
EleutherAI/pythia-70m,128,step128,70426624,6,8,3,5,5,0.011400436982512474,0.0,24004.4609375
EleutherAI/pythia-70m,128,step128,70426624,6,8,3,5,6,0.007023838814347982,0.0,24004.4609375
EleutherAI/pythia-70m,128,step128,70426624,6,8,3,5,7,0.0066454363986849785,0.0,24004.4609375
EleutherAI/pythia-70m,128,step128,70426624,6,8,4,0,0,0.013868751935660839,0.0,24452.5390625
EleutherAI/pythia-70m,128,step128,70426624,6,8,4,0,1,0.013188548386096954,0.0,24452.5390625
EleutherAI/pythia-70m,128,step128,70426624,6,8,4,0,2,0.013666518963873386,0.0,24452.5390625
EleutherAI/pythia-70m,128,step128,70426624,6,8,4,0,3,0.011853448115289211,0.0,24452.5390625
EleutherAI/pythia-70m,128,step128,70426624,6,8,4,0,4,0.012357587926089764,0.0,24452.5390625
EleutherAI/pythia-70m,128,step128,70426624,6,8,4,0,5,0.014189067296683788,0.0,24452.5390625
EleutherAI/pythia-70m,128,step128,70426624,6,8,4,0,6,0.013720943592488766,0.0,24452.5390625
EleutherAI/pythia-70m,128,step128,70426624,6,8,4,0,7,0.013329059816896915,0.0,24452.5390625
EleutherAI/pythia-70m,128,step128,70426624,6,8,4,1,0,0.013150799088180065,0.0,24452.5390625
EleutherAI/pythia-70m,128,step128,70426624,6,8,4,1,1,0.014148286543786526,0.0,24452.5390625
EleutherAI/pythia-70m,128,step128,70426624,6,8,4,1,2,0.013208085671067238,0.0,24452.5390625
EleutherAI/pythia-70m,128,step128,70426624,6,8,4,1,3,0.014345561154186726,0.0,24452.5390625
EleutherAI/pythia-70m,128,step128,70426624,6,8,4,1,4,0.012900829315185547,0.0,24452.5390625
EleutherAI/pythia-70m,128,step128,70426624,6,8,4,1,5,0.01229484099894762,0.0,24452.5390625
EleutherAI/pythia-70m,128,step128,70426624,6,8,4,1,6,0.012967165559530258,0.0,24452.5390625
EleutherAI/pythia-70m,128,step128,70426624,6,8,4,1,7,0.013031614944338799,0.0,24452.5390625
EleutherAI/pythia-70m,128,step128,70426624,6,8,4,2,0,0.01102905161678791,0.0,24452.5390625
EleutherAI/pythia-70m,128,step128,70426624,6,8,4,2,1,0.014322242699563503,0.0,24452.5390625
EleutherAI/pythia-70m,128,step128,70426624,6,8,4,2,2,0.01372760534286499,0.0,24452.5390625
EleutherAI/pythia-70m,128,step128,70426624,6,8,4,2,3,0.012395824305713177,0.0,24452.5390625
EleutherAI/pythia-70m,128,step128,70426624,6,8,4,2,4,0.014437306672334671,0.0,24452.5390625
EleutherAI/pythia-70m,128,step128,70426624,6,8,4,2,5,0.014128856360912323,0.0,24452.5390625
EleutherAI/pythia-70m,128,step128,70426624,6,8,4,2,6,0.011030999012291431,0.0,24452.5390625
EleutherAI/pythia-70m,128,step128,70426624,6,8,4,2,7,0.01243194006383419,0.0,24452.5390625
EleutherAI/pythia-70m,128,step128,70426624,6,8,4,3,0,0.010110044851899147,0.0,24452.5390625
EleutherAI/pythia-70m,128,step128,70426624,6,8,4,3,1,0.012306050397455692,0.0,24452.5390625
EleutherAI/pythia-70m,128,step128,70426624,6,8,4,3,2,0.011272373609244823,0.0,24452.5390625
EleutherAI/pythia-70m,128,step128,70426624,6,8,4,3,3,0.011017348617315292,0.0,24452.5390625
EleutherAI/pythia-70m,128,step128,70426624,6,8,4,3,4,0.012879204005002975,0.0,24452.5390625
EleutherAI/pythia-70m,128,step128,70426624,6,8,4,3,5,0.012696988880634308,0.0,24452.5390625
EleutherAI/pythia-70m,128,step128,70426624,6,8,4,3,6,0.012383954599499702,0.0,24452.5390625
EleutherAI/pythia-70m,128,step128,70426624,6,8,4,3,7,0.01233068946748972,0.0,24452.5390625
EleutherAI/pythia-70m,128,step128,70426624,6,8,4,4,0,0.009743057191371918,0.0,24452.5390625
EleutherAI/pythia-70m,128,step128,70426624,6,8,4,4,1,0.009103262796998024,0.0,24452.5390625
EleutherAI/pythia-70m,128,step128,70426624,6,8,4,4,2,0.008670581504702568,0.0,24452.5390625
EleutherAI/pythia-70m,128,step128,70426624,6,8,4,4,3,0.011777374893426895,0.0,24452.5390625
EleutherAI/pythia-70m,128,step128,70426624,6,8,4,4,4,0.007797819562256336,0.0,24452.5390625
EleutherAI/pythia-70m,128,step128,70426624,6,8,4,4,5,0.006228091195225716,0.0,24452.5390625
EleutherAI/pythia-70m,128,step128,70426624,6,8,4,4,6,0.01202900055795908,0.0,24452.5390625
EleutherAI/pythia-70m,128,step128,70426624,6,8,4,4,7,0.010951545089483261,0.0,24452.5390625
EleutherAI/pythia-70m,128,step128,70426624,6,8,4,5,0,0.008864292874932289,0.0,24452.5390625
EleutherAI/pythia-70m,128,step128,70426624,6,8,4,5,1,0.009656144306063652,0.0,24452.5390625
EleutherAI/pythia-70m,128,step128,70426624,6,8,4,5,2,0.00948966946452856,0.0,24452.5390625
EleutherAI/pythia-70m,128,step128,70426624,6,8,4,5,3,0.008535549975931644,0.0,24452.5390625
EleutherAI/pythia-70m,128,step128,70426624,6,8,4,5,4,0.00786331295967102,0.0,24452.5390625
EleutherAI/pythia-70m,128,step128,70426624,6,8,4,5,5,0.009211617521941662,0.0,24452.5390625
EleutherAI/pythia-70m,128,step128,70426624,6,8,4,5,6,0.00892053171992302,0.0,24452.5390625
EleutherAI/pythia-70m,128,step128,70426624,6,8,4,5,7,0.005302520003169775,0.0,24452.5390625
EleutherAI/pythia-70m,128,step128,70426624,6,8,5,0,0,0.014137845486402512,0.0,24934.779296875
EleutherAI/pythia-70m,128,step128,70426624,6,8,5,0,1,0.012782755307853222,0.0,24934.779296875
EleutherAI/pythia-70m,128,step128,70426624,6,8,5,0,2,0.013523349538445473,0.0,24934.779296875
EleutherAI/pythia-70m,128,step128,70426624,6,8,5,0,3,0.014698902145028114,0.0,24934.779296875
EleutherAI/pythia-70m,128,step128,70426624,6,8,5,0,4,0.013965754769742489,0.0,24934.779296875
EleutherAI/pythia-70m,128,step128,70426624,6,8,5,0,5,0.01424507424235344,0.0,24934.779296875
EleutherAI/pythia-70m,128,step128,70426624,6,8,5,0,6,0.012807028368115425,0.0,24934.779296875
EleutherAI/pythia-70m,128,step128,70426624,6,8,5,0,7,0.013481792993843555,0.0,24934.779296875
EleutherAI/pythia-70m,128,step128,70426624,6,8,5,1,0,0.01574908196926117,0.0,24934.779296875
EleutherAI/pythia-70m,128,step128,70426624,6,8,5,1,1,0.013763693161308765,0.0,24934.779296875
EleutherAI/pythia-70m,128,step128,70426624,6,8,5,1,2,0.013449262827634811,0.0,24934.779296875
EleutherAI/pythia-70m,128,step128,70426624,6,8,5,1,3,0.012121688574552536,0.0,24934.779296875
EleutherAI/pythia-70m,128,step128,70426624,6,8,5,1,4,0.012314492836594582,0.0,24934.779296875
EleutherAI/pythia-70m,128,step128,70426624,6,8,5,1,5,0.012328223325312138,0.0,24934.779296875
EleutherAI/pythia-70m,128,step128,70426624,6,8,5,1,6,0.01414941344410181,0.0,24934.779296875
EleutherAI/pythia-70m,128,step128,70426624,6,8,5,1,7,0.01507013663649559,0.0,24934.779296875
EleutherAI/pythia-70m,128,step128,70426624,6,8,5,2,0,0.010823661461472511,0.0,24934.779296875
EleutherAI/pythia-70m,128,step128,70426624,6,8,5,2,1,0.013715140521526337,0.0,24934.779296875
EleutherAI/pythia-70m,128,step128,70426624,6,8,5,2,2,0.015078574419021606,0.0,24934.779296875
EleutherAI/pythia-70m,128,step128,70426624,6,8,5,2,3,0.011677838861942291,0.0,24934.779296875
EleutherAI/pythia-70m,128,step128,70426624,6,8,5,2,4,0.01287898700684309,0.0,24934.779296875
EleutherAI/pythia-70m,128,step128,70426624,6,8,5,2,5,0.014753415249288082,0.0,24934.779296875
EleutherAI/pythia-70m,128,step128,70426624,6,8,5,2,6,0.013672973960638046,0.0,24934.779296875
EleutherAI/pythia-70m,128,step128,70426624,6,8,5,2,7,0.013779298402369022,0.0,24934.779296875
EleutherAI/pythia-70m,128,step128,70426624,6,8,5,3,0,0.010557722300291061,0.0,24934.779296875
EleutherAI/pythia-70m,128,step128,70426624,6,8,5,3,1,0.012326831929385662,0.0,24934.779296875
EleutherAI/pythia-70m,128,step128,70426624,6,8,5,3,2,0.011263695545494556,0.0,24934.779296875
EleutherAI/pythia-70m,128,step128,70426624,6,8,5,3,3,0.012878699228167534,0.0,24934.779296875
EleutherAI/pythia-70m,128,step128,70426624,6,8,5,3,4,0.01563897915184498,0.0,24934.779296875
EleutherAI/pythia-70m,128,step128,70426624,6,8,5,3,5,0.014324229210615158,0.0,24934.779296875
EleutherAI/pythia-70m,128,step128,70426624,6,8,5,3,6,0.013057145290076733,0.0,24934.779296875
EleutherAI/pythia-70m,128,step128,70426624,6,8,5,3,7,0.011869200505316257,0.0,24934.779296875
EleutherAI/pythia-70m,128,step128,70426624,6,8,5,4,0,0.011765731498599052,0.0,24934.779296875
EleutherAI/pythia-70m,128,step128,70426624,6,8,5,4,1,0.007882612757384777,0.0,24934.779296875
EleutherAI/pythia-70m,128,step128,70426624,6,8,5,4,2,0.00988396629691124,0.0,24934.779296875
EleutherAI/pythia-70m,128,step128,70426624,6,8,5,4,3,0.011767199262976646,0.0,24934.779296875
EleutherAI/pythia-70m,128,step128,70426624,6,8,5,4,4,0.009168989956378937,0.0,24934.779296875
EleutherAI/pythia-70m,128,step128,70426624,6,8,5,4,5,0.007487679831683636,0.0,24934.779296875
EleutherAI/pythia-70m,128,step128,70426624,6,8,5,4,6,0.011624590493738651,0.0,24934.779296875
EleutherAI/pythia-70m,128,step128,70426624,6,8,5,4,7,0.011295001953840256,0.0,24934.779296875
EleutherAI/pythia-70m,128,step128,70426624,6,8,5,5,0,0.01006297953426838,0.0,24934.779296875
EleutherAI/pythia-70m,128,step128,70426624,6,8,5,5,1,0.010346711613237858,0.0,24934.779296875
EleutherAI/pythia-70m,128,step128,70426624,6,8,5,5,2,0.009117314592003822,0.0,24934.779296875
EleutherAI/pythia-70m,128,step128,70426624,6,8,5,5,3,0.010267546400427818,0.0,24934.779296875
EleutherAI/pythia-70m,128,step128,70426624,6,8,5,5,4,0.006460163742303848,0.0,24934.779296875
EleutherAI/pythia-70m,128,step128,70426624,6,8,5,5,5,0.010150530375540257,0.0,24934.779296875
EleutherAI/pythia-70m,128,step128,70426624,6,8,5,5,6,0.00854497216641903,0.0,24934.779296875
EleutherAI/pythia-70m,128,step128,70426624,6,8,5,5,7,0.008175104856491089,0.0,24934.779296875
EleutherAI/pythia-70m,128,step128,70426624,6,8,6,0,0,0.014120375737547874,0.0,26340.419921875
EleutherAI/pythia-70m,128,step128,70426624,6,8,6,0,1,0.015283570624887943,0.0,26340.419921875
EleutherAI/pythia-70m,128,step128,70426624,6,8,6,0,2,0.013406949117779732,0.0,26340.419921875
EleutherAI/pythia-70m,128,step128,70426624,6,8,6,0,3,0.013376398012042046,0.0,26340.419921875
EleutherAI/pythia-70m,128,step128,70426624,6,8,6,0,4,0.012804853729903698,0.0,26340.419921875
EleutherAI/pythia-70m,128,step128,70426624,6,8,6,0,5,0.013374978676438332,0.0,26340.419921875
EleutherAI/pythia-70m,128,step128,70426624,6,8,6,0,6,0.012884620577096939,0.0,26340.419921875
EleutherAI/pythia-70m,128,step128,70426624,6,8,6,0,7,0.013777337037026882,0.0,26340.419921875
EleutherAI/pythia-70m,128,step128,70426624,6,8,6,1,0,0.012407603673636913,0.0,26340.419921875
EleutherAI/pythia-70m,128,step128,70426624,6,8,6,1,1,0.013310236856341362,0.0,26340.419921875
EleutherAI/pythia-70m,128,step128,70426624,6,8,6,1,2,0.012530735693871975,0.0,26340.419921875
EleutherAI/pythia-70m,128,step128,70426624,6,8,6,1,3,0.012098862789571285,0.0,26340.419921875
EleutherAI/pythia-70m,128,step128,70426624,6,8,6,1,4,0.0123590137809515,0.0,26340.419921875
EleutherAI/pythia-70m,128,step128,70426624,6,8,6,1,5,0.0126769058406353,0.0,26340.419921875
EleutherAI/pythia-70m,128,step128,70426624,6,8,6,1,6,0.013686598278582096,0.0,26340.419921875
EleutherAI/pythia-70m,128,step128,70426624,6,8,6,1,7,0.013434709049761295,0.0,26340.419921875
EleutherAI/pythia-70m,128,step128,70426624,6,8,6,2,0,0.009404485113918781,0.0,26340.419921875
EleutherAI/pythia-70m,128,step128,70426624,6,8,6,2,1,0.014089318923652172,0.0,26340.419921875
EleutherAI/pythia-70m,128,step128,70426624,6,8,6,2,2,0.01349850744009018,0.0,26340.419921875
EleutherAI/pythia-70m,128,step128,70426624,6,8,6,2,3,0.011158620938658714,0.0,26340.419921875
EleutherAI/pythia-70m,128,step128,70426624,6,8,6,2,4,0.012573650106787682,0.0,26340.419921875
EleutherAI/pythia-70m,128,step128,70426624,6,8,6,2,5,0.01358951535075903,0.0,26340.419921875
EleutherAI/pythia-70m,128,step128,70426624,6,8,6,2,6,0.013805837370455265,0.0,26340.419921875
EleutherAI/pythia-70m,128,step128,70426624,6,8,6,2,7,0.012655816972255707,0.0,26340.419921875
EleutherAI/pythia-70m,128,step128,70426624,6,8,6,3,0,0.010812325403094292,0.0,26340.419921875
EleutherAI/pythia-70m,128,step128,70426624,6,8,6,3,1,0.012947339564561844,0.0,26340.419921875
EleutherAI/pythia-70m,128,step128,70426624,6,8,6,3,2,0.012645108625292778,0.0,26340.419921875
EleutherAI/pythia-70m,128,step128,70426624,6,8,6,3,3,0.013566702604293823,0.0,26340.419921875
EleutherAI/pythia-70m,128,step128,70426624,6,8,6,3,4,0.014082756824791431,0.0,26340.419921875
EleutherAI/pythia-70m,128,step128,70426624,6,8,6,3,5,0.013496148400008678,0.0,26340.419921875
EleutherAI/pythia-70m,128,step128,70426624,6,8,6,3,6,0.014547117985785007,0.0,26340.419921875
EleutherAI/pythia-70m,128,step128,70426624,6,8,6,3,7,0.013425201177597046,0.0,26340.419921875
EleutherAI/pythia-70m,128,step128,70426624,6,8,6,4,0,0.008951344527304173,0.0,26340.419921875
EleutherAI/pythia-70m,128,step128,70426624,6,8,6,4,1,0.0077589815482497215,0.0,26340.419921875
EleutherAI/pythia-70m,128,step128,70426624,6,8,6,4,2,0.010374393314123154,0.0,26340.419921875
EleutherAI/pythia-70m,128,step128,70426624,6,8,6,4,3,0.012231852859258652,0.0,26340.419921875
EleutherAI/pythia-70m,128,step128,70426624,6,8,6,4,4,0.007638877723366022,0.0,26340.419921875
EleutherAI/pythia-70m,128,step128,70426624,6,8,6,4,5,0.007609470281749964,0.0,26340.419921875
EleutherAI/pythia-70m,128,step128,70426624,6,8,6,4,6,0.010844819247722626,0.0,26340.419921875
EleutherAI/pythia-70m,128,step128,70426624,6,8,6,4,7,0.012343087233603,0.0,26340.419921875
EleutherAI/pythia-70m,128,step128,70426624,6,8,6,5,0,0.00914998073130846,0.0,26340.419921875
EleutherAI/pythia-70m,128,step128,70426624,6,8,6,5,1,0.010597380809485912,0.0,26340.419921875
EleutherAI/pythia-70m,128,step128,70426624,6,8,6,5,2,0.009599343873560429,0.0,26340.419921875
EleutherAI/pythia-70m,128,step128,70426624,6,8,6,5,3,0.01097050216048956,0.0,26340.419921875
EleutherAI/pythia-70m,128,step128,70426624,6,8,6,5,4,0.008083640597760677,0.0,26340.419921875
EleutherAI/pythia-70m,128,step128,70426624,6,8,6,5,5,0.008682353422045708,0.0,26340.419921875
EleutherAI/pythia-70m,128,step128,70426624,6,8,6,5,6,0.007914254441857338,0.0,26340.419921875
EleutherAI/pythia-70m,128,step128,70426624,6,8,6,5,7,0.006594626698642969,0.0,26340.419921875
EleutherAI/pythia-70m,128,step128,70426624,6,8,7,0,0,0.01250378880649805,0.0,28001.3203125
EleutherAI/pythia-70m,128,step128,70426624,6,8,7,0,1,0.015013327822089195,0.0,28001.3203125
EleutherAI/pythia-70m,128,step128,70426624,6,8,7,0,2,0.014800842851400375,0.0,28001.3203125
EleutherAI/pythia-70m,128,step128,70426624,6,8,7,0,3,0.013355747796595097,0.0,28001.3203125
EleutherAI/pythia-70m,128,step128,70426624,6,8,7,0,4,0.014458038844168186,0.0,28001.3203125
EleutherAI/pythia-70m,128,step128,70426624,6,8,7,0,5,0.013683645986020565,0.0,28001.3203125
EleutherAI/pythia-70m,128,step128,70426624,6,8,7,0,6,0.014059395529329777,0.0,28001.3203125
EleutherAI/pythia-70m,128,step128,70426624,6,8,7,0,7,0.014427173882722855,0.0,28001.3203125
EleutherAI/pythia-70m,128,step128,70426624,6,8,7,1,0,0.013056444004178047,0.0,28001.3203125
EleutherAI/pythia-70m,128,step128,70426624,6,8,7,1,1,0.01428336650133133,0.0,28001.3203125
EleutherAI/pythia-70m,128,step128,70426624,6,8,7,1,2,0.013352236710488796,0.0,28001.3203125
EleutherAI/pythia-70m,128,step128,70426624,6,8,7,1,3,0.012863951735198498,0.0,28001.3203125
EleutherAI/pythia-70m,128,step128,70426624,6,8,7,1,4,0.01097055897116661,0.0,28001.3203125
EleutherAI/pythia-70m,128,step128,70426624,6,8,7,1,5,0.014995744451880455,0.0,28001.3203125
EleutherAI/pythia-70m,128,step128,70426624,6,8,7,1,6,0.015209066681563854,0.0,28001.3203125
EleutherAI/pythia-70m,128,step128,70426624,6,8,7,1,7,0.014560911804437637,0.0,28001.3203125
EleutherAI/pythia-70m,128,step128,70426624,6,8,7,2,0,0.0095322635024786,0.0,28001.3203125
EleutherAI/pythia-70m,128,step128,70426624,6,8,7,2,1,0.014593252912163734,0.0,28001.3203125
EleutherAI/pythia-70m,128,step128,70426624,6,8,7,2,2,0.013400047086179256,0.0,28001.3203125
EleutherAI/pythia-70m,128,step128,70426624,6,8,7,2,3,0.010309738107025623,0.0,28001.3203125
EleutherAI/pythia-70m,128,step128,70426624,6,8,7,2,4,0.011882569640874863,0.0,28001.3203125
EleutherAI/pythia-70m,128,step128,70426624,6,8,7,2,5,0.013404304161667824,0.0,28001.3203125
EleutherAI/pythia-70m,128,step128,70426624,6,8,7,2,6,0.013431875966489315,0.0,28001.3203125
EleutherAI/pythia-70m,128,step128,70426624,6,8,7,2,7,0.012393618002533913,0.0,28001.3203125
EleutherAI/pythia-70m,128,step128,70426624,6,8,7,3,0,0.010923484340310097,0.0,28001.3203125
EleutherAI/pythia-70m,128,step128,70426624,6,8,7,3,1,0.010898594744503498,0.0,28001.3203125
EleutherAI/pythia-70m,128,step128,70426624,6,8,7,3,2,0.011596783064305782,0.0,28001.3203125
EleutherAI/pythia-70m,128,step128,70426624,6,8,7,3,3,0.01456934679299593,0.0,28001.3203125
EleutherAI/pythia-70m,128,step128,70426624,6,8,7,3,4,0.014088793657720089,0.0,28001.3203125
EleutherAI/pythia-70m,128,step128,70426624,6,8,7,3,5,0.013907361775636673,0.0,28001.3203125
EleutherAI/pythia-70m,128,step128,70426624,6,8,7,3,6,0.012764283455908298,0.0,28001.3203125
EleutherAI/pythia-70m,128,step128,70426624,6,8,7,3,7,0.010849174112081528,0.0,28001.3203125
EleutherAI/pythia-70m,128,step128,70426624,6,8,7,4,0,0.010814707726240158,0.0,28001.3203125
EleutherAI/pythia-70m,128,step128,70426624,6,8,7,4,1,0.008376937359571457,0.0,28001.3203125
EleutherAI/pythia-70m,128,step128,70426624,6,8,7,4,2,0.011603972874581814,0.0,28001.3203125
EleutherAI/pythia-70m,128,step128,70426624,6,8,7,4,3,0.010933274403214455,0.0,28001.3203125
EleutherAI/pythia-70m,128,step128,70426624,6,8,7,4,4,0.007132446859031916,0.0,28001.3203125
EleutherAI/pythia-70m,128,step128,70426624,6,8,7,4,5,0.006387648638337851,0.0,28001.3203125
EleutherAI/pythia-70m,128,step128,70426624,6,8,7,4,6,0.01204401534050703,0.0,28001.3203125
EleutherAI/pythia-70m,128,step128,70426624,6,8,7,4,7,0.012257101945579052,0.0,28001.3203125
EleutherAI/pythia-70m,128,step128,70426624,6,8,7,5,0,0.007700380869209766,0.0,28001.3203125
EleutherAI/pythia-70m,128,step128,70426624,6,8,7,5,1,0.009918935596942902,0.0,28001.3203125
EleutherAI/pythia-70m,128,step128,70426624,6,8,7,5,2,0.009346894919872284,0.0,28001.3203125
EleutherAI/pythia-70m,128,step128,70426624,6,8,7,5,3,0.011498228646814823,0.0,28001.3203125
EleutherAI/pythia-70m,128,step128,70426624,6,8,7,5,4,0.007722219917923212,0.0,28001.3203125
EleutherAI/pythia-70m,128,step128,70426624,6,8,7,5,5,0.010654074139893055,0.0,28001.3203125
EleutherAI/pythia-70m,128,step128,70426624,6,8,7,5,6,0.006925894413143396,0.0,28001.3203125
EleutherAI/pythia-70m,128,step128,70426624,6,8,7,5,7,0.006831621751189232,0.0,28001.3203125
EleutherAI/pythia-70m,128,step128,70426624,6,8,8,0,0,0.013551070354878902,0.0,21332.859375
EleutherAI/pythia-70m,128,step128,70426624,6,8,8,0,1,0.012378580868244171,0.0,21332.859375
EleutherAI/pythia-70m,128,step128,70426624,6,8,8,0,2,0.012793343514204025,0.0,21332.859375
EleutherAI/pythia-70m,128,step128,70426624,6,8,8,0,3,0.014795836992561817,0.0,21332.859375
EleutherAI/pythia-70m,128,step128,70426624,6,8,8,0,4,0.013627074658870697,0.0,21332.859375
EleutherAI/pythia-70m,128,step128,70426624,6,8,8,0,5,0.014248221181333065,0.0,21332.859375
EleutherAI/pythia-70m,128,step128,70426624,6,8,8,0,6,0.013796158134937286,0.0,21332.859375
EleutherAI/pythia-70m,128,step128,70426624,6,8,8,0,7,0.01333997119218111,0.0,21332.859375
EleutherAI/pythia-70m,128,step128,70426624,6,8,8,1,0,0.011522939428687096,0.0,21332.859375
EleutherAI/pythia-70m,128,step128,70426624,6,8,8,1,1,0.01442851684987545,0.0,21332.859375
EleutherAI/pythia-70m,128,step128,70426624,6,8,8,1,2,0.012608867138624191,0.0,21332.859375
EleutherAI/pythia-70m,128,step128,70426624,6,8,8,1,3,0.013288005255162716,0.0,21332.859375
EleutherAI/pythia-70m,128,step128,70426624,6,8,8,1,4,0.01225169375538826,0.0,21332.859375
EleutherAI/pythia-70m,128,step128,70426624,6,8,8,1,5,0.015399868600070477,0.0,21332.859375
EleutherAI/pythia-70m,128,step128,70426624,6,8,8,1,6,0.012636291794478893,0.0,21332.859375
EleutherAI/pythia-70m,128,step128,70426624,6,8,8,1,7,0.014205347746610641,0.0,21332.859375
EleutherAI/pythia-70m,128,step128,70426624,6,8,8,2,0,0.011120324023067951,0.0,21332.859375
EleutherAI/pythia-70m,128,step128,70426624,6,8,8,2,1,0.01319851167500019,0.0,21332.859375
EleutherAI/pythia-70m,128,step128,70426624,6,8,8,2,2,0.01464779768139124,0.0,21332.859375
EleutherAI/pythia-70m,128,step128,70426624,6,8,8,2,3,0.01254058163613081,0.0,21332.859375
EleutherAI/pythia-70m,128,step128,70426624,6,8,8,2,4,0.01297786459326744,0.0,21332.859375
EleutherAI/pythia-70m,128,step128,70426624,6,8,8,2,5,0.013871682807803154,0.0,21332.859375
EleutherAI/pythia-70m,128,step128,70426624,6,8,8,2,6,0.013177540153265,0.0,21332.859375
EleutherAI/pythia-70m,128,step128,70426624,6,8,8,2,7,0.012028024531900883,0.0,21332.859375
EleutherAI/pythia-70m,128,step128,70426624,6,8,8,3,0,0.010453738272190094,0.0,21332.859375
EleutherAI/pythia-70m,128,step128,70426624,6,8,8,3,1,0.011040418408811092,0.0,21332.859375
EleutherAI/pythia-70m,128,step128,70426624,6,8,8,3,2,0.011809416115283966,0.0,21332.859375
EleutherAI/pythia-70m,128,step128,70426624,6,8,8,3,3,0.014841817319393158,0.0,21332.859375
EleutherAI/pythia-70m,128,step128,70426624,6,8,8,3,4,0.01596606895327568,0.0,21332.859375
EleutherAI/pythia-70m,128,step128,70426624,6,8,8,3,5,0.013868183828890324,0.0,21332.859375
EleutherAI/pythia-70m,128,step128,70426624,6,8,8,3,6,0.014618935994803905,0.0,21332.859375
EleutherAI/pythia-70m,128,step128,70426624,6,8,8,3,7,0.013730051927268505,0.0,21332.859375
EleutherAI/pythia-70m,128,step128,70426624,6,8,8,4,0,0.01012798398733139,0.0,21332.859375
EleutherAI/pythia-70m,128,step128,70426624,6,8,8,4,1,0.010681246407330036,0.0,21332.859375
EleutherAI/pythia-70m,128,step128,70426624,6,8,8,4,2,0.01091635599732399,0.0,21332.859375
EleutherAI/pythia-70m,128,step128,70426624,6,8,8,4,3,0.013134504668414593,0.0,21332.859375
EleutherAI/pythia-70m,128,step128,70426624,6,8,8,4,4,0.007162490859627724,0.0,21332.859375
EleutherAI/pythia-70m,128,step128,70426624,6,8,8,4,5,0.006431037560105324,0.0,21332.859375
EleutherAI/pythia-70m,128,step128,70426624,6,8,8,4,6,0.0123992208391428,0.0,21332.859375
EleutherAI/pythia-70m,128,step128,70426624,6,8,8,4,7,0.010533302091062069,0.0,21332.859375
EleutherAI/pythia-70m,128,step128,70426624,6,8,8,5,0,0.008752536028623581,0.0,21332.859375
EleutherAI/pythia-70m,128,step128,70426624,6,8,8,5,1,0.010616438463330269,0.0,21332.859375
EleutherAI/pythia-70m,128,step128,70426624,6,8,8,5,2,0.008951601572334766,0.0,21332.859375
EleutherAI/pythia-70m,128,step128,70426624,6,8,8,5,3,0.008993522264063358,0.0,21332.859375
EleutherAI/pythia-70m,128,step128,70426624,6,8,8,5,4,0.0076657687313854694,0.0,21332.859375
EleutherAI/pythia-70m,128,step128,70426624,6,8,8,5,5,0.009501524269580841,0.0,21332.859375
EleutherAI/pythia-70m,128,step128,70426624,6,8,8,5,6,0.007421944756060839,0.0,21332.859375
EleutherAI/pythia-70m,128,step128,70426624,6,8,8,5,7,0.0059031276032328606,0.0,21332.859375
EleutherAI/pythia-70m,128,step128,70426624,6,8,9,0,0,0.013172280974686146,0.0,25746.5390625
EleutherAI/pythia-70m,128,step128,70426624,6,8,9,0,1,0.013407888822257519,0.0,25746.5390625
EleutherAI/pythia-70m,128,step128,70426624,6,8,9,0,2,0.012810823507606983,0.0,25746.5390625
EleutherAI/pythia-70m,128,step128,70426624,6,8,9,0,3,0.014230959117412567,0.0,25746.5390625
EleutherAI/pythia-70m,128,step128,70426624,6,8,9,0,4,0.015149343758821487,0.0,25746.5390625
EleutherAI/pythia-70m,128,step128,70426624,6,8,9,0,5,0.013639531098306179,0.0,25746.5390625
EleutherAI/pythia-70m,128,step128,70426624,6,8,9,0,6,0.011669481173157692,0.0,25746.5390625
EleutherAI/pythia-70m,128,step128,70426624,6,8,9,0,7,0.012843132950365543,0.0,25746.5390625
EleutherAI/pythia-70m,128,step128,70426624,6,8,9,1,0,0.012233047746121883,0.0,25746.5390625
EleutherAI/pythia-70m,128,step128,70426624,6,8,9,1,1,0.01434712391346693,0.0,25746.5390625
EleutherAI/pythia-70m,128,step128,70426624,6,8,9,1,2,0.014488320797681808,0.0,25746.5390625
EleutherAI/pythia-70m,128,step128,70426624,6,8,9,1,3,0.013241644948720932,0.0,25746.5390625
EleutherAI/pythia-70m,128,step128,70426624,6,8,9,1,4,0.0139188626781106,0.0,25746.5390625
EleutherAI/pythia-70m,128,step128,70426624,6,8,9,1,5,0.013598477467894554,0.0,25746.5390625
EleutherAI/pythia-70m,128,step128,70426624,6,8,9,1,6,0.013926099985837936,0.0,25746.5390625
EleutherAI/pythia-70m,128,step128,70426624,6,8,9,1,7,0.014647661708295345,0.0,25746.5390625
EleutherAI/pythia-70m,128,step128,70426624,6,8,9,2,0,0.011088334023952484,0.0,25746.5390625
EleutherAI/pythia-70m,128,step128,70426624,6,8,9,2,1,0.013774816878139973,0.0,25746.5390625
EleutherAI/pythia-70m,128,step128,70426624,6,8,9,2,2,0.012722245417535305,0.0,25746.5390625
EleutherAI/pythia-70m,128,step128,70426624,6,8,9,2,3,0.010161466896533966,0.0,25746.5390625
EleutherAI/pythia-70m,128,step128,70426624,6,8,9,2,4,0.013757143169641495,0.0,25746.5390625
EleutherAI/pythia-70m,128,step128,70426624,6,8,9,2,5,0.012728516012430191,0.0,25746.5390625
EleutherAI/pythia-70m,128,step128,70426624,6,8,9,2,6,0.01269040908664465,0.0,25746.5390625
EleutherAI/pythia-70m,128,step128,70426624,6,8,9,2,7,0.013143389485776424,0.0,25746.5390625
EleutherAI/pythia-70m,128,step128,70426624,6,8,9,3,0,0.008955931290984154,0.0,25746.5390625
EleutherAI/pythia-70m,128,step128,70426624,6,8,9,3,1,0.013840856961905956,0.0,25746.5390625
EleutherAI/pythia-70m,128,step128,70426624,6,8,9,3,2,0.010645993053913116,0.0,25746.5390625
EleutherAI/pythia-70m,128,step128,70426624,6,8,9,3,3,0.013316428288817406,0.0,25746.5390625
EleutherAI/pythia-70m,128,step128,70426624,6,8,9,3,4,0.014271232299506664,0.0,25746.5390625
EleutherAI/pythia-70m,128,step128,70426624,6,8,9,3,5,0.013045856729149818,0.0,25746.5390625
EleutherAI/pythia-70m,128,step128,70426624,6,8,9,3,6,0.012798634357750416,0.0,25746.5390625
EleutherAI/pythia-70m,128,step128,70426624,6,8,9,3,7,0.012995188124477863,0.0,25746.5390625
EleutherAI/pythia-70m,128,step128,70426624,6,8,9,4,0,0.009282869286835194,0.0,25746.5390625
EleutherAI/pythia-70m,128,step128,70426624,6,8,9,4,1,0.007817696779966354,0.0,25746.5390625
EleutherAI/pythia-70m,128,step128,70426624,6,8,9,4,2,0.011880498379468918,0.0,25746.5390625
EleutherAI/pythia-70m,128,step128,70426624,6,8,9,4,3,0.012294190935790539,0.0,25746.5390625
EleutherAI/pythia-70m,128,step128,70426624,6,8,9,4,4,0.00732509745284915,0.0,25746.5390625
EleutherAI/pythia-70m,128,step128,70426624,6,8,9,4,5,0.0066270530223846436,0.0,25746.5390625
EleutherAI/pythia-70m,128,step128,70426624,6,8,9,4,6,0.012477338314056396,0.0,25746.5390625
EleutherAI/pythia-70m,128,step128,70426624,6,8,9,4,7,0.012689887546002865,0.0,25746.5390625
EleutherAI/pythia-70m,128,step128,70426624,6,8,9,5,0,0.010591579601168633,0.0,25746.5390625
EleutherAI/pythia-70m,128,step128,70426624,6,8,9,5,1,0.011088771745562553,0.0,25746.5390625
EleutherAI/pythia-70m,128,step128,70426624,6,8,9,5,2,0.00983813963830471,0.0,25746.5390625
EleutherAI/pythia-70m,128,step128,70426624,6,8,9,5,3,0.010851471684873104,0.0,25746.5390625
EleutherAI/pythia-70m,128,step128,70426624,6,8,9,5,4,0.008286126889288425,0.0,25746.5390625
EleutherAI/pythia-70m,128,step128,70426624,6,8,9,5,5,0.010256887413561344,0.0,25746.5390625
EleutherAI/pythia-70m,128,step128,70426624,6,8,9,5,6,0.006635533645749092,0.0,25746.5390625
EleutherAI/pythia-70m,128,step128,70426624,6,8,9,5,7,0.006549556273967028,0.0,25746.5390625
EleutherAI/pythia-70m,128,step128,70426624,6,8,10,0,0,0.013282615691423416,0.0,25968.779296875
EleutherAI/pythia-70m,128,step128,70426624,6,8,10,0,1,0.013029806315898895,0.0,25968.779296875
EleutherAI/pythia-70m,128,step128,70426624,6,8,10,0,2,0.012174231931567192,0.0,25968.779296875
EleutherAI/pythia-70m,128,step128,70426624,6,8,10,0,3,0.013694340363144875,0.0,25968.779296875
EleutherAI/pythia-70m,128,step128,70426624,6,8,10,0,4,0.015418879687786102,0.0,25968.779296875
EleutherAI/pythia-70m,128,step128,70426624,6,8,10,0,5,0.013730933889746666,0.0,25968.779296875
EleutherAI/pythia-70m,128,step128,70426624,6,8,10,0,6,0.013228904455900192,0.0,25968.779296875
EleutherAI/pythia-70m,128,step128,70426624,6,8,10,0,7,0.015734130516648293,0.0,25968.779296875
EleutherAI/pythia-70m,128,step128,70426624,6,8,10,1,0,0.013927607797086239,0.0,25968.779296875
EleutherAI/pythia-70m,128,step128,70426624,6,8,10,1,1,0.013300573453307152,0.0,25968.779296875
EleutherAI/pythia-70m,128,step128,70426624,6,8,10,1,2,0.013660350814461708,0.0,25968.779296875
EleutherAI/pythia-70m,128,step128,70426624,6,8,10,1,3,0.013078584335744381,0.0,25968.779296875
EleutherAI/pythia-70m,128,step128,70426624,6,8,10,1,4,0.011936744675040245,0.0,25968.779296875
EleutherAI/pythia-70m,128,step128,70426624,6,8,10,1,5,0.01399312261492014,0.0,25968.779296875
EleutherAI/pythia-70m,128,step128,70426624,6,8,10,1,6,0.013210704550147057,0.0,25968.779296875
EleutherAI/pythia-70m,128,step128,70426624,6,8,10,1,7,0.015508358366787434,0.0,25968.779296875
EleutherAI/pythia-70m,128,step128,70426624,6,8,10,2,0,0.01040132250636816,0.0,25968.779296875
EleutherAI/pythia-70m,128,step128,70426624,6,8,10,2,1,0.012841317802667618,0.0,25968.779296875
EleutherAI/pythia-70m,128,step128,70426624,6,8,10,2,2,0.014013814739882946,0.0,25968.779296875
EleutherAI/pythia-70m,128,step128,70426624,6,8,10,2,3,0.01238326821476221,0.0,25968.779296875
EleutherAI/pythia-70m,128,step128,70426624,6,8,10,2,4,0.014264199882745743,0.0,25968.779296875
EleutherAI/pythia-70m,128,step128,70426624,6,8,10,2,5,0.013713882304728031,0.0,25968.779296875
EleutherAI/pythia-70m,128,step128,70426624,6,8,10,2,6,0.014840275049209595,0.0,25968.779296875
EleutherAI/pythia-70m,128,step128,70426624,6,8,10,2,7,0.0133147481828928,0.0,25968.779296875
EleutherAI/pythia-70m,128,step128,70426624,6,8,10,3,0,0.010433359071612358,0.0,25968.779296875
EleutherAI/pythia-70m,128,step128,70426624,6,8,10,3,1,0.01376205962151289,0.0,25968.779296875
EleutherAI/pythia-70m,128,step128,70426624,6,8,10,3,2,0.011850097216665745,0.0,25968.779296875
EleutherAI/pythia-70m,128,step128,70426624,6,8,10,3,3,0.013842773623764515,0.0,25968.779296875
EleutherAI/pythia-70m,128,step128,70426624,6,8,10,3,4,0.016032353043556213,0.0,25968.779296875
EleutherAI/pythia-70m,128,step128,70426624,6,8,10,3,5,0.015241121873259544,0.0,25968.779296875
EleutherAI/pythia-70m,128,step128,70426624,6,8,10,3,6,0.011962219141423702,0.0,25968.779296875
EleutherAI/pythia-70m,128,step128,70426624,6,8,10,3,7,0.014059608802199364,0.0,25968.779296875
EleutherAI/pythia-70m,128,step128,70426624,6,8,10,4,0,0.011421225033700466,0.0,25968.779296875
EleutherAI/pythia-70m,128,step128,70426624,6,8,10,4,1,0.0074730608612298965,0.0,25968.779296875
EleutherAI/pythia-70m,128,step128,70426624,6,8,10,4,2,0.010848453268408775,0.0,25968.779296875
EleutherAI/pythia-70m,128,step128,70426624,6,8,10,4,3,0.012100734747946262,0.0,25968.779296875
EleutherAI/pythia-70m,128,step128,70426624,6,8,10,4,4,0.008719484321773052,0.0,25968.779296875
EleutherAI/pythia-70m,128,step128,70426624,6,8,10,4,5,0.006541745737195015,0.0,25968.779296875
EleutherAI/pythia-70m,128,step128,70426624,6,8,10,4,6,0.012154852971434593,0.0,25968.779296875
EleutherAI/pythia-70m,128,step128,70426624,6,8,10,4,7,0.011622274294495583,0.0,25968.779296875
EleutherAI/pythia-70m,128,step128,70426624,6,8,10,5,0,0.008319673128426075,0.0,25968.779296875
EleutherAI/pythia-70m,128,step128,70426624,6,8,10,5,1,0.0107222655788064,0.0,25968.779296875
EleutherAI/pythia-70m,128,step128,70426624,6,8,10,5,2,0.009521289728581905,0.0,25968.779296875
EleutherAI/pythia-70m,128,step128,70426624,6,8,10,5,3,0.010511871427297592,0.0,25968.779296875
EleutherAI/pythia-70m,128,step128,70426624,6,8,10,5,4,0.007520091719925404,0.0,25968.779296875
EleutherAI/pythia-70m,128,step128,70426624,6,8,10,5,5,0.010835365392267704,0.0,25968.779296875
EleutherAI/pythia-70m,128,step128,70426624,6,8,10,5,6,0.007955066859722137,0.0,25968.779296875
EleutherAI/pythia-70m,128,step128,70426624,6,8,10,5,7,0.006434369832277298,0.0,25968.779296875
EleutherAI/pythia-70m,128,step128,70426624,6,8,11,0,0,0.013345612213015556,0.0,26849.279296875
EleutherAI/pythia-70m,128,step128,70426624,6,8,11,0,1,0.014785348437726498,0.0,26849.279296875
EleutherAI/pythia-70m,128,step128,70426624,6,8,11,0,2,0.01377954799681902,0.0,26849.279296875
EleutherAI/pythia-70m,128,step128,70426624,6,8,11,0,3,0.013847407884895802,0.0,26849.279296875
EleutherAI/pythia-70m,128,step128,70426624,6,8,11,0,4,0.012477056123316288,0.0,26849.279296875
EleutherAI/pythia-70m,128,step128,70426624,6,8,11,0,5,0.014396424405276775,0.0,26849.279296875
EleutherAI/pythia-70m,128,step128,70426624,6,8,11,0,6,0.013106090947985649,0.0,26849.279296875
EleutherAI/pythia-70m,128,step128,70426624,6,8,11,0,7,0.011713032610714436,0.0,26849.279296875
EleutherAI/pythia-70m,128,step128,70426624,6,8,11,1,0,0.01324752438813448,0.0,26849.279296875
EleutherAI/pythia-70m,128,step128,70426624,6,8,11,1,1,0.012367850169539452,0.0,26849.279296875
EleutherAI/pythia-70m,128,step128,70426624,6,8,11,1,2,0.013170916587114334,0.0,26849.279296875
EleutherAI/pythia-70m,128,step128,70426624,6,8,11,1,3,0.015398635528981686,0.0,26849.279296875
EleutherAI/pythia-70m,128,step128,70426624,6,8,11,1,4,0.013243626803159714,0.0,26849.279296875
EleutherAI/pythia-70m,128,step128,70426624,6,8,11,1,5,0.014235267415642738,0.0,26849.279296875
EleutherAI/pythia-70m,128,step128,70426624,6,8,11,1,6,0.013749560341238976,0.0,26849.279296875
EleutherAI/pythia-70m,128,step128,70426624,6,8,11,1,7,0.012075929902493954,0.0,26849.279296875
EleutherAI/pythia-70m,128,step128,70426624,6,8,11,2,0,0.012313522398471832,0.0,26849.279296875
EleutherAI/pythia-70m,128,step128,70426624,6,8,11,2,1,0.01249244250357151,0.0,26849.279296875
EleutherAI/pythia-70m,128,step128,70426624,6,8,11,2,2,0.014178480952978134,0.0,26849.279296875
EleutherAI/pythia-70m,128,step128,70426624,6,8,11,2,3,0.011531802825629711,0.0,26849.279296875
EleutherAI/pythia-70m,128,step128,70426624,6,8,11,2,4,0.012469733133912086,0.0,26849.279296875
EleutherAI/pythia-70m,128,step128,70426624,6,8,11,2,5,0.013565211556851864,0.0,26849.279296875
EleutherAI/pythia-70m,128,step128,70426624,6,8,11,2,6,0.013052141293883324,0.0,26849.279296875
EleutherAI/pythia-70m,128,step128,70426624,6,8,11,2,7,0.011323800310492516,0.0,26849.279296875
EleutherAI/pythia-70m,128,step128,70426624,6,8,11,3,0,0.010240187868475914,0.0,26849.279296875
EleutherAI/pythia-70m,128,step128,70426624,6,8,11,3,1,0.012549013830721378,0.0,26849.279296875
EleutherAI/pythia-70m,128,step128,70426624,6,8,11,3,2,0.012297816574573517,0.0,26849.279296875
EleutherAI/pythia-70m,128,step128,70426624,6,8,11,3,3,0.01401540357619524,0.0,26849.279296875
EleutherAI/pythia-70m,128,step128,70426624,6,8,11,3,4,0.012341534718871117,0.0,26849.279296875
EleutherAI/pythia-70m,128,step128,70426624,6,8,11,3,5,0.01303696259856224,0.0,26849.279296875
EleutherAI/pythia-70m,128,step128,70426624,6,8,11,3,6,0.011713982559740543,0.0,26849.279296875
EleutherAI/pythia-70m,128,step128,70426624,6,8,11,3,7,0.011959750205278397,0.0,26849.279296875
EleutherAI/pythia-70m,128,step128,70426624,6,8,11,4,0,0.008615883998572826,0.0,26849.279296875
EleutherAI/pythia-70m,128,step128,70426624,6,8,11,4,1,0.009455202147364616,0.0,26849.279296875
EleutherAI/pythia-70m,128,step128,70426624,6,8,11,4,2,0.01024765707552433,0.0,26849.279296875
EleutherAI/pythia-70m,128,step128,70426624,6,8,11,4,3,0.01190340518951416,0.0,26849.279296875
EleutherAI/pythia-70m,128,step128,70426624,6,8,11,4,4,0.007779067847877741,0.0,26849.279296875
EleutherAI/pythia-70m,128,step128,70426624,6,8,11,4,5,0.007243758533149958,0.0,26849.279296875
EleutherAI/pythia-70m,128,step128,70426624,6,8,11,4,6,0.01005362905561924,0.0,26849.279296875
EleutherAI/pythia-70m,128,step128,70426624,6,8,11,4,7,0.011941659264266491,0.0,26849.279296875
EleutherAI/pythia-70m,128,step128,70426624,6,8,11,5,0,0.009034526534378529,0.0,26849.279296875
EleutherAI/pythia-70m,128,step128,70426624,6,8,11,5,1,0.010979240760207176,0.0,26849.279296875
EleutherAI/pythia-70m,128,step128,70426624,6,8,11,5,2,0.010654318146407604,0.0,26849.279296875
EleutherAI/pythia-70m,128,step128,70426624,6,8,11,5,3,0.00944953877478838,0.0,26849.279296875
EleutherAI/pythia-70m,128,step128,70426624,6,8,11,5,4,0.007328212261199951,0.0,26849.279296875
EleutherAI/pythia-70m,128,step128,70426624,6,8,11,5,5,0.010114683769643307,0.0,26849.279296875
EleutherAI/pythia-70m,128,step128,70426624,6,8,11,5,6,0.006340364925563335,0.0,26849.279296875
EleutherAI/pythia-70m,128,step128,70426624,6,8,11,5,7,0.006014947779476643,0.0,26849.279296875
EleutherAI/pythia-70m,128,step128,70426624,6,8,12,0,0,0.013454774394631386,0.0,23879.4609375
EleutherAI/pythia-70m,128,step128,70426624,6,8,12,0,1,0.013896857388317585,0.0,23879.4609375
EleutherAI/pythia-70m,128,step128,70426624,6,8,12,0,2,0.012630140408873558,0.0,23879.4609375
EleutherAI/pythia-70m,128,step128,70426624,6,8,12,0,3,0.013057230971753597,0.0,23879.4609375
EleutherAI/pythia-70m,128,step128,70426624,6,8,12,0,4,0.012614709325134754,0.0,23879.4609375
EleutherAI/pythia-70m,128,step128,70426624,6,8,12,0,5,0.011553116142749786,0.0,23879.4609375
EleutherAI/pythia-70m,128,step128,70426624,6,8,12,0,6,0.011628594249486923,0.0,23879.4609375
EleutherAI/pythia-70m,128,step128,70426624,6,8,12,0,7,0.012794745154678822,0.0,23879.4609375
EleutherAI/pythia-70m,128,step128,70426624,6,8,12,1,0,0.01186539325863123,0.0,23879.4609375
EleutherAI/pythia-70m,128,step128,70426624,6,8,12,1,1,0.013449571095407009,0.0,23879.4609375
EleutherAI/pythia-70m,128,step128,70426624,6,8,12,1,2,0.012529266066849232,0.0,23879.4609375
EleutherAI/pythia-70m,128,step128,70426624,6,8,12,1,3,0.01293846033513546,0.0,23879.4609375
EleutherAI/pythia-70m,128,step128,70426624,6,8,12,1,4,0.012877210043370724,0.0,23879.4609375
EleutherAI/pythia-70m,128,step128,70426624,6,8,12,1,5,0.015904372557997704,0.0,23879.4609375
EleutherAI/pythia-70m,128,step128,70426624,6,8,12,1,6,0.015185676515102386,0.0,23879.4609375
EleutherAI/pythia-70m,128,step128,70426624,6,8,12,1,7,0.01248189713805914,0.0,23879.4609375
EleutherAI/pythia-70m,128,step128,70426624,6,8,12,2,0,0.01158976275473833,0.0,23879.4609375
EleutherAI/pythia-70m,128,step128,70426624,6,8,12,2,1,0.013109344989061356,0.0,23879.4609375
EleutherAI/pythia-70m,128,step128,70426624,6,8,12,2,2,0.013312009163200855,0.0,23879.4609375
EleutherAI/pythia-70m,128,step128,70426624,6,8,12,2,3,0.010999071411788464,0.0,23879.4609375
EleutherAI/pythia-70m,128,step128,70426624,6,8,12,2,4,0.012487178668379784,0.0,23879.4609375
EleutherAI/pythia-70m,128,step128,70426624,6,8,12,2,5,0.013127410784363747,0.0,23879.4609375
EleutherAI/pythia-70m,128,step128,70426624,6,8,12,2,6,0.013267002068459988,0.0,23879.4609375
EleutherAI/pythia-70m,128,step128,70426624,6,8,12,2,7,0.012069049291312695,0.0,23879.4609375
EleutherAI/pythia-70m,128,step128,70426624,6,8,12,3,0,0.012376337312161922,0.0,23879.4609375
EleutherAI/pythia-70m,128,step128,70426624,6,8,12,3,1,0.013752419501543045,0.0,23879.4609375
EleutherAI/pythia-70m,128,step128,70426624,6,8,12,3,2,0.011667815037071705,0.0,23879.4609375
EleutherAI/pythia-70m,128,step128,70426624,6,8,12,3,3,0.01375990267843008,0.0,23879.4609375
EleutherAI/pythia-70m,128,step128,70426624,6,8,12,3,4,0.012969987466931343,0.0,23879.4609375
EleutherAI/pythia-70m,128,step128,70426624,6,8,12,3,5,0.013260163366794586,0.0,23879.4609375
EleutherAI/pythia-70m,128,step128,70426624,6,8,12,3,6,0.012735819444060326,0.0,23879.4609375
EleutherAI/pythia-70m,128,step128,70426624,6,8,12,3,7,0.014396190643310547,0.0,23879.4609375
EleutherAI/pythia-70m,128,step128,70426624,6,8,12,4,0,0.009503907524049282,0.0,23879.4609375
EleutherAI/pythia-70m,128,step128,70426624,6,8,12,4,1,0.008193541318178177,0.0,23879.4609375
EleutherAI/pythia-70m,128,step128,70426624,6,8,12,4,2,0.0104892672970891,0.0,23879.4609375
EleutherAI/pythia-70m,128,step128,70426624,6,8,12,4,3,0.013103961013257504,0.0,23879.4609375
EleutherAI/pythia-70m,128,step128,70426624,6,8,12,4,4,0.00943958293646574,0.0,23879.4609375
EleutherAI/pythia-70m,128,step128,70426624,6,8,12,4,5,0.0069583263248205185,0.0,23879.4609375
EleutherAI/pythia-70m,128,step128,70426624,6,8,12,4,6,0.011967496946454048,0.0,23879.4609375
EleutherAI/pythia-70m,128,step128,70426624,6,8,12,4,7,0.011662935838103294,0.0,23879.4609375
EleutherAI/pythia-70m,128,step128,70426624,6,8,12,5,0,0.010244030505418777,0.0,23879.4609375
EleutherAI/pythia-70m,128,step128,70426624,6,8,12,5,1,0.009212745353579521,0.0,23879.4609375
EleutherAI/pythia-70m,128,step128,70426624,6,8,12,5,2,0.00973566249012947,0.0,23879.4609375
EleutherAI/pythia-70m,128,step128,70426624,6,8,12,5,3,0.011445102281868458,0.0,23879.4609375
EleutherAI/pythia-70m,128,step128,70426624,6,8,12,5,4,0.0081612728536129,0.0,23879.4609375
EleutherAI/pythia-70m,128,step128,70426624,6,8,12,5,5,0.00933173205703497,0.0,23879.4609375
EleutherAI/pythia-70m,128,step128,70426624,6,8,12,5,6,0.008802039548754692,0.0,23879.4609375
EleutherAI/pythia-70m,128,step128,70426624,6,8,12,5,7,0.007079401519149542,0.0,23879.4609375
EleutherAI/pythia-70m,128,step128,70426624,6,8,13,0,0,0.012748043984174728,0.0,25026.740234375
EleutherAI/pythia-70m,128,step128,70426624,6,8,13,0,1,0.0147604551166296,0.0,25026.740234375
EleutherAI/pythia-70m,128,step128,70426624,6,8,13,0,2,0.013999482616782188,0.0,25026.740234375
EleutherAI/pythia-70m,128,step128,70426624,6,8,13,0,3,0.014380361884832382,0.0,25026.740234375
EleutherAI/pythia-70m,128,step128,70426624,6,8,13,0,4,0.01305369846522808,0.0,25026.740234375
EleutherAI/pythia-70m,128,step128,70426624,6,8,13,0,5,0.013292946852743626,0.0,25026.740234375
EleutherAI/pythia-70m,128,step128,70426624,6,8,13,0,6,0.013890924863517284,0.0,25026.740234375
EleutherAI/pythia-70m,128,step128,70426624,6,8,13,0,7,0.012760818935930729,0.0,25026.740234375
EleutherAI/pythia-70m,128,step128,70426624,6,8,13,1,0,0.013229264877736568,0.0,25026.740234375
EleutherAI/pythia-70m,128,step128,70426624,6,8,13,1,1,0.014579826965928078,0.0,25026.740234375
EleutherAI/pythia-70m,128,step128,70426624,6,8,13,1,2,0.014242935925722122,0.0,25026.740234375
EleutherAI/pythia-70m,128,step128,70426624,6,8,13,1,3,0.013781445100903511,0.0,25026.740234375
EleutherAI/pythia-70m,128,step128,70426624,6,8,13,1,4,0.011286776512861252,0.0,25026.740234375
EleutherAI/pythia-70m,128,step128,70426624,6,8,13,1,5,0.013091405853629112,0.0,25026.740234375
EleutherAI/pythia-70m,128,step128,70426624,6,8,13,1,6,0.013441991992294788,0.0,25026.740234375
EleutherAI/pythia-70m,128,step128,70426624,6,8,13,1,7,0.014347166754305363,0.0,25026.740234375
EleutherAI/pythia-70m,128,step128,70426624,6,8,13,2,0,0.009445874951779842,0.0,25026.740234375
EleutherAI/pythia-70m,128,step128,70426624,6,8,13,2,1,0.012332693673670292,0.0,25026.740234375
EleutherAI/pythia-70m,128,step128,70426624,6,8,13,2,2,0.013128289952874184,0.0,25026.740234375
EleutherAI/pythia-70m,128,step128,70426624,6,8,13,2,3,0.009825619868934155,0.0,25026.740234375
EleutherAI/pythia-70m,128,step128,70426624,6,8,13,2,4,0.01253127958625555,0.0,25026.740234375
EleutherAI/pythia-70m,128,step128,70426624,6,8,13,2,5,0.01511696819216013,0.0,25026.740234375
EleutherAI/pythia-70m,128,step128,70426624,6,8,13,2,6,0.015062286518514156,0.0,25026.740234375
EleutherAI/pythia-70m,128,step128,70426624,6,8,13,2,7,0.01301385834813118,0.0,25026.740234375
EleutherAI/pythia-70m,128,step128,70426624,6,8,13,3,0,0.010518049821257591,0.0,25026.740234375
EleutherAI/pythia-70m,128,step128,70426624,6,8,13,3,1,0.013303368352353573,0.0,25026.740234375
EleutherAI/pythia-70m,128,step128,70426624,6,8,13,3,2,0.011245549656450748,0.0,25026.740234375
EleutherAI/pythia-70m,128,step128,70426624,6,8,13,3,3,0.011635923758149147,0.0,25026.740234375
EleutherAI/pythia-70m,128,step128,70426624,6,8,13,3,4,0.014050009660422802,0.0,25026.740234375
EleutherAI/pythia-70m,128,step128,70426624,6,8,13,3,5,0.014352606609463692,0.0,25026.740234375
EleutherAI/pythia-70m,128,step128,70426624,6,8,13,3,6,0.010982530191540718,0.0,25026.740234375
EleutherAI/pythia-70m,128,step128,70426624,6,8,13,3,7,0.01332036778330803,0.0,25026.740234375
EleutherAI/pythia-70m,128,step128,70426624,6,8,13,4,0,0.010033312253654003,0.0,25026.740234375
EleutherAI/pythia-70m,128,step128,70426624,6,8,13,4,1,0.007223902735859156,0.0,25026.740234375
EleutherAI/pythia-70m,128,step128,70426624,6,8,13,4,2,0.011810462921857834,0.0,25026.740234375
EleutherAI/pythia-70m,128,step128,70426624,6,8,13,4,3,0.012282566167414188,0.0,25026.740234375
EleutherAI/pythia-70m,128,step128,70426624,6,8,13,4,4,0.006580635439604521,0.0,25026.740234375
EleutherAI/pythia-70m,128,step128,70426624,6,8,13,4,5,0.007157538086175919,0.0,25026.740234375
EleutherAI/pythia-70m,128,step128,70426624,6,8,13,4,6,0.011183155700564384,0.0,25026.740234375
EleutherAI/pythia-70m,128,step128,70426624,6,8,13,4,7,0.011042766273021698,0.0,25026.740234375
EleutherAI/pythia-70m,128,step128,70426624,6,8,13,5,0,0.01034583430737257,0.0,25026.740234375
EleutherAI/pythia-70m,128,step128,70426624,6,8,13,5,1,0.010461286641657352,0.0,25026.740234375
EleutherAI/pythia-70m,128,step128,70426624,6,8,13,5,2,0.009614630602300167,0.0,25026.740234375
EleutherAI/pythia-70m,128,step128,70426624,6,8,13,5,3,0.012492791749536991,0.0,25026.740234375
EleutherAI/pythia-70m,128,step128,70426624,6,8,13,5,4,0.0064164940267801285,0.0,25026.740234375
EleutherAI/pythia-70m,128,step128,70426624,6,8,13,5,5,0.010993246920406818,0.0,25026.740234375
EleutherAI/pythia-70m,128,step128,70426624,6,8,13,5,6,0.007709067314863205,0.0,25026.740234375
EleutherAI/pythia-70m,128,step128,70426624,6,8,13,5,7,0.007309993728995323,0.0,25026.740234375
EleutherAI/pythia-70m,128,step128,70426624,6,8,14,0,0,0.014133892022073269,0.0,25562.740234375
EleutherAI/pythia-70m,128,step128,70426624,6,8,14,0,1,0.014706533402204514,0.0,25562.740234375
EleutherAI/pythia-70m,128,step128,70426624,6,8,14,0,2,0.014824713580310345,0.0,25562.740234375
EleutherAI/pythia-70m,128,step128,70426624,6,8,14,0,3,0.012298191897571087,0.0,25562.740234375
EleutherAI/pythia-70m,128,step128,70426624,6,8,14,0,4,0.013420796021819115,0.0,25562.740234375
EleutherAI/pythia-70m,128,step128,70426624,6,8,14,0,5,0.012375776655972004,0.0,25562.740234375
EleutherAI/pythia-70m,128,step128,70426624,6,8,14,0,6,0.013384134508669376,0.0,25562.740234375
EleutherAI/pythia-70m,128,step128,70426624,6,8,14,0,7,0.014985186979174614,0.0,25562.740234375
EleutherAI/pythia-70m,128,step128,70426624,6,8,14,1,0,0.012911110185086727,0.0,25562.740234375
EleutherAI/pythia-70m,128,step128,70426624,6,8,14,1,1,0.013946904800832272,0.0,25562.740234375
EleutherAI/pythia-70m,128,step128,70426624,6,8,14,1,2,0.013215468265116215,0.0,25562.740234375
EleutherAI/pythia-70m,128,step128,70426624,6,8,14,1,3,0.01268736831843853,0.0,25562.740234375
EleutherAI/pythia-70m,128,step128,70426624,6,8,14,1,4,0.013650843873620033,0.0,25562.740234375
EleutherAI/pythia-70m,128,step128,70426624,6,8,14,1,5,0.014243178069591522,0.0,25562.740234375
EleutherAI/pythia-70m,128,step128,70426624,6,8,14,1,6,0.01433959137648344,0.0,25562.740234375
EleutherAI/pythia-70m,128,step128,70426624,6,8,14,1,7,0.013552055694162846,0.0,25562.740234375
EleutherAI/pythia-70m,128,step128,70426624,6,8,14,2,0,0.010867717675864697,0.0,25562.740234375
EleutherAI/pythia-70m,128,step128,70426624,6,8,14,2,1,0.011557898484170437,0.0,25562.740234375
EleutherAI/pythia-70m,128,step128,70426624,6,8,14,2,2,0.013310082256793976,0.0,25562.740234375
EleutherAI/pythia-70m,128,step128,70426624,6,8,14,2,3,0.010066377930343151,0.0,25562.740234375
EleutherAI/pythia-70m,128,step128,70426624,6,8,14,2,4,0.01208133902400732,0.0,25562.740234375
EleutherAI/pythia-70m,128,step128,70426624,6,8,14,2,5,0.013005083426833153,0.0,25562.740234375
EleutherAI/pythia-70m,128,step128,70426624,6,8,14,2,6,0.01374263409525156,0.0,25562.740234375
EleutherAI/pythia-70m,128,step128,70426624,6,8,14,2,7,0.01140817441046238,0.0,25562.740234375
EleutherAI/pythia-70m,128,step128,70426624,6,8,14,3,0,0.010462955571711063,0.0,25562.740234375
EleutherAI/pythia-70m,128,step128,70426624,6,8,14,3,1,0.014025051146745682,0.0,25562.740234375
EleutherAI/pythia-70m,128,step128,70426624,6,8,14,3,2,0.011181418783962727,0.0,25562.740234375
EleutherAI/pythia-70m,128,step128,70426624,6,8,14,3,3,0.013830190524458885,0.0,25562.740234375
EleutherAI/pythia-70m,128,step128,70426624,6,8,14,3,4,0.015103251673281193,0.0,25562.740234375
EleutherAI/pythia-70m,128,step128,70426624,6,8,14,3,5,0.013676349073648453,0.0,25562.740234375
EleutherAI/pythia-70m,128,step128,70426624,6,8,14,3,6,0.012365328148007393,0.0,25562.740234375
EleutherAI/pythia-70m,128,step128,70426624,6,8,14,3,7,0.012368297204375267,0.0,25562.740234375
EleutherAI/pythia-70m,128,step128,70426624,6,8,14,4,0,0.009624050930142403,0.0,25562.740234375
EleutherAI/pythia-70m,128,step128,70426624,6,8,14,4,1,0.00788651593029499,0.0,25562.740234375
EleutherAI/pythia-70m,128,step128,70426624,6,8,14,4,2,0.014554448425769806,0.0,25562.740234375
EleutherAI/pythia-70m,128,step128,70426624,6,8,14,4,3,0.011359261348843575,0.0,25562.740234375
EleutherAI/pythia-70m,128,step128,70426624,6,8,14,4,4,0.005766142625361681,0.0,25562.740234375
EleutherAI/pythia-70m,128,step128,70426624,6,8,14,4,5,0.00705429632216692,0.0,25562.740234375
EleutherAI/pythia-70m,128,step128,70426624,6,8,14,4,6,0.011082946322858334,0.0,25562.740234375
EleutherAI/pythia-70m,128,step128,70426624,6,8,14,4,7,0.010787956416606903,0.0,25562.740234375
EleutherAI/pythia-70m,128,step128,70426624,6,8,14,5,0,0.01185675524175167,0.0,25562.740234375
EleutherAI/pythia-70m,128,step128,70426624,6,8,14,5,1,0.010738699696958065,0.0,25562.740234375
EleutherAI/pythia-70m,128,step128,70426624,6,8,14,5,2,0.008748877793550491,0.0,25562.740234375
EleutherAI/pythia-70m,128,step128,70426624,6,8,14,5,3,0.012195724062621593,0.0,25562.740234375
EleutherAI/pythia-70m,128,step128,70426624,6,8,14,5,4,0.007014178670942783,0.0,25562.740234375
EleutherAI/pythia-70m,128,step128,70426624,6,8,14,5,5,0.010989601723849773,0.0,25562.740234375
EleutherAI/pythia-70m,128,step128,70426624,6,8,14,5,6,0.006995789241045713,0.0,25562.740234375
EleutherAI/pythia-70m,128,step128,70426624,6,8,14,5,7,0.006994537077844143,0.0,25562.740234375
EleutherAI/pythia-70m,128,step128,70426624,6,8,15,0,0,0.014278261922299862,0.0,26341.4609375
EleutherAI/pythia-70m,128,step128,70426624,6,8,15,0,1,0.013982653617858887,0.0,26341.4609375
EleutherAI/pythia-70m,128,step128,70426624,6,8,15,0,2,0.01174873672425747,0.0,26341.4609375
EleutherAI/pythia-70m,128,step128,70426624,6,8,15,0,3,0.01310909166932106,0.0,26341.4609375
EleutherAI/pythia-70m,128,step128,70426624,6,8,15,0,4,0.013887057080864906,0.0,26341.4609375
EleutherAI/pythia-70m,128,step128,70426624,6,8,15,0,5,0.0142904007807374,0.0,26341.4609375
EleutherAI/pythia-70m,128,step128,70426624,6,8,15,0,6,0.013622927479445934,0.0,26341.4609375
EleutherAI/pythia-70m,128,step128,70426624,6,8,15,0,7,0.014506294392049313,0.0,26341.4609375
EleutherAI/pythia-70m,128,step128,70426624,6,8,15,1,0,0.013559089042246342,0.0,26341.4609375
EleutherAI/pythia-70m,128,step128,70426624,6,8,15,1,1,0.013301830738782883,0.0,26341.4609375
EleutherAI/pythia-70m,128,step128,70426624,6,8,15,1,2,0.014950809068977833,0.0,26341.4609375
EleutherAI/pythia-70m,128,step128,70426624,6,8,15,1,3,0.012649000622332096,0.0,26341.4609375
EleutherAI/pythia-70m,128,step128,70426624,6,8,15,1,4,0.012317398563027382,0.0,26341.4609375
EleutherAI/pythia-70m,128,step128,70426624,6,8,15,1,5,0.013815679587423801,0.0,26341.4609375
EleutherAI/pythia-70m,128,step128,70426624,6,8,15,1,6,0.014364545233547688,0.0,26341.4609375
EleutherAI/pythia-70m,128,step128,70426624,6,8,15,1,7,0.015184026211500168,0.0,26341.4609375
EleutherAI/pythia-70m,128,step128,70426624,6,8,15,2,0,0.0099659264087677,0.0,26341.4609375
EleutherAI/pythia-70m,128,step128,70426624,6,8,15,2,1,0.013576332479715347,0.0,26341.4609375
EleutherAI/pythia-70m,128,step128,70426624,6,8,15,2,2,0.013724731281399727,0.0,26341.4609375
EleutherAI/pythia-70m,128,step128,70426624,6,8,15,2,3,0.011614620685577393,0.0,26341.4609375
EleutherAI/pythia-70m,128,step128,70426624,6,8,15,2,4,0.012464502826333046,0.0,26341.4609375
EleutherAI/pythia-70m,128,step128,70426624,6,8,15,2,5,0.014401371590793133,0.0,26341.4609375
EleutherAI/pythia-70m,128,step128,70426624,6,8,15,2,6,0.013859058730304241,0.0,26341.4609375
EleutherAI/pythia-70m,128,step128,70426624,6,8,15,2,7,0.012322974391281605,0.0,26341.4609375
EleutherAI/pythia-70m,128,step128,70426624,6,8,15,3,0,0.010600337758660316,0.0,26341.4609375
EleutherAI/pythia-70m,128,step128,70426624,6,8,15,3,1,0.013190162368118763,0.0,26341.4609375
EleutherAI/pythia-70m,128,step128,70426624,6,8,15,3,2,0.012991506606340408,0.0,26341.4609375
EleutherAI/pythia-70m,128,step128,70426624,6,8,15,3,3,0.01208408735692501,0.0,26341.4609375
EleutherAI/pythia-70m,128,step128,70426624,6,8,15,3,4,0.014072340913116932,0.0,26341.4609375
EleutherAI/pythia-70m,128,step128,70426624,6,8,15,3,5,0.013507959432899952,0.0,26341.4609375
EleutherAI/pythia-70m,128,step128,70426624,6,8,15,3,6,0.013129305094480515,0.0,26341.4609375
EleutherAI/pythia-70m,128,step128,70426624,6,8,15,3,7,0.013426149263978004,0.0,26341.4609375
EleutherAI/pythia-70m,128,step128,70426624,6,8,15,4,0,0.010590833611786366,0.0,26341.4609375
EleutherAI/pythia-70m,128,step128,70426624,6,8,15,4,1,0.007730962708592415,0.0,26341.4609375
EleutherAI/pythia-70m,128,step128,70426624,6,8,15,4,2,0.012084266170859337,0.0,26341.4609375
EleutherAI/pythia-70m,128,step128,70426624,6,8,15,4,3,0.013156898319721222,0.0,26341.4609375
EleutherAI/pythia-70m,128,step128,70426624,6,8,15,4,4,0.00838184542953968,0.0,26341.4609375
EleutherAI/pythia-70m,128,step128,70426624,6,8,15,4,5,0.008137805387377739,0.0,26341.4609375
EleutherAI/pythia-70m,128,step128,70426624,6,8,15,4,6,0.012987498193979263,0.0,26341.4609375
EleutherAI/pythia-70m,128,step128,70426624,6,8,15,4,7,0.01294365432113409,0.0,26341.4609375
EleutherAI/pythia-70m,128,step128,70426624,6,8,15,5,0,0.009645985439419746,0.0,26341.4609375
EleutherAI/pythia-70m,128,step128,70426624,6,8,15,5,1,0.010947036556899548,0.0,26341.4609375
EleutherAI/pythia-70m,128,step128,70426624,6,8,15,5,2,0.008735205978155136,0.0,26341.4609375
EleutherAI/pythia-70m,128,step128,70426624,6,8,15,5,3,0.010982837527990341,0.0,26341.4609375
EleutherAI/pythia-70m,128,step128,70426624,6,8,15,5,4,0.008725758641958237,0.0,26341.4609375
EleutherAI/pythia-70m,128,step128,70426624,6,8,15,5,5,0.009617306292057037,0.0,26341.4609375
EleutherAI/pythia-70m,128,step128,70426624,6,8,15,5,6,0.008891735225915909,0.0,26341.4609375
EleutherAI/pythia-70m,128,step128,70426624,6,8,15,5,7,0.00713448878377676,0.0,26341.4609375
EleutherAI/pythia-70m,128,step128,70426624,6,8,16,0,0,0.013327248394489288,0.0,26696.259765625
EleutherAI/pythia-70m,128,step128,70426624,6,8,16,0,1,0.011735060252249241,0.0,26696.259765625
EleutherAI/pythia-70m,128,step128,70426624,6,8,16,0,2,0.01409178413450718,0.0,26696.259765625
EleutherAI/pythia-70m,128,step128,70426624,6,8,16,0,3,0.013745813630521297,0.0,26696.259765625
EleutherAI/pythia-70m,128,step128,70426624,6,8,16,0,4,0.013400268740952015,0.0,26696.259765625
EleutherAI/pythia-70m,128,step128,70426624,6,8,16,0,5,0.014784174039959908,0.0,26696.259765625
EleutherAI/pythia-70m,128,step128,70426624,6,8,16,0,6,0.014131508767604828,0.0,26696.259765625
EleutherAI/pythia-70m,128,step128,70426624,6,8,16,0,7,0.013823073357343674,0.0,26696.259765625
EleutherAI/pythia-70m,128,step128,70426624,6,8,16,1,0,0.011991116218268871,0.0,26696.259765625
EleutherAI/pythia-70m,128,step128,70426624,6,8,16,1,1,0.012542176060378551,0.0,26696.259765625
EleutherAI/pythia-70m,128,step128,70426624,6,8,16,1,2,0.013930955901741982,0.0,26696.259765625
EleutherAI/pythia-70m,128,step128,70426624,6,8,16,1,3,0.013188782148063183,0.0,26696.259765625
EleutherAI/pythia-70m,128,step128,70426624,6,8,16,1,4,0.013730943202972412,0.0,26696.259765625
EleutherAI/pythia-70m,128,step128,70426624,6,8,16,1,5,0.012998372316360474,0.0,26696.259765625
EleutherAI/pythia-70m,128,step128,70426624,6,8,16,1,6,0.013961117714643478,0.0,26696.259765625
EleutherAI/pythia-70m,128,step128,70426624,6,8,16,1,7,0.015313451178371906,0.0,26696.259765625
EleutherAI/pythia-70m,128,step128,70426624,6,8,16,2,0,0.01093700435012579,0.0,26696.259765625
EleutherAI/pythia-70m,128,step128,70426624,6,8,16,2,1,0.013549292460083961,0.0,26696.259765625
EleutherAI/pythia-70m,128,step128,70426624,6,8,16,2,2,0.015392402186989784,0.0,26696.259765625
EleutherAI/pythia-70m,128,step128,70426624,6,8,16,2,3,0.012174677103757858,0.0,26696.259765625
EleutherAI/pythia-70m,128,step128,70426624,6,8,16,2,4,0.013578369282186031,0.0,26696.259765625
EleutherAI/pythia-70m,128,step128,70426624,6,8,16,2,5,0.015156937763094902,0.0,26696.259765625
EleutherAI/pythia-70m,128,step128,70426624,6,8,16,2,6,0.013203594833612442,0.0,26696.259765625
EleutherAI/pythia-70m,128,step128,70426624,6,8,16,2,7,0.0130624333396554,0.0,26696.259765625
EleutherAI/pythia-70m,128,step128,70426624,6,8,16,3,0,0.010418563149869442,0.0,26696.259765625
EleutherAI/pythia-70m,128,step128,70426624,6,8,16,3,1,0.01253944355994463,0.0,26696.259765625
EleutherAI/pythia-70m,128,step128,70426624,6,8,16,3,2,0.011071472428739071,0.0,26696.259765625
EleutherAI/pythia-70m,128,step128,70426624,6,8,16,3,3,0.012705582194030285,0.0,26696.259765625
EleutherAI/pythia-70m,128,step128,70426624,6,8,16,3,4,0.01330299861729145,0.0,26696.259765625
EleutherAI/pythia-70m,128,step128,70426624,6,8,16,3,5,0.013966638594865799,0.0,26696.259765625
EleutherAI/pythia-70m,128,step128,70426624,6,8,16,3,6,0.013322537764906883,0.0,26696.259765625
EleutherAI/pythia-70m,128,step128,70426624,6,8,16,3,7,0.013601813465356827,0.0,26696.259765625
EleutherAI/pythia-70m,128,step128,70426624,6,8,16,4,0,0.010924581438302994,0.0,26696.259765625
EleutherAI/pythia-70m,128,step128,70426624,6,8,16,4,1,0.007915901020169258,0.0,26696.259765625
EleutherAI/pythia-70m,128,step128,70426624,6,8,16,4,2,0.011100657284259796,0.0,26696.259765625
EleutherAI/pythia-70m,128,step128,70426624,6,8,16,4,3,0.012422395870089531,0.0,26696.259765625
EleutherAI/pythia-70m,128,step128,70426624,6,8,16,4,4,0.008269292302429676,0.0,26696.259765625
EleutherAI/pythia-70m,128,step128,70426624,6,8,16,4,5,0.006303869653493166,0.0,26696.259765625
EleutherAI/pythia-70m,128,step128,70426624,6,8,16,4,6,0.012273384258151054,0.0,26696.259765625
EleutherAI/pythia-70m,128,step128,70426624,6,8,16,4,7,0.010758919641375542,0.0,26696.259765625
EleutherAI/pythia-70m,128,step128,70426624,6,8,16,5,0,0.008192384615540504,0.0,26696.259765625
EleutherAI/pythia-70m,128,step128,70426624,6,8,16,5,1,0.010509797371923923,0.0,26696.259765625
EleutherAI/pythia-70m,128,step128,70426624,6,8,16,5,2,0.008675084449350834,0.0,26696.259765625
EleutherAI/pythia-70m,128,step128,70426624,6,8,16,5,3,0.013955828733742237,0.0,26696.259765625
EleutherAI/pythia-70m,128,step128,70426624,6,8,16,5,4,0.008877051062881947,0.0,26696.259765625
EleutherAI/pythia-70m,128,step128,70426624,6,8,16,5,5,0.009476974606513977,0.0,26696.259765625
EleutherAI/pythia-70m,128,step128,70426624,6,8,16,5,6,0.007303701713681221,0.0,26696.259765625
EleutherAI/pythia-70m,128,step128,70426624,6,8,16,5,7,0.007027782965451479,0.0,26696.259765625
EleutherAI/pythia-70m,128,step128,70426624,6,8,17,0,0,0.013555331155657768,0.0,24752.599609375
EleutherAI/pythia-70m,128,step128,70426624,6,8,17,0,1,0.013259398750960827,0.0,24752.599609375
EleutherAI/pythia-70m,128,step128,70426624,6,8,17,0,2,0.012620213441550732,0.0,24752.599609375
EleutherAI/pythia-70m,128,step128,70426624,6,8,17,0,3,0.012841470539569855,0.0,24752.599609375
EleutherAI/pythia-70m,128,step128,70426624,6,8,17,0,4,0.013264873996376991,0.0,24752.599609375
EleutherAI/pythia-70m,128,step128,70426624,6,8,17,0,5,0.014618158340454102,0.0,24752.599609375
EleutherAI/pythia-70m,128,step128,70426624,6,8,17,0,6,0.013479535467922688,0.0,24752.599609375
EleutherAI/pythia-70m,128,step128,70426624,6,8,17,0,7,0.013585846871137619,0.0,24752.599609375
EleutherAI/pythia-70m,128,step128,70426624,6,8,17,1,0,0.013064749538898468,0.0,24752.599609375
EleutherAI/pythia-70m,128,step128,70426624,6,8,17,1,1,0.01403330359607935,0.0,24752.599609375
EleutherAI/pythia-70m,128,step128,70426624,6,8,17,1,2,0.013252734206616879,0.0,24752.599609375
EleutherAI/pythia-70m,128,step128,70426624,6,8,17,1,3,0.01400057040154934,0.0,24752.599609375
EleutherAI/pythia-70m,128,step128,70426624,6,8,17,1,4,0.013560435734689236,0.0,24752.599609375
EleutherAI/pythia-70m,128,step128,70426624,6,8,17,1,5,0.012780409306287766,0.0,24752.599609375
EleutherAI/pythia-70m,128,step128,70426624,6,8,17,1,6,0.012928259558975697,0.0,24752.599609375
EleutherAI/pythia-70m,128,step128,70426624,6,8,17,1,7,0.013542123138904572,0.0,24752.599609375
EleutherAI/pythia-70m,128,step128,70426624,6,8,17,2,0,0.009548462927341461,0.0,24752.599609375
EleutherAI/pythia-70m,128,step128,70426624,6,8,17,2,1,0.014189520850777626,0.0,24752.599609375
EleutherAI/pythia-70m,128,step128,70426624,6,8,17,2,2,0.015190226025879383,0.0,24752.599609375
EleutherAI/pythia-70m,128,step128,70426624,6,8,17,2,3,0.010578790679574013,0.0,24752.599609375
EleutherAI/pythia-70m,128,step128,70426624,6,8,17,2,4,0.013331280089914799,0.0,24752.599609375
EleutherAI/pythia-70m,128,step128,70426624,6,8,17,2,5,0.01300532091408968,0.0,24752.599609375
EleutherAI/pythia-70m,128,step128,70426624,6,8,17,2,6,0.014510036446154118,0.0,24752.599609375
EleutherAI/pythia-70m,128,step128,70426624,6,8,17,2,7,0.013750285841524601,0.0,24752.599609375
EleutherAI/pythia-70m,128,step128,70426624,6,8,17,3,0,0.011473876424133778,0.0,24752.599609375
EleutherAI/pythia-70m,128,step128,70426624,6,8,17,3,1,0.01262730360031128,0.0,24752.599609375
EleutherAI/pythia-70m,128,step128,70426624,6,8,17,3,2,0.010261200368404388,0.0,24752.599609375
EleutherAI/pythia-70m,128,step128,70426624,6,8,17,3,3,0.010668325237929821,0.0,24752.599609375
EleutherAI/pythia-70m,128,step128,70426624,6,8,17,3,4,0.014360921457409859,0.0,24752.599609375
EleutherAI/pythia-70m,128,step128,70426624,6,8,17,3,5,0.013687802478671074,0.0,24752.599609375
EleutherAI/pythia-70m,128,step128,70426624,6,8,17,3,6,0.011283366940915585,0.0,24752.599609375
EleutherAI/pythia-70m,128,step128,70426624,6,8,17,3,7,0.013020465150475502,0.0,24752.599609375
EleutherAI/pythia-70m,128,step128,70426624,6,8,17,4,0,0.009784537367522717,0.0,24752.599609375
EleutherAI/pythia-70m,128,step128,70426624,6,8,17,4,1,0.0070204949006438255,0.0,24752.599609375
EleutherAI/pythia-70m,128,step128,70426624,6,8,17,4,2,0.012911570258438587,0.0,24752.599609375
EleutherAI/pythia-70m,128,step128,70426624,6,8,17,4,3,0.012711725197732449,0.0,24752.599609375
EleutherAI/pythia-70m,128,step128,70426624,6,8,17,4,4,0.00846234243363142,0.0,24752.599609375
EleutherAI/pythia-70m,128,step128,70426624,6,8,17,4,5,0.007522242609411478,0.0,24752.599609375
EleutherAI/pythia-70m,128,step128,70426624,6,8,17,4,6,0.011431989260017872,0.0,24752.599609375
EleutherAI/pythia-70m,128,step128,70426624,6,8,17,4,7,0.010947954840958118,0.0,24752.599609375
EleutherAI/pythia-70m,128,step128,70426624,6,8,17,5,0,0.010053306818008423,0.0,24752.599609375
EleutherAI/pythia-70m,128,step128,70426624,6,8,17,5,1,0.010382368229329586,0.0,24752.599609375
EleutherAI/pythia-70m,128,step128,70426624,6,8,17,5,2,0.009436006657779217,0.0,24752.599609375
EleutherAI/pythia-70m,128,step128,70426624,6,8,17,5,3,0.011472625657916069,0.0,24752.599609375
EleutherAI/pythia-70m,128,step128,70426624,6,8,17,5,4,0.0069206818006932735,0.0,24752.599609375
EleutherAI/pythia-70m,128,step128,70426624,6,8,17,5,5,0.011086243204772472,0.0,24752.599609375
EleutherAI/pythia-70m,128,step128,70426624,6,8,17,5,6,0.007859892211854458,0.0,24752.599609375
EleutherAI/pythia-70m,128,step128,70426624,6,8,17,5,7,0.006646548397839069,0.0,24752.599609375
EleutherAI/pythia-70m,128,step128,70426624,6,8,18,0,0,0.015954559668898582,0.0,26434.580078125
EleutherAI/pythia-70m,128,step128,70426624,6,8,18,0,1,0.013708549551665783,0.0,26434.580078125
EleutherAI/pythia-70m,128,step128,70426624,6,8,18,0,2,0.014138022437691689,0.0,26434.580078125
EleutherAI/pythia-70m,128,step128,70426624,6,8,18,0,3,0.014258529990911484,0.0,26434.580078125
EleutherAI/pythia-70m,128,step128,70426624,6,8,18,0,4,0.014911589212715626,0.0,26434.580078125
EleutherAI/pythia-70m,128,step128,70426624,6,8,18,0,5,0.014466016553342342,0.0,26434.580078125
EleutherAI/pythia-70m,128,step128,70426624,6,8,18,0,6,0.012952161021530628,0.0,26434.580078125
EleutherAI/pythia-70m,128,step128,70426624,6,8,18,0,7,0.014387085102498531,0.0,26434.580078125
EleutherAI/pythia-70m,128,step128,70426624,6,8,18,1,0,0.01307397149503231,0.0,26434.580078125
EleutherAI/pythia-70m,128,step128,70426624,6,8,18,1,1,0.013343541882932186,0.0,26434.580078125
EleutherAI/pythia-70m,128,step128,70426624,6,8,18,1,2,0.013542283326387405,0.0,26434.580078125
EleutherAI/pythia-70m,128,step128,70426624,6,8,18,1,3,0.013792907819151878,0.0,26434.580078125
EleutherAI/pythia-70m,128,step128,70426624,6,8,18,1,4,0.013264435343444347,0.0,26434.580078125
EleutherAI/pythia-70m,128,step128,70426624,6,8,18,1,5,0.013151437044143677,0.0,26434.580078125
EleutherAI/pythia-70m,128,step128,70426624,6,8,18,1,6,0.013086595572531223,0.0,26434.580078125
EleutherAI/pythia-70m,128,step128,70426624,6,8,18,1,7,0.013369526714086533,0.0,26434.580078125
EleutherAI/pythia-70m,128,step128,70426624,6,8,18,2,0,0.011967284604907036,0.0,26434.580078125
EleutherAI/pythia-70m,128,step128,70426624,6,8,18,2,1,0.012621726840734482,0.0,26434.580078125
EleutherAI/pythia-70m,128,step128,70426624,6,8,18,2,2,0.012904418632388115,0.0,26434.580078125
EleutherAI/pythia-70m,128,step128,70426624,6,8,18,2,3,0.011061352677643299,0.0,26434.580078125
EleutherAI/pythia-70m,128,step128,70426624,6,8,18,2,4,0.010997622273862362,0.0,26434.580078125
EleutherAI/pythia-70m,128,step128,70426624,6,8,18,2,5,0.012522152625024319,0.0,26434.580078125
EleutherAI/pythia-70m,128,step128,70426624,6,8,18,2,6,0.013619653880596161,0.0,26434.580078125
EleutherAI/pythia-70m,128,step128,70426624,6,8,18,2,7,0.011229727417230606,0.0,26434.580078125
EleutherAI/pythia-70m,128,step128,70426624,6,8,18,3,0,0.010652159340679646,0.0,26434.580078125
EleutherAI/pythia-70m,128,step128,70426624,6,8,18,3,1,0.011581877246499062,0.0,26434.580078125
EleutherAI/pythia-70m,128,step128,70426624,6,8,18,3,2,0.010990929789841175,0.0,26434.580078125
EleutherAI/pythia-70m,128,step128,70426624,6,8,18,3,3,0.01420657429844141,0.0,26434.580078125
EleutherAI/pythia-70m,128,step128,70426624,6,8,18,3,4,0.013181764632463455,0.0,26434.580078125
EleutherAI/pythia-70m,128,step128,70426624,6,8,18,3,5,0.015399660915136337,0.0,26434.580078125
EleutherAI/pythia-70m,128,step128,70426624,6,8,18,3,6,0.01325765810906887,0.0,26434.580078125
EleutherAI/pythia-70m,128,step128,70426624,6,8,18,3,7,0.01274451520293951,0.0,26434.580078125
EleutherAI/pythia-70m,128,step128,70426624,6,8,18,4,0,0.010462663136422634,0.0,26434.580078125
EleutherAI/pythia-70m,128,step128,70426624,6,8,18,4,1,0.009050163440406322,0.0,26434.580078125
EleutherAI/pythia-70m,128,step128,70426624,6,8,18,4,2,0.010424421168863773,0.0,26434.580078125
EleutherAI/pythia-70m,128,step128,70426624,6,8,18,4,3,0.012282618321478367,0.0,26434.580078125
EleutherAI/pythia-70m,128,step128,70426624,6,8,18,4,4,0.008727848529815674,0.0,26434.580078125
EleutherAI/pythia-70m,128,step128,70426624,6,8,18,4,5,0.0073540909215807915,0.0,26434.580078125
EleutherAI/pythia-70m,128,step128,70426624,6,8,18,4,6,0.012399437837302685,0.0,26434.580078125
EleutherAI/pythia-70m,128,step128,70426624,6,8,18,4,7,0.011291038244962692,0.0,26434.580078125
EleutherAI/pythia-70m,128,step128,70426624,6,8,18,5,0,0.010301589965820312,0.0,26434.580078125
EleutherAI/pythia-70m,128,step128,70426624,6,8,18,5,1,0.010832023806869984,0.0,26434.580078125
EleutherAI/pythia-70m,128,step128,70426624,6,8,18,5,2,0.008898898027837276,0.0,26434.580078125
EleutherAI/pythia-70m,128,step128,70426624,6,8,18,5,3,0.013239097781479359,0.0,26434.580078125
EleutherAI/pythia-70m,128,step128,70426624,6,8,18,5,4,0.008476687595248222,0.0,26434.580078125
EleutherAI/pythia-70m,128,step128,70426624,6,8,18,5,5,0.010516461916267872,0.0,26434.580078125
EleutherAI/pythia-70m,128,step128,70426624,6,8,18,5,6,0.007209412287920713,0.0,26434.580078125
EleutherAI/pythia-70m,128,step128,70426624,6,8,18,5,7,0.007445222698152065,0.0,26434.580078125
EleutherAI/pythia-70m,128,step128,70426624,6,8,19,0,0,0.01659807190299034,0.0,25166.880859375
EleutherAI/pythia-70m,128,step128,70426624,6,8,19,0,1,0.013391179032623768,0.0,25166.880859375
EleutherAI/pythia-70m,128,step128,70426624,6,8,19,0,2,0.013479847460985184,0.0,25166.880859375
EleutherAI/pythia-70m,128,step128,70426624,6,8,19,0,3,0.012250619009137154,0.0,25166.880859375
EleutherAI/pythia-70m,128,step128,70426624,6,8,19,0,4,0.013418363407254219,0.0,25166.880859375
EleutherAI/pythia-70m,128,step128,70426624,6,8,19,0,5,0.014764622785151005,0.0,25166.880859375
EleutherAI/pythia-70m,128,step128,70426624,6,8,19,0,6,0.014330314472317696,0.0,25166.880859375
EleutherAI/pythia-70m,128,step128,70426624,6,8,19,0,7,0.013804476708173752,0.0,25166.880859375
EleutherAI/pythia-70m,128,step128,70426624,6,8,19,1,0,0.013488608412444592,0.0,25166.880859375
EleutherAI/pythia-70m,128,step128,70426624,6,8,19,1,1,0.013240348547697067,0.0,25166.880859375
EleutherAI/pythia-70m,128,step128,70426624,6,8,19,1,2,0.012382086366415024,0.0,25166.880859375
EleutherAI/pythia-70m,128,step128,70426624,6,8,19,1,3,0.013131010346114635,0.0,25166.880859375
EleutherAI/pythia-70m,128,step128,70426624,6,8,19,1,4,0.012666446156799793,0.0,25166.880859375
EleutherAI/pythia-70m,128,step128,70426624,6,8,19,1,5,0.013162915594875813,0.0,25166.880859375
EleutherAI/pythia-70m,128,step128,70426624,6,8,19,1,6,0.014856774359941483,0.0,25166.880859375
EleutherAI/pythia-70m,128,step128,70426624,6,8,19,1,7,0.014709371142089367,0.0,25166.880859375
EleutherAI/pythia-70m,128,step128,70426624,6,8,19,2,0,0.011852636002004147,0.0,25166.880859375
EleutherAI/pythia-70m,128,step128,70426624,6,8,19,2,1,0.013066882267594337,0.0,25166.880859375
EleutherAI/pythia-70m,128,step128,70426624,6,8,19,2,2,0.01325108204036951,0.0,25166.880859375
EleutherAI/pythia-70m,128,step128,70426624,6,8,19,2,3,0.012514160946011543,0.0,25166.880859375
EleutherAI/pythia-70m,128,step128,70426624,6,8,19,2,4,0.014582171104848385,0.0,25166.880859375
EleutherAI/pythia-70m,128,step128,70426624,6,8,19,2,5,0.012758257798850536,0.0,25166.880859375
EleutherAI/pythia-70m,128,step128,70426624,6,8,19,2,6,0.012571343220770359,0.0,25166.880859375
EleutherAI/pythia-70m,128,step128,70426624,6,8,19,2,7,0.012808726169168949,0.0,25166.880859375
EleutherAI/pythia-70m,128,step128,70426624,6,8,19,3,0,0.012017471715807915,0.0,25166.880859375
EleutherAI/pythia-70m,128,step128,70426624,6,8,19,3,1,0.011394180357456207,0.0,25166.880859375
EleutherAI/pythia-70m,128,step128,70426624,6,8,19,3,2,0.01203862577676773,0.0,25166.880859375
EleutherAI/pythia-70m,128,step128,70426624,6,8,19,3,3,0.012027665041387081,0.0,25166.880859375
EleutherAI/pythia-70m,128,step128,70426624,6,8,19,3,4,0.015546980313956738,0.0,25166.880859375
EleutherAI/pythia-70m,128,step128,70426624,6,8,19,3,5,0.012667307630181313,0.0,25166.880859375
EleutherAI/pythia-70m,128,step128,70426624,6,8,19,3,6,0.012335547246038914,0.0,25166.880859375
EleutherAI/pythia-70m,128,step128,70426624,6,8,19,3,7,0.01399281993508339,0.0,25166.880859375
EleutherAI/pythia-70m,128,step128,70426624,6,8,19,4,0,0.011970213614404202,0.0,25166.880859375
EleutherAI/pythia-70m,128,step128,70426624,6,8,19,4,1,0.007022279314696789,0.0,25166.880859375
EleutherAI/pythia-70m,128,step128,70426624,6,8,19,4,2,0.011378070339560509,0.0,25166.880859375
EleutherAI/pythia-70m,128,step128,70426624,6,8,19,4,3,0.010799882002174854,0.0,25166.880859375
EleutherAI/pythia-70m,128,step128,70426624,6,8,19,4,4,0.008210810832679272,0.0,25166.880859375
EleutherAI/pythia-70m,128,step128,70426624,6,8,19,4,5,0.008899874985218048,0.0,25166.880859375
EleutherAI/pythia-70m,128,step128,70426624,6,8,19,4,6,0.012657382525503635,0.0,25166.880859375
EleutherAI/pythia-70m,128,step128,70426624,6,8,19,4,7,0.01041638758033514,0.0,25166.880859375
EleutherAI/pythia-70m,128,step128,70426624,6,8,19,5,0,0.009883249178528786,0.0,25166.880859375
EleutherAI/pythia-70m,128,step128,70426624,6,8,19,5,1,0.010455864481627941,0.0,25166.880859375
EleutherAI/pythia-70m,128,step128,70426624,6,8,19,5,2,0.00940362736582756,0.0,25166.880859375
EleutherAI/pythia-70m,128,step128,70426624,6,8,19,5,3,0.011452507227659225,0.0,25166.880859375
EleutherAI/pythia-70m,128,step128,70426624,6,8,19,5,4,0.00939792487770319,0.0,25166.880859375
EleutherAI/pythia-70m,128,step128,70426624,6,8,19,5,5,0.011960254982113838,0.0,25166.880859375
EleutherAI/pythia-70m,128,step128,70426624,6,8,19,5,6,0.0077619231306016445,0.0,25166.880859375
EleutherAI/pythia-70m,128,step128,70426624,6,8,19,5,7,0.008807612583041191,0.0,25166.880859375
EleutherAI/pythia-70m,128,step128,70426624,6,8,20,0,0,0.014654739759862423,0.0,23141.740234375
EleutherAI/pythia-70m,128,step128,70426624,6,8,20,0,1,0.014284896664321423,0.0,23141.740234375
EleutherAI/pythia-70m,128,step128,70426624,6,8,20,0,2,0.01371833123266697,0.0,23141.740234375
EleutherAI/pythia-70m,128,step128,70426624,6,8,20,0,3,0.01463902834802866,0.0,23141.740234375
EleutherAI/pythia-70m,128,step128,70426624,6,8,20,0,4,0.014517493546009064,0.0,23141.740234375
EleutherAI/pythia-70m,128,step128,70426624,6,8,20,0,5,0.0130613399669528,0.0,23141.740234375
EleutherAI/pythia-70m,128,step128,70426624,6,8,20,0,6,0.013890418224036694,0.0,23141.740234375
EleutherAI/pythia-70m,128,step128,70426624,6,8,20,0,7,0.014425989240407944,0.0,23141.740234375
EleutherAI/pythia-70m,128,step128,70426624,6,8,20,1,0,0.011817310936748981,0.0,23141.740234375
EleutherAI/pythia-70m,128,step128,70426624,6,8,20,1,1,0.014375953935086727,0.0,23141.740234375
EleutherAI/pythia-70m,128,step128,70426624,6,8,20,1,2,0.0124370027333498,0.0,23141.740234375
EleutherAI/pythia-70m,128,step128,70426624,6,8,20,1,3,0.014166271314024925,0.0,23141.740234375
EleutherAI/pythia-70m,128,step128,70426624,6,8,20,1,4,0.01201714389026165,0.0,23141.740234375
EleutherAI/pythia-70m,128,step128,70426624,6,8,20,1,5,0.013887493871152401,0.0,23141.740234375
EleutherAI/pythia-70m,128,step128,70426624,6,8,20,1,6,0.013241286389529705,0.0,23141.740234375
EleutherAI/pythia-70m,128,step128,70426624,6,8,20,1,7,0.013286149129271507,0.0,23141.740234375
EleutherAI/pythia-70m,128,step128,70426624,6,8,20,2,0,0.011757442727684975,0.0,23141.740234375
EleutherAI/pythia-70m,128,step128,70426624,6,8,20,2,1,0.01353023573756218,0.0,23141.740234375
EleutherAI/pythia-70m,128,step128,70426624,6,8,20,2,2,0.015779687091708183,0.0,23141.740234375
EleutherAI/pythia-70m,128,step128,70426624,6,8,20,2,3,0.011076340451836586,0.0,23141.740234375
EleutherAI/pythia-70m,128,step128,70426624,6,8,20,2,4,0.01455209031701088,0.0,23141.740234375
EleutherAI/pythia-70m,128,step128,70426624,6,8,20,2,5,0.014207255095243454,0.0,23141.740234375
EleutherAI/pythia-70m,128,step128,70426624,6,8,20,2,6,0.015371887944638729,0.0,23141.740234375
EleutherAI/pythia-70m,128,step128,70426624,6,8,20,2,7,0.012437991797924042,0.0,23141.740234375
EleutherAI/pythia-70m,128,step128,70426624,6,8,20,3,0,0.011060030199587345,0.0,23141.740234375
EleutherAI/pythia-70m,128,step128,70426624,6,8,20,3,1,0.014786148443818092,0.0,23141.740234375
EleutherAI/pythia-70m,128,step128,70426624,6,8,20,3,2,0.010198313742876053,0.0,23141.740234375
EleutherAI/pythia-70m,128,step128,70426624,6,8,20,3,3,0.012380539439618587,0.0,23141.740234375
EleutherAI/pythia-70m,128,step128,70426624,6,8,20,3,4,0.013674663379788399,0.0,23141.740234375
EleutherAI/pythia-70m,128,step128,70426624,6,8,20,3,5,0.012687680311501026,0.0,23141.740234375
EleutherAI/pythia-70m,128,step128,70426624,6,8,20,3,6,0.01194032747298479,0.0,23141.740234375
EleutherAI/pythia-70m,128,step128,70426624,6,8,20,3,7,0.011725088581442833,0.0,23141.740234375
EleutherAI/pythia-70m,128,step128,70426624,6,8,20,4,0,0.010512139648199081,0.0,23141.740234375
EleutherAI/pythia-70m,128,step128,70426624,6,8,20,4,1,0.007689597550779581,0.0,23141.740234375
EleutherAI/pythia-70m,128,step128,70426624,6,8,20,4,2,0.015428265556693077,0.0,23141.740234375
EleutherAI/pythia-70m,128,step128,70426624,6,8,20,4,3,0.013670104555785656,0.0,23141.740234375
EleutherAI/pythia-70m,128,step128,70426624,6,8,20,4,4,0.008054666221141815,0.0,23141.740234375
EleutherAI/pythia-70m,128,step128,70426624,6,8,20,4,5,0.008702936582267284,0.0,23141.740234375
EleutherAI/pythia-70m,128,step128,70426624,6,8,20,4,6,0.012520411051809788,0.0,23141.740234375
EleutherAI/pythia-70m,128,step128,70426624,6,8,20,4,7,0.01067867036908865,0.0,23141.740234375
EleutherAI/pythia-70m,128,step128,70426624,6,8,20,5,0,0.008983018808066845,0.0,23141.740234375
EleutherAI/pythia-70m,128,step128,70426624,6,8,20,5,1,0.010687047615647316,0.0,23141.740234375
EleutherAI/pythia-70m,128,step128,70426624,6,8,20,5,2,0.010868365876376629,0.0,23141.740234375
EleutherAI/pythia-70m,128,step128,70426624,6,8,20,5,3,0.010879633016884327,0.0,23141.740234375
EleutherAI/pythia-70m,128,step128,70426624,6,8,20,5,4,0.008722435683012009,0.0,23141.740234375
EleutherAI/pythia-70m,128,step128,70426624,6,8,20,5,5,0.009972172789275646,0.0,23141.740234375
EleutherAI/pythia-70m,128,step128,70426624,6,8,20,5,6,0.007197247818112373,0.0,23141.740234375
EleutherAI/pythia-70m,128,step128,70426624,6,8,20,5,7,0.006225298158824444,0.0,23141.740234375
EleutherAI/pythia-70m,128,step128,70426624,6,8,21,0,0,0.014034896157681942,0.0,25260.1796875
EleutherAI/pythia-70m,128,step128,70426624,6,8,21,0,1,0.0118375513702631,0.0,25260.1796875
EleutherAI/pythia-70m,128,step128,70426624,6,8,21,0,2,0.014519399031996727,0.0,25260.1796875
EleutherAI/pythia-70m,128,step128,70426624,6,8,21,0,3,0.014718104153871536,0.0,25260.1796875
EleutherAI/pythia-70m,128,step128,70426624,6,8,21,0,4,0.014518127776682377,0.0,25260.1796875
EleutherAI/pythia-70m,128,step128,70426624,6,8,21,0,5,0.015682648867368698,0.0,25260.1796875
EleutherAI/pythia-70m,128,step128,70426624,6,8,21,0,6,0.013825906440615654,0.0,25260.1796875
EleutherAI/pythia-70m,128,step128,70426624,6,8,21,0,7,0.013163954950869083,0.0,25260.1796875
EleutherAI/pythia-70m,128,step128,70426624,6,8,21,1,0,0.011636964976787567,0.0,25260.1796875
EleutherAI/pythia-70m,128,step128,70426624,6,8,21,1,1,0.014464912004768848,0.0,25260.1796875
EleutherAI/pythia-70m,128,step128,70426624,6,8,21,1,2,0.012515411712229252,0.0,25260.1796875
EleutherAI/pythia-70m,128,step128,70426624,6,8,21,1,3,0.012848257087171078,0.0,25260.1796875
EleutherAI/pythia-70m,128,step128,70426624,6,8,21,1,4,0.012503270991146564,0.0,25260.1796875
EleutherAI/pythia-70m,128,step128,70426624,6,8,21,1,5,0.012782890349626541,0.0,25260.1796875
EleutherAI/pythia-70m,128,step128,70426624,6,8,21,1,6,0.013937597163021564,0.0,25260.1796875
EleutherAI/pythia-70m,128,step128,70426624,6,8,21,1,7,0.014018649235367775,0.0,25260.1796875
EleutherAI/pythia-70m,128,step128,70426624,6,8,21,2,0,0.011275313794612885,0.0,25260.1796875
EleutherAI/pythia-70m,128,step128,70426624,6,8,21,2,1,0.014455591328442097,0.0,25260.1796875
EleutherAI/pythia-70m,128,step128,70426624,6,8,21,2,2,0.013464036397635937,0.0,25260.1796875
EleutherAI/pythia-70m,128,step128,70426624,6,8,21,2,3,0.009205766953527927,0.0,25260.1796875
EleutherAI/pythia-70m,128,step128,70426624,6,8,21,2,4,0.0128103569149971,0.0,25260.1796875
EleutherAI/pythia-70m,128,step128,70426624,6,8,21,2,5,0.011342811398208141,0.0,25260.1796875
EleutherAI/pythia-70m,128,step128,70426624,6,8,21,2,6,0.01432831771671772,0.0,25260.1796875
EleutherAI/pythia-70m,128,step128,70426624,6,8,21,2,7,0.013075446709990501,0.0,25260.1796875
EleutherAI/pythia-70m,128,step128,70426624,6,8,21,3,0,0.010268473997712135,0.0,25260.1796875
EleutherAI/pythia-70m,128,step128,70426624,6,8,21,3,1,0.012235555797815323,0.0,25260.1796875
EleutherAI/pythia-70m,128,step128,70426624,6,8,21,3,2,0.012758875265717506,0.0,25260.1796875
EleutherAI/pythia-70m,128,step128,70426624,6,8,21,3,3,0.014513889327645302,0.0,25260.1796875
EleutherAI/pythia-70m,128,step128,70426624,6,8,21,3,4,0.01426244992762804,0.0,25260.1796875
EleutherAI/pythia-70m,128,step128,70426624,6,8,21,3,5,0.01279529370367527,0.0,25260.1796875
EleutherAI/pythia-70m,128,step128,70426624,6,8,21,3,6,0.012448213063180447,0.0,25260.1796875
EleutherAI/pythia-70m,128,step128,70426624,6,8,21,3,7,0.013711057603359222,0.0,25260.1796875
EleutherAI/pythia-70m,128,step128,70426624,6,8,21,4,0,0.010439885780215263,0.0,25260.1796875
EleutherAI/pythia-70m,128,step128,70426624,6,8,21,4,1,0.007847938686609268,0.0,25260.1796875
EleutherAI/pythia-70m,128,step128,70426624,6,8,21,4,2,0.008976896293461323,0.0,25260.1796875
EleutherAI/pythia-70m,128,step128,70426624,6,8,21,4,3,0.014049120247364044,0.0,25260.1796875
EleutherAI/pythia-70m,128,step128,70426624,6,8,21,4,4,0.007869325578212738,0.0,25260.1796875
EleutherAI/pythia-70m,128,step128,70426624,6,8,21,4,5,0.01071703340858221,0.0,25260.1796875
EleutherAI/pythia-70m,128,step128,70426624,6,8,21,4,6,0.01114511489868164,0.0,25260.1796875
EleutherAI/pythia-70m,128,step128,70426624,6,8,21,4,7,0.01092671137303114,0.0,25260.1796875
EleutherAI/pythia-70m,128,step128,70426624,6,8,21,5,0,0.008627448230981827,0.0,25260.1796875
EleutherAI/pythia-70m,128,step128,70426624,6,8,21,5,1,0.009522969834506512,0.0,25260.1796875
EleutherAI/pythia-70m,128,step128,70426624,6,8,21,5,2,0.009543458931148052,0.0,25260.1796875
EleutherAI/pythia-70m,128,step128,70426624,6,8,21,5,3,0.011440224945545197,0.0,25260.1796875
EleutherAI/pythia-70m,128,step128,70426624,6,8,21,5,4,0.007966930978000164,0.0,25260.1796875
EleutherAI/pythia-70m,128,step128,70426624,6,8,21,5,5,0.010871057398617268,0.0,25260.1796875
EleutherAI/pythia-70m,128,step128,70426624,6,8,21,5,6,0.007466746494174004,0.0,25260.1796875
EleutherAI/pythia-70m,128,step128,70426624,6,8,21,5,7,0.007522708736360073,0.0,25260.1796875
EleutherAI/pythia-70m,128,step128,70426624,6,8,22,0,0,0.012830128893256187,0.0,25285.140625
EleutherAI/pythia-70m,128,step128,70426624,6,8,22,0,1,0.013922342099249363,0.0,25285.140625
EleutherAI/pythia-70m,128,step128,70426624,6,8,22,0,2,0.012247033417224884,0.0,25285.140625
EleutherAI/pythia-70m,128,step128,70426624,6,8,22,0,3,0.013744608499109745,0.0,25285.140625
EleutherAI/pythia-70m,128,step128,70426624,6,8,22,0,4,0.013372713699936867,0.0,25285.140625
EleutherAI/pythia-70m,128,step128,70426624,6,8,22,0,5,0.012200708501040936,0.0,25285.140625
EleutherAI/pythia-70m,128,step128,70426624,6,8,22,0,6,0.013717898167669773,0.0,25285.140625
EleutherAI/pythia-70m,128,step128,70426624,6,8,22,0,7,0.014261500909924507,0.0,25285.140625
EleutherAI/pythia-70m,128,step128,70426624,6,8,22,1,0,0.01275528222322464,0.0,25285.140625
EleutherAI/pythia-70m,128,step128,70426624,6,8,22,1,1,0.012652549892663956,0.0,25285.140625
EleutherAI/pythia-70m,128,step128,70426624,6,8,22,1,2,0.013104578480124474,0.0,25285.140625
EleutherAI/pythia-70m,128,step128,70426624,6,8,22,1,3,0.012558512389659882,0.0,25285.140625
EleutherAI/pythia-70m,128,step128,70426624,6,8,22,1,4,0.013379049487411976,0.0,25285.140625
EleutherAI/pythia-70m,128,step128,70426624,6,8,22,1,5,0.013289052061736584,0.0,25285.140625
EleutherAI/pythia-70m,128,step128,70426624,6,8,22,1,6,0.015492396429181099,0.0,25285.140625
EleutherAI/pythia-70m,128,step128,70426624,6,8,22,1,7,0.013313191011548042,0.0,25285.140625
EleutherAI/pythia-70m,128,step128,70426624,6,8,22,2,0,0.009189015254378319,0.0,25285.140625
EleutherAI/pythia-70m,128,step128,70426624,6,8,22,2,1,0.013197357766330242,0.0,25285.140625
EleutherAI/pythia-70m,128,step128,70426624,6,8,22,2,2,0.012892105616629124,0.0,25285.140625
EleutherAI/pythia-70m,128,step128,70426624,6,8,22,2,3,0.01151162851601839,0.0,25285.140625
EleutherAI/pythia-70m,128,step128,70426624,6,8,22,2,4,0.013688217848539352,0.0,25285.140625
EleutherAI/pythia-70m,128,step128,70426624,6,8,22,2,5,0.014020371250808239,0.0,25285.140625
EleutherAI/pythia-70m,128,step128,70426624,6,8,22,2,6,0.011930294334888458,0.0,25285.140625
EleutherAI/pythia-70m,128,step128,70426624,6,8,22,2,7,0.012998628430068493,0.0,25285.140625
EleutherAI/pythia-70m,128,step128,70426624,6,8,22,3,0,0.0096743144094944,0.0,25285.140625
EleutherAI/pythia-70m,128,step128,70426624,6,8,22,3,1,0.013722210191190243,0.0,25285.140625
EleutherAI/pythia-70m,128,step128,70426624,6,8,22,3,2,0.012402785010635853,0.0,25285.140625
EleutherAI/pythia-70m,128,step128,70426624,6,8,22,3,3,0.011985618621110916,0.0,25285.140625
EleutherAI/pythia-70m,128,step128,70426624,6,8,22,3,4,0.01604425348341465,0.0,25285.140625
EleutherAI/pythia-70m,128,step128,70426624,6,8,22,3,5,0.014722696505486965,0.0,25285.140625
EleutherAI/pythia-70m,128,step128,70426624,6,8,22,3,6,0.012040599249303341,0.0,25285.140625
EleutherAI/pythia-70m,128,step128,70426624,6,8,22,3,7,0.012922185473144054,0.0,25285.140625
EleutherAI/pythia-70m,128,step128,70426624,6,8,22,4,0,0.011477239429950714,0.0,25285.140625
EleutherAI/pythia-70m,128,step128,70426624,6,8,22,4,1,0.007585139945149422,0.0,25285.140625
EleutherAI/pythia-70m,128,step128,70426624,6,8,22,4,2,0.01147819310426712,0.0,25285.140625
EleutherAI/pythia-70m,128,step128,70426624,6,8,22,4,3,0.01163120474666357,0.0,25285.140625
EleutherAI/pythia-70m,128,step128,70426624,6,8,22,4,4,0.009585944935679436,0.0,25285.140625
EleutherAI/pythia-70m,128,step128,70426624,6,8,22,4,5,0.006783696822822094,0.0,25285.140625
EleutherAI/pythia-70m,128,step128,70426624,6,8,22,4,6,0.010659823194146156,0.0,25285.140625
EleutherAI/pythia-70m,128,step128,70426624,6,8,22,4,7,0.011599371209740639,0.0,25285.140625
EleutherAI/pythia-70m,128,step128,70426624,6,8,22,5,0,0.011056230403482914,0.0,25285.140625
EleutherAI/pythia-70m,128,step128,70426624,6,8,22,5,1,0.010207772254943848,0.0,25285.140625
EleutherAI/pythia-70m,128,step128,70426624,6,8,22,5,2,0.008723441511392593,0.0,25285.140625
EleutherAI/pythia-70m,128,step128,70426624,6,8,22,5,3,0.009594456292688847,0.0,25285.140625
EleutherAI/pythia-70m,128,step128,70426624,6,8,22,5,4,0.007506227120757103,0.0,25285.140625
EleutherAI/pythia-70m,128,step128,70426624,6,8,22,5,5,0.010593762621283531,0.0,25285.140625
EleutherAI/pythia-70m,128,step128,70426624,6,8,22,5,6,0.009691114537417889,0.0,25285.140625
EleutherAI/pythia-70m,128,step128,70426624,6,8,22,5,7,0.007421055343002081,0.0,25285.140625
EleutherAI/pythia-70m,128,step128,70426624,6,8,23,0,0,0.014129221439361572,0.0,20046.6796875
EleutherAI/pythia-70m,128,step128,70426624,6,8,23,0,1,0.014422159641981125,0.0,20046.6796875
EleutherAI/pythia-70m,128,step128,70426624,6,8,23,0,2,0.013511297293007374,0.0,20046.6796875
EleutherAI/pythia-70m,128,step128,70426624,6,8,23,0,3,0.013674008660018444,0.0,20046.6796875
EleutherAI/pythia-70m,128,step128,70426624,6,8,23,0,4,0.014603393152356148,0.0,20046.6796875
EleutherAI/pythia-70m,128,step128,70426624,6,8,23,0,5,0.014249981380999088,0.0,20046.6796875
EleutherAI/pythia-70m,128,step128,70426624,6,8,23,0,6,0.014044663868844509,0.0,20046.6796875
EleutherAI/pythia-70m,128,step128,70426624,6,8,23,0,7,0.014025802724063396,0.0,20046.6796875
EleutherAI/pythia-70m,128,step128,70426624,6,8,23,1,0,0.012698019854724407,0.0,20046.6796875
EleutherAI/pythia-70m,128,step128,70426624,6,8,23,1,1,0.011401592753827572,0.0,20046.6796875
EleutherAI/pythia-70m,128,step128,70426624,6,8,23,1,2,0.013129842467606068,0.0,20046.6796875
EleutherAI/pythia-70m,128,step128,70426624,6,8,23,1,3,0.015248528681695461,0.0,20046.6796875
EleutherAI/pythia-70m,128,step128,70426624,6,8,23,1,4,0.01347837783396244,0.0,20046.6796875
EleutherAI/pythia-70m,128,step128,70426624,6,8,23,1,5,0.014449094422161579,0.0,20046.6796875
EleutherAI/pythia-70m,128,step128,70426624,6,8,23,1,6,0.012589458376169205,0.0,20046.6796875
EleutherAI/pythia-70m,128,step128,70426624,6,8,23,1,7,0.013013881631195545,0.0,20046.6796875
EleutherAI/pythia-70m,128,step128,70426624,6,8,23,2,0,0.011322634294629097,0.0,20046.6796875
EleutherAI/pythia-70m,128,step128,70426624,6,8,23,2,1,0.012526724487543106,0.0,20046.6796875
EleutherAI/pythia-70m,128,step128,70426624,6,8,23,2,2,0.013152355328202248,0.0,20046.6796875
EleutherAI/pythia-70m,128,step128,70426624,6,8,23,2,3,0.012001528404653072,0.0,20046.6796875
EleutherAI/pythia-70m,128,step128,70426624,6,8,23,2,4,0.014453968964517117,0.0,20046.6796875
EleutherAI/pythia-70m,128,step128,70426624,6,8,23,2,5,0.012128626927733421,0.0,20046.6796875
EleutherAI/pythia-70m,128,step128,70426624,6,8,23,2,6,0.013713167048990726,0.0,20046.6796875
EleutherAI/pythia-70m,128,step128,70426624,6,8,23,2,7,0.012003282085061073,0.0,20046.6796875
EleutherAI/pythia-70m,128,step128,70426624,6,8,23,3,0,0.012959032319486141,0.0,20046.6796875
EleutherAI/pythia-70m,128,step128,70426624,6,8,23,3,1,0.012318436987698078,0.0,20046.6796875
EleutherAI/pythia-70m,128,step128,70426624,6,8,23,3,2,0.01121541578322649,0.0,20046.6796875
EleutherAI/pythia-70m,128,step128,70426624,6,8,23,3,3,0.012450468726456165,0.0,20046.6796875
EleutherAI/pythia-70m,128,step128,70426624,6,8,23,3,4,0.01337148156017065,0.0,20046.6796875
EleutherAI/pythia-70m,128,step128,70426624,6,8,23,3,5,0.012869009748101234,0.0,20046.6796875
EleutherAI/pythia-70m,128,step128,70426624,6,8,23,3,6,0.011119270697236061,0.0,20046.6796875
EleutherAI/pythia-70m,128,step128,70426624,6,8,23,3,7,0.013078120537102222,0.0,20046.6796875
EleutherAI/pythia-70m,128,step128,70426624,6,8,23,4,0,0.010173928923904896,0.0,20046.6796875
EleutherAI/pythia-70m,128,step128,70426624,6,8,23,4,1,0.010620011016726494,0.0,20046.6796875
EleutherAI/pythia-70m,128,step128,70426624,6,8,23,4,2,0.011750242672860622,0.0,20046.6796875
EleutherAI/pythia-70m,128,step128,70426624,6,8,23,4,3,0.011857994832098484,0.0,20046.6796875
EleutherAI/pythia-70m,128,step128,70426624,6,8,23,4,4,0.007336391601711512,0.0,20046.6796875
EleutherAI/pythia-70m,128,step128,70426624,6,8,23,4,5,0.007157223764806986,0.0,20046.6796875
EleutherAI/pythia-70m,128,step128,70426624,6,8,23,4,6,0.010669553652405739,0.0,20046.6796875
EleutherAI/pythia-70m,128,step128,70426624,6,8,23,4,7,0.011945477686822414,0.0,20046.6796875
EleutherAI/pythia-70m,128,step128,70426624,6,8,23,5,0,0.008078410290181637,0.0,20046.6796875
EleutherAI/pythia-70m,128,step128,70426624,6,8,23,5,1,0.01106678694486618,0.0,20046.6796875
EleutherAI/pythia-70m,128,step128,70426624,6,8,23,5,2,0.010532967746257782,0.0,20046.6796875
EleutherAI/pythia-70m,128,step128,70426624,6,8,23,5,3,0.009170575998723507,0.0,20046.6796875
EleutherAI/pythia-70m,128,step128,70426624,6,8,23,5,4,0.009983772411942482,0.0,20046.6796875
EleutherAI/pythia-70m,128,step128,70426624,6,8,23,5,5,0.01072548609226942,0.0,20046.6796875
EleutherAI/pythia-70m,128,step128,70426624,6,8,23,5,6,0.007175263017416,0.0,20046.6796875
EleutherAI/pythia-70m,128,step128,70426624,6,8,23,5,7,0.007126434240490198,0.0,20046.6796875
EleutherAI/pythia-70m,128,step128,70426624,6,8,24,0,0,0.012928511947393417,0.0,27199.1796875
EleutherAI/pythia-70m,128,step128,70426624,6,8,24,0,1,0.012382596731185913,0.0,27199.1796875
EleutherAI/pythia-70m,128,step128,70426624,6,8,24,0,2,0.013886204920709133,0.0,27199.1796875
EleutherAI/pythia-70m,128,step128,70426624,6,8,24,0,3,0.013076342642307281,0.0,27199.1796875
EleutherAI/pythia-70m,128,step128,70426624,6,8,24,0,4,0.014210433699190617,0.0,27199.1796875
EleutherAI/pythia-70m,128,step128,70426624,6,8,24,0,5,0.013697570189833641,0.0,27199.1796875
EleutherAI/pythia-70m,128,step128,70426624,6,8,24,0,6,0.013863268308341503,0.0,27199.1796875
EleutherAI/pythia-70m,128,step128,70426624,6,8,24,0,7,0.013552837073802948,0.0,27199.1796875
EleutherAI/pythia-70m,128,step128,70426624,6,8,24,1,0,0.012123828753829002,0.0,27199.1796875
EleutherAI/pythia-70m,128,step128,70426624,6,8,24,1,1,0.01364768948405981,0.0,27199.1796875
EleutherAI/pythia-70m,128,step128,70426624,6,8,24,1,2,0.012489906512200832,0.0,27199.1796875
EleutherAI/pythia-70m,128,step128,70426624,6,8,24,1,3,0.011675070971250534,0.0,27199.1796875
EleutherAI/pythia-70m,128,step128,70426624,6,8,24,1,4,0.012162609957158566,0.0,27199.1796875
EleutherAI/pythia-70m,128,step128,70426624,6,8,24,1,5,0.014258651994168758,0.0,27199.1796875
EleutherAI/pythia-70m,128,step128,70426624,6,8,24,1,6,0.01393346581608057,0.0,27199.1796875
EleutherAI/pythia-70m,128,step128,70426624,6,8,24,1,7,0.014056107960641384,0.0,27199.1796875
EleutherAI/pythia-70m,128,step128,70426624,6,8,24,2,0,0.010586968623101711,0.0,27199.1796875
EleutherAI/pythia-70m,128,step128,70426624,6,8,24,2,1,0.013051033020019531,0.0,27199.1796875
EleutherAI/pythia-70m,128,step128,70426624,6,8,24,2,2,0.01383331511169672,0.0,27199.1796875
EleutherAI/pythia-70m,128,step128,70426624,6,8,24,2,3,0.010921762324869633,0.0,27199.1796875
EleutherAI/pythia-70m,128,step128,70426624,6,8,24,2,4,0.013232430443167686,0.0,27199.1796875
EleutherAI/pythia-70m,128,step128,70426624,6,8,24,2,5,0.013120301067829132,0.0,27199.1796875
EleutherAI/pythia-70m,128,step128,70426624,6,8,24,2,6,0.01245785877108574,0.0,27199.1796875
EleutherAI/pythia-70m,128,step128,70426624,6,8,24,2,7,0.012943139299750328,0.0,27199.1796875
EleutherAI/pythia-70m,128,step128,70426624,6,8,24,3,0,0.01306882593780756,0.0,27199.1796875
EleutherAI/pythia-70m,128,step128,70426624,6,8,24,3,1,0.011682777665555477,0.0,27199.1796875
EleutherAI/pythia-70m,128,step128,70426624,6,8,24,3,2,0.010763976722955704,0.0,27199.1796875
EleutherAI/pythia-70m,128,step128,70426624,6,8,24,3,3,0.012832100503146648,0.0,27199.1796875
EleutherAI/pythia-70m,128,step128,70426624,6,8,24,3,4,0.01458781398832798,0.0,27199.1796875
EleutherAI/pythia-70m,128,step128,70426624,6,8,24,3,5,0.01367126777768135,0.0,27199.1796875
EleutherAI/pythia-70m,128,step128,70426624,6,8,24,3,6,0.012951135635375977,0.0,27199.1796875
EleutherAI/pythia-70m,128,step128,70426624,6,8,24,3,7,0.013962834142148495,0.0,27199.1796875
EleutherAI/pythia-70m,128,step128,70426624,6,8,24,4,0,0.010418488644063473,0.0,27199.1796875
EleutherAI/pythia-70m,128,step128,70426624,6,8,24,4,1,0.00885010976344347,0.0,27199.1796875
EleutherAI/pythia-70m,128,step128,70426624,6,8,24,4,2,0.011148158460855484,0.0,27199.1796875
EleutherAI/pythia-70m,128,step128,70426624,6,8,24,4,3,0.01327438559383154,0.0,27199.1796875
EleutherAI/pythia-70m,128,step128,70426624,6,8,24,4,4,0.007305946201086044,0.0,27199.1796875
EleutherAI/pythia-70m,128,step128,70426624,6,8,24,4,5,0.007477089297026396,0.0,27199.1796875
EleutherAI/pythia-70m,128,step128,70426624,6,8,24,4,6,0.013026063330471516,0.0,27199.1796875
EleutherAI/pythia-70m,128,step128,70426624,6,8,24,4,7,0.011161996982991695,0.0,27199.1796875
EleutherAI/pythia-70m,128,step128,70426624,6,8,24,5,0,0.008808239363133907,0.0,27199.1796875
EleutherAI/pythia-70m,128,step128,70426624,6,8,24,5,1,0.009968983940780163,0.0,27199.1796875
EleutherAI/pythia-70m,128,step128,70426624,6,8,24,5,2,0.008684683591127396,0.0,27199.1796875
EleutherAI/pythia-70m,128,step128,70426624,6,8,24,5,3,0.01082385890185833,0.0,27199.1796875
EleutherAI/pythia-70m,128,step128,70426624,6,8,24,5,4,0.0072093564085662365,0.0,27199.1796875
EleutherAI/pythia-70m,128,step128,70426624,6,8,24,5,5,0.010802729986608028,0.0,27199.1796875
EleutherAI/pythia-70m,128,step128,70426624,6,8,24,5,6,0.0068632508628070354,0.0,27199.1796875
EleutherAI/pythia-70m,128,step128,70426624,6,8,24,5,7,0.006860481575131416,0.0,27199.1796875
EleutherAI/pythia-70m,128,step128,70426624,6,8,25,0,0,0.012784893624484539,0.0,25176.220703125
EleutherAI/pythia-70m,128,step128,70426624,6,8,25,0,1,0.013766447082161903,0.0,25176.220703125
EleutherAI/pythia-70m,128,step128,70426624,6,8,25,0,2,0.014074793085455894,0.0,25176.220703125
EleutherAI/pythia-70m,128,step128,70426624,6,8,25,0,3,0.013178995810449123,0.0,25176.220703125
EleutherAI/pythia-70m,128,step128,70426624,6,8,25,0,4,0.013856517150998116,0.0,25176.220703125
EleutherAI/pythia-70m,128,step128,70426624,6,8,25,0,5,0.014488261193037033,0.0,25176.220703125
EleutherAI/pythia-70m,128,step128,70426624,6,8,25,0,6,0.014491554349660873,0.0,25176.220703125
EleutherAI/pythia-70m,128,step128,70426624,6,8,25,0,7,0.013511606492102146,0.0,25176.220703125
EleutherAI/pythia-70m,128,step128,70426624,6,8,25,1,0,0.013611307367682457,0.0,25176.220703125
EleutherAI/pythia-70m,128,step128,70426624,6,8,25,1,1,0.01376886386424303,0.0,25176.220703125
EleutherAI/pythia-70m,128,step128,70426624,6,8,25,1,2,0.014791365712881088,0.0,25176.220703125
EleutherAI/pythia-70m,128,step128,70426624,6,8,25,1,3,0.012195901945233345,0.0,25176.220703125
EleutherAI/pythia-70m,128,step128,70426624,6,8,25,1,4,0.012331905774772167,0.0,25176.220703125
EleutherAI/pythia-70m,128,step128,70426624,6,8,25,1,5,0.013696125708520412,0.0,25176.220703125
EleutherAI/pythia-70m,128,step128,70426624,6,8,25,1,6,0.014097947627305984,0.0,25176.220703125
EleutherAI/pythia-70m,128,step128,70426624,6,8,25,1,7,0.014497521333396435,0.0,25176.220703125
EleutherAI/pythia-70m,128,step128,70426624,6,8,25,2,0,0.01037503220140934,0.0,25176.220703125
EleutherAI/pythia-70m,128,step128,70426624,6,8,25,2,1,0.013623926788568497,0.0,25176.220703125
EleutherAI/pythia-70m,128,step128,70426624,6,8,25,2,2,0.013423316180706024,0.0,25176.220703125
EleutherAI/pythia-70m,128,step128,70426624,6,8,25,2,3,0.010565152391791344,0.0,25176.220703125
EleutherAI/pythia-70m,128,step128,70426624,6,8,25,2,4,0.01200655847787857,0.0,25176.220703125
EleutherAI/pythia-70m,128,step128,70426624,6,8,25,2,5,0.014764207415282726,0.0,25176.220703125
EleutherAI/pythia-70m,128,step128,70426624,6,8,25,2,6,0.014057941734790802,0.0,25176.220703125
EleutherAI/pythia-70m,128,step128,70426624,6,8,25,2,7,0.011983642354607582,0.0,25176.220703125
EleutherAI/pythia-70m,128,step128,70426624,6,8,25,3,0,0.011260353028774261,0.0,25176.220703125
EleutherAI/pythia-70m,128,step128,70426624,6,8,25,3,1,0.012547630816698074,0.0,25176.220703125
EleutherAI/pythia-70m,128,step128,70426624,6,8,25,3,2,0.012524466961622238,0.0,25176.220703125
EleutherAI/pythia-70m,128,step128,70426624,6,8,25,3,3,0.011509750038385391,0.0,25176.220703125
EleutherAI/pythia-70m,128,step128,70426624,6,8,25,3,4,0.015121858566999435,0.0,25176.220703125
EleutherAI/pythia-70m,128,step128,70426624,6,8,25,3,5,0.013989444822072983,0.0,25176.220703125
EleutherAI/pythia-70m,128,step128,70426624,6,8,25,3,6,0.013423741795122623,0.0,25176.220703125
EleutherAI/pythia-70m,128,step128,70426624,6,8,25,3,7,0.0122033366933465,0.0,25176.220703125
EleutherAI/pythia-70m,128,step128,70426624,6,8,25,4,0,0.00904147606343031,0.0,25176.220703125
EleutherAI/pythia-70m,128,step128,70426624,6,8,25,4,1,0.007352450396865606,0.0,25176.220703125
EleutherAI/pythia-70m,128,step128,70426624,6,8,25,4,2,0.010675139725208282,0.0,25176.220703125
EleutherAI/pythia-70m,128,step128,70426624,6,8,25,4,3,0.014701529406011105,0.0,25176.220703125
EleutherAI/pythia-70m,128,step128,70426624,6,8,25,4,4,0.0068532610312104225,0.0,25176.220703125
EleutherAI/pythia-70m,128,step128,70426624,6,8,25,4,5,0.0078105079010128975,0.0,25176.220703125
EleutherAI/pythia-70m,128,step128,70426624,6,8,25,4,6,0.012992316856980324,0.0,25176.220703125
EleutherAI/pythia-70m,128,step128,70426624,6,8,25,4,7,0.010391244664788246,0.0,25176.220703125
EleutherAI/pythia-70m,128,step128,70426624,6,8,25,5,0,0.010064380243420601,0.0,25176.220703125
EleutherAI/pythia-70m,128,step128,70426624,6,8,25,5,1,0.01073522586375475,0.0,25176.220703125
EleutherAI/pythia-70m,128,step128,70426624,6,8,25,5,2,0.007177872117608786,0.0,25176.220703125
EleutherAI/pythia-70m,128,step128,70426624,6,8,25,5,3,0.010466071777045727,0.0,25176.220703125
EleutherAI/pythia-70m,128,step128,70426624,6,8,25,5,4,0.007914591580629349,0.0,25176.220703125
EleutherAI/pythia-70m,128,step128,70426624,6,8,25,5,5,0.008742920123040676,0.0,25176.220703125
EleutherAI/pythia-70m,128,step128,70426624,6,8,25,5,6,0.008621095679700375,0.0,25176.220703125
EleutherAI/pythia-70m,128,step128,70426624,6,8,25,5,7,0.006973543204367161,0.0,25176.220703125
EleutherAI/pythia-70m,128,step128,70426624,6,8,26,0,0,0.012625536881387234,0.0,28913.859375
EleutherAI/pythia-70m,128,step128,70426624,6,8,26,0,1,0.014814633876085281,0.0,28913.859375
EleutherAI/pythia-70m,128,step128,70426624,6,8,26,0,2,0.015253448858857155,0.0,28913.859375
EleutherAI/pythia-70m,128,step128,70426624,6,8,26,0,3,0.013219731859862804,0.0,28913.859375
EleutherAI/pythia-70m,128,step128,70426624,6,8,26,0,4,0.01349311787635088,0.0,28913.859375
EleutherAI/pythia-70m,128,step128,70426624,6,8,26,0,5,0.012723970226943493,0.0,28913.859375
EleutherAI/pythia-70m,128,step128,70426624,6,8,26,0,6,0.014812968671321869,0.0,28913.859375
EleutherAI/pythia-70m,128,step128,70426624,6,8,26,0,7,0.013256020843982697,0.0,28913.859375
EleutherAI/pythia-70m,128,step128,70426624,6,8,26,1,0,0.013205427676439285,0.0,28913.859375
EleutherAI/pythia-70m,128,step128,70426624,6,8,26,1,1,0.014137311838567257,0.0,28913.859375
EleutherAI/pythia-70m,128,step128,70426624,6,8,26,1,2,0.01337151788175106,0.0,28913.859375
EleutherAI/pythia-70m,128,step128,70426624,6,8,26,1,3,0.012559500522911549,0.0,28913.859375
EleutherAI/pythia-70m,128,step128,70426624,6,8,26,1,4,0.0139349065721035,0.0,28913.859375
EleutherAI/pythia-70m,128,step128,70426624,6,8,26,1,5,0.013824062421917915,0.0,28913.859375
EleutherAI/pythia-70m,128,step128,70426624,6,8,26,1,6,0.013822142034769058,0.0,28913.859375
EleutherAI/pythia-70m,128,step128,70426624,6,8,26,1,7,0.014192217960953712,0.0,28913.859375
EleutherAI/pythia-70m,128,step128,70426624,6,8,26,2,0,0.00980306789278984,0.0,28913.859375
EleutherAI/pythia-70m,128,step128,70426624,6,8,26,2,1,0.014291231520473957,0.0,28913.859375
EleutherAI/pythia-70m,128,step128,70426624,6,8,26,2,2,0.012108261696994305,0.0,28913.859375
EleutherAI/pythia-70m,128,step128,70426624,6,8,26,2,3,0.011780601926147938,0.0,28913.859375
EleutherAI/pythia-70m,128,step128,70426624,6,8,26,2,4,0.013697855174541473,0.0,28913.859375
EleutherAI/pythia-70m,128,step128,70426624,6,8,26,2,5,0.013260414823889732,0.0,28913.859375
EleutherAI/pythia-70m,128,step128,70426624,6,8,26,2,6,0.013247593306005001,0.0,28913.859375
EleutherAI/pythia-70m,128,step128,70426624,6,8,26,2,7,0.01283055916428566,0.0,28913.859375
EleutherAI/pythia-70m,128,step128,70426624,6,8,26,3,0,0.011473456397652626,0.0,28913.859375
EleutherAI/pythia-70m,128,step128,70426624,6,8,26,3,1,0.015398288145661354,0.0,28913.859375
EleutherAI/pythia-70m,128,step128,70426624,6,8,26,3,2,0.014833240769803524,0.0,28913.859375
EleutherAI/pythia-70m,128,step128,70426624,6,8,26,3,3,0.013360636308789253,0.0,28913.859375
EleutherAI/pythia-70m,128,step128,70426624,6,8,26,3,4,0.012458081357181072,0.0,28913.859375
EleutherAI/pythia-70m,128,step128,70426624,6,8,26,3,5,0.014272158965468407,0.0,28913.859375
EleutherAI/pythia-70m,128,step128,70426624,6,8,26,3,6,0.01361663918942213,0.0,28913.859375
EleutherAI/pythia-70m,128,step128,70426624,6,8,26,3,7,0.01425106544047594,0.0,28913.859375
EleutherAI/pythia-70m,128,step128,70426624,6,8,26,4,0,0.010113251395523548,0.0,28913.859375
EleutherAI/pythia-70m,128,step128,70426624,6,8,26,4,1,0.008657318539917469,0.0,28913.859375
EleutherAI/pythia-70m,128,step128,70426624,6,8,26,4,2,0.011063841171562672,0.0,28913.859375
EleutherAI/pythia-70m,128,step128,70426624,6,8,26,4,3,0.011183002032339573,0.0,28913.859375
EleutherAI/pythia-70m,128,step128,70426624,6,8,26,4,4,0.00917463656514883,0.0,28913.859375
EleutherAI/pythia-70m,128,step128,70426624,6,8,26,4,5,0.008764436468482018,0.0,28913.859375
EleutherAI/pythia-70m,128,step128,70426624,6,8,26,4,6,0.013455991633236408,0.0,28913.859375
EleutherAI/pythia-70m,128,step128,70426624,6,8,26,4,7,0.010964841581881046,0.0,28913.859375
EleutherAI/pythia-70m,128,step128,70426624,6,8,26,5,0,0.010374320670962334,0.0,28913.859375
EleutherAI/pythia-70m,128,step128,70426624,6,8,26,5,1,0.010425611399114132,0.0,28913.859375
EleutherAI/pythia-70m,128,step128,70426624,6,8,26,5,2,0.009922402910888195,0.0,28913.859375
EleutherAI/pythia-70m,128,step128,70426624,6,8,26,5,3,0.011955596506595612,0.0,28913.859375
EleutherAI/pythia-70m,128,step128,70426624,6,8,26,5,4,0.007407770026475191,0.0,28913.859375
EleutherAI/pythia-70m,128,step128,70426624,6,8,26,5,5,0.011287612840533257,0.0,28913.859375
EleutherAI/pythia-70m,128,step128,70426624,6,8,26,5,6,0.00762775307521224,0.0,28913.859375
EleutherAI/pythia-70m,128,step128,70426624,6,8,26,5,7,0.005959703121334314,0.0,28913.859375
EleutherAI/pythia-70m,128,step128,70426624,6,8,27,0,0,0.015367553569376469,0.0,28138.140625
EleutherAI/pythia-70m,128,step128,70426624,6,8,27,0,1,0.014599518850445747,0.0,28138.140625
EleutherAI/pythia-70m,128,step128,70426624,6,8,27,0,2,0.013266040943562984,0.0,28138.140625
EleutherAI/pythia-70m,128,step128,70426624,6,8,27,0,3,0.013687132857739925,0.0,28138.140625
EleutherAI/pythia-70m,128,step128,70426624,6,8,27,0,4,0.014156322926282883,0.0,28138.140625
EleutherAI/pythia-70m,128,step128,70426624,6,8,27,0,5,0.01561475545167923,0.0,28138.140625
EleutherAI/pythia-70m,128,step128,70426624,6,8,27,0,6,0.01355035975575447,0.0,28138.140625
EleutherAI/pythia-70m,128,step128,70426624,6,8,27,0,7,0.011992448940873146,0.0,28138.140625
EleutherAI/pythia-70m,128,step128,70426624,6,8,27,1,0,0.012571793049573898,0.0,28138.140625
EleutherAI/pythia-70m,128,step128,70426624,6,8,27,1,1,0.013643872924149036,0.0,28138.140625
EleutherAI/pythia-70m,128,step128,70426624,6,8,27,1,2,0.012560323812067509,0.0,28138.140625
EleutherAI/pythia-70m,128,step128,70426624,6,8,27,1,3,0.013742964714765549,0.0,28138.140625
EleutherAI/pythia-70m,128,step128,70426624,6,8,27,1,4,0.013454262167215347,0.0,28138.140625
EleutherAI/pythia-70m,128,step128,70426624,6,8,27,1,5,0.014815891161561012,0.0,28138.140625
EleutherAI/pythia-70m,128,step128,70426624,6,8,27,1,6,0.012882892973721027,0.0,28138.140625
EleutherAI/pythia-70m,128,step128,70426624,6,8,27,1,7,0.01563902385532856,0.0,28138.140625
EleutherAI/pythia-70m,128,step128,70426624,6,8,27,2,0,0.012136489152908325,0.0,28138.140625
EleutherAI/pythia-70m,128,step128,70426624,6,8,27,2,1,0.012546112760901451,0.0,28138.140625
EleutherAI/pythia-70m,128,step128,70426624,6,8,27,2,2,0.014581696130335331,0.0,28138.140625
EleutherAI/pythia-70m,128,step128,70426624,6,8,27,2,3,0.010057236067950726,0.0,28138.140625
EleutherAI/pythia-70m,128,step128,70426624,6,8,27,2,4,0.012475493364036083,0.0,28138.140625
EleutherAI/pythia-70m,128,step128,70426624,6,8,27,2,5,0.01389780268073082,0.0,28138.140625
EleutherAI/pythia-70m,128,step128,70426624,6,8,27,2,6,0.013860476203262806,0.0,28138.140625
EleutherAI/pythia-70m,128,step128,70426624,6,8,27,2,7,0.012590405531227589,0.0,28138.140625
EleutherAI/pythia-70m,128,step128,70426624,6,8,27,3,0,0.011512326076626778,0.0,28138.140625
EleutherAI/pythia-70m,128,step128,70426624,6,8,27,3,1,0.012659878470003605,0.0,28138.140625
EleutherAI/pythia-70m,128,step128,70426624,6,8,27,3,2,0.012184972874820232,0.0,28138.140625
EleutherAI/pythia-70m,128,step128,70426624,6,8,27,3,3,0.013378935866057873,0.0,28138.140625
EleutherAI/pythia-70m,128,step128,70426624,6,8,27,3,4,0.014389143325388432,0.0,28138.140625
EleutherAI/pythia-70m,128,step128,70426624,6,8,27,3,5,0.015343984588980675,0.0,28138.140625
EleutherAI/pythia-70m,128,step128,70426624,6,8,27,3,6,0.01470248308032751,0.0,28138.140625
EleutherAI/pythia-70m,128,step128,70426624,6,8,27,3,7,0.011465203016996384,0.0,28138.140625
EleutherAI/pythia-70m,128,step128,70426624,6,8,27,4,0,0.009320246987044811,0.0,28138.140625
EleutherAI/pythia-70m,128,step128,70426624,6,8,27,4,1,0.008602053858339787,0.0,28138.140625
EleutherAI/pythia-70m,128,step128,70426624,6,8,27,4,2,0.012990041635930538,0.0,28138.140625
EleutherAI/pythia-70m,128,step128,70426624,6,8,27,4,3,0.012112400494515896,0.0,28138.140625
EleutherAI/pythia-70m,128,step128,70426624,6,8,27,4,4,0.007895278744399548,0.0,28138.140625
EleutherAI/pythia-70m,128,step128,70426624,6,8,27,4,5,0.008920849300920963,0.0,28138.140625
EleutherAI/pythia-70m,128,step128,70426624,6,8,27,4,6,0.011401860974729061,0.0,28138.140625
EleutherAI/pythia-70m,128,step128,70426624,6,8,27,4,7,0.011349234730005264,0.0,28138.140625
EleutherAI/pythia-70m,128,step128,70426624,6,8,27,5,0,0.010168381035327911,0.0,28138.140625
EleutherAI/pythia-70m,128,step128,70426624,6,8,27,5,1,0.011463535949587822,0.0,28138.140625
EleutherAI/pythia-70m,128,step128,70426624,6,8,27,5,2,0.00885608047246933,0.0,28138.140625
EleutherAI/pythia-70m,128,step128,70426624,6,8,27,5,3,0.010395663790404797,0.0,28138.140625
EleutherAI/pythia-70m,128,step128,70426624,6,8,27,5,4,0.008873052895069122,0.0,28138.140625
EleutherAI/pythia-70m,128,step128,70426624,6,8,27,5,5,0.009264571592211723,0.0,28138.140625
EleutherAI/pythia-70m,128,step128,70426624,6,8,27,5,6,0.007054869085550308,0.0,28138.140625
EleutherAI/pythia-70m,128,step128,70426624,6,8,27,5,7,0.007816875353455544,0.0,28138.140625
EleutherAI/pythia-70m,128,step128,70426624,6,8,28,0,0,0.014542422257363796,0.0,23938.779296875
EleutherAI/pythia-70m,128,step128,70426624,6,8,28,0,1,0.01370516698807478,0.0,23938.779296875
EleutherAI/pythia-70m,128,step128,70426624,6,8,28,0,2,0.013574761338531971,0.0,23938.779296875
EleutherAI/pythia-70m,128,step128,70426624,6,8,28,0,3,0.012833311222493649,0.0,23938.779296875
EleutherAI/pythia-70m,128,step128,70426624,6,8,28,0,4,0.014209741726517677,0.0,23938.779296875
EleutherAI/pythia-70m,128,step128,70426624,6,8,28,0,5,0.013691368512809277,0.0,23938.779296875
EleutherAI/pythia-70m,128,step128,70426624,6,8,28,0,6,0.01278820913285017,0.0,23938.779296875
EleutherAI/pythia-70m,128,step128,70426624,6,8,28,0,7,0.013174373656511307,0.0,23938.779296875
EleutherAI/pythia-70m,128,step128,70426624,6,8,28,1,0,0.014137928374111652,0.0,23938.779296875
EleutherAI/pythia-70m,128,step128,70426624,6,8,28,1,1,0.014212293550372124,0.0,23938.779296875
EleutherAI/pythia-70m,128,step128,70426624,6,8,28,1,2,0.012881009839475155,0.0,23938.779296875
EleutherAI/pythia-70m,128,step128,70426624,6,8,28,1,3,0.013669542036950588,0.0,23938.779296875
EleutherAI/pythia-70m,128,step128,70426624,6,8,28,1,4,0.013246804475784302,0.0,23938.779296875
EleutherAI/pythia-70m,128,step128,70426624,6,8,28,1,5,0.01289226021617651,0.0,23938.779296875
EleutherAI/pythia-70m,128,step128,70426624,6,8,28,1,6,0.011554043740034103,0.0,23938.779296875
EleutherAI/pythia-70m,128,step128,70426624,6,8,28,1,7,0.01220022514462471,0.0,23938.779296875
EleutherAI/pythia-70m,128,step128,70426624,6,8,28,2,0,0.010337757878005505,0.0,23938.779296875
EleutherAI/pythia-70m,128,step128,70426624,6,8,28,2,1,0.012951931916177273,0.0,23938.779296875
EleutherAI/pythia-70m,128,step128,70426624,6,8,28,2,2,0.013657289557158947,0.0,23938.779296875
EleutherAI/pythia-70m,128,step128,70426624,6,8,28,2,3,0.011015956290066242,0.0,23938.779296875
EleutherAI/pythia-70m,128,step128,70426624,6,8,28,2,4,0.012523188255727291,0.0,23938.779296875
EleutherAI/pythia-70m,128,step128,70426624,6,8,28,2,5,0.014609633944928646,0.0,23938.779296875
EleutherAI/pythia-70m,128,step128,70426624,6,8,28,2,6,0.014505433849990368,0.0,23938.779296875
EleutherAI/pythia-70m,128,step128,70426624,6,8,28,2,7,0.011859159916639328,0.0,23938.779296875
EleutherAI/pythia-70m,128,step128,70426624,6,8,28,3,0,0.011439838446676731,0.0,23938.779296875
EleutherAI/pythia-70m,128,step128,70426624,6,8,28,3,1,0.012224964797496796,0.0,23938.779296875
EleutherAI/pythia-70m,128,step128,70426624,6,8,28,3,2,0.010333209298551083,0.0,23938.779296875
EleutherAI/pythia-70m,128,step128,70426624,6,8,28,3,3,0.011902273632586002,0.0,23938.779296875
EleutherAI/pythia-70m,128,step128,70426624,6,8,28,3,4,0.014314922504127026,0.0,23938.779296875
EleutherAI/pythia-70m,128,step128,70426624,6,8,28,3,5,0.014100533910095692,0.0,23938.779296875
EleutherAI/pythia-70m,128,step128,70426624,6,8,28,3,6,0.01287111546844244,0.0,23938.779296875
EleutherAI/pythia-70m,128,step128,70426624,6,8,28,3,7,0.013548812828958035,0.0,23938.779296875
EleutherAI/pythia-70m,128,step128,70426624,6,8,28,4,0,0.01049211248755455,0.0,23938.779296875
EleutherAI/pythia-70m,128,step128,70426624,6,8,28,4,1,0.006866789888590574,0.0,23938.779296875
EleutherAI/pythia-70m,128,step128,70426624,6,8,28,4,2,0.013039086945354939,0.0,23938.779296875
EleutherAI/pythia-70m,128,step128,70426624,6,8,28,4,3,0.011842435225844383,0.0,23938.779296875
EleutherAI/pythia-70m,128,step128,70426624,6,8,28,4,4,0.008360356092453003,0.0,23938.779296875
EleutherAI/pythia-70m,128,step128,70426624,6,8,28,4,5,0.006871861405670643,0.0,23938.779296875
EleutherAI/pythia-70m,128,step128,70426624,6,8,28,4,6,0.012292664498090744,0.0,23938.779296875
EleutherAI/pythia-70m,128,step128,70426624,6,8,28,4,7,0.012506098486483097,0.0,23938.779296875
EleutherAI/pythia-70m,128,step128,70426624,6,8,28,5,0,0.009319562464952469,0.0,23938.779296875
EleutherAI/pythia-70m,128,step128,70426624,6,8,28,5,1,0.011221208609640598,0.0,23938.779296875
EleutherAI/pythia-70m,128,step128,70426624,6,8,28,5,2,0.010591799393296242,0.0,23938.779296875
EleutherAI/pythia-70m,128,step128,70426624,6,8,28,5,3,0.011313281953334808,0.0,23938.779296875
EleutherAI/pythia-70m,128,step128,70426624,6,8,28,5,4,0.007532048039138317,0.0,23938.779296875
EleutherAI/pythia-70m,128,step128,70426624,6,8,28,5,5,0.010920700617134571,0.0,23938.779296875
EleutherAI/pythia-70m,128,step128,70426624,6,8,28,5,6,0.008926895447075367,0.0,23938.779296875
EleutherAI/pythia-70m,128,step128,70426624,6,8,28,5,7,0.007838327437639236,0.0,23938.779296875
EleutherAI/pythia-70m,128,step128,70426624,6,8,29,0,0,0.0138631546869874,0.0,23803.080078125
EleutherAI/pythia-70m,128,step128,70426624,6,8,29,0,1,0.013546786271035671,0.0,23803.080078125
EleutherAI/pythia-70m,128,step128,70426624,6,8,29,0,2,0.013001236133277416,0.0,23803.080078125
EleutherAI/pythia-70m,128,step128,70426624,6,8,29,0,3,0.013476651161909103,0.0,23803.080078125
EleutherAI/pythia-70m,128,step128,70426624,6,8,29,0,4,0.013209287077188492,0.0,23803.080078125
EleutherAI/pythia-70m,128,step128,70426624,6,8,29,0,5,0.013627946376800537,0.0,23803.080078125
EleutherAI/pythia-70m,128,step128,70426624,6,8,29,0,6,0.013323711231350899,0.0,23803.080078125
EleutherAI/pythia-70m,128,step128,70426624,6,8,29,0,7,0.014435291290283203,0.0,23803.080078125
EleutherAI/pythia-70m,128,step128,70426624,6,8,29,1,0,0.012224814854562283,0.0,23803.080078125
EleutherAI/pythia-70m,128,step128,70426624,6,8,29,1,1,0.014537639915943146,0.0,23803.080078125
EleutherAI/pythia-70m,128,step128,70426624,6,8,29,1,2,0.012394492514431477,0.0,23803.080078125
EleutherAI/pythia-70m,128,step128,70426624,6,8,29,1,3,0.011487879790365696,0.0,23803.080078125
EleutherAI/pythia-70m,128,step128,70426624,6,8,29,1,4,0.013082345947623253,0.0,23803.080078125
EleutherAI/pythia-70m,128,step128,70426624,6,8,29,1,5,0.012381676584482193,0.0,23803.080078125
EleutherAI/pythia-70m,128,step128,70426624,6,8,29,1,6,0.01388370431959629,0.0,23803.080078125
EleutherAI/pythia-70m,128,step128,70426624,6,8,29,1,7,0.01265624538064003,0.0,23803.080078125
EleutherAI/pythia-70m,128,step128,70426624,6,8,29,2,0,0.011766709387302399,0.0,23803.080078125
EleutherAI/pythia-70m,128,step128,70426624,6,8,29,2,1,0.012370829470455647,0.0,23803.080078125
EleutherAI/pythia-70m,128,step128,70426624,6,8,29,2,2,0.012925761751830578,0.0,23803.080078125
EleutherAI/pythia-70m,128,step128,70426624,6,8,29,2,3,0.012170469388365746,0.0,23803.080078125
EleutherAI/pythia-70m,128,step128,70426624,6,8,29,2,4,0.012333575636148453,0.0,23803.080078125
EleutherAI/pythia-70m,128,step128,70426624,6,8,29,2,5,0.013774538412690163,0.0,23803.080078125
EleutherAI/pythia-70m,128,step128,70426624,6,8,29,2,6,0.014188962057232857,0.0,23803.080078125
EleutherAI/pythia-70m,128,step128,70426624,6,8,29,2,7,0.010905577801167965,0.0,23803.080078125
EleutherAI/pythia-70m,128,step128,70426624,6,8,29,3,0,0.01076470222324133,0.0,23803.080078125
EleutherAI/pythia-70m,128,step128,70426624,6,8,29,3,1,0.015000957064330578,0.0,23803.080078125
EleutherAI/pythia-70m,128,step128,70426624,6,8,29,3,2,0.012257017195224762,0.0,23803.080078125
EleutherAI/pythia-70m,128,step128,70426624,6,8,29,3,3,0.010793888941407204,0.0,23803.080078125
EleutherAI/pythia-70m,128,step128,70426624,6,8,29,3,4,0.01443557720631361,0.0,23803.080078125
EleutherAI/pythia-70m,128,step128,70426624,6,8,29,3,5,0.012537635862827301,0.0,23803.080078125
EleutherAI/pythia-70m,128,step128,70426624,6,8,29,3,6,0.011143871583044529,0.0,23803.080078125
EleutherAI/pythia-70m,128,step128,70426624,6,8,29,3,7,0.013279660604894161,0.0,23803.080078125
EleutherAI/pythia-70m,128,step128,70426624,6,8,29,4,0,0.010158930905163288,0.0,23803.080078125
EleutherAI/pythia-70m,128,step128,70426624,6,8,29,4,1,0.008204302750527859,0.0,23803.080078125
EleutherAI/pythia-70m,128,step128,70426624,6,8,29,4,2,0.011816304177045822,0.0,23803.080078125
EleutherAI/pythia-70m,128,step128,70426624,6,8,29,4,3,0.010883214883506298,0.0,23803.080078125
EleutherAI/pythia-70m,128,step128,70426624,6,8,29,4,4,0.006347727961838245,0.0,23803.080078125
EleutherAI/pythia-70m,128,step128,70426624,6,8,29,4,5,0.005501234903931618,0.0,23803.080078125
EleutherAI/pythia-70m,128,step128,70426624,6,8,29,4,6,0.012776719406247139,0.0,23803.080078125
EleutherAI/pythia-70m,128,step128,70426624,6,8,29,4,7,0.010825888253748417,0.0,23803.080078125
EleutherAI/pythia-70m,128,step128,70426624,6,8,29,5,0,0.009628377854824066,0.0,23803.080078125
EleutherAI/pythia-70m,128,step128,70426624,6,8,29,5,1,0.01043813955038786,0.0,23803.080078125
EleutherAI/pythia-70m,128,step128,70426624,6,8,29,5,2,0.008392644114792347,0.0,23803.080078125
EleutherAI/pythia-70m,128,step128,70426624,6,8,29,5,3,0.012004906311631203,0.0,23803.080078125
EleutherAI/pythia-70m,128,step128,70426624,6,8,29,5,4,0.007409693207591772,0.0,23803.080078125
EleutherAI/pythia-70m,128,step128,70426624,6,8,29,5,5,0.009645733051002026,0.0,23803.080078125
EleutherAI/pythia-70m,128,step128,70426624,6,8,29,5,6,0.008109881542623043,0.0,23803.080078125
EleutherAI/pythia-70m,128,step128,70426624,6,8,29,5,7,0.00744200311601162,0.0,23803.080078125
EleutherAI/pythia-70m,128,step128,70426624,6,8,30,0,0,0.012821337208151817,0.0,22688.01953125
EleutherAI/pythia-70m,128,step128,70426624,6,8,30,0,1,0.013375718146562576,0.0,22688.01953125
EleutherAI/pythia-70m,128,step128,70426624,6,8,30,0,2,0.014261540956795216,0.0,22688.01953125
EleutherAI/pythia-70m,128,step128,70426624,6,8,30,0,3,0.013679249212145805,0.0,22688.01953125
EleutherAI/pythia-70m,128,step128,70426624,6,8,30,0,4,0.013426157645881176,0.0,22688.01953125
EleutherAI/pythia-70m,128,step128,70426624,6,8,30,0,5,0.013411459513008595,0.0,22688.01953125
EleutherAI/pythia-70m,128,step128,70426624,6,8,30,0,6,0.0137649429962039,0.0,22688.01953125
EleutherAI/pythia-70m,128,step128,70426624,6,8,30,0,7,0.014474821276962757,0.0,22688.01953125
EleutherAI/pythia-70m,128,step128,70426624,6,8,30,1,0,0.013845065608620644,0.0,22688.01953125
EleutherAI/pythia-70m,128,step128,70426624,6,8,30,1,1,0.013562607578933239,0.0,22688.01953125
EleutherAI/pythia-70m,128,step128,70426624,6,8,30,1,2,0.013427789323031902,0.0,22688.01953125
EleutherAI/pythia-70m,128,step128,70426624,6,8,30,1,3,0.013614796102046967,0.0,22688.01953125
EleutherAI/pythia-70m,128,step128,70426624,6,8,30,1,4,0.01300976425409317,0.0,22688.01953125
EleutherAI/pythia-70m,128,step128,70426624,6,8,30,1,5,0.013739599846303463,0.0,22688.01953125
EleutherAI/pythia-70m,128,step128,70426624,6,8,30,1,6,0.013222763314843178,0.0,22688.01953125
EleutherAI/pythia-70m,128,step128,70426624,6,8,30,1,7,0.014532043598592281,0.0,22688.01953125
EleutherAI/pythia-70m,128,step128,70426624,6,8,30,2,0,0.01096891239285469,0.0,22688.01953125
EleutherAI/pythia-70m,128,step128,70426624,6,8,30,2,1,0.013383409939706326,0.0,22688.01953125
EleutherAI/pythia-70m,128,step128,70426624,6,8,30,2,2,0.013686253689229488,0.0,22688.01953125
EleutherAI/pythia-70m,128,step128,70426624,6,8,30,2,3,0.012043450027704239,0.0,22688.01953125
EleutherAI/pythia-70m,128,step128,70426624,6,8,30,2,4,0.011530098505318165,0.0,22688.01953125
EleutherAI/pythia-70m,128,step128,70426624,6,8,30,2,5,0.01427432056516409,0.0,22688.01953125
EleutherAI/pythia-70m,128,step128,70426624,6,8,30,2,6,0.013853132724761963,0.0,22688.01953125
EleutherAI/pythia-70m,128,step128,70426624,6,8,30,2,7,0.014229051768779755,0.0,22688.01953125
EleutherAI/pythia-70m,128,step128,70426624,6,8,30,3,0,0.0099546043202281,0.0,22688.01953125
EleutherAI/pythia-70m,128,step128,70426624,6,8,30,3,1,0.01293256413191557,0.0,22688.01953125
EleutherAI/pythia-70m,128,step128,70426624,6,8,30,3,2,0.013420578092336655,0.0,22688.01953125
EleutherAI/pythia-70m,128,step128,70426624,6,8,30,3,3,0.0117281973361969,0.0,22688.01953125
EleutherAI/pythia-70m,128,step128,70426624,6,8,30,3,4,0.013123583979904652,0.0,22688.01953125
EleutherAI/pythia-70m,128,step128,70426624,6,8,30,3,5,0.013965865597128868,0.0,22688.01953125
EleutherAI/pythia-70m,128,step128,70426624,6,8,30,3,6,0.015950217843055725,0.0,22688.01953125
EleutherAI/pythia-70m,128,step128,70426624,6,8,30,3,7,0.01196589507162571,0.0,22688.01953125
EleutherAI/pythia-70m,128,step128,70426624,6,8,30,4,0,0.008552172221243382,0.0,22688.01953125
EleutherAI/pythia-70m,128,step128,70426624,6,8,30,4,1,0.009410944767296314,0.0,22688.01953125
EleutherAI/pythia-70m,128,step128,70426624,6,8,30,4,2,0.009619145654141903,0.0,22688.01953125
EleutherAI/pythia-70m,128,step128,70426624,6,8,30,4,3,0.011312649585306644,0.0,22688.01953125
EleutherAI/pythia-70m,128,step128,70426624,6,8,30,4,4,0.008219148963689804,0.0,22688.01953125
EleutherAI/pythia-70m,128,step128,70426624,6,8,30,4,5,0.007022999692708254,0.0,22688.01953125
EleutherAI/pythia-70m,128,step128,70426624,6,8,30,4,6,0.012328781187534332,0.0,22688.01953125
EleutherAI/pythia-70m,128,step128,70426624,6,8,30,4,7,0.010482165031135082,0.0,22688.01953125
EleutherAI/pythia-70m,128,step128,70426624,6,8,30,5,0,0.009136578999459743,0.0,22688.01953125
EleutherAI/pythia-70m,128,step128,70426624,6,8,30,5,1,0.00996173545718193,0.0,22688.01953125
EleutherAI/pythia-70m,128,step128,70426624,6,8,30,5,2,0.009714688174426556,0.0,22688.01953125
EleutherAI/pythia-70m,128,step128,70426624,6,8,30,5,3,0.010404545813798904,0.0,22688.01953125
EleutherAI/pythia-70m,128,step128,70426624,6,8,30,5,4,0.007307642605155706,0.0,22688.01953125
EleutherAI/pythia-70m,128,step128,70426624,6,8,30,5,5,0.010217667557299137,0.0,22688.01953125
EleutherAI/pythia-70m,128,step128,70426624,6,8,30,5,6,0.007659451570361853,0.0,22688.01953125
EleutherAI/pythia-70m,128,step128,70426624,6,8,30,5,7,0.006905925460159779,0.0,22688.01953125
EleutherAI/pythia-70m,128,step128,70426624,6,8,31,0,0,0.015311422757804394,0.0,22748.220703125
EleutherAI/pythia-70m,128,step128,70426624,6,8,31,0,1,0.014654585160315037,0.0,22748.220703125
EleutherAI/pythia-70m,128,step128,70426624,6,8,31,0,2,0.013735936023294926,0.0,22748.220703125
EleutherAI/pythia-70m,128,step128,70426624,6,8,31,0,3,0.013828248716890812,0.0,22748.220703125
EleutherAI/pythia-70m,128,step128,70426624,6,8,31,0,4,0.01341650728136301,0.0,22748.220703125
EleutherAI/pythia-70m,128,step128,70426624,6,8,31,0,5,0.015002875588834286,0.0,22748.220703125
EleutherAI/pythia-70m,128,step128,70426624,6,8,31,0,6,0.01365139801055193,0.0,22748.220703125
EleutherAI/pythia-70m,128,step128,70426624,6,8,31,0,7,0.013164983130991459,0.0,22748.220703125
EleutherAI/pythia-70m,128,step128,70426624,6,8,31,1,0,0.012579508125782013,0.0,22748.220703125
EleutherAI/pythia-70m,128,step128,70426624,6,8,31,1,1,0.013514728285372257,0.0,22748.220703125
EleutherAI/pythia-70m,128,step128,70426624,6,8,31,1,2,0.013003595173358917,0.0,22748.220703125
EleutherAI/pythia-70m,128,step128,70426624,6,8,31,1,3,0.012353330850601196,0.0,22748.220703125
EleutherAI/pythia-70m,128,step128,70426624,6,8,31,1,4,0.01181019190698862,0.0,22748.220703125
EleutherAI/pythia-70m,128,step128,70426624,6,8,31,1,5,0.013123668730258942,0.0,22748.220703125
EleutherAI/pythia-70m,128,step128,70426624,6,8,31,1,6,0.014049194753170013,0.0,22748.220703125
EleutherAI/pythia-70m,128,step128,70426624,6,8,31,1,7,0.013037269935011864,0.0,22748.220703125
EleutherAI/pythia-70m,128,step128,70426624,6,8,31,2,0,0.009418118745088577,0.0,22748.220703125
EleutherAI/pythia-70m,128,step128,70426624,6,8,31,2,1,0.011464565992355347,0.0,22748.220703125
EleutherAI/pythia-70m,128,step128,70426624,6,8,31,2,2,0.013332808390259743,0.0,22748.220703125
EleutherAI/pythia-70m,128,step128,70426624,6,8,31,2,3,0.011083822697401047,0.0,22748.220703125
EleutherAI/pythia-70m,128,step128,70426624,6,8,31,2,4,0.015023491345345974,0.0,22748.220703125
EleutherAI/pythia-70m,128,step128,70426624,6,8,31,2,5,0.014570501632988453,0.0,22748.220703125
EleutherAI/pythia-70m,128,step128,70426624,6,8,31,2,6,0.014393739402294159,0.0,22748.220703125
EleutherAI/pythia-70m,128,step128,70426624,6,8,31,2,7,0.010615421459078789,0.0,22748.220703125
EleutherAI/pythia-70m,128,step128,70426624,6,8,31,3,0,0.011927175335586071,0.0,22748.220703125
EleutherAI/pythia-70m,128,step128,70426624,6,8,31,3,1,0.013310597278177738,0.0,22748.220703125
EleutherAI/pythia-70m,128,step128,70426624,6,8,31,3,2,0.011726487427949905,0.0,22748.220703125
EleutherAI/pythia-70m,128,step128,70426624,6,8,31,3,3,0.01342376135289669,0.0,22748.220703125
EleutherAI/pythia-70m,128,step128,70426624,6,8,31,3,4,0.012641966342926025,0.0,22748.220703125
EleutherAI/pythia-70m,128,step128,70426624,6,8,31,3,5,0.013362613506615162,0.0,22748.220703125
EleutherAI/pythia-70m,128,step128,70426624,6,8,31,3,6,0.011764215305447578,0.0,22748.220703125
EleutherAI/pythia-70m,128,step128,70426624,6,8,31,3,7,0.013017605990171432,0.0,22748.220703125
EleutherAI/pythia-70m,128,step128,70426624,6,8,31,4,0,0.00990937277674675,0.0,22748.220703125
EleutherAI/pythia-70m,128,step128,70426624,6,8,31,4,1,0.008017132058739662,0.0,22748.220703125
EleutherAI/pythia-70m,128,step128,70426624,6,8,31,4,2,0.01323153730481863,0.0,22748.220703125
EleutherAI/pythia-70m,128,step128,70426624,6,8,31,4,3,0.012324917130172253,0.0,22748.220703125
EleutherAI/pythia-70m,128,step128,70426624,6,8,31,4,4,0.008230400271713734,0.0,22748.220703125
EleutherAI/pythia-70m,128,step128,70426624,6,8,31,4,5,0.007200789637863636,0.0,22748.220703125
EleutherAI/pythia-70m,128,step128,70426624,6,8,31,4,6,0.01325196959078312,0.0,22748.220703125
EleutherAI/pythia-70m,128,step128,70426624,6,8,31,4,7,0.011929018422961235,0.0,22748.220703125
EleutherAI/pythia-70m,128,step128,70426624,6,8,31,5,0,0.008348447270691395,0.0,22748.220703125
EleutherAI/pythia-70m,128,step128,70426624,6,8,31,5,1,0.010382750071585178,0.0,22748.220703125
EleutherAI/pythia-70m,128,step128,70426624,6,8,31,5,2,0.009261787869036198,0.0,22748.220703125
EleutherAI/pythia-70m,128,step128,70426624,6,8,31,5,3,0.012852959334850311,0.0,22748.220703125
EleutherAI/pythia-70m,128,step128,70426624,6,8,31,5,4,0.009614283218979836,0.0,22748.220703125
EleutherAI/pythia-70m,128,step128,70426624,6,8,31,5,5,0.009086747653782368,0.0,22748.220703125
EleutherAI/pythia-70m,128,step128,70426624,6,8,31,5,6,0.007291491609066725,0.0,22748.220703125
EleutherAI/pythia-70m,128,step128,70426624,6,8,31,5,7,0.007338428404182196,0.0,22748.220703125
EleutherAI/pythia-70m,128,step128,70426624,6,8,32,0,0,0.013715769164264202,0.0,24215.400390625
EleutherAI/pythia-70m,128,step128,70426624,6,8,32,0,1,0.014917555265128613,0.0,24215.400390625
EleutherAI/pythia-70m,128,step128,70426624,6,8,32,0,2,0.014620320871472359,0.0,24215.400390625
EleutherAI/pythia-70m,128,step128,70426624,6,8,32,0,3,0.014758403412997723,0.0,24215.400390625
EleutherAI/pythia-70m,128,step128,70426624,6,8,32,0,4,0.01497037522494793,0.0,24215.400390625
EleutherAI/pythia-70m,128,step128,70426624,6,8,32,0,5,0.014134388417005539,0.0,24215.400390625
EleutherAI/pythia-70m,128,step128,70426624,6,8,32,0,6,0.013712137006223202,0.0,24215.400390625
EleutherAI/pythia-70m,128,step128,70426624,6,8,32,0,7,0.0146806500852108,0.0,24215.400390625
EleutherAI/pythia-70m,128,step128,70426624,6,8,32,1,0,0.011887483298778534,0.0,24215.400390625
EleutherAI/pythia-70m,128,step128,70426624,6,8,32,1,1,0.013265465386211872,0.0,24215.400390625
EleutherAI/pythia-70m,128,step128,70426624,6,8,32,1,2,0.01480575930327177,0.0,24215.400390625
EleutherAI/pythia-70m,128,step128,70426624,6,8,32,1,3,0.014133590273559093,0.0,24215.400390625
EleutherAI/pythia-70m,128,step128,70426624,6,8,32,1,4,0.013312275521457195,0.0,24215.400390625
EleutherAI/pythia-70m,128,step128,70426624,6,8,32,1,5,0.012888609431684017,0.0,24215.400390625
EleutherAI/pythia-70m,128,step128,70426624,6,8,32,1,6,0.01298375241458416,0.0,24215.400390625
EleutherAI/pythia-70m,128,step128,70426624,6,8,32,1,7,0.01267300732433796,0.0,24215.400390625
EleutherAI/pythia-70m,128,step128,70426624,6,8,32,2,0,0.011616844683885574,0.0,24215.400390625
EleutherAI/pythia-70m,128,step128,70426624,6,8,32,2,1,0.013225573115050793,0.0,24215.400390625
EleutherAI/pythia-70m,128,step128,70426624,6,8,32,2,2,0.01272895373404026,0.0,24215.400390625
EleutherAI/pythia-70m,128,step128,70426624,6,8,32,2,3,0.01251149084419012,0.0,24215.400390625
EleutherAI/pythia-70m,128,step128,70426624,6,8,32,2,4,0.013078208081424236,0.0,24215.400390625
EleutherAI/pythia-70m,128,step128,70426624,6,8,32,2,5,0.01572992280125618,0.0,24215.400390625
EleutherAI/pythia-70m,128,step128,70426624,6,8,32,2,6,0.014089414849877357,0.0,24215.400390625
EleutherAI/pythia-70m,128,step128,70426624,6,8,32,2,7,0.011438398621976376,0.0,24215.400390625
EleutherAI/pythia-70m,128,step128,70426624,6,8,32,3,0,0.010254322551190853,0.0,24215.400390625
EleutherAI/pythia-70m,128,step128,70426624,6,8,32,3,1,0.014173656702041626,0.0,24215.400390625
EleutherAI/pythia-70m,128,step128,70426624,6,8,32,3,2,0.01043118815869093,0.0,24215.400390625
EleutherAI/pythia-70m,128,step128,70426624,6,8,32,3,3,0.012572827748954296,0.0,24215.400390625
EleutherAI/pythia-70m,128,step128,70426624,6,8,32,3,4,0.0129669439047575,0.0,24215.400390625
EleutherAI/pythia-70m,128,step128,70426624,6,8,32,3,5,0.013257214799523354,0.0,24215.400390625
EleutherAI/pythia-70m,128,step128,70426624,6,8,32,3,6,0.01123690977692604,0.0,24215.400390625
EleutherAI/pythia-70m,128,step128,70426624,6,8,32,3,7,0.011555328033864498,0.0,24215.400390625
EleutherAI/pythia-70m,128,step128,70426624,6,8,32,4,0,0.009382289834320545,0.0,24215.400390625
EleutherAI/pythia-70m,128,step128,70426624,6,8,32,4,1,0.007115744519978762,0.0,24215.400390625
EleutherAI/pythia-70m,128,step128,70426624,6,8,32,4,2,0.010933914221823215,0.0,24215.400390625
EleutherAI/pythia-70m,128,step128,70426624,6,8,32,4,3,0.013025505468249321,0.0,24215.400390625
EleutherAI/pythia-70m,128,step128,70426624,6,8,32,4,4,0.0064978464506566525,0.0,24215.400390625
EleutherAI/pythia-70m,128,step128,70426624,6,8,32,4,5,0.006238666363060474,0.0,24215.400390625
EleutherAI/pythia-70m,128,step128,70426624,6,8,32,4,6,0.010787095874547958,0.0,24215.400390625
EleutherAI/pythia-70m,128,step128,70426624,6,8,32,4,7,0.011652309447526932,0.0,24215.400390625
EleutherAI/pythia-70m,128,step128,70426624,6,8,32,5,0,0.008660871535539627,0.0,24215.400390625
EleutherAI/pythia-70m,128,step128,70426624,6,8,32,5,1,0.009960060939192772,0.0,24215.400390625
EleutherAI/pythia-70m,128,step128,70426624,6,8,32,5,2,0.008917728438973427,0.0,24215.400390625
EleutherAI/pythia-70m,128,step128,70426624,6,8,32,5,3,0.008583087474107742,0.0,24215.400390625
EleutherAI/pythia-70m,128,step128,70426624,6,8,32,5,4,0.007583147846162319,0.0,24215.400390625
EleutherAI/pythia-70m,128,step128,70426624,6,8,32,5,5,0.009928664192557335,0.0,24215.400390625
EleutherAI/pythia-70m,128,step128,70426624,6,8,32,5,6,0.006808137986809015,0.0,24215.400390625
EleutherAI/pythia-70m,128,step128,70426624,6,8,32,5,7,0.007233370561152697,0.0,24215.400390625
EleutherAI/pythia-70m,128,step128,70426624,6,8,33,0,0,0.013952226378023624,0.0,23302.6796875
EleutherAI/pythia-70m,128,step128,70426624,6,8,33,0,1,0.0130354855209589,0.0,23302.6796875
EleutherAI/pythia-70m,128,step128,70426624,6,8,33,0,2,0.014930222183465958,0.0,23302.6796875
EleutherAI/pythia-70m,128,step128,70426624,6,8,33,0,3,0.015579123049974442,0.0,23302.6796875
EleutherAI/pythia-70m,128,step128,70426624,6,8,33,0,4,0.012340527959167957,0.0,23302.6796875
EleutherAI/pythia-70m,128,step128,70426624,6,8,33,0,5,0.013747971504926682,0.0,23302.6796875
EleutherAI/pythia-70m,128,step128,70426624,6,8,33,0,6,0.012477325275540352,0.0,23302.6796875
EleutherAI/pythia-70m,128,step128,70426624,6,8,33,0,7,0.012506243772804737,0.0,23302.6796875
EleutherAI/pythia-70m,128,step128,70426624,6,8,33,1,0,0.011884919367730618,0.0,23302.6796875
EleutherAI/pythia-70m,128,step128,70426624,6,8,33,1,1,0.013521978631615639,0.0,23302.6796875
EleutherAI/pythia-70m,128,step128,70426624,6,8,33,1,2,0.012408831156790257,0.0,23302.6796875
EleutherAI/pythia-70m,128,step128,70426624,6,8,33,1,3,0.013119803741574287,0.0,23302.6796875
EleutherAI/pythia-70m,128,step128,70426624,6,8,33,1,4,0.013660663738846779,0.0,23302.6796875
EleutherAI/pythia-70m,128,step128,70426624,6,8,33,1,5,0.012829439714550972,0.0,23302.6796875
EleutherAI/pythia-70m,128,step128,70426624,6,8,33,1,6,0.01238076202571392,0.0,23302.6796875
EleutherAI/pythia-70m,128,step128,70426624,6,8,33,1,7,0.01365725789219141,0.0,23302.6796875
EleutherAI/pythia-70m,128,step128,70426624,6,8,33,2,0,0.010612907819449902,0.0,23302.6796875
EleutherAI/pythia-70m,128,step128,70426624,6,8,33,2,1,0.012997398152947426,0.0,23302.6796875
EleutherAI/pythia-70m,128,step128,70426624,6,8,33,2,2,0.012785345315933228,0.0,23302.6796875
EleutherAI/pythia-70m,128,step128,70426624,6,8,33,2,3,0.011747858487069607,0.0,23302.6796875
EleutherAI/pythia-70m,128,step128,70426624,6,8,33,2,4,0.011826226487755775,0.0,23302.6796875
EleutherAI/pythia-70m,128,step128,70426624,6,8,33,2,5,0.01294951792806387,0.0,23302.6796875
EleutherAI/pythia-70m,128,step128,70426624,6,8,33,2,6,0.011790684424340725,0.0,23302.6796875
EleutherAI/pythia-70m,128,step128,70426624,6,8,33,2,7,0.012158944271504879,0.0,23302.6796875
EleutherAI/pythia-70m,128,step128,70426624,6,8,33,3,0,0.010379569604992867,0.0,23302.6796875
EleutherAI/pythia-70m,128,step128,70426624,6,8,33,3,1,0.013452514074742794,0.0,23302.6796875
EleutherAI/pythia-70m,128,step128,70426624,6,8,33,3,2,0.011788850650191307,0.0,23302.6796875
EleutherAI/pythia-70m,128,step128,70426624,6,8,33,3,3,0.011139225214719772,0.0,23302.6796875
EleutherAI/pythia-70m,128,step128,70426624,6,8,33,3,4,0.011734587140381336,0.0,23302.6796875
EleutherAI/pythia-70m,128,step128,70426624,6,8,33,3,5,0.013931477442383766,0.0,23302.6796875
EleutherAI/pythia-70m,128,step128,70426624,6,8,33,3,6,0.014043151400983334,0.0,23302.6796875
EleutherAI/pythia-70m,128,step128,70426624,6,8,33,3,7,0.012760268524289131,0.0,23302.6796875
EleutherAI/pythia-70m,128,step128,70426624,6,8,33,4,0,0.009824913926422596,0.0,23302.6796875
EleutherAI/pythia-70m,128,step128,70426624,6,8,33,4,1,0.008579066023230553,0.0,23302.6796875
EleutherAI/pythia-70m,128,step128,70426624,6,8,33,4,2,0.01273648627102375,0.0,23302.6796875
EleutherAI/pythia-70m,128,step128,70426624,6,8,33,4,3,0.01057183276861906,0.0,23302.6796875
EleutherAI/pythia-70m,128,step128,70426624,6,8,33,4,4,0.00981528777629137,0.0,23302.6796875
EleutherAI/pythia-70m,128,step128,70426624,6,8,33,4,5,0.007531109265983105,0.0,23302.6796875
EleutherAI/pythia-70m,128,step128,70426624,6,8,33,4,6,0.011960608884692192,0.0,23302.6796875
EleutherAI/pythia-70m,128,step128,70426624,6,8,33,4,7,0.011279940605163574,0.0,23302.6796875
EleutherAI/pythia-70m,128,step128,70426624,6,8,33,5,0,0.008340014144778252,0.0,23302.6796875
EleutherAI/pythia-70m,128,step128,70426624,6,8,33,5,1,0.011988921090960503,0.0,23302.6796875
EleutherAI/pythia-70m,128,step128,70426624,6,8,33,5,2,0.009019162505865097,0.0,23302.6796875
EleutherAI/pythia-70m,128,step128,70426624,6,8,33,5,3,0.010377788916230202,0.0,23302.6796875
EleutherAI/pythia-70m,128,step128,70426624,6,8,33,5,4,0.007978733628988266,0.0,23302.6796875
EleutherAI/pythia-70m,128,step128,70426624,6,8,33,5,5,0.010769755579531193,0.0,23302.6796875
EleutherAI/pythia-70m,128,step128,70426624,6,8,33,5,6,0.007997581735253334,0.0,23302.6796875
EleutherAI/pythia-70m,128,step128,70426624,6,8,33,5,7,0.007459751795977354,0.0,23302.6796875
EleutherAI/pythia-70m,128,step128,70426624,6,8,34,0,0,0.013331162743270397,0.0,27924.19921875
EleutherAI/pythia-70m,128,step128,70426624,6,8,34,0,1,0.012569332495331764,0.0,27924.19921875
EleutherAI/pythia-70m,128,step128,70426624,6,8,34,0,2,0.013590259477496147,0.0,27924.19921875
EleutherAI/pythia-70m,128,step128,70426624,6,8,34,0,3,0.013130600564181805,0.0,27924.19921875
EleutherAI/pythia-70m,128,step128,70426624,6,8,34,0,4,0.014710604213178158,0.0,27924.19921875
EleutherAI/pythia-70m,128,step128,70426624,6,8,34,0,5,0.013882458209991455,0.0,27924.19921875
EleutherAI/pythia-70m,128,step128,70426624,6,8,34,0,6,0.013361991383135319,0.0,27924.19921875
EleutherAI/pythia-70m,128,step128,70426624,6,8,34,0,7,0.01452697068452835,0.0,27924.19921875
EleutherAI/pythia-70m,128,step128,70426624,6,8,34,1,0,0.011965513229370117,0.0,27924.19921875
EleutherAI/pythia-70m,128,step128,70426624,6,8,34,1,1,0.013757472857832909,0.0,27924.19921875
EleutherAI/pythia-70m,128,step128,70426624,6,8,34,1,2,0.012713789008557796,0.0,27924.19921875
EleutherAI/pythia-70m,128,step128,70426624,6,8,34,1,3,0.012617451138794422,0.0,27924.19921875
EleutherAI/pythia-70m,128,step128,70426624,6,8,34,1,4,0.011982288211584091,0.0,27924.19921875
EleutherAI/pythia-70m,128,step128,70426624,6,8,34,1,5,0.014601238071918488,0.0,27924.19921875
EleutherAI/pythia-70m,128,step128,70426624,6,8,34,1,6,0.012532859109342098,0.0,27924.19921875
EleutherAI/pythia-70m,128,step128,70426624,6,8,34,1,7,0.013830424286425114,0.0,27924.19921875
EleutherAI/pythia-70m,128,step128,70426624,6,8,34,2,0,0.010403592139482498,0.0,27924.19921875
EleutherAI/pythia-70m,128,step128,70426624,6,8,34,2,1,0.014313862659037113,0.0,27924.19921875
EleutherAI/pythia-70m,128,step128,70426624,6,8,34,2,2,0.013533429242670536,0.0,27924.19921875
EleutherAI/pythia-70m,128,step128,70426624,6,8,34,2,3,0.011251836083829403,0.0,27924.19921875
EleutherAI/pythia-70m,128,step128,70426624,6,8,34,2,4,0.01295631006360054,0.0,27924.19921875
EleutherAI/pythia-70m,128,step128,70426624,6,8,34,2,5,0.01313907653093338,0.0,27924.19921875
EleutherAI/pythia-70m,128,step128,70426624,6,8,34,2,6,0.013515545055270195,0.0,27924.19921875
EleutherAI/pythia-70m,128,step128,70426624,6,8,34,2,7,0.01125038880854845,0.0,27924.19921875
EleutherAI/pythia-70m,128,step128,70426624,6,8,34,3,0,0.010144760832190514,0.0,27924.19921875
EleutherAI/pythia-70m,128,step128,70426624,6,8,34,3,1,0.012413939461112022,0.0,27924.19921875
EleutherAI/pythia-70m,128,step128,70426624,6,8,34,3,2,0.01139611005783081,0.0,27924.19921875
EleutherAI/pythia-70m,128,step128,70426624,6,8,34,3,3,0.014520908705890179,0.0,27924.19921875
EleutherAI/pythia-70m,128,step128,70426624,6,8,34,3,4,0.013162652030587196,0.0,27924.19921875
EleutherAI/pythia-70m,128,step128,70426624,6,8,34,3,5,0.01325313188135624,0.0,27924.19921875
EleutherAI/pythia-70m,128,step128,70426624,6,8,34,3,6,0.013295176438987255,0.0,27924.19921875
EleutherAI/pythia-70m,128,step128,70426624,6,8,34,3,7,0.013030889444053173,0.0,27924.19921875
EleutherAI/pythia-70m,128,step128,70426624,6,8,34,4,0,0.010869928635656834,0.0,27924.19921875
EleutherAI/pythia-70m,128,step128,70426624,6,8,34,4,1,0.008382127620279789,0.0,27924.19921875
EleutherAI/pythia-70m,128,step128,70426624,6,8,34,4,2,0.010511618107557297,0.0,27924.19921875
EleutherAI/pythia-70m,128,step128,70426624,6,8,34,4,3,0.011316725052893162,0.0,27924.19921875
EleutherAI/pythia-70m,128,step128,70426624,6,8,34,4,4,0.006618783343583345,0.0,27924.19921875
EleutherAI/pythia-70m,128,step128,70426624,6,8,34,4,5,0.007837554439902306,0.0,27924.19921875
EleutherAI/pythia-70m,128,step128,70426624,6,8,34,4,6,0.01007287297397852,0.0,27924.19921875
EleutherAI/pythia-70m,128,step128,70426624,6,8,34,4,7,0.010522689670324326,0.0,27924.19921875
EleutherAI/pythia-70m,128,step128,70426624,6,8,34,5,0,0.009335803799331188,0.0,27924.19921875
EleutherAI/pythia-70m,128,step128,70426624,6,8,34,5,1,0.009720656089484692,0.0,27924.19921875
EleutherAI/pythia-70m,128,step128,70426624,6,8,34,5,2,0.010014057159423828,0.0,27924.19921875
EleutherAI/pythia-70m,128,step128,70426624,6,8,34,5,3,0.010790599510073662,0.0,27924.19921875
EleutherAI/pythia-70m,128,step128,70426624,6,8,34,5,4,0.006755405571311712,0.0,27924.19921875
EleutherAI/pythia-70m,128,step128,70426624,6,8,34,5,5,0.011310089379549026,0.0,27924.19921875
EleutherAI/pythia-70m,128,step128,70426624,6,8,34,5,6,0.00662278663367033,0.0,27924.19921875
EleutherAI/pythia-70m,128,step128,70426624,6,8,34,5,7,0.005750073119997978,0.0,27924.19921875
EleutherAI/pythia-70m,128,step128,70426624,6,8,35,0,0,0.015081076882779598,0.0,24180.880859375
EleutherAI/pythia-70m,128,step128,70426624,6,8,35,0,1,0.013186135329306126,0.0,24180.880859375
EleutherAI/pythia-70m,128,step128,70426624,6,8,35,0,2,0.013887617737054825,0.0,24180.880859375
EleutherAI/pythia-70m,128,step128,70426624,6,8,35,0,3,0.013362702913582325,0.0,24180.880859375
EleutherAI/pythia-70m,128,step128,70426624,6,8,35,0,4,0.01414875965565443,0.0,24180.880859375
EleutherAI/pythia-70m,128,step128,70426624,6,8,35,0,5,0.014242353849112988,0.0,24180.880859375
EleutherAI/pythia-70m,128,step128,70426624,6,8,35,0,6,0.014936856925487518,0.0,24180.880859375
EleutherAI/pythia-70m,128,step128,70426624,6,8,35,0,7,0.014644266106188297,0.0,24180.880859375
EleutherAI/pythia-70m,128,step128,70426624,6,8,35,1,0,0.01198718324303627,0.0,24180.880859375
EleutherAI/pythia-70m,128,step128,70426624,6,8,35,1,1,0.013944770209491253,0.0,24180.880859375
EleutherAI/pythia-70m,128,step128,70426624,6,8,35,1,2,0.012815158814191818,0.0,24180.880859375
EleutherAI/pythia-70m,128,step128,70426624,6,8,35,1,3,0.013340816833078861,0.0,24180.880859375
EleutherAI/pythia-70m,128,step128,70426624,6,8,35,1,4,0.012009169906377792,0.0,24180.880859375
EleutherAI/pythia-70m,128,step128,70426624,6,8,35,1,5,0.01466322224587202,0.0,24180.880859375
EleutherAI/pythia-70m,128,step128,70426624,6,8,35,1,6,0.01360354758799076,0.0,24180.880859375
EleutherAI/pythia-70m,128,step128,70426624,6,8,35,1,7,0.01356149185448885,0.0,24180.880859375
EleutherAI/pythia-70m,128,step128,70426624,6,8,35,2,0,0.010328170843422413,0.0,24180.880859375
EleutherAI/pythia-70m,128,step128,70426624,6,8,35,2,1,0.01337402779608965,0.0,24180.880859375
EleutherAI/pythia-70m,128,step128,70426624,6,8,35,2,2,0.01438565831631422,0.0,24180.880859375
EleutherAI/pythia-70m,128,step128,70426624,6,8,35,2,3,0.011964242905378342,0.0,24180.880859375
EleutherAI/pythia-70m,128,step128,70426624,6,8,35,2,4,0.011457021348178387,0.0,24180.880859375
EleutherAI/pythia-70m,128,step128,70426624,6,8,35,2,5,0.015638917684555054,0.0,24180.880859375
EleutherAI/pythia-70m,128,step128,70426624,6,8,35,2,6,0.014620632864534855,0.0,24180.880859375
EleutherAI/pythia-70m,128,step128,70426624,6,8,35,2,7,0.01154271885752678,0.0,24180.880859375
EleutherAI/pythia-70m,128,step128,70426624,6,8,35,3,0,0.010053438134491444,0.0,24180.880859375
EleutherAI/pythia-70m,128,step128,70426624,6,8,35,3,1,0.01263317372649908,0.0,24180.880859375
EleutherAI/pythia-70m,128,step128,70426624,6,8,35,3,2,0.011424221098423004,0.0,24180.880859375
EleutherAI/pythia-70m,128,step128,70426624,6,8,35,3,3,0.013684023171663284,0.0,24180.880859375
EleutherAI/pythia-70m,128,step128,70426624,6,8,35,3,4,0.0159939955919981,0.0,24180.880859375
EleutherAI/pythia-70m,128,step128,70426624,6,8,35,3,5,0.01278031338006258,0.0,24180.880859375
EleutherAI/pythia-70m,128,step128,70426624,6,8,35,3,6,0.013089491985738277,0.0,24180.880859375
EleutherAI/pythia-70m,128,step128,70426624,6,8,35,3,7,0.013505109585821629,0.0,24180.880859375
EleutherAI/pythia-70m,128,step128,70426624,6,8,35,4,0,0.012064469046890736,0.0,24180.880859375
EleutherAI/pythia-70m,128,step128,70426624,6,8,35,4,1,0.008797961287200451,0.0,24180.880859375
EleutherAI/pythia-70m,128,step128,70426624,6,8,35,4,2,0.012106746435165405,0.0,24180.880859375
EleutherAI/pythia-70m,128,step128,70426624,6,8,35,4,3,0.012521126307547092,0.0,24180.880859375
EleutherAI/pythia-70m,128,step128,70426624,6,8,35,4,4,0.006698242854326963,0.0,24180.880859375
EleutherAI/pythia-70m,128,step128,70426624,6,8,35,4,5,0.006603701505810022,0.0,24180.880859375
EleutherAI/pythia-70m,128,step128,70426624,6,8,35,4,6,0.010563811287283897,0.0,24180.880859375
EleutherAI/pythia-70m,128,step128,70426624,6,8,35,4,7,0.01070878654718399,0.0,24180.880859375
EleutherAI/pythia-70m,128,step128,70426624,6,8,35,5,0,0.009085584431886673,0.0,24180.880859375
EleutherAI/pythia-70m,128,step128,70426624,6,8,35,5,1,0.012141202576458454,0.0,24180.880859375
EleutherAI/pythia-70m,128,step128,70426624,6,8,35,5,2,0.009872138500213623,0.0,24180.880859375
EleutherAI/pythia-70m,128,step128,70426624,6,8,35,5,3,0.011068842373788357,0.0,24180.880859375
EleutherAI/pythia-70m,128,step128,70426624,6,8,35,5,4,0.008086190558969975,0.0,24180.880859375
EleutherAI/pythia-70m,128,step128,70426624,6,8,35,5,5,0.010398256592452526,0.0,24180.880859375
EleutherAI/pythia-70m,128,step128,70426624,6,8,35,5,6,0.00869438424706459,0.0,24180.880859375
EleutherAI/pythia-70m,128,step128,70426624,6,8,35,5,7,0.006908227689564228,0.0,24180.880859375
EleutherAI/pythia-70m,128,step128,70426624,6,8,36,0,0,0.013407268561422825,0.0,25395.619140625
EleutherAI/pythia-70m,128,step128,70426624,6,8,36,0,1,0.013789722695946693,0.0,25395.619140625
EleutherAI/pythia-70m,128,step128,70426624,6,8,36,0,2,0.013938619755208492,0.0,25395.619140625
EleutherAI/pythia-70m,128,step128,70426624,6,8,36,0,3,0.013472085818648338,0.0,25395.619140625
EleutherAI/pythia-70m,128,step128,70426624,6,8,36,0,4,0.014200840145349503,0.0,25395.619140625
EleutherAI/pythia-70m,128,step128,70426624,6,8,36,0,5,0.013712159357964993,0.0,25395.619140625
EleutherAI/pythia-70m,128,step128,70426624,6,8,36,0,6,0.014875591732561588,0.0,25395.619140625
EleutherAI/pythia-70m,128,step128,70426624,6,8,36,0,7,0.011955039575695992,0.0,25395.619140625
EleutherAI/pythia-70m,128,step128,70426624,6,8,36,1,0,0.01274464838206768,0.0,25395.619140625
EleutherAI/pythia-70m,128,step128,70426624,6,8,36,1,1,0.015320208854973316,0.0,25395.619140625
EleutherAI/pythia-70m,128,step128,70426624,6,8,36,1,2,0.012830067425966263,0.0,25395.619140625
EleutherAI/pythia-70m,128,step128,70426624,6,8,36,1,3,0.011916308663785458,0.0,25395.619140625
EleutherAI/pythia-70m,128,step128,70426624,6,8,36,1,4,0.01279105618596077,0.0,25395.619140625
EleutherAI/pythia-70m,128,step128,70426624,6,8,36,1,5,0.0122644929215312,0.0,25395.619140625
EleutherAI/pythia-70m,128,step128,70426624,6,8,36,1,6,0.013310091570019722,0.0,25395.619140625
EleutherAI/pythia-70m,128,step128,70426624,6,8,36,1,7,0.012827572412788868,0.0,25395.619140625
EleutherAI/pythia-70m,128,step128,70426624,6,8,36,2,0,0.009130686521530151,0.0,25395.619140625
EleutherAI/pythia-70m,128,step128,70426624,6,8,36,2,1,0.012598538771271706,0.0,25395.619140625
EleutherAI/pythia-70m,128,step128,70426624,6,8,36,2,2,0.0125867435708642,0.0,25395.619140625
EleutherAI/pythia-70m,128,step128,70426624,6,8,36,2,3,0.012384309433400631,0.0,25395.619140625
EleutherAI/pythia-70m,128,step128,70426624,6,8,36,2,4,0.012241397053003311,0.0,25395.619140625
EleutherAI/pythia-70m,128,step128,70426624,6,8,36,2,5,0.015448627062141895,0.0,25395.619140625
EleutherAI/pythia-70m,128,step128,70426624,6,8,36,2,6,0.01438095886260271,0.0,25395.619140625
EleutherAI/pythia-70m,128,step128,70426624,6,8,36,2,7,0.010271744802594185,0.0,25395.619140625
EleutherAI/pythia-70m,128,step128,70426624,6,8,36,3,0,0.009518589824438095,0.0,25395.619140625
EleutherAI/pythia-70m,128,step128,70426624,6,8,36,3,1,0.013295412994921207,0.0,25395.619140625
EleutherAI/pythia-70m,128,step128,70426624,6,8,36,3,2,0.012570020742714405,0.0,25395.619140625
EleutherAI/pythia-70m,128,step128,70426624,6,8,36,3,3,0.01382325030863285,0.0,25395.619140625
EleutherAI/pythia-70m,128,step128,70426624,6,8,36,3,4,0.013723957352340221,0.0,25395.619140625
EleutherAI/pythia-70m,128,step128,70426624,6,8,36,3,5,0.013796590268611908,0.0,25395.619140625
EleutherAI/pythia-70m,128,step128,70426624,6,8,36,3,6,0.012182091362774372,0.0,25395.619140625
EleutherAI/pythia-70m,128,step128,70426624,6,8,36,3,7,0.012719972059130669,0.0,25395.619140625
EleutherAI/pythia-70m,128,step128,70426624,6,8,36,4,0,0.011054718866944313,0.0,25395.619140625
EleutherAI/pythia-70m,128,step128,70426624,6,8,36,4,1,0.00831582397222519,0.0,25395.619140625
EleutherAI/pythia-70m,128,step128,70426624,6,8,36,4,2,0.009708342142403126,0.0,25395.619140625
EleutherAI/pythia-70m,128,step128,70426624,6,8,36,4,3,0.011603016406297684,0.0,25395.619140625
EleutherAI/pythia-70m,128,step128,70426624,6,8,36,4,4,0.0072032795287668705,0.0,25395.619140625
EleutherAI/pythia-70m,128,step128,70426624,6,8,36,4,5,0.007807722315192223,0.0,25395.619140625
EleutherAI/pythia-70m,128,step128,70426624,6,8,36,4,6,0.010406527668237686,0.0,25395.619140625
EleutherAI/pythia-70m,128,step128,70426624,6,8,36,4,7,0.011780760250985622,0.0,25395.619140625
EleutherAI/pythia-70m,128,step128,70426624,6,8,36,5,0,0.010881469585001469,0.0,25395.619140625
EleutherAI/pythia-70m,128,step128,70426624,6,8,36,5,1,0.010102922096848488,0.0,25395.619140625
EleutherAI/pythia-70m,128,step128,70426624,6,8,36,5,2,0.010076604783535004,0.0,25395.619140625
EleutherAI/pythia-70m,128,step128,70426624,6,8,36,5,3,0.01166571769863367,0.0,25395.619140625
EleutherAI/pythia-70m,128,step128,70426624,6,8,36,5,4,0.007855967618525028,0.0,25395.619140625
EleutherAI/pythia-70m,128,step128,70426624,6,8,36,5,5,0.00975851435214281,0.0,25395.619140625
EleutherAI/pythia-70m,128,step128,70426624,6,8,36,5,6,0.00882200337946415,0.0,25395.619140625
EleutherAI/pythia-70m,128,step128,70426624,6,8,36,5,7,0.007400363218039274,0.0,25395.619140625
EleutherAI/pythia-70m,128,step128,70426624,6,8,37,0,0,0.013749215751886368,0.0,27409.5390625
EleutherAI/pythia-70m,128,step128,70426624,6,8,37,0,1,0.015624335035681725,0.0,27409.5390625
EleutherAI/pythia-70m,128,step128,70426624,6,8,37,0,2,0.013993630185723305,0.0,27409.5390625
EleutherAI/pythia-70m,128,step128,70426624,6,8,37,0,3,0.01380199659615755,0.0,27409.5390625
EleutherAI/pythia-70m,128,step128,70426624,6,8,37,0,4,0.013995878398418427,0.0,27409.5390625
EleutherAI/pythia-70m,128,step128,70426624,6,8,37,0,5,0.014062754809856415,0.0,27409.5390625
EleutherAI/pythia-70m,128,step128,70426624,6,8,37,0,6,0.014045673422515392,0.0,27409.5390625
EleutherAI/pythia-70m,128,step128,70426624,6,8,37,0,7,0.014306088909506798,0.0,27409.5390625
EleutherAI/pythia-70m,128,step128,70426624,6,8,37,1,0,0.013748559169471264,0.0,27409.5390625
EleutherAI/pythia-70m,128,step128,70426624,6,8,37,1,1,0.013157985173165798,0.0,27409.5390625
EleutherAI/pythia-70m,128,step128,70426624,6,8,37,1,2,0.013535285368561745,0.0,27409.5390625
EleutherAI/pythia-70m,128,step128,70426624,6,8,37,1,3,0.013009629212319851,0.0,27409.5390625
EleutherAI/pythia-70m,128,step128,70426624,6,8,37,1,4,0.012443479150533676,0.0,27409.5390625
EleutherAI/pythia-70m,128,step128,70426624,6,8,37,1,5,0.013641982339322567,0.0,27409.5390625
EleutherAI/pythia-70m,128,step128,70426624,6,8,37,1,6,0.015454909764230251,0.0,27409.5390625
EleutherAI/pythia-70m,128,step128,70426624,6,8,37,1,7,0.013139245100319386,0.0,27409.5390625
EleutherAI/pythia-70m,128,step128,70426624,6,8,37,2,0,0.009640462696552277,0.0,27409.5390625
EleutherAI/pythia-70m,128,step128,70426624,6,8,37,2,1,0.01291250716894865,0.0,27409.5390625
EleutherAI/pythia-70m,128,step128,70426624,6,8,37,2,2,0.013592828065156937,0.0,27409.5390625
EleutherAI/pythia-70m,128,step128,70426624,6,8,37,2,3,0.011832739226520061,0.0,27409.5390625
EleutherAI/pythia-70m,128,step128,70426624,6,8,37,2,4,0.013646598905324936,0.0,27409.5390625
EleutherAI/pythia-70m,128,step128,70426624,6,8,37,2,5,0.01481457706540823,0.0,27409.5390625
EleutherAI/pythia-70m,128,step128,70426624,6,8,37,2,6,0.01294124685227871,0.0,27409.5390625
EleutherAI/pythia-70m,128,step128,70426624,6,8,37,2,7,0.011347193270921707,0.0,27409.5390625
EleutherAI/pythia-70m,128,step128,70426624,6,8,37,3,0,0.009569069370627403,0.0,27409.5390625
EleutherAI/pythia-70m,128,step128,70426624,6,8,37,3,1,0.013178136199712753,0.0,27409.5390625
EleutherAI/pythia-70m,128,step128,70426624,6,8,37,3,2,0.012543614953756332,0.0,27409.5390625
EleutherAI/pythia-70m,128,step128,70426624,6,8,37,3,3,0.014291893690824509,0.0,27409.5390625
EleutherAI/pythia-70m,128,step128,70426624,6,8,37,3,4,0.014241610653698444,0.0,27409.5390625
EleutherAI/pythia-70m,128,step128,70426624,6,8,37,3,5,0.014711354859173298,0.0,27409.5390625
EleutherAI/pythia-70m,128,step128,70426624,6,8,37,3,6,0.011947824619710445,0.0,27409.5390625
EleutherAI/pythia-70m,128,step128,70426624,6,8,37,3,7,0.012733862735331059,0.0,27409.5390625
EleutherAI/pythia-70m,128,step128,70426624,6,8,37,4,0,0.009799920953810215,0.0,27409.5390625
EleutherAI/pythia-70m,128,step128,70426624,6,8,37,4,1,0.007890000939369202,0.0,27409.5390625
EleutherAI/pythia-70m,128,step128,70426624,6,8,37,4,2,0.010820066556334496,0.0,27409.5390625
EleutherAI/pythia-70m,128,step128,70426624,6,8,37,4,3,0.011359598487615585,0.0,27409.5390625
EleutherAI/pythia-70m,128,step128,70426624,6,8,37,4,4,0.008380914106965065,0.0,27409.5390625
EleutherAI/pythia-70m,128,step128,70426624,6,8,37,4,5,0.00598013773560524,0.0,27409.5390625
EleutherAI/pythia-70m,128,step128,70426624,6,8,37,4,6,0.009959886781871319,0.0,27409.5390625
EleutherAI/pythia-70m,128,step128,70426624,6,8,37,4,7,0.011046593077480793,0.0,27409.5390625
EleutherAI/pythia-70m,128,step128,70426624,6,8,37,5,0,0.008920110762119293,0.0,27409.5390625
EleutherAI/pythia-70m,128,step128,70426624,6,8,37,5,1,0.010379818268120289,0.0,27409.5390625
EleutherAI/pythia-70m,128,step128,70426624,6,8,37,5,2,0.010208186693489552,0.0,27409.5390625
EleutherAI/pythia-70m,128,step128,70426624,6,8,37,5,3,0.00952759850770235,0.0,27409.5390625
EleutherAI/pythia-70m,128,step128,70426624,6,8,37,5,4,0.008004865609109402,0.0,27409.5390625
EleutherAI/pythia-70m,128,step128,70426624,6,8,37,5,5,0.009894683957099915,0.0,27409.5390625
EleutherAI/pythia-70m,128,step128,70426624,6,8,37,5,6,0.007640400901436806,0.0,27409.5390625
EleutherAI/pythia-70m,128,step128,70426624,6,8,37,5,7,0.006972300820052624,0.0,27409.5390625
EleutherAI/pythia-70m,128,step128,70426624,6,8,38,0,0,0.013971472159028053,0.0,25545.0390625
EleutherAI/pythia-70m,128,step128,70426624,6,8,38,0,1,0.015120452269911766,0.0,25545.0390625
EleutherAI/pythia-70m,128,step128,70426624,6,8,38,0,2,0.013187906704843044,0.0,25545.0390625
EleutherAI/pythia-70m,128,step128,70426624,6,8,38,0,3,0.01320509985089302,0.0,25545.0390625
EleutherAI/pythia-70m,128,step128,70426624,6,8,38,0,4,0.012258232571184635,0.0,25545.0390625
EleutherAI/pythia-70m,128,step128,70426624,6,8,38,0,5,0.013846136629581451,0.0,25545.0390625
EleutherAI/pythia-70m,128,step128,70426624,6,8,38,0,6,0.013745492324233055,0.0,25545.0390625
EleutherAI/pythia-70m,128,step128,70426624,6,8,38,0,7,0.014198403805494308,0.0,25545.0390625
EleutherAI/pythia-70m,128,step128,70426624,6,8,38,1,0,0.012614467181265354,0.0,25545.0390625
EleutherAI/pythia-70m,128,step128,70426624,6,8,38,1,1,0.014311810955405235,0.0,25545.0390625
EleutherAI/pythia-70m,128,step128,70426624,6,8,38,1,2,0.013940096832811832,0.0,25545.0390625
EleutherAI/pythia-70m,128,step128,70426624,6,8,38,1,3,0.011797253042459488,0.0,25545.0390625
EleutherAI/pythia-70m,128,step128,70426624,6,8,38,1,4,0.012238580733537674,0.0,25545.0390625
EleutherAI/pythia-70m,128,step128,70426624,6,8,38,1,5,0.0140389921143651,0.0,25545.0390625
EleutherAI/pythia-70m,128,step128,70426624,6,8,38,1,6,0.012240705080330372,0.0,25545.0390625
EleutherAI/pythia-70m,128,step128,70426624,6,8,38,1,7,0.013176102191209793,0.0,25545.0390625
EleutherAI/pythia-70m,128,step128,70426624,6,8,38,2,0,0.010879285633563995,0.0,25545.0390625
EleutherAI/pythia-70m,128,step128,70426624,6,8,38,2,1,0.01370068546384573,0.0,25545.0390625
EleutherAI/pythia-70m,128,step128,70426624,6,8,38,2,2,0.015410874038934708,0.0,25545.0390625
EleutherAI/pythia-70m,128,step128,70426624,6,8,38,2,3,0.010639958083629608,0.0,25545.0390625
EleutherAI/pythia-70m,128,step128,70426624,6,8,38,2,4,0.012098985724151134,0.0,25545.0390625
EleutherAI/pythia-70m,128,step128,70426624,6,8,38,2,5,0.013237164355814457,0.0,25545.0390625
EleutherAI/pythia-70m,128,step128,70426624,6,8,38,2,6,0.014102444984018803,0.0,25545.0390625
EleutherAI/pythia-70m,128,step128,70426624,6,8,38,2,7,0.011374291032552719,0.0,25545.0390625
EleutherAI/pythia-70m,128,step128,70426624,6,8,38,3,0,0.010832631960511208,0.0,25545.0390625
EleutherAI/pythia-70m,128,step128,70426624,6,8,38,3,1,0.012079307809472084,0.0,25545.0390625
EleutherAI/pythia-70m,128,step128,70426624,6,8,38,3,2,0.010766588151454926,0.0,25545.0390625
EleutherAI/pythia-70m,128,step128,70426624,6,8,38,3,3,0.012948716059327126,0.0,25545.0390625
EleutherAI/pythia-70m,128,step128,70426624,6,8,38,3,4,0.012989615090191364,0.0,25545.0390625
EleutherAI/pythia-70m,128,step128,70426624,6,8,38,3,5,0.014990605413913727,0.0,25545.0390625
EleutherAI/pythia-70m,128,step128,70426624,6,8,38,3,6,0.013402938842773438,0.0,25545.0390625
EleutherAI/pythia-70m,128,step128,70426624,6,8,38,3,7,0.012524974532425404,0.0,25545.0390625
EleutherAI/pythia-70m,128,step128,70426624,6,8,38,4,0,0.010300848633050919,0.0,25545.0390625
EleutherAI/pythia-70m,128,step128,70426624,6,8,38,4,1,0.009656456299126148,0.0,25545.0390625
EleutherAI/pythia-70m,128,step128,70426624,6,8,38,4,2,0.008999747224152088,0.0,25545.0390625
EleutherAI/pythia-70m,128,step128,70426624,6,8,38,4,3,0.012486985884606838,0.0,25545.0390625
EleutherAI/pythia-70m,128,step128,70426624,6,8,38,4,4,0.008128653280436993,0.0,25545.0390625
EleutherAI/pythia-70m,128,step128,70426624,6,8,38,4,5,0.007199166342616081,0.0,25545.0390625
EleutherAI/pythia-70m,128,step128,70426624,6,8,38,4,6,0.012224555015563965,0.0,25545.0390625
EleutherAI/pythia-70m,128,step128,70426624,6,8,38,4,7,0.011950187385082245,0.0,25545.0390625
EleutherAI/pythia-70m,128,step128,70426624,6,8,38,5,0,0.007912689819931984,0.0,25545.0390625
EleutherAI/pythia-70m,128,step128,70426624,6,8,38,5,1,0.010593913495540619,0.0,25545.0390625
EleutherAI/pythia-70m,128,step128,70426624,6,8,38,5,2,0.01026479247957468,0.0,25545.0390625
EleutherAI/pythia-70m,128,step128,70426624,6,8,38,5,3,0.010391938500106335,0.0,25545.0390625
EleutherAI/pythia-70m,128,step128,70426624,6,8,38,5,4,0.008476117625832558,0.0,25545.0390625
EleutherAI/pythia-70m,128,step128,70426624,6,8,38,5,5,0.0097512723878026,0.0,25545.0390625
EleutherAI/pythia-70m,128,step128,70426624,6,8,38,5,6,0.008160378783941269,0.0,25545.0390625
EleutherAI/pythia-70m,128,step128,70426624,6,8,38,5,7,0.005938625894486904,0.0,25545.0390625
EleutherAI/pythia-70m,128,step128,70426624,6,8,39,0,0,0.013231830671429634,0.0,24655.140625
EleutherAI/pythia-70m,128,step128,70426624,6,8,39,0,1,0.014913959428668022,0.0,24655.140625
EleutherAI/pythia-70m,128,step128,70426624,6,8,39,0,2,0.01552740577608347,0.0,24655.140625
EleutherAI/pythia-70m,128,step128,70426624,6,8,39,0,3,0.013563258573412895,0.0,24655.140625
EleutherAI/pythia-70m,128,step128,70426624,6,8,39,0,4,0.012678918428719044,0.0,24655.140625
EleutherAI/pythia-70m,128,step128,70426624,6,8,39,0,5,0.014421866275370121,0.0,24655.140625
EleutherAI/pythia-70m,128,step128,70426624,6,8,39,0,6,0.014262067154049873,0.0,24655.140625
EleutherAI/pythia-70m,128,step128,70426624,6,8,39,0,7,0.012752971611917019,0.0,24655.140625
EleutherAI/pythia-70m,128,step128,70426624,6,8,39,1,0,0.012275954708456993,0.0,24655.140625
EleutherAI/pythia-70m,128,step128,70426624,6,8,39,1,1,0.012877920642495155,0.0,24655.140625
EleutherAI/pythia-70m,128,step128,70426624,6,8,39,1,2,0.012872730381786823,0.0,24655.140625
EleutherAI/pythia-70m,128,step128,70426624,6,8,39,1,3,0.013094987720251083,0.0,24655.140625
EleutherAI/pythia-70m,128,step128,70426624,6,8,39,1,4,0.01266841683536768,0.0,24655.140625
EleutherAI/pythia-70m,128,step128,70426624,6,8,39,1,5,0.014024275355041027,0.0,24655.140625
EleutherAI/pythia-70m,128,step128,70426624,6,8,39,1,6,0.01407670509070158,0.0,24655.140625
EleutherAI/pythia-70m,128,step128,70426624,6,8,39,1,7,0.012950131669640541,0.0,24655.140625
EleutherAI/pythia-70m,128,step128,70426624,6,8,39,2,0,0.012010457925498486,0.0,24655.140625
EleutherAI/pythia-70m,128,step128,70426624,6,8,39,2,1,0.01399573590606451,0.0,24655.140625
EleutherAI/pythia-70m,128,step128,70426624,6,8,39,2,2,0.012951855547726154,0.0,24655.140625
EleutherAI/pythia-70m,128,step128,70426624,6,8,39,2,3,0.01169386226683855,0.0,24655.140625
EleutherAI/pythia-70m,128,step128,70426624,6,8,39,2,4,0.014489805325865746,0.0,24655.140625
EleutherAI/pythia-70m,128,step128,70426624,6,8,39,2,5,0.014529485255479813,0.0,24655.140625
EleutherAI/pythia-70m,128,step128,70426624,6,8,39,2,6,0.011930594220757484,0.0,24655.140625
EleutherAI/pythia-70m,128,step128,70426624,6,8,39,2,7,0.011899907141923904,0.0,24655.140625
EleutherAI/pythia-70m,128,step128,70426624,6,8,39,3,0,0.010738283395767212,0.0,24655.140625
EleutherAI/pythia-70m,128,step128,70426624,6,8,39,3,1,0.013262269087135792,0.0,24655.140625
EleutherAI/pythia-70m,128,step128,70426624,6,8,39,3,2,0.011397982016205788,0.0,24655.140625
EleutherAI/pythia-70m,128,step128,70426624,6,8,39,3,3,0.013128369115293026,0.0,24655.140625
EleutherAI/pythia-70m,128,step128,70426624,6,8,39,3,4,0.013540642336010933,0.0,24655.140625
EleutherAI/pythia-70m,128,step128,70426624,6,8,39,3,5,0.013137366622686386,0.0,24655.140625
EleutherAI/pythia-70m,128,step128,70426624,6,8,39,3,6,0.01222990546375513,0.0,24655.140625
EleutherAI/pythia-70m,128,step128,70426624,6,8,39,3,7,0.012006628327071667,0.0,24655.140625
EleutherAI/pythia-70m,128,step128,70426624,6,8,39,4,0,0.011394648812711239,0.0,24655.140625
EleutherAI/pythia-70m,128,step128,70426624,6,8,39,4,1,0.008699188008904457,0.0,24655.140625
EleutherAI/pythia-70m,128,step128,70426624,6,8,39,4,2,0.012552130036056042,0.0,24655.140625
EleutherAI/pythia-70m,128,step128,70426624,6,8,39,4,3,0.01160394586622715,0.0,24655.140625
EleutherAI/pythia-70m,128,step128,70426624,6,8,39,4,4,0.008241663686931133,0.0,24655.140625
EleutherAI/pythia-70m,128,step128,70426624,6,8,39,4,5,0.007512493059039116,0.0,24655.140625
EleutherAI/pythia-70m,128,step128,70426624,6,8,39,4,6,0.009586773812770844,0.0,24655.140625
EleutherAI/pythia-70m,128,step128,70426624,6,8,39,4,7,0.011828001588582993,0.0,24655.140625
EleutherAI/pythia-70m,128,step128,70426624,6,8,39,5,0,0.009655572474002838,0.0,24655.140625
EleutherAI/pythia-70m,128,step128,70426624,6,8,39,5,1,0.011513152159750462,0.0,24655.140625
EleutherAI/pythia-70m,128,step128,70426624,6,8,39,5,2,0.010425912216305733,0.0,24655.140625
EleutherAI/pythia-70m,128,step128,70426624,6,8,39,5,3,0.009876150637865067,0.0,24655.140625
EleutherAI/pythia-70m,128,step128,70426624,6,8,39,5,4,0.007236314006149769,0.0,24655.140625
EleutherAI/pythia-70m,128,step128,70426624,6,8,39,5,5,0.008959353901445866,0.0,24655.140625
EleutherAI/pythia-70m,128,step128,70426624,6,8,39,5,6,0.008661755360662937,0.0,24655.140625
EleutherAI/pythia-70m,128,step128,70426624,6,8,39,5,7,0.008291981182992458,0.0,24655.140625
EleutherAI/pythia-70m,128,step128,70426624,6,8,40,0,0,0.013601469807326794,0.0,24330.560546875
EleutherAI/pythia-70m,128,step128,70426624,6,8,40,0,1,0.013125741854310036,0.0,24330.560546875
EleutherAI/pythia-70m,128,step128,70426624,6,8,40,0,2,0.014253878965973854,0.0,24330.560546875
EleutherAI/pythia-70m,128,step128,70426624,6,8,40,0,3,0.014946469105780125,0.0,24330.560546875
EleutherAI/pythia-70m,128,step128,70426624,6,8,40,0,4,0.014247315004467964,0.0,24330.560546875
EleutherAI/pythia-70m,128,step128,70426624,6,8,40,0,5,0.014435133896768093,0.0,24330.560546875
EleutherAI/pythia-70m,128,step128,70426624,6,8,40,0,6,0.013004408217966557,0.0,24330.560546875
EleutherAI/pythia-70m,128,step128,70426624,6,8,40,0,7,0.014373624697327614,0.0,24330.560546875
EleutherAI/pythia-70m,128,step128,70426624,6,8,40,1,0,0.012318608351051807,0.0,24330.560546875
EleutherAI/pythia-70m,128,step128,70426624,6,8,40,1,1,0.013075468130409718,0.0,24330.560546875
EleutherAI/pythia-70m,128,step128,70426624,6,8,40,1,2,0.01403108797967434,0.0,24330.560546875
EleutherAI/pythia-70m,128,step128,70426624,6,8,40,1,3,0.012860880233347416,0.0,24330.560546875
EleutherAI/pythia-70m,128,step128,70426624,6,8,40,1,4,0.012346230447292328,0.0,24330.560546875
EleutherAI/pythia-70m,128,step128,70426624,6,8,40,1,5,0.012186771258711815,0.0,24330.560546875
EleutherAI/pythia-70m,128,step128,70426624,6,8,40,1,6,0.01374836079776287,0.0,24330.560546875
EleutherAI/pythia-70m,128,step128,70426624,6,8,40,1,7,0.01368766464293003,0.0,24330.560546875
EleutherAI/pythia-70m,128,step128,70426624,6,8,40,2,0,0.010984668508172035,0.0,24330.560546875
EleutherAI/pythia-70m,128,step128,70426624,6,8,40,2,1,0.01378350518643856,0.0,24330.560546875
EleutherAI/pythia-70m,128,step128,70426624,6,8,40,2,2,0.013499063439667225,0.0,24330.560546875
EleutherAI/pythia-70m,128,step128,70426624,6,8,40,2,3,0.0102246617898345,0.0,24330.560546875
EleutherAI/pythia-70m,128,step128,70426624,6,8,40,2,4,0.01353441085666418,0.0,24330.560546875
EleutherAI/pythia-70m,128,step128,70426624,6,8,40,2,5,0.015261156484484673,0.0,24330.560546875
EleutherAI/pythia-70m,128,step128,70426624,6,8,40,2,6,0.014449031092226505,0.0,24330.560546875
EleutherAI/pythia-70m,128,step128,70426624,6,8,40,2,7,0.01317872665822506,0.0,24330.560546875
EleutherAI/pythia-70m,128,step128,70426624,6,8,40,3,0,0.012314967811107635,0.0,24330.560546875
EleutherAI/pythia-70m,128,step128,70426624,6,8,40,3,1,0.011810348369181156,0.0,24330.560546875
EleutherAI/pythia-70m,128,step128,70426624,6,8,40,3,2,0.009906645864248276,0.0,24330.560546875
EleutherAI/pythia-70m,128,step128,70426624,6,8,40,3,3,0.012445428408682346,0.0,24330.560546875
EleutherAI/pythia-70m,128,step128,70426624,6,8,40,3,4,0.013995630666613579,0.0,24330.560546875
EleutherAI/pythia-70m,128,step128,70426624,6,8,40,3,5,0.01524281781166792,0.0,24330.560546875
EleutherAI/pythia-70m,128,step128,70426624,6,8,40,3,6,0.012884596362709999,0.0,24330.560546875
EleutherAI/pythia-70m,128,step128,70426624,6,8,40,3,7,0.013089665211737156,0.0,24330.560546875
EleutherAI/pythia-70m,128,step128,70426624,6,8,40,4,0,0.013093008659780025,0.0,24330.560546875
EleutherAI/pythia-70m,128,step128,70426624,6,8,40,4,1,0.0077053820714354515,0.0,24330.560546875
EleutherAI/pythia-70m,128,step128,70426624,6,8,40,4,2,0.00989608559757471,0.0,24330.560546875
EleutherAI/pythia-70m,128,step128,70426624,6,8,40,4,3,0.013705416582524776,0.0,24330.560546875
EleutherAI/pythia-70m,128,step128,70426624,6,8,40,4,4,0.007298257201910019,0.0,24330.560546875
EleutherAI/pythia-70m,128,step128,70426624,6,8,40,4,5,0.007142994552850723,0.0,24330.560546875
EleutherAI/pythia-70m,128,step128,70426624,6,8,40,4,6,0.01184089295566082,0.0,24330.560546875
EleutherAI/pythia-70m,128,step128,70426624,6,8,40,4,7,0.013365146704018116,0.0,24330.560546875
EleutherAI/pythia-70m,128,step128,70426624,6,8,40,5,0,0.00961978454142809,0.0,24330.560546875
EleutherAI/pythia-70m,128,step128,70426624,6,8,40,5,1,0.010893438011407852,0.0,24330.560546875
EleutherAI/pythia-70m,128,step128,70426624,6,8,40,5,2,0.009466350078582764,0.0,24330.560546875
EleutherAI/pythia-70m,128,step128,70426624,6,8,40,5,3,0.010863239876925945,0.0,24330.560546875
EleutherAI/pythia-70m,128,step128,70426624,6,8,40,5,4,0.009054643101990223,0.0,24330.560546875
EleutherAI/pythia-70m,128,step128,70426624,6,8,40,5,5,0.010579518042504787,0.0,24330.560546875
EleutherAI/pythia-70m,128,step128,70426624,6,8,40,5,6,0.008327554911375046,0.0,24330.560546875
EleutherAI/pythia-70m,128,step128,70426624,6,8,40,5,7,0.006437246222048998,0.0,24330.560546875
EleutherAI/pythia-70m,128,step128,70426624,6,8,41,0,0,0.013179967179894447,0.0,24685.380859375
EleutherAI/pythia-70m,128,step128,70426624,6,8,41,0,1,0.01214566919952631,0.0,24685.380859375
EleutherAI/pythia-70m,128,step128,70426624,6,8,41,0,2,0.012216427363455296,0.0,24685.380859375
EleutherAI/pythia-70m,128,step128,70426624,6,8,41,0,3,0.014393283054232597,0.0,24685.380859375
EleutherAI/pythia-70m,128,step128,70426624,6,8,41,0,4,0.013724394142627716,0.0,24685.380859375
EleutherAI/pythia-70m,128,step128,70426624,6,8,41,0,5,0.01436226349323988,0.0,24685.380859375
EleutherAI/pythia-70m,128,step128,70426624,6,8,41,0,6,0.013937362469732761,0.0,24685.380859375
EleutherAI/pythia-70m,128,step128,70426624,6,8,41,0,7,0.013112850487232208,0.0,24685.380859375
EleutherAI/pythia-70m,128,step128,70426624,6,8,41,1,0,0.01293661817908287,0.0,24685.380859375
EleutherAI/pythia-70m,128,step128,70426624,6,8,41,1,1,0.013384980149567127,0.0,24685.380859375
EleutherAI/pythia-70m,128,step128,70426624,6,8,41,1,2,0.01445989403873682,0.0,24685.380859375
EleutherAI/pythia-70m,128,step128,70426624,6,8,41,1,3,0.01418762281537056,0.0,24685.380859375
EleutherAI/pythia-70m,128,step128,70426624,6,8,41,1,4,0.012627425603568554,0.0,24685.380859375
EleutherAI/pythia-70m,128,step128,70426624,6,8,41,1,5,0.012896161526441574,0.0,24685.380859375
EleutherAI/pythia-70m,128,step128,70426624,6,8,41,1,6,0.013141927309334278,0.0,24685.380859375
EleutherAI/pythia-70m,128,step128,70426624,6,8,41,1,7,0.013838878832757473,0.0,24685.380859375
EleutherAI/pythia-70m,128,step128,70426624,6,8,41,2,0,0.011773895472288132,0.0,24685.380859375
EleutherAI/pythia-70m,128,step128,70426624,6,8,41,2,1,0.01408014539629221,0.0,24685.380859375
EleutherAI/pythia-70m,128,step128,70426624,6,8,41,2,2,0.014310705475509167,0.0,24685.380859375
EleutherAI/pythia-70m,128,step128,70426624,6,8,41,2,3,0.011256678029894829,0.0,24685.380859375
EleutherAI/pythia-70m,128,step128,70426624,6,8,41,2,4,0.012803473509848118,0.0,24685.380859375
EleutherAI/pythia-70m,128,step128,70426624,6,8,41,2,5,0.014104246161878109,0.0,24685.380859375
EleutherAI/pythia-70m,128,step128,70426624,6,8,41,2,6,0.014330076053738594,0.0,24685.380859375
EleutherAI/pythia-70m,128,step128,70426624,6,8,41,2,7,0.012747976928949356,0.0,24685.380859375
EleutherAI/pythia-70m,128,step128,70426624,6,8,41,3,0,0.011007750406861305,0.0,24685.380859375
EleutherAI/pythia-70m,128,step128,70426624,6,8,41,3,1,0.013915318064391613,0.0,24685.380859375
EleutherAI/pythia-70m,128,step128,70426624,6,8,41,3,2,0.012021870352327824,0.0,24685.380859375
EleutherAI/pythia-70m,128,step128,70426624,6,8,41,3,3,0.012699761427938938,0.0,24685.380859375
EleutherAI/pythia-70m,128,step128,70426624,6,8,41,3,4,0.014017084613442421,0.0,24685.380859375
EleutherAI/pythia-70m,128,step128,70426624,6,8,41,3,5,0.015337063930928707,0.0,24685.380859375
EleutherAI/pythia-70m,128,step128,70426624,6,8,41,3,6,0.013381710276007652,0.0,24685.380859375
EleutherAI/pythia-70m,128,step128,70426624,6,8,41,3,7,0.013237285427749157,0.0,24685.380859375
EleutherAI/pythia-70m,128,step128,70426624,6,8,41,4,0,0.008151806890964508,0.0,24685.380859375
EleutherAI/pythia-70m,128,step128,70426624,6,8,41,4,1,0.008144712075591087,0.0,24685.380859375
EleutherAI/pythia-70m,128,step128,70426624,6,8,41,4,2,0.0098358653485775,0.0,24685.380859375
EleutherAI/pythia-70m,128,step128,70426624,6,8,41,4,3,0.013424821197986603,0.0,24685.380859375
EleutherAI/pythia-70m,128,step128,70426624,6,8,41,4,4,0.00941946916282177,0.0,24685.380859375
EleutherAI/pythia-70m,128,step128,70426624,6,8,41,4,5,0.005534616764634848,0.0,24685.380859375
EleutherAI/pythia-70m,128,step128,70426624,6,8,41,4,6,0.01208414789289236,0.0,24685.380859375
EleutherAI/pythia-70m,128,step128,70426624,6,8,41,4,7,0.011544423177838326,0.0,24685.380859375
EleutherAI/pythia-70m,128,step128,70426624,6,8,41,5,0,0.009772987104952335,0.0,24685.380859375
EleutherAI/pythia-70m,128,step128,70426624,6,8,41,5,1,0.009524432942271233,0.0,24685.380859375
EleutherAI/pythia-70m,128,step128,70426624,6,8,41,5,2,0.008331963792443275,0.0,24685.380859375
EleutherAI/pythia-70m,128,step128,70426624,6,8,41,5,3,0.010531396605074406,0.0,24685.380859375
EleutherAI/pythia-70m,128,step128,70426624,6,8,41,5,4,0.0077627189457416534,0.0,24685.380859375
EleutherAI/pythia-70m,128,step128,70426624,6,8,41,5,5,0.00930765550583601,0.0,24685.380859375
EleutherAI/pythia-70m,128,step128,70426624,6,8,41,5,6,0.006471896078437567,0.0,24685.380859375
EleutherAI/pythia-70m,128,step128,70426624,6,8,41,5,7,0.006499039940536022,0.0,24685.380859375
EleutherAI/pythia-70m,128,step128,70426624,6,8,42,0,0,0.013404509983956814,0.0,26577.9609375
EleutherAI/pythia-70m,128,step128,70426624,6,8,42,0,1,0.013420297764241695,0.0,26577.9609375
EleutherAI/pythia-70m,128,step128,70426624,6,8,42,0,2,0.01387180294841528,0.0,26577.9609375
EleutherAI/pythia-70m,128,step128,70426624,6,8,42,0,3,0.012685385532677174,0.0,26577.9609375
EleutherAI/pythia-70m,128,step128,70426624,6,8,42,0,4,0.014354368671774864,0.0,26577.9609375
EleutherAI/pythia-70m,128,step128,70426624,6,8,42,0,5,0.014244097284972668,0.0,26577.9609375
EleutherAI/pythia-70m,128,step128,70426624,6,8,42,0,6,0.01244734413921833,0.0,26577.9609375
EleutherAI/pythia-70m,128,step128,70426624,6,8,42,0,7,0.013913694769144058,0.0,26577.9609375
EleutherAI/pythia-70m,128,step128,70426624,6,8,42,1,0,0.013069113716483116,0.0,26577.9609375
EleutherAI/pythia-70m,128,step128,70426624,6,8,42,1,1,0.012739601545035839,0.0,26577.9609375
EleutherAI/pythia-70m,128,step128,70426624,6,8,42,1,2,0.014859924092888832,0.0,26577.9609375
EleutherAI/pythia-70m,128,step128,70426624,6,8,42,1,3,0.013960829004645348,0.0,26577.9609375
EleutherAI/pythia-70m,128,step128,70426624,6,8,42,1,4,0.013673581182956696,0.0,26577.9609375
EleutherAI/pythia-70m,128,step128,70426624,6,8,42,1,5,0.01402439083904028,0.0,26577.9609375
EleutherAI/pythia-70m,128,step128,70426624,6,8,42,1,6,0.012837064452469349,0.0,26577.9609375
EleutherAI/pythia-70m,128,step128,70426624,6,8,42,1,7,0.01199640054255724,0.0,26577.9609375
EleutherAI/pythia-70m,128,step128,70426624,6,8,42,2,0,0.01334461197257042,0.0,26577.9609375
EleutherAI/pythia-70m,128,step128,70426624,6,8,42,2,1,0.013585047796368599,0.0,26577.9609375
EleutherAI/pythia-70m,128,step128,70426624,6,8,42,2,2,0.012931003235280514,0.0,26577.9609375
EleutherAI/pythia-70m,128,step128,70426624,6,8,42,2,3,0.01103452779352665,0.0,26577.9609375
EleutherAI/pythia-70m,128,step128,70426624,6,8,42,2,4,0.013068633154034615,0.0,26577.9609375
EleutherAI/pythia-70m,128,step128,70426624,6,8,42,2,5,0.015117060393095016,0.0,26577.9609375
EleutherAI/pythia-70m,128,step128,70426624,6,8,42,2,6,0.014163575135171413,0.0,26577.9609375
EleutherAI/pythia-70m,128,step128,70426624,6,8,42,2,7,0.012400947511196136,0.0,26577.9609375
EleutherAI/pythia-70m,128,step128,70426624,6,8,42,3,0,0.013104276731610298,0.0,26577.9609375
EleutherAI/pythia-70m,128,step128,70426624,6,8,42,3,1,0.012439650483429432,0.0,26577.9609375
EleutherAI/pythia-70m,128,step128,70426624,6,8,42,3,2,0.014963345602154732,0.0,26577.9609375
EleutherAI/pythia-70m,128,step128,70426624,6,8,42,3,3,0.013895851559937,0.0,26577.9609375
EleutherAI/pythia-70m,128,step128,70426624,6,8,42,3,4,0.013628988526761532,0.0,26577.9609375
EleutherAI/pythia-70m,128,step128,70426624,6,8,42,3,5,0.014966590330004692,0.0,26577.9609375
EleutherAI/pythia-70m,128,step128,70426624,6,8,42,3,6,0.011185476556420326,0.0,26577.9609375
EleutherAI/pythia-70m,128,step128,70426624,6,8,42,3,7,0.01318488921970129,0.0,26577.9609375
EleutherAI/pythia-70m,128,step128,70426624,6,8,42,4,0,0.010767042636871338,0.0,26577.9609375
EleutherAI/pythia-70m,128,step128,70426624,6,8,42,4,1,0.008268670178949833,0.0,26577.9609375
EleutherAI/pythia-70m,128,step128,70426624,6,8,42,4,2,0.012899748049676418,0.0,26577.9609375
EleutherAI/pythia-70m,128,step128,70426624,6,8,42,4,3,0.012114695273339748,0.0,26577.9609375
EleutherAI/pythia-70m,128,step128,70426624,6,8,42,4,4,0.008014805614948273,0.0,26577.9609375
EleutherAI/pythia-70m,128,step128,70426624,6,8,42,4,5,0.006022305693477392,0.0,26577.9609375
EleutherAI/pythia-70m,128,step128,70426624,6,8,42,4,6,0.010280315764248371,0.0,26577.9609375
EleutherAI/pythia-70m,128,step128,70426624,6,8,42,4,7,0.01216568611562252,0.0,26577.9609375
EleutherAI/pythia-70m,128,step128,70426624,6,8,42,5,0,0.008461838588118553,0.0,26577.9609375
EleutherAI/pythia-70m,128,step128,70426624,6,8,42,5,1,0.011220085434615612,0.0,26577.9609375
EleutherAI/pythia-70m,128,step128,70426624,6,8,42,5,2,0.008852299302816391,0.0,26577.9609375
EleutherAI/pythia-70m,128,step128,70426624,6,8,42,5,3,0.010073596611618996,0.0,26577.9609375
EleutherAI/pythia-70m,128,step128,70426624,6,8,42,5,4,0.008992769755423069,0.0,26577.9609375
EleutherAI/pythia-70m,128,step128,70426624,6,8,42,5,5,0.01059320941567421,0.0,26577.9609375
EleutherAI/pythia-70m,128,step128,70426624,6,8,42,5,6,0.007419012952595949,0.0,26577.9609375
EleutherAI/pythia-70m,128,step128,70426624,6,8,42,5,7,0.007899411953985691,0.0,26577.9609375
EleutherAI/pythia-70m,128,step128,70426624,6,8,43,0,0,0.01576073095202446,0.0,23395.51953125
EleutherAI/pythia-70m,128,step128,70426624,6,8,43,0,1,0.01293441653251648,0.0,23395.51953125
EleutherAI/pythia-70m,128,step128,70426624,6,8,43,0,2,0.013429615646600723,0.0,23395.51953125
EleutherAI/pythia-70m,128,step128,70426624,6,8,43,0,3,0.013197270222008228,0.0,23395.51953125
EleutherAI/pythia-70m,128,step128,70426624,6,8,43,0,4,0.013244743458926678,0.0,23395.51953125
EleutherAI/pythia-70m,128,step128,70426624,6,8,43,0,5,0.014253336936235428,0.0,23395.51953125
EleutherAI/pythia-70m,128,step128,70426624,6,8,43,0,6,0.014341774396598339,0.0,23395.51953125
EleutherAI/pythia-70m,128,step128,70426624,6,8,43,0,7,0.013988686725497246,0.0,23395.51953125
EleutherAI/pythia-70m,128,step128,70426624,6,8,43,1,0,0.013191772624850273,0.0,23395.51953125
EleutherAI/pythia-70m,128,step128,70426624,6,8,43,1,1,0.013647743500769138,0.0,23395.51953125
EleutherAI/pythia-70m,128,step128,70426624,6,8,43,1,2,0.013857555575668812,0.0,23395.51953125
EleutherAI/pythia-70m,128,step128,70426624,6,8,43,1,3,0.014093548990786076,0.0,23395.51953125
EleutherAI/pythia-70m,128,step128,70426624,6,8,43,1,4,0.013601792976260185,0.0,23395.51953125
EleutherAI/pythia-70m,128,step128,70426624,6,8,43,1,5,0.013232989236712456,0.0,23395.51953125
EleutherAI/pythia-70m,128,step128,70426624,6,8,43,1,6,0.013074096292257309,0.0,23395.51953125
EleutherAI/pythia-70m,128,step128,70426624,6,8,43,1,7,0.01314468588680029,0.0,23395.51953125
EleutherAI/pythia-70m,128,step128,70426624,6,8,43,2,0,0.011748825199902058,0.0,23395.51953125
EleutherAI/pythia-70m,128,step128,70426624,6,8,43,2,1,0.01309507992118597,0.0,23395.51953125
EleutherAI/pythia-70m,128,step128,70426624,6,8,43,2,2,0.01236270647495985,0.0,23395.51953125
EleutherAI/pythia-70m,128,step128,70426624,6,8,43,2,3,0.012509913183748722,0.0,23395.51953125
EleutherAI/pythia-70m,128,step128,70426624,6,8,43,2,4,0.01497242134064436,0.0,23395.51953125
EleutherAI/pythia-70m,128,step128,70426624,6,8,43,2,5,0.013244962319731712,0.0,23395.51953125
EleutherAI/pythia-70m,128,step128,70426624,6,8,43,2,6,0.012514856643974781,0.0,23395.51953125
EleutherAI/pythia-70m,128,step128,70426624,6,8,43,2,7,0.011547515168786049,0.0,23395.51953125
EleutherAI/pythia-70m,128,step128,70426624,6,8,43,3,0,0.010846273973584175,0.0,23395.51953125
EleutherAI/pythia-70m,128,step128,70426624,6,8,43,3,1,0.010986732318997383,0.0,23395.51953125
EleutherAI/pythia-70m,128,step128,70426624,6,8,43,3,2,0.013218914158642292,0.0,23395.51953125
EleutherAI/pythia-70m,128,step128,70426624,6,8,43,3,3,0.010950500145554543,0.0,23395.51953125
EleutherAI/pythia-70m,128,step128,70426624,6,8,43,3,4,0.014067885465919971,0.0,23395.51953125
EleutherAI/pythia-70m,128,step128,70426624,6,8,43,3,5,0.015786979347467422,0.0,23395.51953125
EleutherAI/pythia-70m,128,step128,70426624,6,8,43,3,6,0.013142233714461327,0.0,23395.51953125
EleutherAI/pythia-70m,128,step128,70426624,6,8,43,3,7,0.014166099019348621,0.0,23395.51953125
EleutherAI/pythia-70m,128,step128,70426624,6,8,43,4,0,0.00973241776227951,0.0,23395.51953125
EleutherAI/pythia-70m,128,step128,70426624,6,8,43,4,1,0.008548025973141193,0.0,23395.51953125
EleutherAI/pythia-70m,128,step128,70426624,6,8,43,4,2,0.0103754922747612,0.0,23395.51953125
EleutherAI/pythia-70m,128,step128,70426624,6,8,43,4,3,0.012446611188352108,0.0,23395.51953125
EleutherAI/pythia-70m,128,step128,70426624,6,8,43,4,4,0.008394922129809856,0.0,23395.51953125
EleutherAI/pythia-70m,128,step128,70426624,6,8,43,4,5,0.0076756966300308704,0.0,23395.51953125
EleutherAI/pythia-70m,128,step128,70426624,6,8,43,4,6,0.01193014346063137,0.0,23395.51953125
EleutherAI/pythia-70m,128,step128,70426624,6,8,43,4,7,0.011890299618244171,0.0,23395.51953125
EleutherAI/pythia-70m,128,step128,70426624,6,8,43,5,0,0.008226713165640831,0.0,23395.51953125
EleutherAI/pythia-70m,128,step128,70426624,6,8,43,5,1,0.010097709484398365,0.0,23395.51953125
EleutherAI/pythia-70m,128,step128,70426624,6,8,43,5,2,0.008898817002773285,0.0,23395.51953125
EleutherAI/pythia-70m,128,step128,70426624,6,8,43,5,3,0.009511890821158886,0.0,23395.51953125
EleutherAI/pythia-70m,128,step128,70426624,6,8,43,5,4,0.008511628024280071,0.0,23395.51953125
EleutherAI/pythia-70m,128,step128,70426624,6,8,43,5,5,0.01048328634351492,0.0,23395.51953125
EleutherAI/pythia-70m,128,step128,70426624,6,8,43,5,6,0.008247528225183487,0.0,23395.51953125
EleutherAI/pythia-70m,128,step128,70426624,6,8,43,5,7,0.005801714025437832,0.0,23395.51953125
EleutherAI/pythia-70m,128,step128,70426624,6,8,44,0,0,0.013012517243623734,0.0,24342.0
EleutherAI/pythia-70m,128,step128,70426624,6,8,44,0,1,0.014616041444242,0.0,24342.0
EleutherAI/pythia-70m,128,step128,70426624,6,8,44,0,2,0.015915028750896454,0.0,24342.0
EleutherAI/pythia-70m,128,step128,70426624,6,8,44,0,3,0.01425196509808302,0.0,24342.0
EleutherAI/pythia-70m,128,step128,70426624,6,8,44,0,4,0.01340305246412754,0.0,24342.0
EleutherAI/pythia-70m,128,step128,70426624,6,8,44,0,5,0.012841454707086086,0.0,24342.0
EleutherAI/pythia-70m,128,step128,70426624,6,8,44,0,6,0.013593578711152077,0.0,24342.0
EleutherAI/pythia-70m,128,step128,70426624,6,8,44,0,7,0.01488577388226986,0.0,24342.0
EleutherAI/pythia-70m,128,step128,70426624,6,8,44,1,0,0.013461947441101074,0.0,24342.0
EleutherAI/pythia-70m,128,step128,70426624,6,8,44,1,1,0.01534235943108797,0.0,24342.0
EleutherAI/pythia-70m,128,step128,70426624,6,8,44,1,2,0.012498251162469387,0.0,24342.0
EleutherAI/pythia-70m,128,step128,70426624,6,8,44,1,3,0.012365829199552536,0.0,24342.0
EleutherAI/pythia-70m,128,step128,70426624,6,8,44,1,4,0.012405307032167912,0.0,24342.0
EleutherAI/pythia-70m,128,step128,70426624,6,8,44,1,5,0.013737330213189125,0.0,24342.0
EleutherAI/pythia-70m,128,step128,70426624,6,8,44,1,6,0.013043229468166828,0.0,24342.0
EleutherAI/pythia-70m,128,step128,70426624,6,8,44,1,7,0.012667957693338394,0.0,24342.0
EleutherAI/pythia-70m,128,step128,70426624,6,8,44,2,0,0.010680154897272587,0.0,24342.0
EleutherAI/pythia-70m,128,step128,70426624,6,8,44,2,1,0.01457304134964943,0.0,24342.0
EleutherAI/pythia-70m,128,step128,70426624,6,8,44,2,2,0.014285778626799583,0.0,24342.0
EleutherAI/pythia-70m,128,step128,70426624,6,8,44,2,3,0.00966816209256649,0.0,24342.0
EleutherAI/pythia-70m,128,step128,70426624,6,8,44,2,4,0.01220557652413845,0.0,24342.0
EleutherAI/pythia-70m,128,step128,70426624,6,8,44,2,5,0.015010583214461803,0.0,24342.0
EleutherAI/pythia-70m,128,step128,70426624,6,8,44,2,6,0.013174926862120628,0.0,24342.0
EleutherAI/pythia-70m,128,step128,70426624,6,8,44,2,7,0.012152285315096378,0.0,24342.0
EleutherAI/pythia-70m,128,step128,70426624,6,8,44,3,0,0.011621998623013496,0.0,24342.0
EleutherAI/pythia-70m,128,step128,70426624,6,8,44,3,1,0.012371353805065155,0.0,24342.0
EleutherAI/pythia-70m,128,step128,70426624,6,8,44,3,2,0.011432528495788574,0.0,24342.0
EleutherAI/pythia-70m,128,step128,70426624,6,8,44,3,3,0.012422587722539902,0.0,24342.0
EleutherAI/pythia-70m,128,step128,70426624,6,8,44,3,4,0.012735210359096527,0.0,24342.0
EleutherAI/pythia-70m,128,step128,70426624,6,8,44,3,5,0.012657935731112957,0.0,24342.0
EleutherAI/pythia-70m,128,step128,70426624,6,8,44,3,6,0.01172667182981968,0.0,24342.0
EleutherAI/pythia-70m,128,step128,70426624,6,8,44,3,7,0.012058096006512642,0.0,24342.0
EleutherAI/pythia-70m,128,step128,70426624,6,8,44,4,0,0.01038079708814621,0.0,24342.0
EleutherAI/pythia-70m,128,step128,70426624,6,8,44,4,1,0.007622725795954466,0.0,24342.0
EleutherAI/pythia-70m,128,step128,70426624,6,8,44,4,2,0.012217228300869465,0.0,24342.0
EleutherAI/pythia-70m,128,step128,70426624,6,8,44,4,3,0.011745095252990723,0.0,24342.0
EleutherAI/pythia-70m,128,step128,70426624,6,8,44,4,4,0.006835011765360832,0.0,24342.0
EleutherAI/pythia-70m,128,step128,70426624,6,8,44,4,5,0.0066055250354111195,0.0,24342.0
EleutherAI/pythia-70m,128,step128,70426624,6,8,44,4,6,0.011474192142486572,0.0,24342.0
EleutherAI/pythia-70m,128,step128,70426624,6,8,44,4,7,0.010340891778469086,0.0,24342.0
EleutherAI/pythia-70m,128,step128,70426624,6,8,44,5,0,0.00915121752768755,0.0,24342.0
EleutherAI/pythia-70m,128,step128,70426624,6,8,44,5,1,0.010580568574368954,0.0,24342.0
EleutherAI/pythia-70m,128,step128,70426624,6,8,44,5,2,0.010998577810823917,0.0,24342.0
EleutherAI/pythia-70m,128,step128,70426624,6,8,44,5,3,0.008992884308099747,0.0,24342.0
EleutherAI/pythia-70m,128,step128,70426624,6,8,44,5,4,0.007766740396618843,0.0,24342.0
EleutherAI/pythia-70m,128,step128,70426624,6,8,44,5,5,0.010516646318137646,0.0,24342.0
EleutherAI/pythia-70m,128,step128,70426624,6,8,44,5,6,0.007233111187815666,0.0,24342.0
EleutherAI/pythia-70m,128,step128,70426624,6,8,44,5,7,0.007370046805590391,0.0,24342.0
EleutherAI/pythia-70m,128,step128,70426624,6,8,45,0,0,0.01284822914749384,0.0,26830.5
EleutherAI/pythia-70m,128,step128,70426624,6,8,45,0,1,0.014030896127223969,0.0,26830.5
EleutherAI/pythia-70m,128,step128,70426624,6,8,45,0,2,0.014047473669052124,0.0,26830.5
EleutherAI/pythia-70m,128,step128,70426624,6,8,45,0,3,0.013566546142101288,0.0,26830.5
EleutherAI/pythia-70m,128,step128,70426624,6,8,45,0,4,0.014446930959820747,0.0,26830.5
EleutherAI/pythia-70m,128,step128,70426624,6,8,45,0,5,0.014479255303740501,0.0,26830.5
EleutherAI/pythia-70m,128,step128,70426624,6,8,45,0,6,0.014153629541397095,0.0,26830.5
EleutherAI/pythia-70m,128,step128,70426624,6,8,45,0,7,0.014151930809020996,0.0,26830.5
EleutherAI/pythia-70m,128,step128,70426624,6,8,45,1,0,0.012186153791844845,0.0,26830.5
EleutherAI/pythia-70m,128,step128,70426624,6,8,45,1,1,0.01323055662214756,0.0,26830.5
EleutherAI/pythia-70m,128,step128,70426624,6,8,45,1,2,0.01441858522593975,0.0,26830.5
EleutherAI/pythia-70m,128,step128,70426624,6,8,45,1,3,0.01389516331255436,0.0,26830.5
EleutherAI/pythia-70m,128,step128,70426624,6,8,45,1,4,0.013915798626840115,0.0,26830.5
EleutherAI/pythia-70m,128,step128,70426624,6,8,45,1,5,0.012925398536026478,0.0,26830.5
EleutherAI/pythia-70m,128,step128,70426624,6,8,45,1,6,0.013895800337195396,0.0,26830.5
EleutherAI/pythia-70m,128,step128,70426624,6,8,45,1,7,0.014145401306450367,0.0,26830.5
EleutherAI/pythia-70m,128,step128,70426624,6,8,45,2,0,0.011475257575511932,0.0,26830.5
EleutherAI/pythia-70m,128,step128,70426624,6,8,45,2,1,0.013616298325359821,0.0,26830.5
EleutherAI/pythia-70m,128,step128,70426624,6,8,45,2,2,0.013756411150097847,0.0,26830.5
EleutherAI/pythia-70m,128,step128,70426624,6,8,45,2,3,0.012345044873654842,0.0,26830.5
EleutherAI/pythia-70m,128,step128,70426624,6,8,45,2,4,0.012281686067581177,0.0,26830.5
EleutherAI/pythia-70m,128,step128,70426624,6,8,45,2,5,0.013923143967986107,0.0,26830.5
EleutherAI/pythia-70m,128,step128,70426624,6,8,45,2,6,0.012236923910677433,0.0,26830.5
EleutherAI/pythia-70m,128,step128,70426624,6,8,45,2,7,0.01093160267919302,0.0,26830.5
EleutherAI/pythia-70m,128,step128,70426624,6,8,45,3,0,0.011418490670621395,0.0,26830.5
EleutherAI/pythia-70m,128,step128,70426624,6,8,45,3,1,0.012674683704972267,0.0,26830.5
EleutherAI/pythia-70m,128,step128,70426624,6,8,45,3,2,0.010887001641094685,0.0,26830.5
EleutherAI/pythia-70m,128,step128,70426624,6,8,45,3,3,0.011783391237258911,0.0,26830.5
EleutherAI/pythia-70m,128,step128,70426624,6,8,45,3,4,0.013820943422615528,0.0,26830.5
EleutherAI/pythia-70m,128,step128,70426624,6,8,45,3,5,0.013027932494878769,0.0,26830.5
EleutherAI/pythia-70m,128,step128,70426624,6,8,45,3,6,0.011974858120083809,0.0,26830.5
EleutherAI/pythia-70m,128,step128,70426624,6,8,45,3,7,0.012775913812220097,0.0,26830.5
EleutherAI/pythia-70m,128,step128,70426624,6,8,45,4,0,0.010217182338237762,0.0,26830.5
EleutherAI/pythia-70m,128,step128,70426624,6,8,45,4,1,0.007826941087841988,0.0,26830.5
EleutherAI/pythia-70m,128,step128,70426624,6,8,45,4,2,0.009242605417966843,0.0,26830.5
EleutherAI/pythia-70m,128,step128,70426624,6,8,45,4,3,0.012074649333953857,0.0,26830.5
EleutherAI/pythia-70m,128,step128,70426624,6,8,45,4,4,0.006956483703106642,0.0,26830.5
EleutherAI/pythia-70m,128,step128,70426624,6,8,45,4,5,0.005987503100186586,0.0,26830.5
EleutherAI/pythia-70m,128,step128,70426624,6,8,45,4,6,0.010974361561238766,0.0,26830.5
EleutherAI/pythia-70m,128,step128,70426624,6,8,45,4,7,0.011791296303272247,0.0,26830.5
EleutherAI/pythia-70m,128,step128,70426624,6,8,45,5,0,0.008302753791213036,0.0,26830.5
EleutherAI/pythia-70m,128,step128,70426624,6,8,45,5,1,0.010191316716372967,0.0,26830.5
EleutherAI/pythia-70m,128,step128,70426624,6,8,45,5,2,0.009690479375422001,0.0,26830.5
EleutherAI/pythia-70m,128,step128,70426624,6,8,45,5,3,0.010335280559957027,0.0,26830.5
EleutherAI/pythia-70m,128,step128,70426624,6,8,45,5,4,0.007457106839865446,0.0,26830.5
EleutherAI/pythia-70m,128,step128,70426624,6,8,45,5,5,0.01046147570014,0.0,26830.5
EleutherAI/pythia-70m,128,step128,70426624,6,8,45,5,6,0.0072861467488110065,0.0,26830.5
EleutherAI/pythia-70m,128,step128,70426624,6,8,45,5,7,0.005600410513579845,0.0,26830.5
EleutherAI/pythia-70m,128,step128,70426624,6,8,46,0,0,0.01394201721996069,0.0,26951.140625
EleutherAI/pythia-70m,128,step128,70426624,6,8,46,0,1,0.015173840336501598,0.0,26951.140625
EleutherAI/pythia-70m,128,step128,70426624,6,8,46,0,2,0.01307260524481535,0.0,26951.140625
EleutherAI/pythia-70m,128,step128,70426624,6,8,46,0,3,0.012938964180648327,0.0,26951.140625
EleutherAI/pythia-70m,128,step128,70426624,6,8,46,0,4,0.01456181425601244,0.0,26951.140625
EleutherAI/pythia-70m,128,step128,70426624,6,8,46,0,5,0.013259874656796455,0.0,26951.140625
EleutherAI/pythia-70m,128,step128,70426624,6,8,46,0,6,0.01590922102332115,0.0,26951.140625
EleutherAI/pythia-70m,128,step128,70426624,6,8,46,0,7,0.014449396170675755,0.0,26951.140625
EleutherAI/pythia-70m,128,step128,70426624,6,8,46,1,0,0.012834594585001469,0.0,26951.140625
EleutherAI/pythia-70m,128,step128,70426624,6,8,46,1,1,0.015579598024487495,0.0,26951.140625
EleutherAI/pythia-70m,128,step128,70426624,6,8,46,1,2,0.014405808411538601,0.0,26951.140625
EleutherAI/pythia-70m,128,step128,70426624,6,8,46,1,3,0.012485473416745663,0.0,26951.140625
EleutherAI/pythia-70m,128,step128,70426624,6,8,46,1,4,0.013168884441256523,0.0,26951.140625
EleutherAI/pythia-70m,128,step128,70426624,6,8,46,1,5,0.014787036925554276,0.0,26951.140625
EleutherAI/pythia-70m,128,step128,70426624,6,8,46,1,6,0.013413352891802788,0.0,26951.140625
EleutherAI/pythia-70m,128,step128,70426624,6,8,46,1,7,0.01320008747279644,0.0,26951.140625
EleutherAI/pythia-70m,128,step128,70426624,6,8,46,2,0,0.010959979146718979,0.0,26951.140625
EleutherAI/pythia-70m,128,step128,70426624,6,8,46,2,1,0.012533769942820072,0.0,26951.140625
EleutherAI/pythia-70m,128,step128,70426624,6,8,46,2,2,0.012881052680313587,0.0,26951.140625
EleutherAI/pythia-70m,128,step128,70426624,6,8,46,2,3,0.010201364755630493,0.0,26951.140625
EleutherAI/pythia-70m,128,step128,70426624,6,8,46,2,4,0.013682086020708084,0.0,26951.140625
EleutherAI/pythia-70m,128,step128,70426624,6,8,46,2,5,0.012673087418079376,0.0,26951.140625
EleutherAI/pythia-70m,128,step128,70426624,6,8,46,2,6,0.013076726347208023,0.0,26951.140625
EleutherAI/pythia-70m,128,step128,70426624,6,8,46,2,7,0.013083076104521751,0.0,26951.140625
EleutherAI/pythia-70m,128,step128,70426624,6,8,46,3,0,0.010950314812362194,0.0,26951.140625
EleutherAI/pythia-70m,128,step128,70426624,6,8,46,3,1,0.01398718636482954,0.0,26951.140625
EleutherAI/pythia-70m,128,step128,70426624,6,8,46,3,2,0.01127149723470211,0.0,26951.140625
EleutherAI/pythia-70m,128,step128,70426624,6,8,46,3,3,0.012857926078140736,0.0,26951.140625
EleutherAI/pythia-70m,128,step128,70426624,6,8,46,3,4,0.013153333216905594,0.0,26951.140625
EleutherAI/pythia-70m,128,step128,70426624,6,8,46,3,5,0.01359485648572445,0.0,26951.140625
EleutherAI/pythia-70m,128,step128,70426624,6,8,46,3,6,0.010995414108037949,0.0,26951.140625
EleutherAI/pythia-70m,128,step128,70426624,6,8,46,3,7,0.014713556505739689,0.0,26951.140625
EleutherAI/pythia-70m,128,step128,70426624,6,8,46,4,0,0.009905445389449596,0.0,26951.140625
EleutherAI/pythia-70m,128,step128,70426624,6,8,46,4,1,0.0075888060964643955,0.0,26951.140625
EleutherAI/pythia-70m,128,step128,70426624,6,8,46,4,2,0.012306774966418743,0.0,26951.140625
EleutherAI/pythia-70m,128,step128,70426624,6,8,46,4,3,0.013271496631205082,0.0,26951.140625
EleutherAI/pythia-70m,128,step128,70426624,6,8,46,4,4,0.0071588195860385895,0.0,26951.140625
EleutherAI/pythia-70m,128,step128,70426624,6,8,46,4,5,0.006473102606832981,0.0,26951.140625
EleutherAI/pythia-70m,128,step128,70426624,6,8,46,4,6,0.01133706420660019,0.0,26951.140625
EleutherAI/pythia-70m,128,step128,70426624,6,8,46,4,7,0.011675682850182056,0.0,26951.140625
EleutherAI/pythia-70m,128,step128,70426624,6,8,46,5,0,0.010274234227836132,0.0,26951.140625
EleutherAI/pythia-70m,128,step128,70426624,6,8,46,5,1,0.009886015206575394,0.0,26951.140625
EleutherAI/pythia-70m,128,step128,70426624,6,8,46,5,2,0.009720806032419205,0.0,26951.140625
EleutherAI/pythia-70m,128,step128,70426624,6,8,46,5,3,0.010416720062494278,0.0,26951.140625
EleutherAI/pythia-70m,128,step128,70426624,6,8,46,5,4,0.007908204570412636,0.0,26951.140625
EleutherAI/pythia-70m,128,step128,70426624,6,8,46,5,5,0.009493171237409115,0.0,26951.140625
EleutherAI/pythia-70m,128,step128,70426624,6,8,46,5,6,0.00818985141813755,0.0,26951.140625
EleutherAI/pythia-70m,128,step128,70426624,6,8,46,5,7,0.005531021393835545,0.0,26951.140625
EleutherAI/pythia-70m,128,step128,70426624,6,8,47,0,0,0.013472100719809532,0.0,25131.51953125
EleutherAI/pythia-70m,128,step128,70426624,6,8,47,0,1,0.013773503713309765,0.0,25131.51953125
EleutherAI/pythia-70m,128,step128,70426624,6,8,47,0,2,0.01322865393012762,0.0,25131.51953125
EleutherAI/pythia-70m,128,step128,70426624,6,8,47,0,3,0.012791675515472889,0.0,25131.51953125
EleutherAI/pythia-70m,128,step128,70426624,6,8,47,0,4,0.013301407918334007,0.0,25131.51953125
EleutherAI/pythia-70m,128,step128,70426624,6,8,47,0,5,0.013133980333805084,0.0,25131.51953125
EleutherAI/pythia-70m,128,step128,70426624,6,8,47,0,6,0.01338705699890852,0.0,25131.51953125
EleutherAI/pythia-70m,128,step128,70426624,6,8,47,0,7,0.012638957239687443,0.0,25131.51953125
EleutherAI/pythia-70m,128,step128,70426624,6,8,47,1,0,0.011544090695679188,0.0,25131.51953125
EleutherAI/pythia-70m,128,step128,70426624,6,8,47,1,1,0.01269008032977581,0.0,25131.51953125
EleutherAI/pythia-70m,128,step128,70426624,6,8,47,1,2,0.012449323199689388,0.0,25131.51953125
EleutherAI/pythia-70m,128,step128,70426624,6,8,47,1,3,0.0126443300396204,0.0,25131.51953125
EleutherAI/pythia-70m,128,step128,70426624,6,8,47,1,4,0.012234357185661793,0.0,25131.51953125
EleutherAI/pythia-70m,128,step128,70426624,6,8,47,1,5,0.013439416885375977,0.0,25131.51953125
EleutherAI/pythia-70m,128,step128,70426624,6,8,47,1,6,0.013168488629162312,0.0,25131.51953125
EleutherAI/pythia-70m,128,step128,70426624,6,8,47,1,7,0.012396777048707008,0.0,25131.51953125
EleutherAI/pythia-70m,128,step128,70426624,6,8,47,2,0,0.010151045396924019,0.0,25131.51953125
EleutherAI/pythia-70m,128,step128,70426624,6,8,47,2,1,0.014097478240728378,0.0,25131.51953125
EleutherAI/pythia-70m,128,step128,70426624,6,8,47,2,2,0.01573929749429226,0.0,25131.51953125
EleutherAI/pythia-70m,128,step128,70426624,6,8,47,2,3,0.011082678101956844,0.0,25131.51953125
EleutherAI/pythia-70m,128,step128,70426624,6,8,47,2,4,0.012670747935771942,0.0,25131.51953125
EleutherAI/pythia-70m,128,step128,70426624,6,8,47,2,5,0.014237556606531143,0.0,25131.51953125
EleutherAI/pythia-70m,128,step128,70426624,6,8,47,2,6,0.014510408975183964,0.0,25131.51953125
EleutherAI/pythia-70m,128,step128,70426624,6,8,47,2,7,0.012639270164072514,0.0,25131.51953125
EleutherAI/pythia-70m,128,step128,70426624,6,8,47,3,0,0.012304704636335373,0.0,25131.51953125
EleutherAI/pythia-70m,128,step128,70426624,6,8,47,3,1,0.012928510084748268,0.0,25131.51953125
EleutherAI/pythia-70m,128,step128,70426624,6,8,47,3,2,0.011991124600172043,0.0,25131.51953125
EleutherAI/pythia-70m,128,step128,70426624,6,8,47,3,3,0.013469490222632885,0.0,25131.51953125
EleutherAI/pythia-70m,128,step128,70426624,6,8,47,3,4,0.014582040719687939,0.0,25131.51953125
EleutherAI/pythia-70m,128,step128,70426624,6,8,47,3,5,0.013569975271821022,0.0,25131.51953125
EleutherAI/pythia-70m,128,step128,70426624,6,8,47,3,6,0.01476435549557209,0.0,25131.51953125
EleutherAI/pythia-70m,128,step128,70426624,6,8,47,3,7,0.014557803981006145,0.0,25131.51953125
EleutherAI/pythia-70m,128,step128,70426624,6,8,47,4,0,0.009930618107318878,0.0,25131.51953125
EleutherAI/pythia-70m,128,step128,70426624,6,8,47,4,1,0.008541276678442955,0.0,25131.51953125
EleutherAI/pythia-70m,128,step128,70426624,6,8,47,4,2,0.010719912126660347,0.0,25131.51953125
EleutherAI/pythia-70m,128,step128,70426624,6,8,47,4,3,0.013423724099993706,0.0,25131.51953125
EleutherAI/pythia-70m,128,step128,70426624,6,8,47,4,4,0.007851001806557178,0.0,25131.51953125
EleutherAI/pythia-70m,128,step128,70426624,6,8,47,4,5,0.007552317343652248,0.0,25131.51953125
EleutherAI/pythia-70m,128,step128,70426624,6,8,47,4,6,0.012259483337402344,0.0,25131.51953125
EleutherAI/pythia-70m,128,step128,70426624,6,8,47,4,7,0.012564604170620441,0.0,25131.51953125
EleutherAI/pythia-70m,128,step128,70426624,6,8,47,5,0,0.009141507558524609,0.0,25131.51953125
EleutherAI/pythia-70m,128,step128,70426624,6,8,47,5,1,0.010413740761578083,0.0,25131.51953125
EleutherAI/pythia-70m,128,step128,70426624,6,8,47,5,2,0.009747708216309547,0.0,25131.51953125
EleutherAI/pythia-70m,128,step128,70426624,6,8,47,5,3,0.013258611783385277,0.0,25131.51953125
EleutherAI/pythia-70m,128,step128,70426624,6,8,47,5,4,0.008584398776292801,0.0,25131.51953125
EleutherAI/pythia-70m,128,step128,70426624,6,8,47,5,5,0.00994204729795456,0.0,25131.51953125
EleutherAI/pythia-70m,128,step128,70426624,6,8,47,5,6,0.007782721426337957,0.0,25131.51953125
EleutherAI/pythia-70m,128,step128,70426624,6,8,47,5,7,0.007413589861243963,0.0,25131.51953125
EleutherAI/pythia-70m,128,step128,70426624,6,8,48,0,0,0.01409086212515831,0.0,25714.5
EleutherAI/pythia-70m,128,step128,70426624,6,8,48,0,1,0.013618085533380508,0.0,25714.5
EleutherAI/pythia-70m,128,step128,70426624,6,8,48,0,2,0.01369381882250309,0.0,25714.5
EleutherAI/pythia-70m,128,step128,70426624,6,8,48,0,3,0.014589838683605194,0.0,25714.5
EleutherAI/pythia-70m,128,step128,70426624,6,8,48,0,4,0.013559463433921337,0.0,25714.5
EleutherAI/pythia-70m,128,step128,70426624,6,8,48,0,5,0.013440502807497978,0.0,25714.5
EleutherAI/pythia-70m,128,step128,70426624,6,8,48,0,6,0.014027479104697704,0.0,25714.5
EleutherAI/pythia-70m,128,step128,70426624,6,8,48,0,7,0.014397388324141502,0.0,25714.5
EleutherAI/pythia-70m,128,step128,70426624,6,8,48,1,0,0.012924294918775558,0.0,25714.5
EleutherAI/pythia-70m,128,step128,70426624,6,8,48,1,1,0.013679190538823605,0.0,25714.5
EleutherAI/pythia-70m,128,step128,70426624,6,8,48,1,2,0.01357157900929451,0.0,25714.5
EleutherAI/pythia-70m,128,step128,70426624,6,8,48,1,3,0.01377870049327612,0.0,25714.5
EleutherAI/pythia-70m,128,step128,70426624,6,8,48,1,4,0.011110601015388966,0.0,25714.5
EleutherAI/pythia-70m,128,step128,70426624,6,8,48,1,5,0.013727683573961258,0.0,25714.5
EleutherAI/pythia-70m,128,step128,70426624,6,8,48,1,6,0.01252179965376854,0.0,25714.5
EleutherAI/pythia-70m,128,step128,70426624,6,8,48,1,7,0.012753061950206757,0.0,25714.5
EleutherAI/pythia-70m,128,step128,70426624,6,8,48,2,0,0.012259270995855331,0.0,25714.5
EleutherAI/pythia-70m,128,step128,70426624,6,8,48,2,1,0.013031605631113052,0.0,25714.5
EleutherAI/pythia-70m,128,step128,70426624,6,8,48,2,2,0.013749122619628906,0.0,25714.5
EleutherAI/pythia-70m,128,step128,70426624,6,8,48,2,3,0.011270209215581417,0.0,25714.5
EleutherAI/pythia-70m,128,step128,70426624,6,8,48,2,4,0.012660994194447994,0.0,25714.5
EleutherAI/pythia-70m,128,step128,70426624,6,8,48,2,5,0.014179762452840805,0.0,25714.5
EleutherAI/pythia-70m,128,step128,70426624,6,8,48,2,6,0.013494620099663734,0.0,25714.5
EleutherAI/pythia-70m,128,step128,70426624,6,8,48,2,7,0.012235930189490318,0.0,25714.5
EleutherAI/pythia-70m,128,step128,70426624,6,8,48,3,0,0.011846794746816158,0.0,25714.5
EleutherAI/pythia-70m,128,step128,70426624,6,8,48,3,1,0.010762351565063,0.0,25714.5
EleutherAI/pythia-70m,128,step128,70426624,6,8,48,3,2,0.011223389767110348,0.0,25714.5
EleutherAI/pythia-70m,128,step128,70426624,6,8,48,3,3,0.013436991721391678,0.0,25714.5
EleutherAI/pythia-70m,128,step128,70426624,6,8,48,3,4,0.013098732568323612,0.0,25714.5
EleutherAI/pythia-70m,128,step128,70426624,6,8,48,3,5,0.015058500692248344,0.0,25714.5
EleutherAI/pythia-70m,128,step128,70426624,6,8,48,3,6,0.011594095267355442,0.0,25714.5
EleutherAI/pythia-70m,128,step128,70426624,6,8,48,3,7,0.01183409709483385,0.0,25714.5
EleutherAI/pythia-70m,128,step128,70426624,6,8,48,4,0,0.010740736499428749,0.0,25714.5
EleutherAI/pythia-70m,128,step128,70426624,6,8,48,4,1,0.008648850955069065,0.0,25714.5
EleutherAI/pythia-70m,128,step128,70426624,6,8,48,4,2,0.00871711503714323,0.0,25714.5
EleutherAI/pythia-70m,128,step128,70426624,6,8,48,4,3,0.01102979201823473,0.0,25714.5
EleutherAI/pythia-70m,128,step128,70426624,6,8,48,4,4,0.009189672768115997,0.0,25714.5
EleutherAI/pythia-70m,128,step128,70426624,6,8,48,4,5,0.006950567476451397,0.0,25714.5
EleutherAI/pythia-70m,128,step128,70426624,6,8,48,4,6,0.012273943051695824,0.0,25714.5
EleutherAI/pythia-70m,128,step128,70426624,6,8,48,4,7,0.010905832052230835,0.0,25714.5
EleutherAI/pythia-70m,128,step128,70426624,6,8,48,5,0,0.008672588504850864,0.0,25714.5
EleutherAI/pythia-70m,128,step128,70426624,6,8,48,5,1,0.010697152465581894,0.0,25714.5
EleutherAI/pythia-70m,128,step128,70426624,6,8,48,5,2,0.009141680784523487,0.0,25714.5
EleutherAI/pythia-70m,128,step128,70426624,6,8,48,5,3,0.009992843493819237,0.0,25714.5
EleutherAI/pythia-70m,128,step128,70426624,6,8,48,5,4,0.007485661655664444,0.0,25714.5
EleutherAI/pythia-70m,128,step128,70426624,6,8,48,5,5,0.010243668220937252,0.0,25714.5
EleutherAI/pythia-70m,128,step128,70426624,6,8,48,5,6,0.006848105229437351,0.0,25714.5
EleutherAI/pythia-70m,128,step128,70426624,6,8,48,5,7,0.006330085918307304,0.0,25714.5
EleutherAI/pythia-70m,128,step128,70426624,6,8,49,0,0,0.012890138663351536,0.0,25637.0390625
EleutherAI/pythia-70m,128,step128,70426624,6,8,49,0,1,0.01301448605954647,0.0,25637.0390625
EleutherAI/pythia-70m,128,step128,70426624,6,8,49,0,2,0.013848762959241867,0.0,25637.0390625
EleutherAI/pythia-70m,128,step128,70426624,6,8,49,0,3,0.013966205529868603,0.0,25637.0390625
EleutherAI/pythia-70m,128,step128,70426624,6,8,49,0,4,0.012984918430447578,0.0,25637.0390625
EleutherAI/pythia-70m,128,step128,70426624,6,8,49,0,5,0.013780318200588226,0.0,25637.0390625
EleutherAI/pythia-70m,128,step128,70426624,6,8,49,0,6,0.013275645673274994,0.0,25637.0390625
EleutherAI/pythia-70m,128,step128,70426624,6,8,49,0,7,0.013749973848462105,0.0,25637.0390625
EleutherAI/pythia-70m,128,step128,70426624,6,8,49,1,0,0.013054613955318928,0.0,25637.0390625
EleutherAI/pythia-70m,128,step128,70426624,6,8,49,1,1,0.013931503519415855,0.0,25637.0390625
EleutherAI/pythia-70m,128,step128,70426624,6,8,49,1,2,0.014155740849673748,0.0,25637.0390625
EleutherAI/pythia-70m,128,step128,70426624,6,8,49,1,3,0.014046129770576954,0.0,25637.0390625
EleutherAI/pythia-70m,128,step128,70426624,6,8,49,1,4,0.012420623563230038,0.0,25637.0390625
EleutherAI/pythia-70m,128,step128,70426624,6,8,49,1,5,0.013956155627965927,0.0,25637.0390625
EleutherAI/pythia-70m,128,step128,70426624,6,8,49,1,6,0.01394619233906269,0.0,25637.0390625
EleutherAI/pythia-70m,128,step128,70426624,6,8,49,1,7,0.014989371411502361,0.0,25637.0390625
EleutherAI/pythia-70m,128,step128,70426624,6,8,49,2,0,0.010610966943204403,0.0,25637.0390625
EleutherAI/pythia-70m,128,step128,70426624,6,8,49,2,1,0.013112213462591171,0.0,25637.0390625
EleutherAI/pythia-70m,128,step128,70426624,6,8,49,2,2,0.015026247128844261,0.0,25637.0390625
EleutherAI/pythia-70m,128,step128,70426624,6,8,49,2,3,0.010379526764154434,0.0,25637.0390625
EleutherAI/pythia-70m,128,step128,70426624,6,8,49,2,4,0.012167980894446373,0.0,25637.0390625
EleutherAI/pythia-70m,128,step128,70426624,6,8,49,2,5,0.012638390995562077,0.0,25637.0390625
EleutherAI/pythia-70m,128,step128,70426624,6,8,49,2,6,0.014429488219320774,0.0,25637.0390625
EleutherAI/pythia-70m,128,step128,70426624,6,8,49,2,7,0.01279165968298912,0.0,25637.0390625
EleutherAI/pythia-70m,128,step128,70426624,6,8,49,3,0,0.011407440528273582,0.0,25637.0390625
EleutherAI/pythia-70m,128,step128,70426624,6,8,49,3,1,0.012654720805585384,0.0,25637.0390625
EleutherAI/pythia-70m,128,step128,70426624,6,8,49,3,2,0.010841944254934788,0.0,25637.0390625
EleutherAI/pythia-70m,128,step128,70426624,6,8,49,3,3,0.012923408299684525,0.0,25637.0390625
EleutherAI/pythia-70m,128,step128,70426624,6,8,49,3,4,0.0153548838570714,0.0,25637.0390625
EleutherAI/pythia-70m,128,step128,70426624,6,8,49,3,5,0.012417744845151901,0.0,25637.0390625
EleutherAI/pythia-70m,128,step128,70426624,6,8,49,3,6,0.012399059720337391,0.0,25637.0390625
EleutherAI/pythia-70m,128,step128,70426624,6,8,49,3,7,0.01296172384172678,0.0,25637.0390625
EleutherAI/pythia-70m,128,step128,70426624,6,8,49,4,0,0.010035842657089233,0.0,25637.0390625
EleutherAI/pythia-70m,128,step128,70426624,6,8,49,4,1,0.008811138570308685,0.0,25637.0390625
EleutherAI/pythia-70m,128,step128,70426624,6,8,49,4,2,0.01364754419773817,0.0,25637.0390625
EleutherAI/pythia-70m,128,step128,70426624,6,8,49,4,3,0.011080202646553516,0.0,25637.0390625
EleutherAI/pythia-70m,128,step128,70426624,6,8,49,4,4,0.00850556418299675,0.0,25637.0390625
EleutherAI/pythia-70m,128,step128,70426624,6,8,49,4,5,0.006597393192350864,0.0,25637.0390625
EleutherAI/pythia-70m,128,step128,70426624,6,8,49,4,6,0.011608435772359371,0.0,25637.0390625
EleutherAI/pythia-70m,128,step128,70426624,6,8,49,4,7,0.01195626612752676,0.0,25637.0390625
EleutherAI/pythia-70m,128,step128,70426624,6,8,49,5,0,0.011589408852159977,0.0,25637.0390625
EleutherAI/pythia-70m,128,step128,70426624,6,8,49,5,1,0.010299763642251492,0.0,25637.0390625
EleutherAI/pythia-70m,128,step128,70426624,6,8,49,5,2,0.009357958100736141,0.0,25637.0390625
EleutherAI/pythia-70m,128,step128,70426624,6,8,49,5,3,0.010145407170057297,0.0,25637.0390625
EleutherAI/pythia-70m,128,step128,70426624,6,8,49,5,4,0.010507166385650635,0.0,25637.0390625
EleutherAI/pythia-70m,128,step128,70426624,6,8,49,5,5,0.011108942329883575,0.0,25637.0390625
EleutherAI/pythia-70m,128,step128,70426624,6,8,49,5,6,0.008942033164203167,0.0,25637.0390625
EleutherAI/pythia-70m,128,step128,70426624,6,8,49,5,7,0.007879029959440231,0.0,25637.0390625
EleutherAI/pythia-70m,128,step128,70426624,6,8,50,0,0,0.014718996360898018,0.0,25626.720703125
EleutherAI/pythia-70m,128,step128,70426624,6,8,50,0,1,0.013889539986848831,0.0,25626.720703125
EleutherAI/pythia-70m,128,step128,70426624,6,8,50,0,2,0.014461806043982506,0.0,25626.720703125
EleutherAI/pythia-70m,128,step128,70426624,6,8,50,0,3,0.013967012986540794,0.0,25626.720703125
EleutherAI/pythia-70m,128,step128,70426624,6,8,50,0,4,0.012694749981164932,0.0,25626.720703125
EleutherAI/pythia-70m,128,step128,70426624,6,8,50,0,5,0.0139740826562047,0.0,25626.720703125
EleutherAI/pythia-70m,128,step128,70426624,6,8,50,0,6,0.01399965863674879,0.0,25626.720703125
EleutherAI/pythia-70m,128,step128,70426624,6,8,50,0,7,0.015280141495168209,0.0,25626.720703125
EleutherAI/pythia-70m,128,step128,70426624,6,8,50,1,0,0.0124600138515234,0.0,25626.720703125
EleutherAI/pythia-70m,128,step128,70426624,6,8,50,1,1,0.013715668581426144,0.0,25626.720703125
EleutherAI/pythia-70m,128,step128,70426624,6,8,50,1,2,0.013985727913677692,0.0,25626.720703125
EleutherAI/pythia-70m,128,step128,70426624,6,8,50,1,3,0.012282614596188068,0.0,25626.720703125
EleutherAI/pythia-70m,128,step128,70426624,6,8,50,1,4,0.01211102120578289,0.0,25626.720703125
EleutherAI/pythia-70m,128,step128,70426624,6,8,50,1,5,0.013607289642095566,0.0,25626.720703125
EleutherAI/pythia-70m,128,step128,70426624,6,8,50,1,6,0.01432548277080059,0.0,25626.720703125
EleutherAI/pythia-70m,128,step128,70426624,6,8,50,1,7,0.014407848939299583,0.0,25626.720703125
EleutherAI/pythia-70m,128,step128,70426624,6,8,50,2,0,0.00898294523358345,0.0,25626.720703125
EleutherAI/pythia-70m,128,step128,70426624,6,8,50,2,1,0.012166330590844154,0.0,25626.720703125
EleutherAI/pythia-70m,128,step128,70426624,6,8,50,2,2,0.017031008377671242,0.0,25626.720703125
EleutherAI/pythia-70m,128,step128,70426624,6,8,50,2,3,0.010663377121090889,0.0,25626.720703125
EleutherAI/pythia-70m,128,step128,70426624,6,8,50,2,4,0.012746848165988922,0.0,25626.720703125
EleutherAI/pythia-70m,128,step128,70426624,6,8,50,2,5,0.01335526630282402,0.0,25626.720703125
EleutherAI/pythia-70m,128,step128,70426624,6,8,50,2,6,0.013321072794497013,0.0,25626.720703125
EleutherAI/pythia-70m,128,step128,70426624,6,8,50,2,7,0.012693979777395725,0.0,25626.720703125
EleutherAI/pythia-70m,128,step128,70426624,6,8,50,3,0,0.009399167262017727,0.0,25626.720703125
EleutherAI/pythia-70m,128,step128,70426624,6,8,50,3,1,0.0116568049415946,0.0,25626.720703125
EleutherAI/pythia-70m,128,step128,70426624,6,8,50,3,2,0.011253583244979382,0.0,25626.720703125
EleutherAI/pythia-70m,128,step128,70426624,6,8,50,3,3,0.010910043492913246,0.0,25626.720703125
EleutherAI/pythia-70m,128,step128,70426624,6,8,50,3,4,0.014601452276110649,0.0,25626.720703125
EleutherAI/pythia-70m,128,step128,70426624,6,8,50,3,5,0.014271262101829052,0.0,25626.720703125
EleutherAI/pythia-70m,128,step128,70426624,6,8,50,3,6,0.012722552753984928,0.0,25626.720703125
EleutherAI/pythia-70m,128,step128,70426624,6,8,50,3,7,0.013889075256884098,0.0,25626.720703125
EleutherAI/pythia-70m,128,step128,70426624,6,8,50,4,0,0.010175876319408417,0.0,25626.720703125
EleutherAI/pythia-70m,128,step128,70426624,6,8,50,4,1,0.008345268666744232,0.0,25626.720703125
EleutherAI/pythia-70m,128,step128,70426624,6,8,50,4,2,0.013899672776460648,0.0,25626.720703125
EleutherAI/pythia-70m,128,step128,70426624,6,8,50,4,3,0.010939802043139935,0.0,25626.720703125
EleutherAI/pythia-70m,128,step128,70426624,6,8,50,4,4,0.007401878945529461,0.0,25626.720703125
EleutherAI/pythia-70m,128,step128,70426624,6,8,50,4,5,0.005562069360166788,0.0,25626.720703125
EleutherAI/pythia-70m,128,step128,70426624,6,8,50,4,6,0.011216972023248672,0.0,25626.720703125
EleutherAI/pythia-70m,128,step128,70426624,6,8,50,4,7,0.01027038786560297,0.0,25626.720703125
EleutherAI/pythia-70m,128,step128,70426624,6,8,50,5,0,0.008779787458479404,0.0,25626.720703125
EleutherAI/pythia-70m,128,step128,70426624,6,8,50,5,1,0.010916215367615223,0.0,25626.720703125
EleutherAI/pythia-70m,128,step128,70426624,6,8,50,5,2,0.009264813736081123,0.0,25626.720703125
EleutherAI/pythia-70m,128,step128,70426624,6,8,50,5,3,0.010335259139537811,0.0,25626.720703125
EleutherAI/pythia-70m,128,step128,70426624,6,8,50,5,4,0.007351160515099764,0.0,25626.720703125
EleutherAI/pythia-70m,128,step128,70426624,6,8,50,5,5,0.009627598337829113,0.0,25626.720703125
EleutherAI/pythia-70m,128,step128,70426624,6,8,50,5,6,0.006790919229388237,0.0,25626.720703125
EleutherAI/pythia-70m,128,step128,70426624,6,8,50,5,7,0.006720717065036297,0.0,25626.720703125
EleutherAI/pythia-70m,128,step128,70426624,6,8,51,0,0,0.014375617727637291,0.0,26786.359375
EleutherAI/pythia-70m,128,step128,70426624,6,8,51,0,1,0.012617882341146469,0.0,26786.359375
EleutherAI/pythia-70m,128,step128,70426624,6,8,51,0,2,0.012689241208136082,0.0,26786.359375
EleutherAI/pythia-70m,128,step128,70426624,6,8,51,0,3,0.013057035394012928,0.0,26786.359375
EleutherAI/pythia-70m,128,step128,70426624,6,8,51,0,4,0.014128600247204304,0.0,26786.359375
EleutherAI/pythia-70m,128,step128,70426624,6,8,51,0,5,0.012227572500705719,0.0,26786.359375
EleutherAI/pythia-70m,128,step128,70426624,6,8,51,0,6,0.014231997542083263,0.0,26786.359375
EleutherAI/pythia-70m,128,step128,70426624,6,8,51,0,7,0.013377831317484379,0.0,26786.359375
EleutherAI/pythia-70m,128,step128,70426624,6,8,51,1,0,0.013003852218389511,0.0,26786.359375
EleutherAI/pythia-70m,128,step128,70426624,6,8,51,1,1,0.012211548164486885,0.0,26786.359375
EleutherAI/pythia-70m,128,step128,70426624,6,8,51,1,2,0.01359226368367672,0.0,26786.359375
EleutherAI/pythia-70m,128,step128,70426624,6,8,51,1,3,0.01427652221173048,0.0,26786.359375
EleutherAI/pythia-70m,128,step128,70426624,6,8,51,1,4,0.012299790047109127,0.0,26786.359375
EleutherAI/pythia-70m,128,step128,70426624,6,8,51,1,5,0.01361207477748394,0.0,26786.359375
EleutherAI/pythia-70m,128,step128,70426624,6,8,51,1,6,0.0153477368876338,0.0,26786.359375
EleutherAI/pythia-70m,128,step128,70426624,6,8,51,1,7,0.015265808440744877,0.0,26786.359375
EleutherAI/pythia-70m,128,step128,70426624,6,8,51,2,0,0.010983143001794815,0.0,26786.359375
EleutherAI/pythia-70m,128,step128,70426624,6,8,51,2,1,0.013697621412575245,0.0,26786.359375
EleutherAI/pythia-70m,128,step128,70426624,6,8,51,2,2,0.01374808233231306,0.0,26786.359375
EleutherAI/pythia-70m,128,step128,70426624,6,8,51,2,3,0.012533733621239662,0.0,26786.359375
EleutherAI/pythia-70m,128,step128,70426624,6,8,51,2,4,0.013538450002670288,0.0,26786.359375
EleutherAI/pythia-70m,128,step128,70426624,6,8,51,2,5,0.015579086728394032,0.0,26786.359375
EleutherAI/pythia-70m,128,step128,70426624,6,8,51,2,6,0.012872183695435524,0.0,26786.359375
EleutherAI/pythia-70m,128,step128,70426624,6,8,51,2,7,0.012315304018557072,0.0,26786.359375
EleutherAI/pythia-70m,128,step128,70426624,6,8,51,3,0,0.011760073713958263,0.0,26786.359375
EleutherAI/pythia-70m,128,step128,70426624,6,8,51,3,1,0.01328983437269926,0.0,26786.359375
EleutherAI/pythia-70m,128,step128,70426624,6,8,51,3,2,0.011775591410696507,0.0,26786.359375
EleutherAI/pythia-70m,128,step128,70426624,6,8,51,3,3,0.013248472474515438,0.0,26786.359375
EleutherAI/pythia-70m,128,step128,70426624,6,8,51,3,4,0.012945327907800674,0.0,26786.359375
EleutherAI/pythia-70m,128,step128,70426624,6,8,51,3,5,0.014450417831540108,0.0,26786.359375
EleutherAI/pythia-70m,128,step128,70426624,6,8,51,3,6,0.012371732853353024,0.0,26786.359375
EleutherAI/pythia-70m,128,step128,70426624,6,8,51,3,7,0.012310287915170193,0.0,26786.359375
EleutherAI/pythia-70m,128,step128,70426624,6,8,51,4,0,0.011505906470119953,0.0,26786.359375
EleutherAI/pythia-70m,128,step128,70426624,6,8,51,4,1,0.008019401691854,0.0,26786.359375
EleutherAI/pythia-70m,128,step128,70426624,6,8,51,4,2,0.011264920234680176,0.0,26786.359375
EleutherAI/pythia-70m,128,step128,70426624,6,8,51,4,3,0.011422676965594292,0.0,26786.359375
EleutherAI/pythia-70m,128,step128,70426624,6,8,51,4,4,0.009283808059990406,0.0,26786.359375
EleutherAI/pythia-70m,128,step128,70426624,6,8,51,4,5,0.006700669415295124,0.0,26786.359375
EleutherAI/pythia-70m,128,step128,70426624,6,8,51,4,6,0.013009862042963505,0.0,26786.359375
EleutherAI/pythia-70m,128,step128,70426624,6,8,51,4,7,0.01181779894977808,0.0,26786.359375
EleutherAI/pythia-70m,128,step128,70426624,6,8,51,5,0,0.009509164839982986,0.0,26786.359375
EleutherAI/pythia-70m,128,step128,70426624,6,8,51,5,1,0.011537175625562668,0.0,26786.359375
EleutherAI/pythia-70m,128,step128,70426624,6,8,51,5,2,0.008671675808727741,0.0,26786.359375
EleutherAI/pythia-70m,128,step128,70426624,6,8,51,5,3,0.011534294113516808,0.0,26786.359375
EleutherAI/pythia-70m,128,step128,70426624,6,8,51,5,4,0.00950444582849741,0.0,26786.359375
EleutherAI/pythia-70m,128,step128,70426624,6,8,51,5,5,0.010725886560976505,0.0,26786.359375
EleutherAI/pythia-70m,128,step128,70426624,6,8,51,5,6,0.00852974597364664,0.0,26786.359375
EleutherAI/pythia-70m,128,step128,70426624,6,8,51,5,7,0.007724008988589048,0.0,26786.359375
EleutherAI/pythia-70m,128,step128,70426624,6,8,52,0,0,0.014287833124399185,0.0,26212.6796875
EleutherAI/pythia-70m,128,step128,70426624,6,8,52,0,1,0.013385088182985783,0.0,26212.6796875
EleutherAI/pythia-70m,128,step128,70426624,6,8,52,0,2,0.012952540069818497,0.0,26212.6796875
EleutherAI/pythia-70m,128,step128,70426624,6,8,52,0,3,0.013363983482122421,0.0,26212.6796875
EleutherAI/pythia-70m,128,step128,70426624,6,8,52,0,4,0.013500919565558434,0.0,26212.6796875
EleutherAI/pythia-70m,128,step128,70426624,6,8,52,0,5,0.013666948303580284,0.0,26212.6796875
EleutherAI/pythia-70m,128,step128,70426624,6,8,52,0,6,0.013772967271506786,0.0,26212.6796875
EleutherAI/pythia-70m,128,step128,70426624,6,8,52,0,7,0.014771602116525173,0.0,26212.6796875
EleutherAI/pythia-70m,128,step128,70426624,6,8,52,1,0,0.012984080240130424,0.0,26212.6796875
EleutherAI/pythia-70m,128,step128,70426624,6,8,52,1,1,0.013401001691818237,0.0,26212.6796875
EleutherAI/pythia-70m,128,step128,70426624,6,8,52,1,2,0.013864514417946339,0.0,26212.6796875
EleutherAI/pythia-70m,128,step128,70426624,6,8,52,1,3,0.01171538233757019,0.0,26212.6796875
EleutherAI/pythia-70m,128,step128,70426624,6,8,52,1,4,0.012249899096786976,0.0,26212.6796875
EleutherAI/pythia-70m,128,step128,70426624,6,8,52,1,5,0.013651091605424881,0.0,26212.6796875
EleutherAI/pythia-70m,128,step128,70426624,6,8,52,1,6,0.014134050346910954,0.0,26212.6796875
EleutherAI/pythia-70m,128,step128,70426624,6,8,52,1,7,0.014288556762039661,0.0,26212.6796875
EleutherAI/pythia-70m,128,step128,70426624,6,8,52,2,0,0.010196132585406303,0.0,26212.6796875
EleutherAI/pythia-70m,128,step128,70426624,6,8,52,2,1,0.012040238827466965,0.0,26212.6796875
EleutherAI/pythia-70m,128,step128,70426624,6,8,52,2,2,0.015826111659407616,0.0,26212.6796875
EleutherAI/pythia-70m,128,step128,70426624,6,8,52,2,3,0.011982372030615807,0.0,26212.6796875
EleutherAI/pythia-70m,128,step128,70426624,6,8,52,2,4,0.010959130711853504,0.0,26212.6796875
EleutherAI/pythia-70m,128,step128,70426624,6,8,52,2,5,0.013043715618550777,0.0,26212.6796875
EleutherAI/pythia-70m,128,step128,70426624,6,8,52,2,6,0.011232281103730202,0.0,26212.6796875
EleutherAI/pythia-70m,128,step128,70426624,6,8,52,2,7,0.013095603324472904,0.0,26212.6796875
EleutherAI/pythia-70m,128,step128,70426624,6,8,52,3,0,0.012049582786858082,0.0,26212.6796875
EleutherAI/pythia-70m,128,step128,70426624,6,8,52,3,1,0.013996911235153675,0.0,26212.6796875
EleutherAI/pythia-70m,128,step128,70426624,6,8,52,3,2,0.010176373645663261,0.0,26212.6796875
EleutherAI/pythia-70m,128,step128,70426624,6,8,52,3,3,0.014322523958981037,0.0,26212.6796875
EleutherAI/pythia-70m,128,step128,70426624,6,8,52,3,4,0.012263055890798569,0.0,26212.6796875
EleutherAI/pythia-70m,128,step128,70426624,6,8,52,3,5,0.013343065045773983,0.0,26212.6796875
EleutherAI/pythia-70m,128,step128,70426624,6,8,52,3,6,0.011951160617172718,0.0,26212.6796875
EleutherAI/pythia-70m,128,step128,70426624,6,8,52,3,7,0.01217652577906847,0.0,26212.6796875
EleutherAI/pythia-70m,128,step128,70426624,6,8,52,4,0,0.009386320598423481,0.0,26212.6796875
EleutherAI/pythia-70m,128,step128,70426624,6,8,52,4,1,0.008038485422730446,0.0,26212.6796875
EleutherAI/pythia-70m,128,step128,70426624,6,8,52,4,2,0.01123857032507658,0.0,26212.6796875
EleutherAI/pythia-70m,128,step128,70426624,6,8,52,4,3,0.012138551101088524,0.0,26212.6796875
EleutherAI/pythia-70m,128,step128,70426624,6,8,52,4,4,0.008385097607970238,0.0,26212.6796875
EleutherAI/pythia-70m,128,step128,70426624,6,8,52,4,5,0.006684406194835901,0.0,26212.6796875
EleutherAI/pythia-70m,128,step128,70426624,6,8,52,4,6,0.01113186590373516,0.0,26212.6796875
EleutherAI/pythia-70m,128,step128,70426624,6,8,52,4,7,0.011698918417096138,0.0,26212.6796875
EleutherAI/pythia-70m,128,step128,70426624,6,8,52,5,0,0.007740783039480448,0.0,26212.6796875
EleutherAI/pythia-70m,128,step128,70426624,6,8,52,5,1,0.010947582311928272,0.0,26212.6796875
EleutherAI/pythia-70m,128,step128,70426624,6,8,52,5,2,0.010110342875123024,0.0,26212.6796875
EleutherAI/pythia-70m,128,step128,70426624,6,8,52,5,3,0.011500917375087738,0.0,26212.6796875
EleutherAI/pythia-70m,128,step128,70426624,6,8,52,5,4,0.008692953735589981,0.0,26212.6796875
EleutherAI/pythia-70m,128,step128,70426624,6,8,52,5,5,0.011292892508208752,0.0,26212.6796875
EleutherAI/pythia-70m,128,step128,70426624,6,8,52,5,6,0.007596343290060759,0.0,26212.6796875
EleutherAI/pythia-70m,128,step128,70426624,6,8,52,5,7,0.006739771459251642,0.0,26212.6796875
EleutherAI/pythia-70m,128,step128,70426624,6,8,53,0,0,0.01400364376604557,0.0,23925.759765625
EleutherAI/pythia-70m,128,step128,70426624,6,8,53,0,1,0.012587375938892365,0.0,23925.759765625
EleutherAI/pythia-70m,128,step128,70426624,6,8,53,0,2,0.014414205215871334,0.0,23925.759765625
EleutherAI/pythia-70m,128,step128,70426624,6,8,53,0,3,0.013086157850921154,0.0,23925.759765625
EleutherAI/pythia-70m,128,step128,70426624,6,8,53,0,4,0.015088174492120743,0.0,23925.759765625
EleutherAI/pythia-70m,128,step128,70426624,6,8,53,0,5,0.014260905794799328,0.0,23925.759765625
EleutherAI/pythia-70m,128,step128,70426624,6,8,53,0,6,0.013321115635335445,0.0,23925.759765625
EleutherAI/pythia-70m,128,step128,70426624,6,8,53,0,7,0.013238524086773396,0.0,23925.759765625
EleutherAI/pythia-70m,128,step128,70426624,6,8,53,1,0,0.011705045588314533,0.0,23925.759765625
EleutherAI/pythia-70m,128,step128,70426624,6,8,53,1,1,0.015480060130357742,0.0,23925.759765625
EleutherAI/pythia-70m,128,step128,70426624,6,8,53,1,2,0.013658895157277584,0.0,23925.759765625
EleutherAI/pythia-70m,128,step128,70426624,6,8,53,1,3,0.012469002045691013,0.0,23925.759765625
EleutherAI/pythia-70m,128,step128,70426624,6,8,53,1,4,0.012025532312691212,0.0,23925.759765625
EleutherAI/pythia-70m,128,step128,70426624,6,8,53,1,5,0.013458872213959694,0.0,23925.759765625
EleutherAI/pythia-70m,128,step128,70426624,6,8,53,1,6,0.014502403326332569,0.0,23925.759765625
EleutherAI/pythia-70m,128,step128,70426624,6,8,53,1,7,0.014200542122125626,0.0,23925.759765625
EleutherAI/pythia-70m,128,step128,70426624,6,8,53,2,0,0.010833892971277237,0.0,23925.759765625
EleutherAI/pythia-70m,128,step128,70426624,6,8,53,2,1,0.012022349052131176,0.0,23925.759765625
EleutherAI/pythia-70m,128,step128,70426624,6,8,53,2,2,0.012322677299380302,0.0,23925.759765625
EleutherAI/pythia-70m,128,step128,70426624,6,8,53,2,3,0.011743299663066864,0.0,23925.759765625
EleutherAI/pythia-70m,128,step128,70426624,6,8,53,2,4,0.014081155881285667,0.0,23925.759765625
EleutherAI/pythia-70m,128,step128,70426624,6,8,53,2,5,0.014230911619961262,0.0,23925.759765625
EleutherAI/pythia-70m,128,step128,70426624,6,8,53,2,6,0.012783345766365528,0.0,23925.759765625
EleutherAI/pythia-70m,128,step128,70426624,6,8,53,2,7,0.010639777407050133,0.0,23925.759765625
EleutherAI/pythia-70m,128,step128,70426624,6,8,53,3,0,0.010983630083501339,0.0,23925.759765625
EleutherAI/pythia-70m,128,step128,70426624,6,8,53,3,1,0.014119782485067844,0.0,23925.759765625
EleutherAI/pythia-70m,128,step128,70426624,6,8,53,3,2,0.011878647841513157,0.0,23925.759765625
EleutherAI/pythia-70m,128,step128,70426624,6,8,53,3,3,0.014459414407610893,0.0,23925.759765625
EleutherAI/pythia-70m,128,step128,70426624,6,8,53,3,4,0.014654571190476418,0.0,23925.759765625
EleutherAI/pythia-70m,128,step128,70426624,6,8,53,3,5,0.016497790813446045,0.0,23925.759765625
EleutherAI/pythia-70m,128,step128,70426624,6,8,53,3,6,0.01295683067291975,0.0,23925.759765625
EleutherAI/pythia-70m,128,step128,70426624,6,8,53,3,7,0.015180408954620361,0.0,23925.759765625
EleutherAI/pythia-70m,128,step128,70426624,6,8,53,4,0,0.011291409842669964,0.0,23925.759765625
EleutherAI/pythia-70m,128,step128,70426624,6,8,53,4,1,0.008820862509310246,0.0,23925.759765625
EleutherAI/pythia-70m,128,step128,70426624,6,8,53,4,2,0.00948640238493681,0.0,23925.759765625
EleutherAI/pythia-70m,128,step128,70426624,6,8,53,4,3,0.013607289642095566,0.0,23925.759765625
EleutherAI/pythia-70m,128,step128,70426624,6,8,53,4,4,0.008312284015119076,0.0,23925.759765625
EleutherAI/pythia-70m,128,step128,70426624,6,8,53,4,5,0.007410164922475815,0.0,23925.759765625
EleutherAI/pythia-70m,128,step128,70426624,6,8,53,4,6,0.012133896350860596,0.0,23925.759765625
EleutherAI/pythia-70m,128,step128,70426624,6,8,53,4,7,0.012577028013765812,0.0,23925.759765625
EleutherAI/pythia-70m,128,step128,70426624,6,8,53,5,0,0.009709064848721027,0.0,23925.759765625
EleutherAI/pythia-70m,128,step128,70426624,6,8,53,5,1,0.011050712317228317,0.0,23925.759765625
EleutherAI/pythia-70m,128,step128,70426624,6,8,53,5,2,0.009724107570946217,0.0,23925.759765625
EleutherAI/pythia-70m,128,step128,70426624,6,8,53,5,3,0.012231097556650639,0.0,23925.759765625
EleutherAI/pythia-70m,128,step128,70426624,6,8,53,5,4,0.00810493528842926,0.0,23925.759765625
EleutherAI/pythia-70m,128,step128,70426624,6,8,53,5,5,0.010133620351552963,0.0,23925.759765625
EleutherAI/pythia-70m,128,step128,70426624,6,8,53,5,6,0.009456582367420197,0.0,23925.759765625
EleutherAI/pythia-70m,128,step128,70426624,6,8,53,5,7,0.008396568708121777,0.0,23925.759765625
EleutherAI/pythia-70m,128,step128,70426624,6,8,54,0,0,0.014151330105960369,0.0,22681.560546875
EleutherAI/pythia-70m,128,step128,70426624,6,8,54,0,1,0.014614644460380077,0.0,22681.560546875
EleutherAI/pythia-70m,128,step128,70426624,6,8,54,0,2,0.013787366449832916,0.0,22681.560546875
EleutherAI/pythia-70m,128,step128,70426624,6,8,54,0,3,0.015142668038606644,0.0,22681.560546875
EleutherAI/pythia-70m,128,step128,70426624,6,8,54,0,4,0.014911280013620853,0.0,22681.560546875
EleutherAI/pythia-70m,128,step128,70426624,6,8,54,0,5,0.014493638649582863,0.0,22681.560546875
EleutherAI/pythia-70m,128,step128,70426624,6,8,54,0,6,0.01456934493035078,0.0,22681.560546875
EleutherAI/pythia-70m,128,step128,70426624,6,8,54,0,7,0.012918062508106232,0.0,22681.560546875
EleutherAI/pythia-70m,128,step128,70426624,6,8,54,1,0,0.011798837222158909,0.0,22681.560546875
EleutherAI/pythia-70m,128,step128,70426624,6,8,54,1,1,0.013348745182156563,0.0,22681.560546875
EleutherAI/pythia-70m,128,step128,70426624,6,8,54,1,2,0.011938968673348427,0.0,22681.560546875
EleutherAI/pythia-70m,128,step128,70426624,6,8,54,1,3,0.01333662960678339,0.0,22681.560546875
EleutherAI/pythia-70m,128,step128,70426624,6,8,54,1,4,0.012578003108501434,0.0,22681.560546875
EleutherAI/pythia-70m,128,step128,70426624,6,8,54,1,5,0.013701255433261395,0.0,22681.560546875
EleutherAI/pythia-70m,128,step128,70426624,6,8,54,1,6,0.011828780174255371,0.0,22681.560546875
EleutherAI/pythia-70m,128,step128,70426624,6,8,54,1,7,0.014022818766534328,0.0,22681.560546875
EleutherAI/pythia-70m,128,step128,70426624,6,8,54,2,0,0.010068454779684544,0.0,22681.560546875
EleutherAI/pythia-70m,128,step128,70426624,6,8,54,2,1,0.01320723257958889,0.0,22681.560546875
EleutherAI/pythia-70m,128,step128,70426624,6,8,54,2,2,0.012957891449332237,0.0,22681.560546875
EleutherAI/pythia-70m,128,step128,70426624,6,8,54,2,3,0.011147831566631794,0.0,22681.560546875
EleutherAI/pythia-70m,128,step128,70426624,6,8,54,2,4,0.012575965374708176,0.0,22681.560546875
EleutherAI/pythia-70m,128,step128,70426624,6,8,54,2,5,0.012454547919332981,0.0,22681.560546875
EleutherAI/pythia-70m,128,step128,70426624,6,8,54,2,6,0.012453977018594742,0.0,22681.560546875
EleutherAI/pythia-70m,128,step128,70426624,6,8,54,2,7,0.012183996848762035,0.0,22681.560546875
EleutherAI/pythia-70m,128,step128,70426624,6,8,54,3,0,0.011128188110888004,0.0,22681.560546875
EleutherAI/pythia-70m,128,step128,70426624,6,8,54,3,1,0.012013068422675133,0.0,22681.560546875
EleutherAI/pythia-70m,128,step128,70426624,6,8,54,3,2,0.011148271150887012,0.0,22681.560546875
EleutherAI/pythia-70m,128,step128,70426624,6,8,54,3,3,0.01262228935956955,0.0,22681.560546875
EleutherAI/pythia-70m,128,step128,70426624,6,8,54,3,4,0.014052626676857471,0.0,22681.560546875
EleutherAI/pythia-70m,128,step128,70426624,6,8,54,3,5,0.015418346039950848,0.0,22681.560546875
EleutherAI/pythia-70m,128,step128,70426624,6,8,54,3,6,0.011759493499994278,0.0,22681.560546875
EleutherAI/pythia-70m,128,step128,70426624,6,8,54,3,7,0.011773956939578056,0.0,22681.560546875
EleutherAI/pythia-70m,128,step128,70426624,6,8,54,4,0,0.009898830205202103,0.0,22681.560546875
EleutherAI/pythia-70m,128,step128,70426624,6,8,54,4,1,0.0074339210987091064,0.0,22681.560546875
EleutherAI/pythia-70m,128,step128,70426624,6,8,54,4,2,0.008527743630111217,0.0,22681.560546875
EleutherAI/pythia-70m,128,step128,70426624,6,8,54,4,3,0.012038643471896648,0.0,22681.560546875
EleutherAI/pythia-70m,128,step128,70426624,6,8,54,4,4,0.00859691109508276,0.0,22681.560546875
EleutherAI/pythia-70m,128,step128,70426624,6,8,54,4,5,0.007505208253860474,0.0,22681.560546875
EleutherAI/pythia-70m,128,step128,70426624,6,8,54,4,6,0.012370442971587181,0.0,22681.560546875
EleutherAI/pythia-70m,128,step128,70426624,6,8,54,4,7,0.011150130070745945,0.0,22681.560546875
EleutherAI/pythia-70m,128,step128,70426624,6,8,54,5,0,0.009587571956217289,0.0,22681.560546875
EleutherAI/pythia-70m,128,step128,70426624,6,8,54,5,1,0.010996230877935886,0.0,22681.560546875
EleutherAI/pythia-70m,128,step128,70426624,6,8,54,5,2,0.00829384196549654,0.0,22681.560546875
EleutherAI/pythia-70m,128,step128,70426624,6,8,54,5,3,0.010052740573883057,0.0,22681.560546875
EleutherAI/pythia-70m,128,step128,70426624,6,8,54,5,4,0.007149567827582359,0.0,22681.560546875
EleutherAI/pythia-70m,128,step128,70426624,6,8,54,5,5,0.01113741286098957,0.0,22681.560546875
EleutherAI/pythia-70m,128,step128,70426624,6,8,54,5,6,0.008438517339527607,0.0,22681.560546875
EleutherAI/pythia-70m,128,step128,70426624,6,8,54,5,7,0.007145732641220093,0.0,22681.560546875
EleutherAI/pythia-70m,128,step128,70426624,6,8,55,0,0,0.013692643493413925,0.0,26628.0
EleutherAI/pythia-70m,128,step128,70426624,6,8,55,0,1,0.012294837273657322,0.0,26628.0
EleutherAI/pythia-70m,128,step128,70426624,6,8,55,0,2,0.01380908489227295,0.0,26628.0
EleutherAI/pythia-70m,128,step128,70426624,6,8,55,0,3,0.014334381558001041,0.0,26628.0
EleutherAI/pythia-70m,128,step128,70426624,6,8,55,0,4,0.014086365699768066,0.0,26628.0
EleutherAI/pythia-70m,128,step128,70426624,6,8,55,0,5,0.014115401543676853,0.0,26628.0
EleutherAI/pythia-70m,128,step128,70426624,6,8,55,0,6,0.01513097994029522,0.0,26628.0
EleutherAI/pythia-70m,128,step128,70426624,6,8,55,0,7,0.013632838614284992,0.0,26628.0
EleutherAI/pythia-70m,128,step128,70426624,6,8,55,1,0,0.011529939249157906,0.0,26628.0
EleutherAI/pythia-70m,128,step128,70426624,6,8,55,1,1,0.013656381517648697,0.0,26628.0
EleutherAI/pythia-70m,128,step128,70426624,6,8,55,1,2,0.012870187871158123,0.0,26628.0
EleutherAI/pythia-70m,128,step128,70426624,6,8,55,1,3,0.012980837374925613,0.0,26628.0
EleutherAI/pythia-70m,128,step128,70426624,6,8,55,1,4,0.013483955524861813,0.0,26628.0
EleutherAI/pythia-70m,128,step128,70426624,6,8,55,1,5,0.013616923242807388,0.0,26628.0
EleutherAI/pythia-70m,128,step128,70426624,6,8,55,1,6,0.013107776641845703,0.0,26628.0
EleutherAI/pythia-70m,128,step128,70426624,6,8,55,1,7,0.014576656743884087,0.0,26628.0
EleutherAI/pythia-70m,128,step128,70426624,6,8,55,2,0,0.010251186788082123,0.0,26628.0
EleutherAI/pythia-70m,128,step128,70426624,6,8,55,2,1,0.014276854693889618,0.0,26628.0
EleutherAI/pythia-70m,128,step128,70426624,6,8,55,2,2,0.013462968170642853,0.0,26628.0
EleutherAI/pythia-70m,128,step128,70426624,6,8,55,2,3,0.011845432221889496,0.0,26628.0
EleutherAI/pythia-70m,128,step128,70426624,6,8,55,2,4,0.012594444677233696,0.0,26628.0
EleutherAI/pythia-70m,128,step128,70426624,6,8,55,2,5,0.015491212718188763,0.0,26628.0
EleutherAI/pythia-70m,128,step128,70426624,6,8,55,2,6,0.013751859776675701,0.0,26628.0
EleutherAI/pythia-70m,128,step128,70426624,6,8,55,2,7,0.012982968240976334,0.0,26628.0
EleutherAI/pythia-70m,128,step128,70426624,6,8,55,3,0,0.009879243560135365,0.0,26628.0
EleutherAI/pythia-70m,128,step128,70426624,6,8,55,3,1,0.014266494661569595,0.0,26628.0
EleutherAI/pythia-70m,128,step128,70426624,6,8,55,3,2,0.01093917153775692,0.0,26628.0
EleutherAI/pythia-70m,128,step128,70426624,6,8,55,3,3,0.013099168427288532,0.0,26628.0
EleutherAI/pythia-70m,128,step128,70426624,6,8,55,3,4,0.013692083768546581,0.0,26628.0
EleutherAI/pythia-70m,128,step128,70426624,6,8,55,3,5,0.012870621867477894,0.0,26628.0
EleutherAI/pythia-70m,128,step128,70426624,6,8,55,3,6,0.011128482408821583,0.0,26628.0
EleutherAI/pythia-70m,128,step128,70426624,6,8,55,3,7,0.013854842633008957,0.0,26628.0
EleutherAI/pythia-70m,128,step128,70426624,6,8,55,4,0,0.010358894243836403,0.0,26628.0
EleutherAI/pythia-70m,128,step128,70426624,6,8,55,4,1,0.006985148414969444,0.0,26628.0
EleutherAI/pythia-70m,128,step128,70426624,6,8,55,4,2,0.010556071065366268,0.0,26628.0
EleutherAI/pythia-70m,128,step128,70426624,6,8,55,4,3,0.011359521187841892,0.0,26628.0
EleutherAI/pythia-70m,128,step128,70426624,6,8,55,4,4,0.008093142881989479,0.0,26628.0
EleutherAI/pythia-70m,128,step128,70426624,6,8,55,4,5,0.005989754572510719,0.0,26628.0
EleutherAI/pythia-70m,128,step128,70426624,6,8,55,4,6,0.011284049600362778,0.0,26628.0
EleutherAI/pythia-70m,128,step128,70426624,6,8,55,4,7,0.011364186182618141,0.0,26628.0
EleutherAI/pythia-70m,128,step128,70426624,6,8,55,5,0,0.009260829538106918,0.0,26628.0
EleutherAI/pythia-70m,128,step128,70426624,6,8,55,5,1,0.01026928424835205,0.0,26628.0
EleutherAI/pythia-70m,128,step128,70426624,6,8,55,5,2,0.00981732364743948,0.0,26628.0
EleutherAI/pythia-70m,128,step128,70426624,6,8,55,5,3,0.010132686235010624,0.0,26628.0
EleutherAI/pythia-70m,128,step128,70426624,6,8,55,5,4,0.007760079111903906,0.0,26628.0
EleutherAI/pythia-70m,128,step128,70426624,6,8,55,5,5,0.01051069051027298,0.0,26628.0
EleutherAI/pythia-70m,128,step128,70426624,6,8,55,5,6,0.008494552224874496,0.0,26628.0
EleutherAI/pythia-70m,128,step128,70426624,6,8,55,5,7,0.007734362501651049,0.0,26628.0
EleutherAI/pythia-70m,128,step128,70426624,6,8,56,0,0,0.013836145401000977,0.0,22970.759765625
EleutherAI/pythia-70m,128,step128,70426624,6,8,56,0,1,0.01435842365026474,0.0,22970.759765625
EleutherAI/pythia-70m,128,step128,70426624,6,8,56,0,2,0.013887372799217701,0.0,22970.759765625
EleutherAI/pythia-70m,128,step128,70426624,6,8,56,0,3,0.014734108000993729,0.0,22970.759765625
EleutherAI/pythia-70m,128,step128,70426624,6,8,56,0,4,0.014378726482391357,0.0,22970.759765625
EleutherAI/pythia-70m,128,step128,70426624,6,8,56,0,5,0.014112481847405434,0.0,22970.759765625
EleutherAI/pythia-70m,128,step128,70426624,6,8,56,0,6,0.014553560875356197,0.0,22970.759765625
EleutherAI/pythia-70m,128,step128,70426624,6,8,56,0,7,0.0135566471144557,0.0,22970.759765625
EleutherAI/pythia-70m,128,step128,70426624,6,8,56,1,0,0.013048630207777023,0.0,22970.759765625
EleutherAI/pythia-70m,128,step128,70426624,6,8,56,1,1,0.013319895602762699,0.0,22970.759765625
EleutherAI/pythia-70m,128,step128,70426624,6,8,56,1,2,0.012521510012447834,0.0,22970.759765625
EleutherAI/pythia-70m,128,step128,70426624,6,8,56,1,3,0.013499264605343342,0.0,22970.759765625
EleutherAI/pythia-70m,128,step128,70426624,6,8,56,1,4,0.011765146628022194,0.0,22970.759765625
EleutherAI/pythia-70m,128,step128,70426624,6,8,56,1,5,0.015003410167992115,0.0,22970.759765625
EleutherAI/pythia-70m,128,step128,70426624,6,8,56,1,6,0.013757173903286457,0.0,22970.759765625
EleutherAI/pythia-70m,128,step128,70426624,6,8,56,1,7,0.01385173574090004,0.0,22970.759765625
EleutherAI/pythia-70m,128,step128,70426624,6,8,56,2,0,0.010372476652264595,0.0,22970.759765625
EleutherAI/pythia-70m,128,step128,70426624,6,8,56,2,1,0.013366110622882843,0.0,22970.759765625
EleutherAI/pythia-70m,128,step128,70426624,6,8,56,2,2,0.01410858053714037,0.0,22970.759765625
EleutherAI/pythia-70m,128,step128,70426624,6,8,56,2,3,0.01082414761185646,0.0,22970.759765625
EleutherAI/pythia-70m,128,step128,70426624,6,8,56,2,4,0.011671201325953007,0.0,22970.759765625
EleutherAI/pythia-70m,128,step128,70426624,6,8,56,2,5,0.013397757895290852,0.0,22970.759765625
EleutherAI/pythia-70m,128,step128,70426624,6,8,56,2,6,0.014071092940866947,0.0,22970.759765625
EleutherAI/pythia-70m,128,step128,70426624,6,8,56,2,7,0.012710560113191605,0.0,22970.759765625
EleutherAI/pythia-70m,128,step128,70426624,6,8,56,3,0,0.009018942713737488,0.0,22970.759765625
EleutherAI/pythia-70m,128,step128,70426624,6,8,56,3,1,0.013068150728940964,0.0,22970.759765625
EleutherAI/pythia-70m,128,step128,70426624,6,8,56,3,2,0.011982128955423832,0.0,22970.759765625
EleutherAI/pythia-70m,128,step128,70426624,6,8,56,3,3,0.012559395283460617,0.0,22970.759765625
EleutherAI/pythia-70m,128,step128,70426624,6,8,56,3,4,0.013840845786035061,0.0,22970.759765625
EleutherAI/pythia-70m,128,step128,70426624,6,8,56,3,5,0.0139042092487216,0.0,22970.759765625
EleutherAI/pythia-70m,128,step128,70426624,6,8,56,3,6,0.012000050395727158,0.0,22970.759765625
EleutherAI/pythia-70m,128,step128,70426624,6,8,56,3,7,0.014549152925610542,0.0,22970.759765625
EleutherAI/pythia-70m,128,step128,70426624,6,8,56,4,0,0.008944639936089516,0.0,22970.759765625
EleutherAI/pythia-70m,128,step128,70426624,6,8,56,4,1,0.007501623127609491,0.0,22970.759765625
EleutherAI/pythia-70m,128,step128,70426624,6,8,56,4,2,0.012434495612978935,0.0,22970.759765625
EleutherAI/pythia-70m,128,step128,70426624,6,8,56,4,3,0.011345278471708298,0.0,22970.759765625
EleutherAI/pythia-70m,128,step128,70426624,6,8,56,4,4,0.0064448826014995575,0.0,22970.759765625
EleutherAI/pythia-70m,128,step128,70426624,6,8,56,4,5,0.006275106221437454,0.0,22970.759765625
EleutherAI/pythia-70m,128,step128,70426624,6,8,56,4,6,0.009722772985696793,0.0,22970.759765625
EleutherAI/pythia-70m,128,step128,70426624,6,8,56,4,7,0.01118591520935297,0.0,22970.759765625
EleutherAI/pythia-70m,128,step128,70426624,6,8,56,5,0,0.010244262404739857,0.0,22970.759765625
EleutherAI/pythia-70m,128,step128,70426624,6,8,56,5,1,0.009510562755167484,0.0,22970.759765625
EleutherAI/pythia-70m,128,step128,70426624,6,8,56,5,2,0.009412381798028946,0.0,22970.759765625
EleutherAI/pythia-70m,128,step128,70426624,6,8,56,5,3,0.01037187222391367,0.0,22970.759765625
EleutherAI/pythia-70m,128,step128,70426624,6,8,56,5,4,0.007672916632145643,0.0,22970.759765625
EleutherAI/pythia-70m,128,step128,70426624,6,8,56,5,5,0.010947494767606258,0.0,22970.759765625
EleutherAI/pythia-70m,128,step128,70426624,6,8,56,5,6,0.008613559417426586,0.0,22970.759765625
EleutherAI/pythia-70m,128,step128,70426624,6,8,56,5,7,0.00695568323135376,0.0,22970.759765625
EleutherAI/pythia-70m,128,step128,70426624,6,8,57,0,0,0.014441217295825481,0.0,24937.16015625
EleutherAI/pythia-70m,128,step128,70426624,6,8,57,0,1,0.014426875859498978,0.0,24937.16015625
EleutherAI/pythia-70m,128,step128,70426624,6,8,57,0,2,0.013669423758983612,0.0,24937.16015625
EleutherAI/pythia-70m,128,step128,70426624,6,8,57,0,3,0.013393399305641651,0.0,24937.16015625
EleutherAI/pythia-70m,128,step128,70426624,6,8,57,0,4,0.014191646128892899,0.0,24937.16015625
EleutherAI/pythia-70m,128,step128,70426624,6,8,57,0,5,0.013895099982619286,0.0,24937.16015625
EleutherAI/pythia-70m,128,step128,70426624,6,8,57,0,6,0.013744349591434002,0.0,24937.16015625
EleutherAI/pythia-70m,128,step128,70426624,6,8,57,0,7,0.013088627718389034,0.0,24937.16015625
EleutherAI/pythia-70m,128,step128,70426624,6,8,57,1,0,0.014454989694058895,0.0,24937.16015625
EleutherAI/pythia-70m,128,step128,70426624,6,8,57,1,1,0.015536696650087833,0.0,24937.16015625
EleutherAI/pythia-70m,128,step128,70426624,6,8,57,1,2,0.011691583320498466,0.0,24937.16015625
EleutherAI/pythia-70m,128,step128,70426624,6,8,57,1,3,0.012362396344542503,0.0,24937.16015625
EleutherAI/pythia-70m,128,step128,70426624,6,8,57,1,4,0.013092785142362118,0.0,24937.16015625
EleutherAI/pythia-70m,128,step128,70426624,6,8,57,1,5,0.01421954296529293,0.0,24937.16015625
EleutherAI/pythia-70m,128,step128,70426624,6,8,57,1,6,0.015580172650516033,0.0,24937.16015625
EleutherAI/pythia-70m,128,step128,70426624,6,8,57,1,7,0.013140175491571426,0.0,24937.16015625
EleutherAI/pythia-70m,128,step128,70426624,6,8,57,2,0,0.01115244161337614,0.0,24937.16015625
EleutherAI/pythia-70m,128,step128,70426624,6,8,57,2,1,0.012522079050540924,0.0,24937.16015625
EleutherAI/pythia-70m,128,step128,70426624,6,8,57,2,2,0.012041759677231312,0.0,24937.16015625
EleutherAI/pythia-70m,128,step128,70426624,6,8,57,2,3,0.01036849245429039,0.0,24937.16015625
EleutherAI/pythia-70m,128,step128,70426624,6,8,57,2,4,0.01195088867098093,0.0,24937.16015625
EleutherAI/pythia-70m,128,step128,70426624,6,8,57,2,5,0.01402342040091753,0.0,24937.16015625
EleutherAI/pythia-70m,128,step128,70426624,6,8,57,2,6,0.01213827170431614,0.0,24937.16015625
EleutherAI/pythia-70m,128,step128,70426624,6,8,57,2,7,0.013303457759320736,0.0,24937.16015625
EleutherAI/pythia-70m,128,step128,70426624,6,8,57,3,0,0.01042954996228218,0.0,24937.16015625
EleutherAI/pythia-70m,128,step128,70426624,6,8,57,3,1,0.01190086081624031,0.0,24937.16015625
EleutherAI/pythia-70m,128,step128,70426624,6,8,57,3,2,0.011165318079292774,0.0,24937.16015625
EleutherAI/pythia-70m,128,step128,70426624,6,8,57,3,3,0.01281092781573534,0.0,24937.16015625
EleutherAI/pythia-70m,128,step128,70426624,6,8,57,3,4,0.016318289563059807,0.0,24937.16015625
EleutherAI/pythia-70m,128,step128,70426624,6,8,57,3,5,0.015429736115038395,0.0,24937.16015625
EleutherAI/pythia-70m,128,step128,70426624,6,8,57,3,6,0.011362672783434391,0.0,24937.16015625
EleutherAI/pythia-70m,128,step128,70426624,6,8,57,3,7,0.012353722006082535,0.0,24937.16015625
EleutherAI/pythia-70m,128,step128,70426624,6,8,57,4,0,0.01038375124335289,0.0,24937.16015625
EleutherAI/pythia-70m,128,step128,70426624,6,8,57,4,1,0.007520355749875307,0.0,24937.16015625
EleutherAI/pythia-70m,128,step128,70426624,6,8,57,4,2,0.0098457345739007,0.0,24937.16015625
EleutherAI/pythia-70m,128,step128,70426624,6,8,57,4,3,0.011503858491778374,0.0,24937.16015625
EleutherAI/pythia-70m,128,step128,70426624,6,8,57,4,4,0.007624268531799316,0.0,24937.16015625
EleutherAI/pythia-70m,128,step128,70426624,6,8,57,4,5,0.006093359552323818,0.0,24937.16015625
EleutherAI/pythia-70m,128,step128,70426624,6,8,57,4,6,0.011175534687936306,0.0,24937.16015625
EleutherAI/pythia-70m,128,step128,70426624,6,8,57,4,7,0.011922918260097504,0.0,24937.16015625
EleutherAI/pythia-70m,128,step128,70426624,6,8,57,5,0,0.009479731321334839,0.0,24937.16015625
EleutherAI/pythia-70m,128,step128,70426624,6,8,57,5,1,0.01142758596688509,0.0,24937.16015625
EleutherAI/pythia-70m,128,step128,70426624,6,8,57,5,2,0.010125956498086452,0.0,24937.16015625
EleutherAI/pythia-70m,128,step128,70426624,6,8,57,5,3,0.010802842676639557,0.0,24937.16015625
EleutherAI/pythia-70m,128,step128,70426624,6,8,57,5,4,0.007914561778306961,0.0,24937.16015625
EleutherAI/pythia-70m,128,step128,70426624,6,8,57,5,5,0.009568070992827415,0.0,24937.16015625
EleutherAI/pythia-70m,128,step128,70426624,6,8,57,5,6,0.007928461767733097,0.0,24937.16015625
EleutherAI/pythia-70m,128,step128,70426624,6,8,57,5,7,0.0064896647818386555,0.0,24937.16015625
EleutherAI/pythia-70m,128,step128,70426624,6,8,58,0,0,0.012875199317932129,0.0,27203.220703125
EleutherAI/pythia-70m,128,step128,70426624,6,8,58,0,1,0.013102361932396889,0.0,27203.220703125
EleutherAI/pythia-70m,128,step128,70426624,6,8,58,0,2,0.014342955313622952,0.0,27203.220703125
EleutherAI/pythia-70m,128,step128,70426624,6,8,58,0,3,0.014973684214055538,0.0,27203.220703125
EleutherAI/pythia-70m,128,step128,70426624,6,8,58,0,4,0.015363803133368492,0.0,27203.220703125
EleutherAI/pythia-70m,128,step128,70426624,6,8,58,0,5,0.01371346041560173,0.0,27203.220703125
EleutherAI/pythia-70m,128,step128,70426624,6,8,58,0,6,0.012976122088730335,0.0,27203.220703125
EleutherAI/pythia-70m,128,step128,70426624,6,8,58,0,7,0.013551536947488785,0.0,27203.220703125
EleutherAI/pythia-70m,128,step128,70426624,6,8,58,1,0,0.01319639291614294,0.0,27203.220703125
EleutherAI/pythia-70m,128,step128,70426624,6,8,58,1,1,0.014108308590948582,0.0,27203.220703125
EleutherAI/pythia-70m,128,step128,70426624,6,8,58,1,2,0.012248286977410316,0.0,27203.220703125
EleutherAI/pythia-70m,128,step128,70426624,6,8,58,1,3,0.01252492144703865,0.0,27203.220703125
EleutherAI/pythia-70m,128,step128,70426624,6,8,58,1,4,0.012722717598080635,0.0,27203.220703125
EleutherAI/pythia-70m,128,step128,70426624,6,8,58,1,5,0.014089565724134445,0.0,27203.220703125
EleutherAI/pythia-70m,128,step128,70426624,6,8,58,1,6,0.014276586472988129,0.0,27203.220703125
EleutherAI/pythia-70m,128,step128,70426624,6,8,58,1,7,0.014265208505094051,0.0,27203.220703125
EleutherAI/pythia-70m,128,step128,70426624,6,8,58,2,0,0.010943582281470299,0.0,27203.220703125
EleutherAI/pythia-70m,128,step128,70426624,6,8,58,2,1,0.0121162673458457,0.0,27203.220703125
EleutherAI/pythia-70m,128,step128,70426624,6,8,58,2,2,0.01589328981935978,0.0,27203.220703125
EleutherAI/pythia-70m,128,step128,70426624,6,8,58,2,3,0.011032233014702797,0.0,27203.220703125
EleutherAI/pythia-70m,128,step128,70426624,6,8,58,2,4,0.012257562018930912,0.0,27203.220703125
EleutherAI/pythia-70m,128,step128,70426624,6,8,58,2,5,0.014307994395494461,0.0,27203.220703125
EleutherAI/pythia-70m,128,step128,70426624,6,8,58,2,6,0.01465242262929678,0.0,27203.220703125
EleutherAI/pythia-70m,128,step128,70426624,6,8,58,2,7,0.013754718005657196,0.0,27203.220703125
EleutherAI/pythia-70m,128,step128,70426624,6,8,58,3,0,0.011216075159609318,0.0,27203.220703125
EleutherAI/pythia-70m,128,step128,70426624,6,8,58,3,1,0.013200724497437477,0.0,27203.220703125
EleutherAI/pythia-70m,128,step128,70426624,6,8,58,3,2,0.011986914090812206,0.0,27203.220703125
EleutherAI/pythia-70m,128,step128,70426624,6,8,58,3,3,0.010802682489156723,0.0,27203.220703125
EleutherAI/pythia-70m,128,step128,70426624,6,8,58,3,4,0.015839068219065666,0.0,27203.220703125
EleutherAI/pythia-70m,128,step128,70426624,6,8,58,3,5,0.011539394967257977,0.0,27203.220703125
EleutherAI/pythia-70m,128,step128,70426624,6,8,58,3,6,0.012186315841972828,0.0,27203.220703125
EleutherAI/pythia-70m,128,step128,70426624,6,8,58,3,7,0.014291396364569664,0.0,27203.220703125
EleutherAI/pythia-70m,128,step128,70426624,6,8,58,4,0,0.009771998040378094,0.0,27203.220703125
EleutherAI/pythia-70m,128,step128,70426624,6,8,58,4,1,0.007812860421836376,0.0,27203.220703125
EleutherAI/pythia-70m,128,step128,70426624,6,8,58,4,2,0.013392162509262562,0.0,27203.220703125
EleutherAI/pythia-70m,128,step128,70426624,6,8,58,4,3,0.011668076738715172,0.0,27203.220703125
EleutherAI/pythia-70m,128,step128,70426624,6,8,58,4,4,0.007864659652113914,0.0,27203.220703125
EleutherAI/pythia-70m,128,step128,70426624,6,8,58,4,5,0.00570631492882967,0.0,27203.220703125
EleutherAI/pythia-70m,128,step128,70426624,6,8,58,4,6,0.01093736570328474,0.0,27203.220703125
EleutherAI/pythia-70m,128,step128,70426624,6,8,58,4,7,0.01324920542538166,0.0,27203.220703125
EleutherAI/pythia-70m,128,step128,70426624,6,8,58,5,0,0.009136824868619442,0.0,27203.220703125
EleutherAI/pythia-70m,128,step128,70426624,6,8,58,5,1,0.010712185874581337,0.0,27203.220703125
EleutherAI/pythia-70m,128,step128,70426624,6,8,58,5,2,0.008979263715445995,0.0,27203.220703125
EleutherAI/pythia-70m,128,step128,70426624,6,8,58,5,3,0.010457511059939861,0.0,27203.220703125
EleutherAI/pythia-70m,128,step128,70426624,6,8,58,5,4,0.007312563713639975,0.0,27203.220703125
EleutherAI/pythia-70m,128,step128,70426624,6,8,58,5,5,0.009523620828986168,0.0,27203.220703125
EleutherAI/pythia-70m,128,step128,70426624,6,8,58,5,6,0.006709826644510031,0.0,27203.220703125
EleutherAI/pythia-70m,128,step128,70426624,6,8,58,5,7,0.006686074659228325,0.0,27203.220703125
EleutherAI/pythia-70m,128,step128,70426624,6,8,59,0,0,0.014614655636250973,0.0,29052.259765625
EleutherAI/pythia-70m,128,step128,70426624,6,8,59,0,1,0.013517320156097412,0.0,29052.259765625
EleutherAI/pythia-70m,128,step128,70426624,6,8,59,0,2,0.014871068298816681,0.0,29052.259765625
EleutherAI/pythia-70m,128,step128,70426624,6,8,59,0,3,0.015012639574706554,0.0,29052.259765625
EleutherAI/pythia-70m,128,step128,70426624,6,8,59,0,4,0.012136025354266167,0.0,29052.259765625
EleutherAI/pythia-70m,128,step128,70426624,6,8,59,0,5,0.013738528825342655,0.0,29052.259765625
EleutherAI/pythia-70m,128,step128,70426624,6,8,59,0,6,0.013343656435608864,0.0,29052.259765625
EleutherAI/pythia-70m,128,step128,70426624,6,8,59,0,7,0.013606279157102108,0.0,29052.259765625
EleutherAI/pythia-70m,128,step128,70426624,6,8,59,1,0,0.01280146837234497,0.0,29052.259765625
EleutherAI/pythia-70m,128,step128,70426624,6,8,59,1,1,0.013920201919972897,0.0,29052.259765625
EleutherAI/pythia-70m,128,step128,70426624,6,8,59,1,2,0.012095291167497635,0.0,29052.259765625
EleutherAI/pythia-70m,128,step128,70426624,6,8,59,1,3,0.01346453558653593,0.0,29052.259765625
EleutherAI/pythia-70m,128,step128,70426624,6,8,59,1,4,0.012798858806490898,0.0,29052.259765625
EleutherAI/pythia-70m,128,step128,70426624,6,8,59,1,5,0.013516026549041271,0.0,29052.259765625
EleutherAI/pythia-70m,128,step128,70426624,6,8,59,1,6,0.015314264222979546,0.0,29052.259765625
EleutherAI/pythia-70m,128,step128,70426624,6,8,59,1,7,0.013871453702449799,0.0,29052.259765625
EleutherAI/pythia-70m,128,step128,70426624,6,8,59,2,0,0.00941476784646511,0.0,29052.259765625
EleutherAI/pythia-70m,128,step128,70426624,6,8,59,2,1,0.013252918608486652,0.0,29052.259765625
EleutherAI/pythia-70m,128,step128,70426624,6,8,59,2,2,0.012440153397619724,0.0,29052.259765625
EleutherAI/pythia-70m,128,step128,70426624,6,8,59,2,3,0.010041913017630577,0.0,29052.259765625
EleutherAI/pythia-70m,128,step128,70426624,6,8,59,2,4,0.014410647563636303,0.0,29052.259765625
EleutherAI/pythia-70m,128,step128,70426624,6,8,59,2,5,0.012225694954395294,0.0,29052.259765625
EleutherAI/pythia-70m,128,step128,70426624,6,8,59,2,6,0.014368615113198757,0.0,29052.259765625
EleutherAI/pythia-70m,128,step128,70426624,6,8,59,2,7,0.0127358827739954,0.0,29052.259765625
EleutherAI/pythia-70m,128,step128,70426624,6,8,59,3,0,0.010707283392548561,0.0,29052.259765625
EleutherAI/pythia-70m,128,step128,70426624,6,8,59,3,1,0.012102803215384483,0.0,29052.259765625
EleutherAI/pythia-70m,128,step128,70426624,6,8,59,3,2,0.01097685843706131,0.0,29052.259765625
EleutherAI/pythia-70m,128,step128,70426624,6,8,59,3,3,0.010946746915578842,0.0,29052.259765625
EleutherAI/pythia-70m,128,step128,70426624,6,8,59,3,4,0.014706689864397049,0.0,29052.259765625
EleutherAI/pythia-70m,128,step128,70426624,6,8,59,3,5,0.013799156993627548,0.0,29052.259765625
EleutherAI/pythia-70m,128,step128,70426624,6,8,59,3,6,0.012449542060494423,0.0,29052.259765625
EleutherAI/pythia-70m,128,step128,70426624,6,8,59,3,7,0.013448379002511501,0.0,29052.259765625
EleutherAI/pythia-70m,128,step128,70426624,6,8,59,4,0,0.01127183809876442,0.0,29052.259765625
EleutherAI/pythia-70m,128,step128,70426624,6,8,59,4,1,0.007799491286277771,0.0,29052.259765625
EleutherAI/pythia-70m,128,step128,70426624,6,8,59,4,2,0.009396766312420368,0.0,29052.259765625
EleutherAI/pythia-70m,128,step128,70426624,6,8,59,4,3,0.011872496455907822,0.0,29052.259765625
EleutherAI/pythia-70m,128,step128,70426624,6,8,59,4,4,0.007825586013495922,0.0,29052.259765625
EleutherAI/pythia-70m,128,step128,70426624,6,8,59,4,5,0.008698579855263233,0.0,29052.259765625
EleutherAI/pythia-70m,128,step128,70426624,6,8,59,4,6,0.011335719376802444,0.0,29052.259765625
EleutherAI/pythia-70m,128,step128,70426624,6,8,59,4,7,0.010573187842965126,0.0,29052.259765625
EleutherAI/pythia-70m,128,step128,70426624,6,8,59,5,0,0.0089854896068573,0.0,29052.259765625
EleutherAI/pythia-70m,128,step128,70426624,6,8,59,5,1,0.010496078990399837,0.0,29052.259765625
EleutherAI/pythia-70m,128,step128,70426624,6,8,59,5,2,0.008628275245428085,0.0,29052.259765625
EleutherAI/pythia-70m,128,step128,70426624,6,8,59,5,3,0.011169360019266605,0.0,29052.259765625
EleutherAI/pythia-70m,128,step128,70426624,6,8,59,5,4,0.009736121632158756,0.0,29052.259765625
EleutherAI/pythia-70m,128,step128,70426624,6,8,59,5,5,0.010702240280807018,0.0,29052.259765625
EleutherAI/pythia-70m,128,step128,70426624,6,8,59,5,6,0.008171427994966507,0.0,29052.259765625
EleutherAI/pythia-70m,128,step128,70426624,6,8,59,5,7,0.007746380753815174,0.0,29052.259765625
EleutherAI/pythia-70m,128,step128,70426624,6,8,60,0,0,0.013189508579671383,0.0,24941.0
EleutherAI/pythia-70m,128,step128,70426624,6,8,60,0,1,0.014036488719284534,0.0,24941.0
EleutherAI/pythia-70m,128,step128,70426624,6,8,60,0,2,0.013188889250159264,0.0,24941.0
EleutherAI/pythia-70m,128,step128,70426624,6,8,60,0,3,0.0147801972925663,0.0,24941.0
EleutherAI/pythia-70m,128,step128,70426624,6,8,60,0,4,0.013779588975012302,0.0,24941.0
EleutherAI/pythia-70m,128,step128,70426624,6,8,60,0,5,0.012274235486984253,0.0,24941.0
EleutherAI/pythia-70m,128,step128,70426624,6,8,60,0,6,0.013263089582324028,0.0,24941.0
EleutherAI/pythia-70m,128,step128,70426624,6,8,60,0,7,0.013945565558969975,0.0,24941.0
EleutherAI/pythia-70m,128,step128,70426624,6,8,60,1,0,0.012187565676867962,0.0,24941.0
EleutherAI/pythia-70m,128,step128,70426624,6,8,60,1,1,0.014356562867760658,0.0,24941.0
EleutherAI/pythia-70m,128,step128,70426624,6,8,60,1,2,0.012779009528458118,0.0,24941.0
EleutherAI/pythia-70m,128,step128,70426624,6,8,60,1,3,0.011597218923270702,0.0,24941.0
EleutherAI/pythia-70m,128,step128,70426624,6,8,60,1,4,0.012787208892405033,0.0,24941.0
EleutherAI/pythia-70m,128,step128,70426624,6,8,60,1,5,0.01367032527923584,0.0,24941.0
EleutherAI/pythia-70m,128,step128,70426624,6,8,60,1,6,0.013336744159460068,0.0,24941.0
EleutherAI/pythia-70m,128,step128,70426624,6,8,60,1,7,0.014162445440888405,0.0,24941.0
EleutherAI/pythia-70m,128,step128,70426624,6,8,60,2,0,0.00966585148125887,0.0,24941.0
EleutherAI/pythia-70m,128,step128,70426624,6,8,60,2,1,0.013623267412185669,0.0,24941.0
EleutherAI/pythia-70m,128,step128,70426624,6,8,60,2,2,0.012846293859183788,0.0,24941.0
EleutherAI/pythia-70m,128,step128,70426624,6,8,60,2,3,0.011785056442022324,0.0,24941.0
EleutherAI/pythia-70m,128,step128,70426624,6,8,60,2,4,0.012676721438765526,0.0,24941.0
EleutherAI/pythia-70m,128,step128,70426624,6,8,60,2,5,0.012751895934343338,0.0,24941.0
EleutherAI/pythia-70m,128,step128,70426624,6,8,60,2,6,0.014383755624294281,0.0,24941.0
EleutherAI/pythia-70m,128,step128,70426624,6,8,60,2,7,0.013224068097770214,0.0,24941.0
EleutherAI/pythia-70m,128,step128,70426624,6,8,60,3,0,0.011691492050886154,0.0,24941.0
EleutherAI/pythia-70m,128,step128,70426624,6,8,60,3,1,0.013499099761247635,0.0,24941.0
EleutherAI/pythia-70m,128,step128,70426624,6,8,60,3,2,0.011318025179207325,0.0,24941.0
EleutherAI/pythia-70m,128,step128,70426624,6,8,60,3,3,0.0116159962490201,0.0,24941.0
EleutherAI/pythia-70m,128,step128,70426624,6,8,60,3,4,0.015153100714087486,0.0,24941.0
EleutherAI/pythia-70m,128,step128,70426624,6,8,60,3,5,0.014514917507767677,0.0,24941.0
EleutherAI/pythia-70m,128,step128,70426624,6,8,60,3,6,0.011891460046172142,0.0,24941.0
EleutherAI/pythia-70m,128,step128,70426624,6,8,60,3,7,0.013731248676776886,0.0,24941.0
EleutherAI/pythia-70m,128,step128,70426624,6,8,60,4,0,0.010506490245461464,0.0,24941.0
EleutherAI/pythia-70m,128,step128,70426624,6,8,60,4,1,0.007620000746101141,0.0,24941.0
EleutherAI/pythia-70m,128,step128,70426624,6,8,60,4,2,0.011010747402906418,0.0,24941.0
EleutherAI/pythia-70m,128,step128,70426624,6,8,60,4,3,0.012042910791933537,0.0,24941.0
EleutherAI/pythia-70m,128,step128,70426624,6,8,60,4,4,0.008776288479566574,0.0,24941.0
EleutherAI/pythia-70m,128,step128,70426624,6,8,60,4,5,0.007516797631978989,0.0,24941.0
EleutherAI/pythia-70m,128,step128,70426624,6,8,60,4,6,0.011483747512102127,0.0,24941.0
EleutherAI/pythia-70m,128,step128,70426624,6,8,60,4,7,0.013246710412204266,0.0,24941.0
EleutherAI/pythia-70m,128,step128,70426624,6,8,60,5,0,0.009657447226345539,0.0,24941.0
EleutherAI/pythia-70m,128,step128,70426624,6,8,60,5,1,0.009652809239923954,0.0,24941.0
EleutherAI/pythia-70m,128,step128,70426624,6,8,60,5,2,0.010462316684424877,0.0,24941.0
EleutherAI/pythia-70m,128,step128,70426624,6,8,60,5,3,0.01126011647284031,0.0,24941.0
EleutherAI/pythia-70m,128,step128,70426624,6,8,60,5,4,0.007233245298266411,0.0,24941.0
EleutherAI/pythia-70m,128,step128,70426624,6,8,60,5,5,0.010036471299827099,0.0,24941.0
EleutherAI/pythia-70m,128,step128,70426624,6,8,60,5,6,0.007950855419039726,0.0,24941.0
EleutherAI/pythia-70m,128,step128,70426624,6,8,60,5,7,0.006745962891727686,0.0,24941.0
EleutherAI/pythia-70m,128,step128,70426624,6,8,61,0,0,0.013789231888949871,0.0,26086.0390625
EleutherAI/pythia-70m,128,step128,70426624,6,8,61,0,1,0.014786102809011936,0.0,26086.0390625
EleutherAI/pythia-70m,128,step128,70426624,6,8,61,0,2,0.012892179191112518,0.0,26086.0390625
EleutherAI/pythia-70m,128,step128,70426624,6,8,61,0,3,0.01295052096247673,0.0,26086.0390625
EleutherAI/pythia-70m,128,step128,70426624,6,8,61,0,4,0.014037752524018288,0.0,26086.0390625
EleutherAI/pythia-70m,128,step128,70426624,6,8,61,0,5,0.012887248769402504,0.0,26086.0390625
EleutherAI/pythia-70m,128,step128,70426624,6,8,61,0,6,0.013462424278259277,0.0,26086.0390625
EleutherAI/pythia-70m,128,step128,70426624,6,8,61,0,7,0.012300380505621433,0.0,26086.0390625
EleutherAI/pythia-70m,128,step128,70426624,6,8,61,1,0,0.012640871107578278,0.0,26086.0390625
EleutherAI/pythia-70m,128,step128,70426624,6,8,61,1,1,0.013079933822154999,0.0,26086.0390625
EleutherAI/pythia-70m,128,step128,70426624,6,8,61,1,2,0.012755739502608776,0.0,26086.0390625
EleutherAI/pythia-70m,128,step128,70426624,6,8,61,1,3,0.013359688222408295,0.0,26086.0390625
EleutherAI/pythia-70m,128,step128,70426624,6,8,61,1,4,0.011364438571035862,0.0,26086.0390625
EleutherAI/pythia-70m,128,step128,70426624,6,8,61,1,5,0.01265985518693924,0.0,26086.0390625
EleutherAI/pythia-70m,128,step128,70426624,6,8,61,1,6,0.01367541030049324,0.0,26086.0390625
EleutherAI/pythia-70m,128,step128,70426624,6,8,61,1,7,0.013088749721646309,0.0,26086.0390625
EleutherAI/pythia-70m,128,step128,70426624,6,8,61,2,0,0.010036315768957138,0.0,26086.0390625
EleutherAI/pythia-70m,128,step128,70426624,6,8,61,2,1,0.014464019797742367,0.0,26086.0390625
EleutherAI/pythia-70m,128,step128,70426624,6,8,61,2,2,0.01320409495383501,0.0,26086.0390625
EleutherAI/pythia-70m,128,step128,70426624,6,8,61,2,3,0.010142100974917412,0.0,26086.0390625
EleutherAI/pythia-70m,128,step128,70426624,6,8,61,2,4,0.012098989449441433,0.0,26086.0390625
EleutherAI/pythia-70m,128,step128,70426624,6,8,61,2,5,0.012897592969238758,0.0,26086.0390625
EleutherAI/pythia-70m,128,step128,70426624,6,8,61,2,6,0.012900334782898426,0.0,26086.0390625
EleutherAI/pythia-70m,128,step128,70426624,6,8,61,2,7,0.015276427380740643,0.0,26086.0390625
EleutherAI/pythia-70m,128,step128,70426624,6,8,61,3,0,0.01171926036477089,0.0,26086.0390625
EleutherAI/pythia-70m,128,step128,70426624,6,8,61,3,1,0.01134276483207941,0.0,26086.0390625
EleutherAI/pythia-70m,128,step128,70426624,6,8,61,3,2,0.010197378695011139,0.0,26086.0390625
EleutherAI/pythia-70m,128,step128,70426624,6,8,61,3,3,0.012948189862072468,0.0,26086.0390625
EleutherAI/pythia-70m,128,step128,70426624,6,8,61,3,4,0.01429057214409113,0.0,26086.0390625
EleutherAI/pythia-70m,128,step128,70426624,6,8,61,3,5,0.014948503114283085,0.0,26086.0390625
EleutherAI/pythia-70m,128,step128,70426624,6,8,61,3,6,0.012460136786103249,0.0,26086.0390625
EleutherAI/pythia-70m,128,step128,70426624,6,8,61,3,7,0.012605909258127213,0.0,26086.0390625
EleutherAI/pythia-70m,128,step128,70426624,6,8,61,4,0,0.009274676442146301,0.0,26086.0390625
EleutherAI/pythia-70m,128,step128,70426624,6,8,61,4,1,0.007279708981513977,0.0,26086.0390625
EleutherAI/pythia-70m,128,step128,70426624,6,8,61,4,2,0.010164100676774979,0.0,26086.0390625
EleutherAI/pythia-70m,128,step128,70426624,6,8,61,4,3,0.01291763223707676,0.0,26086.0390625
EleutherAI/pythia-70m,128,step128,70426624,6,8,61,4,4,0.008226308040320873,0.0,26086.0390625
EleutherAI/pythia-70m,128,step128,70426624,6,8,61,4,5,0.0064424932934343815,0.0,26086.0390625
EleutherAI/pythia-70m,128,step128,70426624,6,8,61,4,6,0.012110681273043156,0.0,26086.0390625
EleutherAI/pythia-70m,128,step128,70426624,6,8,61,4,7,0.01092751044780016,0.0,26086.0390625
EleutherAI/pythia-70m,128,step128,70426624,6,8,61,5,0,0.009944430552423,0.0,26086.0390625
EleutherAI/pythia-70m,128,step128,70426624,6,8,61,5,1,0.009765607304871082,0.0,26086.0390625
EleutherAI/pythia-70m,128,step128,70426624,6,8,61,5,2,0.010366038419306278,0.0,26086.0390625
EleutherAI/pythia-70m,128,step128,70426624,6,8,61,5,3,0.011354492045938969,0.0,26086.0390625
EleutherAI/pythia-70m,128,step128,70426624,6,8,61,5,4,0.009050668217241764,0.0,26086.0390625
EleutherAI/pythia-70m,128,step128,70426624,6,8,61,5,5,0.010422859340906143,0.0,26086.0390625
EleutherAI/pythia-70m,128,step128,70426624,6,8,61,5,6,0.0082958173006773,0.0,26086.0390625
EleutherAI/pythia-70m,128,step128,70426624,6,8,61,5,7,0.007053040899336338,0.0,26086.0390625
EleutherAI/pythia-70m,128,step128,70426624,6,8,62,0,0,0.01302011962980032,0.0,22516.619140625
EleutherAI/pythia-70m,128,step128,70426624,6,8,62,0,1,0.013504981994628906,0.0,22516.619140625
EleutherAI/pythia-70m,128,step128,70426624,6,8,62,0,2,0.014012725092470646,0.0,22516.619140625
EleutherAI/pythia-70m,128,step128,70426624,6,8,62,0,3,0.014408458024263382,0.0,22516.619140625
EleutherAI/pythia-70m,128,step128,70426624,6,8,62,0,4,0.014392226003110409,0.0,22516.619140625
EleutherAI/pythia-70m,128,step128,70426624,6,8,62,0,5,0.014679147861897945,0.0,22516.619140625
EleutherAI/pythia-70m,128,step128,70426624,6,8,62,0,6,0.014171881601214409,0.0,22516.619140625
EleutherAI/pythia-70m,128,step128,70426624,6,8,62,0,7,0.013505139388144016,0.0,22516.619140625
EleutherAI/pythia-70m,128,step128,70426624,6,8,62,1,0,0.012147171422839165,0.0,22516.619140625
EleutherAI/pythia-70m,128,step128,70426624,6,8,62,1,1,0.01227505225688219,0.0,22516.619140625
EleutherAI/pythia-70m,128,step128,70426624,6,8,62,1,2,0.012510380707681179,0.0,22516.619140625
EleutherAI/pythia-70m,128,step128,70426624,6,8,62,1,3,0.01271086372435093,0.0,22516.619140625
EleutherAI/pythia-70m,128,step128,70426624,6,8,62,1,4,0.013577861711382866,0.0,22516.619140625
EleutherAI/pythia-70m,128,step128,70426624,6,8,62,1,5,0.01313867885619402,0.0,22516.619140625
EleutherAI/pythia-70m,128,step128,70426624,6,8,62,1,6,0.013281331397593021,0.0,22516.619140625
EleutherAI/pythia-70m,128,step128,70426624,6,8,62,1,7,0.013877210207283497,0.0,22516.619140625
EleutherAI/pythia-70m,128,step128,70426624,6,8,62,2,0,0.011516625061631203,0.0,22516.619140625
EleutherAI/pythia-70m,128,step128,70426624,6,8,62,2,1,0.013929338194429874,0.0,22516.619140625
EleutherAI/pythia-70m,128,step128,70426624,6,8,62,2,2,0.014063041657209396,0.0,22516.619140625
EleutherAI/pythia-70m,128,step128,70426624,6,8,62,2,3,0.012097995728254318,0.0,22516.619140625
EleutherAI/pythia-70m,128,step128,70426624,6,8,62,2,4,0.012588372454047203,0.0,22516.619140625
EleutherAI/pythia-70m,128,step128,70426624,6,8,62,2,5,0.01328111533075571,0.0,22516.619140625
EleutherAI/pythia-70m,128,step128,70426624,6,8,62,2,6,0.014664428308606148,0.0,22516.619140625
EleutherAI/pythia-70m,128,step128,70426624,6,8,62,2,7,0.013787226751446724,0.0,22516.619140625
EleutherAI/pythia-70m,128,step128,70426624,6,8,62,3,0,0.009996762499213219,0.0,22516.619140625
EleutherAI/pythia-70m,128,step128,70426624,6,8,62,3,1,0.012350468896329403,0.0,22516.619140625
EleutherAI/pythia-70m,128,step128,70426624,6,8,62,3,2,0.011511079035699368,0.0,22516.619140625
EleutherAI/pythia-70m,128,step128,70426624,6,8,62,3,3,0.013004112057387829,0.0,22516.619140625
EleutherAI/pythia-70m,128,step128,70426624,6,8,62,3,4,0.01672249287366867,0.0,22516.619140625
EleutherAI/pythia-70m,128,step128,70426624,6,8,62,3,5,0.01471941452473402,0.0,22516.619140625
EleutherAI/pythia-70m,128,step128,70426624,6,8,62,3,6,0.014274832792580128,0.0,22516.619140625
EleutherAI/pythia-70m,128,step128,70426624,6,8,62,3,7,0.010499405674636364,0.0,22516.619140625
EleutherAI/pythia-70m,128,step128,70426624,6,8,62,4,0,0.009661391377449036,0.0,22516.619140625
EleutherAI/pythia-70m,128,step128,70426624,6,8,62,4,1,0.009730505757033825,0.0,22516.619140625
EleutherAI/pythia-70m,128,step128,70426624,6,8,62,4,2,0.010340281762182713,0.0,22516.619140625
EleutherAI/pythia-70m,128,step128,70426624,6,8,62,4,3,0.012041542679071426,0.0,22516.619140625
EleutherAI/pythia-70m,128,step128,70426624,6,8,62,4,4,0.008896399289369583,0.0,22516.619140625
EleutherAI/pythia-70m,128,step128,70426624,6,8,62,4,5,0.008149558678269386,0.0,22516.619140625
EleutherAI/pythia-70m,128,step128,70426624,6,8,62,4,6,0.01280295941978693,0.0,22516.619140625
EleutherAI/pythia-70m,128,step128,70426624,6,8,62,4,7,0.012224526144564152,0.0,22516.619140625
EleutherAI/pythia-70m,128,step128,70426624,6,8,62,5,0,0.010644664987921715,0.0,22516.619140625
EleutherAI/pythia-70m,128,step128,70426624,6,8,62,5,1,0.01206240151077509,0.0,22516.619140625
EleutherAI/pythia-70m,128,step128,70426624,6,8,62,5,2,0.00862793531268835,0.0,22516.619140625
EleutherAI/pythia-70m,128,step128,70426624,6,8,62,5,3,0.011430381797254086,0.0,22516.619140625
EleutherAI/pythia-70m,128,step128,70426624,6,8,62,5,4,0.008073265664279461,0.0,22516.619140625
EleutherAI/pythia-70m,128,step128,70426624,6,8,62,5,5,0.010175439529120922,0.0,22516.619140625
EleutherAI/pythia-70m,128,step128,70426624,6,8,62,5,6,0.009329332038760185,0.0,22516.619140625
EleutherAI/pythia-70m,128,step128,70426624,6,8,62,5,7,0.008597096428275108,0.0,22516.619140625
EleutherAI/pythia-70m,128,step128,70426624,6,8,63,0,0,0.013963284902274609,0.0,25412.1796875
EleutherAI/pythia-70m,128,step128,70426624,6,8,63,0,1,0.013720746152102947,0.0,25412.1796875
EleutherAI/pythia-70m,128,step128,70426624,6,8,63,0,2,0.01369202509522438,0.0,25412.1796875
EleutherAI/pythia-70m,128,step128,70426624,6,8,63,0,3,0.01461754459887743,0.0,25412.1796875
EleutherAI/pythia-70m,128,step128,70426624,6,8,63,0,4,0.013443265110254288,0.0,25412.1796875
EleutherAI/pythia-70m,128,step128,70426624,6,8,63,0,5,0.014511696994304657,0.0,25412.1796875
EleutherAI/pythia-70m,128,step128,70426624,6,8,63,0,6,0.013402886688709259,0.0,25412.1796875
EleutherAI/pythia-70m,128,step128,70426624,6,8,63,0,7,0.01344310026615858,0.0,25412.1796875
EleutherAI/pythia-70m,128,step128,70426624,6,8,63,1,0,0.01145984884351492,0.0,25412.1796875
EleutherAI/pythia-70m,128,step128,70426624,6,8,63,1,1,0.013360871933400631,0.0,25412.1796875
EleutherAI/pythia-70m,128,step128,70426624,6,8,63,1,2,0.012568365782499313,0.0,25412.1796875
EleutherAI/pythia-70m,128,step128,70426624,6,8,63,1,3,0.01431669108569622,0.0,25412.1796875
EleutherAI/pythia-70m,128,step128,70426624,6,8,63,1,4,0.012350008822977543,0.0,25412.1796875
EleutherAI/pythia-70m,128,step128,70426624,6,8,63,1,5,0.01330638863146305,0.0,25412.1796875
EleutherAI/pythia-70m,128,step128,70426624,6,8,63,1,6,0.014157372526824474,0.0,25412.1796875
EleutherAI/pythia-70m,128,step128,70426624,6,8,63,1,7,0.011843191459774971,0.0,25412.1796875
EleutherAI/pythia-70m,128,step128,70426624,6,8,63,2,0,0.010449746623635292,0.0,25412.1796875
EleutherAI/pythia-70m,128,step128,70426624,6,8,63,2,1,0.012350082397460938,0.0,25412.1796875
EleutherAI/pythia-70m,128,step128,70426624,6,8,63,2,2,0.014377814717590809,0.0,25412.1796875
EleutherAI/pythia-70m,128,step128,70426624,6,8,63,2,3,0.010228617116808891,0.0,25412.1796875
EleutherAI/pythia-70m,128,step128,70426624,6,8,63,2,4,0.012501967139542103,0.0,25412.1796875
EleutherAI/pythia-70m,128,step128,70426624,6,8,63,2,5,0.014494042843580246,0.0,25412.1796875
EleutherAI/pythia-70m,128,step128,70426624,6,8,63,2,6,0.012608127668499947,0.0,25412.1796875
EleutherAI/pythia-70m,128,step128,70426624,6,8,63,2,7,0.013087816536426544,0.0,25412.1796875
EleutherAI/pythia-70m,128,step128,70426624,6,8,63,3,0,0.011182628571987152,0.0,25412.1796875
EleutherAI/pythia-70m,128,step128,70426624,6,8,63,3,1,0.012186681851744652,0.0,25412.1796875
EleutherAI/pythia-70m,128,step128,70426624,6,8,63,3,2,0.011876995675265789,0.0,25412.1796875
EleutherAI/pythia-70m,128,step128,70426624,6,8,63,3,3,0.011582554318010807,0.0,25412.1796875
EleutherAI/pythia-70m,128,step128,70426624,6,8,63,3,4,0.012273452244699001,0.0,25412.1796875
EleutherAI/pythia-70m,128,step128,70426624,6,8,63,3,5,0.013498935848474503,0.0,25412.1796875
EleutherAI/pythia-70m,128,step128,70426624,6,8,63,3,6,0.01211454626172781,0.0,25412.1796875
EleutherAI/pythia-70m,128,step128,70426624,6,8,63,3,7,0.01253847498446703,0.0,25412.1796875
EleutherAI/pythia-70m,128,step128,70426624,6,8,63,4,0,0.010601567104458809,0.0,25412.1796875
EleutherAI/pythia-70m,128,step128,70426624,6,8,63,4,1,0.008256614208221436,0.0,25412.1796875
EleutherAI/pythia-70m,128,step128,70426624,6,8,63,4,2,0.012407750822603703,0.0,25412.1796875
EleutherAI/pythia-70m,128,step128,70426624,6,8,63,4,3,0.013840923085808754,0.0,25412.1796875
EleutherAI/pythia-70m,128,step128,70426624,6,8,63,4,4,0.007501770742237568,0.0,25412.1796875
EleutherAI/pythia-70m,128,step128,70426624,6,8,63,4,5,0.00736682303249836,0.0,25412.1796875
EleutherAI/pythia-70m,128,step128,70426624,6,8,63,4,6,0.011321628466248512,0.0,25412.1796875
EleutherAI/pythia-70m,128,step128,70426624,6,8,63,4,7,0.010966293513774872,0.0,25412.1796875
EleutherAI/pythia-70m,128,step128,70426624,6,8,63,5,0,0.008989004418253899,0.0,25412.1796875
EleutherAI/pythia-70m,128,step128,70426624,6,8,63,5,1,0.010891522280871868,0.0,25412.1796875
EleutherAI/pythia-70m,128,step128,70426624,6,8,63,5,2,0.008859032765030861,0.0,25412.1796875
EleutherAI/pythia-70m,128,step128,70426624,6,8,63,5,3,0.011070429347455502,0.0,25412.1796875
EleutherAI/pythia-70m,128,step128,70426624,6,8,63,5,4,0.00786619447171688,0.0,25412.1796875
EleutherAI/pythia-70m,128,step128,70426624,6,8,63,5,5,0.009441119618713856,0.0,25412.1796875
EleutherAI/pythia-70m,128,step128,70426624,6,8,63,5,6,0.00850618164986372,0.0,25412.1796875
EleutherAI/pythia-70m,128,step128,70426624,6,8,63,5,7,0.00677920039743185,0.0,25412.1796875
EleutherAI/pythia-70m,128,step128,70426624,6,8,64,0,0,0.013324011117219925,0.0,29590.16015625
EleutherAI/pythia-70m,128,step128,70426624,6,8,64,0,1,0.013597824610769749,0.0,29590.16015625
EleutherAI/pythia-70m,128,step128,70426624,6,8,64,0,2,0.011819880455732346,0.0,29590.16015625
EleutherAI/pythia-70m,128,step128,70426624,6,8,64,0,3,0.014612841419875622,0.0,29590.16015625
EleutherAI/pythia-70m,128,step128,70426624,6,8,64,0,4,0.01476475689560175,0.0,29590.16015625
EleutherAI/pythia-70m,128,step128,70426624,6,8,64,0,5,0.012950940057635307,0.0,29590.16015625
EleutherAI/pythia-70m,128,step128,70426624,6,8,64,0,6,0.013135571032762527,0.0,29590.16015625
EleutherAI/pythia-70m,128,step128,70426624,6,8,64,0,7,0.01251810323446989,0.0,29590.16015625
EleutherAI/pythia-70m,128,step128,70426624,6,8,64,1,0,0.013052770867943764,0.0,29590.16015625
EleutherAI/pythia-70m,128,step128,70426624,6,8,64,1,1,0.014344015158712864,0.0,29590.16015625
EleutherAI/pythia-70m,128,step128,70426624,6,8,64,1,2,0.013115022331476212,0.0,29590.16015625
EleutherAI/pythia-70m,128,step128,70426624,6,8,64,1,3,0.013243837282061577,0.0,29590.16015625
EleutherAI/pythia-70m,128,step128,70426624,6,8,64,1,4,0.01285596750676632,0.0,29590.16015625
EleutherAI/pythia-70m,128,step128,70426624,6,8,64,1,5,0.01580057479441166,0.0,29590.16015625
EleutherAI/pythia-70m,128,step128,70426624,6,8,64,1,6,0.01344313658773899,0.0,29590.16015625
EleutherAI/pythia-70m,128,step128,70426624,6,8,64,1,7,0.012292077764868736,0.0,29590.16015625
EleutherAI/pythia-70m,128,step128,70426624,6,8,64,2,0,0.010288716293871403,0.0,29590.16015625
EleutherAI/pythia-70m,128,step128,70426624,6,8,64,2,1,0.014750716276466846,0.0,29590.16015625
EleutherAI/pythia-70m,128,step128,70426624,6,8,64,2,2,0.013507967814803123,0.0,29590.16015625
EleutherAI/pythia-70m,128,step128,70426624,6,8,64,2,3,0.011469538323581219,0.0,29590.16015625
EleutherAI/pythia-70m,128,step128,70426624,6,8,64,2,4,0.013494366779923439,0.0,29590.16015625
EleutherAI/pythia-70m,128,step128,70426624,6,8,64,2,5,0.013478120788931847,0.0,29590.16015625
EleutherAI/pythia-70m,128,step128,70426624,6,8,64,2,6,0.013505358248949051,0.0,29590.16015625
EleutherAI/pythia-70m,128,step128,70426624,6,8,64,2,7,0.012234609574079514,0.0,29590.16015625
EleutherAI/pythia-70m,128,step128,70426624,6,8,64,3,0,0.012556918896734715,0.0,29590.16015625
EleutherAI/pythia-70m,128,step128,70426624,6,8,64,3,1,0.011148652993142605,0.0,29590.16015625
EleutherAI/pythia-70m,128,step128,70426624,6,8,64,3,2,0.011877967044711113,0.0,29590.16015625
EleutherAI/pythia-70m,128,step128,70426624,6,8,64,3,3,0.011430405080318451,0.0,29590.16015625
EleutherAI/pythia-70m,128,step128,70426624,6,8,64,3,4,0.015389814041554928,0.0,29590.16015625
EleutherAI/pythia-70m,128,step128,70426624,6,8,64,3,5,0.015747470781207085,0.0,29590.16015625
EleutherAI/pythia-70m,128,step128,70426624,6,8,64,3,6,0.014441016130149364,0.0,29590.16015625
EleutherAI/pythia-70m,128,step128,70426624,6,8,64,3,7,0.013978744857013226,0.0,29590.16015625
EleutherAI/pythia-70m,128,step128,70426624,6,8,64,4,0,0.009516917169094086,0.0,29590.16015625
EleutherAI/pythia-70m,128,step128,70426624,6,8,64,4,1,0.008198421448469162,0.0,29590.16015625
EleutherAI/pythia-70m,128,step128,70426624,6,8,64,4,2,0.010209795087575912,0.0,29590.16015625
EleutherAI/pythia-70m,128,step128,70426624,6,8,64,4,3,0.011219033971428871,0.0,29590.16015625
EleutherAI/pythia-70m,128,step128,70426624,6,8,64,4,4,0.007889194414019585,0.0,29590.16015625
EleutherAI/pythia-70m,128,step128,70426624,6,8,64,4,5,0.005672658793628216,0.0,29590.16015625
EleutherAI/pythia-70m,128,step128,70426624,6,8,64,4,6,0.011570005677640438,0.0,29590.16015625
EleutherAI/pythia-70m,128,step128,70426624,6,8,64,4,7,0.01154719851911068,0.0,29590.16015625
EleutherAI/pythia-70m,128,step128,70426624,6,8,64,5,0,0.009573924355208874,0.0,29590.16015625
EleutherAI/pythia-70m,128,step128,70426624,6,8,64,5,1,0.010148119181394577,0.0,29590.16015625
EleutherAI/pythia-70m,128,step128,70426624,6,8,64,5,2,0.009228023700416088,0.0,29590.16015625
EleutherAI/pythia-70m,128,step128,70426624,6,8,64,5,3,0.009789315052330494,0.0,29590.16015625
EleutherAI/pythia-70m,128,step128,70426624,6,8,64,5,4,0.007214718032628298,0.0,29590.16015625
EleutherAI/pythia-70m,128,step128,70426624,6,8,64,5,5,0.009267373010516167,0.0,29590.16015625
EleutherAI/pythia-70m,128,step128,70426624,6,8,64,5,6,0.007142910733819008,0.0,29590.16015625
EleutherAI/pythia-70m,128,step128,70426624,6,8,64,5,7,0.005095424596220255,0.0,29590.16015625
EleutherAI/pythia-70m,128,step128,70426624,6,8,65,0,0,0.012768048793077469,0.0,22869.51953125
EleutherAI/pythia-70m,128,step128,70426624,6,8,65,0,1,0.013596665114164352,0.0,22869.51953125
EleutherAI/pythia-70m,128,step128,70426624,6,8,65,0,2,0.015522617846727371,0.0,22869.51953125
EleutherAI/pythia-70m,128,step128,70426624,6,8,65,0,3,0.013902571052312851,0.0,22869.51953125
EleutherAI/pythia-70m,128,step128,70426624,6,8,65,0,4,0.01308330986648798,0.0,22869.51953125
EleutherAI/pythia-70m,128,step128,70426624,6,8,65,0,5,0.013698434457182884,0.0,22869.51953125
EleutherAI/pythia-70m,128,step128,70426624,6,8,65,0,6,0.012597980909049511,0.0,22869.51953125
EleutherAI/pythia-70m,128,step128,70426624,6,8,65,0,7,0.01358749344944954,0.0,22869.51953125
EleutherAI/pythia-70m,128,step128,70426624,6,8,65,1,0,0.013245753943920135,0.0,22869.51953125
EleutherAI/pythia-70m,128,step128,70426624,6,8,65,1,1,0.012613136321306229,0.0,22869.51953125
EleutherAI/pythia-70m,128,step128,70426624,6,8,65,1,2,0.01246622670441866,0.0,22869.51953125
EleutherAI/pythia-70m,128,step128,70426624,6,8,65,1,3,0.013106652535498142,0.0,22869.51953125
EleutherAI/pythia-70m,128,step128,70426624,6,8,65,1,4,0.012388420291244984,0.0,22869.51953125
EleutherAI/pythia-70m,128,step128,70426624,6,8,65,1,5,0.013381082564592361,0.0,22869.51953125
EleutherAI/pythia-70m,128,step128,70426624,6,8,65,1,6,0.01280591357499361,0.0,22869.51953125
EleutherAI/pythia-70m,128,step128,70426624,6,8,65,1,7,0.01309624221175909,0.0,22869.51953125
EleutherAI/pythia-70m,128,step128,70426624,6,8,65,2,0,0.010263617150485516,0.0,22869.51953125
EleutherAI/pythia-70m,128,step128,70426624,6,8,65,2,1,0.0138815613463521,0.0,22869.51953125
EleutherAI/pythia-70m,128,step128,70426624,6,8,65,2,2,0.013036753050982952,0.0,22869.51953125
EleutherAI/pythia-70m,128,step128,70426624,6,8,65,2,3,0.01065467856824398,0.0,22869.51953125
EleutherAI/pythia-70m,128,step128,70426624,6,8,65,2,4,0.014783628284931183,0.0,22869.51953125
EleutherAI/pythia-70m,128,step128,70426624,6,8,65,2,5,0.014461768791079521,0.0,22869.51953125
EleutherAI/pythia-70m,128,step128,70426624,6,8,65,2,6,0.016491703689098358,0.0,22869.51953125
EleutherAI/pythia-70m,128,step128,70426624,6,8,65,2,7,0.012643540278077126,0.0,22869.51953125
EleutherAI/pythia-70m,128,step128,70426624,6,8,65,3,0,0.0109932329505682,0.0,22869.51953125
EleutherAI/pythia-70m,128,step128,70426624,6,8,65,3,1,0.014903557486832142,0.0,22869.51953125
EleutherAI/pythia-70m,128,step128,70426624,6,8,65,3,2,0.011821938678622246,0.0,22869.51953125
EleutherAI/pythia-70m,128,step128,70426624,6,8,65,3,3,0.013525033369660378,0.0,22869.51953125
EleutherAI/pythia-70m,128,step128,70426624,6,8,65,3,4,0.015209824778139591,0.0,22869.51953125
EleutherAI/pythia-70m,128,step128,70426624,6,8,65,3,5,0.013892102986574173,0.0,22869.51953125
EleutherAI/pythia-70m,128,step128,70426624,6,8,65,3,6,0.012411585077643394,0.0,22869.51953125
EleutherAI/pythia-70m,128,step128,70426624,6,8,65,3,7,0.014264884404838085,0.0,22869.51953125
EleutherAI/pythia-70m,128,step128,70426624,6,8,65,4,0,0.009702887386083603,0.0,22869.51953125
EleutherAI/pythia-70m,128,step128,70426624,6,8,65,4,1,0.008241099305450916,0.0,22869.51953125
EleutherAI/pythia-70m,128,step128,70426624,6,8,65,4,2,0.01210618857294321,0.0,22869.51953125
EleutherAI/pythia-70m,128,step128,70426624,6,8,65,4,3,0.011605140753090382,0.0,22869.51953125
EleutherAI/pythia-70m,128,step128,70426624,6,8,65,4,4,0.008686032146215439,0.0,22869.51953125
EleutherAI/pythia-70m,128,step128,70426624,6,8,65,4,5,0.007746844086796045,0.0,22869.51953125
EleutherAI/pythia-70m,128,step128,70426624,6,8,65,4,6,0.012075248174369335,0.0,22869.51953125
EleutherAI/pythia-70m,128,step128,70426624,6,8,65,4,7,0.01169164851307869,0.0,22869.51953125
EleutherAI/pythia-70m,128,step128,70426624,6,8,65,5,0,0.008306239731609821,0.0,22869.51953125
EleutherAI/pythia-70m,128,step128,70426624,6,8,65,5,1,0.009921700693666935,0.0,22869.51953125
EleutherAI/pythia-70m,128,step128,70426624,6,8,65,5,2,0.009047594852745533,0.0,22869.51953125
EleutherAI/pythia-70m,128,step128,70426624,6,8,65,5,3,0.01097057480365038,0.0,22869.51953125
EleutherAI/pythia-70m,128,step128,70426624,6,8,65,5,4,0.009334094822406769,0.0,22869.51953125
EleutherAI/pythia-70m,128,step128,70426624,6,8,65,5,5,0.008300095796585083,0.0,22869.51953125
EleutherAI/pythia-70m,128,step128,70426624,6,8,65,5,6,0.007829353213310242,0.0,22869.51953125
EleutherAI/pythia-70m,128,step128,70426624,6,8,65,5,7,0.006123331841081381,0.0,22869.51953125
EleutherAI/pythia-70m,128,step128,70426624,6,8,66,0,0,0.015097325667738914,0.0,24809.380859375
EleutherAI/pythia-70m,128,step128,70426624,6,8,66,0,1,0.014620657078921795,0.0,24809.380859375
EleutherAI/pythia-70m,128,step128,70426624,6,8,66,0,2,0.012348812073469162,0.0,24809.380859375
EleutherAI/pythia-70m,128,step128,70426624,6,8,66,0,3,0.013356037437915802,0.0,24809.380859375
EleutherAI/pythia-70m,128,step128,70426624,6,8,66,0,4,0.015372336842119694,0.0,24809.380859375
EleutherAI/pythia-70m,128,step128,70426624,6,8,66,0,5,0.014712665230035782,0.0,24809.380859375
EleutherAI/pythia-70m,128,step128,70426624,6,8,66,0,6,0.012834209948778152,0.0,24809.380859375
EleutherAI/pythia-70m,128,step128,70426624,6,8,66,0,7,0.01492422353476286,0.0,24809.380859375
EleutherAI/pythia-70m,128,step128,70426624,6,8,66,1,0,0.012915467843413353,0.0,24809.380859375
EleutherAI/pythia-70m,128,step128,70426624,6,8,66,1,1,0.012587113305926323,0.0,24809.380859375
EleutherAI/pythia-70m,128,step128,70426624,6,8,66,1,2,0.013116227462887764,0.0,24809.380859375
EleutherAI/pythia-70m,128,step128,70426624,6,8,66,1,3,0.013288471847772598,0.0,24809.380859375
EleutherAI/pythia-70m,128,step128,70426624,6,8,66,1,4,0.012611529789865017,0.0,24809.380859375
EleutherAI/pythia-70m,128,step128,70426624,6,8,66,1,5,0.014048355631530285,0.0,24809.380859375
EleutherAI/pythia-70m,128,step128,70426624,6,8,66,1,6,0.013552269898355007,0.0,24809.380859375
EleutherAI/pythia-70m,128,step128,70426624,6,8,66,1,7,0.011944124475121498,0.0,24809.380859375
EleutherAI/pythia-70m,128,step128,70426624,6,8,66,2,0,0.010309056378901005,0.0,24809.380859375
EleutherAI/pythia-70m,128,step128,70426624,6,8,66,2,1,0.013419118709862232,0.0,24809.380859375
EleutherAI/pythia-70m,128,step128,70426624,6,8,66,2,2,0.01407505851238966,0.0,24809.380859375
EleutherAI/pythia-70m,128,step128,70426624,6,8,66,2,3,0.010774820111691952,0.0,24809.380859375
EleutherAI/pythia-70m,128,step128,70426624,6,8,66,2,4,0.012207732535898685,0.0,24809.380859375
EleutherAI/pythia-70m,128,step128,70426624,6,8,66,2,5,0.012471272610127926,0.0,24809.380859375
EleutherAI/pythia-70m,128,step128,70426624,6,8,66,2,6,0.01180350873619318,0.0,24809.380859375
EleutherAI/pythia-70m,128,step128,70426624,6,8,66,2,7,0.011759884655475616,0.0,24809.380859375
EleutherAI/pythia-70m,128,step128,70426624,6,8,66,3,0,0.009613053873181343,0.0,24809.380859375
EleutherAI/pythia-70m,128,step128,70426624,6,8,66,3,1,0.011566732078790665,0.0,24809.380859375
EleutherAI/pythia-70m,128,step128,70426624,6,8,66,3,2,0.011838534846901894,0.0,24809.380859375
EleutherAI/pythia-70m,128,step128,70426624,6,8,66,3,3,0.012259824201464653,0.0,24809.380859375
EleutherAI/pythia-70m,128,step128,70426624,6,8,66,3,4,0.012501685880124569,0.0,24809.380859375
EleutherAI/pythia-70m,128,step128,70426624,6,8,66,3,5,0.01267504133284092,0.0,24809.380859375
EleutherAI/pythia-70m,128,step128,70426624,6,8,66,3,6,0.011327897198498249,0.0,24809.380859375
EleutherAI/pythia-70m,128,step128,70426624,6,8,66,3,7,0.012714322656393051,0.0,24809.380859375
EleutherAI/pythia-70m,128,step128,70426624,6,8,66,4,0,0.009735350497066975,0.0,24809.380859375
EleutherAI/pythia-70m,128,step128,70426624,6,8,66,4,1,0.007670153398066759,0.0,24809.380859375
EleutherAI/pythia-70m,128,step128,70426624,6,8,66,4,2,0.011531255207955837,0.0,24809.380859375
EleutherAI/pythia-70m,128,step128,70426624,6,8,66,4,3,0.012126523070037365,0.0,24809.380859375
EleutherAI/pythia-70m,128,step128,70426624,6,8,66,4,4,0.00875089317560196,0.0,24809.380859375
EleutherAI/pythia-70m,128,step128,70426624,6,8,66,4,5,0.005388185847550631,0.0,24809.380859375
EleutherAI/pythia-70m,128,step128,70426624,6,8,66,4,6,0.011539301835000515,0.0,24809.380859375
EleutherAI/pythia-70m,128,step128,70426624,6,8,66,4,7,0.011578390374779701,0.0,24809.380859375
EleutherAI/pythia-70m,128,step128,70426624,6,8,66,5,0,0.009649769403040409,0.0,24809.380859375
EleutherAI/pythia-70m,128,step128,70426624,6,8,66,5,1,0.010032209567725658,0.0,24809.380859375
EleutherAI/pythia-70m,128,step128,70426624,6,8,66,5,2,0.009623349644243717,0.0,24809.380859375
EleutherAI/pythia-70m,128,step128,70426624,6,8,66,5,3,0.010719670914113522,0.0,24809.380859375
EleutherAI/pythia-70m,128,step128,70426624,6,8,66,5,4,0.008183424361050129,0.0,24809.380859375
EleutherAI/pythia-70m,128,step128,70426624,6,8,66,5,5,0.010365674272179604,0.0,24809.380859375
EleutherAI/pythia-70m,128,step128,70426624,6,8,66,5,6,0.007694960106164217,0.0,24809.380859375
EleutherAI/pythia-70m,128,step128,70426624,6,8,66,5,7,0.006087380461394787,0.0,24809.380859375
EleutherAI/pythia-70m,128,step128,70426624,6,8,67,0,0,0.01351554412394762,0.0,23022.83984375
EleutherAI/pythia-70m,128,step128,70426624,6,8,67,0,1,0.013637945987284184,0.0,23022.83984375
EleutherAI/pythia-70m,128,step128,70426624,6,8,67,0,2,0.013822619803249836,0.0,23022.83984375
EleutherAI/pythia-70m,128,step128,70426624,6,8,67,0,3,0.014161813072860241,0.0,23022.83984375
EleutherAI/pythia-70m,128,step128,70426624,6,8,67,0,4,0.015235535800457,0.0,23022.83984375
EleutherAI/pythia-70m,128,step128,70426624,6,8,67,0,5,0.013075331225991249,0.0,23022.83984375
EleutherAI/pythia-70m,128,step128,70426624,6,8,67,0,6,0.01387438178062439,0.0,23022.83984375
EleutherAI/pythia-70m,128,step128,70426624,6,8,67,0,7,0.013194143772125244,0.0,23022.83984375
EleutherAI/pythia-70m,128,step128,70426624,6,8,67,1,0,0.012268428690731525,0.0,23022.83984375
EleutherAI/pythia-70m,128,step128,70426624,6,8,67,1,1,0.013801570981740952,0.0,23022.83984375
EleutherAI/pythia-70m,128,step128,70426624,6,8,67,1,2,0.013569720089435577,0.0,23022.83984375
EleutherAI/pythia-70m,128,step128,70426624,6,8,67,1,3,0.012552611529827118,0.0,23022.83984375
EleutherAI/pythia-70m,128,step128,70426624,6,8,67,1,4,0.012278299778699875,0.0,23022.83984375
EleutherAI/pythia-70m,128,step128,70426624,6,8,67,1,5,0.013930912129580975,0.0,23022.83984375
EleutherAI/pythia-70m,128,step128,70426624,6,8,67,1,6,0.014246667735278606,0.0,23022.83984375
EleutherAI/pythia-70m,128,step128,70426624,6,8,67,1,7,0.013942704536020756,0.0,23022.83984375
EleutherAI/pythia-70m,128,step128,70426624,6,8,67,2,0,0.01261219009757042,0.0,23022.83984375
EleutherAI/pythia-70m,128,step128,70426624,6,8,67,2,1,0.013530607335269451,0.0,23022.83984375
EleutherAI/pythia-70m,128,step128,70426624,6,8,67,2,2,0.014059548266232014,0.0,23022.83984375
EleutherAI/pythia-70m,128,step128,70426624,6,8,67,2,3,0.011105064302682877,0.0,23022.83984375
EleutherAI/pythia-70m,128,step128,70426624,6,8,67,2,4,0.012025892734527588,0.0,23022.83984375
EleutherAI/pythia-70m,128,step128,70426624,6,8,67,2,5,0.013489141128957272,0.0,23022.83984375
EleutherAI/pythia-70m,128,step128,70426624,6,8,67,2,6,0.012815304100513458,0.0,23022.83984375
EleutherAI/pythia-70m,128,step128,70426624,6,8,67,2,7,0.010237647220492363,0.0,23022.83984375
EleutherAI/pythia-70m,128,step128,70426624,6,8,67,3,0,0.010672783479094505,0.0,23022.83984375
EleutherAI/pythia-70m,128,step128,70426624,6,8,67,3,1,0.01382194273173809,0.0,23022.83984375
EleutherAI/pythia-70m,128,step128,70426624,6,8,67,3,2,0.01037212647497654,0.0,23022.83984375
EleutherAI/pythia-70m,128,step128,70426624,6,8,67,3,3,0.012759902514517307,0.0,23022.83984375
EleutherAI/pythia-70m,128,step128,70426624,6,8,67,3,4,0.014276646077632904,0.0,23022.83984375
EleutherAI/pythia-70m,128,step128,70426624,6,8,67,3,5,0.014052723534405231,0.0,23022.83984375
EleutherAI/pythia-70m,128,step128,70426624,6,8,67,3,6,0.011526012793183327,0.0,23022.83984375
EleutherAI/pythia-70m,128,step128,70426624,6,8,67,3,7,0.011679397895932198,0.0,23022.83984375
EleutherAI/pythia-70m,128,step128,70426624,6,8,67,4,0,0.00855850987136364,0.0,23022.83984375
EleutherAI/pythia-70m,128,step128,70426624,6,8,67,4,1,0.00805680826306343,0.0,23022.83984375
EleutherAI/pythia-70m,128,step128,70426624,6,8,67,4,2,0.01088294293731451,0.0,23022.83984375
EleutherAI/pythia-70m,128,step128,70426624,6,8,67,4,3,0.013113933615386486,0.0,23022.83984375
EleutherAI/pythia-70m,128,step128,70426624,6,8,67,4,4,0.010113336145877838,0.0,23022.83984375
EleutherAI/pythia-70m,128,step128,70426624,6,8,67,4,5,0.006378297694027424,0.0,23022.83984375
EleutherAI/pythia-70m,128,step128,70426624,6,8,67,4,6,0.012001655995845795,0.0,23022.83984375
EleutherAI/pythia-70m,128,step128,70426624,6,8,67,4,7,0.012146132066845894,0.0,23022.83984375
EleutherAI/pythia-70m,128,step128,70426624,6,8,67,5,0,0.009528223425149918,0.0,23022.83984375
EleutherAI/pythia-70m,128,step128,70426624,6,8,67,5,1,0.009613589383661747,0.0,23022.83984375
EleutherAI/pythia-70m,128,step128,70426624,6,8,67,5,2,0.00977578479796648,0.0,23022.83984375
EleutherAI/pythia-70m,128,step128,70426624,6,8,67,5,3,0.010309743694961071,0.0,23022.83984375
EleutherAI/pythia-70m,128,step128,70426624,6,8,67,5,4,0.00847947970032692,0.0,23022.83984375
EleutherAI/pythia-70m,128,step128,70426624,6,8,67,5,5,0.01007094420492649,0.0,23022.83984375
EleutherAI/pythia-70m,128,step128,70426624,6,8,67,5,6,0.008816673420369625,0.0,23022.83984375
EleutherAI/pythia-70m,128,step128,70426624,6,8,67,5,7,0.008755491115152836,0.0,23022.83984375
EleutherAI/pythia-70m,128,step128,70426624,6,8,68,0,0,0.014155027456581593,0.0,27344.19921875
EleutherAI/pythia-70m,128,step128,70426624,6,8,68,0,1,0.012831597588956356,0.0,27344.19921875
EleutherAI/pythia-70m,128,step128,70426624,6,8,68,0,2,0.013709846884012222,0.0,27344.19921875
EleutherAI/pythia-70m,128,step128,70426624,6,8,68,0,3,0.013659336604177952,0.0,27344.19921875
EleutherAI/pythia-70m,128,step128,70426624,6,8,68,0,4,0.015379662625491619,0.0,27344.19921875
EleutherAI/pythia-70m,128,step128,70426624,6,8,68,0,5,0.01270610373467207,0.0,27344.19921875
EleutherAI/pythia-70m,128,step128,70426624,6,8,68,0,6,0.013659566640853882,0.0,27344.19921875
EleutherAI/pythia-70m,128,step128,70426624,6,8,68,0,7,0.015293726697564125,0.0,27344.19921875
EleutherAI/pythia-70m,128,step128,70426624,6,8,68,1,0,0.014174875803291798,0.0,27344.19921875
EleutherAI/pythia-70m,128,step128,70426624,6,8,68,1,1,0.012664872221648693,0.0,27344.19921875
EleutherAI/pythia-70m,128,step128,70426624,6,8,68,1,2,0.011799698695540428,0.0,27344.19921875
EleutherAI/pythia-70m,128,step128,70426624,6,8,68,1,3,0.013899781741201878,0.0,27344.19921875
EleutherAI/pythia-70m,128,step128,70426624,6,8,68,1,4,0.01290406845510006,0.0,27344.19921875
EleutherAI/pythia-70m,128,step128,70426624,6,8,68,1,5,0.012026211246848106,0.0,27344.19921875
EleutherAI/pythia-70m,128,step128,70426624,6,8,68,1,6,0.014728087931871414,0.0,27344.19921875
EleutherAI/pythia-70m,128,step128,70426624,6,8,68,1,7,0.011810953728854656,0.0,27344.19921875
EleutherAI/pythia-70m,128,step128,70426624,6,8,68,2,0,0.011470475234091282,0.0,27344.19921875
EleutherAI/pythia-70m,128,step128,70426624,6,8,68,2,1,0.013405987992882729,0.0,27344.19921875
EleutherAI/pythia-70m,128,step128,70426624,6,8,68,2,2,0.014776102267205715,0.0,27344.19921875
EleutherAI/pythia-70m,128,step128,70426624,6,8,68,2,3,0.010982451029121876,0.0,27344.19921875
EleutherAI/pythia-70m,128,step128,70426624,6,8,68,2,4,0.012336990796029568,0.0,27344.19921875
EleutherAI/pythia-70m,128,step128,70426624,6,8,68,2,5,0.012584127485752106,0.0,27344.19921875
EleutherAI/pythia-70m,128,step128,70426624,6,8,68,2,6,0.013900208286941051,0.0,27344.19921875
EleutherAI/pythia-70m,128,step128,70426624,6,8,68,2,7,0.01269999984651804,0.0,27344.19921875
EleutherAI/pythia-70m,128,step128,70426624,6,8,68,3,0,0.0113552026450634,0.0,27344.19921875
EleutherAI/pythia-70m,128,step128,70426624,6,8,68,3,1,0.014211778528988361,0.0,27344.19921875
EleutherAI/pythia-70m,128,step128,70426624,6,8,68,3,2,0.01341903954744339,0.0,27344.19921875
EleutherAI/pythia-70m,128,step128,70426624,6,8,68,3,3,0.012185459025204182,0.0,27344.19921875
EleutherAI/pythia-70m,128,step128,70426624,6,8,68,3,4,0.01563151180744171,0.0,27344.19921875
EleutherAI/pythia-70m,128,step128,70426624,6,8,68,3,5,0.013977273367345333,0.0,27344.19921875
EleutherAI/pythia-70m,128,step128,70426624,6,8,68,3,6,0.014409336261451244,0.0,27344.19921875
EleutherAI/pythia-70m,128,step128,70426624,6,8,68,3,7,0.015716180205345154,0.0,27344.19921875
EleutherAI/pythia-70m,128,step128,70426624,6,8,68,4,0,0.009750203229486942,0.0,27344.19921875
EleutherAI/pythia-70m,128,step128,70426624,6,8,68,4,1,0.00858607143163681,0.0,27344.19921875
EleutherAI/pythia-70m,128,step128,70426624,6,8,68,4,2,0.009573716670274734,0.0,27344.19921875
EleutherAI/pythia-70m,128,step128,70426624,6,8,68,4,3,0.011595414020121098,0.0,27344.19921875
EleutherAI/pythia-70m,128,step128,70426624,6,8,68,4,4,0.00948562752455473,0.0,27344.19921875
EleutherAI/pythia-70m,128,step128,70426624,6,8,68,4,5,0.006327654700726271,0.0,27344.19921875
EleutherAI/pythia-70m,128,step128,70426624,6,8,68,4,6,0.011094274930655956,0.0,27344.19921875
EleutherAI/pythia-70m,128,step128,70426624,6,8,68,4,7,0.013035207986831665,0.0,27344.19921875
EleutherAI/pythia-70m,128,step128,70426624,6,8,68,5,0,0.010663874447345734,0.0,27344.19921875
EleutherAI/pythia-70m,128,step128,70426624,6,8,68,5,1,0.010872581042349339,0.0,27344.19921875
EleutherAI/pythia-70m,128,step128,70426624,6,8,68,5,2,0.009071249514818192,0.0,27344.19921875
EleutherAI/pythia-70m,128,step128,70426624,6,8,68,5,3,0.010362420231103897,0.0,27344.19921875
EleutherAI/pythia-70m,128,step128,70426624,6,8,68,5,4,0.007896126247942448,0.0,27344.19921875
EleutherAI/pythia-70m,128,step128,70426624,6,8,68,5,5,0.010094854980707169,0.0,27344.19921875
EleutherAI/pythia-70m,128,step128,70426624,6,8,68,5,6,0.00802431721240282,0.0,27344.19921875
EleutherAI/pythia-70m,128,step128,70426624,6,8,68,5,7,0.006910173688083887,0.0,27344.19921875
EleutherAI/pythia-70m,128,step128,70426624,6,8,69,0,0,0.014588350430130959,0.0,24577.98046875
EleutherAI/pythia-70m,128,step128,70426624,6,8,69,0,1,0.015822675079107285,0.0,24577.98046875
EleutherAI/pythia-70m,128,step128,70426624,6,8,69,0,2,0.01239720731973648,0.0,24577.98046875
EleutherAI/pythia-70m,128,step128,70426624,6,8,69,0,3,0.013868684880435467,0.0,24577.98046875
EleutherAI/pythia-70m,128,step128,70426624,6,8,69,0,4,0.013727589510381222,0.0,24577.98046875
EleutherAI/pythia-70m,128,step128,70426624,6,8,69,0,5,0.013225365430116653,0.0,24577.98046875
EleutherAI/pythia-70m,128,step128,70426624,6,8,69,0,6,0.012897830456495285,0.0,24577.98046875
EleutherAI/pythia-70m,128,step128,70426624,6,8,69,0,7,0.013369777239859104,0.0,24577.98046875
EleutherAI/pythia-70m,128,step128,70426624,6,8,69,1,0,0.013489523902535439,0.0,24577.98046875
EleutherAI/pythia-70m,128,step128,70426624,6,8,69,1,1,0.014892034232616425,0.0,24577.98046875
EleutherAI/pythia-70m,128,step128,70426624,6,8,69,1,2,0.01199928019195795,0.0,24577.98046875
EleutherAI/pythia-70m,128,step128,70426624,6,8,69,1,3,0.012803287245333195,0.0,24577.98046875
EleutherAI/pythia-70m,128,step128,70426624,6,8,69,1,4,0.013155574910342693,0.0,24577.98046875
EleutherAI/pythia-70m,128,step128,70426624,6,8,69,1,5,0.013219769112765789,0.0,24577.98046875
EleutherAI/pythia-70m,128,step128,70426624,6,8,69,1,6,0.014390062540769577,0.0,24577.98046875
EleutherAI/pythia-70m,128,step128,70426624,6,8,69,1,7,0.013438979163765907,0.0,24577.98046875
EleutherAI/pythia-70m,128,step128,70426624,6,8,69,2,0,0.012621905654668808,0.0,24577.98046875
EleutherAI/pythia-70m,128,step128,70426624,6,8,69,2,1,0.014766979962587357,0.0,24577.98046875
EleutherAI/pythia-70m,128,step128,70426624,6,8,69,2,2,0.01303004939109087,0.0,24577.98046875
EleutherAI/pythia-70m,128,step128,70426624,6,8,69,2,3,0.01324433833360672,0.0,24577.98046875
EleutherAI/pythia-70m,128,step128,70426624,6,8,69,2,4,0.011972535401582718,0.0,24577.98046875
EleutherAI/pythia-70m,128,step128,70426624,6,8,69,2,5,0.013309047557413578,0.0,24577.98046875
EleutherAI/pythia-70m,128,step128,70426624,6,8,69,2,6,0.013858076184988022,0.0,24577.98046875
EleutherAI/pythia-70m,128,step128,70426624,6,8,69,2,7,0.013116908259689808,0.0,24577.98046875
EleutherAI/pythia-70m,128,step128,70426624,6,8,69,3,0,0.009542183950543404,0.0,24577.98046875
EleutherAI/pythia-70m,128,step128,70426624,6,8,69,3,1,0.012439966201782227,0.0,24577.98046875
EleutherAI/pythia-70m,128,step128,70426624,6,8,69,3,2,0.012770764529705048,0.0,24577.98046875
EleutherAI/pythia-70m,128,step128,70426624,6,8,69,3,3,0.014257719740271568,0.0,24577.98046875
EleutherAI/pythia-70m,128,step128,70426624,6,8,69,3,4,0.013675183989107609,0.0,24577.98046875
EleutherAI/pythia-70m,128,step128,70426624,6,8,69,3,5,0.012966597452759743,0.0,24577.98046875
EleutherAI/pythia-70m,128,step128,70426624,6,8,69,3,6,0.013954001478850842,0.0,24577.98046875
EleutherAI/pythia-70m,128,step128,70426624,6,8,69,3,7,0.01274208351969719,0.0,24577.98046875
EleutherAI/pythia-70m,128,step128,70426624,6,8,69,4,0,0.0099237821996212,0.0,24577.98046875
EleutherAI/pythia-70m,128,step128,70426624,6,8,69,4,1,0.009179448708891869,0.0,24577.98046875
EleutherAI/pythia-70m,128,step128,70426624,6,8,69,4,2,0.011324567720293999,0.0,24577.98046875
EleutherAI/pythia-70m,128,step128,70426624,6,8,69,4,3,0.013437245041131973,0.0,24577.98046875
EleutherAI/pythia-70m,128,step128,70426624,6,8,69,4,4,0.006994703318923712,0.0,24577.98046875
EleutherAI/pythia-70m,128,step128,70426624,6,8,69,4,5,0.0071947453543543816,0.0,24577.98046875
EleutherAI/pythia-70m,128,step128,70426624,6,8,69,4,6,0.012310938909649849,0.0,24577.98046875
EleutherAI/pythia-70m,128,step128,70426624,6,8,69,4,7,0.010743086226284504,0.0,24577.98046875
EleutherAI/pythia-70m,128,step128,70426624,6,8,69,5,0,0.008713465183973312,0.0,24577.98046875
EleutherAI/pythia-70m,128,step128,70426624,6,8,69,5,1,0.010122482664883137,0.0,24577.98046875
EleutherAI/pythia-70m,128,step128,70426624,6,8,69,5,2,0.00827525369822979,0.0,24577.98046875
EleutherAI/pythia-70m,128,step128,70426624,6,8,69,5,3,0.01259115245193243,0.0,24577.98046875
EleutherAI/pythia-70m,128,step128,70426624,6,8,69,5,4,0.009852923452854156,0.0,24577.98046875
EleutherAI/pythia-70m,128,step128,70426624,6,8,69,5,5,0.01011408306658268,0.0,24577.98046875
EleutherAI/pythia-70m,128,step128,70426624,6,8,69,5,6,0.008165903389453888,0.0,24577.98046875
EleutherAI/pythia-70m,128,step128,70426624,6,8,69,5,7,0.00752056110650301,0.0,24577.98046875
EleutherAI/pythia-70m,128,step128,70426624,6,8,70,0,0,0.01368666160851717,0.0,25411.3203125
EleutherAI/pythia-70m,128,step128,70426624,6,8,70,0,1,0.014714574441313744,0.0,25411.3203125
EleutherAI/pythia-70m,128,step128,70426624,6,8,70,0,2,0.014316917397081852,0.0,25411.3203125
EleutherAI/pythia-70m,128,step128,70426624,6,8,70,0,3,0.013750815764069557,0.0,25411.3203125
EleutherAI/pythia-70m,128,step128,70426624,6,8,70,0,4,0.014031467027962208,0.0,25411.3203125
EleutherAI/pythia-70m,128,step128,70426624,6,8,70,0,5,0.013767986558377743,0.0,25411.3203125
EleutherAI/pythia-70m,128,step128,70426624,6,8,70,0,6,0.012320451438426971,0.0,25411.3203125
EleutherAI/pythia-70m,128,step128,70426624,6,8,70,0,7,0.014638259075582027,0.0,25411.3203125
EleutherAI/pythia-70m,128,step128,70426624,6,8,70,1,0,0.013171892613172531,0.0,25411.3203125
EleutherAI/pythia-70m,128,step128,70426624,6,8,70,1,1,0.013368550688028336,0.0,25411.3203125
EleutherAI/pythia-70m,128,step128,70426624,6,8,70,1,2,0.012310854159295559,0.0,25411.3203125
EleutherAI/pythia-70m,128,step128,70426624,6,8,70,1,3,0.01445661298930645,0.0,25411.3203125
EleutherAI/pythia-70m,128,step128,70426624,6,8,70,1,4,0.012512220069766045,0.0,25411.3203125
EleutherAI/pythia-70m,128,step128,70426624,6,8,70,1,5,0.013166888616979122,0.0,25411.3203125
EleutherAI/pythia-70m,128,step128,70426624,6,8,70,1,6,0.012675046920776367,0.0,25411.3203125
EleutherAI/pythia-70m,128,step128,70426624,6,8,70,1,7,0.01594836637377739,0.0,25411.3203125
EleutherAI/pythia-70m,128,step128,70426624,6,8,70,2,0,0.010757521726191044,0.0,25411.3203125
EleutherAI/pythia-70m,128,step128,70426624,6,8,70,2,1,0.013281017541885376,0.0,25411.3203125
EleutherAI/pythia-70m,128,step128,70426624,6,8,70,2,2,0.015480724163353443,0.0,25411.3203125
EleutherAI/pythia-70m,128,step128,70426624,6,8,70,2,3,0.010283947922289371,0.0,25411.3203125
EleutherAI/pythia-70m,128,step128,70426624,6,8,70,2,4,0.012711290270090103,0.0,25411.3203125
EleutherAI/pythia-70m,128,step128,70426624,6,8,70,2,5,0.013419589027762413,0.0,25411.3203125
EleutherAI/pythia-70m,128,step128,70426624,6,8,70,2,6,0.013250730000436306,0.0,25411.3203125
EleutherAI/pythia-70m,128,step128,70426624,6,8,70,2,7,0.010454687289893627,0.0,25411.3203125
EleutherAI/pythia-70m,128,step128,70426624,6,8,70,3,0,0.010625115595757961,0.0,25411.3203125
EleutherAI/pythia-70m,128,step128,70426624,6,8,70,3,1,0.011652188375592232,0.0,25411.3203125
EleutherAI/pythia-70m,128,step128,70426624,6,8,70,3,2,0.011326070874929428,0.0,25411.3203125
EleutherAI/pythia-70m,128,step128,70426624,6,8,70,3,3,0.012898167595267296,0.0,25411.3203125
EleutherAI/pythia-70m,128,step128,70426624,6,8,70,3,4,0.013797659426927567,0.0,25411.3203125
EleutherAI/pythia-70m,128,step128,70426624,6,8,70,3,5,0.013990401290357113,0.0,25411.3203125
EleutherAI/pythia-70m,128,step128,70426624,6,8,70,3,6,0.012813662178814411,0.0,25411.3203125
EleutherAI/pythia-70m,128,step128,70426624,6,8,70,3,7,0.012713266536593437,0.0,25411.3203125
EleutherAI/pythia-70m,128,step128,70426624,6,8,70,4,0,0.010703070089221,0.0,25411.3203125
EleutherAI/pythia-70m,128,step128,70426624,6,8,70,4,1,0.00714664813131094,0.0,25411.3203125
EleutherAI/pythia-70m,128,step128,70426624,6,8,70,4,2,0.010373310185968876,0.0,25411.3203125
EleutherAI/pythia-70m,128,step128,70426624,6,8,70,4,3,0.01154371164739132,0.0,25411.3203125
EleutherAI/pythia-70m,128,step128,70426624,6,8,70,4,4,0.008420288562774658,0.0,25411.3203125
EleutherAI/pythia-70m,128,step128,70426624,6,8,70,4,5,0.006125348620116711,0.0,25411.3203125
EleutherAI/pythia-70m,128,step128,70426624,6,8,70,4,6,0.010731873102486134,0.0,25411.3203125
EleutherAI/pythia-70m,128,step128,70426624,6,8,70,4,7,0.01222037710249424,0.0,25411.3203125
EleutherAI/pythia-70m,128,step128,70426624,6,8,70,5,0,0.009847295470535755,0.0,25411.3203125
EleutherAI/pythia-70m,128,step128,70426624,6,8,70,5,1,0.010673511773347855,0.0,25411.3203125
EleutherAI/pythia-70m,128,step128,70426624,6,8,70,5,2,0.010232171043753624,0.0,25411.3203125
EleutherAI/pythia-70m,128,step128,70426624,6,8,70,5,3,0.009037383832037449,0.0,25411.3203125
EleutherAI/pythia-70m,128,step128,70426624,6,8,70,5,4,0.008244091644883156,0.0,25411.3203125
EleutherAI/pythia-70m,128,step128,70426624,6,8,70,5,5,0.010634785518050194,0.0,25411.3203125
EleutherAI/pythia-70m,128,step128,70426624,6,8,70,5,6,0.009002997539937496,0.0,25411.3203125
EleutherAI/pythia-70m,128,step128,70426624,6,8,70,5,7,0.007626314181834459,0.0,25411.3203125
EleutherAI/pythia-70m,128,step128,70426624,6,8,71,0,0,0.01431669108569622,0.0,25701.740234375
EleutherAI/pythia-70m,128,step128,70426624,6,8,71,0,1,0.013911650516092777,0.0,25701.740234375
EleutherAI/pythia-70m,128,step128,70426624,6,8,71,0,2,0.014278366230428219,0.0,25701.740234375
EleutherAI/pythia-70m,128,step128,70426624,6,8,71,0,3,0.012750877998769283,0.0,25701.740234375
EleutherAI/pythia-70m,128,step128,70426624,6,8,71,0,4,0.013924509286880493,0.0,25701.740234375
EleutherAI/pythia-70m,128,step128,70426624,6,8,71,0,5,0.012804916128516197,0.0,25701.740234375
EleutherAI/pythia-70m,128,step128,70426624,6,8,71,0,6,0.013616613112390041,0.0,25701.740234375
EleutherAI/pythia-70m,128,step128,70426624,6,8,71,0,7,0.013617894612252712,0.0,25701.740234375
EleutherAI/pythia-70m,128,step128,70426624,6,8,71,1,0,0.011417095549404621,0.0,25701.740234375
EleutherAI/pythia-70m,128,step128,70426624,6,8,71,1,1,0.015097144059836864,0.0,25701.740234375
EleutherAI/pythia-70m,128,step128,70426624,6,8,71,1,2,0.012313523329794407,0.0,25701.740234375
EleutherAI/pythia-70m,128,step128,70426624,6,8,71,1,3,0.012846652418375015,0.0,25701.740234375
EleutherAI/pythia-70m,128,step128,70426624,6,8,71,1,4,0.012108862400054932,0.0,25701.740234375
EleutherAI/pythia-70m,128,step128,70426624,6,8,71,1,5,0.01370251178741455,0.0,25701.740234375
EleutherAI/pythia-70m,128,step128,70426624,6,8,71,1,6,0.014812511391937733,0.0,25701.740234375
EleutherAI/pythia-70m,128,step128,70426624,6,8,71,1,7,0.012851450592279434,0.0,25701.740234375
EleutherAI/pythia-70m,128,step128,70426624,6,8,71,2,0,0.01095614954829216,0.0,25701.740234375
EleutherAI/pythia-70m,128,step128,70426624,6,8,71,2,1,0.012933938764035702,0.0,25701.740234375
EleutherAI/pythia-70m,128,step128,70426624,6,8,71,2,2,0.013592901639640331,0.0,25701.740234375
EleutherAI/pythia-70m,128,step128,70426624,6,8,71,2,3,0.011028829962015152,0.0,25701.740234375
EleutherAI/pythia-70m,128,step128,70426624,6,8,71,2,4,0.011859118938446045,0.0,25701.740234375
EleutherAI/pythia-70m,128,step128,70426624,6,8,71,2,5,0.01465157512575388,0.0,25701.740234375
EleutherAI/pythia-70m,128,step128,70426624,6,8,71,2,6,0.013918003998696804,0.0,25701.740234375
EleutherAI/pythia-70m,128,step128,70426624,6,8,71,2,7,0.012250252068042755,0.0,25701.740234375
EleutherAI/pythia-70m,128,step128,70426624,6,8,71,3,0,0.010472501628100872,0.0,25701.740234375
EleutherAI/pythia-70m,128,step128,70426624,6,8,71,3,1,0.014711529947817326,0.0,25701.740234375
EleutherAI/pythia-70m,128,step128,70426624,6,8,71,3,2,0.011383255943655968,0.0,25701.740234375
EleutherAI/pythia-70m,128,step128,70426624,6,8,71,3,3,0.011816046200692654,0.0,25701.740234375
EleutherAI/pythia-70m,128,step128,70426624,6,8,71,3,4,0.01614982634782791,0.0,25701.740234375
EleutherAI/pythia-70m,128,step128,70426624,6,8,71,3,5,0.012550410814583302,0.0,25701.740234375
EleutherAI/pythia-70m,128,step128,70426624,6,8,71,3,6,0.01180684007704258,0.0,25701.740234375
EleutherAI/pythia-70m,128,step128,70426624,6,8,71,3,7,0.013075415045022964,0.0,25701.740234375
EleutherAI/pythia-70m,128,step128,70426624,6,8,71,4,0,0.010014458559453487,0.0,25701.740234375
EleutherAI/pythia-70m,128,step128,70426624,6,8,71,4,1,0.0072725433856248856,0.0,25701.740234375
EleutherAI/pythia-70m,128,step128,70426624,6,8,71,4,2,0.013730818405747414,0.0,25701.740234375
EleutherAI/pythia-70m,128,step128,70426624,6,8,71,4,3,0.01215379498898983,0.0,25701.740234375
EleutherAI/pythia-70m,128,step128,70426624,6,8,71,4,4,0.008055545389652252,0.0,25701.740234375
EleutherAI/pythia-70m,128,step128,70426624,6,8,71,4,5,0.006838856730610132,0.0,25701.740234375
EleutherAI/pythia-70m,128,step128,70426624,6,8,71,4,6,0.01256432756781578,0.0,25701.740234375
EleutherAI/pythia-70m,128,step128,70426624,6,8,71,4,7,0.011361110024154186,0.0,25701.740234375
EleutherAI/pythia-70m,128,step128,70426624,6,8,71,5,0,0.011264321394264698,0.0,25701.740234375
EleutherAI/pythia-70m,128,step128,70426624,6,8,71,5,1,0.012057710438966751,0.0,25701.740234375
EleutherAI/pythia-70m,128,step128,70426624,6,8,71,5,2,0.00797274149954319,0.0,25701.740234375
EleutherAI/pythia-70m,128,step128,70426624,6,8,71,5,3,0.012786668725311756,0.0,25701.740234375
EleutherAI/pythia-70m,128,step128,70426624,6,8,71,5,4,0.009886384010314941,0.0,25701.740234375
EleutherAI/pythia-70m,128,step128,70426624,6,8,71,5,5,0.009734169580042362,0.0,25701.740234375
EleutherAI/pythia-70m,128,step128,70426624,6,8,71,5,6,0.008640809915959835,0.0,25701.740234375
EleutherAI/pythia-70m,128,step128,70426624,6,8,71,5,7,0.008395790122449398,0.0,25701.740234375
EleutherAI/pythia-70m,128,step128,70426624,6,8,72,0,0,0.01461033709347248,0.0,26978.33984375
EleutherAI/pythia-70m,128,step128,70426624,6,8,72,0,1,0.013708876445889473,0.0,26978.33984375
EleutherAI/pythia-70m,128,step128,70426624,6,8,72,0,2,0.012462832033634186,0.0,26978.33984375
EleutherAI/pythia-70m,128,step128,70426624,6,8,72,0,3,0.012601325288414955,0.0,26978.33984375
EleutherAI/pythia-70m,128,step128,70426624,6,8,72,0,4,0.012930309399962425,0.0,26978.33984375
EleutherAI/pythia-70m,128,step128,70426624,6,8,72,0,5,0.014456791803240776,0.0,26978.33984375
EleutherAI/pythia-70m,128,step128,70426624,6,8,72,0,6,0.012739360332489014,0.0,26978.33984375
EleutherAI/pythia-70m,128,step128,70426624,6,8,72,0,7,0.012935847043991089,0.0,26978.33984375
EleutherAI/pythia-70m,128,step128,70426624,6,8,72,1,0,0.010830510407686234,0.0,26978.33984375
EleutherAI/pythia-70m,128,step128,70426624,6,8,72,1,1,0.01264509093016386,0.0,26978.33984375
EleutherAI/pythia-70m,128,step128,70426624,6,8,72,1,2,0.01364663615822792,0.0,26978.33984375
EleutherAI/pythia-70m,128,step128,70426624,6,8,72,1,3,0.013428761623799801,0.0,26978.33984375
EleutherAI/pythia-70m,128,step128,70426624,6,8,72,1,4,0.01316135749220848,0.0,26978.33984375
EleutherAI/pythia-70m,128,step128,70426624,6,8,72,1,5,0.013237901031970978,0.0,26978.33984375
EleutherAI/pythia-70m,128,step128,70426624,6,8,72,1,6,0.01570511981844902,0.0,26978.33984375
EleutherAI/pythia-70m,128,step128,70426624,6,8,72,1,7,0.013311208225786686,0.0,26978.33984375
EleutherAI/pythia-70m,128,step128,70426624,6,8,72,2,0,0.011854219250380993,0.0,26978.33984375
EleutherAI/pythia-70m,128,step128,70426624,6,8,72,2,1,0.012189413420855999,0.0,26978.33984375
EleutherAI/pythia-70m,128,step128,70426624,6,8,72,2,2,0.01316902320832014,0.0,26978.33984375
EleutherAI/pythia-70m,128,step128,70426624,6,8,72,2,3,0.011744458228349686,0.0,26978.33984375
EleutherAI/pythia-70m,128,step128,70426624,6,8,72,2,4,0.011674442328512669,0.0,26978.33984375
EleutherAI/pythia-70m,128,step128,70426624,6,8,72,2,5,0.015340231359004974,0.0,26978.33984375
EleutherAI/pythia-70m,128,step128,70426624,6,8,72,2,6,0.012761588208377361,0.0,26978.33984375
EleutherAI/pythia-70m,128,step128,70426624,6,8,72,2,7,0.013271360658109188,0.0,26978.33984375
EleutherAI/pythia-70m,128,step128,70426624,6,8,72,3,0,0.011360014788806438,0.0,26978.33984375
EleutherAI/pythia-70m,128,step128,70426624,6,8,72,3,1,0.012813291512429714,0.0,26978.33984375
EleutherAI/pythia-70m,128,step128,70426624,6,8,72,3,2,0.013518750667572021,0.0,26978.33984375
EleutherAI/pythia-70m,128,step128,70426624,6,8,72,3,3,0.013937495648860931,0.0,26978.33984375
EleutherAI/pythia-70m,128,step128,70426624,6,8,72,3,4,0.014142568223178387,0.0,26978.33984375
EleutherAI/pythia-70m,128,step128,70426624,6,8,72,3,5,0.015333909541368484,0.0,26978.33984375
EleutherAI/pythia-70m,128,step128,70426624,6,8,72,3,6,0.01346861943602562,0.0,26978.33984375
EleutherAI/pythia-70m,128,step128,70426624,6,8,72,3,7,0.015199946239590645,0.0,26978.33984375
EleutherAI/pythia-70m,128,step128,70426624,6,8,72,4,0,0.010390150360763073,0.0,26978.33984375
EleutherAI/pythia-70m,128,step128,70426624,6,8,72,4,1,0.007854043506085873,0.0,26978.33984375
EleutherAI/pythia-70m,128,step128,70426624,6,8,72,4,2,0.012088371440768242,0.0,26978.33984375
EleutherAI/pythia-70m,128,step128,70426624,6,8,72,4,3,0.013223652727901936,0.0,26978.33984375
EleutherAI/pythia-70m,128,step128,70426624,6,8,72,4,4,0.009622644633054733,0.0,26978.33984375
EleutherAI/pythia-70m,128,step128,70426624,6,8,72,4,5,0.006572345271706581,0.0,26978.33984375
EleutherAI/pythia-70m,128,step128,70426624,6,8,72,4,6,0.013506097719073296,0.0,26978.33984375
EleutherAI/pythia-70m,128,step128,70426624,6,8,72,4,7,0.010633476078510284,0.0,26978.33984375
EleutherAI/pythia-70m,128,step128,70426624,6,8,72,5,0,0.011072474531829357,0.0,26978.33984375
EleutherAI/pythia-70m,128,step128,70426624,6,8,72,5,1,0.012143727391958237,0.0,26978.33984375
EleutherAI/pythia-70m,128,step128,70426624,6,8,72,5,2,0.00887537281960249,0.0,26978.33984375
EleutherAI/pythia-70m,128,step128,70426624,6,8,72,5,3,0.012015420943498611,0.0,26978.33984375
EleutherAI/pythia-70m,128,step128,70426624,6,8,72,5,4,0.007808505091816187,0.0,26978.33984375
EleutherAI/pythia-70m,128,step128,70426624,6,8,72,5,5,0.010567734017968178,0.0,26978.33984375
EleutherAI/pythia-70m,128,step128,70426624,6,8,72,5,6,0.0076827434822916985,0.0,26978.33984375
EleutherAI/pythia-70m,128,step128,70426624,6,8,72,5,7,0.007207133807241917,0.0,26978.33984375
EleutherAI/pythia-70m,128,step128,70426624,6,8,73,0,0,0.015266632661223412,0.0,24036.6796875
EleutherAI/pythia-70m,128,step128,70426624,6,8,73,0,1,0.012739544734358788,0.0,24036.6796875
EleutherAI/pythia-70m,128,step128,70426624,6,8,73,0,2,0.013465065509080887,0.0,24036.6796875
EleutherAI/pythia-70m,128,step128,70426624,6,8,73,0,3,0.012783508747816086,0.0,24036.6796875
EleutherAI/pythia-70m,128,step128,70426624,6,8,73,0,4,0.013610459864139557,0.0,24036.6796875
EleutherAI/pythia-70m,128,step128,70426624,6,8,73,0,5,0.014162342995405197,0.0,24036.6796875
EleutherAI/pythia-70m,128,step128,70426624,6,8,73,0,6,0.013118830509483814,0.0,24036.6796875
EleutherAI/pythia-70m,128,step128,70426624,6,8,73,0,7,0.012810311280190945,0.0,24036.6796875
EleutherAI/pythia-70m,128,step128,70426624,6,8,73,1,0,0.012967908754944801,0.0,24036.6796875
EleutherAI/pythia-70m,128,step128,70426624,6,8,73,1,1,0.013224432244896889,0.0,24036.6796875
EleutherAI/pythia-70m,128,step128,70426624,6,8,73,1,2,0.013719797134399414,0.0,24036.6796875
EleutherAI/pythia-70m,128,step128,70426624,6,8,73,1,3,0.01282891072332859,0.0,24036.6796875
EleutherAI/pythia-70m,128,step128,70426624,6,8,73,1,4,0.012967164628207684,0.0,24036.6796875
EleutherAI/pythia-70m,128,step128,70426624,6,8,73,1,5,0.0137392058968544,0.0,24036.6796875
EleutherAI/pythia-70m,128,step128,70426624,6,8,73,1,6,0.012796414084732533,0.0,24036.6796875
EleutherAI/pythia-70m,128,step128,70426624,6,8,73,1,7,0.012255387380719185,0.0,24036.6796875
EleutherAI/pythia-70m,128,step128,70426624,6,8,73,2,0,0.010287952609360218,0.0,24036.6796875
EleutherAI/pythia-70m,128,step128,70426624,6,8,73,2,1,0.013874590396881104,0.0,24036.6796875
EleutherAI/pythia-70m,128,step128,70426624,6,8,73,2,2,0.012499023228883743,0.0,24036.6796875
EleutherAI/pythia-70m,128,step128,70426624,6,8,73,2,3,0.010653598234057426,0.0,24036.6796875
EleutherAI/pythia-70m,128,step128,70426624,6,8,73,2,4,0.01183729525655508,0.0,24036.6796875
EleutherAI/pythia-70m,128,step128,70426624,6,8,73,2,5,0.014079367741942406,0.0,24036.6796875
EleutherAI/pythia-70m,128,step128,70426624,6,8,73,2,6,0.012052497826516628,0.0,24036.6796875
EleutherAI/pythia-70m,128,step128,70426624,6,8,73,2,7,0.013733949512243271,0.0,24036.6796875
EleutherAI/pythia-70m,128,step128,70426624,6,8,73,3,0,0.009661303833127022,0.0,24036.6796875
EleutherAI/pythia-70m,128,step128,70426624,6,8,73,3,1,0.010883531533181667,0.0,24036.6796875
EleutherAI/pythia-70m,128,step128,70426624,6,8,73,3,2,0.01056414470076561,0.0,24036.6796875
EleutherAI/pythia-70m,128,step128,70426624,6,8,73,3,3,0.012506318278610706,0.0,24036.6796875
EleutherAI/pythia-70m,128,step128,70426624,6,8,73,3,4,0.01411658525466919,0.0,24036.6796875
EleutherAI/pythia-70m,128,step128,70426624,6,8,73,3,5,0.014849042519927025,0.0,24036.6796875
EleutherAI/pythia-70m,128,step128,70426624,6,8,73,3,6,0.013349159620702267,0.0,24036.6796875
EleutherAI/pythia-70m,128,step128,70426624,6,8,73,3,7,0.011599025689065456,0.0,24036.6796875
EleutherAI/pythia-70m,128,step128,70426624,6,8,73,4,0,0.009123971685767174,0.0,24036.6796875
EleutherAI/pythia-70m,128,step128,70426624,6,8,73,4,1,0.007177540101110935,0.0,24036.6796875
EleutherAI/pythia-70m,128,step128,70426624,6,8,73,4,2,0.010736716911196709,0.0,24036.6796875
EleutherAI/pythia-70m,128,step128,70426624,6,8,73,4,3,0.012300143018364906,0.0,24036.6796875
EleutherAI/pythia-70m,128,step128,70426624,6,8,73,4,4,0.0062255156226456165,0.0,24036.6796875
EleutherAI/pythia-70m,128,step128,70426624,6,8,73,4,5,0.007323322352021933,0.0,24036.6796875
EleutherAI/pythia-70m,128,step128,70426624,6,8,73,4,6,0.01261217799037695,0.0,24036.6796875
EleutherAI/pythia-70m,128,step128,70426624,6,8,73,4,7,0.011854108422994614,0.0,24036.6796875
EleutherAI/pythia-70m,128,step128,70426624,6,8,73,5,0,0.009841927327215672,0.0,24036.6796875
EleutherAI/pythia-70m,128,step128,70426624,6,8,73,5,1,0.0097233010455966,0.0,24036.6796875
EleutherAI/pythia-70m,128,step128,70426624,6,8,73,5,2,0.008961374871432781,0.0,24036.6796875
EleutherAI/pythia-70m,128,step128,70426624,6,8,73,5,3,0.009310386143624783,0.0,24036.6796875
EleutherAI/pythia-70m,128,step128,70426624,6,8,73,5,4,0.007531061302870512,0.0,24036.6796875
EleutherAI/pythia-70m,128,step128,70426624,6,8,73,5,5,0.01007811352610588,0.0,24036.6796875
EleutherAI/pythia-70m,128,step128,70426624,6,8,73,5,6,0.006917757913470268,0.0,24036.6796875
EleutherAI/pythia-70m,128,step128,70426624,6,8,73,5,7,0.0063240439631044865,0.0,24036.6796875
EleutherAI/pythia-70m,128,step128,70426624,6,8,74,0,0,0.013199212960898876,0.0,28965.6796875
EleutherAI/pythia-70m,128,step128,70426624,6,8,74,0,1,0.013656556606292725,0.0,28965.6796875
EleutherAI/pythia-70m,128,step128,70426624,6,8,74,0,2,0.01282875332981348,0.0,28965.6796875
EleutherAI/pythia-70m,128,step128,70426624,6,8,74,0,3,0.013629350811243057,0.0,28965.6796875
EleutherAI/pythia-70m,128,step128,70426624,6,8,74,0,4,0.012789654545485973,0.0,28965.6796875
EleutherAI/pythia-70m,128,step128,70426624,6,8,74,0,5,0.013430200517177582,0.0,28965.6796875
EleutherAI/pythia-70m,128,step128,70426624,6,8,74,0,6,0.014695337042212486,0.0,28965.6796875
EleutherAI/pythia-70m,128,step128,70426624,6,8,74,0,7,0.014221220277249813,0.0,28965.6796875
EleutherAI/pythia-70m,128,step128,70426624,6,8,74,1,0,0.011451585218310356,0.0,28965.6796875
EleutherAI/pythia-70m,128,step128,70426624,6,8,74,1,1,0.013617000542581081,0.0,28965.6796875
EleutherAI/pythia-70m,128,step128,70426624,6,8,74,1,2,0.014263537712395191,0.0,28965.6796875
EleutherAI/pythia-70m,128,step128,70426624,6,8,74,1,3,0.012526487931609154,0.0,28965.6796875
EleutherAI/pythia-70m,128,step128,70426624,6,8,74,1,4,0.01218432653695345,0.0,28965.6796875
EleutherAI/pythia-70m,128,step128,70426624,6,8,74,1,5,0.013023095205426216,0.0,28965.6796875
EleutherAI/pythia-70m,128,step128,70426624,6,8,74,1,6,0.01376685593277216,0.0,28965.6796875
EleutherAI/pythia-70m,128,step128,70426624,6,8,74,1,7,0.014378261752426624,0.0,28965.6796875
EleutherAI/pythia-70m,128,step128,70426624,6,8,74,2,0,0.01075090654194355,0.0,28965.6796875
EleutherAI/pythia-70m,128,step128,70426624,6,8,74,2,1,0.014877106994390488,0.0,28965.6796875
EleutherAI/pythia-70m,128,step128,70426624,6,8,74,2,2,0.014642007648944855,0.0,28965.6796875
EleutherAI/pythia-70m,128,step128,70426624,6,8,74,2,3,0.01133088581264019,0.0,28965.6796875
EleutherAI/pythia-70m,128,step128,70426624,6,8,74,2,4,0.013198819011449814,0.0,28965.6796875
EleutherAI/pythia-70m,128,step128,70426624,6,8,74,2,5,0.013254396617412567,0.0,28965.6796875
EleutherAI/pythia-70m,128,step128,70426624,6,8,74,2,6,0.0153554892167449,0.0,28965.6796875
EleutherAI/pythia-70m,128,step128,70426624,6,8,74,2,7,0.012973963283002377,0.0,28965.6796875
EleutherAI/pythia-70m,128,step128,70426624,6,8,74,3,0,0.010897853411734104,0.0,28965.6796875
EleutherAI/pythia-70m,128,step128,70426624,6,8,74,3,1,0.012812498956918716,0.0,28965.6796875
EleutherAI/pythia-70m,128,step128,70426624,6,8,74,3,2,0.011901230551302433,0.0,28965.6796875
EleutherAI/pythia-70m,128,step128,70426624,6,8,74,3,3,0.013765940442681313,0.0,28965.6796875
EleutherAI/pythia-70m,128,step128,70426624,6,8,74,3,4,0.014486954547464848,0.0,28965.6796875
EleutherAI/pythia-70m,128,step128,70426624,6,8,74,3,5,0.012176194228231907,0.0,28965.6796875
EleutherAI/pythia-70m,128,step128,70426624,6,8,74,3,6,0.011633136309683323,0.0,28965.6796875
EleutherAI/pythia-70m,128,step128,70426624,6,8,74,3,7,0.013415336608886719,0.0,28965.6796875
EleutherAI/pythia-70m,128,step128,70426624,6,8,74,4,0,0.00846349447965622,0.0,28965.6796875
EleutherAI/pythia-70m,128,step128,70426624,6,8,74,4,1,0.007893177680671215,0.0,28965.6796875
EleutherAI/pythia-70m,128,step128,70426624,6,8,74,4,2,0.012432873249053955,0.0,28965.6796875
EleutherAI/pythia-70m,128,step128,70426624,6,8,74,4,3,0.012352833524346352,0.0,28965.6796875
EleutherAI/pythia-70m,128,step128,70426624,6,8,74,4,4,0.007132505998015404,0.0,28965.6796875
EleutherAI/pythia-70m,128,step128,70426624,6,8,74,4,5,0.006382893305271864,0.0,28965.6796875
EleutherAI/pythia-70m,128,step128,70426624,6,8,74,4,6,0.011143021285533905,0.0,28965.6796875
EleutherAI/pythia-70m,128,step128,70426624,6,8,74,4,7,0.010647348128259182,0.0,28965.6796875
EleutherAI/pythia-70m,128,step128,70426624,6,8,74,5,0,0.008958530612289906,0.0,28965.6796875
EleutherAI/pythia-70m,128,step128,70426624,6,8,74,5,1,0.009381535463035107,0.0,28965.6796875
EleutherAI/pythia-70m,128,step128,70426624,6,8,74,5,2,0.010603794828057289,0.0,28965.6796875
EleutherAI/pythia-70m,128,step128,70426624,6,8,74,5,3,0.012225210666656494,0.0,28965.6796875
EleutherAI/pythia-70m,128,step128,70426624,6,8,74,5,4,0.007971948012709618,0.0,28965.6796875
EleutherAI/pythia-70m,128,step128,70426624,6,8,74,5,5,0.010357102379202843,0.0,28965.6796875
EleutherAI/pythia-70m,128,step128,70426624,6,8,74,5,6,0.007776474580168724,0.0,28965.6796875
EleutherAI/pythia-70m,128,step128,70426624,6,8,74,5,7,0.00631424505263567,0.0,28965.6796875
EleutherAI/pythia-70m,128,step128,70426624,6,8,75,0,0,0.013131904415786266,0.0,27081.33984375
EleutherAI/pythia-70m,128,step128,70426624,6,8,75,0,1,0.014716541394591331,0.0,27081.33984375
EleutherAI/pythia-70m,128,step128,70426624,6,8,75,0,2,0.012260428629815578,0.0,27081.33984375
EleutherAI/pythia-70m,128,step128,70426624,6,8,75,0,3,0.013849353417754173,0.0,27081.33984375
EleutherAI/pythia-70m,128,step128,70426624,6,8,75,0,4,0.013083658181130886,0.0,27081.33984375
EleutherAI/pythia-70m,128,step128,70426624,6,8,75,0,5,0.013652290217578411,0.0,27081.33984375
EleutherAI/pythia-70m,128,step128,70426624,6,8,75,0,6,0.015126576647162437,0.0,27081.33984375
EleutherAI/pythia-70m,128,step128,70426624,6,8,75,0,7,0.012966061942279339,0.0,27081.33984375
EleutherAI/pythia-70m,128,step128,70426624,6,8,75,1,0,0.01457412913441658,0.0,27081.33984375
EleutherAI/pythia-70m,128,step128,70426624,6,8,75,1,1,0.014864886179566383,0.0,27081.33984375
EleutherAI/pythia-70m,128,step128,70426624,6,8,75,1,2,0.01164377573877573,0.0,27081.33984375
EleutherAI/pythia-70m,128,step128,70426624,6,8,75,1,3,0.013761968351900578,0.0,27081.33984375
EleutherAI/pythia-70m,128,step128,70426624,6,8,75,1,4,0.012490186840295792,0.0,27081.33984375
EleutherAI/pythia-70m,128,step128,70426624,6,8,75,1,5,0.01252691075205803,0.0,27081.33984375
EleutherAI/pythia-70m,128,step128,70426624,6,8,75,1,6,0.013634727336466312,0.0,27081.33984375
EleutherAI/pythia-70m,128,step128,70426624,6,8,75,1,7,0.014085880480706692,0.0,27081.33984375
EleutherAI/pythia-70m,128,step128,70426624,6,8,75,2,0,0.010889184661209583,0.0,27081.33984375
EleutherAI/pythia-70m,128,step128,70426624,6,8,75,2,1,0.013444241136312485,0.0,27081.33984375
EleutherAI/pythia-70m,128,step128,70426624,6,8,75,2,2,0.012765664607286453,0.0,27081.33984375
EleutherAI/pythia-70m,128,step128,70426624,6,8,75,2,3,0.01007450744509697,0.0,27081.33984375
EleutherAI/pythia-70m,128,step128,70426624,6,8,75,2,4,0.014422123320400715,0.0,27081.33984375
EleutherAI/pythia-70m,128,step128,70426624,6,8,75,2,5,0.013630461879074574,0.0,27081.33984375
EleutherAI/pythia-70m,128,step128,70426624,6,8,75,2,6,0.013766782358288765,0.0,27081.33984375
EleutherAI/pythia-70m,128,step128,70426624,6,8,75,2,7,0.013128271326422691,0.0,27081.33984375
EleutherAI/pythia-70m,128,step128,70426624,6,8,75,3,0,0.010766496881842613,0.0,27081.33984375
EleutherAI/pythia-70m,128,step128,70426624,6,8,75,3,1,0.014779303222894669,0.0,27081.33984375
EleutherAI/pythia-70m,128,step128,70426624,6,8,75,3,2,0.012654909864068031,0.0,27081.33984375
EleutherAI/pythia-70m,128,step128,70426624,6,8,75,3,3,0.014198489487171173,0.0,27081.33984375
EleutherAI/pythia-70m,128,step128,70426624,6,8,75,3,4,0.01545978058129549,0.0,27081.33984375
EleutherAI/pythia-70m,128,step128,70426624,6,8,75,3,5,0.013672249391674995,0.0,27081.33984375
EleutherAI/pythia-70m,128,step128,70426624,6,8,75,3,6,0.012139745056629181,0.0,27081.33984375
EleutherAI/pythia-70m,128,step128,70426624,6,8,75,3,7,0.01140422560274601,0.0,27081.33984375
EleutherAI/pythia-70m,128,step128,70426624,6,8,75,4,0,0.01083396002650261,0.0,27081.33984375
EleutherAI/pythia-70m,128,step128,70426624,6,8,75,4,1,0.008425905369222164,0.0,27081.33984375
EleutherAI/pythia-70m,128,step128,70426624,6,8,75,4,2,0.01429896429181099,0.0,27081.33984375
EleutherAI/pythia-70m,128,step128,70426624,6,8,75,4,3,0.011552350595593452,0.0,27081.33984375
EleutherAI/pythia-70m,128,step128,70426624,6,8,75,4,4,0.006920926738530397,0.0,27081.33984375
EleutherAI/pythia-70m,128,step128,70426624,6,8,75,4,5,0.007118376437574625,0.0,27081.33984375
EleutherAI/pythia-70m,128,step128,70426624,6,8,75,4,6,0.011794066056609154,0.0,27081.33984375
EleutherAI/pythia-70m,128,step128,70426624,6,8,75,4,7,0.010553893633186817,0.0,27081.33984375
EleutherAI/pythia-70m,128,step128,70426624,6,8,75,5,0,0.00936542171984911,0.0,27081.33984375
EleutherAI/pythia-70m,128,step128,70426624,6,8,75,5,1,0.010964133776724339,0.0,27081.33984375
EleutherAI/pythia-70m,128,step128,70426624,6,8,75,5,2,0.0106264129281044,0.0,27081.33984375
EleutherAI/pythia-70m,128,step128,70426624,6,8,75,5,3,0.01056089997291565,0.0,27081.33984375
EleutherAI/pythia-70m,128,step128,70426624,6,8,75,5,4,0.006867464166134596,0.0,27081.33984375
EleutherAI/pythia-70m,128,step128,70426624,6,8,75,5,5,0.010040419176220894,0.0,27081.33984375
EleutherAI/pythia-70m,128,step128,70426624,6,8,75,5,6,0.007041627075523138,0.0,27081.33984375
EleutherAI/pythia-70m,128,step128,70426624,6,8,75,5,7,0.0057787164114415646,0.0,27081.33984375
EleutherAI/pythia-70m,128,step128,70426624,6,8,76,0,0,0.014115146361291409,0.0,25532.98046875
EleutherAI/pythia-70m,128,step128,70426624,6,8,76,0,1,0.015157980844378471,0.0,25532.98046875
EleutherAI/pythia-70m,128,step128,70426624,6,8,76,0,2,0.014001968316733837,0.0,25532.98046875
EleutherAI/pythia-70m,128,step128,70426624,6,8,76,0,3,0.014027462340891361,0.0,25532.98046875
EleutherAI/pythia-70m,128,step128,70426624,6,8,76,0,4,0.013190745376050472,0.0,25532.98046875
EleutherAI/pythia-70m,128,step128,70426624,6,8,76,0,5,0.014082483947277069,0.0,25532.98046875
EleutherAI/pythia-70m,128,step128,70426624,6,8,76,0,6,0.014963623136281967,0.0,25532.98046875
EleutherAI/pythia-70m,128,step128,70426624,6,8,76,0,7,0.013620536774396896,0.0,25532.98046875
EleutherAI/pythia-70m,128,step128,70426624,6,8,76,1,0,0.012052170932292938,0.0,25532.98046875
EleutherAI/pythia-70m,128,step128,70426624,6,8,76,1,1,0.0135189862921834,0.0,25532.98046875
EleutherAI/pythia-70m,128,step128,70426624,6,8,76,1,2,0.014091573655605316,0.0,25532.98046875
EleutherAI/pythia-70m,128,step128,70426624,6,8,76,1,3,0.012103032320737839,0.0,25532.98046875
EleutherAI/pythia-70m,128,step128,70426624,6,8,76,1,4,0.012442996725440025,0.0,25532.98046875
EleutherAI/pythia-70m,128,step128,70426624,6,8,76,1,5,0.01285788044333458,0.0,25532.98046875
EleutherAI/pythia-70m,128,step128,70426624,6,8,76,1,6,0.013821756467223167,0.0,25532.98046875
EleutherAI/pythia-70m,128,step128,70426624,6,8,76,1,7,0.012667674571275711,0.0,25532.98046875
EleutherAI/pythia-70m,128,step128,70426624,6,8,76,2,0,0.011230436153709888,0.0,25532.98046875
EleutherAI/pythia-70m,128,step128,70426624,6,8,76,2,1,0.01280582882463932,0.0,25532.98046875
EleutherAI/pythia-70m,128,step128,70426624,6,8,76,2,2,0.014475835487246513,0.0,25532.98046875
EleutherAI/pythia-70m,128,step128,70426624,6,8,76,2,3,0.010848036035895348,0.0,25532.98046875
EleutherAI/pythia-70m,128,step128,70426624,6,8,76,2,4,0.012674090452492237,0.0,25532.98046875
EleutherAI/pythia-70m,128,step128,70426624,6,8,76,2,5,0.014159687794744968,0.0,25532.98046875
EleutherAI/pythia-70m,128,step128,70426624,6,8,76,2,6,0.014603190124034882,0.0,25532.98046875
EleutherAI/pythia-70m,128,step128,70426624,6,8,76,2,7,0.011006577871739864,0.0,25532.98046875
EleutherAI/pythia-70m,128,step128,70426624,6,8,76,3,0,0.01283794641494751,0.0,25532.98046875
EleutherAI/pythia-70m,128,step128,70426624,6,8,76,3,1,0.013981864787638187,0.0,25532.98046875
EleutherAI/pythia-70m,128,step128,70426624,6,8,76,3,2,0.012097248807549477,0.0,25532.98046875
EleutherAI/pythia-70m,128,step128,70426624,6,8,76,3,3,0.012020076625049114,0.0,25532.98046875
EleutherAI/pythia-70m,128,step128,70426624,6,8,76,3,4,0.013931844383478165,0.0,25532.98046875
EleutherAI/pythia-70m,128,step128,70426624,6,8,76,3,5,0.015142039395868778,0.0,25532.98046875
EleutherAI/pythia-70m,128,step128,70426624,6,8,76,3,6,0.012754784896969795,0.0,25532.98046875
EleutherAI/pythia-70m,128,step128,70426624,6,8,76,3,7,0.012090282514691353,0.0,25532.98046875
EleutherAI/pythia-70m,128,step128,70426624,6,8,76,4,0,0.010931193828582764,0.0,25532.98046875
EleutherAI/pythia-70m,128,step128,70426624,6,8,76,4,1,0.007673459127545357,0.0,25532.98046875
EleutherAI/pythia-70m,128,step128,70426624,6,8,76,4,2,0.016342081129550934,0.0,25532.98046875
EleutherAI/pythia-70m,128,step128,70426624,6,8,76,4,3,0.012687955982983112,0.0,25532.98046875
EleutherAI/pythia-70m,128,step128,70426624,6,8,76,4,4,0.007933715358376503,0.0,25532.98046875
EleutherAI/pythia-70m,128,step128,70426624,6,8,76,4,5,0.006001840811222792,0.0,25532.98046875
EleutherAI/pythia-70m,128,step128,70426624,6,8,76,4,6,0.011939072981476784,0.0,25532.98046875
EleutherAI/pythia-70m,128,step128,70426624,6,8,76,4,7,0.010104496031999588,0.0,25532.98046875
EleutherAI/pythia-70m,128,step128,70426624,6,8,76,5,0,0.009017647244036198,0.0,25532.98046875
EleutherAI/pythia-70m,128,step128,70426624,6,8,76,5,1,0.010124504566192627,0.0,25532.98046875
EleutherAI/pythia-70m,128,step128,70426624,6,8,76,5,2,0.008548320271074772,0.0,25532.98046875
EleutherAI/pythia-70m,128,step128,70426624,6,8,76,5,3,0.009308737702667713,0.0,25532.98046875
EleutherAI/pythia-70m,128,step128,70426624,6,8,76,5,4,0.007449856959283352,0.0,25532.98046875
EleutherAI/pythia-70m,128,step128,70426624,6,8,76,5,5,0.011766740120947361,0.0,25532.98046875
EleutherAI/pythia-70m,128,step128,70426624,6,8,76,5,6,0.007378629874438047,0.0,25532.98046875
EleutherAI/pythia-70m,128,step128,70426624,6,8,76,5,7,0.0066566430032253265,0.0,25532.98046875
EleutherAI/pythia-70m,128,step128,70426624,6,8,77,0,0,0.014473860152065754,0.0,22821.880859375
EleutherAI/pythia-70m,128,step128,70426624,6,8,77,0,1,0.014132430776953697,0.0,22821.880859375
EleutherAI/pythia-70m,128,step128,70426624,6,8,77,0,2,0.014251887798309326,0.0,22821.880859375
EleutherAI/pythia-70m,128,step128,70426624,6,8,77,0,3,0.013542072847485542,0.0,22821.880859375
EleutherAI/pythia-70m,128,step128,70426624,6,8,77,0,4,0.014123555272817612,0.0,22821.880859375
EleutherAI/pythia-70m,128,step128,70426624,6,8,77,0,5,0.014506075531244278,0.0,22821.880859375
EleutherAI/pythia-70m,128,step128,70426624,6,8,77,0,6,0.01507097203284502,0.0,22821.880859375
EleutherAI/pythia-70m,128,step128,70426624,6,8,77,0,7,0.01314089260995388,0.0,22821.880859375
EleutherAI/pythia-70m,128,step128,70426624,6,8,77,1,0,0.012328442186117172,0.0,22821.880859375
EleutherAI/pythia-70m,128,step128,70426624,6,8,77,1,1,0.013192755170166492,0.0,22821.880859375
EleutherAI/pythia-70m,128,step128,70426624,6,8,77,1,2,0.013441118411719799,0.0,22821.880859375
EleutherAI/pythia-70m,128,step128,70426624,6,8,77,1,3,0.012681089341640472,0.0,22821.880859375
EleutherAI/pythia-70m,128,step128,70426624,6,8,77,1,4,0.012676555663347244,0.0,22821.880859375
EleutherAI/pythia-70m,128,step128,70426624,6,8,77,1,5,0.013432392850518227,0.0,22821.880859375
EleutherAI/pythia-70m,128,step128,70426624,6,8,77,1,6,0.012957441620528698,0.0,22821.880859375
EleutherAI/pythia-70m,128,step128,70426624,6,8,77,1,7,0.015023235231637955,0.0,22821.880859375
EleutherAI/pythia-70m,128,step128,70426624,6,8,77,2,0,0.01062818244099617,0.0,22821.880859375
EleutherAI/pythia-70m,128,step128,70426624,6,8,77,2,1,0.014523749239742756,0.0,22821.880859375
EleutherAI/pythia-70m,128,step128,70426624,6,8,77,2,2,0.012939550913870335,0.0,22821.880859375
EleutherAI/pythia-70m,128,step128,70426624,6,8,77,2,3,0.009762007743120193,0.0,22821.880859375
EleutherAI/pythia-70m,128,step128,70426624,6,8,77,2,4,0.012644333764910698,0.0,22821.880859375
EleutherAI/pythia-70m,128,step128,70426624,6,8,77,2,5,0.01380743645131588,0.0,22821.880859375
EleutherAI/pythia-70m,128,step128,70426624,6,8,77,2,6,0.011729691177606583,0.0,22821.880859375
EleutherAI/pythia-70m,128,step128,70426624,6,8,77,2,7,0.011497554369270802,0.0,22821.880859375
EleutherAI/pythia-70m,128,step128,70426624,6,8,77,3,0,0.009389298968017101,0.0,22821.880859375
EleutherAI/pythia-70m,128,step128,70426624,6,8,77,3,1,0.012829606421291828,0.0,22821.880859375
EleutherAI/pythia-70m,128,step128,70426624,6,8,77,3,2,0.009837334044277668,0.0,22821.880859375
EleutherAI/pythia-70m,128,step128,70426624,6,8,77,3,3,0.01109259482473135,0.0,22821.880859375
EleutherAI/pythia-70m,128,step128,70426624,6,8,77,3,4,0.012172959744930267,0.0,22821.880859375
EleutherAI/pythia-70m,128,step128,70426624,6,8,77,3,5,0.012538982555270195,0.0,22821.880859375
EleutherAI/pythia-70m,128,step128,70426624,6,8,77,3,6,0.01107906736433506,0.0,22821.880859375
EleutherAI/pythia-70m,128,step128,70426624,6,8,77,3,7,0.013483515940606594,0.0,22821.880859375
EleutherAI/pythia-70m,128,step128,70426624,6,8,77,4,0,0.010165620595216751,0.0,22821.880859375
EleutherAI/pythia-70m,128,step128,70426624,6,8,77,4,1,0.008457190357148647,0.0,22821.880859375
EleutherAI/pythia-70m,128,step128,70426624,6,8,77,4,2,0.012587440200150013,0.0,22821.880859375
EleutherAI/pythia-70m,128,step128,70426624,6,8,77,4,3,0.01183944009244442,0.0,22821.880859375
EleutherAI/pythia-70m,128,step128,70426624,6,8,77,4,4,0.008670774288475513,0.0,22821.880859375
EleutherAI/pythia-70m,128,step128,70426624,6,8,77,4,5,0.005653522443026304,0.0,22821.880859375
EleutherAI/pythia-70m,128,step128,70426624,6,8,77,4,6,0.012291555292904377,0.0,22821.880859375
EleutherAI/pythia-70m,128,step128,70426624,6,8,77,4,7,0.011087178252637386,0.0,22821.880859375
EleutherAI/pythia-70m,128,step128,70426624,6,8,77,5,0,0.009472173638641834,0.0,22821.880859375
EleutherAI/pythia-70m,128,step128,70426624,6,8,77,5,1,0.01087182480841875,0.0,22821.880859375
EleutherAI/pythia-70m,128,step128,70426624,6,8,77,5,2,0.01056325901299715,0.0,22821.880859375
EleutherAI/pythia-70m,128,step128,70426624,6,8,77,5,3,0.01039092056453228,0.0,22821.880859375
EleutherAI/pythia-70m,128,step128,70426624,6,8,77,5,4,0.008507546968758106,0.0,22821.880859375
EleutherAI/pythia-70m,128,step128,70426624,6,8,77,5,5,0.011524978093802929,0.0,22821.880859375
EleutherAI/pythia-70m,128,step128,70426624,6,8,77,5,6,0.007934167049825191,0.0,22821.880859375
EleutherAI/pythia-70m,128,step128,70426624,6,8,77,5,7,0.007285428699105978,0.0,22821.880859375
EleutherAI/pythia-70m,128,step128,70426624,6,8,78,0,0,0.013021992519497871,0.0,27380.19921875
EleutherAI/pythia-70m,128,step128,70426624,6,8,78,0,1,0.014379247091710567,0.0,27380.19921875
EleutherAI/pythia-70m,128,step128,70426624,6,8,78,0,2,0.013912093825638294,0.0,27380.19921875
EleutherAI/pythia-70m,128,step128,70426624,6,8,78,0,3,0.014033745974302292,0.0,27380.19921875
EleutherAI/pythia-70m,128,step128,70426624,6,8,78,0,4,0.013487727381289005,0.0,27380.19921875
EleutherAI/pythia-70m,128,step128,70426624,6,8,78,0,5,0.01422391552478075,0.0,27380.19921875
EleutherAI/pythia-70m,128,step128,70426624,6,8,78,0,6,0.012962204404175282,0.0,27380.19921875
EleutherAI/pythia-70m,128,step128,70426624,6,8,78,0,7,0.013175761327147484,0.0,27380.19921875
EleutherAI/pythia-70m,128,step128,70426624,6,8,78,1,0,0.011960177682340145,0.0,27380.19921875
EleutherAI/pythia-70m,128,step128,70426624,6,8,78,1,1,0.014405238442122936,0.0,27380.19921875
EleutherAI/pythia-70m,128,step128,70426624,6,8,78,1,2,0.012652028352022171,0.0,27380.19921875
EleutherAI/pythia-70m,128,step128,70426624,6,8,78,1,3,0.012534941546618938,0.0,27380.19921875
EleutherAI/pythia-70m,128,step128,70426624,6,8,78,1,4,0.012830130755901337,0.0,27380.19921875
EleutherAI/pythia-70m,128,step128,70426624,6,8,78,1,5,0.01198644284158945,0.0,27380.19921875
EleutherAI/pythia-70m,128,step128,70426624,6,8,78,1,6,0.013216942548751831,0.0,27380.19921875
EleutherAI/pythia-70m,128,step128,70426624,6,8,78,1,7,0.013471383601427078,0.0,27380.19921875
EleutherAI/pythia-70m,128,step128,70426624,6,8,78,2,0,0.011199858039617538,0.0,27380.19921875
EleutherAI/pythia-70m,128,step128,70426624,6,8,78,2,1,0.014720777049660683,0.0,27380.19921875
EleutherAI/pythia-70m,128,step128,70426624,6,8,78,2,2,0.012555633671581745,0.0,27380.19921875
EleutherAI/pythia-70m,128,step128,70426624,6,8,78,2,3,0.01149647869169712,0.0,27380.19921875
EleutherAI/pythia-70m,128,step128,70426624,6,8,78,2,4,0.011775714345276356,0.0,27380.19921875
EleutherAI/pythia-70m,128,step128,70426624,6,8,78,2,5,0.013556774705648422,0.0,27380.19921875
EleutherAI/pythia-70m,128,step128,70426624,6,8,78,2,6,0.013687088154256344,0.0,27380.19921875
EleutherAI/pythia-70m,128,step128,70426624,6,8,78,2,7,0.012999620288610458,0.0,27380.19921875
EleutherAI/pythia-70m,128,step128,70426624,6,8,78,3,0,0.010011889040470123,0.0,27380.19921875
EleutherAI/pythia-70m,128,step128,70426624,6,8,78,3,1,0.011187915690243244,0.0,27380.19921875
EleutherAI/pythia-70m,128,step128,70426624,6,8,78,3,2,0.011190440505743027,0.0,27380.19921875
EleutherAI/pythia-70m,128,step128,70426624,6,8,78,3,3,0.014127267524600029,0.0,27380.19921875
EleutherAI/pythia-70m,128,step128,70426624,6,8,78,3,4,0.014756784774363041,0.0,27380.19921875
EleutherAI/pythia-70m,128,step128,70426624,6,8,78,3,5,0.013605505228042603,0.0,27380.19921875
EleutherAI/pythia-70m,128,step128,70426624,6,8,78,3,6,0.01276431791484356,0.0,27380.19921875
EleutherAI/pythia-70m,128,step128,70426624,6,8,78,3,7,0.012196316383779049,0.0,27380.19921875
EleutherAI/pythia-70m,128,step128,70426624,6,8,78,4,0,0.011145243421196938,0.0,27380.19921875
EleutherAI/pythia-70m,128,step128,70426624,6,8,78,4,1,0.00798521377146244,0.0,27380.19921875
EleutherAI/pythia-70m,128,step128,70426624,6,8,78,4,2,0.011177604086697102,0.0,27380.19921875
EleutherAI/pythia-70m,128,step128,70426624,6,8,78,4,3,0.011370940133929253,0.0,27380.19921875
EleutherAI/pythia-70m,128,step128,70426624,6,8,78,4,4,0.006698074284940958,0.0,27380.19921875
EleutherAI/pythia-70m,128,step128,70426624,6,8,78,4,5,0.005143660120666027,0.0,27380.19921875
EleutherAI/pythia-70m,128,step128,70426624,6,8,78,4,6,0.011041862890124321,0.0,27380.19921875
EleutherAI/pythia-70m,128,step128,70426624,6,8,78,4,7,0.011676082387566566,0.0,27380.19921875
EleutherAI/pythia-70m,128,step128,70426624,6,8,78,5,0,0.00987872201949358,0.0,27380.19921875
EleutherAI/pythia-70m,128,step128,70426624,6,8,78,5,1,0.00995243526995182,0.0,27380.19921875
EleutherAI/pythia-70m,128,step128,70426624,6,8,78,5,2,0.009124240837991238,0.0,27380.19921875
EleutherAI/pythia-70m,128,step128,70426624,6,8,78,5,3,0.009869200177490711,0.0,27380.19921875
EleutherAI/pythia-70m,128,step128,70426624,6,8,78,5,4,0.007149508222937584,0.0,27380.19921875
EleutherAI/pythia-70m,128,step128,70426624,6,8,78,5,5,0.010419364087283611,0.0,27380.19921875
EleutherAI/pythia-70m,128,step128,70426624,6,8,78,5,6,0.007812652736902237,0.0,27380.19921875
EleutherAI/pythia-70m,128,step128,70426624,6,8,78,5,7,0.00699523463845253,0.0,27380.19921875
EleutherAI/pythia-70m,128,step128,70426624,6,8,79,0,0,0.014430884271860123,0.0,24379.779296875
EleutherAI/pythia-70m,128,step128,70426624,6,8,79,0,1,0.01446758396923542,0.0,24379.779296875
EleutherAI/pythia-70m,128,step128,70426624,6,8,79,0,2,0.013537121936678886,0.0,24379.779296875
EleutherAI/pythia-70m,128,step128,70426624,6,8,79,0,3,0.013448166660964489,0.0,24379.779296875
EleutherAI/pythia-70m,128,step128,70426624,6,8,79,0,4,0.01381742674857378,0.0,24379.779296875
EleutherAI/pythia-70m,128,step128,70426624,6,8,79,0,5,0.014910565689206123,0.0,24379.779296875
EleutherAI/pythia-70m,128,step128,70426624,6,8,79,0,6,0.012163674458861351,0.0,24379.779296875
EleutherAI/pythia-70m,128,step128,70426624,6,8,79,0,7,0.013680529780685902,0.0,24379.779296875
EleutherAI/pythia-70m,128,step128,70426624,6,8,79,1,0,0.014498132281005383,0.0,24379.779296875
EleutherAI/pythia-70m,128,step128,70426624,6,8,79,1,1,0.01553249079734087,0.0,24379.779296875
EleutherAI/pythia-70m,128,step128,70426624,6,8,79,1,2,0.014283394441008568,0.0,24379.779296875
EleutherAI/pythia-70m,128,step128,70426624,6,8,79,1,3,0.014403940178453922,0.0,24379.779296875
EleutherAI/pythia-70m,128,step128,70426624,6,8,79,1,4,0.01272994838654995,0.0,24379.779296875
EleutherAI/pythia-70m,128,step128,70426624,6,8,79,1,5,0.014176318421959877,0.0,24379.779296875
EleutherAI/pythia-70m,128,step128,70426624,6,8,79,1,6,0.01307933684438467,0.0,24379.779296875
EleutherAI/pythia-70m,128,step128,70426624,6,8,79,1,7,0.013513610698282719,0.0,24379.779296875
EleutherAI/pythia-70m,128,step128,70426624,6,8,79,2,0,0.011407719925045967,0.0,24379.779296875
EleutherAI/pythia-70m,128,step128,70426624,6,8,79,2,1,0.01305644866079092,0.0,24379.779296875
EleutherAI/pythia-70m,128,step128,70426624,6,8,79,2,2,0.012628605589270592,0.0,24379.779296875
EleutherAI/pythia-70m,128,step128,70426624,6,8,79,2,3,0.00965654756873846,0.0,24379.779296875
EleutherAI/pythia-70m,128,step128,70426624,6,8,79,2,4,0.013134164735674858,0.0,24379.779296875
EleutherAI/pythia-70m,128,step128,70426624,6,8,79,2,5,0.013313302770256996,0.0,24379.779296875
EleutherAI/pythia-70m,128,step128,70426624,6,8,79,2,6,0.014396981336176395,0.0,24379.779296875
EleutherAI/pythia-70m,128,step128,70426624,6,8,79,2,7,0.01288076862692833,0.0,24379.779296875
EleutherAI/pythia-70m,128,step128,70426624,6,8,79,3,0,0.011276241391897202,0.0,24379.779296875
EleutherAI/pythia-70m,128,step128,70426624,6,8,79,3,1,0.012599936686456203,0.0,24379.779296875
EleutherAI/pythia-70m,128,step128,70426624,6,8,79,3,2,0.012269352562725544,0.0,24379.779296875
EleutherAI/pythia-70m,128,step128,70426624,6,8,79,3,3,0.014235682785511017,0.0,24379.779296875
EleutherAI/pythia-70m,128,step128,70426624,6,8,79,3,4,0.015924979001283646,0.0,24379.779296875
EleutherAI/pythia-70m,128,step128,70426624,6,8,79,3,5,0.013294018805027008,0.0,24379.779296875
EleutherAI/pythia-70m,128,step128,70426624,6,8,79,3,6,0.010894425213336945,0.0,24379.779296875
EleutherAI/pythia-70m,128,step128,70426624,6,8,79,3,7,0.01133927796036005,0.0,24379.779296875
EleutherAI/pythia-70m,128,step128,70426624,6,8,79,4,0,0.01091768778860569,0.0,24379.779296875
EleutherAI/pythia-70m,128,step128,70426624,6,8,79,4,1,0.009515629149973392,0.0,24379.779296875
EleutherAI/pythia-70m,128,step128,70426624,6,8,79,4,2,0.012064432725310326,0.0,24379.779296875
EleutherAI/pythia-70m,128,step128,70426624,6,8,79,4,3,0.01274168398231268,0.0,24379.779296875
EleutherAI/pythia-70m,128,step128,70426624,6,8,79,4,4,0.010138869285583496,0.0,24379.779296875
EleutherAI/pythia-70m,128,step128,70426624,6,8,79,4,5,0.007449105381965637,0.0,24379.779296875
EleutherAI/pythia-70m,128,step128,70426624,6,8,79,4,6,0.01097517367452383,0.0,24379.779296875
EleutherAI/pythia-70m,128,step128,70426624,6,8,79,4,7,0.009588389657437801,0.0,24379.779296875
EleutherAI/pythia-70m,128,step128,70426624,6,8,79,5,0,0.009303226135671139,0.0,24379.779296875
EleutherAI/pythia-70m,128,step128,70426624,6,8,79,5,1,0.009809749200940132,0.0,24379.779296875
EleutherAI/pythia-70m,128,step128,70426624,6,8,79,5,2,0.00880325399339199,0.0,24379.779296875
EleutherAI/pythia-70m,128,step128,70426624,6,8,79,5,3,0.010121786966919899,0.0,24379.779296875
EleutherAI/pythia-70m,128,step128,70426624,6,8,79,5,4,0.00751312542706728,0.0,24379.779296875
EleutherAI/pythia-70m,128,step128,70426624,6,8,79,5,5,0.009296072646975517,0.0,24379.779296875
EleutherAI/pythia-70m,128,step128,70426624,6,8,79,5,6,0.007154494058340788,0.0,24379.779296875
EleutherAI/pythia-70m,128,step128,70426624,6,8,79,5,7,0.005966974887996912,0.0,24379.779296875
EleutherAI/pythia-70m,128,step128,70426624,6,8,80,0,0,0.014349956065416336,0.0,27821.16015625
EleutherAI/pythia-70m,128,step128,70426624,6,8,80,0,1,0.013568279333412647,0.0,27821.16015625
EleutherAI/pythia-70m,128,step128,70426624,6,8,80,0,2,0.014798407442867756,0.0,27821.16015625
EleutherAI/pythia-70m,128,step128,70426624,6,8,80,0,3,0.013879404403269291,0.0,27821.16015625
EleutherAI/pythia-70m,128,step128,70426624,6,8,80,0,4,0.013836557976901531,0.0,27821.16015625
EleutherAI/pythia-70m,128,step128,70426624,6,8,80,0,5,0.013719523325562477,0.0,27821.16015625
EleutherAI/pythia-70m,128,step128,70426624,6,8,80,0,6,0.012623760849237442,0.0,27821.16015625
EleutherAI/pythia-70m,128,step128,70426624,6,8,80,0,7,0.013978349976241589,0.0,27821.16015625
EleutherAI/pythia-70m,128,step128,70426624,6,8,80,1,0,0.013115695677697659,0.0,27821.16015625
EleutherAI/pythia-70m,128,step128,70426624,6,8,80,1,1,0.013552138581871986,0.0,27821.16015625
EleutherAI/pythia-70m,128,step128,70426624,6,8,80,1,2,0.013554997742176056,0.0,27821.16015625
EleutherAI/pythia-70m,128,step128,70426624,6,8,80,1,3,0.014073648490011692,0.0,27821.16015625
EleutherAI/pythia-70m,128,step128,70426624,6,8,80,1,4,0.013345930725336075,0.0,27821.16015625
EleutherAI/pythia-70m,128,step128,70426624,6,8,80,1,5,0.0137211624532938,0.0,27821.16015625
EleutherAI/pythia-70m,128,step128,70426624,6,8,80,1,6,0.012691106647253036,0.0,27821.16015625
EleutherAI/pythia-70m,128,step128,70426624,6,8,80,1,7,0.014200192876160145,0.0,27821.16015625
EleutherAI/pythia-70m,128,step128,70426624,6,8,80,2,0,0.009718414396047592,0.0,27821.16015625
EleutherAI/pythia-70m,128,step128,70426624,6,8,80,2,1,0.013267247937619686,0.0,27821.16015625
EleutherAI/pythia-70m,128,step128,70426624,6,8,80,2,2,0.014956405386328697,0.0,27821.16015625
EleutherAI/pythia-70m,128,step128,70426624,6,8,80,2,3,0.010769657790660858,0.0,27821.16015625
EleutherAI/pythia-70m,128,step128,70426624,6,8,80,2,4,0.01164341066032648,0.0,27821.16015625
EleutherAI/pythia-70m,128,step128,70426624,6,8,80,2,5,0.013696882873773575,0.0,27821.16015625
EleutherAI/pythia-70m,128,step128,70426624,6,8,80,2,6,0.012800830416381359,0.0,27821.16015625
EleutherAI/pythia-70m,128,step128,70426624,6,8,80,2,7,0.013129837810993195,0.0,27821.16015625
EleutherAI/pythia-70m,128,step128,70426624,6,8,80,3,0,0.011432325467467308,0.0,27821.16015625
EleutherAI/pythia-70m,128,step128,70426624,6,8,80,3,1,0.01323653943836689,0.0,27821.16015625
EleutherAI/pythia-70m,128,step128,70426624,6,8,80,3,2,0.010551835410296917,0.0,27821.16015625
EleutherAI/pythia-70m,128,step128,70426624,6,8,80,3,3,0.011106889694929123,0.0,27821.16015625
EleutherAI/pythia-70m,128,step128,70426624,6,8,80,3,4,0.012861829251050949,0.0,27821.16015625
EleutherAI/pythia-70m,128,step128,70426624,6,8,80,3,5,0.0133736040443182,0.0,27821.16015625
EleutherAI/pythia-70m,128,step128,70426624,6,8,80,3,6,0.01059934962540865,0.0,27821.16015625
EleutherAI/pythia-70m,128,step128,70426624,6,8,80,3,7,0.012040641158819199,0.0,27821.16015625
EleutherAI/pythia-70m,128,step128,70426624,6,8,80,4,0,0.00920809991657734,0.0,27821.16015625
EleutherAI/pythia-70m,128,step128,70426624,6,8,80,4,1,0.00796226691454649,0.0,27821.16015625
EleutherAI/pythia-70m,128,step128,70426624,6,8,80,4,2,0.011009958572685719,0.0,27821.16015625
EleutherAI/pythia-70m,128,step128,70426624,6,8,80,4,3,0.009956254623830318,0.0,27821.16015625
EleutherAI/pythia-70m,128,step128,70426624,6,8,80,4,4,0.008006238378584385,0.0,27821.16015625
EleutherAI/pythia-70m,128,step128,70426624,6,8,80,4,5,0.005471167154610157,0.0,27821.16015625
EleutherAI/pythia-70m,128,step128,70426624,6,8,80,4,6,0.011003410443663597,0.0,27821.16015625
EleutherAI/pythia-70m,128,step128,70426624,6,8,80,4,7,0.010890185832977295,0.0,27821.16015625
EleutherAI/pythia-70m,128,step128,70426624,6,8,80,5,0,0.008614170365035534,0.0,27821.16015625
EleutherAI/pythia-70m,128,step128,70426624,6,8,80,5,1,0.00857253186404705,0.0,27821.16015625
EleutherAI/pythia-70m,128,step128,70426624,6,8,80,5,2,0.009124691598117352,0.0,27821.16015625
EleutherAI/pythia-70m,128,step128,70426624,6,8,80,5,3,0.008764384314417839,0.0,27821.16015625
EleutherAI/pythia-70m,128,step128,70426624,6,8,80,5,4,0.006741384044289589,0.0,27821.16015625
EleutherAI/pythia-70m,128,step128,70426624,6,8,80,5,5,0.009708696976304054,0.0,27821.16015625
EleutherAI/pythia-70m,128,step128,70426624,6,8,80,5,6,0.005990767851471901,0.0,27821.16015625
EleutherAI/pythia-70m,128,step128,70426624,6,8,80,5,7,0.005826773587614298,0.0,27821.16015625
EleutherAI/pythia-70m,128,step128,70426624,6,8,81,0,0,0.013759179972112179,0.0,26104.33984375
EleutherAI/pythia-70m,128,step128,70426624,6,8,81,0,1,0.015143006108701229,0.0,26104.33984375
EleutherAI/pythia-70m,128,step128,70426624,6,8,81,0,2,0.013824934139847755,0.0,26104.33984375
EleutherAI/pythia-70m,128,step128,70426624,6,8,81,0,3,0.013059678487479687,0.0,26104.33984375
EleutherAI/pythia-70m,128,step128,70426624,6,8,81,0,4,0.013751800172030926,0.0,26104.33984375
EleutherAI/pythia-70m,128,step128,70426624,6,8,81,0,5,0.013611066155135632,0.0,26104.33984375
EleutherAI/pythia-70m,128,step128,70426624,6,8,81,0,6,0.014384916052222252,0.0,26104.33984375
EleutherAI/pythia-70m,128,step128,70426624,6,8,81,0,7,0.013183933682739735,0.0,26104.33984375
EleutherAI/pythia-70m,128,step128,70426624,6,8,81,1,0,0.013013115152716637,0.0,26104.33984375
EleutherAI/pythia-70m,128,step128,70426624,6,8,81,1,1,0.014416179619729519,0.0,26104.33984375
EleutherAI/pythia-70m,128,step128,70426624,6,8,81,1,2,0.014225856401026249,0.0,26104.33984375
EleutherAI/pythia-70m,128,step128,70426624,6,8,81,1,3,0.013537018559873104,0.0,26104.33984375
EleutherAI/pythia-70m,128,step128,70426624,6,8,81,1,4,0.012381289154291153,0.0,26104.33984375
EleutherAI/pythia-70m,128,step128,70426624,6,8,81,1,5,0.012611121870577335,0.0,26104.33984375
EleutherAI/pythia-70m,128,step128,70426624,6,8,81,1,6,0.013174413703382015,0.0,26104.33984375
EleutherAI/pythia-70m,128,step128,70426624,6,8,81,1,7,0.015094522386789322,0.0,26104.33984375
EleutherAI/pythia-70m,128,step128,70426624,6,8,81,2,0,0.00985672976821661,0.0,26104.33984375
EleutherAI/pythia-70m,128,step128,70426624,6,8,81,2,1,0.014085774309933186,0.0,26104.33984375
EleutherAI/pythia-70m,128,step128,70426624,6,8,81,2,2,0.012468929402530193,0.0,26104.33984375
EleutherAI/pythia-70m,128,step128,70426624,6,8,81,2,3,0.012082262896001339,0.0,26104.33984375
EleutherAI/pythia-70m,128,step128,70426624,6,8,81,2,4,0.012294881045818329,0.0,26104.33984375
EleutherAI/pythia-70m,128,step128,70426624,6,8,81,2,5,0.015489990822970867,0.0,26104.33984375
EleutherAI/pythia-70m,128,step128,70426624,6,8,81,2,6,0.013068748638033867,0.0,26104.33984375
EleutherAI/pythia-70m,128,step128,70426624,6,8,81,2,7,0.012307856231927872,0.0,26104.33984375
EleutherAI/pythia-70m,128,step128,70426624,6,8,81,3,0,0.011317705735564232,0.0,26104.33984375
EleutherAI/pythia-70m,128,step128,70426624,6,8,81,3,1,0.012257200665771961,0.0,26104.33984375
EleutherAI/pythia-70m,128,step128,70426624,6,8,81,3,2,0.013531286269426346,0.0,26104.33984375
EleutherAI/pythia-70m,128,step128,70426624,6,8,81,3,3,0.012516244314610958,0.0,26104.33984375
EleutherAI/pythia-70m,128,step128,70426624,6,8,81,3,4,0.013441813178360462,0.0,26104.33984375
EleutherAI/pythia-70m,128,step128,70426624,6,8,81,3,5,0.015065282583236694,0.0,26104.33984375
EleutherAI/pythia-70m,128,step128,70426624,6,8,81,3,6,0.01111865509301424,0.0,26104.33984375
EleutherAI/pythia-70m,128,step128,70426624,6,8,81,3,7,0.012942707166075706,0.0,26104.33984375
EleutherAI/pythia-70m,128,step128,70426624,6,8,81,4,0,0.010105418041348457,0.0,26104.33984375
EleutherAI/pythia-70m,128,step128,70426624,6,8,81,4,1,0.007912746630609035,0.0,26104.33984375
EleutherAI/pythia-70m,128,step128,70426624,6,8,81,4,2,0.009867879562079906,0.0,26104.33984375
EleutherAI/pythia-70m,128,step128,70426624,6,8,81,4,3,0.012890692800283432,0.0,26104.33984375
EleutherAI/pythia-70m,128,step128,70426624,6,8,81,4,4,0.007187057286500931,0.0,26104.33984375
EleutherAI/pythia-70m,128,step128,70426624,6,8,81,4,5,0.0060736630111932755,0.0,26104.33984375
EleutherAI/pythia-70m,128,step128,70426624,6,8,81,4,6,0.011826466768980026,0.0,26104.33984375
EleutherAI/pythia-70m,128,step128,70426624,6,8,81,4,7,0.011110741645097733,0.0,26104.33984375
EleutherAI/pythia-70m,128,step128,70426624,6,8,81,5,0,0.00921554770320654,0.0,26104.33984375
EleutherAI/pythia-70m,128,step128,70426624,6,8,81,5,1,0.010813054628670216,0.0,26104.33984375
EleutherAI/pythia-70m,128,step128,70426624,6,8,81,5,2,0.009239278733730316,0.0,26104.33984375
EleutherAI/pythia-70m,128,step128,70426624,6,8,81,5,3,0.009579254314303398,0.0,26104.33984375
EleutherAI/pythia-70m,128,step128,70426624,6,8,81,5,4,0.007958897389471531,0.0,26104.33984375
EleutherAI/pythia-70m,128,step128,70426624,6,8,81,5,5,0.00872142892330885,0.0,26104.33984375
EleutherAI/pythia-70m,128,step128,70426624,6,8,81,5,6,0.00687953969463706,0.0,26104.33984375
EleutherAI/pythia-70m,128,step128,70426624,6,8,81,5,7,0.006562758702784777,0.0,26104.33984375
EleutherAI/pythia-70m,128,step128,70426624,6,8,82,0,0,0.014019191265106201,0.0,25441.33984375
EleutherAI/pythia-70m,128,step128,70426624,6,8,82,0,1,0.013032364659011364,0.0,25441.33984375
EleutherAI/pythia-70m,128,step128,70426624,6,8,82,0,2,0.014569805935025215,0.0,25441.33984375
EleutherAI/pythia-70m,128,step128,70426624,6,8,82,0,3,0.014788541942834854,0.0,25441.33984375
EleutherAI/pythia-70m,128,step128,70426624,6,8,82,0,4,0.01342631783336401,0.0,25441.33984375
EleutherAI/pythia-70m,128,step128,70426624,6,8,82,0,5,0.013208288699388504,0.0,25441.33984375
EleutherAI/pythia-70m,128,step128,70426624,6,8,82,0,6,0.011847044341266155,0.0,25441.33984375
EleutherAI/pythia-70m,128,step128,70426624,6,8,82,0,7,0.016050755977630615,0.0,25441.33984375
EleutherAI/pythia-70m,128,step128,70426624,6,8,82,1,0,0.01270369254052639,0.0,25441.33984375
EleutherAI/pythia-70m,128,step128,70426624,6,8,82,1,1,0.013522174209356308,0.0,25441.33984375
EleutherAI/pythia-70m,128,step128,70426624,6,8,82,1,2,0.01391675602644682,0.0,25441.33984375
EleutherAI/pythia-70m,128,step128,70426624,6,8,82,1,3,0.013101723045110703,0.0,25441.33984375
EleutherAI/pythia-70m,128,step128,70426624,6,8,82,1,4,0.013227834366261959,0.0,25441.33984375
EleutherAI/pythia-70m,128,step128,70426624,6,8,82,1,5,0.013583009131252766,0.0,25441.33984375
EleutherAI/pythia-70m,128,step128,70426624,6,8,82,1,6,0.012859007343649864,0.0,25441.33984375
EleutherAI/pythia-70m,128,step128,70426624,6,8,82,1,7,0.01262451522052288,0.0,25441.33984375
EleutherAI/pythia-70m,128,step128,70426624,6,8,82,2,0,0.011329217813909054,0.0,25441.33984375
EleutherAI/pythia-70m,128,step128,70426624,6,8,82,2,1,0.014521838165819645,0.0,25441.33984375
EleutherAI/pythia-70m,128,step128,70426624,6,8,82,2,2,0.015101952478289604,0.0,25441.33984375
EleutherAI/pythia-70m,128,step128,70426624,6,8,82,2,3,0.011429843492805958,0.0,25441.33984375
EleutherAI/pythia-70m,128,step128,70426624,6,8,82,2,4,0.011469254270195961,0.0,25441.33984375
EleutherAI/pythia-70m,128,step128,70426624,6,8,82,2,5,0.013503310270607471,0.0,25441.33984375
EleutherAI/pythia-70m,128,step128,70426624,6,8,82,2,6,0.012279664166271687,0.0,25441.33984375
EleutherAI/pythia-70m,128,step128,70426624,6,8,82,2,7,0.011621546931564808,0.0,25441.33984375
EleutherAI/pythia-70m,128,step128,70426624,6,8,82,3,0,0.009811079129576683,0.0,25441.33984375
EleutherAI/pythia-70m,128,step128,70426624,6,8,82,3,1,0.012357356958091259,0.0,25441.33984375
EleutherAI/pythia-70m,128,step128,70426624,6,8,82,3,2,0.011023933999240398,0.0,25441.33984375
EleutherAI/pythia-70m,128,step128,70426624,6,8,82,3,3,0.012794021517038345,0.0,25441.33984375
EleutherAI/pythia-70m,128,step128,70426624,6,8,82,3,4,0.014714586548507214,0.0,25441.33984375
EleutherAI/pythia-70m,128,step128,70426624,6,8,82,3,5,0.012784820050001144,0.0,25441.33984375
EleutherAI/pythia-70m,128,step128,70426624,6,8,82,3,6,0.012278446927666664,0.0,25441.33984375
EleutherAI/pythia-70m,128,step128,70426624,6,8,82,3,7,0.012635862454771996,0.0,25441.33984375
EleutherAI/pythia-70m,128,step128,70426624,6,8,82,4,0,0.010480421595275402,0.0,25441.33984375
EleutherAI/pythia-70m,128,step128,70426624,6,8,82,4,1,0.007876659743487835,0.0,25441.33984375
EleutherAI/pythia-70m,128,step128,70426624,6,8,82,4,2,0.010350021533668041,0.0,25441.33984375
EleutherAI/pythia-70m,128,step128,70426624,6,8,82,4,3,0.012010731734335423,0.0,25441.33984375
EleutherAI/pythia-70m,128,step128,70426624,6,8,82,4,4,0.007228666450828314,0.0,25441.33984375
EleutherAI/pythia-70m,128,step128,70426624,6,8,82,4,5,0.00728709576651454,0.0,25441.33984375
EleutherAI/pythia-70m,128,step128,70426624,6,8,82,4,6,0.009766582399606705,0.0,25441.33984375
EleutherAI/pythia-70m,128,step128,70426624,6,8,82,4,7,0.011939826421439648,0.0,25441.33984375
EleutherAI/pythia-70m,128,step128,70426624,6,8,82,5,0,0.0098411301150918,0.0,25441.33984375
EleutherAI/pythia-70m,128,step128,70426624,6,8,82,5,1,0.011019432917237282,0.0,25441.33984375
EleutherAI/pythia-70m,128,step128,70426624,6,8,82,5,2,0.009466299787163734,0.0,25441.33984375
EleutherAI/pythia-70m,128,step128,70426624,6,8,82,5,3,0.009864878840744495,0.0,25441.33984375
EleutherAI/pythia-70m,128,step128,70426624,6,8,82,5,4,0.007263323292136192,0.0,25441.33984375
EleutherAI/pythia-70m,128,step128,70426624,6,8,82,5,5,0.010921139270067215,0.0,25441.33984375
EleutherAI/pythia-70m,128,step128,70426624,6,8,82,5,6,0.007469434756785631,0.0,25441.33984375
EleutherAI/pythia-70m,128,step128,70426624,6,8,82,5,7,0.007025707513093948,0.0,25441.33984375
EleutherAI/pythia-70m,128,step128,70426624,6,8,83,0,0,0.011907384730875492,0.0,24884.880859375
EleutherAI/pythia-70m,128,step128,70426624,6,8,83,0,1,0.012633809819817543,0.0,24884.880859375
EleutherAI/pythia-70m,128,step128,70426624,6,8,83,0,2,0.014910063706338406,0.0,24884.880859375
EleutherAI/pythia-70m,128,step128,70426624,6,8,83,0,3,0.013999441638588905,0.0,24884.880859375
EleutherAI/pythia-70m,128,step128,70426624,6,8,83,0,4,0.01229903008788824,0.0,24884.880859375
EleutherAI/pythia-70m,128,step128,70426624,6,8,83,0,5,0.014467712491750717,0.0,24884.880859375
EleutherAI/pythia-70m,128,step128,70426624,6,8,83,0,6,0.014037854969501495,0.0,24884.880859375
EleutherAI/pythia-70m,128,step128,70426624,6,8,83,0,7,0.014966662041842937,0.0,24884.880859375
EleutherAI/pythia-70m,128,step128,70426624,6,8,83,1,0,0.011803287081420422,0.0,24884.880859375
EleutherAI/pythia-70m,128,step128,70426624,6,8,83,1,1,0.013042616657912731,0.0,24884.880859375
EleutherAI/pythia-70m,128,step128,70426624,6,8,83,1,2,0.012670458294451237,0.0,24884.880859375
EleutherAI/pythia-70m,128,step128,70426624,6,8,83,1,3,0.013356132432818413,0.0,24884.880859375
EleutherAI/pythia-70m,128,step128,70426624,6,8,83,1,4,0.012765493243932724,0.0,24884.880859375
EleutherAI/pythia-70m,128,step128,70426624,6,8,83,1,5,0.01422922220081091,0.0,24884.880859375
EleutherAI/pythia-70m,128,step128,70426624,6,8,83,1,6,0.014353262260556221,0.0,24884.880859375
EleutherAI/pythia-70m,128,step128,70426624,6,8,83,1,7,0.013112399727106094,0.0,24884.880859375
EleutherAI/pythia-70m,128,step128,70426624,6,8,83,2,0,0.011324813589453697,0.0,24884.880859375
EleutherAI/pythia-70m,128,step128,70426624,6,8,83,2,1,0.015083083882927895,0.0,24884.880859375
EleutherAI/pythia-70m,128,step128,70426624,6,8,83,2,2,0.013532490469515324,0.0,24884.880859375
EleutherAI/pythia-70m,128,step128,70426624,6,8,83,2,3,0.01004916150122881,0.0,24884.880859375
EleutherAI/pythia-70m,128,step128,70426624,6,8,83,2,4,0.011978020891547203,0.0,24884.880859375
EleutherAI/pythia-70m,128,step128,70426624,6,8,83,2,5,0.013958923518657684,0.0,24884.880859375
EleutherAI/pythia-70m,128,step128,70426624,6,8,83,2,6,0.013140060007572174,0.0,24884.880859375
EleutherAI/pythia-70m,128,step128,70426624,6,8,83,2,7,0.012640425004065037,0.0,24884.880859375
EleutherAI/pythia-70m,128,step128,70426624,6,8,83,3,0,0.011103822849690914,0.0,24884.880859375
EleutherAI/pythia-70m,128,step128,70426624,6,8,83,3,1,0.012639693915843964,0.0,24884.880859375
EleutherAI/pythia-70m,128,step128,70426624,6,8,83,3,2,0.01256067305803299,0.0,24884.880859375
EleutherAI/pythia-70m,128,step128,70426624,6,8,83,3,3,0.011932180263102055,0.0,24884.880859375
EleutherAI/pythia-70m,128,step128,70426624,6,8,83,3,4,0.01365675963461399,0.0,24884.880859375
EleutherAI/pythia-70m,128,step128,70426624,6,8,83,3,5,0.012931241653859615,0.0,24884.880859375
EleutherAI/pythia-70m,128,step128,70426624,6,8,83,3,6,0.01134053710848093,0.0,24884.880859375
EleutherAI/pythia-70m,128,step128,70426624,6,8,83,3,7,0.012620762921869755,0.0,24884.880859375
EleutherAI/pythia-70m,128,step128,70426624,6,8,83,4,0,0.011675178073346615,0.0,24884.880859375
EleutherAI/pythia-70m,128,step128,70426624,6,8,83,4,1,0.007653145585209131,0.0,24884.880859375
EleutherAI/pythia-70m,128,step128,70426624,6,8,83,4,2,0.013227219693362713,0.0,24884.880859375
EleutherAI/pythia-70m,128,step128,70426624,6,8,83,4,3,0.010829010047018528,0.0,24884.880859375
EleutherAI/pythia-70m,128,step128,70426624,6,8,83,4,4,0.008226516656577587,0.0,24884.880859375
EleutherAI/pythia-70m,128,step128,70426624,6,8,83,4,5,0.007028347346931696,0.0,24884.880859375
EleutherAI/pythia-70m,128,step128,70426624,6,8,83,4,6,0.011290321126580238,0.0,24884.880859375
EleutherAI/pythia-70m,128,step128,70426624,6,8,83,4,7,0.011006439104676247,0.0,24884.880859375
EleutherAI/pythia-70m,128,step128,70426624,6,8,83,5,0,0.009915643371641636,0.0,24884.880859375
EleutherAI/pythia-70m,128,step128,70426624,6,8,83,5,1,0.011663725599646568,0.0,24884.880859375
EleutherAI/pythia-70m,128,step128,70426624,6,8,83,5,2,0.009975578635931015,0.0,24884.880859375
EleutherAI/pythia-70m,128,step128,70426624,6,8,83,5,3,0.011509932577610016,0.0,24884.880859375
EleutherAI/pythia-70m,128,step128,70426624,6,8,83,5,4,0.00898177269846201,0.0,24884.880859375
EleutherAI/pythia-70m,128,step128,70426624,6,8,83,5,5,0.010695474222302437,0.0,24884.880859375
EleutherAI/pythia-70m,128,step128,70426624,6,8,83,5,6,0.007884600199759007,0.0,24884.880859375
EleutherAI/pythia-70m,128,step128,70426624,6,8,83,5,7,0.009021901525557041,0.0,24884.880859375
EleutherAI/pythia-70m,128,step128,70426624,6,8,84,0,0,0.01439976692199707,0.0,26059.0
EleutherAI/pythia-70m,128,step128,70426624,6,8,84,0,1,0.013553241267800331,0.0,26059.0
EleutherAI/pythia-70m,128,step128,70426624,6,8,84,0,2,0.013737504370510578,0.0,26059.0
EleutherAI/pythia-70m,128,step128,70426624,6,8,84,0,3,0.012853755615651608,0.0,26059.0
EleutherAI/pythia-70m,128,step128,70426624,6,8,84,0,4,0.013415235094726086,0.0,26059.0
EleutherAI/pythia-70m,128,step128,70426624,6,8,84,0,5,0.01343496423214674,0.0,26059.0
EleutherAI/pythia-70m,128,step128,70426624,6,8,84,0,6,0.01315672043710947,0.0,26059.0
EleutherAI/pythia-70m,128,step128,70426624,6,8,84,0,7,0.014231344684958458,0.0,26059.0
EleutherAI/pythia-70m,128,step128,70426624,6,8,84,1,0,0.011939003132283688,0.0,26059.0
EleutherAI/pythia-70m,128,step128,70426624,6,8,84,1,1,0.013322844170033932,0.0,26059.0
EleutherAI/pythia-70m,128,step128,70426624,6,8,84,1,2,0.01470464188605547,0.0,26059.0
EleutherAI/pythia-70m,128,step128,70426624,6,8,84,1,3,0.014191470108926296,0.0,26059.0
EleutherAI/pythia-70m,128,step128,70426624,6,8,84,1,4,0.01281637791544199,0.0,26059.0
EleutherAI/pythia-70m,128,step128,70426624,6,8,84,1,5,0.012625512667000294,0.0,26059.0
EleutherAI/pythia-70m,128,step128,70426624,6,8,84,1,6,0.013281929306685925,0.0,26059.0
EleutherAI/pythia-70m,128,step128,70426624,6,8,84,1,7,0.014018415473401546,0.0,26059.0
EleutherAI/pythia-70m,128,step128,70426624,6,8,84,2,0,0.011351180262863636,0.0,26059.0
EleutherAI/pythia-70m,128,step128,70426624,6,8,84,2,1,0.012783506885170937,0.0,26059.0
EleutherAI/pythia-70m,128,step128,70426624,6,8,84,2,2,0.012469210661947727,0.0,26059.0
EleutherAI/pythia-70m,128,step128,70426624,6,8,84,2,3,0.01126460637897253,0.0,26059.0
EleutherAI/pythia-70m,128,step128,70426624,6,8,84,2,4,0.01393971312791109,0.0,26059.0
EleutherAI/pythia-70m,128,step128,70426624,6,8,84,2,5,0.013881363905966282,0.0,26059.0
EleutherAI/pythia-70m,128,step128,70426624,6,8,84,2,6,0.01320305559784174,0.0,26059.0
EleutherAI/pythia-70m,128,step128,70426624,6,8,84,2,7,0.012474399991333485,0.0,26059.0
EleutherAI/pythia-70m,128,step128,70426624,6,8,84,3,0,0.012133738957345486,0.0,26059.0
EleutherAI/pythia-70m,128,step128,70426624,6,8,84,3,1,0.012833170592784882,0.0,26059.0
EleutherAI/pythia-70m,128,step128,70426624,6,8,84,3,2,0.010620176792144775,0.0,26059.0
EleutherAI/pythia-70m,128,step128,70426624,6,8,84,3,3,0.012452603317797184,0.0,26059.0
EleutherAI/pythia-70m,128,step128,70426624,6,8,84,3,4,0.01458400022238493,0.0,26059.0
EleutherAI/pythia-70m,128,step128,70426624,6,8,84,3,5,0.014524554833769798,0.0,26059.0
EleutherAI/pythia-70m,128,step128,70426624,6,8,84,3,6,0.012308013625442982,0.0,26059.0
EleutherAI/pythia-70m,128,step128,70426624,6,8,84,3,7,0.012007186189293861,0.0,26059.0
EleutherAI/pythia-70m,128,step128,70426624,6,8,84,4,0,0.010246332734823227,0.0,26059.0
EleutherAI/pythia-70m,128,step128,70426624,6,8,84,4,1,0.007740739732980728,0.0,26059.0
EleutherAI/pythia-70m,128,step128,70426624,6,8,84,4,2,0.011352727189660072,0.0,26059.0
EleutherAI/pythia-70m,128,step128,70426624,6,8,84,4,3,0.012107392773032188,0.0,26059.0
EleutherAI/pythia-70m,128,step128,70426624,6,8,84,4,4,0.009756204672157764,0.0,26059.0
EleutherAI/pythia-70m,128,step128,70426624,6,8,84,4,5,0.007728440687060356,0.0,26059.0
EleutherAI/pythia-70m,128,step128,70426624,6,8,84,4,6,0.013145151548087597,0.0,26059.0
EleutherAI/pythia-70m,128,step128,70426624,6,8,84,4,7,0.011859229765832424,0.0,26059.0
EleutherAI/pythia-70m,128,step128,70426624,6,8,84,5,0,0.009938875213265419,0.0,26059.0
EleutherAI/pythia-70m,128,step128,70426624,6,8,84,5,1,0.010084596462547779,0.0,26059.0
EleutherAI/pythia-70m,128,step128,70426624,6,8,84,5,2,0.010508323088288307,0.0,26059.0
EleutherAI/pythia-70m,128,step128,70426624,6,8,84,5,3,0.011539382860064507,0.0,26059.0
EleutherAI/pythia-70m,128,step128,70426624,6,8,84,5,4,0.008449064567685127,0.0,26059.0
EleutherAI/pythia-70m,128,step128,70426624,6,8,84,5,5,0.011358356103301048,0.0,26059.0
EleutherAI/pythia-70m,128,step128,70426624,6,8,84,5,6,0.008344260975718498,0.0,26059.0
EleutherAI/pythia-70m,128,step128,70426624,6,8,84,5,7,0.007942873984575272,0.0,26059.0
EleutherAI/pythia-70m,128,step128,70426624,6,8,85,0,0,0.014976427890360355,0.0,24645.19921875
EleutherAI/pythia-70m,128,step128,70426624,6,8,85,0,1,0.012965209782123566,0.0,24645.19921875
EleutherAI/pythia-70m,128,step128,70426624,6,8,85,0,2,0.013584055006504059,0.0,24645.19921875
EleutherAI/pythia-70m,128,step128,70426624,6,8,85,0,3,0.01376605499535799,0.0,24645.19921875
EleutherAI/pythia-70m,128,step128,70426624,6,8,85,0,4,0.01597215048968792,0.0,24645.19921875
EleutherAI/pythia-70m,128,step128,70426624,6,8,85,0,5,0.014639723114669323,0.0,24645.19921875
EleutherAI/pythia-70m,128,step128,70426624,6,8,85,0,6,0.013530132360756397,0.0,24645.19921875
EleutherAI/pythia-70m,128,step128,70426624,6,8,85,0,7,0.013939113356173038,0.0,24645.19921875
EleutherAI/pythia-70m,128,step128,70426624,6,8,85,1,0,0.013334959745407104,0.0,24645.19921875
EleutherAI/pythia-70m,128,step128,70426624,6,8,85,1,1,0.01538248173892498,0.0,24645.19921875
EleutherAI/pythia-70m,128,step128,70426624,6,8,85,1,2,0.01315839309245348,0.0,24645.19921875
EleutherAI/pythia-70m,128,step128,70426624,6,8,85,1,3,0.013225712813436985,0.0,24645.19921875
EleutherAI/pythia-70m,128,step128,70426624,6,8,85,1,4,0.013030659407377243,0.0,24645.19921875
EleutherAI/pythia-70m,128,step128,70426624,6,8,85,1,5,0.013732923194766045,0.0,24645.19921875
EleutherAI/pythia-70m,128,step128,70426624,6,8,85,1,6,0.013367943465709686,0.0,24645.19921875
EleutherAI/pythia-70m,128,step128,70426624,6,8,85,1,7,0.013231553137302399,0.0,24645.19921875
EleutherAI/pythia-70m,128,step128,70426624,6,8,85,2,0,0.010257219895720482,0.0,24645.19921875
EleutherAI/pythia-70m,128,step128,70426624,6,8,85,2,1,0.013415765017271042,0.0,24645.19921875
EleutherAI/pythia-70m,128,step128,70426624,6,8,85,2,2,0.013376996852457523,0.0,24645.19921875
EleutherAI/pythia-70m,128,step128,70426624,6,8,85,2,3,0.010925965383648872,0.0,24645.19921875
EleutherAI/pythia-70m,128,step128,70426624,6,8,85,2,4,0.014876263216137886,0.0,24645.19921875
EleutherAI/pythia-70m,128,step128,70426624,6,8,85,2,5,0.014184410683810711,0.0,24645.19921875
EleutherAI/pythia-70m,128,step128,70426624,6,8,85,2,6,0.01474964339286089,0.0,24645.19921875
EleutherAI/pythia-70m,128,step128,70426624,6,8,85,2,7,0.013273204676806927,0.0,24645.19921875
EleutherAI/pythia-70m,128,step128,70426624,6,8,85,3,0,0.01029963418841362,0.0,24645.19921875
EleutherAI/pythia-70m,128,step128,70426624,6,8,85,3,1,0.013816258870065212,0.0,24645.19921875
EleutherAI/pythia-70m,128,step128,70426624,6,8,85,3,2,0.012131140567362309,0.0,24645.19921875
EleutherAI/pythia-70m,128,step128,70426624,6,8,85,3,3,0.011790207587182522,0.0,24645.19921875
EleutherAI/pythia-70m,128,step128,70426624,6,8,85,3,4,0.01557233091443777,0.0,24645.19921875
EleutherAI/pythia-70m,128,step128,70426624,6,8,85,3,5,0.014745006337761879,0.0,24645.19921875
EleutherAI/pythia-70m,128,step128,70426624,6,8,85,3,6,0.011209338903427124,0.0,24645.19921875
EleutherAI/pythia-70m,128,step128,70426624,6,8,85,3,7,0.012652919627726078,0.0,24645.19921875
EleutherAI/pythia-70m,128,step128,70426624,6,8,85,4,0,0.011896992102265358,0.0,24645.19921875
EleutherAI/pythia-70m,128,step128,70426624,6,8,85,4,1,0.006696158554404974,0.0,24645.19921875
EleutherAI/pythia-70m,128,step128,70426624,6,8,85,4,2,0.01285881083458662,0.0,24645.19921875
EleutherAI/pythia-70m,128,step128,70426624,6,8,85,4,3,0.011364514008164406,0.0,24645.19921875
EleutherAI/pythia-70m,128,step128,70426624,6,8,85,4,4,0.007079740986227989,0.0,24645.19921875
EleutherAI/pythia-70m,128,step128,70426624,6,8,85,4,5,0.00630943663418293,0.0,24645.19921875
EleutherAI/pythia-70m,128,step128,70426624,6,8,85,4,6,0.010898172855377197,0.0,24645.19921875
EleutherAI/pythia-70m,128,step128,70426624,6,8,85,4,7,0.010827912949025631,0.0,24645.19921875
EleutherAI/pythia-70m,128,step128,70426624,6,8,85,5,0,0.009822593070566654,0.0,24645.19921875
EleutherAI/pythia-70m,128,step128,70426624,6,8,85,5,1,0.009903869591653347,0.0,24645.19921875
EleutherAI/pythia-70m,128,step128,70426624,6,8,85,5,2,0.00854090042412281,0.0,24645.19921875
EleutherAI/pythia-70m,128,step128,70426624,6,8,85,5,3,0.010368886403739452,0.0,24645.19921875
EleutherAI/pythia-70m,128,step128,70426624,6,8,85,5,4,0.00806586816906929,0.0,24645.19921875
EleutherAI/pythia-70m,128,step128,70426624,6,8,85,5,5,0.01044222991913557,0.0,24645.19921875
EleutherAI/pythia-70m,128,step128,70426624,6,8,85,5,6,0.008204678073525429,0.0,24645.19921875
EleutherAI/pythia-70m,128,step128,70426624,6,8,85,5,7,0.007739173248410225,0.0,24645.19921875
EleutherAI/pythia-70m,128,step128,70426624,6,8,86,0,0,0.013768252916634083,0.0,24290.98046875
EleutherAI/pythia-70m,128,step128,70426624,6,8,86,0,1,0.014291911385953426,0.0,24290.98046875
EleutherAI/pythia-70m,128,step128,70426624,6,8,86,0,2,0.013252797536551952,0.0,24290.98046875
EleutherAI/pythia-70m,128,step128,70426624,6,8,86,0,3,0.013967587612569332,0.0,24290.98046875
EleutherAI/pythia-70m,128,step128,70426624,6,8,86,0,4,0.012880649417638779,0.0,24290.98046875
EleutherAI/pythia-70m,128,step128,70426624,6,8,86,0,5,0.0131303071975708,0.0,24290.98046875
EleutherAI/pythia-70m,128,step128,70426624,6,8,86,0,6,0.014307338744401932,0.0,24290.98046875
EleutherAI/pythia-70m,128,step128,70426624,6,8,86,0,7,0.012864825315773487,0.0,24290.98046875
EleutherAI/pythia-70m,128,step128,70426624,6,8,86,1,0,0.013095834292471409,0.0,24290.98046875
EleutherAI/pythia-70m,128,step128,70426624,6,8,86,1,1,0.014079272747039795,0.0,24290.98046875
EleutherAI/pythia-70m,128,step128,70426624,6,8,86,1,2,0.013322769664227962,0.0,24290.98046875
EleutherAI/pythia-70m,128,step128,70426624,6,8,86,1,3,0.013530825264751911,0.0,24290.98046875
EleutherAI/pythia-70m,128,step128,70426624,6,8,86,1,4,0.012038905173540115,0.0,24290.98046875
EleutherAI/pythia-70m,128,step128,70426624,6,8,86,1,5,0.016539232805371284,0.0,24290.98046875
EleutherAI/pythia-70m,128,step128,70426624,6,8,86,1,6,0.013252108357846737,0.0,24290.98046875
EleutherAI/pythia-70m,128,step128,70426624,6,8,86,1,7,0.014393934980034828,0.0,24290.98046875
EleutherAI/pythia-70m,128,step128,70426624,6,8,86,2,0,0.010874887928366661,0.0,24290.98046875
EleutherAI/pythia-70m,128,step128,70426624,6,8,86,2,1,0.013362349011003971,0.0,24290.98046875
EleutherAI/pythia-70m,128,step128,70426624,6,8,86,2,2,0.014208860695362091,0.0,24290.98046875
EleutherAI/pythia-70m,128,step128,70426624,6,8,86,2,3,0.010867505334317684,0.0,24290.98046875
EleutherAI/pythia-70m,128,step128,70426624,6,8,86,2,4,0.01300157979130745,0.0,24290.98046875
EleutherAI/pythia-70m,128,step128,70426624,6,8,86,2,5,0.012631107121706009,0.0,24290.98046875
EleutherAI/pythia-70m,128,step128,70426624,6,8,86,2,6,0.013862445019185543,0.0,24290.98046875
EleutherAI/pythia-70m,128,step128,70426624,6,8,86,2,7,0.013233385980129242,0.0,24290.98046875
EleutherAI/pythia-70m,128,step128,70426624,6,8,86,3,0,0.010570835322141647,0.0,24290.98046875
EleutherAI/pythia-70m,128,step128,70426624,6,8,86,3,1,0.012859287671744823,0.0,24290.98046875
EleutherAI/pythia-70m,128,step128,70426624,6,8,86,3,2,0.012406740337610245,0.0,24290.98046875
EleutherAI/pythia-70m,128,step128,70426624,6,8,86,3,3,0.014654546044766903,0.0,24290.98046875
EleutherAI/pythia-70m,128,step128,70426624,6,8,86,3,4,0.014597037807106972,0.0,24290.98046875
EleutherAI/pythia-70m,128,step128,70426624,6,8,86,3,5,0.012507300823926926,0.0,24290.98046875
EleutherAI/pythia-70m,128,step128,70426624,6,8,86,3,6,0.012747308239340782,0.0,24290.98046875
EleutherAI/pythia-70m,128,step128,70426624,6,8,86,3,7,0.012520822696387768,0.0,24290.98046875
EleutherAI/pythia-70m,128,step128,70426624,6,8,86,4,0,0.010259756818413734,0.0,24290.98046875
EleutherAI/pythia-70m,128,step128,70426624,6,8,86,4,1,0.008774404413998127,0.0,24290.98046875
EleutherAI/pythia-70m,128,step128,70426624,6,8,86,4,2,0.012038975022733212,0.0,24290.98046875
EleutherAI/pythia-70m,128,step128,70426624,6,8,86,4,3,0.012951941229403019,0.0,24290.98046875
EleutherAI/pythia-70m,128,step128,70426624,6,8,86,4,4,0.007184709422290325,0.0,24290.98046875
EleutherAI/pythia-70m,128,step128,70426624,6,8,86,4,5,0.0072828782722353935,0.0,24290.98046875
EleutherAI/pythia-70m,128,step128,70426624,6,8,86,4,6,0.011310925707221031,0.0,24290.98046875
EleutherAI/pythia-70m,128,step128,70426624,6,8,86,4,7,0.011831767857074738,0.0,24290.98046875
EleutherAI/pythia-70m,128,step128,70426624,6,8,86,5,0,0.009997635148465633,0.0,24290.98046875
EleutherAI/pythia-70m,128,step128,70426624,6,8,86,5,1,0.011742185801267624,0.0,24290.98046875
EleutherAI/pythia-70m,128,step128,70426624,6,8,86,5,2,0.010052536614239216,0.0,24290.98046875
EleutherAI/pythia-70m,128,step128,70426624,6,8,86,5,3,0.01244774367660284,0.0,24290.98046875
EleutherAI/pythia-70m,128,step128,70426624,6,8,86,5,4,0.00857177097350359,0.0,24290.98046875
EleutherAI/pythia-70m,128,step128,70426624,6,8,86,5,5,0.01086757704615593,0.0,24290.98046875
EleutherAI/pythia-70m,128,step128,70426624,6,8,86,5,6,0.008772130124270916,0.0,24290.98046875
EleutherAI/pythia-70m,128,step128,70426624,6,8,86,5,7,0.0075470805168151855,0.0,24290.98046875
EleutherAI/pythia-70m,128,step128,70426624,6,8,87,0,0,0.013036392629146576,0.0,24541.919921875
EleutherAI/pythia-70m,128,step128,70426624,6,8,87,0,1,0.01434282772243023,0.0,24541.919921875
EleutherAI/pythia-70m,128,step128,70426624,6,8,87,0,2,0.013671397231519222,0.0,24541.919921875
EleutherAI/pythia-70m,128,step128,70426624,6,8,87,0,3,0.01497163251042366,0.0,24541.919921875
EleutherAI/pythia-70m,128,step128,70426624,6,8,87,0,4,0.012711732648313046,0.0,24541.919921875
EleutherAI/pythia-70m,128,step128,70426624,6,8,87,0,5,0.014342107810080051,0.0,24541.919921875
EleutherAI/pythia-70m,128,step128,70426624,6,8,87,0,6,0.013282060623168945,0.0,24541.919921875
EleutherAI/pythia-70m,128,step128,70426624,6,8,87,0,7,0.014165394008159637,0.0,24541.919921875
EleutherAI/pythia-70m,128,step128,70426624,6,8,87,1,0,0.012368992902338505,0.0,24541.919921875
EleutherAI/pythia-70m,128,step128,70426624,6,8,87,1,1,0.012407555244863033,0.0,24541.919921875
EleutherAI/pythia-70m,128,step128,70426624,6,8,87,1,2,0.01263066753745079,0.0,24541.919921875
EleutherAI/pythia-70m,128,step128,70426624,6,8,87,1,3,0.012658996507525444,0.0,24541.919921875
EleutherAI/pythia-70m,128,step128,70426624,6,8,87,1,4,0.011708502657711506,0.0,24541.919921875
EleutherAI/pythia-70m,128,step128,70426624,6,8,87,1,5,0.013783791102468967,0.0,24541.919921875
EleutherAI/pythia-70m,128,step128,70426624,6,8,87,1,6,0.012998111546039581,0.0,24541.919921875
EleutherAI/pythia-70m,128,step128,70426624,6,8,87,1,7,0.013210712932050228,0.0,24541.919921875
EleutherAI/pythia-70m,128,step128,70426624,6,8,87,2,0,0.010726487264037132,0.0,24541.919921875
EleutherAI/pythia-70m,128,step128,70426624,6,8,87,2,1,0.014268639497458935,0.0,24541.919921875
EleutherAI/pythia-70m,128,step128,70426624,6,8,87,2,2,0.013043278828263283,0.0,24541.919921875
EleutherAI/pythia-70m,128,step128,70426624,6,8,87,2,3,0.010229707695543766,0.0,24541.919921875
EleutherAI/pythia-70m,128,step128,70426624,6,8,87,2,4,0.012098977342247963,0.0,24541.919921875
EleutherAI/pythia-70m,128,step128,70426624,6,8,87,2,5,0.015586026944220066,0.0,24541.919921875
EleutherAI/pythia-70m,128,step128,70426624,6,8,87,2,6,0.012870601378381252,0.0,24541.919921875
EleutherAI/pythia-70m,128,step128,70426624,6,8,87,2,7,0.012381648644804955,0.0,24541.919921875
EleutherAI/pythia-70m,128,step128,70426624,6,8,87,3,0,0.011141045019030571,0.0,24541.919921875
EleutherAI/pythia-70m,128,step128,70426624,6,8,87,3,1,0.012092488817870617,0.0,24541.919921875
EleutherAI/pythia-70m,128,step128,70426624,6,8,87,3,2,0.012785897590219975,0.0,24541.919921875
EleutherAI/pythia-70m,128,step128,70426624,6,8,87,3,3,0.011426934972405434,0.0,24541.919921875
EleutherAI/pythia-70m,128,step128,70426624,6,8,87,3,4,0.013861404731869698,0.0,24541.919921875
EleutherAI/pythia-70m,128,step128,70426624,6,8,87,3,5,0.012363826856017113,0.0,24541.919921875
EleutherAI/pythia-70m,128,step128,70426624,6,8,87,3,6,0.012271118350327015,0.0,24541.919921875
EleutherAI/pythia-70m,128,step128,70426624,6,8,87,3,7,0.013802863657474518,0.0,24541.919921875
EleutherAI/pythia-70m,128,step128,70426624,6,8,87,4,0,0.01251930557191372,0.0,24541.919921875
EleutherAI/pythia-70m,128,step128,70426624,6,8,87,4,1,0.007251088507473469,0.0,24541.919921875
EleutherAI/pythia-70m,128,step128,70426624,6,8,87,4,2,0.012157194316387177,0.0,24541.919921875
EleutherAI/pythia-70m,128,step128,70426624,6,8,87,4,3,0.0131734199821949,0.0,24541.919921875
EleutherAI/pythia-70m,128,step128,70426624,6,8,87,4,4,0.006448015570640564,0.0,24541.919921875
EleutherAI/pythia-70m,128,step128,70426624,6,8,87,4,5,0.0073343608528375626,0.0,24541.919921875
EleutherAI/pythia-70m,128,step128,70426624,6,8,87,4,6,0.01153518632054329,0.0,24541.919921875
EleutherAI/pythia-70m,128,step128,70426624,6,8,87,4,7,0.01177307590842247,0.0,24541.919921875
EleutherAI/pythia-70m,128,step128,70426624,6,8,87,5,0,0.010809559375047684,0.0,24541.919921875
EleutherAI/pythia-70m,128,step128,70426624,6,8,87,5,1,0.010507483035326004,0.0,24541.919921875
EleutherAI/pythia-70m,128,step128,70426624,6,8,87,5,2,0.008880848996341228,0.0,24541.919921875
EleutherAI/pythia-70m,128,step128,70426624,6,8,87,5,3,0.011154897511005402,0.0,24541.919921875
EleutherAI/pythia-70m,128,step128,70426624,6,8,87,5,4,0.008430062793195248,0.0,24541.919921875
EleutherAI/pythia-70m,128,step128,70426624,6,8,87,5,5,0.009546772576868534,0.0,24541.919921875
EleutherAI/pythia-70m,128,step128,70426624,6,8,87,5,6,0.007768190931528807,0.0,24541.919921875
EleutherAI/pythia-70m,128,step128,70426624,6,8,87,5,7,0.008329883217811584,0.0,24541.919921875
EleutherAI/pythia-70m,128,step128,70426624,6,8,88,0,0,0.013244829140603542,0.0,27726.400390625
EleutherAI/pythia-70m,128,step128,70426624,6,8,88,0,1,0.013993646018207073,0.0,27726.400390625
EleutherAI/pythia-70m,128,step128,70426624,6,8,88,0,2,0.014259064570069313,0.0,27726.400390625
EleutherAI/pythia-70m,128,step128,70426624,6,8,88,0,3,0.013472839258611202,0.0,27726.400390625
EleutherAI/pythia-70m,128,step128,70426624,6,8,88,0,4,0.013389239087700844,0.0,27726.400390625
EleutherAI/pythia-70m,128,step128,70426624,6,8,88,0,5,0.013066662475466728,0.0,27726.400390625
EleutherAI/pythia-70m,128,step128,70426624,6,8,88,0,6,0.013074618764221668,0.0,27726.400390625
EleutherAI/pythia-70m,128,step128,70426624,6,8,88,0,7,0.01509424764662981,0.0,27726.400390625
EleutherAI/pythia-70m,128,step128,70426624,6,8,88,1,0,0.014158221893012524,0.0,27726.400390625
EleutherAI/pythia-70m,128,step128,70426624,6,8,88,1,1,0.01348600722849369,0.0,27726.400390625
EleutherAI/pythia-70m,128,step128,70426624,6,8,88,1,2,0.01443544402718544,0.0,27726.400390625
EleutherAI/pythia-70m,128,step128,70426624,6,8,88,1,3,0.012118681333959103,0.0,27726.400390625
EleutherAI/pythia-70m,128,step128,70426624,6,8,88,1,4,0.01281922310590744,0.0,27726.400390625
EleutherAI/pythia-70m,128,step128,70426624,6,8,88,1,5,0.014499422162771225,0.0,27726.400390625
EleutherAI/pythia-70m,128,step128,70426624,6,8,88,1,6,0.013836405239999294,0.0,27726.400390625
EleutherAI/pythia-70m,128,step128,70426624,6,8,88,1,7,0.014297856017947197,0.0,27726.400390625
EleutherAI/pythia-70m,128,step128,70426624,6,8,88,2,0,0.01060054823756218,0.0,27726.400390625
EleutherAI/pythia-70m,128,step128,70426624,6,8,88,2,1,0.013337373733520508,0.0,27726.400390625
EleutherAI/pythia-70m,128,step128,70426624,6,8,88,2,2,0.013252048753201962,0.0,27726.400390625
EleutherAI/pythia-70m,128,step128,70426624,6,8,88,2,3,0.01022136490792036,0.0,27726.400390625
EleutherAI/pythia-70m,128,step128,70426624,6,8,88,2,4,0.012034413404762745,0.0,27726.400390625
EleutherAI/pythia-70m,128,step128,70426624,6,8,88,2,5,0.01472228392958641,0.0,27726.400390625
EleutherAI/pythia-70m,128,step128,70426624,6,8,88,2,6,0.012741822749376297,0.0,27726.400390625
EleutherAI/pythia-70m,128,step128,70426624,6,8,88,2,7,0.011782189831137657,0.0,27726.400390625
EleutherAI/pythia-70m,128,step128,70426624,6,8,88,3,0,0.012289979495108128,0.0,27726.400390625
EleutherAI/pythia-70m,128,step128,70426624,6,8,88,3,1,0.012937321327626705,0.0,27726.400390625
EleutherAI/pythia-70m,128,step128,70426624,6,8,88,3,2,0.011793485842645168,0.0,27726.400390625
EleutherAI/pythia-70m,128,step128,70426624,6,8,88,3,3,0.01269217487424612,0.0,27726.400390625
EleutherAI/pythia-70m,128,step128,70426624,6,8,88,3,4,0.013957110233604908,0.0,27726.400390625
EleutherAI/pythia-70m,128,step128,70426624,6,8,88,3,5,0.01470786239951849,0.0,27726.400390625
EleutherAI/pythia-70m,128,step128,70426624,6,8,88,3,6,0.012668446637690067,0.0,27726.400390625
EleutherAI/pythia-70m,128,step128,70426624,6,8,88,3,7,0.014649901539087296,0.0,27726.400390625
EleutherAI/pythia-70m,128,step128,70426624,6,8,88,4,0,0.010105547495186329,0.0,27726.400390625
EleutherAI/pythia-70m,128,step128,70426624,6,8,88,4,1,0.0085495226085186,0.0,27726.400390625
EleutherAI/pythia-70m,128,step128,70426624,6,8,88,4,2,0.010243023745715618,0.0,27726.400390625
EleutherAI/pythia-70m,128,step128,70426624,6,8,88,4,3,0.012011871673166752,0.0,27726.400390625
EleutherAI/pythia-70m,128,step128,70426624,6,8,88,4,4,0.007235725410282612,0.0,27726.400390625
EleutherAI/pythia-70m,128,step128,70426624,6,8,88,4,5,0.0065169441513717175,0.0,27726.400390625
EleutherAI/pythia-70m,128,step128,70426624,6,8,88,4,6,0.012624778784811497,0.0,27726.400390625
EleutherAI/pythia-70m,128,step128,70426624,6,8,88,4,7,0.011644167825579643,0.0,27726.400390625
EleutherAI/pythia-70m,128,step128,70426624,6,8,88,5,0,0.009669494815170765,0.0,27726.400390625
EleutherAI/pythia-70m,128,step128,70426624,6,8,88,5,1,0.010247957892715931,0.0,27726.400390625
EleutherAI/pythia-70m,128,step128,70426624,6,8,88,5,2,0.0094246044754982,0.0,27726.400390625
EleutherAI/pythia-70m,128,step128,70426624,6,8,88,5,3,0.014305626973509789,0.0,27726.400390625
EleutherAI/pythia-70m,128,step128,70426624,6,8,88,5,4,0.00850460771471262,0.0,27726.400390625
EleutherAI/pythia-70m,128,step128,70426624,6,8,88,5,5,0.010183317586779594,0.0,27726.400390625
EleutherAI/pythia-70m,128,step128,70426624,6,8,88,5,6,0.007912117056548595,0.0,27726.400390625
EleutherAI/pythia-70m,128,step128,70426624,6,8,88,5,7,0.007335049100220203,0.0,27726.400390625
EleutherAI/pythia-70m,128,step128,70426624,6,8,89,0,0,0.014132349751889706,0.0,24118.240234375
EleutherAI/pythia-70m,128,step128,70426624,6,8,89,0,1,0.012705767527222633,0.0,24118.240234375
EleutherAI/pythia-70m,128,step128,70426624,6,8,89,0,2,0.013396032154560089,0.0,24118.240234375
EleutherAI/pythia-70m,128,step128,70426624,6,8,89,0,3,0.013951488770544529,0.0,24118.240234375
EleutherAI/pythia-70m,128,step128,70426624,6,8,89,0,4,0.01438742782920599,0.0,24118.240234375
EleutherAI/pythia-70m,128,step128,70426624,6,8,89,0,5,0.012594316154718399,0.0,24118.240234375
EleutherAI/pythia-70m,128,step128,70426624,6,8,89,0,6,0.01340875867754221,0.0,24118.240234375
EleutherAI/pythia-70m,128,step128,70426624,6,8,89,0,7,0.014733945950865746,0.0,24118.240234375
EleutherAI/pythia-70m,128,step128,70426624,6,8,89,1,0,0.013585798442363739,0.0,24118.240234375
EleutherAI/pythia-70m,128,step128,70426624,6,8,89,1,1,0.013876632787287235,0.0,24118.240234375
EleutherAI/pythia-70m,128,step128,70426624,6,8,89,1,2,0.014188358560204506,0.0,24118.240234375
EleutherAI/pythia-70m,128,step128,70426624,6,8,89,1,3,0.012605816125869751,0.0,24118.240234375
EleutherAI/pythia-70m,128,step128,70426624,6,8,89,1,4,0.014148375950753689,0.0,24118.240234375
EleutherAI/pythia-70m,128,step128,70426624,6,8,89,1,5,0.013114280998706818,0.0,24118.240234375
EleutherAI/pythia-70m,128,step128,70426624,6,8,89,1,6,0.013033399358391762,0.0,24118.240234375
EleutherAI/pythia-70m,128,step128,70426624,6,8,89,1,7,0.011949937790632248,0.0,24118.240234375
EleutherAI/pythia-70m,128,step128,70426624,6,8,89,2,0,0.009897388517856598,0.0,24118.240234375
EleutherAI/pythia-70m,128,step128,70426624,6,8,89,2,1,0.013109749183058739,0.0,24118.240234375
EleutherAI/pythia-70m,128,step128,70426624,6,8,89,2,2,0.012747070752084255,0.0,24118.240234375
EleutherAI/pythia-70m,128,step128,70426624,6,8,89,2,3,0.011634236201643944,0.0,24118.240234375
EleutherAI/pythia-70m,128,step128,70426624,6,8,89,2,4,0.012247459031641483,0.0,24118.240234375
EleutherAI/pythia-70m,128,step128,70426624,6,8,89,2,5,0.013550503179430962,0.0,24118.240234375
EleutherAI/pythia-70m,128,step128,70426624,6,8,89,2,6,0.013426253572106361,0.0,24118.240234375
EleutherAI/pythia-70m,128,step128,70426624,6,8,89,2,7,0.01421013567596674,0.0,24118.240234375
EleutherAI/pythia-70m,128,step128,70426624,6,8,89,3,0,0.014627291820943356,0.0,24118.240234375
EleutherAI/pythia-70m,128,step128,70426624,6,8,89,3,1,0.012251789681613445,0.0,24118.240234375
EleutherAI/pythia-70m,128,step128,70426624,6,8,89,3,2,0.011961286887526512,0.0,24118.240234375
EleutherAI/pythia-70m,128,step128,70426624,6,8,89,3,3,0.014310494996607304,0.0,24118.240234375
EleutherAI/pythia-70m,128,step128,70426624,6,8,89,3,4,0.015166490338742733,0.0,24118.240234375
EleutherAI/pythia-70m,128,step128,70426624,6,8,89,3,5,0.013530118390917778,0.0,24118.240234375
EleutherAI/pythia-70m,128,step128,70426624,6,8,89,3,6,0.013568231835961342,0.0,24118.240234375
EleutherAI/pythia-70m,128,step128,70426624,6,8,89,3,7,0.012314796447753906,0.0,24118.240234375
EleutherAI/pythia-70m,128,step128,70426624,6,8,89,4,0,0.009680130518972874,0.0,24118.240234375
EleutherAI/pythia-70m,128,step128,70426624,6,8,89,4,1,0.007447457406669855,0.0,24118.240234375
EleutherAI/pythia-70m,128,step128,70426624,6,8,89,4,2,0.009681647643446922,0.0,24118.240234375
EleutherAI/pythia-70m,128,step128,70426624,6,8,89,4,3,0.012939414009451866,0.0,24118.240234375
EleutherAI/pythia-70m,128,step128,70426624,6,8,89,4,4,0.008924067951738834,0.0,24118.240234375
EleutherAI/pythia-70m,128,step128,70426624,6,8,89,4,5,0.006774710491299629,0.0,24118.240234375
EleutherAI/pythia-70m,128,step128,70426624,6,8,89,4,6,0.014314603991806507,0.0,24118.240234375
EleutherAI/pythia-70m,128,step128,70426624,6,8,89,4,7,0.01091101486235857,0.0,24118.240234375
EleutherAI/pythia-70m,128,step128,70426624,6,8,89,5,0,0.010969354771077633,0.0,24118.240234375
EleutherAI/pythia-70m,128,step128,70426624,6,8,89,5,1,0.010075528174638748,0.0,24118.240234375
EleutherAI/pythia-70m,128,step128,70426624,6,8,89,5,2,0.009422807954251766,0.0,24118.240234375
EleutherAI/pythia-70m,128,step128,70426624,6,8,89,5,3,0.013817863538861275,0.0,24118.240234375
EleutherAI/pythia-70m,128,step128,70426624,6,8,89,5,4,0.007367634680122137,0.0,24118.240234375
EleutherAI/pythia-70m,128,step128,70426624,6,8,89,5,5,0.010544423013925552,0.0,24118.240234375
EleutherAI/pythia-70m,128,step128,70426624,6,8,89,5,6,0.008055237121880054,0.0,24118.240234375
EleutherAI/pythia-70m,128,step128,70426624,6,8,89,5,7,0.008451944217085838,0.0,24118.240234375
EleutherAI/pythia-70m,128,step128,70426624,6,8,90,0,0,0.012635533697903156,0.0,28210.1796875
EleutherAI/pythia-70m,128,step128,70426624,6,8,90,0,1,0.013674869202077389,0.0,28210.1796875
EleutherAI/pythia-70m,128,step128,70426624,6,8,90,0,2,0.013340340927243233,0.0,28210.1796875
EleutherAI/pythia-70m,128,step128,70426624,6,8,90,0,3,0.013935702852904797,0.0,28210.1796875
EleutherAI/pythia-70m,128,step128,70426624,6,8,90,0,4,0.013356971554458141,0.0,28210.1796875
EleutherAI/pythia-70m,128,step128,70426624,6,8,90,0,5,0.012408459559082985,0.0,28210.1796875
EleutherAI/pythia-70m,128,step128,70426624,6,8,90,0,6,0.012441125698387623,0.0,28210.1796875
EleutherAI/pythia-70m,128,step128,70426624,6,8,90,0,7,0.013675633817911148,0.0,28210.1796875
EleutherAI/pythia-70m,128,step128,70426624,6,8,90,1,0,0.015480761416256428,0.0,28210.1796875
EleutherAI/pythia-70m,128,step128,70426624,6,8,90,1,1,0.013338335789740086,0.0,28210.1796875
EleutherAI/pythia-70m,128,step128,70426624,6,8,90,1,2,0.012648181058466434,0.0,28210.1796875
EleutherAI/pythia-70m,128,step128,70426624,6,8,90,1,3,0.012600362300872803,0.0,28210.1796875
EleutherAI/pythia-70m,128,step128,70426624,6,8,90,1,4,0.012264770455658436,0.0,28210.1796875
EleutherAI/pythia-70m,128,step128,70426624,6,8,90,1,5,0.014207971282303333,0.0,28210.1796875
EleutherAI/pythia-70m,128,step128,70426624,6,8,90,1,6,0.012890291400253773,0.0,28210.1796875
EleutherAI/pythia-70m,128,step128,70426624,6,8,90,1,7,0.014797542244195938,0.0,28210.1796875
EleutherAI/pythia-70m,128,step128,70426624,6,8,90,2,0,0.011265864595770836,0.0,28210.1796875
EleutherAI/pythia-70m,128,step128,70426624,6,8,90,2,1,0.013455715961754322,0.0,28210.1796875
EleutherAI/pythia-70m,128,step128,70426624,6,8,90,2,2,0.013690412975847721,0.0,28210.1796875
EleutherAI/pythia-70m,128,step128,70426624,6,8,90,2,3,0.011228973045945168,0.0,28210.1796875
EleutherAI/pythia-70m,128,step128,70426624,6,8,90,2,4,0.013582768850028515,0.0,28210.1796875
EleutherAI/pythia-70m,128,step128,70426624,6,8,90,2,5,0.013370092026889324,0.0,28210.1796875
EleutherAI/pythia-70m,128,step128,70426624,6,8,90,2,6,0.01391412504017353,0.0,28210.1796875
EleutherAI/pythia-70m,128,step128,70426624,6,8,90,2,7,0.014398464933037758,0.0,28210.1796875
EleutherAI/pythia-70m,128,step128,70426624,6,8,90,3,0,0.012847203761339188,0.0,28210.1796875
EleutherAI/pythia-70m,128,step128,70426624,6,8,90,3,1,0.01293502002954483,0.0,28210.1796875
EleutherAI/pythia-70m,128,step128,70426624,6,8,90,3,2,0.011589540168642998,0.0,28210.1796875
EleutherAI/pythia-70m,128,step128,70426624,6,8,90,3,3,0.012417392805218697,0.0,28210.1796875
EleutherAI/pythia-70m,128,step128,70426624,6,8,90,3,4,0.015430036932229996,0.0,28210.1796875
EleutherAI/pythia-70m,128,step128,70426624,6,8,90,3,5,0.013544351793825626,0.0,28210.1796875
EleutherAI/pythia-70m,128,step128,70426624,6,8,90,3,6,0.011568319983780384,0.0,28210.1796875
EleutherAI/pythia-70m,128,step128,70426624,6,8,90,3,7,0.011483737267553806,0.0,28210.1796875
EleutherAI/pythia-70m,128,step128,70426624,6,8,90,4,0,0.010992719791829586,0.0,28210.1796875
EleutherAI/pythia-70m,128,step128,70426624,6,8,90,4,1,0.007914862595498562,0.0,28210.1796875
EleutherAI/pythia-70m,128,step128,70426624,6,8,90,4,2,0.01255783997476101,0.0,28210.1796875
EleutherAI/pythia-70m,128,step128,70426624,6,8,90,4,3,0.011070728302001953,0.0,28210.1796875
EleutherAI/pythia-70m,128,step128,70426624,6,8,90,4,4,0.009858442470431328,0.0,28210.1796875
EleutherAI/pythia-70m,128,step128,70426624,6,8,90,4,5,0.007041252683848143,0.0,28210.1796875
EleutherAI/pythia-70m,128,step128,70426624,6,8,90,4,6,0.011286008171737194,0.0,28210.1796875
EleutherAI/pythia-70m,128,step128,70426624,6,8,90,4,7,0.010721514001488686,0.0,28210.1796875
EleutherAI/pythia-70m,128,step128,70426624,6,8,90,5,0,0.00880064070224762,0.0,28210.1796875
EleutherAI/pythia-70m,128,step128,70426624,6,8,90,5,1,0.00921955332159996,0.0,28210.1796875
EleutherAI/pythia-70m,128,step128,70426624,6,8,90,5,2,0.00847481470555067,0.0,28210.1796875
EleutherAI/pythia-70m,128,step128,70426624,6,8,90,5,3,0.010463722050189972,0.0,28210.1796875
EleutherAI/pythia-70m,128,step128,70426624,6,8,90,5,4,0.008394422940909863,0.0,28210.1796875
EleutherAI/pythia-70m,128,step128,70426624,6,8,90,5,5,0.010267939418554306,0.0,28210.1796875
EleutherAI/pythia-70m,128,step128,70426624,6,8,90,5,6,0.008606609888374805,0.0,28210.1796875
EleutherAI/pythia-70m,128,step128,70426624,6,8,90,5,7,0.0072426386177539825,0.0,28210.1796875
EleutherAI/pythia-70m,128,step128,70426624,6,8,91,0,0,0.013716106303036213,0.0,25739.400390625
EleutherAI/pythia-70m,128,step128,70426624,6,8,91,0,1,0.0139838932082057,0.0,25739.400390625
EleutherAI/pythia-70m,128,step128,70426624,6,8,91,0,2,0.013482567854225636,0.0,25739.400390625
EleutherAI/pythia-70m,128,step128,70426624,6,8,91,0,3,0.014343595132231712,0.0,25739.400390625
EleutherAI/pythia-70m,128,step128,70426624,6,8,91,0,4,0.014596364460885525,0.0,25739.400390625
EleutherAI/pythia-70m,128,step128,70426624,6,8,91,0,5,0.01390882208943367,0.0,25739.400390625
EleutherAI/pythia-70m,128,step128,70426624,6,8,91,0,6,0.014163524843752384,0.0,25739.400390625
EleutherAI/pythia-70m,128,step128,70426624,6,8,91,0,7,0.014472942799329758,0.0,25739.400390625
EleutherAI/pythia-70m,128,step128,70426624,6,8,91,1,0,0.012561005540192127,0.0,25739.400390625
EleutherAI/pythia-70m,128,step128,70426624,6,8,91,1,1,0.013654446229338646,0.0,25739.400390625
EleutherAI/pythia-70m,128,step128,70426624,6,8,91,1,2,0.01273505948483944,0.0,25739.400390625
EleutherAI/pythia-70m,128,step128,70426624,6,8,91,1,3,0.013854405842721462,0.0,25739.400390625
EleutherAI/pythia-70m,128,step128,70426624,6,8,91,1,4,0.012196962721645832,0.0,25739.400390625
EleutherAI/pythia-70m,128,step128,70426624,6,8,91,1,5,0.012734410353004932,0.0,25739.400390625
EleutherAI/pythia-70m,128,step128,70426624,6,8,91,1,6,0.01267689187079668,0.0,25739.400390625
EleutherAI/pythia-70m,128,step128,70426624,6,8,91,1,7,0.014084088616073132,0.0,25739.400390625
EleutherAI/pythia-70m,128,step128,70426624,6,8,91,2,0,0.011433141306042671,0.0,25739.400390625
EleutherAI/pythia-70m,128,step128,70426624,6,8,91,2,1,0.014800355769693851,0.0,25739.400390625
EleutherAI/pythia-70m,128,step128,70426624,6,8,91,2,2,0.013736804947257042,0.0,25739.400390625
EleutherAI/pythia-70m,128,step128,70426624,6,8,91,2,3,0.011584584601223469,0.0,25739.400390625
EleutherAI/pythia-70m,128,step128,70426624,6,8,91,2,4,0.013238308019936085,0.0,25739.400390625
EleutherAI/pythia-70m,128,step128,70426624,6,8,91,2,5,0.014512731693685055,0.0,25739.400390625
EleutherAI/pythia-70m,128,step128,70426624,6,8,91,2,6,0.014429760165512562,0.0,25739.400390625
EleutherAI/pythia-70m,128,step128,70426624,6,8,91,2,7,0.012594662606716156,0.0,25739.400390625
EleutherAI/pythia-70m,128,step128,70426624,6,8,91,3,0,0.010371658019721508,0.0,25739.400390625
EleutherAI/pythia-70m,128,step128,70426624,6,8,91,3,1,0.013638317584991455,0.0,25739.400390625
EleutherAI/pythia-70m,128,step128,70426624,6,8,91,3,2,0.010617847554385662,0.0,25739.400390625
EleutherAI/pythia-70m,128,step128,70426624,6,8,91,3,3,0.01258022990077734,0.0,25739.400390625
EleutherAI/pythia-70m,128,step128,70426624,6,8,91,3,4,0.01519091334193945,0.0,25739.400390625
EleutherAI/pythia-70m,128,step128,70426624,6,8,91,3,5,0.013086821883916855,0.0,25739.400390625
EleutherAI/pythia-70m,128,step128,70426624,6,8,91,3,6,0.011576872318983078,0.0,25739.400390625
EleutherAI/pythia-70m,128,step128,70426624,6,8,91,3,7,0.013028857298195362,0.0,25739.400390625
EleutherAI/pythia-70m,128,step128,70426624,6,8,91,4,0,0.012589232064783573,0.0,25739.400390625
EleutherAI/pythia-70m,128,step128,70426624,6,8,91,4,1,0.006681457627564669,0.0,25739.400390625
EleutherAI/pythia-70m,128,step128,70426624,6,8,91,4,2,0.01220608502626419,0.0,25739.400390625
EleutherAI/pythia-70m,128,step128,70426624,6,8,91,4,3,0.012437660247087479,0.0,25739.400390625
EleutherAI/pythia-70m,128,step128,70426624,6,8,91,4,4,0.0072953831404447556,0.0,25739.400390625
EleutherAI/pythia-70m,128,step128,70426624,6,8,91,4,5,0.007794048637151718,0.0,25739.400390625
EleutherAI/pythia-70m,128,step128,70426624,6,8,91,4,6,0.010269338265061378,0.0,25739.400390625
EleutherAI/pythia-70m,128,step128,70426624,6,8,91,4,7,0.011760251596570015,0.0,25739.400390625
EleutherAI/pythia-70m,128,step128,70426624,6,8,91,5,0,0.009894900023937225,0.0,25739.400390625
EleutherAI/pythia-70m,128,step128,70426624,6,8,91,5,1,0.00951219629496336,0.0,25739.400390625
EleutherAI/pythia-70m,128,step128,70426624,6,8,91,5,2,0.009137812070548534,0.0,25739.400390625
EleutherAI/pythia-70m,128,step128,70426624,6,8,91,5,3,0.009675050154328346,0.0,25739.400390625
EleutherAI/pythia-70m,128,step128,70426624,6,8,91,5,4,0.007514468859881163,0.0,25739.400390625
EleutherAI/pythia-70m,128,step128,70426624,6,8,91,5,5,0.010893077589571476,0.0,25739.400390625
EleutherAI/pythia-70m,128,step128,70426624,6,8,91,5,6,0.00791282206773758,0.0,25739.400390625
EleutherAI/pythia-70m,128,step128,70426624,6,8,91,5,7,0.0074955131858587265,0.0,25739.400390625
EleutherAI/pythia-70m,128,step128,70426624,6,8,92,0,0,0.012897614389657974,0.0,26427.5
EleutherAI/pythia-70m,128,step128,70426624,6,8,92,0,1,0.01460101455450058,0.0,26427.5
EleutherAI/pythia-70m,128,step128,70426624,6,8,92,0,2,0.012154761701822281,0.0,26427.5
EleutherAI/pythia-70m,128,step128,70426624,6,8,92,0,3,0.013758072629570961,0.0,26427.5
EleutherAI/pythia-70m,128,step128,70426624,6,8,92,0,4,0.014180800877511501,0.0,26427.5
EleutherAI/pythia-70m,128,step128,70426624,6,8,92,0,5,0.013693668879568577,0.0,26427.5
EleutherAI/pythia-70m,128,step128,70426624,6,8,92,0,6,0.012961357831954956,0.0,26427.5
EleutherAI/pythia-70m,128,step128,70426624,6,8,92,0,7,0.013863928616046906,0.0,26427.5
EleutherAI/pythia-70m,128,step128,70426624,6,8,92,1,0,0.012149062007665634,0.0,26427.5
EleutherAI/pythia-70m,128,step128,70426624,6,8,92,1,1,0.01311572827398777,0.0,26427.5
EleutherAI/pythia-70m,128,step128,70426624,6,8,92,1,2,0.013087850995361805,0.0,26427.5
EleutherAI/pythia-70m,128,step128,70426624,6,8,92,1,3,0.013208525255322456,0.0,26427.5
EleutherAI/pythia-70m,128,step128,70426624,6,8,92,1,4,0.01253555528819561,0.0,26427.5
EleutherAI/pythia-70m,128,step128,70426624,6,8,92,1,5,0.013045254163444042,0.0,26427.5
EleutherAI/pythia-70m,128,step128,70426624,6,8,92,1,6,0.013471067883074284,0.0,26427.5
EleutherAI/pythia-70m,128,step128,70426624,6,8,92,1,7,0.01349920779466629,0.0,26427.5
EleutherAI/pythia-70m,128,step128,70426624,6,8,92,2,0,0.009894032031297684,0.0,26427.5
EleutherAI/pythia-70m,128,step128,70426624,6,8,92,2,1,0.014663571491837502,0.0,26427.5
EleutherAI/pythia-70m,128,step128,70426624,6,8,92,2,2,0.014798001386225224,0.0,26427.5
EleutherAI/pythia-70m,128,step128,70426624,6,8,92,2,3,0.009117573499679565,0.0,26427.5
EleutherAI/pythia-70m,128,step128,70426624,6,8,92,2,4,0.013394409790635109,0.0,26427.5
EleutherAI/pythia-70m,128,step128,70426624,6,8,92,2,5,0.013891522772610188,0.0,26427.5
EleutherAI/pythia-70m,128,step128,70426624,6,8,92,2,6,0.014845154248178005,0.0,26427.5
EleutherAI/pythia-70m,128,step128,70426624,6,8,92,2,7,0.012643285095691681,0.0,26427.5
EleutherAI/pythia-70m,128,step128,70426624,6,8,92,3,0,0.011914699338376522,0.0,26427.5
EleutherAI/pythia-70m,128,step128,70426624,6,8,92,3,1,0.011513734236359596,0.0,26427.5
EleutherAI/pythia-70m,128,step128,70426624,6,8,92,3,2,0.012401836924254894,0.0,26427.5
EleutherAI/pythia-70m,128,step128,70426624,6,8,92,3,3,0.011495862156152725,0.0,26427.5
EleutherAI/pythia-70m,128,step128,70426624,6,8,92,3,4,0.013805389404296875,0.0,26427.5
EleutherAI/pythia-70m,128,step128,70426624,6,8,92,3,5,0.015381512232124805,0.0,26427.5
EleutherAI/pythia-70m,128,step128,70426624,6,8,92,3,6,0.013085710816085339,0.0,26427.5
EleutherAI/pythia-70m,128,step128,70426624,6,8,92,3,7,0.014289634302258492,0.0,26427.5
EleutherAI/pythia-70m,128,step128,70426624,6,8,92,4,0,0.009700600057840347,0.0,26427.5
EleutherAI/pythia-70m,128,step128,70426624,6,8,92,4,1,0.009268421679735184,0.0,26427.5
EleutherAI/pythia-70m,128,step128,70426624,6,8,92,4,2,0.00994839146733284,0.0,26427.5
EleutherAI/pythia-70m,128,step128,70426624,6,8,92,4,3,0.012157946825027466,0.0,26427.5
EleutherAI/pythia-70m,128,step128,70426624,6,8,92,4,4,0.007810601498931646,0.0,26427.5
EleutherAI/pythia-70m,128,step128,70426624,6,8,92,4,5,0.006942350883036852,0.0,26427.5
EleutherAI/pythia-70m,128,step128,70426624,6,8,92,4,6,0.011671730317175388,0.0,26427.5
EleutherAI/pythia-70m,128,step128,70426624,6,8,92,4,7,0.01071900874376297,0.0,26427.5
EleutherAI/pythia-70m,128,step128,70426624,6,8,92,5,0,0.010843876749277115,0.0,26427.5
EleutherAI/pythia-70m,128,step128,70426624,6,8,92,5,1,0.00971310120075941,0.0,26427.5
EleutherAI/pythia-70m,128,step128,70426624,6,8,92,5,2,0.008275988511741161,0.0,26427.5
EleutherAI/pythia-70m,128,step128,70426624,6,8,92,5,3,0.011378144845366478,0.0,26427.5
EleutherAI/pythia-70m,128,step128,70426624,6,8,92,5,4,0.006340367719531059,0.0,26427.5
EleutherAI/pythia-70m,128,step128,70426624,6,8,92,5,5,0.009677241556346416,0.0,26427.5
EleutherAI/pythia-70m,128,step128,70426624,6,8,92,5,6,0.006857320666313171,0.0,26427.5
EleutherAI/pythia-70m,128,step128,70426624,6,8,92,5,7,0.007416544947773218,0.0,26427.5
EleutherAI/pythia-70m,128,step128,70426624,6,8,93,0,0,0.014447287656366825,0.0,26363.4609375
EleutherAI/pythia-70m,128,step128,70426624,6,8,93,0,1,0.013397684320807457,0.0,26363.4609375
EleutherAI/pythia-70m,128,step128,70426624,6,8,93,0,2,0.014016252011060715,0.0,26363.4609375
EleutherAI/pythia-70m,128,step128,70426624,6,8,93,0,3,0.013364916667342186,0.0,26363.4609375
EleutherAI/pythia-70m,128,step128,70426624,6,8,93,0,4,0.013056759722530842,0.0,26363.4609375
EleutherAI/pythia-70m,128,step128,70426624,6,8,93,0,5,0.014402240514755249,0.0,26363.4609375
EleutherAI/pythia-70m,128,step128,70426624,6,8,93,0,6,0.013625063933432102,0.0,26363.4609375
EleutherAI/pythia-70m,128,step128,70426624,6,8,93,0,7,0.012930185534060001,0.0,26363.4609375
EleutherAI/pythia-70m,128,step128,70426624,6,8,93,1,0,0.012542873620986938,0.0,26363.4609375
EleutherAI/pythia-70m,128,step128,70426624,6,8,93,1,1,0.014593870379030704,0.0,26363.4609375
EleutherAI/pythia-70m,128,step128,70426624,6,8,93,1,2,0.011475229635834694,0.0,26363.4609375
EleutherAI/pythia-70m,128,step128,70426624,6,8,93,1,3,0.014234917238354683,0.0,26363.4609375
EleutherAI/pythia-70m,128,step128,70426624,6,8,93,1,4,0.012622559443116188,0.0,26363.4609375
EleutherAI/pythia-70m,128,step128,70426624,6,8,93,1,5,0.013254707679152489,0.0,26363.4609375
EleutherAI/pythia-70m,128,step128,70426624,6,8,93,1,6,0.012101995758712292,0.0,26363.4609375
EleutherAI/pythia-70m,128,step128,70426624,6,8,93,1,7,0.013447701930999756,0.0,26363.4609375
EleutherAI/pythia-70m,128,step128,70426624,6,8,93,2,0,0.010764598846435547,0.0,26363.4609375
EleutherAI/pythia-70m,128,step128,70426624,6,8,93,2,1,0.01380144152790308,0.0,26363.4609375
EleutherAI/pythia-70m,128,step128,70426624,6,8,93,2,2,0.012058787047863007,0.0,26363.4609375
EleutherAI/pythia-70m,128,step128,70426624,6,8,93,2,3,0.011257815174758434,0.0,26363.4609375
EleutherAI/pythia-70m,128,step128,70426624,6,8,93,2,4,0.010795566253364086,0.0,26363.4609375
EleutherAI/pythia-70m,128,step128,70426624,6,8,93,2,5,0.013731122016906738,0.0,26363.4609375
EleutherAI/pythia-70m,128,step128,70426624,6,8,93,2,6,0.012275457382202148,0.0,26363.4609375
EleutherAI/pythia-70m,128,step128,70426624,6,8,93,2,7,0.012309073470532894,0.0,26363.4609375
EleutherAI/pythia-70m,128,step128,70426624,6,8,93,3,0,0.01127114612609148,0.0,26363.4609375
EleutherAI/pythia-70m,128,step128,70426624,6,8,93,3,1,0.012766513973474503,0.0,26363.4609375
EleutherAI/pythia-70m,128,step128,70426624,6,8,93,3,2,0.011944477446377277,0.0,26363.4609375
EleutherAI/pythia-70m,128,step128,70426624,6,8,93,3,3,0.012533805333077908,0.0,26363.4609375
EleutherAI/pythia-70m,128,step128,70426624,6,8,93,3,4,0.013131038285791874,0.0,26363.4609375
EleutherAI/pythia-70m,128,step128,70426624,6,8,93,3,5,0.01377092394977808,0.0,26363.4609375
EleutherAI/pythia-70m,128,step128,70426624,6,8,93,3,6,0.011626848950982094,0.0,26363.4609375
EleutherAI/pythia-70m,128,step128,70426624,6,8,93,3,7,0.012704241089522839,0.0,26363.4609375
EleutherAI/pythia-70m,128,step128,70426624,6,8,93,4,0,0.0096212700009346,0.0,26363.4609375
EleutherAI/pythia-70m,128,step128,70426624,6,8,93,4,1,0.007929805666208267,0.0,26363.4609375
EleutherAI/pythia-70m,128,step128,70426624,6,8,93,4,2,0.012572147883474827,0.0,26363.4609375
EleutherAI/pythia-70m,128,step128,70426624,6,8,93,4,3,0.012034947983920574,0.0,26363.4609375
EleutherAI/pythia-70m,128,step128,70426624,6,8,93,4,4,0.007331856992095709,0.0,26363.4609375
EleutherAI/pythia-70m,128,step128,70426624,6,8,93,4,5,0.0056572407484054565,0.0,26363.4609375
EleutherAI/pythia-70m,128,step128,70426624,6,8,93,4,6,0.010864488780498505,0.0,26363.4609375
EleutherAI/pythia-70m,128,step128,70426624,6,8,93,4,7,0.011359755881130695,0.0,26363.4609375
EleutherAI/pythia-70m,128,step128,70426624,6,8,93,5,0,0.008587448857724667,0.0,26363.4609375
EleutherAI/pythia-70m,128,step128,70426624,6,8,93,5,1,0.010082249529659748,0.0,26363.4609375
EleutherAI/pythia-70m,128,step128,70426624,6,8,93,5,2,0.009301885031163692,0.0,26363.4609375
EleutherAI/pythia-70m,128,step128,70426624,6,8,93,5,3,0.00957497488707304,0.0,26363.4609375
EleutherAI/pythia-70m,128,step128,70426624,6,8,93,5,4,0.007613403722643852,0.0,26363.4609375
EleutherAI/pythia-70m,128,step128,70426624,6,8,93,5,5,0.011463558301329613,0.0,26363.4609375
EleutherAI/pythia-70m,128,step128,70426624,6,8,93,5,6,0.007013955153524876,0.0,26363.4609375
EleutherAI/pythia-70m,128,step128,70426624,6,8,93,5,7,0.0055846949107944965,0.0,26363.4609375
EleutherAI/pythia-70m,128,step128,70426624,6,8,94,0,0,0.015920862555503845,0.0,25344.119140625
EleutherAI/pythia-70m,128,step128,70426624,6,8,94,0,1,0.012943866662681103,0.0,25344.119140625
EleutherAI/pythia-70m,128,step128,70426624,6,8,94,0,2,0.0154047179967165,0.0,25344.119140625
EleutherAI/pythia-70m,128,step128,70426624,6,8,94,0,3,0.013396755792200565,0.0,25344.119140625
EleutherAI/pythia-70m,128,step128,70426624,6,8,94,0,4,0.013827314600348473,0.0,25344.119140625
EleutherAI/pythia-70m,128,step128,70426624,6,8,94,0,5,0.013957690447568893,0.0,25344.119140625
EleutherAI/pythia-70m,128,step128,70426624,6,8,94,0,6,0.014709741808474064,0.0,25344.119140625
EleutherAI/pythia-70m,128,step128,70426624,6,8,94,0,7,0.013924412429332733,0.0,25344.119140625
EleutherAI/pythia-70m,128,step128,70426624,6,8,94,1,0,0.01371794380247593,0.0,25344.119140625
EleutherAI/pythia-70m,128,step128,70426624,6,8,94,1,1,0.014065992087125778,0.0,25344.119140625
EleutherAI/pythia-70m,128,step128,70426624,6,8,94,1,2,0.01303631067276001,0.0,25344.119140625
EleutherAI/pythia-70m,128,step128,70426624,6,8,94,1,3,0.012206618674099445,0.0,25344.119140625
EleutherAI/pythia-70m,128,step128,70426624,6,8,94,1,4,0.011973422951996326,0.0,25344.119140625
EleutherAI/pythia-70m,128,step128,70426624,6,8,94,1,5,0.013311795890331268,0.0,25344.119140625
EleutherAI/pythia-70m,128,step128,70426624,6,8,94,1,6,0.012369563803076744,0.0,25344.119140625
EleutherAI/pythia-70m,128,step128,70426624,6,8,94,1,7,0.013353493064641953,0.0,25344.119140625
EleutherAI/pythia-70m,128,step128,70426624,6,8,94,2,0,0.010623796842992306,0.0,25344.119140625
EleutherAI/pythia-70m,128,step128,70426624,6,8,94,2,1,0.013677580282092094,0.0,25344.119140625
EleutherAI/pythia-70m,128,step128,70426624,6,8,94,2,2,0.013354207389056683,0.0,25344.119140625
EleutherAI/pythia-70m,128,step128,70426624,6,8,94,2,3,0.011312892660498619,0.0,25344.119140625
EleutherAI/pythia-70m,128,step128,70426624,6,8,94,2,4,0.013305961154401302,0.0,25344.119140625
EleutherAI/pythia-70m,128,step128,70426624,6,8,94,2,5,0.014352795667946339,0.0,25344.119140625
EleutherAI/pythia-70m,128,step128,70426624,6,8,94,2,6,0.013255448080599308,0.0,25344.119140625
EleutherAI/pythia-70m,128,step128,70426624,6,8,94,2,7,0.012206990271806717,0.0,25344.119140625
EleutherAI/pythia-70m,128,step128,70426624,6,8,94,3,0,0.011737233027815819,0.0,25344.119140625
EleutherAI/pythia-70m,128,step128,70426624,6,8,94,3,1,0.014513080939650536,0.0,25344.119140625
EleutherAI/pythia-70m,128,step128,70426624,6,8,94,3,2,0.011610363610088825,0.0,25344.119140625
EleutherAI/pythia-70m,128,step128,70426624,6,8,94,3,3,0.012271417304873466,0.0,25344.119140625
EleutherAI/pythia-70m,128,step128,70426624,6,8,94,3,4,0.013532262295484543,0.0,25344.119140625
EleutherAI/pythia-70m,128,step128,70426624,6,8,94,3,5,0.014467754401266575,0.0,25344.119140625
EleutherAI/pythia-70m,128,step128,70426624,6,8,94,3,6,0.012057044543325901,0.0,25344.119140625
EleutherAI/pythia-70m,128,step128,70426624,6,8,94,3,7,0.014258824288845062,0.0,25344.119140625
EleutherAI/pythia-70m,128,step128,70426624,6,8,94,4,0,0.010801084339618683,0.0,25344.119140625
EleutherAI/pythia-70m,128,step128,70426624,6,8,94,4,1,0.008121710270643234,0.0,25344.119140625
EleutherAI/pythia-70m,128,step128,70426624,6,8,94,4,2,0.009861720725893974,0.0,25344.119140625
EleutherAI/pythia-70m,128,step128,70426624,6,8,94,4,3,0.012214197777211666,0.0,25344.119140625
EleutherAI/pythia-70m,128,step128,70426624,6,8,94,4,4,0.009656564332544804,0.0,25344.119140625
EleutherAI/pythia-70m,128,step128,70426624,6,8,94,4,5,0.00798370223492384,0.0,25344.119140625
EleutherAI/pythia-70m,128,step128,70426624,6,8,94,4,6,0.01019621267914772,0.0,25344.119140625
EleutherAI/pythia-70m,128,step128,70426624,6,8,94,4,7,0.011531531810760498,0.0,25344.119140625
EleutherAI/pythia-70m,128,step128,70426624,6,8,94,5,0,0.009076324291527271,0.0,25344.119140625
EleutherAI/pythia-70m,128,step128,70426624,6,8,94,5,1,0.010574026964604855,0.0,25344.119140625
EleutherAI/pythia-70m,128,step128,70426624,6,8,94,5,2,0.011419259011745453,0.0,25344.119140625
EleutherAI/pythia-70m,128,step128,70426624,6,8,94,5,3,0.009926863014698029,0.0,25344.119140625
EleutherAI/pythia-70m,128,step128,70426624,6,8,94,5,4,0.009175493381917477,0.0,25344.119140625
EleutherAI/pythia-70m,128,step128,70426624,6,8,94,5,5,0.011168915778398514,0.0,25344.119140625
EleutherAI/pythia-70m,128,step128,70426624,6,8,94,5,6,0.007618039846420288,0.0,25344.119140625
EleutherAI/pythia-70m,128,step128,70426624,6,8,94,5,7,0.007699631620198488,0.0,25344.119140625
EleutherAI/pythia-70m,128,step128,70426624,6,8,95,0,0,0.013972279615700245,0.0,24724.619140625
EleutherAI/pythia-70m,128,step128,70426624,6,8,95,0,1,0.013932433910667896,0.0,24724.619140625
EleutherAI/pythia-70m,128,step128,70426624,6,8,95,0,2,0.013073224574327469,0.0,24724.619140625
EleutherAI/pythia-70m,128,step128,70426624,6,8,95,0,3,0.013936646282672882,0.0,24724.619140625
EleutherAI/pythia-70m,128,step128,70426624,6,8,95,0,4,0.014462964609265327,0.0,24724.619140625
EleutherAI/pythia-70m,128,step128,70426624,6,8,95,0,5,0.013608863577246666,0.0,24724.619140625
EleutherAI/pythia-70m,128,step128,70426624,6,8,95,0,6,0.014042195864021778,0.0,24724.619140625
EleutherAI/pythia-70m,128,step128,70426624,6,8,95,0,7,0.01266682893037796,0.0,24724.619140625
EleutherAI/pythia-70m,128,step128,70426624,6,8,95,1,0,0.012539374642074108,0.0,24724.619140625
EleutherAI/pythia-70m,128,step128,70426624,6,8,95,1,1,0.013675854541361332,0.0,24724.619140625
EleutherAI/pythia-70m,128,step128,70426624,6,8,95,1,2,0.01351434737443924,0.0,24724.619140625
EleutherAI/pythia-70m,128,step128,70426624,6,8,95,1,3,0.013941168785095215,0.0,24724.619140625
EleutherAI/pythia-70m,128,step128,70426624,6,8,95,1,4,0.0130796292796731,0.0,24724.619140625
EleutherAI/pythia-70m,128,step128,70426624,6,8,95,1,5,0.013829675503075123,0.0,24724.619140625
EleutherAI/pythia-70m,128,step128,70426624,6,8,95,1,6,0.012400886975228786,0.0,24724.619140625
EleutherAI/pythia-70m,128,step128,70426624,6,8,95,1,7,0.01264629140496254,0.0,24724.619140625
EleutherAI/pythia-70m,128,step128,70426624,6,8,95,2,0,0.011882137507200241,0.0,24724.619140625
EleutherAI/pythia-70m,128,step128,70426624,6,8,95,2,1,0.017215874046087265,0.0,24724.619140625
EleutherAI/pythia-70m,128,step128,70426624,6,8,95,2,2,0.015098107047379017,0.0,24724.619140625
EleutherAI/pythia-70m,128,step128,70426624,6,8,95,2,3,0.012421626597642899,0.0,24724.619140625
EleutherAI/pythia-70m,128,step128,70426624,6,8,95,2,4,0.013937351293861866,0.0,24724.619140625
EleutherAI/pythia-70m,128,step128,70426624,6,8,95,2,5,0.015892699360847473,0.0,24724.619140625
EleutherAI/pythia-70m,128,step128,70426624,6,8,95,2,6,0.015596216544508934,0.0,24724.619140625
EleutherAI/pythia-70m,128,step128,70426624,6,8,95,2,7,0.013111181557178497,0.0,24724.619140625
EleutherAI/pythia-70m,128,step128,70426624,6,8,95,3,0,0.010710351169109344,0.0,24724.619140625
EleutherAI/pythia-70m,128,step128,70426624,6,8,95,3,1,0.013106691651046276,0.0,24724.619140625
EleutherAI/pythia-70m,128,step128,70426624,6,8,95,3,2,0.012350251898169518,0.0,24724.619140625
EleutherAI/pythia-70m,128,step128,70426624,6,8,95,3,3,0.011805849149823189,0.0,24724.619140625
EleutherAI/pythia-70m,128,step128,70426624,6,8,95,3,4,0.015968933701515198,0.0,24724.619140625
EleutherAI/pythia-70m,128,step128,70426624,6,8,95,3,5,0.012575213797390461,0.0,24724.619140625
EleutherAI/pythia-70m,128,step128,70426624,6,8,95,3,6,0.01312109362334013,0.0,24724.619140625
EleutherAI/pythia-70m,128,step128,70426624,6,8,95,3,7,0.012476141564548016,0.0,24724.619140625
EleutherAI/pythia-70m,128,step128,70426624,6,8,95,4,0,0.010686451569199562,0.0,24724.619140625
EleutherAI/pythia-70m,128,step128,70426624,6,8,95,4,1,0.007850426249206066,0.0,24724.619140625
EleutherAI/pythia-70m,128,step128,70426624,6,8,95,4,2,0.010214822366833687,0.0,24724.619140625
EleutherAI/pythia-70m,128,step128,70426624,6,8,95,4,3,0.011715185828506947,0.0,24724.619140625
EleutherAI/pythia-70m,128,step128,70426624,6,8,95,4,4,0.006406561005860567,0.0,24724.619140625
EleutherAI/pythia-70m,128,step128,70426624,6,8,95,4,5,0.008041894063353539,0.0,24724.619140625
EleutherAI/pythia-70m,128,step128,70426624,6,8,95,4,6,0.012684846296906471,0.0,24724.619140625
EleutherAI/pythia-70m,128,step128,70426624,6,8,95,4,7,0.00980277732014656,0.0,24724.619140625
EleutherAI/pythia-70m,128,step128,70426624,6,8,95,5,0,0.00907970406115055,0.0,24724.619140625
EleutherAI/pythia-70m,128,step128,70426624,6,8,95,5,1,0.010203089565038681,0.0,24724.619140625
EleutherAI/pythia-70m,128,step128,70426624,6,8,95,5,2,0.009134761989116669,0.0,24724.619140625
EleutherAI/pythia-70m,128,step128,70426624,6,8,95,5,3,0.010763256810605526,0.0,24724.619140625
EleutherAI/pythia-70m,128,step128,70426624,6,8,95,5,4,0.006862330250442028,0.0,24724.619140625
EleutherAI/pythia-70m,128,step128,70426624,6,8,95,5,5,0.010485551320016384,0.0,24724.619140625
EleutherAI/pythia-70m,128,step128,70426624,6,8,95,5,6,0.008159808814525604,0.0,24724.619140625
EleutherAI/pythia-70m,128,step128,70426624,6,8,95,5,7,0.006602209992706776,0.0,24724.619140625
EleutherAI/pythia-70m,128,step128,70426624,6,8,96,0,0,0.014043230563402176,0.0,25688.48046875
EleutherAI/pythia-70m,128,step128,70426624,6,8,96,0,1,0.01371845044195652,0.0,25688.48046875
EleutherAI/pythia-70m,128,step128,70426624,6,8,96,0,2,0.013578107580542564,0.0,25688.48046875
EleutherAI/pythia-70m,128,step128,70426624,6,8,96,0,3,0.013442128896713257,0.0,25688.48046875
EleutherAI/pythia-70m,128,step128,70426624,6,8,96,0,4,0.014698739163577557,0.0,25688.48046875
EleutherAI/pythia-70m,128,step128,70426624,6,8,96,0,5,0.016031742095947266,0.0,25688.48046875
EleutherAI/pythia-70m,128,step128,70426624,6,8,96,0,6,0.014397845603525639,0.0,25688.48046875
EleutherAI/pythia-70m,128,step128,70426624,6,8,96,0,7,0.013827727176249027,0.0,25688.48046875
EleutherAI/pythia-70m,128,step128,70426624,6,8,96,1,0,0.012698083184659481,0.0,25688.48046875
EleutherAI/pythia-70m,128,step128,70426624,6,8,96,1,1,0.013552154414355755,0.0,25688.48046875
EleutherAI/pythia-70m,128,step128,70426624,6,8,96,1,2,0.013035607524216175,0.0,25688.48046875
EleutherAI/pythia-70m,128,step128,70426624,6,8,96,1,3,0.01339658536016941,0.0,25688.48046875
EleutherAI/pythia-70m,128,step128,70426624,6,8,96,1,4,0.014028508216142654,0.0,25688.48046875
EleutherAI/pythia-70m,128,step128,70426624,6,8,96,1,5,0.013285312801599503,0.0,25688.48046875
EleutherAI/pythia-70m,128,step128,70426624,6,8,96,1,6,0.012640874832868576,0.0,25688.48046875
EleutherAI/pythia-70m,128,step128,70426624,6,8,96,1,7,0.014771781861782074,0.0,25688.48046875
EleutherAI/pythia-70m,128,step128,70426624,6,8,96,2,0,0.01168642845004797,0.0,25688.48046875
EleutherAI/pythia-70m,128,step128,70426624,6,8,96,2,1,0.01334343757480383,0.0,25688.48046875
EleutherAI/pythia-70m,128,step128,70426624,6,8,96,2,2,0.012865406461060047,0.0,25688.48046875
EleutherAI/pythia-70m,128,step128,70426624,6,8,96,2,3,0.010404263623058796,0.0,25688.48046875
EleutherAI/pythia-70m,128,step128,70426624,6,8,96,2,4,0.013785642571747303,0.0,25688.48046875
EleutherAI/pythia-70m,128,step128,70426624,6,8,96,2,5,0.014397554099559784,0.0,25688.48046875
EleutherAI/pythia-70m,128,step128,70426624,6,8,96,2,6,0.013766434043645859,0.0,25688.48046875
EleutherAI/pythia-70m,128,step128,70426624,6,8,96,2,7,0.009989364072680473,0.0,25688.48046875
EleutherAI/pythia-70m,128,step128,70426624,6,8,96,3,0,0.010553824715316296,0.0,25688.48046875
EleutherAI/pythia-70m,128,step128,70426624,6,8,96,3,1,0.011689783073961735,0.0,25688.48046875
EleutherAI/pythia-70m,128,step128,70426624,6,8,96,3,2,0.010787938721477985,0.0,25688.48046875
EleutherAI/pythia-70m,128,step128,70426624,6,8,96,3,3,0.013378561474382877,0.0,25688.48046875
EleutherAI/pythia-70m,128,step128,70426624,6,8,96,3,4,0.013721492141485214,0.0,25688.48046875
EleutherAI/pythia-70m,128,step128,70426624,6,8,96,3,5,0.014442489482462406,0.0,25688.48046875
EleutherAI/pythia-70m,128,step128,70426624,6,8,96,3,6,0.012683933600783348,0.0,25688.48046875
EleutherAI/pythia-70m,128,step128,70426624,6,8,96,3,7,0.012075969949364662,0.0,25688.48046875
EleutherAI/pythia-70m,128,step128,70426624,6,8,96,4,0,0.010843965224921703,0.0,25688.48046875
EleutherAI/pythia-70m,128,step128,70426624,6,8,96,4,1,0.008761211298406124,0.0,25688.48046875
EleutherAI/pythia-70m,128,step128,70426624,6,8,96,4,2,0.010020948946475983,0.0,25688.48046875
EleutherAI/pythia-70m,128,step128,70426624,6,8,96,4,3,0.012454032897949219,0.0,25688.48046875
EleutherAI/pythia-70m,128,step128,70426624,6,8,96,4,4,0.0074170357547700405,0.0,25688.48046875
EleutherAI/pythia-70m,128,step128,70426624,6,8,96,4,5,0.0066657960414886475,0.0,25688.48046875
EleutherAI/pythia-70m,128,step128,70426624,6,8,96,4,6,0.01202727947384119,0.0,25688.48046875
EleutherAI/pythia-70m,128,step128,70426624,6,8,96,4,7,0.011103788390755653,0.0,25688.48046875
EleutherAI/pythia-70m,128,step128,70426624,6,8,96,5,0,0.010119854472577572,0.0,25688.48046875
EleutherAI/pythia-70m,128,step128,70426624,6,8,96,5,1,0.008879069238901138,0.0,25688.48046875
EleutherAI/pythia-70m,128,step128,70426624,6,8,96,5,2,0.008698496036231518,0.0,25688.48046875
EleutherAI/pythia-70m,128,step128,70426624,6,8,96,5,3,0.010173957794904709,0.0,25688.48046875
EleutherAI/pythia-70m,128,step128,70426624,6,8,96,5,4,0.008321252651512623,0.0,25688.48046875
EleutherAI/pythia-70m,128,step128,70426624,6,8,96,5,5,0.010420615784823895,0.0,25688.48046875
EleutherAI/pythia-70m,128,step128,70426624,6,8,96,5,6,0.009454850107431412,0.0,25688.48046875
EleutherAI/pythia-70m,128,step128,70426624,6,8,96,5,7,0.007777396589517593,0.0,25688.48046875
EleutherAI/pythia-70m,128,step128,70426624,6,8,97,0,0,0.01317864190787077,0.0,28157.759765625
EleutherAI/pythia-70m,128,step128,70426624,6,8,97,0,1,0.012511934153735638,0.0,28157.759765625
EleutherAI/pythia-70m,128,step128,70426624,6,8,97,0,2,0.013914239592850208,0.0,28157.759765625
EleutherAI/pythia-70m,128,step128,70426624,6,8,97,0,3,0.014356667175889015,0.0,28157.759765625
EleutherAI/pythia-70m,128,step128,70426624,6,8,97,0,4,0.012519118376076221,0.0,28157.759765625
EleutherAI/pythia-70m,128,step128,70426624,6,8,97,0,5,0.014205447398126125,0.0,28157.759765625
EleutherAI/pythia-70m,128,step128,70426624,6,8,97,0,6,0.014680654741823673,0.0,28157.759765625
EleutherAI/pythia-70m,128,step128,70426624,6,8,97,0,7,0.012948141433298588,0.0,28157.759765625
EleutherAI/pythia-70m,128,step128,70426624,6,8,97,1,0,0.012440131045877934,0.0,28157.759765625
EleutherAI/pythia-70m,128,step128,70426624,6,8,97,1,1,0.013852935284376144,0.0,28157.759765625
EleutherAI/pythia-70m,128,step128,70426624,6,8,97,1,2,0.011784639209508896,0.0,28157.759765625
EleutherAI/pythia-70m,128,step128,70426624,6,8,97,1,3,0.013572675175964832,0.0,28157.759765625
EleutherAI/pythia-70m,128,step128,70426624,6,8,97,1,4,0.014041039161384106,0.0,28157.759765625
EleutherAI/pythia-70m,128,step128,70426624,6,8,97,1,5,0.014720248058438301,0.0,28157.759765625
EleutherAI/pythia-70m,128,step128,70426624,6,8,97,1,6,0.012229956686496735,0.0,28157.759765625
EleutherAI/pythia-70m,128,step128,70426624,6,8,97,1,7,0.013508089818060398,0.0,28157.759765625
EleutherAI/pythia-70m,128,step128,70426624,6,8,97,2,0,0.011183332651853561,0.0,28157.759765625
EleutherAI/pythia-70m,128,step128,70426624,6,8,97,2,1,0.01347099058330059,0.0,28157.759765625
EleutherAI/pythia-70m,128,step128,70426624,6,8,97,2,2,0.01214849017560482,0.0,28157.759765625
EleutherAI/pythia-70m,128,step128,70426624,6,8,97,2,3,0.011424642987549305,0.0,28157.759765625
EleutherAI/pythia-70m,128,step128,70426624,6,8,97,2,4,0.01275606732815504,0.0,28157.759765625
EleutherAI/pythia-70m,128,step128,70426624,6,8,97,2,5,0.012830627150833607,0.0,28157.759765625
EleutherAI/pythia-70m,128,step128,70426624,6,8,97,2,6,0.01332884281873703,0.0,28157.759765625
EleutherAI/pythia-70m,128,step128,70426624,6,8,97,2,7,0.010194799862802029,0.0,28157.759765625
EleutherAI/pythia-70m,128,step128,70426624,6,8,97,3,0,0.014486117288470268,0.0,28157.759765625
EleutherAI/pythia-70m,128,step128,70426624,6,8,97,3,1,0.012285631150007248,0.0,28157.759765625
EleutherAI/pythia-70m,128,step128,70426624,6,8,97,3,2,0.015365371480584145,0.0,28157.759765625
EleutherAI/pythia-70m,128,step128,70426624,6,8,97,3,3,0.012583588249981403,0.0,28157.759765625
EleutherAI/pythia-70m,128,step128,70426624,6,8,97,3,4,0.014238106086850166,0.0,28157.759765625
EleutherAI/pythia-70m,128,step128,70426624,6,8,97,3,5,0.018551679328083992,0.0,28157.759765625
EleutherAI/pythia-70m,128,step128,70426624,6,8,97,3,6,0.01140858419239521,0.0,28157.759765625
EleutherAI/pythia-70m,128,step128,70426624,6,8,97,3,7,0.014600634574890137,0.0,28157.759765625
EleutherAI/pythia-70m,128,step128,70426624,6,8,97,4,0,0.01042264699935913,0.0,28157.759765625
EleutherAI/pythia-70m,128,step128,70426624,6,8,97,4,1,0.009162320755422115,0.0,28157.759765625
EleutherAI/pythia-70m,128,step128,70426624,6,8,97,4,2,0.011654539965093136,0.0,28157.759765625
EleutherAI/pythia-70m,128,step128,70426624,6,8,97,4,3,0.010964702814817429,0.0,28157.759765625
EleutherAI/pythia-70m,128,step128,70426624,6,8,97,4,4,0.009270388633012772,0.0,28157.759765625
EleutherAI/pythia-70m,128,step128,70426624,6,8,97,4,5,0.00629872502759099,0.0,28157.759765625
EleutherAI/pythia-70m,128,step128,70426624,6,8,97,4,6,0.011372612789273262,0.0,28157.759765625
EleutherAI/pythia-70m,128,step128,70426624,6,8,97,4,7,0.011200618930161,0.0,28157.759765625
EleutherAI/pythia-70m,128,step128,70426624,6,8,97,5,0,0.008976518176496029,0.0,28157.759765625
EleutherAI/pythia-70m,128,step128,70426624,6,8,97,5,1,0.009883387945592403,0.0,28157.759765625
EleutherAI/pythia-70m,128,step128,70426624,6,8,97,5,2,0.009047926403582096,0.0,28157.759765625
EleutherAI/pythia-70m,128,step128,70426624,6,8,97,5,3,0.009713993407785892,0.0,28157.759765625
EleutherAI/pythia-70m,128,step128,70426624,6,8,97,5,4,0.007978043518960476,0.0,28157.759765625
EleutherAI/pythia-70m,128,step128,70426624,6,8,97,5,5,0.011097933165729046,0.0,28157.759765625
EleutherAI/pythia-70m,128,step128,70426624,6,8,97,5,6,0.007959412410855293,0.0,28157.759765625
EleutherAI/pythia-70m,128,step128,70426624,6,8,97,5,7,0.008414856158196926,0.0,28157.759765625
EleutherAI/pythia-70m,128,step128,70426624,6,8,98,0,0,0.012731925584375858,0.0,23661.900390625
EleutherAI/pythia-70m,128,step128,70426624,6,8,98,0,1,0.013520774431526661,0.0,23661.900390625
EleutherAI/pythia-70m,128,step128,70426624,6,8,98,0,2,0.014435922726988792,0.0,23661.900390625
EleutherAI/pythia-70m,128,step128,70426624,6,8,98,0,3,0.012804951518774033,0.0,23661.900390625
EleutherAI/pythia-70m,128,step128,70426624,6,8,98,0,4,0.013462457805871964,0.0,23661.900390625
EleutherAI/pythia-70m,128,step128,70426624,6,8,98,0,5,0.014063401147723198,0.0,23661.900390625
EleutherAI/pythia-70m,128,step128,70426624,6,8,98,0,6,0.013754159212112427,0.0,23661.900390625
EleutherAI/pythia-70m,128,step128,70426624,6,8,98,0,7,0.01441443432122469,0.0,23661.900390625
EleutherAI/pythia-70m,128,step128,70426624,6,8,98,1,0,0.01241958886384964,0.0,23661.900390625
EleutherAI/pythia-70m,128,step128,70426624,6,8,98,1,1,0.014128666371107101,0.0,23661.900390625
EleutherAI/pythia-70m,128,step128,70426624,6,8,98,1,2,0.01228969357907772,0.0,23661.900390625
EleutherAI/pythia-70m,128,step128,70426624,6,8,98,1,3,0.013787581585347652,0.0,23661.900390625
EleutherAI/pythia-70m,128,step128,70426624,6,8,98,1,4,0.011714433319866657,0.0,23661.900390625
EleutherAI/pythia-70m,128,step128,70426624,6,8,98,1,5,0.01247168518602848,0.0,23661.900390625
EleutherAI/pythia-70m,128,step128,70426624,6,8,98,1,6,0.013353202491998672,0.0,23661.900390625
EleutherAI/pythia-70m,128,step128,70426624,6,8,98,1,7,0.014662065543234348,0.0,23661.900390625
EleutherAI/pythia-70m,128,step128,70426624,6,8,98,2,0,0.010271784849464893,0.0,23661.900390625
EleutherAI/pythia-70m,128,step128,70426624,6,8,98,2,1,0.012864704243838787,0.0,23661.900390625
EleutherAI/pythia-70m,128,step128,70426624,6,8,98,2,2,0.01245953794568777,0.0,23661.900390625
EleutherAI/pythia-70m,128,step128,70426624,6,8,98,2,3,0.011193716898560524,0.0,23661.900390625
EleutherAI/pythia-70m,128,step128,70426624,6,8,98,2,4,0.01275852881371975,0.0,23661.900390625
EleutherAI/pythia-70m,128,step128,70426624,6,8,98,2,5,0.013885256834328175,0.0,23661.900390625
EleutherAI/pythia-70m,128,step128,70426624,6,8,98,2,6,0.01351272314786911,0.0,23661.900390625
EleutherAI/pythia-70m,128,step128,70426624,6,8,98,2,7,0.012528207153081894,0.0,23661.900390625
EleutherAI/pythia-70m,128,step128,70426624,6,8,98,3,0,0.011494879610836506,0.0,23661.900390625
EleutherAI/pythia-70m,128,step128,70426624,6,8,98,3,1,0.013278152793645859,0.0,23661.900390625
EleutherAI/pythia-70m,128,step128,70426624,6,8,98,3,2,0.011717451736330986,0.0,23661.900390625
EleutherAI/pythia-70m,128,step128,70426624,6,8,98,3,3,0.010719380341470242,0.0,23661.900390625
EleutherAI/pythia-70m,128,step128,70426624,6,8,98,3,4,0.0146830715239048,0.0,23661.900390625
EleutherAI/pythia-70m,128,step128,70426624,6,8,98,3,5,0.015016027726233006,0.0,23661.900390625
EleutherAI/pythia-70m,128,step128,70426624,6,8,98,3,6,0.013753795996308327,0.0,23661.900390625
EleutherAI/pythia-70m,128,step128,70426624,6,8,98,3,7,0.014603273943066597,0.0,23661.900390625
EleutherAI/pythia-70m,128,step128,70426624,6,8,98,4,0,0.011028212495148182,0.0,23661.900390625
EleutherAI/pythia-70m,128,step128,70426624,6,8,98,4,1,0.008959096856415272,0.0,23661.900390625
EleutherAI/pythia-70m,128,step128,70426624,6,8,98,4,2,0.009949922561645508,0.0,23661.900390625
EleutherAI/pythia-70m,128,step128,70426624,6,8,98,4,3,0.012779690325260162,0.0,23661.900390625
EleutherAI/pythia-70m,128,step128,70426624,6,8,98,4,4,0.008540039882063866,0.0,23661.900390625
EleutherAI/pythia-70m,128,step128,70426624,6,8,98,4,5,0.0072730169631540775,0.0,23661.900390625
EleutherAI/pythia-70m,128,step128,70426624,6,8,98,4,6,0.012006082572042942,0.0,23661.900390625
EleutherAI/pythia-70m,128,step128,70426624,6,8,98,4,7,0.011252228170633316,0.0,23661.900390625
EleutherAI/pythia-70m,128,step128,70426624,6,8,98,5,0,0.010961795225739479,0.0,23661.900390625
EleutherAI/pythia-70m,128,step128,70426624,6,8,98,5,1,0.010969247668981552,0.0,23661.900390625
EleutherAI/pythia-70m,128,step128,70426624,6,8,98,5,2,0.009400958195328712,0.0,23661.900390625
EleutherAI/pythia-70m,128,step128,70426624,6,8,98,5,3,0.01128784567117691,0.0,23661.900390625
EleutherAI/pythia-70m,128,step128,70426624,6,8,98,5,4,0.008042347617447376,0.0,23661.900390625
EleutherAI/pythia-70m,128,step128,70426624,6,8,98,5,5,0.009253431111574173,0.0,23661.900390625
EleutherAI/pythia-70m,128,step128,70426624,6,8,98,5,6,0.009417831897735596,0.0,23661.900390625
EleutherAI/pythia-70m,128,step128,70426624,6,8,98,5,7,0.006997200194746256,0.0,23661.900390625
EleutherAI/pythia-70m,128,step128,70426624,6,8,99,0,0,0.014265191741287708,0.0,23928.599609375
EleutherAI/pythia-70m,128,step128,70426624,6,8,99,0,1,0.015170998871326447,0.0,23928.599609375
EleutherAI/pythia-70m,128,step128,70426624,6,8,99,0,2,0.013014249503612518,0.0,23928.599609375
EleutherAI/pythia-70m,128,step128,70426624,6,8,99,0,3,0.012464937753975391,0.0,23928.599609375
EleutherAI/pythia-70m,128,step128,70426624,6,8,99,0,4,0.013209903612732887,0.0,23928.599609375
EleutherAI/pythia-70m,128,step128,70426624,6,8,99,0,5,0.014891636557877064,0.0,23928.599609375
EleutherAI/pythia-70m,128,step128,70426624,6,8,99,0,6,0.014429152011871338,0.0,23928.599609375
EleutherAI/pythia-70m,128,step128,70426624,6,8,99,0,7,0.013269557617604733,0.0,23928.599609375
EleutherAI/pythia-70m,128,step128,70426624,6,8,99,1,0,0.013345563784241676,0.0,23928.599609375
EleutherAI/pythia-70m,128,step128,70426624,6,8,99,1,1,0.01431445125490427,0.0,23928.599609375
EleutherAI/pythia-70m,128,step128,70426624,6,8,99,1,2,0.012484625913202763,0.0,23928.599609375
EleutherAI/pythia-70m,128,step128,70426624,6,8,99,1,3,0.013907883316278458,0.0,23928.599609375
EleutherAI/pythia-70m,128,step128,70426624,6,8,99,1,4,0.012100416235625744,0.0,23928.599609375
EleutherAI/pythia-70m,128,step128,70426624,6,8,99,1,5,0.014742905274033546,0.0,23928.599609375
EleutherAI/pythia-70m,128,step128,70426624,6,8,99,1,6,0.013857054524123669,0.0,23928.599609375
EleutherAI/pythia-70m,128,step128,70426624,6,8,99,1,7,0.013726895675063133,0.0,23928.599609375
EleutherAI/pythia-70m,128,step128,70426624,6,8,99,2,0,0.010240049101412296,0.0,23928.599609375
EleutherAI/pythia-70m,128,step128,70426624,6,8,99,2,1,0.012055579572916031,0.0,23928.599609375
EleutherAI/pythia-70m,128,step128,70426624,6,8,99,2,2,0.011775501072406769,0.0,23928.599609375
EleutherAI/pythia-70m,128,step128,70426624,6,8,99,2,3,0.011503618210554123,0.0,23928.599609375
EleutherAI/pythia-70m,128,step128,70426624,6,8,99,2,4,0.013531707227230072,0.0,23928.599609375
EleutherAI/pythia-70m,128,step128,70426624,6,8,99,2,5,0.013357236050069332,0.0,23928.599609375
EleutherAI/pythia-70m,128,step128,70426624,6,8,99,2,6,0.012256938964128494,0.0,23928.599609375
EleutherAI/pythia-70m,128,step128,70426624,6,8,99,2,7,0.013421695679426193,0.0,23928.599609375
EleutherAI/pythia-70m,128,step128,70426624,6,8,99,3,0,0.011078573763370514,0.0,23928.599609375
EleutherAI/pythia-70m,128,step128,70426624,6,8,99,3,1,0.013280644081532955,0.0,23928.599609375
EleutherAI/pythia-70m,128,step128,70426624,6,8,99,3,2,0.0131474444642663,0.0,23928.599609375
EleutherAI/pythia-70m,128,step128,70426624,6,8,99,3,3,0.013670992106199265,0.0,23928.599609375
EleutherAI/pythia-70m,128,step128,70426624,6,8,99,3,4,0.014538288116455078,0.0,23928.599609375
EleutherAI/pythia-70m,128,step128,70426624,6,8,99,3,5,0.014249864034354687,0.0,23928.599609375
EleutherAI/pythia-70m,128,step128,70426624,6,8,99,3,6,0.013974679633975029,0.0,23928.599609375
EleutherAI/pythia-70m,128,step128,70426624,6,8,99,3,7,0.013939332216978073,0.0,23928.599609375
EleutherAI/pythia-70m,128,step128,70426624,6,8,99,4,0,0.010100340470671654,0.0,23928.599609375
EleutherAI/pythia-70m,128,step128,70426624,6,8,99,4,1,0.007410129532217979,0.0,23928.599609375
EleutherAI/pythia-70m,128,step128,70426624,6,8,99,4,2,0.0119917131960392,0.0,23928.599609375
EleutherAI/pythia-70m,128,step128,70426624,6,8,99,4,3,0.013597884215414524,0.0,23928.599609375
EleutherAI/pythia-70m,128,step128,70426624,6,8,99,4,4,0.00777917867526412,0.0,23928.599609375
EleutherAI/pythia-70m,128,step128,70426624,6,8,99,4,5,0.0059815202839672565,0.0,23928.599609375
EleutherAI/pythia-70m,128,step128,70426624,6,8,99,4,6,0.011966424062848091,0.0,23928.599609375
EleutherAI/pythia-70m,128,step128,70426624,6,8,99,4,7,0.010912074707448483,0.0,23928.599609375
EleutherAI/pythia-70m,128,step128,70426624,6,8,99,5,0,0.009726420976221561,0.0,23928.599609375
EleutherAI/pythia-70m,128,step128,70426624,6,8,99,5,1,0.010557626374065876,0.0,23928.599609375
EleutherAI/pythia-70m,128,step128,70426624,6,8,99,5,2,0.0088350810110569,0.0,23928.599609375
EleutherAI/pythia-70m,128,step128,70426624,6,8,99,5,3,0.011099057272076607,0.0,23928.599609375
EleutherAI/pythia-70m,128,step128,70426624,6,8,99,5,4,0.008687688037753105,0.0,23928.599609375
EleutherAI/pythia-70m,128,step128,70426624,6,8,99,5,5,0.008992156013846397,0.0,23928.599609375
EleutherAI/pythia-70m,128,step128,70426624,6,8,99,5,6,0.007900922559201717,0.0,23928.599609375
EleutherAI/pythia-70m,128,step128,70426624,6,8,99,5,7,0.006811568513512611,0.0,23928.599609375
