mpath,step,revision,n_params,n_layers,n_heads,sample,layer,head,ps,ar_acc,ar_mean_rank
EleutherAI/pythia-70m,256,step256,70426624,6,8,0,0,0,0.011931159533560276,0.0,25316.01953125
EleutherAI/pythia-70m,256,step256,70426624,6,8,0,0,1,0.014755782671272755,0.0,25316.01953125
EleutherAI/pythia-70m,256,step256,70426624,6,8,0,0,2,0.01378916297107935,0.0,25316.01953125
EleutherAI/pythia-70m,256,step256,70426624,6,8,0,0,3,0.012815271504223347,0.0,25316.01953125
EleutherAI/pythia-70m,256,step256,70426624,6,8,0,0,4,0.013639133423566818,0.0,25316.01953125
EleutherAI/pythia-70m,256,step256,70426624,6,8,0,0,5,0.014058995060622692,0.0,25316.01953125
EleutherAI/pythia-70m,256,step256,70426624,6,8,0,0,6,0.01320983748883009,0.0,25316.01953125
EleutherAI/pythia-70m,256,step256,70426624,6,8,0,0,7,0.013147812336683273,0.0,25316.01953125
EleutherAI/pythia-70m,256,step256,70426624,6,8,0,1,0,0.012370061129331589,0.0,25316.01953125
EleutherAI/pythia-70m,256,step256,70426624,6,8,0,1,1,0.009747249074280262,0.0,25316.01953125
EleutherAI/pythia-70m,256,step256,70426624,6,8,0,1,2,0.008436101488769054,0.0,25316.01953125
EleutherAI/pythia-70m,256,step256,70426624,6,8,0,1,3,0.012575218454003334,0.0,25316.01953125
EleutherAI/pythia-70m,256,step256,70426624,6,8,0,1,4,0.012152057141065598,0.0,25316.01953125
EleutherAI/pythia-70m,256,step256,70426624,6,8,0,1,5,0.013959691859781742,0.0,25316.01953125
EleutherAI/pythia-70m,256,step256,70426624,6,8,0,1,6,0.013033198192715645,0.0,25316.01953125
EleutherAI/pythia-70m,256,step256,70426624,6,8,0,1,7,0.008987140841782093,0.0,25316.01953125
EleutherAI/pythia-70m,256,step256,70426624,6,8,0,2,0,0.00264472933486104,0.0,25316.01953125
EleutherAI/pythia-70m,256,step256,70426624,6,8,0,2,1,0.002918552840128541,0.0,25316.01953125
EleutherAI/pythia-70m,256,step256,70426624,6,8,0,2,2,0.006431021727621555,0.0,25316.01953125
EleutherAI/pythia-70m,256,step256,70426624,6,8,0,2,3,0.004609206225723028,0.0,25316.01953125
EleutherAI/pythia-70m,256,step256,70426624,6,8,0,2,4,0.001248480868525803,0.0,25316.01953125
EleutherAI/pythia-70m,256,step256,70426624,6,8,0,2,5,0.009794030338525772,0.0,25316.01953125
EleutherAI/pythia-70m,256,step256,70426624,6,8,0,2,6,0.010167965665459633,0.0,25316.01953125
EleutherAI/pythia-70m,256,step256,70426624,6,8,0,2,7,0.005601691547781229,0.0,25316.01953125
EleutherAI/pythia-70m,256,step256,70426624,6,8,0,3,0,0.012405555695295334,0.0,25316.01953125
EleutherAI/pythia-70m,256,step256,70426624,6,8,0,3,1,0.011038398370146751,0.0,25316.01953125
EleutherAI/pythia-70m,256,step256,70426624,6,8,0,3,2,0.002013600431382656,0.0,25316.01953125
EleutherAI/pythia-70m,256,step256,70426624,6,8,0,3,3,0.007386477198451757,0.0,25316.01953125
EleutherAI/pythia-70m,256,step256,70426624,6,8,0,3,4,0.0057024769484996796,0.0,25316.01953125
EleutherAI/pythia-70m,256,step256,70426624,6,8,0,3,5,0.01145437266677618,0.0,25316.01953125
EleutherAI/pythia-70m,256,step256,70426624,6,8,0,3,6,0.006881188601255417,0.0,25316.01953125
EleutherAI/pythia-70m,256,step256,70426624,6,8,0,3,7,0.004927774891257286,0.0,25316.01953125
EleutherAI/pythia-70m,256,step256,70426624,6,8,0,4,0,0.01232199463993311,0.0,25316.01953125
EleutherAI/pythia-70m,256,step256,70426624,6,8,0,4,1,0.012661903165280819,0.0,25316.01953125
EleutherAI/pythia-70m,256,step256,70426624,6,8,0,4,2,0.007867123931646347,0.0,25316.01953125
EleutherAI/pythia-70m,256,step256,70426624,6,8,0,4,3,0.013497967272996902,0.0,25316.01953125
EleutherAI/pythia-70m,256,step256,70426624,6,8,0,4,4,0.005617608316242695,0.0,25316.01953125
EleutherAI/pythia-70m,256,step256,70426624,6,8,0,4,5,0.00393717922270298,0.0,25316.01953125
EleutherAI/pythia-70m,256,step256,70426624,6,8,0,4,6,0.007542331237345934,0.0,25316.01953125
EleutherAI/pythia-70m,256,step256,70426624,6,8,0,4,7,0.010538976639509201,0.0,25316.01953125
EleutherAI/pythia-70m,256,step256,70426624,6,8,0,5,0,0.0027110311202704906,0.0,25316.01953125
EleutherAI/pythia-70m,256,step256,70426624,6,8,0,5,1,0.0044836918823421,0.0,25316.01953125
EleutherAI/pythia-70m,256,step256,70426624,6,8,0,5,2,0.0048254430294036865,0.0,25316.01953125
EleutherAI/pythia-70m,256,step256,70426624,6,8,0,5,3,0.0017372822621837258,0.0,25316.01953125
EleutherAI/pythia-70m,256,step256,70426624,6,8,0,5,4,0.0024093540851026773,0.0,25316.01953125
EleutherAI/pythia-70m,256,step256,70426624,6,8,0,5,5,0.0025874972343444824,0.0,25316.01953125
EleutherAI/pythia-70m,256,step256,70426624,6,8,0,5,6,0.009067938663065434,0.0,25316.01953125
EleutherAI/pythia-70m,256,step256,70426624,6,8,0,5,7,0.0012711387826129794,0.0,25316.01953125
EleutherAI/pythia-70m,256,step256,70426624,6,8,1,0,0,0.014756402932107449,0.0,24182.380859375
EleutherAI/pythia-70m,256,step256,70426624,6,8,1,0,1,0.014389070682227612,0.0,24182.380859375
EleutherAI/pythia-70m,256,step256,70426624,6,8,1,0,2,0.014216686598956585,0.0,24182.380859375
EleutherAI/pythia-70m,256,step256,70426624,6,8,1,0,3,0.014930320903658867,0.0,24182.380859375
EleutherAI/pythia-70m,256,step256,70426624,6,8,1,0,4,0.012285814620554447,0.0,24182.380859375
EleutherAI/pythia-70m,256,step256,70426624,6,8,1,0,5,0.013033831492066383,0.0,24182.380859375
EleutherAI/pythia-70m,256,step256,70426624,6,8,1,0,6,0.01426830142736435,0.0,24182.380859375
EleutherAI/pythia-70m,256,step256,70426624,6,8,1,0,7,0.014037145301699638,0.0,24182.380859375
EleutherAI/pythia-70m,256,step256,70426624,6,8,1,1,0,0.00959752406924963,0.0,24182.380859375
EleutherAI/pythia-70m,256,step256,70426624,6,8,1,1,1,0.009819640778005123,0.0,24182.380859375
EleutherAI/pythia-70m,256,step256,70426624,6,8,1,1,2,0.008244124241173267,0.0,24182.380859375
EleutherAI/pythia-70m,256,step256,70426624,6,8,1,1,3,0.011400357820093632,0.0,24182.380859375
EleutherAI/pythia-70m,256,step256,70426624,6,8,1,1,4,0.012351584620773792,0.0,24182.380859375
EleutherAI/pythia-70m,256,step256,70426624,6,8,1,1,5,0.010395138524472713,0.0,24182.380859375
EleutherAI/pythia-70m,256,step256,70426624,6,8,1,1,6,0.010354594327509403,0.0,24182.380859375
EleutherAI/pythia-70m,256,step256,70426624,6,8,1,1,7,0.00874117948114872,0.0,24182.380859375
EleutherAI/pythia-70m,256,step256,70426624,6,8,1,2,0,0.0023809971753507853,0.0,24182.380859375
EleutherAI/pythia-70m,256,step256,70426624,6,8,1,2,1,0.0036311433650553226,0.0,24182.380859375
EleutherAI/pythia-70m,256,step256,70426624,6,8,1,2,2,0.005816823337227106,0.0,24182.380859375
EleutherAI/pythia-70m,256,step256,70426624,6,8,1,2,3,0.005715661216527224,0.0,24182.380859375
EleutherAI/pythia-70m,256,step256,70426624,6,8,1,2,4,0.0019144528778269887,0.0,24182.380859375
EleutherAI/pythia-70m,256,step256,70426624,6,8,1,2,5,0.008560973219573498,0.0,24182.380859375
EleutherAI/pythia-70m,256,step256,70426624,6,8,1,2,6,0.01169417705386877,0.0,24182.380859375
EleutherAI/pythia-70m,256,step256,70426624,6,8,1,2,7,0.005909367930144072,0.0,24182.380859375
EleutherAI/pythia-70m,256,step256,70426624,6,8,1,3,0,0.00877085980027914,0.0,24182.380859375
EleutherAI/pythia-70m,256,step256,70426624,6,8,1,3,1,0.01185047160834074,0.0,24182.380859375
EleutherAI/pythia-70m,256,step256,70426624,6,8,1,3,2,0.0026999732945114374,0.0,24182.380859375
EleutherAI/pythia-70m,256,step256,70426624,6,8,1,3,3,0.009599284268915653,0.0,24182.380859375
EleutherAI/pythia-70m,256,step256,70426624,6,8,1,3,4,0.003985583782196045,0.0,24182.380859375
EleutherAI/pythia-70m,256,step256,70426624,6,8,1,3,5,0.010819572024047375,0.0,24182.380859375
EleutherAI/pythia-70m,256,step256,70426624,6,8,1,3,6,0.006137832533568144,0.0,24182.380859375
EleutherAI/pythia-70m,256,step256,70426624,6,8,1,3,7,0.007947556674480438,0.0,24182.380859375
EleutherAI/pythia-70m,256,step256,70426624,6,8,1,4,0,0.009568533860147,0.0,24182.380859375
EleutherAI/pythia-70m,256,step256,70426624,6,8,1,4,1,0.011532268486917019,0.0,24182.380859375
EleutherAI/pythia-70m,256,step256,70426624,6,8,1,4,2,0.013115901499986649,0.0,24182.380859375
EleutherAI/pythia-70m,256,step256,70426624,6,8,1,4,3,0.008795909583568573,0.0,24182.380859375
EleutherAI/pythia-70m,256,step256,70426624,6,8,1,4,4,0.008366737514734268,0.0,24182.380859375
EleutherAI/pythia-70m,256,step256,70426624,6,8,1,4,5,0.004906606860458851,0.0,24182.380859375
EleutherAI/pythia-70m,256,step256,70426624,6,8,1,4,6,0.007305363193154335,0.0,24182.380859375
EleutherAI/pythia-70m,256,step256,70426624,6,8,1,4,7,0.010755117051303387,0.0,24182.380859375
EleutherAI/pythia-70m,256,step256,70426624,6,8,1,5,0,0.003877007868140936,0.0,24182.380859375
EleutherAI/pythia-70m,256,step256,70426624,6,8,1,5,1,0.0038535853382200003,0.0,24182.380859375
EleutherAI/pythia-70m,256,step256,70426624,6,8,1,5,2,0.005250260699540377,0.0,24182.380859375
EleutherAI/pythia-70m,256,step256,70426624,6,8,1,5,3,0.0027590577956289053,0.0,24182.380859375
EleutherAI/pythia-70m,256,step256,70426624,6,8,1,5,4,0.0018943878822028637,0.0,24182.380859375
EleutherAI/pythia-70m,256,step256,70426624,6,8,1,5,5,0.0036262618377804756,0.0,24182.380859375
EleutherAI/pythia-70m,256,step256,70426624,6,8,1,5,6,0.00802743062376976,0.0,24182.380859375
EleutherAI/pythia-70m,256,step256,70426624,6,8,1,5,7,0.0017552954377606511,0.0,24182.380859375
EleutherAI/pythia-70m,256,step256,70426624,6,8,2,0,0,0.013278274796903133,0.0,25147.759765625
EleutherAI/pythia-70m,256,step256,70426624,6,8,2,0,1,0.012632484547793865,0.0,25147.759765625
EleutherAI/pythia-70m,256,step256,70426624,6,8,2,0,2,0.013372953981161118,0.0,25147.759765625
EleutherAI/pythia-70m,256,step256,70426624,6,8,2,0,3,0.014869303442537785,0.0,25147.759765625
EleutherAI/pythia-70m,256,step256,70426624,6,8,2,0,4,0.013787772506475449,0.0,25147.759765625
EleutherAI/pythia-70m,256,step256,70426624,6,8,2,0,5,0.01334011647850275,0.0,25147.759765625
EleutherAI/pythia-70m,256,step256,70426624,6,8,2,0,6,0.013836989179253578,0.0,25147.759765625
EleutherAI/pythia-70m,256,step256,70426624,6,8,2,0,7,0.013107688166201115,0.0,25147.759765625
EleutherAI/pythia-70m,256,step256,70426624,6,8,2,1,0,0.011527853086590767,0.0,25147.759765625
EleutherAI/pythia-70m,256,step256,70426624,6,8,2,1,1,0.00935327634215355,0.0,25147.759765625
EleutherAI/pythia-70m,256,step256,70426624,6,8,2,1,2,0.006606597453355789,0.0,25147.759765625
EleutherAI/pythia-70m,256,step256,70426624,6,8,2,1,3,0.012082435190677643,0.0,25147.759765625
EleutherAI/pythia-70m,256,step256,70426624,6,8,2,1,4,0.013757789507508278,0.0,25147.759765625
EleutherAI/pythia-70m,256,step256,70426624,6,8,2,1,5,0.010447715409100056,0.0,25147.759765625
EleutherAI/pythia-70m,256,step256,70426624,6,8,2,1,6,0.009135914035141468,0.0,25147.759765625
EleutherAI/pythia-70m,256,step256,70426624,6,8,2,1,7,0.008825168013572693,0.0,25147.759765625
EleutherAI/pythia-70m,256,step256,70426624,6,8,2,2,0,0.0016215562354773283,0.0,25147.759765625
EleutherAI/pythia-70m,256,step256,70426624,6,8,2,2,1,0.002439626958221197,0.0,25147.759765625
EleutherAI/pythia-70m,256,step256,70426624,6,8,2,2,2,0.005097049288451672,0.0,25147.759765625
EleutherAI/pythia-70m,256,step256,70426624,6,8,2,2,3,0.0037139274645596743,0.0,25147.759765625
EleutherAI/pythia-70m,256,step256,70426624,6,8,2,2,4,0.0009080398012883961,0.0,25147.759765625
EleutherAI/pythia-70m,256,step256,70426624,6,8,2,2,5,0.010181605815887451,0.0,25147.759765625
EleutherAI/pythia-70m,256,step256,70426624,6,8,2,2,6,0.011542107909917831,0.0,25147.759765625
EleutherAI/pythia-70m,256,step256,70426624,6,8,2,2,7,0.003900359384715557,0.0,25147.759765625
EleutherAI/pythia-70m,256,step256,70426624,6,8,2,3,0,0.010067889466881752,0.0,25147.759765625
EleutherAI/pythia-70m,256,step256,70426624,6,8,2,3,1,0.012915496714413166,0.0,25147.759765625
EleutherAI/pythia-70m,256,step256,70426624,6,8,2,3,2,0.003713988931849599,0.0,25147.759765625
EleutherAI/pythia-70m,256,step256,70426624,6,8,2,3,3,0.0053003025241196156,0.0,25147.759765625
EleutherAI/pythia-70m,256,step256,70426624,6,8,2,3,4,0.00447886623442173,0.0,25147.759765625
EleutherAI/pythia-70m,256,step256,70426624,6,8,2,3,5,0.010821323841810226,0.0,25147.759765625
EleutherAI/pythia-70m,256,step256,70426624,6,8,2,3,6,0.008138284087181091,0.0,25147.759765625
EleutherAI/pythia-70m,256,step256,70426624,6,8,2,3,7,0.005655740387737751,0.0,25147.759765625
EleutherAI/pythia-70m,256,step256,70426624,6,8,2,4,0,0.00886918231844902,0.0,25147.759765625
EleutherAI/pythia-70m,256,step256,70426624,6,8,2,4,1,0.010876345448195934,0.0,25147.759765625
EleutherAI/pythia-70m,256,step256,70426624,6,8,2,4,2,0.010397391393780708,0.0,25147.759765625
EleutherAI/pythia-70m,256,step256,70426624,6,8,2,4,3,0.01209141593426466,0.0,25147.759765625
EleutherAI/pythia-70m,256,step256,70426624,6,8,2,4,4,0.0030821282416582108,0.0,25147.759765625
EleutherAI/pythia-70m,256,step256,70426624,6,8,2,4,5,0.005508768372237682,0.0,25147.759765625
EleutherAI/pythia-70m,256,step256,70426624,6,8,2,4,6,0.008123780600726604,0.0,25147.759765625
EleutherAI/pythia-70m,256,step256,70426624,6,8,2,4,7,0.008405085653066635,0.0,25147.759765625
EleutherAI/pythia-70m,256,step256,70426624,6,8,2,5,0,0.004460302647203207,0.0,25147.759765625
EleutherAI/pythia-70m,256,step256,70426624,6,8,2,5,1,0.0036553225945681334,0.0,25147.759765625
EleutherAI/pythia-70m,256,step256,70426624,6,8,2,5,2,0.006951255723834038,0.0,25147.759765625
EleutherAI/pythia-70m,256,step256,70426624,6,8,2,5,3,0.0019912952557206154,0.0,25147.759765625
EleutherAI/pythia-70m,256,step256,70426624,6,8,2,5,4,0.0019689227920025587,0.0,25147.759765625
EleutherAI/pythia-70m,256,step256,70426624,6,8,2,5,5,0.002993415342643857,0.0,25147.759765625
EleutherAI/pythia-70m,256,step256,70426624,6,8,2,5,6,0.00999259389936924,0.0,25147.759765625
EleutherAI/pythia-70m,256,step256,70426624,6,8,2,5,7,0.001727250055409968,0.0,25147.759765625
EleutherAI/pythia-70m,256,step256,70426624,6,8,3,0,0,0.015348013490438461,0.0,26745.140625
EleutherAI/pythia-70m,256,step256,70426624,6,8,3,0,1,0.012698446400463581,0.0,26745.140625
EleutherAI/pythia-70m,256,step256,70426624,6,8,3,0,2,0.014022598043084145,0.0,26745.140625
EleutherAI/pythia-70m,256,step256,70426624,6,8,3,0,3,0.015139203518629074,0.0,26745.140625
EleutherAI/pythia-70m,256,step256,70426624,6,8,3,0,4,0.014265243895351887,0.0,26745.140625
EleutherAI/pythia-70m,256,step256,70426624,6,8,3,0,5,0.01404235977679491,0.0,26745.140625
EleutherAI/pythia-70m,256,step256,70426624,6,8,3,0,6,0.012632590718567371,0.0,26745.140625
EleutherAI/pythia-70m,256,step256,70426624,6,8,3,0,7,0.014198093675076962,0.0,26745.140625
EleutherAI/pythia-70m,256,step256,70426624,6,8,3,1,0,0.011102012358605862,0.0,26745.140625
EleutherAI/pythia-70m,256,step256,70426624,6,8,3,1,1,0.009030106477439404,0.0,26745.140625
EleutherAI/pythia-70m,256,step256,70426624,6,8,3,1,2,0.006817605346441269,0.0,26745.140625
EleutherAI/pythia-70m,256,step256,70426624,6,8,3,1,3,0.011906290426850319,0.0,26745.140625
EleutherAI/pythia-70m,256,step256,70426624,6,8,3,1,4,0.011555328033864498,0.0,26745.140625
EleutherAI/pythia-70m,256,step256,70426624,6,8,3,1,5,0.011868348345160484,0.0,26745.140625
EleutherAI/pythia-70m,256,step256,70426624,6,8,3,1,6,0.00962852593511343,0.0,26745.140625
EleutherAI/pythia-70m,256,step256,70426624,6,8,3,1,7,0.009022612124681473,0.0,26745.140625
EleutherAI/pythia-70m,256,step256,70426624,6,8,3,2,0,0.0025305605959147215,0.0,26745.140625
EleutherAI/pythia-70m,256,step256,70426624,6,8,3,2,1,0.0016640706453472376,0.0,26745.140625
EleutherAI/pythia-70m,256,step256,70426624,6,8,3,2,2,0.004277900326997042,0.0,26745.140625
EleutherAI/pythia-70m,256,step256,70426624,6,8,3,2,3,0.0034119216725230217,0.0,26745.140625
EleutherAI/pythia-70m,256,step256,70426624,6,8,3,2,4,0.0015350517351180315,0.0,26745.140625
EleutherAI/pythia-70m,256,step256,70426624,6,8,3,2,5,0.007149951532483101,0.0,26745.140625
EleutherAI/pythia-70m,256,step256,70426624,6,8,3,2,6,0.011688530445098877,0.0,26745.140625
EleutherAI/pythia-70m,256,step256,70426624,6,8,3,2,7,0.004960130900144577,0.0,26745.140625
EleutherAI/pythia-70m,256,step256,70426624,6,8,3,3,0,0.008496874943375587,0.0,26745.140625
EleutherAI/pythia-70m,256,step256,70426624,6,8,3,3,1,0.013573438860476017,0.0,26745.140625
EleutherAI/pythia-70m,256,step256,70426624,6,8,3,3,2,0.002363450825214386,0.0,26745.140625
EleutherAI/pythia-70m,256,step256,70426624,6,8,3,3,3,0.005764440167695284,0.0,26745.140625
EleutherAI/pythia-70m,256,step256,70426624,6,8,3,3,4,0.0033057285472750664,0.0,26745.140625
EleutherAI/pythia-70m,256,step256,70426624,6,8,3,3,5,0.010575946420431137,0.0,26745.140625
EleutherAI/pythia-70m,256,step256,70426624,6,8,3,3,6,0.00735419150441885,0.0,26745.140625
EleutherAI/pythia-70m,256,step256,70426624,6,8,3,3,7,0.0058906120248138905,0.0,26745.140625
EleutherAI/pythia-70m,256,step256,70426624,6,8,3,4,0,0.008056413382291794,0.0,26745.140625
EleutherAI/pythia-70m,256,step256,70426624,6,8,3,4,1,0.013036404736340046,0.0,26745.140625
EleutherAI/pythia-70m,256,step256,70426624,6,8,3,4,2,0.008744072169065475,0.0,26745.140625
EleutherAI/pythia-70m,256,step256,70426624,6,8,3,4,3,0.006251301616430283,0.0,26745.140625
EleutherAI/pythia-70m,256,step256,70426624,6,8,3,4,4,0.005210727918893099,0.0,26745.140625
EleutherAI/pythia-70m,256,step256,70426624,6,8,3,4,5,0.004364097025245428,0.0,26745.140625
EleutherAI/pythia-70m,256,step256,70426624,6,8,3,4,6,0.007517763413488865,0.0,26745.140625
EleutherAI/pythia-70m,256,step256,70426624,6,8,3,4,7,0.00813938770443201,0.0,26745.140625
EleutherAI/pythia-70m,256,step256,70426624,6,8,3,5,0,0.0021997233852744102,0.0,26745.140625
EleutherAI/pythia-70m,256,step256,70426624,6,8,3,5,1,0.002218405483290553,0.0,26745.140625
EleutherAI/pythia-70m,256,step256,70426624,6,8,3,5,2,0.0037181347142904997,0.0,26745.140625
EleutherAI/pythia-70m,256,step256,70426624,6,8,3,5,3,0.002499723806977272,0.0,26745.140625
EleutherAI/pythia-70m,256,step256,70426624,6,8,3,5,4,0.0016093793092295527,0.0,26745.140625
EleutherAI/pythia-70m,256,step256,70426624,6,8,3,5,5,0.0022009157110005617,0.0,26745.140625
EleutherAI/pythia-70m,256,step256,70426624,6,8,3,5,6,0.008836551569402218,0.0,26745.140625
EleutherAI/pythia-70m,256,step256,70426624,6,8,3,5,7,0.001367121934890747,0.0,26745.140625
EleutherAI/pythia-70m,256,step256,70426624,6,8,4,0,0,0.01372262928634882,0.0,23459.619140625
EleutherAI/pythia-70m,256,step256,70426624,6,8,4,0,1,0.013308887369930744,0.0,23459.619140625
EleutherAI/pythia-70m,256,step256,70426624,6,8,4,0,2,0.015213730745017529,0.0,23459.619140625
EleutherAI/pythia-70m,256,step256,70426624,6,8,4,0,3,0.013663486577570438,0.0,23459.619140625
EleutherAI/pythia-70m,256,step256,70426624,6,8,4,0,4,0.014390747994184494,0.0,23459.619140625
EleutherAI/pythia-70m,256,step256,70426624,6,8,4,0,5,0.0131541071459651,0.0,23459.619140625
EleutherAI/pythia-70m,256,step256,70426624,6,8,4,0,6,0.013400868512690067,0.0,23459.619140625
EleutherAI/pythia-70m,256,step256,70426624,6,8,4,0,7,0.014468006789684296,0.0,23459.619140625
EleutherAI/pythia-70m,256,step256,70426624,6,8,4,1,0,0.009880409575998783,0.0,23459.619140625
EleutherAI/pythia-70m,256,step256,70426624,6,8,4,1,1,0.009435046464204788,0.0,23459.619140625
EleutherAI/pythia-70m,256,step256,70426624,6,8,4,1,2,0.00815049558877945,0.0,23459.619140625
EleutherAI/pythia-70m,256,step256,70426624,6,8,4,1,3,0.01176092866808176,0.0,23459.619140625
EleutherAI/pythia-70m,256,step256,70426624,6,8,4,1,4,0.011183248832821846,0.0,23459.619140625
EleutherAI/pythia-70m,256,step256,70426624,6,8,4,1,5,0.012369480915367603,0.0,23459.619140625
EleutherAI/pythia-70m,256,step256,70426624,6,8,4,1,6,0.011406771838665009,0.0,23459.619140625
EleutherAI/pythia-70m,256,step256,70426624,6,8,4,1,7,0.00995477195829153,0.0,23459.619140625
EleutherAI/pythia-70m,256,step256,70426624,6,8,4,2,0,0.0019644463900476694,0.0,23459.619140625
EleutherAI/pythia-70m,256,step256,70426624,6,8,4,2,1,0.004176751244813204,0.0,23459.619140625
EleutherAI/pythia-70m,256,step256,70426624,6,8,4,2,2,0.00806389283388853,0.0,23459.619140625
EleutherAI/pythia-70m,256,step256,70426624,6,8,4,2,3,0.0033549368381500244,0.0,23459.619140625
EleutherAI/pythia-70m,256,step256,70426624,6,8,4,2,4,0.0008615768747404218,0.0,23459.619140625
EleutherAI/pythia-70m,256,step256,70426624,6,8,4,2,5,0.010184280574321747,0.0,23459.619140625
EleutherAI/pythia-70m,256,step256,70426624,6,8,4,2,6,0.010274534113705158,0.0,23459.619140625
EleutherAI/pythia-70m,256,step256,70426624,6,8,4,2,7,0.004398219287395477,0.0,23459.619140625
EleutherAI/pythia-70m,256,step256,70426624,6,8,4,3,0,0.009637882933020592,0.0,23459.619140625
EleutherAI/pythia-70m,256,step256,70426624,6,8,4,3,1,0.011849280446767807,0.0,23459.619140625
EleutherAI/pythia-70m,256,step256,70426624,6,8,4,3,2,0.001981322420760989,0.0,23459.619140625
EleutherAI/pythia-70m,256,step256,70426624,6,8,4,3,3,0.004328770563006401,0.0,23459.619140625
EleutherAI/pythia-70m,256,step256,70426624,6,8,4,3,4,0.005983290728181601,0.0,23459.619140625
EleutherAI/pythia-70m,256,step256,70426624,6,8,4,3,5,0.013785102404654026,0.0,23459.619140625
EleutherAI/pythia-70m,256,step256,70426624,6,8,4,3,6,0.00843723863363266,0.0,23459.619140625
EleutherAI/pythia-70m,256,step256,70426624,6,8,4,3,7,0.005140929948538542,0.0,23459.619140625
EleutherAI/pythia-70m,256,step256,70426624,6,8,4,4,0,0.006712429691106081,0.0,23459.619140625
EleutherAI/pythia-70m,256,step256,70426624,6,8,4,4,1,0.011858788318932056,0.0,23459.619140625
EleutherAI/pythia-70m,256,step256,70426624,6,8,4,4,2,0.010085642337799072,0.0,23459.619140625
EleutherAI/pythia-70m,256,step256,70426624,6,8,4,4,3,0.00949486531317234,0.0,23459.619140625
EleutherAI/pythia-70m,256,step256,70426624,6,8,4,4,4,0.004801095463335514,0.0,23459.619140625
EleutherAI/pythia-70m,256,step256,70426624,6,8,4,4,5,0.002288107294589281,0.0,23459.619140625
EleutherAI/pythia-70m,256,step256,70426624,6,8,4,4,6,0.007720706518739462,0.0,23459.619140625
EleutherAI/pythia-70m,256,step256,70426624,6,8,4,4,7,0.008654001168906689,0.0,23459.619140625
EleutherAI/pythia-70m,256,step256,70426624,6,8,4,5,0,0.003495452692732215,0.0,23459.619140625
EleutherAI/pythia-70m,256,step256,70426624,6,8,4,5,1,0.003397498046979308,0.0,23459.619140625
EleutherAI/pythia-70m,256,step256,70426624,6,8,4,5,2,0.0046196263283491135,0.0,23459.619140625
EleutherAI/pythia-70m,256,step256,70426624,6,8,4,5,3,0.0013543452369049191,0.0,23459.619140625
EleutherAI/pythia-70m,256,step256,70426624,6,8,4,5,4,0.0019456648733466864,0.0,23459.619140625
EleutherAI/pythia-70m,256,step256,70426624,6,8,4,5,5,0.0034012675751000643,0.0,23459.619140625
EleutherAI/pythia-70m,256,step256,70426624,6,8,4,5,6,0.0074397362768650055,0.0,23459.619140625
EleutherAI/pythia-70m,256,step256,70426624,6,8,4,5,7,0.0010284138843417168,0.0,23459.619140625
EleutherAI/pythia-70m,256,step256,70426624,6,8,5,0,0,0.014955329708755016,0.0,25731.83984375
EleutherAI/pythia-70m,256,step256,70426624,6,8,5,0,1,0.013777936808764935,0.0,25731.83984375
EleutherAI/pythia-70m,256,step256,70426624,6,8,5,0,2,0.014593668282032013,0.0,25731.83984375
EleutherAI/pythia-70m,256,step256,70426624,6,8,5,0,3,0.01531256828457117,0.0,25731.83984375
EleutherAI/pythia-70m,256,step256,70426624,6,8,5,0,4,0.01401049830019474,0.0,25731.83984375
EleutherAI/pythia-70m,256,step256,70426624,6,8,5,0,5,0.012141764163970947,0.0,25731.83984375
EleutherAI/pythia-70m,256,step256,70426624,6,8,5,0,6,0.014525349251925945,0.0,25731.83984375
EleutherAI/pythia-70m,256,step256,70426624,6,8,5,0,7,0.012999351136386395,0.0,25731.83984375
EleutherAI/pythia-70m,256,step256,70426624,6,8,5,1,0,0.010284232906997204,0.0,25731.83984375
EleutherAI/pythia-70m,256,step256,70426624,6,8,5,1,1,0.011105897836387157,0.0,25731.83984375
EleutherAI/pythia-70m,256,step256,70426624,6,8,5,1,2,0.00831063836812973,0.0,25731.83984375
EleutherAI/pythia-70m,256,step256,70426624,6,8,5,1,3,0.010481501929461956,0.0,25731.83984375
EleutherAI/pythia-70m,256,step256,70426624,6,8,5,1,4,0.013094622641801834,0.0,25731.83984375
EleutherAI/pythia-70m,256,step256,70426624,6,8,5,1,5,0.01241347286850214,0.0,25731.83984375
EleutherAI/pythia-70m,256,step256,70426624,6,8,5,1,6,0.0109484251588583,0.0,25731.83984375
EleutherAI/pythia-70m,256,step256,70426624,6,8,5,1,7,0.00933106616139412,0.0,25731.83984375
EleutherAI/pythia-70m,256,step256,70426624,6,8,5,2,0,0.004220758099108934,0.0,25731.83984375
EleutherAI/pythia-70m,256,step256,70426624,6,8,5,2,1,0.002398822922259569,0.0,25731.83984375
EleutherAI/pythia-70m,256,step256,70426624,6,8,5,2,2,0.004778095055371523,0.0,25731.83984375
EleutherAI/pythia-70m,256,step256,70426624,6,8,5,2,3,0.006169991102069616,0.0,25731.83984375
EleutherAI/pythia-70m,256,step256,70426624,6,8,5,2,4,0.0012209166307002306,0.0,25731.83984375
EleutherAI/pythia-70m,256,step256,70426624,6,8,5,2,5,0.010699579492211342,0.0,25731.83984375
EleutherAI/pythia-70m,256,step256,70426624,6,8,5,2,6,0.010272393003106117,0.0,25731.83984375
EleutherAI/pythia-70m,256,step256,70426624,6,8,5,2,7,0.004072579555213451,0.0,25731.83984375
EleutherAI/pythia-70m,256,step256,70426624,6,8,5,3,0,0.009830079972743988,0.0,25731.83984375
EleutherAI/pythia-70m,256,step256,70426624,6,8,5,3,1,0.012898899614810944,0.0,25731.83984375
EleutherAI/pythia-70m,256,step256,70426624,6,8,5,3,2,0.003065343713387847,0.0,25731.83984375
EleutherAI/pythia-70m,256,step256,70426624,6,8,5,3,3,0.00642421655356884,0.0,25731.83984375
EleutherAI/pythia-70m,256,step256,70426624,6,8,5,3,4,0.004053558222949505,0.0,25731.83984375
EleutherAI/pythia-70m,256,step256,70426624,6,8,5,3,5,0.009540216997265816,0.0,25731.83984375
EleutherAI/pythia-70m,256,step256,70426624,6,8,5,3,6,0.009515817277133465,0.0,25731.83984375
EleutherAI/pythia-70m,256,step256,70426624,6,8,5,3,7,0.005893969442695379,0.0,25731.83984375
EleutherAI/pythia-70m,256,step256,70426624,6,8,5,4,0,0.007510551251471043,0.0,25731.83984375
EleutherAI/pythia-70m,256,step256,70426624,6,8,5,4,1,0.010778939351439476,0.0,25731.83984375
EleutherAI/pythia-70m,256,step256,70426624,6,8,5,4,2,0.007954454980790615,0.0,25731.83984375
EleutherAI/pythia-70m,256,step256,70426624,6,8,5,4,3,0.007824943400919437,0.0,25731.83984375
EleutherAI/pythia-70m,256,step256,70426624,6,8,5,4,4,0.004077278543263674,0.0,25731.83984375
EleutherAI/pythia-70m,256,step256,70426624,6,8,5,4,5,0.003297658869996667,0.0,25731.83984375
EleutherAI/pythia-70m,256,step256,70426624,6,8,5,4,6,0.00835422519594431,0.0,25731.83984375
EleutherAI/pythia-70m,256,step256,70426624,6,8,5,4,7,0.009340137243270874,0.0,25731.83984375
EleutherAI/pythia-70m,256,step256,70426624,6,8,5,5,0,0.0043888939544558525,0.0,25731.83984375
EleutherAI/pythia-70m,256,step256,70426624,6,8,5,5,1,0.0024317968636751175,0.0,25731.83984375
EleutherAI/pythia-70m,256,step256,70426624,6,8,5,5,2,0.0035310995299369097,0.0,25731.83984375
EleutherAI/pythia-70m,256,step256,70426624,6,8,5,5,3,0.0014335188316181302,0.0,25731.83984375
EleutherAI/pythia-70m,256,step256,70426624,6,8,5,5,4,0.001959344604983926,0.0,25731.83984375
EleutherAI/pythia-70m,256,step256,70426624,6,8,5,5,5,0.002183978445827961,0.0,25731.83984375
EleutherAI/pythia-70m,256,step256,70426624,6,8,5,5,6,0.008541734889149666,0.0,25731.83984375
EleutherAI/pythia-70m,256,step256,70426624,6,8,5,5,7,0.0014674310805276036,0.0,25731.83984375
EleutherAI/pythia-70m,256,step256,70426624,6,8,6,0,0,0.01350406650453806,0.0,22039.48046875
EleutherAI/pythia-70m,256,step256,70426624,6,8,6,0,1,0.013134296052157879,0.0,22039.48046875
EleutherAI/pythia-70m,256,step256,70426624,6,8,6,0,2,0.014306378550827503,0.0,22039.48046875
EleutherAI/pythia-70m,256,step256,70426624,6,8,6,0,3,0.01417258009314537,0.0,22039.48046875
EleutherAI/pythia-70m,256,step256,70426624,6,8,6,0,4,0.014471642673015594,0.0,22039.48046875
EleutherAI/pythia-70m,256,step256,70426624,6,8,6,0,5,0.014674457721412182,0.0,22039.48046875
EleutherAI/pythia-70m,256,step256,70426624,6,8,6,0,6,0.013821539469063282,0.0,22039.48046875
EleutherAI/pythia-70m,256,step256,70426624,6,8,6,0,7,0.015536007471382618,0.0,22039.48046875
EleutherAI/pythia-70m,256,step256,70426624,6,8,6,1,0,0.014169353060424328,0.0,22039.48046875
EleutherAI/pythia-70m,256,step256,70426624,6,8,6,1,1,0.008424979634582996,0.0,22039.48046875
EleutherAI/pythia-70m,256,step256,70426624,6,8,6,1,2,0.007915902882814407,0.0,22039.48046875
EleutherAI/pythia-70m,256,step256,70426624,6,8,6,1,3,0.010922147892415524,0.0,22039.48046875
EleutherAI/pythia-70m,256,step256,70426624,6,8,6,1,4,0.01449060719460249,0.0,22039.48046875
EleutherAI/pythia-70m,256,step256,70426624,6,8,6,1,5,0.01139326486736536,0.0,22039.48046875
EleutherAI/pythia-70m,256,step256,70426624,6,8,6,1,6,0.010346412658691406,0.0,22039.48046875
EleutherAI/pythia-70m,256,step256,70426624,6,8,6,1,7,0.00771151902154088,0.0,22039.48046875
EleutherAI/pythia-70m,256,step256,70426624,6,8,6,2,0,0.0023636624682694674,0.0,22039.48046875
EleutherAI/pythia-70m,256,step256,70426624,6,8,6,2,1,0.003009177977219224,0.0,22039.48046875
EleutherAI/pythia-70m,256,step256,70426624,6,8,6,2,2,0.005940467119216919,0.0,22039.48046875
EleutherAI/pythia-70m,256,step256,70426624,6,8,6,2,3,0.0038271790836006403,0.0,22039.48046875
EleutherAI/pythia-70m,256,step256,70426624,6,8,6,2,4,0.0019600007217377424,0.0,22039.48046875
EleutherAI/pythia-70m,256,step256,70426624,6,8,6,2,5,0.008015250787138939,0.0,22039.48046875
EleutherAI/pythia-70m,256,step256,70426624,6,8,6,2,6,0.009451977908611298,0.0,22039.48046875
EleutherAI/pythia-70m,256,step256,70426624,6,8,6,2,7,0.0026834290474653244,0.0,22039.48046875
EleutherAI/pythia-70m,256,step256,70426624,6,8,6,3,0,0.008826067671179771,0.0,22039.48046875
EleutherAI/pythia-70m,256,step256,70426624,6,8,6,3,1,0.01470109075307846,0.0,22039.48046875
EleutherAI/pythia-70m,256,step256,70426624,6,8,6,3,2,0.0026528770104050636,0.0,22039.48046875
EleutherAI/pythia-70m,256,step256,70426624,6,8,6,3,3,0.007754954043775797,0.0,22039.48046875
EleutherAI/pythia-70m,256,step256,70426624,6,8,6,3,4,0.002934487769380212,0.0,22039.48046875
EleutherAI/pythia-70m,256,step256,70426624,6,8,6,3,5,0.015482468530535698,0.0,22039.48046875
EleutherAI/pythia-70m,256,step256,70426624,6,8,6,3,6,0.007509509101510048,0.0,22039.48046875
EleutherAI/pythia-70m,256,step256,70426624,6,8,6,3,7,0.00971770565956831,0.0,22039.48046875
EleutherAI/pythia-70m,256,step256,70426624,6,8,6,4,0,0.0073237051256000996,0.0,22039.48046875
EleutherAI/pythia-70m,256,step256,70426624,6,8,6,4,1,0.011446578428149223,0.0,22039.48046875
EleutherAI/pythia-70m,256,step256,70426624,6,8,6,4,2,0.007953919470310211,0.0,22039.48046875
EleutherAI/pythia-70m,256,step256,70426624,6,8,6,4,3,0.01615859568119049,0.0,22039.48046875
EleutherAI/pythia-70m,256,step256,70426624,6,8,6,4,4,0.0032218159176409245,0.0,22039.48046875
EleutherAI/pythia-70m,256,step256,70426624,6,8,6,4,5,0.003984417300671339,0.0,22039.48046875
EleutherAI/pythia-70m,256,step256,70426624,6,8,6,4,6,0.008869321085512638,0.0,22039.48046875
EleutherAI/pythia-70m,256,step256,70426624,6,8,6,4,7,0.012529667466878891,0.0,22039.48046875
EleutherAI/pythia-70m,256,step256,70426624,6,8,6,5,0,0.0038940338417887688,0.0,22039.48046875
EleutherAI/pythia-70m,256,step256,70426624,6,8,6,5,1,0.003422035602852702,0.0,22039.48046875
EleutherAI/pythia-70m,256,step256,70426624,6,8,6,5,2,0.005264217033982277,0.0,22039.48046875
EleutherAI/pythia-70m,256,step256,70426624,6,8,6,5,3,0.0038849192205816507,0.0,22039.48046875
EleutherAI/pythia-70m,256,step256,70426624,6,8,6,5,4,0.002488083206117153,0.0,22039.48046875
EleutherAI/pythia-70m,256,step256,70426624,6,8,6,5,5,0.0028295156080275774,0.0,22039.48046875
EleutherAI/pythia-70m,256,step256,70426624,6,8,6,5,6,0.00882909819483757,0.0,22039.48046875
EleutherAI/pythia-70m,256,step256,70426624,6,8,6,5,7,0.0012100596213713288,0.0,22039.48046875
EleutherAI/pythia-70m,256,step256,70426624,6,8,7,0,0,0.012926595285534859,0.0,24051.400390625
EleutherAI/pythia-70m,256,step256,70426624,6,8,7,0,1,0.01238201279193163,0.0,24051.400390625
EleutherAI/pythia-70m,256,step256,70426624,6,8,7,0,2,0.013075878843665123,0.0,24051.400390625
EleutherAI/pythia-70m,256,step256,70426624,6,8,7,0,3,0.013441265560686588,0.0,24051.400390625
EleutherAI/pythia-70m,256,step256,70426624,6,8,7,0,4,0.01347945723682642,0.0,24051.400390625
EleutherAI/pythia-70m,256,step256,70426624,6,8,7,0,5,0.01329413428902626,0.0,24051.400390625
EleutherAI/pythia-70m,256,step256,70426624,6,8,7,0,6,0.0135033018887043,0.0,24051.400390625
EleutherAI/pythia-70m,256,step256,70426624,6,8,7,0,7,0.013364451937377453,0.0,24051.400390625
EleutherAI/pythia-70m,256,step256,70426624,6,8,7,1,0,0.010920334607362747,0.0,24051.400390625
EleutherAI/pythia-70m,256,step256,70426624,6,8,7,1,1,0.006999691016972065,0.0,24051.400390625
EleutherAI/pythia-70m,256,step256,70426624,6,8,7,1,2,0.00595427118241787,0.0,24051.400390625
EleutherAI/pythia-70m,256,step256,70426624,6,8,7,1,3,0.009973987005650997,0.0,24051.400390625
EleutherAI/pythia-70m,256,step256,70426624,6,8,7,1,4,0.011383665725588799,0.0,24051.400390625
EleutherAI/pythia-70m,256,step256,70426624,6,8,7,1,5,0.012648818083107471,0.0,24051.400390625
EleutherAI/pythia-70m,256,step256,70426624,6,8,7,1,6,0.010313484817743301,0.0,24051.400390625
EleutherAI/pythia-70m,256,step256,70426624,6,8,7,1,7,0.008975186385214329,0.0,24051.400390625
EleutherAI/pythia-70m,256,step256,70426624,6,8,7,2,0,0.001877687289379537,0.0,24051.400390625
EleutherAI/pythia-70m,256,step256,70426624,6,8,7,2,1,0.004775087349116802,0.0,24051.400390625
EleutherAI/pythia-70m,256,step256,70426624,6,8,7,2,2,0.006386944092810154,0.0,24051.400390625
EleutherAI/pythia-70m,256,step256,70426624,6,8,7,2,3,0.002942742081359029,0.0,24051.400390625
EleutherAI/pythia-70m,256,step256,70426624,6,8,7,2,4,0.0012524600606411695,0.0,24051.400390625
EleutherAI/pythia-70m,256,step256,70426624,6,8,7,2,5,0.012376346625387669,0.0,24051.400390625
EleutherAI/pythia-70m,256,step256,70426624,6,8,7,2,6,0.009150235913693905,0.0,24051.400390625
EleutherAI/pythia-70m,256,step256,70426624,6,8,7,2,7,0.0054860846139490604,0.0,24051.400390625
EleutherAI/pythia-70m,256,step256,70426624,6,8,7,3,0,0.015098197385668755,0.0,24051.400390625
EleutherAI/pythia-70m,256,step256,70426624,6,8,7,3,1,0.013285210356116295,0.0,24051.400390625
EleutherAI/pythia-70m,256,step256,70426624,6,8,7,3,2,0.0039550550282001495,0.0,24051.400390625
EleutherAI/pythia-70m,256,step256,70426624,6,8,7,3,3,0.008891609497368336,0.0,24051.400390625
EleutherAI/pythia-70m,256,step256,70426624,6,8,7,3,4,0.004070974886417389,0.0,24051.400390625
EleutherAI/pythia-70m,256,step256,70426624,6,8,7,3,5,0.012636717408895493,0.0,24051.400390625
EleutherAI/pythia-70m,256,step256,70426624,6,8,7,3,6,0.009534177370369434,0.0,24051.400390625
EleutherAI/pythia-70m,256,step256,70426624,6,8,7,3,7,0.007101891096681356,0.0,24051.400390625
EleutherAI/pythia-70m,256,step256,70426624,6,8,7,4,0,0.008692776784300804,0.0,24051.400390625
EleutherAI/pythia-70m,256,step256,70426624,6,8,7,4,1,0.01458454504609108,0.0,24051.400390625
EleutherAI/pythia-70m,256,step256,70426624,6,8,7,4,2,0.012583133764564991,0.0,24051.400390625
EleutherAI/pythia-70m,256,step256,70426624,6,8,7,4,3,0.012888573110103607,0.0,24051.400390625
EleutherAI/pythia-70m,256,step256,70426624,6,8,7,4,4,0.005806589033454657,0.0,24051.400390625
EleutherAI/pythia-70m,256,step256,70426624,6,8,7,4,5,0.006793600507080555,0.0,24051.400390625
EleutherAI/pythia-70m,256,step256,70426624,6,8,7,4,6,0.009521967731416225,0.0,24051.400390625
EleutherAI/pythia-70m,256,step256,70426624,6,8,7,4,7,0.010642043314874172,0.0,24051.400390625
EleutherAI/pythia-70m,256,step256,70426624,6,8,7,5,0,0.0048574223183095455,0.0,24051.400390625
EleutherAI/pythia-70m,256,step256,70426624,6,8,7,5,1,0.002555126789957285,0.0,24051.400390625
EleutherAI/pythia-70m,256,step256,70426624,6,8,7,5,2,0.005470705218613148,0.0,24051.400390625
EleutherAI/pythia-70m,256,step256,70426624,6,8,7,5,3,0.0030083393212407827,0.0,24051.400390625
EleutherAI/pythia-70m,256,step256,70426624,6,8,7,5,4,0.002804430667310953,0.0,24051.400390625
EleutherAI/pythia-70m,256,step256,70426624,6,8,7,5,5,0.0028710972983390093,0.0,24051.400390625
EleutherAI/pythia-70m,256,step256,70426624,6,8,7,5,6,0.007857163436710835,0.0,24051.400390625
EleutherAI/pythia-70m,256,step256,70426624,6,8,7,5,7,0.0012976083671674132,0.0,24051.400390625
EleutherAI/pythia-70m,256,step256,70426624,6,8,8,0,0,0.014162922278046608,0.0,23768.080078125
EleutherAI/pythia-70m,256,step256,70426624,6,8,8,0,1,0.014327402226626873,0.0,23768.080078125
EleutherAI/pythia-70m,256,step256,70426624,6,8,8,0,2,0.013848837465047836,0.0,23768.080078125
EleutherAI/pythia-70m,256,step256,70426624,6,8,8,0,3,0.013146107085049152,0.0,23768.080078125
EleutherAI/pythia-70m,256,step256,70426624,6,8,8,0,4,0.01287230383604765,0.0,23768.080078125
EleutherAI/pythia-70m,256,step256,70426624,6,8,8,0,5,0.01340012438595295,0.0,23768.080078125
EleutherAI/pythia-70m,256,step256,70426624,6,8,8,0,6,0.013137134723365307,0.0,23768.080078125
EleutherAI/pythia-70m,256,step256,70426624,6,8,8,0,7,0.013602831400930882,0.0,23768.080078125
EleutherAI/pythia-70m,256,step256,70426624,6,8,8,1,0,0.010329002514481544,0.0,23768.080078125
EleutherAI/pythia-70m,256,step256,70426624,6,8,8,1,1,0.012375559657812119,0.0,23768.080078125
EleutherAI/pythia-70m,256,step256,70426624,6,8,8,1,2,0.007712626364082098,0.0,23768.080078125
EleutherAI/pythia-70m,256,step256,70426624,6,8,8,1,3,0.011219687759876251,0.0,23768.080078125
EleutherAI/pythia-70m,256,step256,70426624,6,8,8,1,4,0.011824285611510277,0.0,23768.080078125
EleutherAI/pythia-70m,256,step256,70426624,6,8,8,1,5,0.013380391523241997,0.0,23768.080078125
EleutherAI/pythia-70m,256,step256,70426624,6,8,8,1,6,0.009751379489898682,0.0,23768.080078125
EleutherAI/pythia-70m,256,step256,70426624,6,8,8,1,7,0.00879738014191389,0.0,23768.080078125
EleutherAI/pythia-70m,256,step256,70426624,6,8,8,2,0,0.0018049487844109535,0.0,23768.080078125
EleutherAI/pythia-70m,256,step256,70426624,6,8,8,2,1,0.003399851731956005,0.0,23768.080078125
EleutherAI/pythia-70m,256,step256,70426624,6,8,8,2,2,0.005135644227266312,0.0,23768.080078125
EleutherAI/pythia-70m,256,step256,70426624,6,8,8,2,3,0.003273193258792162,0.0,23768.080078125
EleutherAI/pythia-70m,256,step256,70426624,6,8,8,2,4,0.0006180366617627442,0.0,23768.080078125
EleutherAI/pythia-70m,256,step256,70426624,6,8,8,2,5,0.008581089787185192,0.0,23768.080078125
EleutherAI/pythia-70m,256,step256,70426624,6,8,8,2,6,0.011069382540881634,0.0,23768.080078125
EleutherAI/pythia-70m,256,step256,70426624,6,8,8,2,7,0.0034807666670531034,0.0,23768.080078125
EleutherAI/pythia-70m,256,step256,70426624,6,8,8,3,0,0.01107522752135992,0.0,23768.080078125
EleutherAI/pythia-70m,256,step256,70426624,6,8,8,3,1,0.01583770662546158,0.0,23768.080078125
EleutherAI/pythia-70m,256,step256,70426624,6,8,8,3,2,0.007333806715905666,0.0,23768.080078125
EleutherAI/pythia-70m,256,step256,70426624,6,8,8,3,3,0.006032868754118681,0.0,23768.080078125
EleutherAI/pythia-70m,256,step256,70426624,6,8,8,3,4,0.0029843884985893965,0.0,23768.080078125
EleutherAI/pythia-70m,256,step256,70426624,6,8,8,3,5,0.016215855255723,0.0,23768.080078125
EleutherAI/pythia-70m,256,step256,70426624,6,8,8,3,6,0.012740395963191986,0.0,23768.080078125
EleutherAI/pythia-70m,256,step256,70426624,6,8,8,3,7,0.005454744212329388,0.0,23768.080078125
EleutherAI/pythia-70m,256,step256,70426624,6,8,8,4,0,0.01155622024089098,0.0,23768.080078125
EleutherAI/pythia-70m,256,step256,70426624,6,8,8,4,1,0.009267359040677547,0.0,23768.080078125
EleutherAI/pythia-70m,256,step256,70426624,6,8,8,4,2,0.007875584065914154,0.0,23768.080078125
EleutherAI/pythia-70m,256,step256,70426624,6,8,8,4,3,0.011901382356882095,0.0,23768.080078125
EleutherAI/pythia-70m,256,step256,70426624,6,8,8,4,4,0.005455889739096165,0.0,23768.080078125
EleutherAI/pythia-70m,256,step256,70426624,6,8,8,4,5,0.006742123514413834,0.0,23768.080078125
EleutherAI/pythia-70m,256,step256,70426624,6,8,8,4,6,0.010185973718762398,0.0,23768.080078125
EleutherAI/pythia-70m,256,step256,70426624,6,8,8,4,7,0.01012555230408907,0.0,23768.080078125
EleutherAI/pythia-70m,256,step256,70426624,6,8,8,5,0,0.0028940336778759956,0.0,23768.080078125
EleutherAI/pythia-70m,256,step256,70426624,6,8,8,5,1,0.004489013459533453,0.0,23768.080078125
EleutherAI/pythia-70m,256,step256,70426624,6,8,8,5,2,0.00782263744622469,0.0,23768.080078125
EleutherAI/pythia-70m,256,step256,70426624,6,8,8,5,3,0.003818630473688245,0.0,23768.080078125
EleutherAI/pythia-70m,256,step256,70426624,6,8,8,5,4,0.0025718945544213057,0.0,23768.080078125
EleutherAI/pythia-70m,256,step256,70426624,6,8,8,5,5,0.003819274716079235,0.0,23768.080078125
EleutherAI/pythia-70m,256,step256,70426624,6,8,8,5,6,0.008143595419824123,0.0,23768.080078125
EleutherAI/pythia-70m,256,step256,70426624,6,8,8,5,7,0.0019303204026073217,0.0,23768.080078125
EleutherAI/pythia-70m,256,step256,70426624,6,8,9,0,0,0.014655197970569134,0.0,23998.779296875
EleutherAI/pythia-70m,256,step256,70426624,6,8,9,0,1,0.013477710075676441,0.0,23998.779296875
EleutherAI/pythia-70m,256,step256,70426624,6,8,9,0,2,0.011975008994340897,0.0,23998.779296875
EleutherAI/pythia-70m,256,step256,70426624,6,8,9,0,3,0.014714615419507027,0.0,23998.779296875
EleutherAI/pythia-70m,256,step256,70426624,6,8,9,0,4,0.013476214371621609,0.0,23998.779296875
EleutherAI/pythia-70m,256,step256,70426624,6,8,9,0,5,0.013607572764158249,0.0,23998.779296875
EleutherAI/pythia-70m,256,step256,70426624,6,8,9,0,6,0.013355624862015247,0.0,23998.779296875
EleutherAI/pythia-70m,256,step256,70426624,6,8,9,0,7,0.013562805950641632,0.0,23998.779296875
EleutherAI/pythia-70m,256,step256,70426624,6,8,9,1,0,0.010653037577867508,0.0,23998.779296875
EleutherAI/pythia-70m,256,step256,70426624,6,8,9,1,1,0.01122366450726986,0.0,23998.779296875
EleutherAI/pythia-70m,256,step256,70426624,6,8,9,1,2,0.006819081958383322,0.0,23998.779296875
EleutherAI/pythia-70m,256,step256,70426624,6,8,9,1,3,0.010347229428589344,0.0,23998.779296875
EleutherAI/pythia-70m,256,step256,70426624,6,8,9,1,4,0.011294286698102951,0.0,23998.779296875
EleutherAI/pythia-70m,256,step256,70426624,6,8,9,1,5,0.012343650683760643,0.0,23998.779296875
EleutherAI/pythia-70m,256,step256,70426624,6,8,9,1,6,0.009594550356268883,0.0,23998.779296875
EleutherAI/pythia-70m,256,step256,70426624,6,8,9,1,7,0.007340278476476669,0.0,23998.779296875
EleutherAI/pythia-70m,256,step256,70426624,6,8,9,2,0,0.0027702278457581997,0.0,23998.779296875
EleutherAI/pythia-70m,256,step256,70426624,6,8,9,2,1,0.0032347547821700573,0.0,23998.779296875
EleutherAI/pythia-70m,256,step256,70426624,6,8,9,2,2,0.0075117419473826885,0.0,23998.779296875
EleutherAI/pythia-70m,256,step256,70426624,6,8,9,2,3,0.0034602887462824583,0.0,23998.779296875
EleutherAI/pythia-70m,256,step256,70426624,6,8,9,2,4,0.0023496036883443594,0.0,23998.779296875
EleutherAI/pythia-70m,256,step256,70426624,6,8,9,2,5,0.009409792721271515,0.0,23998.779296875
EleutherAI/pythia-70m,256,step256,70426624,6,8,9,2,6,0.010451862588524818,0.0,23998.779296875
EleutherAI/pythia-70m,256,step256,70426624,6,8,9,2,7,0.0051912604831159115,0.0,23998.779296875
EleutherAI/pythia-70m,256,step256,70426624,6,8,9,3,0,0.009481843560934067,0.0,23998.779296875
EleutherAI/pythia-70m,256,step256,70426624,6,8,9,3,1,0.012053625658154488,0.0,23998.779296875
EleutherAI/pythia-70m,256,step256,70426624,6,8,9,3,2,0.0013497233157977462,0.0,23998.779296875
EleutherAI/pythia-70m,256,step256,70426624,6,8,9,3,3,0.009287230670452118,0.0,23998.779296875
EleutherAI/pythia-70m,256,step256,70426624,6,8,9,3,4,0.004578547552227974,0.0,23998.779296875
EleutherAI/pythia-70m,256,step256,70426624,6,8,9,3,5,0.011499468237161636,0.0,23998.779296875
EleutherAI/pythia-70m,256,step256,70426624,6,8,9,3,6,0.00950549729168415,0.0,23998.779296875
EleutherAI/pythia-70m,256,step256,70426624,6,8,9,3,7,0.005790917668491602,0.0,23998.779296875
EleutherAI/pythia-70m,256,step256,70426624,6,8,9,4,0,0.00739196827635169,0.0,23998.779296875
EleutherAI/pythia-70m,256,step256,70426624,6,8,9,4,1,0.012184970080852509,0.0,23998.779296875
EleutherAI/pythia-70m,256,step256,70426624,6,8,9,4,2,0.008868609555065632,0.0,23998.779296875
EleutherAI/pythia-70m,256,step256,70426624,6,8,9,4,3,0.010496356524527073,0.0,23998.779296875
EleutherAI/pythia-70m,256,step256,70426624,6,8,9,4,4,0.004112351220101118,0.0,23998.779296875
EleutherAI/pythia-70m,256,step256,70426624,6,8,9,4,5,0.003911428619176149,0.0,23998.779296875
EleutherAI/pythia-70m,256,step256,70426624,6,8,9,4,6,0.008687352761626244,0.0,23998.779296875
EleutherAI/pythia-70m,256,step256,70426624,6,8,9,4,7,0.009126300923526287,0.0,23998.779296875
EleutherAI/pythia-70m,256,step256,70426624,6,8,9,5,0,0.004212979692965746,0.0,23998.779296875
EleutherAI/pythia-70m,256,step256,70426624,6,8,9,5,1,0.003524728352203965,0.0,23998.779296875
EleutherAI/pythia-70m,256,step256,70426624,6,8,9,5,2,0.004541466012597084,0.0,23998.779296875
EleutherAI/pythia-70m,256,step256,70426624,6,8,9,5,3,0.0018582164775580168,0.0,23998.779296875
EleutherAI/pythia-70m,256,step256,70426624,6,8,9,5,4,0.002441699616611004,0.0,23998.779296875
EleutherAI/pythia-70m,256,step256,70426624,6,8,9,5,5,0.0033286467660218477,0.0,23998.779296875
EleutherAI/pythia-70m,256,step256,70426624,6,8,9,5,6,0.007260045036673546,0.0,23998.779296875
EleutherAI/pythia-70m,256,step256,70426624,6,8,9,5,7,0.00187202962115407,0.0,23998.779296875
EleutherAI/pythia-70m,256,step256,70426624,6,8,10,0,0,0.012783918529748917,0.0,28900.720703125
EleutherAI/pythia-70m,256,step256,70426624,6,8,10,0,1,0.014490287750959396,0.0,28900.720703125
EleutherAI/pythia-70m,256,step256,70426624,6,8,10,0,2,0.012798490934073925,0.0,28900.720703125
EleutherAI/pythia-70m,256,step256,70426624,6,8,10,0,3,0.014900797978043556,0.0,28900.720703125
EleutherAI/pythia-70m,256,step256,70426624,6,8,10,0,4,0.01400371640920639,0.0,28900.720703125
EleutherAI/pythia-70m,256,step256,70426624,6,8,10,0,5,0.014795391820371151,0.0,28900.720703125
EleutherAI/pythia-70m,256,step256,70426624,6,8,10,0,6,0.01332658901810646,0.0,28900.720703125
EleutherAI/pythia-70m,256,step256,70426624,6,8,10,0,7,0.013862916268408298,0.0,28900.720703125
EleutherAI/pythia-70m,256,step256,70426624,6,8,10,1,0,0.010954651981592178,0.0,28900.720703125
EleutherAI/pythia-70m,256,step256,70426624,6,8,10,1,1,0.008825710043311119,0.0,28900.720703125
EleutherAI/pythia-70m,256,step256,70426624,6,8,10,1,2,0.008130035363137722,0.0,28900.720703125
EleutherAI/pythia-70m,256,step256,70426624,6,8,10,1,3,0.010984101332724094,0.0,28900.720703125
EleutherAI/pythia-70m,256,step256,70426624,6,8,10,1,4,0.013365120626986027,0.0,28900.720703125
EleutherAI/pythia-70m,256,step256,70426624,6,8,10,1,5,0.011038236320018768,0.0,28900.720703125
EleutherAI/pythia-70m,256,step256,70426624,6,8,10,1,6,0.011866208165884018,0.0,28900.720703125
EleutherAI/pythia-70m,256,step256,70426624,6,8,10,1,7,0.008390900678932667,0.0,28900.720703125
EleutherAI/pythia-70m,256,step256,70426624,6,8,10,2,0,0.002185021061450243,0.0,28900.720703125
EleutherAI/pythia-70m,256,step256,70426624,6,8,10,2,1,0.0015235014725476503,0.0,28900.720703125
EleutherAI/pythia-70m,256,step256,70426624,6,8,10,2,2,0.006032100412994623,0.0,28900.720703125
EleutherAI/pythia-70m,256,step256,70426624,6,8,10,2,3,0.0034853441175073385,0.0,28900.720703125
EleutherAI/pythia-70m,256,step256,70426624,6,8,10,2,4,0.0007836149889044464,0.0,28900.720703125
EleutherAI/pythia-70m,256,step256,70426624,6,8,10,2,5,0.009531828574836254,0.0,28900.720703125
EleutherAI/pythia-70m,256,step256,70426624,6,8,10,2,6,0.011769452132284641,0.0,28900.720703125
EleutherAI/pythia-70m,256,step256,70426624,6,8,10,2,7,0.00380901712924242,0.0,28900.720703125
EleutherAI/pythia-70m,256,step256,70426624,6,8,10,3,0,0.009741514921188354,0.0,28900.720703125
EleutherAI/pythia-70m,256,step256,70426624,6,8,10,3,1,0.01497152354568243,0.0,28900.720703125
EleutherAI/pythia-70m,256,step256,70426624,6,8,10,3,2,0.003453280311077833,0.0,28900.720703125
EleutherAI/pythia-70m,256,step256,70426624,6,8,10,3,3,0.005591317545622587,0.0,28900.720703125
EleutherAI/pythia-70m,256,step256,70426624,6,8,10,3,4,0.004364345222711563,0.0,28900.720703125
EleutherAI/pythia-70m,256,step256,70426624,6,8,10,3,5,0.011223416775465012,0.0,28900.720703125
EleutherAI/pythia-70m,256,step256,70426624,6,8,10,3,6,0.008461110293865204,0.0,28900.720703125
EleutherAI/pythia-70m,256,step256,70426624,6,8,10,3,7,0.007576855830848217,0.0,28900.720703125
EleutherAI/pythia-70m,256,step256,70426624,6,8,10,4,0,0.0112464539706707,0.0,28900.720703125
EleutherAI/pythia-70m,256,step256,70426624,6,8,10,4,1,0.012253365479409695,0.0,28900.720703125
EleutherAI/pythia-70m,256,step256,70426624,6,8,10,4,2,0.010318250395357609,0.0,28900.720703125
EleutherAI/pythia-70m,256,step256,70426624,6,8,10,4,3,0.009951797313988209,0.0,28900.720703125
EleutherAI/pythia-70m,256,step256,70426624,6,8,10,4,4,0.0060335444286465645,0.0,28900.720703125
EleutherAI/pythia-70m,256,step256,70426624,6,8,10,4,5,0.004457712639123201,0.0,28900.720703125
EleutherAI/pythia-70m,256,step256,70426624,6,8,10,4,6,0.00869077816605568,0.0,28900.720703125
EleutherAI/pythia-70m,256,step256,70426624,6,8,10,4,7,0.010546323843300343,0.0,28900.720703125
EleutherAI/pythia-70m,256,step256,70426624,6,8,10,5,0,0.006219868548214436,0.0,28900.720703125
EleutherAI/pythia-70m,256,step256,70426624,6,8,10,5,1,0.00379866361618042,0.0,28900.720703125
EleutherAI/pythia-70m,256,step256,70426624,6,8,10,5,2,0.004680742044001818,0.0,28900.720703125
EleutherAI/pythia-70m,256,step256,70426624,6,8,10,5,3,0.0027363363187760115,0.0,28900.720703125
EleutherAI/pythia-70m,256,step256,70426624,6,8,10,5,4,0.0023485636338591576,0.0,28900.720703125
EleutherAI/pythia-70m,256,step256,70426624,6,8,10,5,5,0.003861562581732869,0.0,28900.720703125
EleutherAI/pythia-70m,256,step256,70426624,6,8,10,5,6,0.009642585180699825,0.0,28900.720703125
EleutherAI/pythia-70m,256,step256,70426624,6,8,10,5,7,0.0018486358458176255,0.0,28900.720703125
EleutherAI/pythia-70m,256,step256,70426624,6,8,11,0,0,0.014703279361128807,0.0,25355.6796875
EleutherAI/pythia-70m,256,step256,70426624,6,8,11,0,1,0.013831254094839096,0.0,25355.6796875
EleutherAI/pythia-70m,256,step256,70426624,6,8,11,0,2,0.011993375606834888,0.0,25355.6796875
EleutherAI/pythia-70m,256,step256,70426624,6,8,11,0,3,0.012257103808224201,0.0,25355.6796875
EleutherAI/pythia-70m,256,step256,70426624,6,8,11,0,4,0.012877177447080612,0.0,25355.6796875
EleutherAI/pythia-70m,256,step256,70426624,6,8,11,0,5,0.014967340975999832,0.0,25355.6796875
EleutherAI/pythia-70m,256,step256,70426624,6,8,11,0,6,0.013339514844119549,0.0,25355.6796875
EleutherAI/pythia-70m,256,step256,70426624,6,8,11,0,7,0.013498139567673206,0.0,25355.6796875
EleutherAI/pythia-70m,256,step256,70426624,6,8,11,1,0,0.009935731068253517,0.0,25355.6796875
EleutherAI/pythia-70m,256,step256,70426624,6,8,11,1,1,0.009346150793135166,0.0,25355.6796875
EleutherAI/pythia-70m,256,step256,70426624,6,8,11,1,2,0.007217953912913799,0.0,25355.6796875
EleutherAI/pythia-70m,256,step256,70426624,6,8,11,1,3,0.010918677784502506,0.0,25355.6796875
EleutherAI/pythia-70m,256,step256,70426624,6,8,11,1,4,0.011850254610180855,0.0,25355.6796875
EleutherAI/pythia-70m,256,step256,70426624,6,8,11,1,5,0.013769716955721378,0.0,25355.6796875
EleutherAI/pythia-70m,256,step256,70426624,6,8,11,1,6,0.009340512566268444,0.0,25355.6796875
EleutherAI/pythia-70m,256,step256,70426624,6,8,11,1,7,0.009557154029607773,0.0,25355.6796875
EleutherAI/pythia-70m,256,step256,70426624,6,8,11,2,0,0.0020790747366845608,0.0,25355.6796875
EleutherAI/pythia-70m,256,step256,70426624,6,8,11,2,1,0.0032352569978684187,0.0,25355.6796875
EleutherAI/pythia-70m,256,step256,70426624,6,8,11,2,2,0.006320567801594734,0.0,25355.6796875
EleutherAI/pythia-70m,256,step256,70426624,6,8,11,2,3,0.005132465157657862,0.0,25355.6796875
EleutherAI/pythia-70m,256,step256,70426624,6,8,11,2,4,0.0016431198455393314,0.0,25355.6796875
EleutherAI/pythia-70m,256,step256,70426624,6,8,11,2,5,0.010232500731945038,0.0,25355.6796875
EleutherAI/pythia-70m,256,step256,70426624,6,8,11,2,6,0.009509013965725899,0.0,25355.6796875
EleutherAI/pythia-70m,256,step256,70426624,6,8,11,2,7,0.00427245395258069,0.0,25355.6796875
EleutherAI/pythia-70m,256,step256,70426624,6,8,11,3,0,0.008784946985542774,0.0,25355.6796875
EleutherAI/pythia-70m,256,step256,70426624,6,8,11,3,1,0.008040908724069595,0.0,25355.6796875
EleutherAI/pythia-70m,256,step256,70426624,6,8,11,3,2,0.004144988022744656,0.0,25355.6796875
EleutherAI/pythia-70m,256,step256,70426624,6,8,11,3,3,0.005995501298457384,0.0,25355.6796875
EleutherAI/pythia-70m,256,step256,70426624,6,8,11,3,4,0.0034934317227452993,0.0,25355.6796875
EleutherAI/pythia-70m,256,step256,70426624,6,8,11,3,5,0.013552452437579632,0.0,25355.6796875
EleutherAI/pythia-70m,256,step256,70426624,6,8,11,3,6,0.0051175192929804325,0.0,25355.6796875
EleutherAI/pythia-70m,256,step256,70426624,6,8,11,3,7,0.006600211374461651,0.0,25355.6796875
EleutherAI/pythia-70m,256,step256,70426624,6,8,11,4,0,0.009750398807227612,0.0,25355.6796875
EleutherAI/pythia-70m,256,step256,70426624,6,8,11,4,1,0.012979106977581978,0.0,25355.6796875
EleutherAI/pythia-70m,256,step256,70426624,6,8,11,4,2,0.009338867850601673,0.0,25355.6796875
EleutherAI/pythia-70m,256,step256,70426624,6,8,11,4,3,0.008308419957756996,0.0,25355.6796875
EleutherAI/pythia-70m,256,step256,70426624,6,8,11,4,4,0.005700021982192993,0.0,25355.6796875
EleutherAI/pythia-70m,256,step256,70426624,6,8,11,4,5,0.00315670995041728,0.0,25355.6796875
EleutherAI/pythia-70m,256,step256,70426624,6,8,11,4,6,0.009188014082610607,0.0,25355.6796875
EleutherAI/pythia-70m,256,step256,70426624,6,8,11,4,7,0.009403093717992306,0.0,25355.6796875
EleutherAI/pythia-70m,256,step256,70426624,6,8,11,5,0,0.0029054253827780485,0.0,25355.6796875
EleutherAI/pythia-70m,256,step256,70426624,6,8,11,5,1,0.003820197656750679,0.0,25355.6796875
EleutherAI/pythia-70m,256,step256,70426624,6,8,11,5,2,0.005643295589834452,0.0,25355.6796875
EleutherAI/pythia-70m,256,step256,70426624,6,8,11,5,3,0.0020422949455678463,0.0,25355.6796875
EleutherAI/pythia-70m,256,step256,70426624,6,8,11,5,4,0.0018731525633484125,0.0,25355.6796875
EleutherAI/pythia-70m,256,step256,70426624,6,8,11,5,5,0.003150123404338956,0.0,25355.6796875
EleutherAI/pythia-70m,256,step256,70426624,6,8,11,5,6,0.00977230817079544,0.0,25355.6796875
EleutherAI/pythia-70m,256,step256,70426624,6,8,11,5,7,0.0017921467078849673,0.0,25355.6796875
EleutherAI/pythia-70m,256,step256,70426624,6,8,12,0,0,0.013310522772371769,0.0,26391.779296875
EleutherAI/pythia-70m,256,step256,70426624,6,8,12,0,1,0.01422046683728695,0.0,26391.779296875
EleutherAI/pythia-70m,256,step256,70426624,6,8,12,0,2,0.01448839157819748,0.0,26391.779296875
EleutherAI/pythia-70m,256,step256,70426624,6,8,12,0,3,0.014266563579440117,0.0,26391.779296875
EleutherAI/pythia-70m,256,step256,70426624,6,8,12,0,4,0.012461003847420216,0.0,26391.779296875
EleutherAI/pythia-70m,256,step256,70426624,6,8,12,0,5,0.015480401925742626,0.0,26391.779296875
EleutherAI/pythia-70m,256,step256,70426624,6,8,12,0,6,0.01323795784264803,0.0,26391.779296875
EleutherAI/pythia-70m,256,step256,70426624,6,8,12,0,7,0.01607113890349865,0.0,26391.779296875
EleutherAI/pythia-70m,256,step256,70426624,6,8,12,1,0,0.01142314076423645,0.0,26391.779296875
EleutherAI/pythia-70m,256,step256,70426624,6,8,12,1,1,0.010781697928905487,0.0,26391.779296875
EleutherAI/pythia-70m,256,step256,70426624,6,8,12,1,2,0.007281092461198568,0.0,26391.779296875
EleutherAI/pythia-70m,256,step256,70426624,6,8,12,1,3,0.011933538131415844,0.0,26391.779296875
EleutherAI/pythia-70m,256,step256,70426624,6,8,12,1,4,0.011488868854939938,0.0,26391.779296875
EleutherAI/pythia-70m,256,step256,70426624,6,8,12,1,5,0.012343663722276688,0.0,26391.779296875
EleutherAI/pythia-70m,256,step256,70426624,6,8,12,1,6,0.010866411030292511,0.0,26391.779296875
EleutherAI/pythia-70m,256,step256,70426624,6,8,12,1,7,0.008895214647054672,0.0,26391.779296875
EleutherAI/pythia-70m,256,step256,70426624,6,8,12,2,0,0.0020241907332092524,0.0,26391.779296875
EleutherAI/pythia-70m,256,step256,70426624,6,8,12,2,1,0.004169931169599295,0.0,26391.779296875
EleutherAI/pythia-70m,256,step256,70426624,6,8,12,2,2,0.004567729774862528,0.0,26391.779296875
EleutherAI/pythia-70m,256,step256,70426624,6,8,12,2,3,0.001988981617614627,0.0,26391.779296875
EleutherAI/pythia-70m,256,step256,70426624,6,8,12,2,4,0.0007405787473544478,0.0,26391.779296875
EleutherAI/pythia-70m,256,step256,70426624,6,8,12,2,5,0.011005798354744911,0.0,26391.779296875
EleutherAI/pythia-70m,256,step256,70426624,6,8,12,2,6,0.01685476303100586,0.0,26391.779296875
EleutherAI/pythia-70m,256,step256,70426624,6,8,12,2,7,0.0051980703137815,0.0,26391.779296875
EleutherAI/pythia-70m,256,step256,70426624,6,8,12,3,0,0.007633698172867298,0.0,26391.779296875
EleutherAI/pythia-70m,256,step256,70426624,6,8,12,3,1,0.013404186815023422,0.0,26391.779296875
EleutherAI/pythia-70m,256,step256,70426624,6,8,12,3,2,0.00232093408703804,0.0,26391.779296875
EleutherAI/pythia-70m,256,step256,70426624,6,8,12,3,3,0.007397779729217291,0.0,26391.779296875
EleutherAI/pythia-70m,256,step256,70426624,6,8,12,3,4,0.004381674341857433,0.0,26391.779296875
EleutherAI/pythia-70m,256,step256,70426624,6,8,12,3,5,0.011724550276994705,0.0,26391.779296875
EleutherAI/pythia-70m,256,step256,70426624,6,8,12,3,6,0.0059651159681379795,0.0,26391.779296875
EleutherAI/pythia-70m,256,step256,70426624,6,8,12,3,7,0.008996985852718353,0.0,26391.779296875
EleutherAI/pythia-70m,256,step256,70426624,6,8,12,4,0,0.007322147022932768,0.0,26391.779296875
EleutherAI/pythia-70m,256,step256,70426624,6,8,12,4,1,0.008866790682077408,0.0,26391.779296875
EleutherAI/pythia-70m,256,step256,70426624,6,8,12,4,2,0.012954524718225002,0.0,26391.779296875
EleutherAI/pythia-70m,256,step256,70426624,6,8,12,4,3,0.013126900419592857,0.0,26391.779296875
EleutherAI/pythia-70m,256,step256,70426624,6,8,12,4,4,0.003913113381713629,0.0,26391.779296875
EleutherAI/pythia-70m,256,step256,70426624,6,8,12,4,5,0.0048607271164655685,0.0,26391.779296875
EleutherAI/pythia-70m,256,step256,70426624,6,8,12,4,6,0.006709268782287836,0.0,26391.779296875
EleutherAI/pythia-70m,256,step256,70426624,6,8,12,4,7,0.009932324290275574,0.0,26391.779296875
EleutherAI/pythia-70m,256,step256,70426624,6,8,12,5,0,0.0051967729814350605,0.0,26391.779296875
EleutherAI/pythia-70m,256,step256,70426624,6,8,12,5,1,0.0036333396565169096,0.0,26391.779296875
EleutherAI/pythia-70m,256,step256,70426624,6,8,12,5,2,0.006226809695363045,0.0,26391.779296875
EleutherAI/pythia-70m,256,step256,70426624,6,8,12,5,3,0.0025124442763626575,0.0,26391.779296875
EleutherAI/pythia-70m,256,step256,70426624,6,8,12,5,4,0.0026250570081174374,0.0,26391.779296875
EleutherAI/pythia-70m,256,step256,70426624,6,8,12,5,5,0.004094047471880913,0.0,26391.779296875
EleutherAI/pythia-70m,256,step256,70426624,6,8,12,5,6,0.0091530317440629,0.0,26391.779296875
EleutherAI/pythia-70m,256,step256,70426624,6,8,12,5,7,0.0014764437219128013,0.0,26391.779296875
EleutherAI/pythia-70m,256,step256,70426624,6,8,13,0,0,0.014483754523098469,0.0,25314.779296875
EleutherAI/pythia-70m,256,step256,70426624,6,8,13,0,1,0.013887050561606884,0.0,25314.779296875
EleutherAI/pythia-70m,256,step256,70426624,6,8,13,0,2,0.012887010350823402,0.0,25314.779296875
EleutherAI/pythia-70m,256,step256,70426624,6,8,13,0,3,0.013124213553965092,0.0,25314.779296875
EleutherAI/pythia-70m,256,step256,70426624,6,8,13,0,4,0.014454186893999577,0.0,25314.779296875
EleutherAI/pythia-70m,256,step256,70426624,6,8,13,0,5,0.013113686814904213,0.0,25314.779296875
EleutherAI/pythia-70m,256,step256,70426624,6,8,13,0,6,0.014480089768767357,0.0,25314.779296875
EleutherAI/pythia-70m,256,step256,70426624,6,8,13,0,7,0.013560655526816845,0.0,25314.779296875
EleutherAI/pythia-70m,256,step256,70426624,6,8,13,1,0,0.010236632078886032,0.0,25314.779296875
EleutherAI/pythia-70m,256,step256,70426624,6,8,13,1,1,0.008882156573235989,0.0,25314.779296875
EleutherAI/pythia-70m,256,step256,70426624,6,8,13,1,2,0.006420096382498741,0.0,25314.779296875
EleutherAI/pythia-70m,256,step256,70426624,6,8,13,1,3,0.00997745618224144,0.0,25314.779296875
EleutherAI/pythia-70m,256,step256,70426624,6,8,13,1,4,0.012388434261083603,0.0,25314.779296875
EleutherAI/pythia-70m,256,step256,70426624,6,8,13,1,5,0.011457784101366997,0.0,25314.779296875
EleutherAI/pythia-70m,256,step256,70426624,6,8,13,1,6,0.00912965927273035,0.0,25314.779296875
EleutherAI/pythia-70m,256,step256,70426624,6,8,13,1,7,0.009496553801000118,0.0,25314.779296875
EleutherAI/pythia-70m,256,step256,70426624,6,8,13,2,0,0.0022525496315211058,0.0,25314.779296875
EleutherAI/pythia-70m,256,step256,70426624,6,8,13,2,1,0.00290803168900311,0.0,25314.779296875
EleutherAI/pythia-70m,256,step256,70426624,6,8,13,2,2,0.005436664447188377,0.0,25314.779296875
EleutherAI/pythia-70m,256,step256,70426624,6,8,13,2,3,0.0046888692304492,0.0,25314.779296875
EleutherAI/pythia-70m,256,step256,70426624,6,8,13,2,4,0.0014630034565925598,0.0,25314.779296875
EleutherAI/pythia-70m,256,step256,70426624,6,8,13,2,5,0.010734576731920242,0.0,25314.779296875
EleutherAI/pythia-70m,256,step256,70426624,6,8,13,2,6,0.010812943801283836,0.0,25314.779296875
EleutherAI/pythia-70m,256,step256,70426624,6,8,13,2,7,0.005065843462944031,0.0,25314.779296875
EleutherAI/pythia-70m,256,step256,70426624,6,8,13,3,0,0.009282423183321953,0.0,25314.779296875
EleutherAI/pythia-70m,256,step256,70426624,6,8,13,3,1,0.020340347662568092,0.0,25314.779296875
EleutherAI/pythia-70m,256,step256,70426624,6,8,13,3,2,0.0034386059269309044,0.0,25314.779296875
EleutherAI/pythia-70m,256,step256,70426624,6,8,13,3,3,0.009645714424550533,0.0,25314.779296875
EleutherAI/pythia-70m,256,step256,70426624,6,8,13,3,4,0.0063180639408528805,0.0,25314.779296875
EleutherAI/pythia-70m,256,step256,70426624,6,8,13,3,5,0.011280194856226444,0.0,25314.779296875
EleutherAI/pythia-70m,256,step256,70426624,6,8,13,3,6,0.005760952364653349,0.0,25314.779296875
EleutherAI/pythia-70m,256,step256,70426624,6,8,13,3,7,0.005860818549990654,0.0,25314.779296875
EleutherAI/pythia-70m,256,step256,70426624,6,8,13,4,0,0.010406439192593098,0.0,25314.779296875
EleutherAI/pythia-70m,256,step256,70426624,6,8,13,4,1,0.010904541239142418,0.0,25314.779296875
EleutherAI/pythia-70m,256,step256,70426624,6,8,13,4,2,0.011274019256234169,0.0,25314.779296875
EleutherAI/pythia-70m,256,step256,70426624,6,8,13,4,3,0.008953886106610298,0.0,25314.779296875
EleutherAI/pythia-70m,256,step256,70426624,6,8,13,4,4,0.00902470014989376,0.0,25314.779296875
EleutherAI/pythia-70m,256,step256,70426624,6,8,13,4,5,0.0048650456592440605,0.0,25314.779296875
EleutherAI/pythia-70m,256,step256,70426624,6,8,13,4,6,0.007825560867786407,0.0,25314.779296875
EleutherAI/pythia-70m,256,step256,70426624,6,8,13,4,7,0.00824702624231577,0.0,25314.779296875
EleutherAI/pythia-70m,256,step256,70426624,6,8,13,5,0,0.004398542456328869,0.0,25314.779296875
EleutherAI/pythia-70m,256,step256,70426624,6,8,13,5,1,0.005970943719148636,0.0,25314.779296875
EleutherAI/pythia-70m,256,step256,70426624,6,8,13,5,2,0.006916415877640247,0.0,25314.779296875
EleutherAI/pythia-70m,256,step256,70426624,6,8,13,5,3,0.0037128226831555367,0.0,25314.779296875
EleutherAI/pythia-70m,256,step256,70426624,6,8,13,5,4,0.0032388591207563877,0.0,25314.779296875
EleutherAI/pythia-70m,256,step256,70426624,6,8,13,5,5,0.0035848128609359264,0.0,25314.779296875
EleutherAI/pythia-70m,256,step256,70426624,6,8,13,5,6,0.011383796110749245,0.0,25314.779296875
EleutherAI/pythia-70m,256,step256,70426624,6,8,13,5,7,0.0024116525892168283,0.0,25314.779296875
EleutherAI/pythia-70m,256,step256,70426624,6,8,14,0,0,0.01357368566095829,0.0,26069.599609375
EleutherAI/pythia-70m,256,step256,70426624,6,8,14,0,1,0.012541216798126698,0.0,26069.599609375
EleutherAI/pythia-70m,256,step256,70426624,6,8,14,0,2,0.01274553406983614,0.0,26069.599609375
EleutherAI/pythia-70m,256,step256,70426624,6,8,14,0,3,0.012774870730936527,0.0,26069.599609375
EleutherAI/pythia-70m,256,step256,70426624,6,8,14,0,4,0.013618648052215576,0.0,26069.599609375
EleutherAI/pythia-70m,256,step256,70426624,6,8,14,0,5,0.013770230114459991,0.0,26069.599609375
EleutherAI/pythia-70m,256,step256,70426624,6,8,14,0,6,0.013870865106582642,0.0,26069.599609375
EleutherAI/pythia-70m,256,step256,70426624,6,8,14,0,7,0.01275539118796587,0.0,26069.599609375
EleutherAI/pythia-70m,256,step256,70426624,6,8,14,1,0,0.01057145930826664,0.0,26069.599609375
EleutherAI/pythia-70m,256,step256,70426624,6,8,14,1,1,0.00875864364206791,0.0,26069.599609375
EleutherAI/pythia-70m,256,step256,70426624,6,8,14,1,2,0.008317720144987106,0.0,26069.599609375
EleutherAI/pythia-70m,256,step256,70426624,6,8,14,1,3,0.009437155909836292,0.0,26069.599609375
EleutherAI/pythia-70m,256,step256,70426624,6,8,14,1,4,0.010883696377277374,0.0,26069.599609375
EleutherAI/pythia-70m,256,step256,70426624,6,8,14,1,5,0.012103092856705189,0.0,26069.599609375
EleutherAI/pythia-70m,256,step256,70426624,6,8,14,1,6,0.010233462788164616,0.0,26069.599609375
EleutherAI/pythia-70m,256,step256,70426624,6,8,14,1,7,0.008180495351552963,0.0,26069.599609375
EleutherAI/pythia-70m,256,step256,70426624,6,8,14,2,0,0.002820044755935669,0.0,26069.599609375
EleutherAI/pythia-70m,256,step256,70426624,6,8,14,2,1,0.003303171368315816,0.0,26069.599609375
EleutherAI/pythia-70m,256,step256,70426624,6,8,14,2,2,0.006204685661941767,0.0,26069.599609375
EleutherAI/pythia-70m,256,step256,70426624,6,8,14,2,3,0.0029346465598791838,0.0,26069.599609375
EleutherAI/pythia-70m,256,step256,70426624,6,8,14,2,4,0.001455328892916441,0.0,26069.599609375
EleutherAI/pythia-70m,256,step256,70426624,6,8,14,2,5,0.008117887191474438,0.0,26069.599609375
EleutherAI/pythia-70m,256,step256,70426624,6,8,14,2,6,0.011503658257424831,0.0,26069.599609375
EleutherAI/pythia-70m,256,step256,70426624,6,8,14,2,7,0.004744655918329954,0.0,26069.599609375
EleutherAI/pythia-70m,256,step256,70426624,6,8,14,3,0,0.007530738599598408,0.0,26069.599609375
EleutherAI/pythia-70m,256,step256,70426624,6,8,14,3,1,0.00990403350442648,0.0,26069.599609375
EleutherAI/pythia-70m,256,step256,70426624,6,8,14,3,2,0.004297638311982155,0.0,26069.599609375
EleutherAI/pythia-70m,256,step256,70426624,6,8,14,3,3,0.0035511041060090065,0.0,26069.599609375
EleutherAI/pythia-70m,256,step256,70426624,6,8,14,3,4,0.004318362567573786,0.0,26069.599609375
EleutherAI/pythia-70m,256,step256,70426624,6,8,14,3,5,0.011065934784710407,0.0,26069.599609375
EleutherAI/pythia-70m,256,step256,70426624,6,8,14,3,6,0.0037699085660278797,0.0,26069.599609375
EleutherAI/pythia-70m,256,step256,70426624,6,8,14,3,7,0.005983974318951368,0.0,26069.599609375
EleutherAI/pythia-70m,256,step256,70426624,6,8,14,4,0,0.007590148597955704,0.0,26069.599609375
EleutherAI/pythia-70m,256,step256,70426624,6,8,14,4,1,0.009847993962466717,0.0,26069.599609375
EleutherAI/pythia-70m,256,step256,70426624,6,8,14,4,2,0.007691287901252508,0.0,26069.599609375
EleutherAI/pythia-70m,256,step256,70426624,6,8,14,4,3,0.006426619365811348,0.0,26069.599609375
EleutherAI/pythia-70m,256,step256,70426624,6,8,14,4,4,0.005390171892940998,0.0,26069.599609375
EleutherAI/pythia-70m,256,step256,70426624,6,8,14,4,5,0.004396356176584959,0.0,26069.599609375
EleutherAI/pythia-70m,256,step256,70426624,6,8,14,4,6,0.009378980845212936,0.0,26069.599609375
EleutherAI/pythia-70m,256,step256,70426624,6,8,14,4,7,0.008308550342917442,0.0,26069.599609375
EleutherAI/pythia-70m,256,step256,70426624,6,8,14,5,0,0.004784798249602318,0.0,26069.599609375
EleutherAI/pythia-70m,256,step256,70426624,6,8,14,5,1,0.004428706597536802,0.0,26069.599609375
EleutherAI/pythia-70m,256,step256,70426624,6,8,14,5,2,0.005538709927350283,0.0,26069.599609375
EleutherAI/pythia-70m,256,step256,70426624,6,8,14,5,3,0.0025516757741570473,0.0,26069.599609375
EleutherAI/pythia-70m,256,step256,70426624,6,8,14,5,4,0.002297390252351761,0.0,26069.599609375
EleutherAI/pythia-70m,256,step256,70426624,6,8,14,5,5,0.003403712995350361,0.0,26069.599609375
EleutherAI/pythia-70m,256,step256,70426624,6,8,14,5,6,0.00979066826403141,0.0,26069.599609375
EleutherAI/pythia-70m,256,step256,70426624,6,8,14,5,7,0.002089360961690545,0.0,26069.599609375
EleutherAI/pythia-70m,256,step256,70426624,6,8,15,0,0,0.01406849268823862,0.0,24553.33984375
EleutherAI/pythia-70m,256,step256,70426624,6,8,15,0,1,0.013419116847217083,0.0,24553.33984375
EleutherAI/pythia-70m,256,step256,70426624,6,8,15,0,2,0.012949318625032902,0.0,24553.33984375
EleutherAI/pythia-70m,256,step256,70426624,6,8,15,0,3,0.013012052513659,0.0,24553.33984375
EleutherAI/pythia-70m,256,step256,70426624,6,8,15,0,4,0.012932360172271729,0.0,24553.33984375
EleutherAI/pythia-70m,256,step256,70426624,6,8,15,0,5,0.014743384905159473,0.0,24553.33984375
EleutherAI/pythia-70m,256,step256,70426624,6,8,15,0,6,0.01281721517443657,0.0,24553.33984375
EleutherAI/pythia-70m,256,step256,70426624,6,8,15,0,7,0.013012499548494816,0.0,24553.33984375
EleutherAI/pythia-70m,256,step256,70426624,6,8,15,1,0,0.009985120967030525,0.0,24553.33984375
EleutherAI/pythia-70m,256,step256,70426624,6,8,15,1,1,0.00999383069574833,0.0,24553.33984375
EleutherAI/pythia-70m,256,step256,70426624,6,8,15,1,2,0.007547284942120314,0.0,24553.33984375
EleutherAI/pythia-70m,256,step256,70426624,6,8,15,1,3,0.010272298939526081,0.0,24553.33984375
EleutherAI/pythia-70m,256,step256,70426624,6,8,15,1,4,0.01119947899132967,0.0,24553.33984375
EleutherAI/pythia-70m,256,step256,70426624,6,8,15,1,5,0.013363493606448174,0.0,24553.33984375
EleutherAI/pythia-70m,256,step256,70426624,6,8,15,1,6,0.01057644933462143,0.0,24553.33984375
EleutherAI/pythia-70m,256,step256,70426624,6,8,15,1,7,0.008388601243495941,0.0,24553.33984375
EleutherAI/pythia-70m,256,step256,70426624,6,8,15,2,0,0.002808780176565051,0.0,24553.33984375
EleutherAI/pythia-70m,256,step256,70426624,6,8,15,2,1,0.0020998555701225996,0.0,24553.33984375
EleutherAI/pythia-70m,256,step256,70426624,6,8,15,2,2,0.00535098509863019,0.0,24553.33984375
EleutherAI/pythia-70m,256,step256,70426624,6,8,15,2,3,0.004439796321094036,0.0,24553.33984375
EleutherAI/pythia-70m,256,step256,70426624,6,8,15,2,4,0.0011841895757243037,0.0,24553.33984375
EleutherAI/pythia-70m,256,step256,70426624,6,8,15,2,5,0.01074924599379301,0.0,24553.33984375
EleutherAI/pythia-70m,256,step256,70426624,6,8,15,2,6,0.01102042943239212,0.0,24553.33984375
EleutherAI/pythia-70m,256,step256,70426624,6,8,15,2,7,0.004541277419775724,0.0,24553.33984375
EleutherAI/pythia-70m,256,step256,70426624,6,8,15,3,0,0.010953838005661964,0.0,24553.33984375
EleutherAI/pythia-70m,256,step256,70426624,6,8,15,3,1,0.015429282560944557,0.0,24553.33984375
EleutherAI/pythia-70m,256,step256,70426624,6,8,15,3,2,0.002560444874688983,0.0,24553.33984375
EleutherAI/pythia-70m,256,step256,70426624,6,8,15,3,3,0.012305233627557755,0.0,24553.33984375
EleutherAI/pythia-70m,256,step256,70426624,6,8,15,3,4,0.003923243377357721,0.0,24553.33984375
EleutherAI/pythia-70m,256,step256,70426624,6,8,15,3,5,0.010401907376945019,0.0,24553.33984375
EleutherAI/pythia-70m,256,step256,70426624,6,8,15,3,6,0.005824835505336523,0.0,24553.33984375
EleutherAI/pythia-70m,256,step256,70426624,6,8,15,3,7,0.007425316143780947,0.0,24553.33984375
EleutherAI/pythia-70m,256,step256,70426624,6,8,15,4,0,0.009153954684734344,0.0,24553.33984375
EleutherAI/pythia-70m,256,step256,70426624,6,8,15,4,1,0.010394684970378876,0.0,24553.33984375
EleutherAI/pythia-70m,256,step256,70426624,6,8,15,4,2,0.010256455279886723,0.0,24553.33984375
EleutherAI/pythia-70m,256,step256,70426624,6,8,15,4,3,0.011795779690146446,0.0,24553.33984375
EleutherAI/pythia-70m,256,step256,70426624,6,8,15,4,4,0.005205646622925997,0.0,24553.33984375
EleutherAI/pythia-70m,256,step256,70426624,6,8,15,4,5,0.0044764368794858456,0.0,24553.33984375
EleutherAI/pythia-70m,256,step256,70426624,6,8,15,4,6,0.0066416263580322266,0.0,24553.33984375
EleutherAI/pythia-70m,256,step256,70426624,6,8,15,4,7,0.00987870991230011,0.0,24553.33984375
EleutherAI/pythia-70m,256,step256,70426624,6,8,15,5,0,0.002495614578947425,0.0,24553.33984375
EleutherAI/pythia-70m,256,step256,70426624,6,8,15,5,1,0.005420576315373182,0.0,24553.33984375
EleutherAI/pythia-70m,256,step256,70426624,6,8,15,5,2,0.004484447650611401,0.0,24553.33984375
EleutherAI/pythia-70m,256,step256,70426624,6,8,15,5,3,0.002646051114425063,0.0,24553.33984375
EleutherAI/pythia-70m,256,step256,70426624,6,8,15,5,4,0.0035510752350091934,0.0,24553.33984375
EleutherAI/pythia-70m,256,step256,70426624,6,8,15,5,5,0.002601967193186283,0.0,24553.33984375
EleutherAI/pythia-70m,256,step256,70426624,6,8,15,5,6,0.0102950194850564,0.0,24553.33984375
EleutherAI/pythia-70m,256,step256,70426624,6,8,15,5,7,0.0017351136775687337,0.0,24553.33984375
EleutherAI/pythia-70m,256,step256,70426624,6,8,16,0,0,0.012656702660024166,0.0,22533.80078125
EleutherAI/pythia-70m,256,step256,70426624,6,8,16,0,1,0.013786623254418373,0.0,22533.80078125
EleutherAI/pythia-70m,256,step256,70426624,6,8,16,0,2,0.014631794765591621,0.0,22533.80078125
EleutherAI/pythia-70m,256,step256,70426624,6,8,16,0,3,0.012099754996597767,0.0,22533.80078125
EleutherAI/pythia-70m,256,step256,70426624,6,8,16,0,4,0.013690232299268246,0.0,22533.80078125
EleutherAI/pythia-70m,256,step256,70426624,6,8,16,0,5,0.01444721594452858,0.0,22533.80078125
EleutherAI/pythia-70m,256,step256,70426624,6,8,16,0,6,0.014487633481621742,0.0,22533.80078125
EleutherAI/pythia-70m,256,step256,70426624,6,8,16,0,7,0.013544379733502865,0.0,22533.80078125
EleutherAI/pythia-70m,256,step256,70426624,6,8,16,1,0,0.010484350845217705,0.0,22533.80078125
EleutherAI/pythia-70m,256,step256,70426624,6,8,16,1,1,0.008202260360121727,0.0,22533.80078125
EleutherAI/pythia-70m,256,step256,70426624,6,8,16,1,2,0.00773863447830081,0.0,22533.80078125
EleutherAI/pythia-70m,256,step256,70426624,6,8,16,1,3,0.011749324388802052,0.0,22533.80078125
EleutherAI/pythia-70m,256,step256,70426624,6,8,16,1,4,0.010393979959189892,0.0,22533.80078125
EleutherAI/pythia-70m,256,step256,70426624,6,8,16,1,5,0.011824277229607105,0.0,22533.80078125
EleutherAI/pythia-70m,256,step256,70426624,6,8,16,1,6,0.01038559153676033,0.0,22533.80078125
EleutherAI/pythia-70m,256,step256,70426624,6,8,16,1,7,0.008318394422531128,0.0,22533.80078125
EleutherAI/pythia-70m,256,step256,70426624,6,8,16,2,0,0.0018432708457112312,0.0,22533.80078125
EleutherAI/pythia-70m,256,step256,70426624,6,8,16,2,1,0.0022718440741300583,0.0,22533.80078125
EleutherAI/pythia-70m,256,step256,70426624,6,8,16,2,2,0.005493050906807184,0.0,22533.80078125
EleutherAI/pythia-70m,256,step256,70426624,6,8,16,2,3,0.0029441958758980036,0.0,22533.80078125
EleutherAI/pythia-70m,256,step256,70426624,6,8,16,2,4,0.0009520290768705308,0.0,22533.80078125
EleutherAI/pythia-70m,256,step256,70426624,6,8,16,2,5,0.007152038626372814,0.0,22533.80078125
EleutherAI/pythia-70m,256,step256,70426624,6,8,16,2,6,0.00977262295782566,0.0,22533.80078125
EleutherAI/pythia-70m,256,step256,70426624,6,8,16,2,7,0.003788071684539318,0.0,22533.80078125
EleutherAI/pythia-70m,256,step256,70426624,6,8,16,3,0,0.008647472597658634,0.0,22533.80078125
EleutherAI/pythia-70m,256,step256,70426624,6,8,16,3,1,0.010447017848491669,0.0,22533.80078125
EleutherAI/pythia-70m,256,step256,70426624,6,8,16,3,2,0.0013672806089743972,0.0,22533.80078125
EleutherAI/pythia-70m,256,step256,70426624,6,8,16,3,3,0.005803215317428112,0.0,22533.80078125
EleutherAI/pythia-70m,256,step256,70426624,6,8,16,3,4,0.003247884102165699,0.0,22533.80078125
EleutherAI/pythia-70m,256,step256,70426624,6,8,16,3,5,0.010155067779123783,0.0,22533.80078125
EleutherAI/pythia-70m,256,step256,70426624,6,8,16,3,6,0.0034911578986793756,0.0,22533.80078125
EleutherAI/pythia-70m,256,step256,70426624,6,8,16,3,7,0.005664370488375425,0.0,22533.80078125
EleutherAI/pythia-70m,256,step256,70426624,6,8,16,4,0,0.008089444600045681,0.0,22533.80078125
EleutherAI/pythia-70m,256,step256,70426624,6,8,16,4,1,0.011070091277360916,0.0,22533.80078125
EleutherAI/pythia-70m,256,step256,70426624,6,8,16,4,2,0.011222225613892078,0.0,22533.80078125
EleutherAI/pythia-70m,256,step256,70426624,6,8,16,4,3,0.009275857359170914,0.0,22533.80078125
EleutherAI/pythia-70m,256,step256,70426624,6,8,16,4,4,0.002907074987888336,0.0,22533.80078125
EleutherAI/pythia-70m,256,step256,70426624,6,8,16,4,5,0.004190927371382713,0.0,22533.80078125
EleutherAI/pythia-70m,256,step256,70426624,6,8,16,4,6,0.0056532565504312515,0.0,22533.80078125
EleutherAI/pythia-70m,256,step256,70426624,6,8,16,4,7,0.010432695038616657,0.0,22533.80078125
EleutherAI/pythia-70m,256,step256,70426624,6,8,16,5,0,0.0033659092150628567,0.0,22533.80078125
EleutherAI/pythia-70m,256,step256,70426624,6,8,16,5,1,0.00305730733089149,0.0,22533.80078125
EleutherAI/pythia-70m,256,step256,70426624,6,8,16,5,2,0.005321363918483257,0.0,22533.80078125
EleutherAI/pythia-70m,256,step256,70426624,6,8,16,5,3,0.001685494789853692,0.0,22533.80078125
EleutherAI/pythia-70m,256,step256,70426624,6,8,16,5,4,0.0018954509869217873,0.0,22533.80078125
EleutherAI/pythia-70m,256,step256,70426624,6,8,16,5,5,0.004222063813358545,0.0,22533.80078125
EleutherAI/pythia-70m,256,step256,70426624,6,8,16,5,6,0.011045873165130615,0.0,22533.80078125
EleutherAI/pythia-70m,256,step256,70426624,6,8,16,5,7,0.0009053911198861897,0.0,22533.80078125
EleutherAI/pythia-70m,256,step256,70426624,6,8,17,0,0,0.014432544820010662,0.0,23545.140625
EleutherAI/pythia-70m,256,step256,70426624,6,8,17,0,1,0.013644080609083176,0.0,23545.140625
EleutherAI/pythia-70m,256,step256,70426624,6,8,17,0,2,0.014854715205729008,0.0,23545.140625
EleutherAI/pythia-70m,256,step256,70426624,6,8,17,0,3,0.01457966584712267,0.0,23545.140625
EleutherAI/pythia-70m,256,step256,70426624,6,8,17,0,4,0.01431354507803917,0.0,23545.140625
EleutherAI/pythia-70m,256,step256,70426624,6,8,17,0,5,0.013064611703157425,0.0,23545.140625
EleutherAI/pythia-70m,256,step256,70426624,6,8,17,0,6,0.014216311275959015,0.0,23545.140625
EleutherAI/pythia-70m,256,step256,70426624,6,8,17,0,7,0.01346547994762659,0.0,23545.140625
EleutherAI/pythia-70m,256,step256,70426624,6,8,17,1,0,0.009707675315439701,0.0,23545.140625
EleutherAI/pythia-70m,256,step256,70426624,6,8,17,1,1,0.008586293086409569,0.0,23545.140625
EleutherAI/pythia-70m,256,step256,70426624,6,8,17,1,2,0.006976585369557142,0.0,23545.140625
EleutherAI/pythia-70m,256,step256,70426624,6,8,17,1,3,0.011678543873131275,0.0,23545.140625
EleutherAI/pythia-70m,256,step256,70426624,6,8,17,1,4,0.010171722620725632,0.0,23545.140625
EleutherAI/pythia-70m,256,step256,70426624,6,8,17,1,5,0.012029783800244331,0.0,23545.140625
EleutherAI/pythia-70m,256,step256,70426624,6,8,17,1,6,0.008785450831055641,0.0,23545.140625
EleutherAI/pythia-70m,256,step256,70426624,6,8,17,1,7,0.006858861073851585,0.0,23545.140625
EleutherAI/pythia-70m,256,step256,70426624,6,8,17,2,0,0.0027300494257360697,0.0,23545.140625
EleutherAI/pythia-70m,256,step256,70426624,6,8,17,2,1,0.0025096070021390915,0.0,23545.140625
EleutherAI/pythia-70m,256,step256,70426624,6,8,17,2,2,0.005703257862478495,0.0,23545.140625
EleutherAI/pythia-70m,256,step256,70426624,6,8,17,2,3,0.0034954887814819813,0.0,23545.140625
EleutherAI/pythia-70m,256,step256,70426624,6,8,17,2,4,0.00150214449968189,0.0,23545.140625
EleutherAI/pythia-70m,256,step256,70426624,6,8,17,2,5,0.008968150243163109,0.0,23545.140625
EleutherAI/pythia-70m,256,step256,70426624,6,8,17,2,6,0.009411361068487167,0.0,23545.140625
EleutherAI/pythia-70m,256,step256,70426624,6,8,17,2,7,0.0052389586344361305,0.0,23545.140625
EleutherAI/pythia-70m,256,step256,70426624,6,8,17,3,0,0.009775318205356598,0.0,23545.140625
EleutherAI/pythia-70m,256,step256,70426624,6,8,17,3,1,0.011703000403940678,0.0,23545.140625
EleutherAI/pythia-70m,256,step256,70426624,6,8,17,3,2,0.0060627092607319355,0.0,23545.140625
EleutherAI/pythia-70m,256,step256,70426624,6,8,17,3,3,0.0069822524674236774,0.0,23545.140625
EleutherAI/pythia-70m,256,step256,70426624,6,8,17,3,4,0.004335175734013319,0.0,23545.140625
EleutherAI/pythia-70m,256,step256,70426624,6,8,17,3,5,0.010443628765642643,0.0,23545.140625
EleutherAI/pythia-70m,256,step256,70426624,6,8,17,3,6,0.006816609296947718,0.0,23545.140625
EleutherAI/pythia-70m,256,step256,70426624,6,8,17,3,7,0.004724523052573204,0.0,23545.140625
EleutherAI/pythia-70m,256,step256,70426624,6,8,17,4,0,0.006709535140544176,0.0,23545.140625
EleutherAI/pythia-70m,256,step256,70426624,6,8,17,4,1,0.012049141339957714,0.0,23545.140625
EleutherAI/pythia-70m,256,step256,70426624,6,8,17,4,2,0.011517686769366264,0.0,23545.140625
EleutherAI/pythia-70m,256,step256,70426624,6,8,17,4,3,0.010142207145690918,0.0,23545.140625
EleutherAI/pythia-70m,256,step256,70426624,6,8,17,4,4,0.004333012737333775,0.0,23545.140625
EleutherAI/pythia-70m,256,step256,70426624,6,8,17,4,5,0.003525226144120097,0.0,23545.140625
EleutherAI/pythia-70m,256,step256,70426624,6,8,17,4,6,0.008448746986687183,0.0,23545.140625
EleutherAI/pythia-70m,256,step256,70426624,6,8,17,4,7,0.010685350745916367,0.0,23545.140625
EleutherAI/pythia-70m,256,step256,70426624,6,8,17,5,0,0.004009752068668604,0.0,23545.140625
EleutherAI/pythia-70m,256,step256,70426624,6,8,17,5,1,0.004072383977472782,0.0,23545.140625
EleutherAI/pythia-70m,256,step256,70426624,6,8,17,5,2,0.004537971690297127,0.0,23545.140625
EleutherAI/pythia-70m,256,step256,70426624,6,8,17,5,3,0.0023054128978401423,0.0,23545.140625
EleutherAI/pythia-70m,256,step256,70426624,6,8,17,5,4,0.0019053536234423518,0.0,23545.140625
EleutherAI/pythia-70m,256,step256,70426624,6,8,17,5,5,0.0036239344626665115,0.0,23545.140625
EleutherAI/pythia-70m,256,step256,70426624,6,8,17,5,6,0.008653946220874786,0.0,23545.140625
EleutherAI/pythia-70m,256,step256,70426624,6,8,17,5,7,0.0028898792807012796,0.0,23545.140625
EleutherAI/pythia-70m,256,step256,70426624,6,8,18,0,0,0.014016137458384037,0.019999999552965164,25557.419921875
EleutherAI/pythia-70m,256,step256,70426624,6,8,18,0,1,0.012587539851665497,0.019999999552965164,25557.419921875
EleutherAI/pythia-70m,256,step256,70426624,6,8,18,0,2,0.012319683097302914,0.019999999552965164,25557.419921875
EleutherAI/pythia-70m,256,step256,70426624,6,8,18,0,3,0.014438122510910034,0.019999999552965164,25557.419921875
EleutherAI/pythia-70m,256,step256,70426624,6,8,18,0,4,0.014395782724022865,0.019999999552965164,25557.419921875
EleutherAI/pythia-70m,256,step256,70426624,6,8,18,0,5,0.014218399301171303,0.019999999552965164,25557.419921875
EleutherAI/pythia-70m,256,step256,70426624,6,8,18,0,6,0.012430456466972828,0.019999999552965164,25557.419921875
EleutherAI/pythia-70m,256,step256,70426624,6,8,18,0,7,0.013469237834215164,0.019999999552965164,25557.419921875
EleutherAI/pythia-70m,256,step256,70426624,6,8,18,1,0,0.01123757567256689,0.019999999552965164,25557.419921875
EleutherAI/pythia-70m,256,step256,70426624,6,8,18,1,1,0.0099214231595397,0.019999999552965164,25557.419921875
EleutherAI/pythia-70m,256,step256,70426624,6,8,18,1,2,0.0067754629999399185,0.019999999552965164,25557.419921875
EleutherAI/pythia-70m,256,step256,70426624,6,8,18,1,3,0.011099866591393948,0.019999999552965164,25557.419921875
EleutherAI/pythia-70m,256,step256,70426624,6,8,18,1,4,0.01178133487701416,0.019999999552965164,25557.419921875
EleutherAI/pythia-70m,256,step256,70426624,6,8,18,1,5,0.015605910681188107,0.019999999552965164,25557.419921875
EleutherAI/pythia-70m,256,step256,70426624,6,8,18,1,6,0.010153377428650856,0.019999999552965164,25557.419921875
EleutherAI/pythia-70m,256,step256,70426624,6,8,18,1,7,0.010557384230196476,0.019999999552965164,25557.419921875
EleutherAI/pythia-70m,256,step256,70426624,6,8,18,2,0,0.0015090476954355836,0.019999999552965164,25557.419921875
EleutherAI/pythia-70m,256,step256,70426624,6,8,18,2,1,0.0025492438580840826,0.019999999552965164,25557.419921875
EleutherAI/pythia-70m,256,step256,70426624,6,8,18,2,2,0.006480189971625805,0.019999999552965164,25557.419921875
EleutherAI/pythia-70m,256,step256,70426624,6,8,18,2,3,0.0029662447050213814,0.019999999552965164,25557.419921875
EleutherAI/pythia-70m,256,step256,70426624,6,8,18,2,4,0.0013795319246128201,0.019999999552965164,25557.419921875
EleutherAI/pythia-70m,256,step256,70426624,6,8,18,2,5,0.008279375731945038,0.019999999552965164,25557.419921875
EleutherAI/pythia-70m,256,step256,70426624,6,8,18,2,6,0.007413203828036785,0.019999999552965164,25557.419921875
EleutherAI/pythia-70m,256,step256,70426624,6,8,18,2,7,0.003999830689281225,0.019999999552965164,25557.419921875
EleutherAI/pythia-70m,256,step256,70426624,6,8,18,3,0,0.008148524910211563,0.019999999552965164,25557.419921875
EleutherAI/pythia-70m,256,step256,70426624,6,8,18,3,1,0.009236421436071396,0.019999999552965164,25557.419921875
EleutherAI/pythia-70m,256,step256,70426624,6,8,18,3,2,0.0020903446711599827,0.019999999552965164,25557.419921875
EleutherAI/pythia-70m,256,step256,70426624,6,8,18,3,3,0.0037917750887572765,0.019999999552965164,25557.419921875
EleutherAI/pythia-70m,256,step256,70426624,6,8,18,3,4,0.0034533794969320297,0.019999999552965164,25557.419921875
EleutherAI/pythia-70m,256,step256,70426624,6,8,18,3,5,0.012132091447710991,0.019999999552965164,25557.419921875
EleutherAI/pythia-70m,256,step256,70426624,6,8,18,3,6,0.005206509027630091,0.019999999552965164,25557.419921875
EleutherAI/pythia-70m,256,step256,70426624,6,8,18,3,7,0.005206672940403223,0.019999999552965164,25557.419921875
EleutherAI/pythia-70m,256,step256,70426624,6,8,18,4,0,0.005294935777783394,0.019999999552965164,25557.419921875
EleutherAI/pythia-70m,256,step256,70426624,6,8,18,4,1,0.012791242450475693,0.019999999552965164,25557.419921875
EleutherAI/pythia-70m,256,step256,70426624,6,8,18,4,2,0.006918518338352442,0.019999999552965164,25557.419921875
EleutherAI/pythia-70m,256,step256,70426624,6,8,18,4,3,0.009515872225165367,0.019999999552965164,25557.419921875
EleutherAI/pythia-70m,256,step256,70426624,6,8,18,4,4,0.0027180665638297796,0.019999999552965164,25557.419921875
EleutherAI/pythia-70m,256,step256,70426624,6,8,18,4,5,0.0035610077902674675,0.019999999552965164,25557.419921875
EleutherAI/pythia-70m,256,step256,70426624,6,8,18,4,6,0.00676054647192359,0.019999999552965164,25557.419921875
EleutherAI/pythia-70m,256,step256,70426624,6,8,18,4,7,0.007256438955664635,0.019999999552965164,25557.419921875
EleutherAI/pythia-70m,256,step256,70426624,6,8,18,5,0,0.0022054368164390326,0.019999999552965164,25557.419921875
EleutherAI/pythia-70m,256,step256,70426624,6,8,18,5,1,0.003572688205167651,0.019999999552965164,25557.419921875
EleutherAI/pythia-70m,256,step256,70426624,6,8,18,5,2,0.006033717188984156,0.019999999552965164,25557.419921875
EleutherAI/pythia-70m,256,step256,70426624,6,8,18,5,3,0.001050061546266079,0.019999999552965164,25557.419921875
EleutherAI/pythia-70m,256,step256,70426624,6,8,18,5,4,0.0018713563913479447,0.019999999552965164,25557.419921875
EleutherAI/pythia-70m,256,step256,70426624,6,8,18,5,5,0.002565924543887377,0.019999999552965164,25557.419921875
EleutherAI/pythia-70m,256,step256,70426624,6,8,18,5,6,0.008799641393125057,0.019999999552965164,25557.419921875
EleutherAI/pythia-70m,256,step256,70426624,6,8,18,5,7,0.001026912941597402,0.019999999552965164,25557.419921875
EleutherAI/pythia-70m,256,step256,70426624,6,8,19,0,0,0.013014068827033043,0.0,26205.359375
EleutherAI/pythia-70m,256,step256,70426624,6,8,19,0,1,0.01399589516222477,0.0,26205.359375
EleutherAI/pythia-70m,256,step256,70426624,6,8,19,0,2,0.014190188609063625,0.0,26205.359375
EleutherAI/pythia-70m,256,step256,70426624,6,8,19,0,3,0.013217352330684662,0.0,26205.359375
EleutherAI/pythia-70m,256,step256,70426624,6,8,19,0,4,0.012834998778998852,0.0,26205.359375
EleutherAI/pythia-70m,256,step256,70426624,6,8,19,0,5,0.01407043356448412,0.0,26205.359375
EleutherAI/pythia-70m,256,step256,70426624,6,8,19,0,6,0.014912677928805351,0.0,26205.359375
EleutherAI/pythia-70m,256,step256,70426624,6,8,19,0,7,0.01579742133617401,0.0,26205.359375
EleutherAI/pythia-70m,256,step256,70426624,6,8,19,1,0,0.010041531175374985,0.0,26205.359375
EleutherAI/pythia-70m,256,step256,70426624,6,8,19,1,1,0.009108652360737324,0.0,26205.359375
EleutherAI/pythia-70m,256,step256,70426624,6,8,19,1,2,0.010163004510104656,0.0,26205.359375
EleutherAI/pythia-70m,256,step256,70426624,6,8,19,1,3,0.011099751107394695,0.0,26205.359375
EleutherAI/pythia-70m,256,step256,70426624,6,8,19,1,4,0.011818352155387402,0.0,26205.359375
EleutherAI/pythia-70m,256,step256,70426624,6,8,19,1,5,0.011657762341201305,0.0,26205.359375
EleutherAI/pythia-70m,256,step256,70426624,6,8,19,1,6,0.010965747758746147,0.0,26205.359375
EleutherAI/pythia-70m,256,step256,70426624,6,8,19,1,7,0.00900531467050314,0.0,26205.359375
EleutherAI/pythia-70m,256,step256,70426624,6,8,19,2,0,0.0032925650011748075,0.0,26205.359375
EleutherAI/pythia-70m,256,step256,70426624,6,8,19,2,1,0.003009295789524913,0.0,26205.359375
EleutherAI/pythia-70m,256,step256,70426624,6,8,19,2,2,0.006221524905413389,0.0,26205.359375
EleutherAI/pythia-70m,256,step256,70426624,6,8,19,2,3,0.0030591762624680996,0.0,26205.359375
EleutherAI/pythia-70m,256,step256,70426624,6,8,19,2,4,0.0008040176471695304,0.0,26205.359375
EleutherAI/pythia-70m,256,step256,70426624,6,8,19,2,5,0.009133880957961082,0.0,26205.359375
EleutherAI/pythia-70m,256,step256,70426624,6,8,19,2,6,0.011555235832929611,0.0,26205.359375
EleutherAI/pythia-70m,256,step256,70426624,6,8,19,2,7,0.005049330182373524,0.0,26205.359375
EleutherAI/pythia-70m,256,step256,70426624,6,8,19,3,0,0.010183565318584442,0.0,26205.359375
EleutherAI/pythia-70m,256,step256,70426624,6,8,19,3,1,0.010089763440191746,0.0,26205.359375
EleutherAI/pythia-70m,256,step256,70426624,6,8,19,3,2,0.0030758643988519907,0.0,26205.359375
EleutherAI/pythia-70m,256,step256,70426624,6,8,19,3,3,0.00877254456281662,0.0,26205.359375
EleutherAI/pythia-70m,256,step256,70426624,6,8,19,3,4,0.002654892159625888,0.0,26205.359375
EleutherAI/pythia-70m,256,step256,70426624,6,8,19,3,5,0.012410237453877926,0.0,26205.359375
EleutherAI/pythia-70m,256,step256,70426624,6,8,19,3,6,0.007783804088830948,0.0,26205.359375
EleutherAI/pythia-70m,256,step256,70426624,6,8,19,3,7,0.0067638857290148735,0.0,26205.359375
EleutherAI/pythia-70m,256,step256,70426624,6,8,19,4,0,0.009602098725736141,0.0,26205.359375
EleutherAI/pythia-70m,256,step256,70426624,6,8,19,4,1,0.012842308729887009,0.0,26205.359375
EleutherAI/pythia-70m,256,step256,70426624,6,8,19,4,2,0.009956748224794865,0.0,26205.359375
EleutherAI/pythia-70m,256,step256,70426624,6,8,19,4,3,0.011363362893462181,0.0,26205.359375
EleutherAI/pythia-70m,256,step256,70426624,6,8,19,4,4,0.003388505894690752,0.0,26205.359375
EleutherAI/pythia-70m,256,step256,70426624,6,8,19,4,5,0.0038325160276144743,0.0,26205.359375
EleutherAI/pythia-70m,256,step256,70426624,6,8,19,4,6,0.00758396927267313,0.0,26205.359375
EleutherAI/pythia-70m,256,step256,70426624,6,8,19,4,7,0.008528308942914009,0.0,26205.359375
EleutherAI/pythia-70m,256,step256,70426624,6,8,19,5,0,0.004362155683338642,0.0,26205.359375
EleutherAI/pythia-70m,256,step256,70426624,6,8,19,5,1,0.0034493200946599245,0.0,26205.359375
EleutherAI/pythia-70m,256,step256,70426624,6,8,19,5,2,0.006945981178432703,0.0,26205.359375
EleutherAI/pythia-70m,256,step256,70426624,6,8,19,5,3,0.002718267496675253,0.0,26205.359375
EleutherAI/pythia-70m,256,step256,70426624,6,8,19,5,4,0.0022806571796536446,0.0,26205.359375
EleutherAI/pythia-70m,256,step256,70426624,6,8,19,5,5,0.004699140787124634,0.0,26205.359375
EleutherAI/pythia-70m,256,step256,70426624,6,8,19,5,6,0.006288865581154823,0.0,26205.359375
EleutherAI/pythia-70m,256,step256,70426624,6,8,19,5,7,0.001098380540497601,0.0,26205.359375
EleutherAI/pythia-70m,256,step256,70426624,6,8,20,0,0,0.014600333757698536,0.0,23611.720703125
EleutherAI/pythia-70m,256,step256,70426624,6,8,20,0,1,0.014962668530642986,0.0,23611.720703125
EleutherAI/pythia-70m,256,step256,70426624,6,8,20,0,2,0.013441886752843857,0.0,23611.720703125
EleutherAI/pythia-70m,256,step256,70426624,6,8,20,0,3,0.013844618573784828,0.0,23611.720703125
EleutherAI/pythia-70m,256,step256,70426624,6,8,20,0,4,0.012580416165292263,0.0,23611.720703125
EleutherAI/pythia-70m,256,step256,70426624,6,8,20,0,5,0.013746735639870167,0.0,23611.720703125
EleutherAI/pythia-70m,256,step256,70426624,6,8,20,0,6,0.0144150760024786,0.0,23611.720703125
EleutherAI/pythia-70m,256,step256,70426624,6,8,20,0,7,0.01316288486123085,0.0,23611.720703125
EleutherAI/pythia-70m,256,step256,70426624,6,8,20,1,0,0.011074760928750038,0.0,23611.720703125
EleutherAI/pythia-70m,256,step256,70426624,6,8,20,1,1,0.008791611529886723,0.0,23611.720703125
EleutherAI/pythia-70m,256,step256,70426624,6,8,20,1,2,0.00843790639191866,0.0,23611.720703125
EleutherAI/pythia-70m,256,step256,70426624,6,8,20,1,3,0.009877674281597137,0.0,23611.720703125
EleutherAI/pythia-70m,256,step256,70426624,6,8,20,1,4,0.0118610430508852,0.0,23611.720703125
EleutherAI/pythia-70m,256,step256,70426624,6,8,20,1,5,0.011865283362567425,0.0,23611.720703125
EleutherAI/pythia-70m,256,step256,70426624,6,8,20,1,6,0.010775859467685223,0.0,23611.720703125
EleutherAI/pythia-70m,256,step256,70426624,6,8,20,1,7,0.009483687579631805,0.0,23611.720703125
EleutherAI/pythia-70m,256,step256,70426624,6,8,20,2,0,0.0029542213305830956,0.0,23611.720703125
EleutherAI/pythia-70m,256,step256,70426624,6,8,20,2,1,0.0028576713521033525,0.0,23611.720703125
EleutherAI/pythia-70m,256,step256,70426624,6,8,20,2,2,0.0055689215660095215,0.0,23611.720703125
EleutherAI/pythia-70m,256,step256,70426624,6,8,20,2,3,0.0030031842179596424,0.0,23611.720703125
EleutherAI/pythia-70m,256,step256,70426624,6,8,20,2,4,0.0013214440550655127,0.0,23611.720703125
EleutherAI/pythia-70m,256,step256,70426624,6,8,20,2,5,0.00914384052157402,0.0,23611.720703125
EleutherAI/pythia-70m,256,step256,70426624,6,8,20,2,6,0.014833007007837296,0.0,23611.720703125
EleutherAI/pythia-70m,256,step256,70426624,6,8,20,2,7,0.00570311676710844,0.0,23611.720703125
EleutherAI/pythia-70m,256,step256,70426624,6,8,20,3,0,0.009920768439769745,0.0,23611.720703125
EleutherAI/pythia-70m,256,step256,70426624,6,8,20,3,1,0.011225824244320393,0.0,23611.720703125
EleutherAI/pythia-70m,256,step256,70426624,6,8,20,3,2,0.00476222625002265,0.0,23611.720703125
EleutherAI/pythia-70m,256,step256,70426624,6,8,20,3,3,0.006368149537593126,0.0,23611.720703125
EleutherAI/pythia-70m,256,step256,70426624,6,8,20,3,4,0.004733937326818705,0.0,23611.720703125
EleutherAI/pythia-70m,256,step256,70426624,6,8,20,3,5,0.01188308373093605,0.0,23611.720703125
EleutherAI/pythia-70m,256,step256,70426624,6,8,20,3,6,0.005801158957183361,0.0,23611.720703125
EleutherAI/pythia-70m,256,step256,70426624,6,8,20,3,7,0.0056943162344396114,0.0,23611.720703125
EleutherAI/pythia-70m,256,step256,70426624,6,8,20,4,0,0.011966006830334663,0.0,23611.720703125
EleutherAI/pythia-70m,256,step256,70426624,6,8,20,4,1,0.012081699445843697,0.0,23611.720703125
EleutherAI/pythia-70m,256,step256,70426624,6,8,20,4,2,0.012300621718168259,0.0,23611.720703125
EleutherAI/pythia-70m,256,step256,70426624,6,8,20,4,3,0.008306406438350677,0.0,23611.720703125
EleutherAI/pythia-70m,256,step256,70426624,6,8,20,4,4,0.005417876876890659,0.0,23611.720703125
EleutherAI/pythia-70m,256,step256,70426624,6,8,20,4,5,0.004833704326301813,0.0,23611.720703125
EleutherAI/pythia-70m,256,step256,70426624,6,8,20,4,6,0.008382934145629406,0.0,23611.720703125
EleutherAI/pythia-70m,256,step256,70426624,6,8,20,4,7,0.010477118194103241,0.0,23611.720703125
EleutherAI/pythia-70m,256,step256,70426624,6,8,20,5,0,0.006223180331289768,0.0,23611.720703125
EleutherAI/pythia-70m,256,step256,70426624,6,8,20,5,1,0.0030485803727060556,0.0,23611.720703125
EleutherAI/pythia-70m,256,step256,70426624,6,8,20,5,2,0.005464213900268078,0.0,23611.720703125
EleutherAI/pythia-70m,256,step256,70426624,6,8,20,5,3,0.003385713091120124,0.0,23611.720703125
EleutherAI/pythia-70m,256,step256,70426624,6,8,20,5,4,0.002209543250501156,0.0,23611.720703125
EleutherAI/pythia-70m,256,step256,70426624,6,8,20,5,5,0.003566754749044776,0.0,23611.720703125
EleutherAI/pythia-70m,256,step256,70426624,6,8,20,5,6,0.009033536538481712,0.0,23611.720703125
EleutherAI/pythia-70m,256,step256,70426624,6,8,20,5,7,0.002618593629449606,0.0,23611.720703125
EleutherAI/pythia-70m,256,step256,70426624,6,8,21,0,0,0.015136253088712692,0.0,24743.48046875
EleutherAI/pythia-70m,256,step256,70426624,6,8,21,0,1,0.013734583742916584,0.0,24743.48046875
EleutherAI/pythia-70m,256,step256,70426624,6,8,21,0,2,0.014039087109267712,0.0,24743.48046875
EleutherAI/pythia-70m,256,step256,70426624,6,8,21,0,3,0.013566163368523121,0.0,24743.48046875
EleutherAI/pythia-70m,256,step256,70426624,6,8,21,0,4,0.01348864659667015,0.0,24743.48046875
EleutherAI/pythia-70m,256,step256,70426624,6,8,21,0,5,0.013443360105156898,0.0,24743.48046875
EleutherAI/pythia-70m,256,step256,70426624,6,8,21,0,6,0.013576190918684006,0.0,24743.48046875
EleutherAI/pythia-70m,256,step256,70426624,6,8,21,0,7,0.01495004165917635,0.0,24743.48046875
EleutherAI/pythia-70m,256,step256,70426624,6,8,21,1,0,0.011388835497200489,0.0,24743.48046875
EleutherAI/pythia-70m,256,step256,70426624,6,8,21,1,1,0.011366424150764942,0.0,24743.48046875
EleutherAI/pythia-70m,256,step256,70426624,6,8,21,1,2,0.00931659247726202,0.0,24743.48046875
EleutherAI/pythia-70m,256,step256,70426624,6,8,21,1,3,0.010964368470013142,0.0,24743.48046875
EleutherAI/pythia-70m,256,step256,70426624,6,8,21,1,4,0.013823539018630981,0.0,24743.48046875
EleutherAI/pythia-70m,256,step256,70426624,6,8,21,1,5,0.012557804584503174,0.0,24743.48046875
EleutherAI/pythia-70m,256,step256,70426624,6,8,21,1,6,0.011729967780411243,0.0,24743.48046875
EleutherAI/pythia-70m,256,step256,70426624,6,8,21,1,7,0.012812209315598011,0.0,24743.48046875
EleutherAI/pythia-70m,256,step256,70426624,6,8,21,2,0,0.0024494295939803123,0.0,24743.48046875
EleutherAI/pythia-70m,256,step256,70426624,6,8,21,2,1,0.002187116537243128,0.0,24743.48046875
EleutherAI/pythia-70m,256,step256,70426624,6,8,21,2,2,0.006263923831284046,0.0,24743.48046875
EleutherAI/pythia-70m,256,step256,70426624,6,8,21,2,3,0.00387054611928761,0.0,24743.48046875
EleutherAI/pythia-70m,256,step256,70426624,6,8,21,2,4,0.0010628466261550784,0.0,24743.48046875
EleutherAI/pythia-70m,256,step256,70426624,6,8,21,2,5,0.010043148882687092,0.0,24743.48046875
EleutherAI/pythia-70m,256,step256,70426624,6,8,21,2,6,0.011847324669361115,0.0,24743.48046875
EleutherAI/pythia-70m,256,step256,70426624,6,8,21,2,7,0.0073311589658260345,0.0,24743.48046875
EleutherAI/pythia-70m,256,step256,70426624,6,8,21,3,0,0.010385151952505112,0.0,24743.48046875
EleutherAI/pythia-70m,256,step256,70426624,6,8,21,3,1,0.010709420777857304,0.0,24743.48046875
EleutherAI/pythia-70m,256,step256,70426624,6,8,21,3,2,0.0017041227547451854,0.0,24743.48046875
EleutherAI/pythia-70m,256,step256,70426624,6,8,21,3,3,0.009154104627668858,0.0,24743.48046875
EleutherAI/pythia-70m,256,step256,70426624,6,8,21,3,4,0.0037280332762748003,0.0,24743.48046875
EleutherAI/pythia-70m,256,step256,70426624,6,8,21,3,5,0.011777941137552261,0.0,24743.48046875
EleutherAI/pythia-70m,256,step256,70426624,6,8,21,3,6,0.008326651528477669,0.0,24743.48046875
EleutherAI/pythia-70m,256,step256,70426624,6,8,21,3,7,0.005320729687809944,0.0,24743.48046875
EleutherAI/pythia-70m,256,step256,70426624,6,8,21,4,0,0.006573320832103491,0.0,24743.48046875
EleutherAI/pythia-70m,256,step256,70426624,6,8,21,4,1,0.012769646942615509,0.0,24743.48046875
EleutherAI/pythia-70m,256,step256,70426624,6,8,21,4,2,0.011206897906959057,0.0,24743.48046875
EleutherAI/pythia-70m,256,step256,70426624,6,8,21,4,3,0.010033533908426762,0.0,24743.48046875
EleutherAI/pythia-70m,256,step256,70426624,6,8,21,4,4,0.006433157250285149,0.0,24743.48046875
EleutherAI/pythia-70m,256,step256,70426624,6,8,21,4,5,0.004374989308416843,0.0,24743.48046875
EleutherAI/pythia-70m,256,step256,70426624,6,8,21,4,6,0.010919511318206787,0.0,24743.48046875
EleutherAI/pythia-70m,256,step256,70426624,6,8,21,4,7,0.008670961484313011,0.0,24743.48046875
EleutherAI/pythia-70m,256,step256,70426624,6,8,21,5,0,0.0057990108616650105,0.0,24743.48046875
EleutherAI/pythia-70m,256,step256,70426624,6,8,21,5,1,0.004810430575162172,0.0,24743.48046875
EleutherAI/pythia-70m,256,step256,70426624,6,8,21,5,2,0.005063691642135382,0.0,24743.48046875
EleutherAI/pythia-70m,256,step256,70426624,6,8,21,5,3,0.002881037537008524,0.0,24743.48046875
EleutherAI/pythia-70m,256,step256,70426624,6,8,21,5,4,0.0019121578661724925,0.0,24743.48046875
EleutherAI/pythia-70m,256,step256,70426624,6,8,21,5,5,0.0061483848839998245,0.0,24743.48046875
EleutherAI/pythia-70m,256,step256,70426624,6,8,21,5,6,0.01006203144788742,0.0,24743.48046875
EleutherAI/pythia-70m,256,step256,70426624,6,8,21,5,7,0.002055312041193247,0.0,24743.48046875
EleutherAI/pythia-70m,256,step256,70426624,6,8,22,0,0,0.013704614713788033,0.0,28455.119140625
EleutherAI/pythia-70m,256,step256,70426624,6,8,22,0,1,0.014120297506451607,0.0,28455.119140625
EleutherAI/pythia-70m,256,step256,70426624,6,8,22,0,2,0.013868437148630619,0.0,28455.119140625
EleutherAI/pythia-70m,256,step256,70426624,6,8,22,0,3,0.013407056219875813,0.0,28455.119140625
EleutherAI/pythia-70m,256,step256,70426624,6,8,22,0,4,0.01393007393926382,0.0,28455.119140625
EleutherAI/pythia-70m,256,step256,70426624,6,8,22,0,5,0.013226266019046307,0.0,28455.119140625
EleutherAI/pythia-70m,256,step256,70426624,6,8,22,0,6,0.013615556992590427,0.0,28455.119140625
EleutherAI/pythia-70m,256,step256,70426624,6,8,22,0,7,0.015493128448724747,0.0,28455.119140625
EleutherAI/pythia-70m,256,step256,70426624,6,8,22,1,0,0.01137382723391056,0.0,28455.119140625
EleutherAI/pythia-70m,256,step256,70426624,6,8,22,1,1,0.010532354936003685,0.0,28455.119140625
EleutherAI/pythia-70m,256,step256,70426624,6,8,22,1,2,0.0070984624326229095,0.0,28455.119140625
EleutherAI/pythia-70m,256,step256,70426624,6,8,22,1,3,0.012485973536968231,0.0,28455.119140625
EleutherAI/pythia-70m,256,step256,70426624,6,8,22,1,4,0.012216891162097454,0.0,28455.119140625
EleutherAI/pythia-70m,256,step256,70426624,6,8,22,1,5,0.013511991128325462,0.0,28455.119140625
EleutherAI/pythia-70m,256,step256,70426624,6,8,22,1,6,0.008455934934318066,0.0,28455.119140625
EleutherAI/pythia-70m,256,step256,70426624,6,8,22,1,7,0.010951515287160873,0.0,28455.119140625
EleutherAI/pythia-70m,256,step256,70426624,6,8,22,2,0,0.002078476594761014,0.0,28455.119140625
EleutherAI/pythia-70m,256,step256,70426624,6,8,22,2,1,0.0028269565664231777,0.0,28455.119140625
EleutherAI/pythia-70m,256,step256,70426624,6,8,22,2,2,0.0057006096467375755,0.0,28455.119140625
EleutherAI/pythia-70m,256,step256,70426624,6,8,22,2,3,0.0031566619873046875,0.0,28455.119140625
EleutherAI/pythia-70m,256,step256,70426624,6,8,22,2,4,0.0013181816320866346,0.0,28455.119140625
EleutherAI/pythia-70m,256,step256,70426624,6,8,22,2,5,0.01002346258610487,0.0,28455.119140625
EleutherAI/pythia-70m,256,step256,70426624,6,8,22,2,6,0.011519627645611763,0.0,28455.119140625
EleutherAI/pythia-70m,256,step256,70426624,6,8,22,2,7,0.004203875083476305,0.0,28455.119140625
EleutherAI/pythia-70m,256,step256,70426624,6,8,22,3,0,0.009993232786655426,0.0,28455.119140625
EleutherAI/pythia-70m,256,step256,70426624,6,8,22,3,1,0.010710405185818672,0.0,28455.119140625
EleutherAI/pythia-70m,256,step256,70426624,6,8,22,3,2,0.001602405565790832,0.0,28455.119140625
EleutherAI/pythia-70m,256,step256,70426624,6,8,22,3,3,0.007240010891109705,0.0,28455.119140625
EleutherAI/pythia-70m,256,step256,70426624,6,8,22,3,4,0.004439422395080328,0.0,28455.119140625
EleutherAI/pythia-70m,256,step256,70426624,6,8,22,3,5,0.01092643290758133,0.0,28455.119140625
EleutherAI/pythia-70m,256,step256,70426624,6,8,22,3,6,0.00746237812563777,0.0,28455.119140625
EleutherAI/pythia-70m,256,step256,70426624,6,8,22,3,7,0.005419306922703981,0.0,28455.119140625
EleutherAI/pythia-70m,256,step256,70426624,6,8,22,4,0,0.00721932016313076,0.0,28455.119140625
EleutherAI/pythia-70m,256,step256,70426624,6,8,22,4,1,0.010524657554924488,0.0,28455.119140625
EleutherAI/pythia-70m,256,step256,70426624,6,8,22,4,2,0.009291389025747776,0.0,28455.119140625
EleutherAI/pythia-70m,256,step256,70426624,6,8,22,4,3,0.00851100031286478,0.0,28455.119140625
EleutherAI/pythia-70m,256,step256,70426624,6,8,22,4,4,0.004166049417108297,0.0,28455.119140625
EleutherAI/pythia-70m,256,step256,70426624,6,8,22,4,5,0.005247178021818399,0.0,28455.119140625
EleutherAI/pythia-70m,256,step256,70426624,6,8,22,4,6,0.008102942258119583,0.0,28455.119140625
EleutherAI/pythia-70m,256,step256,70426624,6,8,22,4,7,0.010732070542871952,0.0,28455.119140625
EleutherAI/pythia-70m,256,step256,70426624,6,8,22,5,0,0.0026624086312949657,0.0,28455.119140625
EleutherAI/pythia-70m,256,step256,70426624,6,8,22,5,1,0.003143010661005974,0.0,28455.119140625
EleutherAI/pythia-70m,256,step256,70426624,6,8,22,5,2,0.004884545691311359,0.0,28455.119140625
EleutherAI/pythia-70m,256,step256,70426624,6,8,22,5,3,0.0015472230734303594,0.0,28455.119140625
EleutherAI/pythia-70m,256,step256,70426624,6,8,22,5,4,0.0019948738627135754,0.0,28455.119140625
EleutherAI/pythia-70m,256,step256,70426624,6,8,22,5,5,0.003007445717230439,0.0,28455.119140625
EleutherAI/pythia-70m,256,step256,70426624,6,8,22,5,6,0.00842548068612814,0.0,28455.119140625
EleutherAI/pythia-70m,256,step256,70426624,6,8,22,5,7,0.0015968563966453075,0.0,28455.119140625
EleutherAI/pythia-70m,256,step256,70426624,6,8,23,0,0,0.013179042376577854,0.0,26450.779296875
EleutherAI/pythia-70m,256,step256,70426624,6,8,23,0,1,0.01354293804615736,0.0,26450.779296875
EleutherAI/pythia-70m,256,step256,70426624,6,8,23,0,2,0.013420912437140942,0.0,26450.779296875
EleutherAI/pythia-70m,256,step256,70426624,6,8,23,0,3,0.012599851004779339,0.0,26450.779296875
EleutherAI/pythia-70m,256,step256,70426624,6,8,23,0,4,0.013328752480447292,0.0,26450.779296875
EleutherAI/pythia-70m,256,step256,70426624,6,8,23,0,5,0.01449577696621418,0.0,26450.779296875
EleutherAI/pythia-70m,256,step256,70426624,6,8,23,0,6,0.01452723890542984,0.0,26450.779296875
EleutherAI/pythia-70m,256,step256,70426624,6,8,23,0,7,0.013022975996136665,0.0,26450.779296875
EleutherAI/pythia-70m,256,step256,70426624,6,8,23,1,0,0.00957111269235611,0.0,26450.779296875
EleutherAI/pythia-70m,256,step256,70426624,6,8,23,1,1,0.008184542879462242,0.0,26450.779296875
EleutherAI/pythia-70m,256,step256,70426624,6,8,23,1,2,0.006245133467018604,0.0,26450.779296875
EleutherAI/pythia-70m,256,step256,70426624,6,8,23,1,3,0.011754291132092476,0.0,26450.779296875
EleutherAI/pythia-70m,256,step256,70426624,6,8,23,1,4,0.010943739674985409,0.0,26450.779296875
EleutherAI/pythia-70m,256,step256,70426624,6,8,23,1,5,0.012802519835531712,0.0,26450.779296875
EleutherAI/pythia-70m,256,step256,70426624,6,8,23,1,6,0.008902540430426598,0.0,26450.779296875
EleutherAI/pythia-70m,256,step256,70426624,6,8,23,1,7,0.00787891075015068,0.0,26450.779296875
EleutherAI/pythia-70m,256,step256,70426624,6,8,23,2,0,0.0012946288334205747,0.0,26450.779296875
EleutherAI/pythia-70m,256,step256,70426624,6,8,23,2,1,0.00246072537265718,0.0,26450.779296875
EleutherAI/pythia-70m,256,step256,70426624,6,8,23,2,2,0.004977555945515633,0.0,26450.779296875
EleutherAI/pythia-70m,256,step256,70426624,6,8,23,2,3,0.0022884674835950136,0.0,26450.779296875
EleutherAI/pythia-70m,256,step256,70426624,6,8,23,2,4,0.0006014032405801117,0.0,26450.779296875
EleutherAI/pythia-70m,256,step256,70426624,6,8,23,2,5,0.009129290468990803,0.0,26450.779296875
EleutherAI/pythia-70m,256,step256,70426624,6,8,23,2,6,0.011453048326075077,0.0,26450.779296875
EleutherAI/pythia-70m,256,step256,70426624,6,8,23,2,7,0.0049377549439668655,0.0,26450.779296875
EleutherAI/pythia-70m,256,step256,70426624,6,8,23,3,0,0.010129240341484547,0.0,26450.779296875
EleutherAI/pythia-70m,256,step256,70426624,6,8,23,3,1,0.008592215366661549,0.0,26450.779296875
EleutherAI/pythia-70m,256,step256,70426624,6,8,23,3,2,0.006214049644768238,0.0,26450.779296875
EleutherAI/pythia-70m,256,step256,70426624,6,8,23,3,3,0.006305483635514975,0.0,26450.779296875
EleutherAI/pythia-70m,256,step256,70426624,6,8,23,3,4,0.0030878609977662563,0.0,26450.779296875
EleutherAI/pythia-70m,256,step256,70426624,6,8,23,3,5,0.011184623464941978,0.0,26450.779296875
EleutherAI/pythia-70m,256,step256,70426624,6,8,23,3,6,0.009436724707484245,0.0,26450.779296875
EleutherAI/pythia-70m,256,step256,70426624,6,8,23,3,7,0.008181381970643997,0.0,26450.779296875
EleutherAI/pythia-70m,256,step256,70426624,6,8,23,4,0,0.007449356373399496,0.0,26450.779296875
EleutherAI/pythia-70m,256,step256,70426624,6,8,23,4,1,0.009417158551514149,0.0,26450.779296875
EleutherAI/pythia-70m,256,step256,70426624,6,8,23,4,2,0.007241153623908758,0.0,26450.779296875
EleutherAI/pythia-70m,256,step256,70426624,6,8,23,4,3,0.011278027668595314,0.0,26450.779296875
EleutherAI/pythia-70m,256,step256,70426624,6,8,23,4,4,0.0038164143916219473,0.0,26450.779296875
EleutherAI/pythia-70m,256,step256,70426624,6,8,23,4,5,0.0037736634258180857,0.0,26450.779296875
EleutherAI/pythia-70m,256,step256,70426624,6,8,23,4,6,0.008449343033134937,0.0,26450.779296875
EleutherAI/pythia-70m,256,step256,70426624,6,8,23,4,7,0.010265451855957508,0.0,26450.779296875
EleutherAI/pythia-70m,256,step256,70426624,6,8,23,5,0,0.002658576937392354,0.0,26450.779296875
EleutherAI/pythia-70m,256,step256,70426624,6,8,23,5,1,0.004154185764491558,0.0,26450.779296875
EleutherAI/pythia-70m,256,step256,70426624,6,8,23,5,2,0.004256345331668854,0.0,26450.779296875
EleutherAI/pythia-70m,256,step256,70426624,6,8,23,5,3,0.00147878541611135,0.0,26450.779296875
EleutherAI/pythia-70m,256,step256,70426624,6,8,23,5,4,0.0009822691790759563,0.0,26450.779296875
EleutherAI/pythia-70m,256,step256,70426624,6,8,23,5,5,0.0024565127678215504,0.0,26450.779296875
EleutherAI/pythia-70m,256,step256,70426624,6,8,23,5,6,0.00533707719296217,0.0,26450.779296875
EleutherAI/pythia-70m,256,step256,70426624,6,8,23,5,7,0.0020271900575608015,0.0,26450.779296875
EleutherAI/pythia-70m,256,step256,70426624,6,8,24,0,0,0.013767804019153118,0.0,25396.48046875
EleutherAI/pythia-70m,256,step256,70426624,6,8,24,0,1,0.01413871068507433,0.0,25396.48046875
EleutherAI/pythia-70m,256,step256,70426624,6,8,24,0,2,0.014004148542881012,0.0,25396.48046875
EleutherAI/pythia-70m,256,step256,70426624,6,8,24,0,3,0.01479422952979803,0.0,25396.48046875
EleutherAI/pythia-70m,256,step256,70426624,6,8,24,0,4,0.014455842785537243,0.0,25396.48046875
EleutherAI/pythia-70m,256,step256,70426624,6,8,24,0,5,0.013977105729281902,0.0,25396.48046875
EleutherAI/pythia-70m,256,step256,70426624,6,8,24,0,6,0.013165178708732128,0.0,25396.48046875
EleutherAI/pythia-70m,256,step256,70426624,6,8,24,0,7,0.012715756893157959,0.0,25396.48046875
EleutherAI/pythia-70m,256,step256,70426624,6,8,24,1,0,0.010036655701696873,0.0,25396.48046875
EleutherAI/pythia-70m,256,step256,70426624,6,8,24,1,1,0.00818831566721201,0.0,25396.48046875
EleutherAI/pythia-70m,256,step256,70426624,6,8,24,1,2,0.007406530436128378,0.0,25396.48046875
EleutherAI/pythia-70m,256,step256,70426624,6,8,24,1,3,0.010755741968750954,0.0,25396.48046875
EleutherAI/pythia-70m,256,step256,70426624,6,8,24,1,4,0.011843331158161163,0.0,25396.48046875
EleutherAI/pythia-70m,256,step256,70426624,6,8,24,1,5,0.013673297129571438,0.0,25396.48046875
EleutherAI/pythia-70m,256,step256,70426624,6,8,24,1,6,0.010277689434587955,0.0,25396.48046875
EleutherAI/pythia-70m,256,step256,70426624,6,8,24,1,7,0.008304880931973457,0.0,25396.48046875
EleutherAI/pythia-70m,256,step256,70426624,6,8,24,2,0,0.0012303408002480865,0.0,25396.48046875
EleutherAI/pythia-70m,256,step256,70426624,6,8,24,2,1,0.004021710716187954,0.0,25396.48046875
EleutherAI/pythia-70m,256,step256,70426624,6,8,24,2,2,0.0061904205940663815,0.0,25396.48046875
EleutherAI/pythia-70m,256,step256,70426624,6,8,24,2,3,0.005773490760475397,0.0,25396.48046875
EleutherAI/pythia-70m,256,step256,70426624,6,8,24,2,4,0.0010568175930529833,0.0,25396.48046875
EleutherAI/pythia-70m,256,step256,70426624,6,8,24,2,5,0.008697165176272392,0.0,25396.48046875
EleutherAI/pythia-70m,256,step256,70426624,6,8,24,2,6,0.0115508409217,0.0,25396.48046875
EleutherAI/pythia-70m,256,step256,70426624,6,8,24,2,7,0.004698840901255608,0.0,25396.48046875
EleutherAI/pythia-70m,256,step256,70426624,6,8,24,3,0,0.010836048051714897,0.0,25396.48046875
EleutherAI/pythia-70m,256,step256,70426624,6,8,24,3,1,0.01060396432876587,0.0,25396.48046875
EleutherAI/pythia-70m,256,step256,70426624,6,8,24,3,2,0.0019969481509178877,0.0,25396.48046875
EleutherAI/pythia-70m,256,step256,70426624,6,8,24,3,3,0.007110247388482094,0.0,25396.48046875
EleutherAI/pythia-70m,256,step256,70426624,6,8,24,3,4,0.003643006319180131,0.0,25396.48046875
EleutherAI/pythia-70m,256,step256,70426624,6,8,24,3,5,0.013051051646471024,0.0,25396.48046875
EleutherAI/pythia-70m,256,step256,70426624,6,8,24,3,6,0.0075721885077655315,0.0,25396.48046875
EleutherAI/pythia-70m,256,step256,70426624,6,8,24,3,7,0.004130446817725897,0.0,25396.48046875
EleutherAI/pythia-70m,256,step256,70426624,6,8,24,4,0,0.007335897535085678,0.0,25396.48046875
EleutherAI/pythia-70m,256,step256,70426624,6,8,24,4,1,0.010111554525792599,0.0,25396.48046875
EleutherAI/pythia-70m,256,step256,70426624,6,8,24,4,2,0.0073942081071436405,0.0,25396.48046875
EleutherAI/pythia-70m,256,step256,70426624,6,8,24,4,3,0.008900555782020092,0.0,25396.48046875
EleutherAI/pythia-70m,256,step256,70426624,6,8,24,4,4,0.0028747597243636847,0.0,25396.48046875
EleutherAI/pythia-70m,256,step256,70426624,6,8,24,4,5,0.003050173632800579,0.0,25396.48046875
EleutherAI/pythia-70m,256,step256,70426624,6,8,24,4,6,0.006682868115603924,0.0,25396.48046875
EleutherAI/pythia-70m,256,step256,70426624,6,8,24,4,7,0.008512440137565136,0.0,25396.48046875
EleutherAI/pythia-70m,256,step256,70426624,6,8,24,5,0,0.004563640803098679,0.0,25396.48046875
EleutherAI/pythia-70m,256,step256,70426624,6,8,24,5,1,0.004230596590787172,0.0,25396.48046875
EleutherAI/pythia-70m,256,step256,70426624,6,8,24,5,2,0.0045838807709515095,0.0,25396.48046875
EleutherAI/pythia-70m,256,step256,70426624,6,8,24,5,3,0.001762683386914432,0.0,25396.48046875
EleutherAI/pythia-70m,256,step256,70426624,6,8,24,5,4,0.0014459036756306887,0.0,25396.48046875
EleutherAI/pythia-70m,256,step256,70426624,6,8,24,5,5,0.0029847859404981136,0.0,25396.48046875
EleutherAI/pythia-70m,256,step256,70426624,6,8,24,5,6,0.007728645112365484,0.0,25396.48046875
EleutherAI/pythia-70m,256,step256,70426624,6,8,24,5,7,0.0014052673941478133,0.0,25396.48046875
EleutherAI/pythia-70m,256,step256,70426624,6,8,25,0,0,0.013730138540267944,0.0,25820.060546875
EleutherAI/pythia-70m,256,step256,70426624,6,8,25,0,1,0.01395504456013441,0.0,25820.060546875
EleutherAI/pythia-70m,256,step256,70426624,6,8,25,0,2,0.015125308185815811,0.0,25820.060546875
EleutherAI/pythia-70m,256,step256,70426624,6,8,25,0,3,0.013079440221190453,0.0,25820.060546875
EleutherAI/pythia-70m,256,step256,70426624,6,8,25,0,4,0.015206928364932537,0.0,25820.060546875
EleutherAI/pythia-70m,256,step256,70426624,6,8,25,0,5,0.012910285033285618,0.0,25820.060546875
EleutherAI/pythia-70m,256,step256,70426624,6,8,25,0,6,0.013432110659778118,0.0,25820.060546875
EleutherAI/pythia-70m,256,step256,70426624,6,8,25,0,7,0.014127000235021114,0.0,25820.060546875
EleutherAI/pythia-70m,256,step256,70426624,6,8,25,1,0,0.01082491036504507,0.0,25820.060546875
EleutherAI/pythia-70m,256,step256,70426624,6,8,25,1,1,0.010126136243343353,0.0,25820.060546875
EleutherAI/pythia-70m,256,step256,70426624,6,8,25,1,2,0.009257490746676922,0.0,25820.060546875
EleutherAI/pythia-70m,256,step256,70426624,6,8,25,1,3,0.010017258115112782,0.0,25820.060546875
EleutherAI/pythia-70m,256,step256,70426624,6,8,25,1,4,0.010682429186999798,0.0,25820.060546875
EleutherAI/pythia-70m,256,step256,70426624,6,8,25,1,5,0.01090733427554369,0.0,25820.060546875
EleutherAI/pythia-70m,256,step256,70426624,6,8,25,1,6,0.010406251065433025,0.0,25820.060546875
EleutherAI/pythia-70m,256,step256,70426624,6,8,25,1,7,0.008448906242847443,0.0,25820.060546875
EleutherAI/pythia-70m,256,step256,70426624,6,8,25,2,0,0.002297200495377183,0.0,25820.060546875
EleutherAI/pythia-70m,256,step256,70426624,6,8,25,2,1,0.0024073675740510225,0.0,25820.060546875
EleutherAI/pythia-70m,256,step256,70426624,6,8,25,2,2,0.005017105955630541,0.0,25820.060546875
EleutherAI/pythia-70m,256,step256,70426624,6,8,25,2,3,0.004409824963659048,0.0,25820.060546875
EleutherAI/pythia-70m,256,step256,70426624,6,8,25,2,4,0.001269891974516213,0.0,25820.060546875
EleutherAI/pythia-70m,256,step256,70426624,6,8,25,2,5,0.00816841796040535,0.0,25820.060546875
EleutherAI/pythia-70m,256,step256,70426624,6,8,25,2,6,0.008195671252906322,0.0,25820.060546875
EleutherAI/pythia-70m,256,step256,70426624,6,8,25,2,7,0.004225986078381538,0.0,25820.060546875
EleutherAI/pythia-70m,256,step256,70426624,6,8,25,3,0,0.015605689026415348,0.0,25820.060546875
EleutherAI/pythia-70m,256,step256,70426624,6,8,25,3,1,0.01229646522551775,0.0,25820.060546875
EleutherAI/pythia-70m,256,step256,70426624,6,8,25,3,2,0.002257568296045065,0.0,25820.060546875
EleutherAI/pythia-70m,256,step256,70426624,6,8,25,3,3,0.00530750397592783,0.0,25820.060546875
EleutherAI/pythia-70m,256,step256,70426624,6,8,25,3,4,0.003801868064329028,0.0,25820.060546875
EleutherAI/pythia-70m,256,step256,70426624,6,8,25,3,5,0.011484377086162567,0.0,25820.060546875
EleutherAI/pythia-70m,256,step256,70426624,6,8,25,3,6,0.007288333959877491,0.0,25820.060546875
EleutherAI/pythia-70m,256,step256,70426624,6,8,25,3,7,0.004098132252693176,0.0,25820.060546875
EleutherAI/pythia-70m,256,step256,70426624,6,8,25,4,0,0.009733307175338268,0.0,25820.060546875
EleutherAI/pythia-70m,256,step256,70426624,6,8,25,4,1,0.012668779119849205,0.0,25820.060546875
EleutherAI/pythia-70m,256,step256,70426624,6,8,25,4,2,0.010874594561755657,0.0,25820.060546875
EleutherAI/pythia-70m,256,step256,70426624,6,8,25,4,3,0.014944562688469887,0.0,25820.060546875
EleutherAI/pythia-70m,256,step256,70426624,6,8,25,4,4,0.0056975423358380795,0.0,25820.060546875
EleutherAI/pythia-70m,256,step256,70426624,6,8,25,4,5,0.008782442659139633,0.0,25820.060546875
EleutherAI/pythia-70m,256,step256,70426624,6,8,25,4,6,0.009425310418009758,0.0,25820.060546875
EleutherAI/pythia-70m,256,step256,70426624,6,8,25,4,7,0.007477147039026022,0.0,25820.060546875
EleutherAI/pythia-70m,256,step256,70426624,6,8,25,5,0,0.004197919275611639,0.0,25820.060546875
EleutherAI/pythia-70m,256,step256,70426624,6,8,25,5,1,0.0031456269789487123,0.0,25820.060546875
EleutherAI/pythia-70m,256,step256,70426624,6,8,25,5,2,0.005459051113575697,0.0,25820.060546875
EleutherAI/pythia-70m,256,step256,70426624,6,8,25,5,3,0.002572578378021717,0.0,25820.060546875
EleutherAI/pythia-70m,256,step256,70426624,6,8,25,5,4,0.0026209538336843252,0.0,25820.060546875
EleutherAI/pythia-70m,256,step256,70426624,6,8,25,5,5,0.004088733345270157,0.0,25820.060546875
EleutherAI/pythia-70m,256,step256,70426624,6,8,25,5,6,0.007754709105938673,0.0,25820.060546875
EleutherAI/pythia-70m,256,step256,70426624,6,8,25,5,7,0.0015207880642265081,0.0,25820.060546875
EleutherAI/pythia-70m,256,step256,70426624,6,8,26,0,0,0.013436232693493366,0.019999999552965164,27129.119140625
EleutherAI/pythia-70m,256,step256,70426624,6,8,26,0,1,0.01312690693885088,0.019999999552965164,27129.119140625
EleutherAI/pythia-70m,256,step256,70426624,6,8,26,0,2,0.014358346350491047,0.019999999552965164,27129.119140625
EleutherAI/pythia-70m,256,step256,70426624,6,8,26,0,3,0.015312847681343555,0.019999999552965164,27129.119140625
EleutherAI/pythia-70m,256,step256,70426624,6,8,26,0,4,0.014453993178904057,0.019999999552965164,27129.119140625
EleutherAI/pythia-70m,256,step256,70426624,6,8,26,0,5,0.013841998763382435,0.019999999552965164,27129.119140625
EleutherAI/pythia-70m,256,step256,70426624,6,8,26,0,6,0.013354334980249405,0.019999999552965164,27129.119140625
EleutherAI/pythia-70m,256,step256,70426624,6,8,26,0,7,0.013506715185940266,0.019999999552965164,27129.119140625
EleutherAI/pythia-70m,256,step256,70426624,6,8,26,1,0,0.010174203664064407,0.019999999552965164,27129.119140625
EleutherAI/pythia-70m,256,step256,70426624,6,8,26,1,1,0.010242074728012085,0.019999999552965164,27129.119140625
EleutherAI/pythia-70m,256,step256,70426624,6,8,26,1,2,0.00798164401203394,0.019999999552965164,27129.119140625
EleutherAI/pythia-70m,256,step256,70426624,6,8,26,1,3,0.011226513423025608,0.019999999552965164,27129.119140625
EleutherAI/pythia-70m,256,step256,70426624,6,8,26,1,4,0.010366298258304596,0.019999999552965164,27129.119140625
EleutherAI/pythia-70m,256,step256,70426624,6,8,26,1,5,0.011582646518945694,0.019999999552965164,27129.119140625
EleutherAI/pythia-70m,256,step256,70426624,6,8,26,1,6,0.009777381084859371,0.019999999552965164,27129.119140625
EleutherAI/pythia-70m,256,step256,70426624,6,8,26,1,7,0.010883177630603313,0.019999999552965164,27129.119140625
EleutherAI/pythia-70m,256,step256,70426624,6,8,26,2,0,0.0021179066970944405,0.019999999552965164,27129.119140625
EleutherAI/pythia-70m,256,step256,70426624,6,8,26,2,1,0.0024491199292242527,0.019999999552965164,27129.119140625
EleutherAI/pythia-70m,256,step256,70426624,6,8,26,2,2,0.006598431617021561,0.019999999552965164,27129.119140625
EleutherAI/pythia-70m,256,step256,70426624,6,8,26,2,3,0.003582531586289406,0.019999999552965164,27129.119140625
EleutherAI/pythia-70m,256,step256,70426624,6,8,26,2,4,0.0006037360872142017,0.019999999552965164,27129.119140625
EleutherAI/pythia-70m,256,step256,70426624,6,8,26,2,5,0.01261976733803749,0.019999999552965164,27129.119140625
EleutherAI/pythia-70m,256,step256,70426624,6,8,26,2,6,0.012054938822984695,0.019999999552965164,27129.119140625
EleutherAI/pythia-70m,256,step256,70426624,6,8,26,2,7,0.005686534568667412,0.019999999552965164,27129.119140625
EleutherAI/pythia-70m,256,step256,70426624,6,8,26,3,0,0.009938675910234451,0.019999999552965164,27129.119140625
EleutherAI/pythia-70m,256,step256,70426624,6,8,26,3,1,0.015189694240689278,0.019999999552965164,27129.119140625
EleutherAI/pythia-70m,256,step256,70426624,6,8,26,3,2,0.0013374112313613296,0.019999999552965164,27129.119140625
EleutherAI/pythia-70m,256,step256,70426624,6,8,26,3,3,0.006855105049908161,0.019999999552965164,27129.119140625
EleutherAI/pythia-70m,256,step256,70426624,6,8,26,3,4,0.004253719467669725,0.019999999552965164,27129.119140625
EleutherAI/pythia-70m,256,step256,70426624,6,8,26,3,5,0.010111895389854908,0.019999999552965164,27129.119140625
EleutherAI/pythia-70m,256,step256,70426624,6,8,26,3,6,0.005336640868335962,0.019999999552965164,27129.119140625
EleutherAI/pythia-70m,256,step256,70426624,6,8,26,3,7,0.004505782853811979,0.019999999552965164,27129.119140625
EleutherAI/pythia-70m,256,step256,70426624,6,8,26,4,0,0.009996694512665272,0.019999999552965164,27129.119140625
EleutherAI/pythia-70m,256,step256,70426624,6,8,26,4,1,0.011630019173026085,0.019999999552965164,27129.119140625
EleutherAI/pythia-70m,256,step256,70426624,6,8,26,4,2,0.010444540530443192,0.019999999552965164,27129.119140625
EleutherAI/pythia-70m,256,step256,70426624,6,8,26,4,3,0.008233976550400257,0.019999999552965164,27129.119140625
EleutherAI/pythia-70m,256,step256,70426624,6,8,26,4,4,0.002614493016153574,0.019999999552965164,27129.119140625
EleutherAI/pythia-70m,256,step256,70426624,6,8,26,4,5,0.0043243044055998325,0.019999999552965164,27129.119140625
EleutherAI/pythia-70m,256,step256,70426624,6,8,26,4,6,0.00765041820704937,0.019999999552965164,27129.119140625
EleutherAI/pythia-70m,256,step256,70426624,6,8,26,4,7,0.008977358229458332,0.019999999552965164,27129.119140625
EleutherAI/pythia-70m,256,step256,70426624,6,8,26,5,0,0.0030670526903122663,0.019999999552965164,27129.119140625
EleutherAI/pythia-70m,256,step256,70426624,6,8,26,5,1,0.0024424195289611816,0.019999999552965164,27129.119140625
EleutherAI/pythia-70m,256,step256,70426624,6,8,26,5,2,0.00396652752533555,0.019999999552965164,27129.119140625
EleutherAI/pythia-70m,256,step256,70426624,6,8,26,5,3,0.0016007520025596023,0.019999999552965164,27129.119140625
EleutherAI/pythia-70m,256,step256,70426624,6,8,26,5,4,0.001765756867825985,0.019999999552965164,27129.119140625
EleutherAI/pythia-70m,256,step256,70426624,6,8,26,5,5,0.00357929733581841,0.019999999552965164,27129.119140625
EleutherAI/pythia-70m,256,step256,70426624,6,8,26,5,6,0.008770851418375969,0.019999999552965164,27129.119140625
EleutherAI/pythia-70m,256,step256,70426624,6,8,26,5,7,0.000977525138296187,0.019999999552965164,27129.119140625
EleutherAI/pythia-70m,256,step256,70426624,6,8,27,0,0,0.014574346132576466,0.0,24382.560546875
EleutherAI/pythia-70m,256,step256,70426624,6,8,27,0,1,0.013997402042150497,0.0,24382.560546875
EleutherAI/pythia-70m,256,step256,70426624,6,8,27,0,2,0.013287508860230446,0.0,24382.560546875
EleutherAI/pythia-70m,256,step256,70426624,6,8,27,0,3,0.015386456623673439,0.0,24382.560546875
EleutherAI/pythia-70m,256,step256,70426624,6,8,27,0,4,0.013130076229572296,0.0,24382.560546875
EleutherAI/pythia-70m,256,step256,70426624,6,8,27,0,5,0.013166564516723156,0.0,24382.560546875
EleutherAI/pythia-70m,256,step256,70426624,6,8,27,0,6,0.014063823036849499,0.0,24382.560546875
EleutherAI/pythia-70m,256,step256,70426624,6,8,27,0,7,0.013147318735718727,0.0,24382.560546875
EleutherAI/pythia-70m,256,step256,70426624,6,8,27,1,0,0.009747134521603584,0.0,24382.560546875
EleutherAI/pythia-70m,256,step256,70426624,6,8,27,1,1,0.01031783502548933,0.0,24382.560546875
EleutherAI/pythia-70m,256,step256,70426624,6,8,27,1,2,0.0067920624278485775,0.0,24382.560546875
EleutherAI/pythia-70m,256,step256,70426624,6,8,27,1,3,0.012641768902540207,0.0,24382.560546875
EleutherAI/pythia-70m,256,step256,70426624,6,8,27,1,4,0.01098714116960764,0.0,24382.560546875
EleutherAI/pythia-70m,256,step256,70426624,6,8,27,1,5,0.012834147550165653,0.0,24382.560546875
EleutherAI/pythia-70m,256,step256,70426624,6,8,27,1,6,0.009785251691937447,0.0,24382.560546875
EleutherAI/pythia-70m,256,step256,70426624,6,8,27,1,7,0.008585462346673012,0.0,24382.560546875
EleutherAI/pythia-70m,256,step256,70426624,6,8,27,2,0,0.00210754806175828,0.0,24382.560546875
EleutherAI/pythia-70m,256,step256,70426624,6,8,27,2,1,0.003360720816999674,0.0,24382.560546875
EleutherAI/pythia-70m,256,step256,70426624,6,8,27,2,2,0.0056667691096663475,0.0,24382.560546875
EleutherAI/pythia-70m,256,step256,70426624,6,8,27,2,3,0.0034676985815167427,0.0,24382.560546875
EleutherAI/pythia-70m,256,step256,70426624,6,8,27,2,4,0.0015234961174428463,0.0,24382.560546875
EleutherAI/pythia-70m,256,step256,70426624,6,8,27,2,5,0.0094584496691823,0.0,24382.560546875
EleutherAI/pythia-70m,256,step256,70426624,6,8,27,2,6,0.011927774176001549,0.0,24382.560546875
EleutherAI/pythia-70m,256,step256,70426624,6,8,27,2,7,0.004166435915976763,0.0,24382.560546875
EleutherAI/pythia-70m,256,step256,70426624,6,8,27,3,0,0.010018319822847843,0.0,24382.560546875
EleutherAI/pythia-70m,256,step256,70426624,6,8,27,3,1,0.017111487686634064,0.0,24382.560546875
EleutherAI/pythia-70m,256,step256,70426624,6,8,27,3,2,0.002599423285573721,0.0,24382.560546875
EleutherAI/pythia-70m,256,step256,70426624,6,8,27,3,3,0.005171274766325951,0.0,24382.560546875
EleutherAI/pythia-70m,256,step256,70426624,6,8,27,3,4,0.004942145198583603,0.0,24382.560546875
EleutherAI/pythia-70m,256,step256,70426624,6,8,27,3,5,0.009118504822254181,0.0,24382.560546875
EleutherAI/pythia-70m,256,step256,70426624,6,8,27,3,6,0.006953456439077854,0.0,24382.560546875
EleutherAI/pythia-70m,256,step256,70426624,6,8,27,3,7,0.008263163268566132,0.0,24382.560546875
EleutherAI/pythia-70m,256,step256,70426624,6,8,27,4,0,0.007555711083114147,0.0,24382.560546875
EleutherAI/pythia-70m,256,step256,70426624,6,8,27,4,1,0.012481573037803173,0.0,24382.560546875
EleutherAI/pythia-70m,256,step256,70426624,6,8,27,4,2,0.009880855679512024,0.0,24382.560546875
EleutherAI/pythia-70m,256,step256,70426624,6,8,27,4,3,0.010029667988419533,0.0,24382.560546875
EleutherAI/pythia-70m,256,step256,70426624,6,8,27,4,4,0.005003899801522493,0.0,24382.560546875
EleutherAI/pythia-70m,256,step256,70426624,6,8,27,4,5,0.003840401768684387,0.0,24382.560546875
EleutherAI/pythia-70m,256,step256,70426624,6,8,27,4,6,0.008929780684411526,0.0,24382.560546875
EleutherAI/pythia-70m,256,step256,70426624,6,8,27,4,7,0.012224491685628891,0.0,24382.560546875
EleutherAI/pythia-70m,256,step256,70426624,6,8,27,5,0,0.004323693923652172,0.0,24382.560546875
EleutherAI/pythia-70m,256,step256,70426624,6,8,27,5,1,0.004905177745968103,0.0,24382.560546875
EleutherAI/pythia-70m,256,step256,70426624,6,8,27,5,2,0.005927054677158594,0.0,24382.560546875
EleutherAI/pythia-70m,256,step256,70426624,6,8,27,5,3,0.0025519272312521935,0.0,24382.560546875
EleutherAI/pythia-70m,256,step256,70426624,6,8,27,5,4,0.003706505987793207,0.0,24382.560546875
EleutherAI/pythia-70m,256,step256,70426624,6,8,27,5,5,0.0025072162970900536,0.0,24382.560546875
EleutherAI/pythia-70m,256,step256,70426624,6,8,27,5,6,0.009349255822598934,0.0,24382.560546875
EleutherAI/pythia-70m,256,step256,70426624,6,8,27,5,7,0.0013689788756892085,0.0,24382.560546875
EleutherAI/pythia-70m,256,step256,70426624,6,8,28,0,0,0.01330002024769783,0.0,25252.80078125
EleutherAI/pythia-70m,256,step256,70426624,6,8,28,0,1,0.013151063583791256,0.0,25252.80078125
EleutherAI/pythia-70m,256,step256,70426624,6,8,28,0,2,0.013846982270479202,0.0,25252.80078125
EleutherAI/pythia-70m,256,step256,70426624,6,8,28,0,3,0.013925849460065365,0.0,25252.80078125
EleutherAI/pythia-70m,256,step256,70426624,6,8,28,0,4,0.013770848512649536,0.0,25252.80078125
EleutherAI/pythia-70m,256,step256,70426624,6,8,28,0,5,0.013135528191924095,0.0,25252.80078125
EleutherAI/pythia-70m,256,step256,70426624,6,8,28,0,6,0.012447241693735123,0.0,25252.80078125
EleutherAI/pythia-70m,256,step256,70426624,6,8,28,0,7,0.012853397987782955,0.0,25252.80078125
EleutherAI/pythia-70m,256,step256,70426624,6,8,28,1,0,0.011400864459574223,0.0,25252.80078125
EleutherAI/pythia-70m,256,step256,70426624,6,8,28,1,1,0.00848499033600092,0.0,25252.80078125
EleutherAI/pythia-70m,256,step256,70426624,6,8,28,1,2,0.007473410572856665,0.0,25252.80078125
EleutherAI/pythia-70m,256,step256,70426624,6,8,28,1,3,0.011556072160601616,0.0,25252.80078125
EleutherAI/pythia-70m,256,step256,70426624,6,8,28,1,4,0.011726303026080132,0.0,25252.80078125
EleutherAI/pythia-70m,256,step256,70426624,6,8,28,1,5,0.0119916507974267,0.0,25252.80078125
EleutherAI/pythia-70m,256,step256,70426624,6,8,28,1,6,0.010601704008877277,0.0,25252.80078125
EleutherAI/pythia-70m,256,step256,70426624,6,8,28,1,7,0.008617887273430824,0.0,25252.80078125
EleutherAI/pythia-70m,256,step256,70426624,6,8,28,2,0,0.002466335892677307,0.0,25252.80078125
EleutherAI/pythia-70m,256,step256,70426624,6,8,28,2,1,0.002868829295039177,0.0,25252.80078125
EleutherAI/pythia-70m,256,step256,70426624,6,8,28,2,2,0.004847560077905655,0.0,25252.80078125
EleutherAI/pythia-70m,256,step256,70426624,6,8,28,2,3,0.0030735996551811695,0.0,25252.80078125
EleutherAI/pythia-70m,256,step256,70426624,6,8,28,2,4,0.0010508757550269365,0.0,25252.80078125
EleutherAI/pythia-70m,256,step256,70426624,6,8,28,2,5,0.008020850829780102,0.0,25252.80078125
EleutherAI/pythia-70m,256,step256,70426624,6,8,28,2,6,0.011367665603756905,0.0,25252.80078125
EleutherAI/pythia-70m,256,step256,70426624,6,8,28,2,7,0.00462131155654788,0.0,25252.80078125
EleutherAI/pythia-70m,256,step256,70426624,6,8,28,3,0,0.008084233850240707,0.0,25252.80078125
EleutherAI/pythia-70m,256,step256,70426624,6,8,28,3,1,0.012014946900308132,0.0,25252.80078125
EleutherAI/pythia-70m,256,step256,70426624,6,8,28,3,2,0.0026513156481087208,0.0,25252.80078125
EleutherAI/pythia-70m,256,step256,70426624,6,8,28,3,3,0.004944263491779566,0.0,25252.80078125
EleutherAI/pythia-70m,256,step256,70426624,6,8,28,3,4,0.0033738920465111732,0.0,25252.80078125
EleutherAI/pythia-70m,256,step256,70426624,6,8,28,3,5,0.012550902552902699,0.0,25252.80078125
EleutherAI/pythia-70m,256,step256,70426624,6,8,28,3,6,0.006087997928261757,0.0,25252.80078125
EleutherAI/pythia-70m,256,step256,70426624,6,8,28,3,7,0.006356275640428066,0.0,25252.80078125
EleutherAI/pythia-70m,256,step256,70426624,6,8,28,4,0,0.012022330425679684,0.0,25252.80078125
EleutherAI/pythia-70m,256,step256,70426624,6,8,28,4,1,0.010369710624217987,0.0,25252.80078125
EleutherAI/pythia-70m,256,step256,70426624,6,8,28,4,2,0.01241503469645977,0.0,25252.80078125
EleutherAI/pythia-70m,256,step256,70426624,6,8,28,4,3,0.010441839694976807,0.0,25252.80078125
EleutherAI/pythia-70m,256,step256,70426624,6,8,28,4,4,0.004766489844769239,0.0,25252.80078125
EleutherAI/pythia-70m,256,step256,70426624,6,8,28,4,5,0.003794414456933737,0.0,25252.80078125
EleutherAI/pythia-70m,256,step256,70426624,6,8,28,4,6,0.0068628801964223385,0.0,25252.80078125
EleutherAI/pythia-70m,256,step256,70426624,6,8,28,4,7,0.009590468369424343,0.0,25252.80078125
EleutherAI/pythia-70m,256,step256,70426624,6,8,28,5,0,0.003058001631870866,0.0,25252.80078125
EleutherAI/pythia-70m,256,step256,70426624,6,8,28,5,1,0.004141213372349739,0.0,25252.80078125
EleutherAI/pythia-70m,256,step256,70426624,6,8,28,5,2,0.005006267223507166,0.0,25252.80078125
EleutherAI/pythia-70m,256,step256,70426624,6,8,28,5,3,0.00228092260658741,0.0,25252.80078125
EleutherAI/pythia-70m,256,step256,70426624,6,8,28,5,4,0.002791890874505043,0.0,25252.80078125
EleutherAI/pythia-70m,256,step256,70426624,6,8,28,5,5,0.004285247530788183,0.0,25252.80078125
EleutherAI/pythia-70m,256,step256,70426624,6,8,28,5,6,0.010429850779473782,0.0,25252.80078125
EleutherAI/pythia-70m,256,step256,70426624,6,8,28,5,7,0.0010902979411184788,0.0,25252.80078125
EleutherAI/pythia-70m,256,step256,70426624,6,8,29,0,0,0.013513987883925438,0.0,25758.33984375
EleutherAI/pythia-70m,256,step256,70426624,6,8,29,0,1,0.013833603821694851,0.0,25758.33984375
EleutherAI/pythia-70m,256,step256,70426624,6,8,29,0,2,0.015723662450909615,0.0,25758.33984375
EleutherAI/pythia-70m,256,step256,70426624,6,8,29,0,3,0.011725258082151413,0.0,25758.33984375
EleutherAI/pythia-70m,256,step256,70426624,6,8,29,0,4,0.013474754989147186,0.0,25758.33984375
EleutherAI/pythia-70m,256,step256,70426624,6,8,29,0,5,0.014169280417263508,0.0,25758.33984375
EleutherAI/pythia-70m,256,step256,70426624,6,8,29,0,6,0.014418864622712135,0.0,25758.33984375
EleutherAI/pythia-70m,256,step256,70426624,6,8,29,0,7,0.013977411203086376,0.0,25758.33984375
EleutherAI/pythia-70m,256,step256,70426624,6,8,29,1,0,0.010584242641925812,0.0,25758.33984375
EleutherAI/pythia-70m,256,step256,70426624,6,8,29,1,1,0.009681882336735725,0.0,25758.33984375
EleutherAI/pythia-70m,256,step256,70426624,6,8,29,1,2,0.007127402815967798,0.0,25758.33984375
EleutherAI/pythia-70m,256,step256,70426624,6,8,29,1,3,0.011770933866500854,0.0,25758.33984375
EleutherAI/pythia-70m,256,step256,70426624,6,8,29,1,4,0.01070747897028923,0.0,25758.33984375
EleutherAI/pythia-70m,256,step256,70426624,6,8,29,1,5,0.013501474633812904,0.0,25758.33984375
EleutherAI/pythia-70m,256,step256,70426624,6,8,29,1,6,0.011023113504052162,0.0,25758.33984375
EleutherAI/pythia-70m,256,step256,70426624,6,8,29,1,7,0.009725218638777733,0.0,25758.33984375
EleutherAI/pythia-70m,256,step256,70426624,6,8,29,2,0,0.0024846706073731184,0.0,25758.33984375
EleutherAI/pythia-70m,256,step256,70426624,6,8,29,2,1,0.0026107593439519405,0.0,25758.33984375
EleutherAI/pythia-70m,256,step256,70426624,6,8,29,2,2,0.005137065425515175,0.0,25758.33984375
EleutherAI/pythia-70m,256,step256,70426624,6,8,29,2,3,0.002886459929868579,0.0,25758.33984375
EleutherAI/pythia-70m,256,step256,70426624,6,8,29,2,4,0.002237026346847415,0.0,25758.33984375
EleutherAI/pythia-70m,256,step256,70426624,6,8,29,2,5,0.008270504884421825,0.0,25758.33984375
EleutherAI/pythia-70m,256,step256,70426624,6,8,29,2,6,0.011795783415436745,0.0,25758.33984375
EleutherAI/pythia-70m,256,step256,70426624,6,8,29,2,7,0.005032057873904705,0.0,25758.33984375
EleutherAI/pythia-70m,256,step256,70426624,6,8,29,3,0,0.008057906292378902,0.0,25758.33984375
EleutherAI/pythia-70m,256,step256,70426624,6,8,29,3,1,0.012481422163546085,0.0,25758.33984375
EleutherAI/pythia-70m,256,step256,70426624,6,8,29,3,2,0.0018149306997656822,0.0,25758.33984375
EleutherAI/pythia-70m,256,step256,70426624,6,8,29,3,3,0.0047009107656776905,0.0,25758.33984375
EleutherAI/pythia-70m,256,step256,70426624,6,8,29,3,4,0.003624832723289728,0.0,25758.33984375
EleutherAI/pythia-70m,256,step256,70426624,6,8,29,3,5,0.017870759591460228,0.0,25758.33984375
EleutherAI/pythia-70m,256,step256,70426624,6,8,29,3,6,0.005814815871417522,0.0,25758.33984375
EleutherAI/pythia-70m,256,step256,70426624,6,8,29,3,7,0.00601869635283947,0.0,25758.33984375
EleutherAI/pythia-70m,256,step256,70426624,6,8,29,4,0,0.009398501366376877,0.0,25758.33984375
EleutherAI/pythia-70m,256,step256,70426624,6,8,29,4,1,0.010303092189133167,0.0,25758.33984375
EleutherAI/pythia-70m,256,step256,70426624,6,8,29,4,2,0.01988369971513748,0.0,25758.33984375
EleutherAI/pythia-70m,256,step256,70426624,6,8,29,4,3,0.009998833760619164,0.0,25758.33984375
EleutherAI/pythia-70m,256,step256,70426624,6,8,29,4,4,0.002960901940241456,0.0,25758.33984375
EleutherAI/pythia-70m,256,step256,70426624,6,8,29,4,5,0.0029133253265172243,0.0,25758.33984375
EleutherAI/pythia-70m,256,step256,70426624,6,8,29,4,6,0.008362122811377048,0.0,25758.33984375
EleutherAI/pythia-70m,256,step256,70426624,6,8,29,4,7,0.009050581604242325,0.0,25758.33984375
EleutherAI/pythia-70m,256,step256,70426624,6,8,29,5,0,0.00461338646709919,0.0,25758.33984375
EleutherAI/pythia-70m,256,step256,70426624,6,8,29,5,1,0.003394157625734806,0.0,25758.33984375
EleutherAI/pythia-70m,256,step256,70426624,6,8,29,5,2,0.0035186142195016146,0.0,25758.33984375
EleutherAI/pythia-70m,256,step256,70426624,6,8,29,5,3,0.002482997952029109,0.0,25758.33984375
EleutherAI/pythia-70m,256,step256,70426624,6,8,29,5,4,0.0017993254587054253,0.0,25758.33984375
EleutherAI/pythia-70m,256,step256,70426624,6,8,29,5,5,0.0028775380924344063,0.0,25758.33984375
EleutherAI/pythia-70m,256,step256,70426624,6,8,29,5,6,0.00816301815211773,0.0,25758.33984375
EleutherAI/pythia-70m,256,step256,70426624,6,8,29,5,7,0.0009026259649544954,0.0,25758.33984375
EleutherAI/pythia-70m,256,step256,70426624,6,8,30,0,0,0.014215255156159401,0.0,26357.3203125
EleutherAI/pythia-70m,256,step256,70426624,6,8,30,0,1,0.012935329228639603,0.0,26357.3203125
EleutherAI/pythia-70m,256,step256,70426624,6,8,30,0,2,0.012345806695520878,0.0,26357.3203125
EleutherAI/pythia-70m,256,step256,70426624,6,8,30,0,3,0.013107908889651299,0.0,26357.3203125
EleutherAI/pythia-70m,256,step256,70426624,6,8,30,0,4,0.013002300634980202,0.0,26357.3203125
EleutherAI/pythia-70m,256,step256,70426624,6,8,30,0,5,0.014158036559820175,0.0,26357.3203125
EleutherAI/pythia-70m,256,step256,70426624,6,8,30,0,6,0.012928634881973267,0.0,26357.3203125
EleutherAI/pythia-70m,256,step256,70426624,6,8,30,0,7,0.013287424109876156,0.0,26357.3203125
EleutherAI/pythia-70m,256,step256,70426624,6,8,30,1,0,0.011292113922536373,0.0,26357.3203125
EleutherAI/pythia-70m,256,step256,70426624,6,8,30,1,1,0.011325325816869736,0.0,26357.3203125
EleutherAI/pythia-70m,256,step256,70426624,6,8,30,1,2,0.008996917866170406,0.0,26357.3203125
EleutherAI/pythia-70m,256,step256,70426624,6,8,30,1,3,0.013065448962152004,0.0,26357.3203125
EleutherAI/pythia-70m,256,step256,70426624,6,8,30,1,4,0.011329656466841698,0.0,26357.3203125
EleutherAI/pythia-70m,256,step256,70426624,6,8,30,1,5,0.012774204835295677,0.0,26357.3203125
EleutherAI/pythia-70m,256,step256,70426624,6,8,30,1,6,0.01302429661154747,0.0,26357.3203125
EleutherAI/pythia-70m,256,step256,70426624,6,8,30,1,7,0.009589293971657753,0.0,26357.3203125
EleutherAI/pythia-70m,256,step256,70426624,6,8,30,2,0,0.001543999882414937,0.0,26357.3203125
EleutherAI/pythia-70m,256,step256,70426624,6,8,30,2,1,0.0027529310900717974,0.0,26357.3203125
EleutherAI/pythia-70m,256,step256,70426624,6,8,30,2,2,0.007743037771433592,0.0,26357.3203125
EleutherAI/pythia-70m,256,step256,70426624,6,8,30,2,3,0.0028478435706347227,0.0,26357.3203125
EleutherAI/pythia-70m,256,step256,70426624,6,8,30,2,4,0.0010800634045153856,0.0,26357.3203125
EleutherAI/pythia-70m,256,step256,70426624,6,8,30,2,5,0.011573298834264278,0.0,26357.3203125
EleutherAI/pythia-70m,256,step256,70426624,6,8,30,2,6,0.011286108754575253,0.0,26357.3203125
EleutherAI/pythia-70m,256,step256,70426624,6,8,30,2,7,0.0041038878262043,0.0,26357.3203125
EleutherAI/pythia-70m,256,step256,70426624,6,8,30,3,0,0.011013810522854328,0.0,26357.3203125
EleutherAI/pythia-70m,256,step256,70426624,6,8,30,3,1,0.011230414733290672,0.0,26357.3203125
EleutherAI/pythia-70m,256,step256,70426624,6,8,30,3,2,0.004115797579288483,0.0,26357.3203125
EleutherAI/pythia-70m,256,step256,70426624,6,8,30,3,3,0.008563024923205376,0.0,26357.3203125
EleutherAI/pythia-70m,256,step256,70426624,6,8,30,3,4,0.006075497251003981,0.0,26357.3203125
EleutherAI/pythia-70m,256,step256,70426624,6,8,30,3,5,0.011393356136977673,0.0,26357.3203125
EleutherAI/pythia-70m,256,step256,70426624,6,8,30,3,6,0.011915555223822594,0.0,26357.3203125
EleutherAI/pythia-70m,256,step256,70426624,6,8,30,3,7,0.005969750229269266,0.0,26357.3203125
EleutherAI/pythia-70m,256,step256,70426624,6,8,30,4,0,0.008728602901101112,0.0,26357.3203125
EleutherAI/pythia-70m,256,step256,70426624,6,8,30,4,1,0.013075696304440498,0.0,26357.3203125
EleutherAI/pythia-70m,256,step256,70426624,6,8,30,4,2,0.008446543477475643,0.0,26357.3203125
EleutherAI/pythia-70m,256,step256,70426624,6,8,30,4,3,0.01373535767197609,0.0,26357.3203125
EleutherAI/pythia-70m,256,step256,70426624,6,8,30,4,4,0.0036043303553014994,0.0,26357.3203125
EleutherAI/pythia-70m,256,step256,70426624,6,8,30,4,5,0.005196298938244581,0.0,26357.3203125
EleutherAI/pythia-70m,256,step256,70426624,6,8,30,4,6,0.009917314164340496,0.0,26357.3203125
EleutherAI/pythia-70m,256,step256,70426624,6,8,30,4,7,0.010454025119543076,0.0,26357.3203125
EleutherAI/pythia-70m,256,step256,70426624,6,8,30,5,0,0.004178408998996019,0.0,26357.3203125
EleutherAI/pythia-70m,256,step256,70426624,6,8,30,5,1,0.0034563648514449596,0.0,26357.3203125
EleutherAI/pythia-70m,256,step256,70426624,6,8,30,5,2,0.006219088565558195,0.0,26357.3203125
EleutherAI/pythia-70m,256,step256,70426624,6,8,30,5,3,0.002456490881741047,0.0,26357.3203125
EleutherAI/pythia-70m,256,step256,70426624,6,8,30,5,4,0.001978007610887289,0.0,26357.3203125
EleutherAI/pythia-70m,256,step256,70426624,6,8,30,5,5,0.004425984341651201,0.0,26357.3203125
EleutherAI/pythia-70m,256,step256,70426624,6,8,30,5,6,0.009306484833359718,0.0,26357.3203125
EleutherAI/pythia-70m,256,step256,70426624,6,8,30,5,7,0.002029634779319167,0.0,26357.3203125
EleutherAI/pythia-70m,256,step256,70426624,6,8,31,0,0,0.013154853135347366,0.0,27726.6796875
EleutherAI/pythia-70m,256,step256,70426624,6,8,31,0,1,0.014257417060434818,0.0,27726.6796875
EleutherAI/pythia-70m,256,step256,70426624,6,8,31,0,2,0.014680938795208931,0.0,27726.6796875
EleutherAI/pythia-70m,256,step256,70426624,6,8,31,0,3,0.01398396398872137,0.0,27726.6796875
EleutherAI/pythia-70m,256,step256,70426624,6,8,31,0,4,0.013914125971496105,0.0,27726.6796875
EleutherAI/pythia-70m,256,step256,70426624,6,8,31,0,5,0.01345675066113472,0.0,27726.6796875
EleutherAI/pythia-70m,256,step256,70426624,6,8,31,0,6,0.013570483773946762,0.0,27726.6796875
EleutherAI/pythia-70m,256,step256,70426624,6,8,31,0,7,0.014586093835532665,0.0,27726.6796875
EleutherAI/pythia-70m,256,step256,70426624,6,8,31,1,0,0.011197282001376152,0.0,27726.6796875
EleutherAI/pythia-70m,256,step256,70426624,6,8,31,1,1,0.008585000410676003,0.0,27726.6796875
EleutherAI/pythia-70m,256,step256,70426624,6,8,31,1,2,0.0077146124094724655,0.0,27726.6796875
EleutherAI/pythia-70m,256,step256,70426624,6,8,31,1,3,0.010153641924262047,0.0,27726.6796875
EleutherAI/pythia-70m,256,step256,70426624,6,8,31,1,4,0.010162868537008762,0.0,27726.6796875
EleutherAI/pythia-70m,256,step256,70426624,6,8,31,1,5,0.011861884966492653,0.0,27726.6796875
EleutherAI/pythia-70m,256,step256,70426624,6,8,31,1,6,0.01674058474600315,0.0,27726.6796875
EleutherAI/pythia-70m,256,step256,70426624,6,8,31,1,7,0.00844224076718092,0.0,27726.6796875
EleutherAI/pythia-70m,256,step256,70426624,6,8,31,2,0,0.0015203756047412753,0.0,27726.6796875
EleutherAI/pythia-70m,256,step256,70426624,6,8,31,2,1,0.004305982496589422,0.0,27726.6796875
EleutherAI/pythia-70m,256,step256,70426624,6,8,31,2,2,0.006445224396884441,0.0,27726.6796875
EleutherAI/pythia-70m,256,step256,70426624,6,8,31,2,3,0.003673633560538292,0.0,27726.6796875
EleutherAI/pythia-70m,256,step256,70426624,6,8,31,2,4,0.0015867999754846096,0.0,27726.6796875
EleutherAI/pythia-70m,256,step256,70426624,6,8,31,2,5,0.009707977063953876,0.0,27726.6796875
EleutherAI/pythia-70m,256,step256,70426624,6,8,31,2,6,0.012069672346115112,0.0,27726.6796875
EleutherAI/pythia-70m,256,step256,70426624,6,8,31,2,7,0.005498651880770922,0.0,27726.6796875
EleutherAI/pythia-70m,256,step256,70426624,6,8,31,3,0,0.010126462206244469,0.0,27726.6796875
EleutherAI/pythia-70m,256,step256,70426624,6,8,31,3,1,0.008906174451112747,0.0,27726.6796875
EleutherAI/pythia-70m,256,step256,70426624,6,8,31,3,2,0.003261302597820759,0.0,27726.6796875
EleutherAI/pythia-70m,256,step256,70426624,6,8,31,3,3,0.01149016059935093,0.0,27726.6796875
EleutherAI/pythia-70m,256,step256,70426624,6,8,31,3,4,0.0037832355592399836,0.0,27726.6796875
EleutherAI/pythia-70m,256,step256,70426624,6,8,31,3,5,0.01278610248118639,0.0,27726.6796875
EleutherAI/pythia-70m,256,step256,70426624,6,8,31,3,6,0.00897394958883524,0.0,27726.6796875
EleutherAI/pythia-70m,256,step256,70426624,6,8,31,3,7,0.006364628206938505,0.0,27726.6796875
EleutherAI/pythia-70m,256,step256,70426624,6,8,31,4,0,0.009723889641463757,0.0,27726.6796875
EleutherAI/pythia-70m,256,step256,70426624,6,8,31,4,1,0.012153364717960358,0.0,27726.6796875
EleutherAI/pythia-70m,256,step256,70426624,6,8,31,4,2,0.00831450242549181,0.0,27726.6796875
EleutherAI/pythia-70m,256,step256,70426624,6,8,31,4,3,0.012137055397033691,0.0,27726.6796875
EleutherAI/pythia-70m,256,step256,70426624,6,8,31,4,4,0.008433273993432522,0.0,27726.6796875
EleutherAI/pythia-70m,256,step256,70426624,6,8,31,4,5,0.006138216238468885,0.0,27726.6796875
EleutherAI/pythia-70m,256,step256,70426624,6,8,31,4,6,0.008169309236109257,0.0,27726.6796875
EleutherAI/pythia-70m,256,step256,70426624,6,8,31,4,7,0.01161966472864151,0.0,27726.6796875
EleutherAI/pythia-70m,256,step256,70426624,6,8,31,5,0,0.003557771211490035,0.0,27726.6796875
EleutherAI/pythia-70m,256,step256,70426624,6,8,31,5,1,0.005461526103317738,0.0,27726.6796875
EleutherAI/pythia-70m,256,step256,70426624,6,8,31,5,2,0.007137508597224951,0.0,27726.6796875
EleutherAI/pythia-70m,256,step256,70426624,6,8,31,5,3,0.0026282232720404863,0.0,27726.6796875
EleutherAI/pythia-70m,256,step256,70426624,6,8,31,5,4,0.0031891283579170704,0.0,27726.6796875
EleutherAI/pythia-70m,256,step256,70426624,6,8,31,5,5,0.0031959458719938993,0.0,27726.6796875
EleutherAI/pythia-70m,256,step256,70426624,6,8,31,5,6,0.009918857365846634,0.0,27726.6796875
EleutherAI/pythia-70m,256,step256,70426624,6,8,31,5,7,0.001846002647653222,0.0,27726.6796875
EleutherAI/pythia-70m,256,step256,70426624,6,8,32,0,0,0.013676776550710201,0.0,23022.560546875
EleutherAI/pythia-70m,256,step256,70426624,6,8,32,0,1,0.014099347405135632,0.0,23022.560546875
EleutherAI/pythia-70m,256,step256,70426624,6,8,32,0,2,0.013373859226703644,0.0,23022.560546875
EleutherAI/pythia-70m,256,step256,70426624,6,8,32,0,3,0.012969455681741238,0.0,23022.560546875
EleutherAI/pythia-70m,256,step256,70426624,6,8,32,0,4,0.014444815926253796,0.0,23022.560546875
EleutherAI/pythia-70m,256,step256,70426624,6,8,32,0,5,0.013231229037046432,0.0,23022.560546875
EleutherAI/pythia-70m,256,step256,70426624,6,8,32,0,6,0.015207188203930855,0.0,23022.560546875
EleutherAI/pythia-70m,256,step256,70426624,6,8,32,0,7,0.012773633003234863,0.0,23022.560546875
EleutherAI/pythia-70m,256,step256,70426624,6,8,32,1,0,0.01103886030614376,0.0,23022.560546875
EleutherAI/pythia-70m,256,step256,70426624,6,8,32,1,1,0.009289023466408253,0.0,23022.560546875
EleutherAI/pythia-70m,256,step256,70426624,6,8,32,1,2,0.008932951837778091,0.0,23022.560546875
EleutherAI/pythia-70m,256,step256,70426624,6,8,32,1,3,0.012950134463608265,0.0,23022.560546875
EleutherAI/pythia-70m,256,step256,70426624,6,8,32,1,4,0.011827307753264904,0.0,23022.560546875
EleutherAI/pythia-70m,256,step256,70426624,6,8,32,1,5,0.011558792553842068,0.0,23022.560546875
EleutherAI/pythia-70m,256,step256,70426624,6,8,32,1,6,0.00961390882730484,0.0,23022.560546875
EleutherAI/pythia-70m,256,step256,70426624,6,8,32,1,7,0.008923925459384918,0.0,23022.560546875
EleutherAI/pythia-70m,256,step256,70426624,6,8,32,2,0,0.002819176996126771,0.0,23022.560546875
EleutherAI/pythia-70m,256,step256,70426624,6,8,32,2,1,0.004331257194280624,0.0,23022.560546875
EleutherAI/pythia-70m,256,step256,70426624,6,8,32,2,2,0.007453298661857843,0.0,23022.560546875
EleutherAI/pythia-70m,256,step256,70426624,6,8,32,2,3,0.003385164774954319,0.0,23022.560546875
EleutherAI/pythia-70m,256,step256,70426624,6,8,32,2,4,0.0012350408360362053,0.0,23022.560546875
EleutherAI/pythia-70m,256,step256,70426624,6,8,32,2,5,0.007933570072054863,0.0,23022.560546875
EleutherAI/pythia-70m,256,step256,70426624,6,8,32,2,6,0.014152911491692066,0.0,23022.560546875
EleutherAI/pythia-70m,256,step256,70426624,6,8,32,2,7,0.005070376209914684,0.0,23022.560546875
EleutherAI/pythia-70m,256,step256,70426624,6,8,32,3,0,0.011401786468923092,0.0,23022.560546875
EleutherAI/pythia-70m,256,step256,70426624,6,8,32,3,1,0.014337679371237755,0.0,23022.560546875
EleutherAI/pythia-70m,256,step256,70426624,6,8,32,3,2,0.0037587559781968594,0.0,23022.560546875
EleutherAI/pythia-70m,256,step256,70426624,6,8,32,3,3,0.009539063088595867,0.0,23022.560546875
EleutherAI/pythia-70m,256,step256,70426624,6,8,32,3,4,0.005632948130369186,0.0,23022.560546875
EleutherAI/pythia-70m,256,step256,70426624,6,8,32,3,5,0.013761336915194988,0.0,23022.560546875
EleutherAI/pythia-70m,256,step256,70426624,6,8,32,3,6,0.009804059751331806,0.0,23022.560546875
EleutherAI/pythia-70m,256,step256,70426624,6,8,32,3,7,0.007512377575039864,0.0,23022.560546875
EleutherAI/pythia-70m,256,step256,70426624,6,8,32,4,0,0.010804000310599804,0.0,23022.560546875
EleutherAI/pythia-70m,256,step256,70426624,6,8,32,4,1,0.010742226615548134,0.0,23022.560546875
EleutherAI/pythia-70m,256,step256,70426624,6,8,32,4,2,0.009349767118692398,0.0,23022.560546875
EleutherAI/pythia-70m,256,step256,70426624,6,8,32,4,3,0.0116987070068717,0.0,23022.560546875
EleutherAI/pythia-70m,256,step256,70426624,6,8,32,4,4,0.00871987547725439,0.0,23022.560546875
EleutherAI/pythia-70m,256,step256,70426624,6,8,32,4,5,0.005085614509880543,0.0,23022.560546875
EleutherAI/pythia-70m,256,step256,70426624,6,8,32,4,6,0.010317768901586533,0.0,23022.560546875
EleutherAI/pythia-70m,256,step256,70426624,6,8,32,4,7,0.009965230710804462,0.0,23022.560546875
EleutherAI/pythia-70m,256,step256,70426624,6,8,32,5,0,0.004648623988032341,0.0,23022.560546875
EleutherAI/pythia-70m,256,step256,70426624,6,8,32,5,1,0.003651905572041869,0.0,23022.560546875
EleutherAI/pythia-70m,256,step256,70426624,6,8,32,5,2,0.006936081685125828,0.0,23022.560546875
EleutherAI/pythia-70m,256,step256,70426624,6,8,32,5,3,0.0051916069351136684,0.0,23022.560546875
EleutherAI/pythia-70m,256,step256,70426624,6,8,32,5,4,0.0020078455563634634,0.0,23022.560546875
EleutherAI/pythia-70m,256,step256,70426624,6,8,32,5,5,0.005298779811710119,0.0,23022.560546875
EleutherAI/pythia-70m,256,step256,70426624,6,8,32,5,6,0.008951092138886452,0.0,23022.560546875
EleutherAI/pythia-70m,256,step256,70426624,6,8,32,5,7,0.002166426507756114,0.0,23022.560546875
EleutherAI/pythia-70m,256,step256,70426624,6,8,33,0,0,0.013890261761844158,0.0,26920.69921875
EleutherAI/pythia-70m,256,step256,70426624,6,8,33,0,1,0.01508060097694397,0.0,26920.69921875
EleutherAI/pythia-70m,256,step256,70426624,6,8,33,0,2,0.013402307406067848,0.0,26920.69921875
EleutherAI/pythia-70m,256,step256,70426624,6,8,33,0,3,0.012183930724859238,0.0,26920.69921875
EleutherAI/pythia-70m,256,step256,70426624,6,8,33,0,4,0.013438460417091846,0.0,26920.69921875
EleutherAI/pythia-70m,256,step256,70426624,6,8,33,0,5,0.012959295883774757,0.0,26920.69921875
EleutherAI/pythia-70m,256,step256,70426624,6,8,33,0,6,0.01294055674225092,0.0,26920.69921875
EleutherAI/pythia-70m,256,step256,70426624,6,8,33,0,7,0.0141472602263093,0.0,26920.69921875
EleutherAI/pythia-70m,256,step256,70426624,6,8,33,1,0,0.01036031823605299,0.0,26920.69921875
EleutherAI/pythia-70m,256,step256,70426624,6,8,33,1,1,0.008490555919706821,0.0,26920.69921875
EleutherAI/pythia-70m,256,step256,70426624,6,8,33,1,2,0.006626919377595186,0.0,26920.69921875
EleutherAI/pythia-70m,256,step256,70426624,6,8,33,1,3,0.011182592250406742,0.0,26920.69921875
EleutherAI/pythia-70m,256,step256,70426624,6,8,33,1,4,0.011688094586133957,0.0,26920.69921875
EleutherAI/pythia-70m,256,step256,70426624,6,8,33,1,5,0.01355831604450941,0.0,26920.69921875
EleutherAI/pythia-70m,256,step256,70426624,6,8,33,1,6,0.009907569736242294,0.0,26920.69921875
EleutherAI/pythia-70m,256,step256,70426624,6,8,33,1,7,0.008363358676433563,0.0,26920.69921875
EleutherAI/pythia-70m,256,step256,70426624,6,8,33,2,0,0.001748342765495181,0.0,26920.69921875
EleutherAI/pythia-70m,256,step256,70426624,6,8,33,2,1,0.0023437270428985357,0.0,26920.69921875
EleutherAI/pythia-70m,256,step256,70426624,6,8,33,2,2,0.0056335399858653545,0.0,26920.69921875
EleutherAI/pythia-70m,256,step256,70426624,6,8,33,2,3,0.0027416697703301907,0.0,26920.69921875
EleutherAI/pythia-70m,256,step256,70426624,6,8,33,2,4,0.0009574433206580579,0.0,26920.69921875
EleutherAI/pythia-70m,256,step256,70426624,6,8,33,2,5,0.009843176230788231,0.0,26920.69921875
EleutherAI/pythia-70m,256,step256,70426624,6,8,33,2,6,0.012661618180572987,0.0,26920.69921875
EleutherAI/pythia-70m,256,step256,70426624,6,8,33,2,7,0.003631368512287736,0.0,26920.69921875
EleutherAI/pythia-70m,256,step256,70426624,6,8,33,3,0,0.013857562094926834,0.0,26920.69921875
EleutherAI/pythia-70m,256,step256,70426624,6,8,33,3,1,0.014067829586565495,0.0,26920.69921875
EleutherAI/pythia-70m,256,step256,70426624,6,8,33,3,2,0.003543550381436944,0.0,26920.69921875
EleutherAI/pythia-70m,256,step256,70426624,6,8,33,3,3,0.008256508968770504,0.0,26920.69921875
EleutherAI/pythia-70m,256,step256,70426624,6,8,33,3,4,0.005176125094294548,0.0,26920.69921875
EleutherAI/pythia-70m,256,step256,70426624,6,8,33,3,5,0.011464297771453857,0.0,26920.69921875
EleutherAI/pythia-70m,256,step256,70426624,6,8,33,3,6,0.010330446064472198,0.0,26920.69921875
EleutherAI/pythia-70m,256,step256,70426624,6,8,33,3,7,0.00737038254737854,0.0,26920.69921875
EleutherAI/pythia-70m,256,step256,70426624,6,8,33,4,0,0.009131626226007938,0.0,26920.69921875
EleutherAI/pythia-70m,256,step256,70426624,6,8,33,4,1,0.01252579316496849,0.0,26920.69921875
EleutherAI/pythia-70m,256,step256,70426624,6,8,33,4,2,0.009983042255043983,0.0,26920.69921875
EleutherAI/pythia-70m,256,step256,70426624,6,8,33,4,3,0.015322216786444187,0.0,26920.69921875
EleutherAI/pythia-70m,256,step256,70426624,6,8,33,4,4,0.004690404050052166,0.0,26920.69921875
EleutherAI/pythia-70m,256,step256,70426624,6,8,33,4,5,0.007688257843255997,0.0,26920.69921875
EleutherAI/pythia-70m,256,step256,70426624,6,8,33,4,6,0.010276868008077145,0.0,26920.69921875
EleutherAI/pythia-70m,256,step256,70426624,6,8,33,4,7,0.011635148897767067,0.0,26920.69921875
EleutherAI/pythia-70m,256,step256,70426624,6,8,33,5,0,0.005072598345577717,0.0,26920.69921875
EleutherAI/pythia-70m,256,step256,70426624,6,8,33,5,1,0.003083196235820651,0.0,26920.69921875
EleutherAI/pythia-70m,256,step256,70426624,6,8,33,5,2,0.008053101599216461,0.0,26920.69921875
EleutherAI/pythia-70m,256,step256,70426624,6,8,33,5,3,0.0026752359699457884,0.0,26920.69921875
EleutherAI/pythia-70m,256,step256,70426624,6,8,33,5,4,0.001843418343923986,0.0,26920.69921875
EleutherAI/pythia-70m,256,step256,70426624,6,8,33,5,5,0.00397072359919548,0.0,26920.69921875
EleutherAI/pythia-70m,256,step256,70426624,6,8,33,5,6,0.008931043557822704,0.0,26920.69921875
EleutherAI/pythia-70m,256,step256,70426624,6,8,33,5,7,0.001281179953366518,0.0,26920.69921875
EleutherAI/pythia-70m,256,step256,70426624,6,8,34,0,0,0.01406711246818304,0.0,25992.0390625
EleutherAI/pythia-70m,256,step256,70426624,6,8,34,0,1,0.014194135554134846,0.0,25992.0390625
EleutherAI/pythia-70m,256,step256,70426624,6,8,34,0,2,0.01316195446997881,0.0,25992.0390625
EleutherAI/pythia-70m,256,step256,70426624,6,8,34,0,3,0.014278123155236244,0.0,25992.0390625
EleutherAI/pythia-70m,256,step256,70426624,6,8,34,0,4,0.01347075030207634,0.0,25992.0390625
EleutherAI/pythia-70m,256,step256,70426624,6,8,34,0,5,0.013774966821074486,0.0,25992.0390625
EleutherAI/pythia-70m,256,step256,70426624,6,8,34,0,6,0.01455483678728342,0.0,25992.0390625
EleutherAI/pythia-70m,256,step256,70426624,6,8,34,0,7,0.013437632471323013,0.0,25992.0390625
EleutherAI/pythia-70m,256,step256,70426624,6,8,34,1,0,0.010535445995628834,0.0,25992.0390625
EleutherAI/pythia-70m,256,step256,70426624,6,8,34,1,1,0.008626541122794151,0.0,25992.0390625
EleutherAI/pythia-70m,256,step256,70426624,6,8,34,1,2,0.0067113651894032955,0.0,25992.0390625
EleutherAI/pythia-70m,256,step256,70426624,6,8,34,1,3,0.011494875885546207,0.0,25992.0390625
EleutherAI/pythia-70m,256,step256,70426624,6,8,34,1,4,0.010369273833930492,0.0,25992.0390625
EleutherAI/pythia-70m,256,step256,70426624,6,8,34,1,5,0.012497845105826855,0.0,25992.0390625
EleutherAI/pythia-70m,256,step256,70426624,6,8,34,1,6,0.01143485028296709,0.0,25992.0390625
EleutherAI/pythia-70m,256,step256,70426624,6,8,34,1,7,0.00995735265314579,0.0,25992.0390625
EleutherAI/pythia-70m,256,step256,70426624,6,8,34,2,0,0.0023885585833340883,0.0,25992.0390625
EleutherAI/pythia-70m,256,step256,70426624,6,8,34,2,1,0.00283511308953166,0.0,25992.0390625
EleutherAI/pythia-70m,256,step256,70426624,6,8,34,2,2,0.006408119108527899,0.0,25992.0390625
EleutherAI/pythia-70m,256,step256,70426624,6,8,34,2,3,0.003110484452918172,0.0,25992.0390625
EleutherAI/pythia-70m,256,step256,70426624,6,8,34,2,4,0.0024461003486067057,0.0,25992.0390625
EleutherAI/pythia-70m,256,step256,70426624,6,8,34,2,5,0.007342814933508635,0.0,25992.0390625
EleutherAI/pythia-70m,256,step256,70426624,6,8,34,2,6,0.013184444047510624,0.0,25992.0390625
EleutherAI/pythia-70m,256,step256,70426624,6,8,34,2,7,0.005084623582661152,0.0,25992.0390625
EleutherAI/pythia-70m,256,step256,70426624,6,8,34,3,0,0.007380690425634384,0.0,25992.0390625
EleutherAI/pythia-70m,256,step256,70426624,6,8,34,3,1,0.011818218044936657,0.0,25992.0390625
EleutherAI/pythia-70m,256,step256,70426624,6,8,34,3,2,0.0016757163684815168,0.0,25992.0390625
EleutherAI/pythia-70m,256,step256,70426624,6,8,34,3,3,0.005720367655158043,0.0,25992.0390625
EleutherAI/pythia-70m,256,step256,70426624,6,8,34,3,4,0.0043362039141356945,0.0,25992.0390625
EleutherAI/pythia-70m,256,step256,70426624,6,8,34,3,5,0.010003489442169666,0.0,25992.0390625
EleutherAI/pythia-70m,256,step256,70426624,6,8,34,3,6,0.003991913050413132,0.0,25992.0390625
EleutherAI/pythia-70m,256,step256,70426624,6,8,34,3,7,0.0044480846263468266,0.0,25992.0390625
EleutherAI/pythia-70m,256,step256,70426624,6,8,34,4,0,0.007558431010693312,0.0,25992.0390625
EleutherAI/pythia-70m,256,step256,70426624,6,8,34,4,1,0.009879599325358868,0.0,25992.0390625
EleutherAI/pythia-70m,256,step256,70426624,6,8,34,4,2,0.010209225118160248,0.0,25992.0390625
EleutherAI/pythia-70m,256,step256,70426624,6,8,34,4,3,0.007480778265744448,0.0,25992.0390625
EleutherAI/pythia-70m,256,step256,70426624,6,8,34,4,4,0.0030451463535428047,0.0,25992.0390625
EleutherAI/pythia-70m,256,step256,70426624,6,8,34,4,5,0.0044531445018947124,0.0,25992.0390625
EleutherAI/pythia-70m,256,step256,70426624,6,8,34,4,6,0.00598493916913867,0.0,25992.0390625
EleutherAI/pythia-70m,256,step256,70426624,6,8,34,4,7,0.00811827089637518,0.0,25992.0390625
EleutherAI/pythia-70m,256,step256,70426624,6,8,34,5,0,0.002535782987251878,0.0,25992.0390625
EleutherAI/pythia-70m,256,step256,70426624,6,8,34,5,1,0.003841372672468424,0.0,25992.0390625
EleutherAI/pythia-70m,256,step256,70426624,6,8,34,5,2,0.005186210852116346,0.0,25992.0390625
EleutherAI/pythia-70m,256,step256,70426624,6,8,34,5,3,0.0016204395797103643,0.0,25992.0390625
EleutherAI/pythia-70m,256,step256,70426624,6,8,34,5,4,0.0013323810417205095,0.0,25992.0390625
EleutherAI/pythia-70m,256,step256,70426624,6,8,34,5,5,0.002003527944907546,0.0,25992.0390625
EleutherAI/pythia-70m,256,step256,70426624,6,8,34,5,6,0.009780180640518665,0.0,25992.0390625
EleutherAI/pythia-70m,256,step256,70426624,6,8,34,5,7,0.0012749233283102512,0.0,25992.0390625
EleutherAI/pythia-70m,256,step256,70426624,6,8,35,0,0,0.014524039812386036,0.0,25590.599609375
EleutherAI/pythia-70m,256,step256,70426624,6,8,35,0,1,0.014247583225369453,0.0,25590.599609375
EleutherAI/pythia-70m,256,step256,70426624,6,8,35,0,2,0.013819703832268715,0.0,25590.599609375
EleutherAI/pythia-70m,256,step256,70426624,6,8,35,0,3,0.013254659250378609,0.0,25590.599609375
EleutherAI/pythia-70m,256,step256,70426624,6,8,35,0,4,0.013142555020749569,0.0,25590.599609375
EleutherAI/pythia-70m,256,step256,70426624,6,8,35,0,5,0.01272506918758154,0.0,25590.599609375
EleutherAI/pythia-70m,256,step256,70426624,6,8,35,0,6,0.01213290449231863,0.0,25590.599609375
EleutherAI/pythia-70m,256,step256,70426624,6,8,35,0,7,0.012899546884000301,0.0,25590.599609375
EleutherAI/pythia-70m,256,step256,70426624,6,8,35,1,0,0.011266890913248062,0.0,25590.599609375
EleutherAI/pythia-70m,256,step256,70426624,6,8,35,1,1,0.009153712540864944,0.0,25590.599609375
EleutherAI/pythia-70m,256,step256,70426624,6,8,35,1,2,0.008889139629900455,0.0,25590.599609375
EleutherAI/pythia-70m,256,step256,70426624,6,8,35,1,3,0.01212797500193119,0.0,25590.599609375
EleutherAI/pythia-70m,256,step256,70426624,6,8,35,1,4,0.01084049977362156,0.0,25590.599609375
EleutherAI/pythia-70m,256,step256,70426624,6,8,35,1,5,0.01277835015207529,0.0,25590.599609375
EleutherAI/pythia-70m,256,step256,70426624,6,8,35,1,6,0.014110309071838856,0.0,25590.599609375
EleutherAI/pythia-70m,256,step256,70426624,6,8,35,1,7,0.009504439309239388,0.0,25590.599609375
EleutherAI/pythia-70m,256,step256,70426624,6,8,35,2,0,0.0020254310220479965,0.0,25590.599609375
EleutherAI/pythia-70m,256,step256,70426624,6,8,35,2,1,0.0033382787369191647,0.0,25590.599609375
EleutherAI/pythia-70m,256,step256,70426624,6,8,35,2,2,0.006449590902775526,0.0,25590.599609375
EleutherAI/pythia-70m,256,step256,70426624,6,8,35,2,3,0.002028152346611023,0.0,25590.599609375
EleutherAI/pythia-70m,256,step256,70426624,6,8,35,2,4,0.0018541468307375908,0.0,25590.599609375
EleutherAI/pythia-70m,256,step256,70426624,6,8,35,2,5,0.008840165100991726,0.0,25590.599609375
EleutherAI/pythia-70m,256,step256,70426624,6,8,35,2,6,0.012698197737336159,0.0,25590.599609375
EleutherAI/pythia-70m,256,step256,70426624,6,8,35,2,7,0.006908494047820568,0.0,25590.599609375
EleutherAI/pythia-70m,256,step256,70426624,6,8,35,3,0,0.011166639626026154,0.0,25590.599609375
EleutherAI/pythia-70m,256,step256,70426624,6,8,35,3,1,0.011392546817660332,0.0,25590.599609375
EleutherAI/pythia-70m,256,step256,70426624,6,8,35,3,2,0.0015882126754149795,0.0,25590.599609375
EleutherAI/pythia-70m,256,step256,70426624,6,8,35,3,3,0.005812634248286486,0.0,25590.599609375
EleutherAI/pythia-70m,256,step256,70426624,6,8,35,3,4,0.004134807735681534,0.0,25590.599609375
EleutherAI/pythia-70m,256,step256,70426624,6,8,35,3,5,0.014806951396167278,0.0,25590.599609375
EleutherAI/pythia-70m,256,step256,70426624,6,8,35,3,6,0.0062385075725615025,0.0,25590.599609375
EleutherAI/pythia-70m,256,step256,70426624,6,8,35,3,7,0.005228134337812662,0.0,25590.599609375
EleutherAI/pythia-70m,256,step256,70426624,6,8,35,4,0,0.011723382398486137,0.0,25590.599609375
EleutherAI/pythia-70m,256,step256,70426624,6,8,35,4,1,0.010198392905294895,0.0,25590.599609375
EleutherAI/pythia-70m,256,step256,70426624,6,8,35,4,2,0.009524207562208176,0.0,25590.599609375
EleutherAI/pythia-70m,256,step256,70426624,6,8,35,4,3,0.01081723254173994,0.0,25590.599609375
EleutherAI/pythia-70m,256,step256,70426624,6,8,35,4,4,0.004444804973900318,0.0,25590.599609375
EleutherAI/pythia-70m,256,step256,70426624,6,8,35,4,5,0.003855982795357704,0.0,25590.599609375
EleutherAI/pythia-70m,256,step256,70426624,6,8,35,4,6,0.008078143931925297,0.0,25590.599609375
EleutherAI/pythia-70m,256,step256,70426624,6,8,35,4,7,0.008865361101925373,0.0,25590.599609375
EleutherAI/pythia-70m,256,step256,70426624,6,8,35,5,0,0.005051966290920973,0.0,25590.599609375
EleutherAI/pythia-70m,256,step256,70426624,6,8,35,5,1,0.004959777928888798,0.0,25590.599609375
EleutherAI/pythia-70m,256,step256,70426624,6,8,35,5,2,0.004994929302483797,0.0,25590.599609375
EleutherAI/pythia-70m,256,step256,70426624,6,8,35,5,3,0.002908523427322507,0.0,25590.599609375
EleutherAI/pythia-70m,256,step256,70426624,6,8,35,5,4,0.002366072265431285,0.0,25590.599609375
EleutherAI/pythia-70m,256,step256,70426624,6,8,35,5,5,0.0031825858168303967,0.0,25590.599609375
EleutherAI/pythia-70m,256,step256,70426624,6,8,35,5,6,0.012204533442854881,0.0,25590.599609375
EleutherAI/pythia-70m,256,step256,70426624,6,8,35,5,7,0.0015991401160135865,0.0,25590.599609375
EleutherAI/pythia-70m,256,step256,70426624,6,8,36,0,0,0.013369959779083729,0.0,27766.1796875
EleutherAI/pythia-70m,256,step256,70426624,6,8,36,0,1,0.013008981011807919,0.0,27766.1796875
EleutherAI/pythia-70m,256,step256,70426624,6,8,36,0,2,0.0137538006529212,0.0,27766.1796875
EleutherAI/pythia-70m,256,step256,70426624,6,8,36,0,3,0.012874486856162548,0.0,27766.1796875
EleutherAI/pythia-70m,256,step256,70426624,6,8,36,0,4,0.012497048825025558,0.0,27766.1796875
EleutherAI/pythia-70m,256,step256,70426624,6,8,36,0,5,0.012271762825548649,0.0,27766.1796875
EleutherAI/pythia-70m,256,step256,70426624,6,8,36,0,6,0.015132968313992023,0.0,27766.1796875
EleutherAI/pythia-70m,256,step256,70426624,6,8,36,0,7,0.013763148337602615,0.0,27766.1796875
EleutherAI/pythia-70m,256,step256,70426624,6,8,36,1,0,0.010404842905700207,0.0,27766.1796875
EleutherAI/pythia-70m,256,step256,70426624,6,8,36,1,1,0.009136669337749481,0.0,27766.1796875
EleutherAI/pythia-70m,256,step256,70426624,6,8,36,1,2,0.007590786088258028,0.0,27766.1796875
EleutherAI/pythia-70m,256,step256,70426624,6,8,36,1,3,0.011078950949013233,0.0,27766.1796875
EleutherAI/pythia-70m,256,step256,70426624,6,8,36,1,4,0.010504735633730888,0.0,27766.1796875
EleutherAI/pythia-70m,256,step256,70426624,6,8,36,1,5,0.013071312569081783,0.0,27766.1796875
EleutherAI/pythia-70m,256,step256,70426624,6,8,36,1,6,0.00951705127954483,0.0,27766.1796875
EleutherAI/pythia-70m,256,step256,70426624,6,8,36,1,7,0.009128940291702747,0.0,27766.1796875
EleutherAI/pythia-70m,256,step256,70426624,6,8,36,2,0,0.001989443553611636,0.0,27766.1796875
EleutherAI/pythia-70m,256,step256,70426624,6,8,36,2,1,0.0028190207667648792,0.0,27766.1796875
EleutherAI/pythia-70m,256,step256,70426624,6,8,36,2,2,0.007021067198365927,0.0,27766.1796875
EleutherAI/pythia-70m,256,step256,70426624,6,8,36,2,3,0.0032585347071290016,0.0,27766.1796875
EleutherAI/pythia-70m,256,step256,70426624,6,8,36,2,4,0.0008385719847865403,0.0,27766.1796875
EleutherAI/pythia-70m,256,step256,70426624,6,8,36,2,5,0.006850422825664282,0.0,27766.1796875
EleutherAI/pythia-70m,256,step256,70426624,6,8,36,2,6,0.011772561818361282,0.0,27766.1796875
EleutherAI/pythia-70m,256,step256,70426624,6,8,36,2,7,0.004541449714452028,0.0,27766.1796875
EleutherAI/pythia-70m,256,step256,70426624,6,8,36,3,0,0.009177200496196747,0.0,27766.1796875
EleutherAI/pythia-70m,256,step256,70426624,6,8,36,3,1,0.011477557010948658,0.0,27766.1796875
EleutherAI/pythia-70m,256,step256,70426624,6,8,36,3,2,0.00211608805693686,0.0,27766.1796875
EleutherAI/pythia-70m,256,step256,70426624,6,8,36,3,3,0.005778242833912373,0.0,27766.1796875
EleutherAI/pythia-70m,256,step256,70426624,6,8,36,3,4,0.0033297790214419365,0.0,27766.1796875
EleutherAI/pythia-70m,256,step256,70426624,6,8,36,3,5,0.00830489955842495,0.0,27766.1796875
EleutherAI/pythia-70m,256,step256,70426624,6,8,36,3,6,0.004222712945193052,0.0,27766.1796875
EleutherAI/pythia-70m,256,step256,70426624,6,8,36,3,7,0.006885358598083258,0.0,27766.1796875
EleutherAI/pythia-70m,256,step256,70426624,6,8,36,4,0,0.007610759232193232,0.0,27766.1796875
EleutherAI/pythia-70m,256,step256,70426624,6,8,36,4,1,0.011778528802096844,0.0,27766.1796875
EleutherAI/pythia-70m,256,step256,70426624,6,8,36,4,2,0.011359697207808495,0.0,27766.1796875
EleutherAI/pythia-70m,256,step256,70426624,6,8,36,4,3,0.010407557711005211,0.0,27766.1796875
EleutherAI/pythia-70m,256,step256,70426624,6,8,36,4,4,0.003959433641284704,0.0,27766.1796875
EleutherAI/pythia-70m,256,step256,70426624,6,8,36,4,5,0.004337791819125414,0.0,27766.1796875
EleutherAI/pythia-70m,256,step256,70426624,6,8,36,4,6,0.006380306091159582,0.0,27766.1796875
EleutherAI/pythia-70m,256,step256,70426624,6,8,36,4,7,0.009265564382076263,0.0,27766.1796875
EleutherAI/pythia-70m,256,step256,70426624,6,8,36,5,0,0.002175010973587632,0.0,27766.1796875
EleutherAI/pythia-70m,256,step256,70426624,6,8,36,5,1,0.002754446817561984,0.0,27766.1796875
EleutherAI/pythia-70m,256,step256,70426624,6,8,36,5,2,0.005189782939851284,0.0,27766.1796875
EleutherAI/pythia-70m,256,step256,70426624,6,8,36,5,3,0.0024869826156646013,0.0,27766.1796875
EleutherAI/pythia-70m,256,step256,70426624,6,8,36,5,4,0.0022313762456178665,0.0,27766.1796875
EleutherAI/pythia-70m,256,step256,70426624,6,8,36,5,5,0.0029582129791378975,0.0,27766.1796875
EleutherAI/pythia-70m,256,step256,70426624,6,8,36,5,6,0.009013686329126358,0.0,27766.1796875
EleutherAI/pythia-70m,256,step256,70426624,6,8,36,5,7,0.0011881596874445677,0.0,27766.1796875
EleutherAI/pythia-70m,256,step256,70426624,6,8,37,0,0,0.01389020960777998,0.0,26296.759765625
EleutherAI/pythia-70m,256,step256,70426624,6,8,37,0,1,0.01272987574338913,0.0,26296.759765625
EleutherAI/pythia-70m,256,step256,70426624,6,8,37,0,2,0.014724858105182648,0.0,26296.759765625
EleutherAI/pythia-70m,256,step256,70426624,6,8,37,0,3,0.01512032002210617,0.0,26296.759765625
EleutherAI/pythia-70m,256,step256,70426624,6,8,37,0,4,0.013261810876429081,0.0,26296.759765625
EleutherAI/pythia-70m,256,step256,70426624,6,8,37,0,5,0.01380203291773796,0.0,26296.759765625
EleutherAI/pythia-70m,256,step256,70426624,6,8,37,0,6,0.014677419327199459,0.0,26296.759765625
EleutherAI/pythia-70m,256,step256,70426624,6,8,37,0,7,0.01292175892740488,0.0,26296.759765625
EleutherAI/pythia-70m,256,step256,70426624,6,8,37,1,0,0.01082984171807766,0.0,26296.759765625
EleutherAI/pythia-70m,256,step256,70426624,6,8,37,1,1,0.008609641343355179,0.0,26296.759765625
EleutherAI/pythia-70m,256,step256,70426624,6,8,37,1,2,0.0065184105187654495,0.0,26296.759765625
EleutherAI/pythia-70m,256,step256,70426624,6,8,37,1,3,0.011924057267606258,0.0,26296.759765625
EleutherAI/pythia-70m,256,step256,70426624,6,8,37,1,4,0.010734055191278458,0.0,26296.759765625
EleutherAI/pythia-70m,256,step256,70426624,6,8,37,1,5,0.011212654411792755,0.0,26296.759765625
EleutherAI/pythia-70m,256,step256,70426624,6,8,37,1,6,0.010002498514950275,0.0,26296.759765625
EleutherAI/pythia-70m,256,step256,70426624,6,8,37,1,7,0.008918516337871552,0.0,26296.759765625
EleutherAI/pythia-70m,256,step256,70426624,6,8,37,2,0,0.003394014434888959,0.0,26296.759765625
EleutherAI/pythia-70m,256,step256,70426624,6,8,37,2,1,0.0030026077292859554,0.0,26296.759765625
EleutherAI/pythia-70m,256,step256,70426624,6,8,37,2,2,0.004916933365166187,0.0,26296.759765625
EleutherAI/pythia-70m,256,step256,70426624,6,8,37,2,3,0.002029391936957836,0.0,26296.759765625
EleutherAI/pythia-70m,256,step256,70426624,6,8,37,2,4,0.0005721503985114396,0.0,26296.759765625
EleutherAI/pythia-70m,256,step256,70426624,6,8,37,2,5,0.009010443463921547,0.0,26296.759765625
EleutherAI/pythia-70m,256,step256,70426624,6,8,37,2,6,0.011277711018919945,0.0,26296.759765625
EleutherAI/pythia-70m,256,step256,70426624,6,8,37,2,7,0.0042050923220813274,0.0,26296.759765625
EleutherAI/pythia-70m,256,step256,70426624,6,8,37,3,0,0.009901488199830055,0.0,26296.759765625
EleutherAI/pythia-70m,256,step256,70426624,6,8,37,3,1,0.011398420669138432,0.0,26296.759765625
EleutherAI/pythia-70m,256,step256,70426624,6,8,37,3,2,0.002074193675071001,0.0,26296.759765625
EleutherAI/pythia-70m,256,step256,70426624,6,8,37,3,3,0.007184999063611031,0.0,26296.759765625
EleutherAI/pythia-70m,256,step256,70426624,6,8,37,3,4,0.003621957264840603,0.0,26296.759765625
EleutherAI/pythia-70m,256,step256,70426624,6,8,37,3,5,0.01123002078384161,0.0,26296.759765625
EleutherAI/pythia-70m,256,step256,70426624,6,8,37,3,6,0.005089389160275459,0.0,26296.759765625
EleutherAI/pythia-70m,256,step256,70426624,6,8,37,3,7,0.005654145497828722,0.0,26296.759765625
EleutherAI/pythia-70m,256,step256,70426624,6,8,37,4,0,0.005265334155410528,0.0,26296.759765625
EleutherAI/pythia-70m,256,step256,70426624,6,8,37,4,1,0.010073545388877392,0.0,26296.759765625
EleutherAI/pythia-70m,256,step256,70426624,6,8,37,4,2,0.009849502705037594,0.0,26296.759765625
EleutherAI/pythia-70m,256,step256,70426624,6,8,37,4,3,0.013127491809427738,0.0,26296.759765625
EleutherAI/pythia-70m,256,step256,70426624,6,8,37,4,4,0.003580988384783268,0.0,26296.759765625
EleutherAI/pythia-70m,256,step256,70426624,6,8,37,4,5,0.004006164614111185,0.0,26296.759765625
EleutherAI/pythia-70m,256,step256,70426624,6,8,37,4,6,0.006094133947044611,0.0,26296.759765625
EleutherAI/pythia-70m,256,step256,70426624,6,8,37,4,7,0.011343108490109444,0.0,26296.759765625
EleutherAI/pythia-70m,256,step256,70426624,6,8,37,5,0,0.0039858161471784115,0.0,26296.759765625
EleutherAI/pythia-70m,256,step256,70426624,6,8,37,5,1,0.0034531590063124895,0.0,26296.759765625
EleutherAI/pythia-70m,256,step256,70426624,6,8,37,5,2,0.004842439200729132,0.0,26296.759765625
EleutherAI/pythia-70m,256,step256,70426624,6,8,37,5,3,0.0023164707235991955,0.0,26296.759765625
EleutherAI/pythia-70m,256,step256,70426624,6,8,37,5,4,0.002688511973246932,0.0,26296.759765625
EleutherAI/pythia-70m,256,step256,70426624,6,8,37,5,5,0.004002960864454508,0.0,26296.759765625
EleutherAI/pythia-70m,256,step256,70426624,6,8,37,5,6,0.010850937105715275,0.0,26296.759765625
EleutherAI/pythia-70m,256,step256,70426624,6,8,37,5,7,0.002040799940004945,0.0,26296.759765625
EleutherAI/pythia-70m,256,step256,70426624,6,8,38,0,0,0.014149618335068226,0.0,23807.880859375
EleutherAI/pythia-70m,256,step256,70426624,6,8,38,0,1,0.01457246020436287,0.0,23807.880859375
EleutherAI/pythia-70m,256,step256,70426624,6,8,38,0,2,0.013550598174333572,0.0,23807.880859375
EleutherAI/pythia-70m,256,step256,70426624,6,8,38,0,3,0.013205626979470253,0.0,23807.880859375
EleutherAI/pythia-70m,256,step256,70426624,6,8,38,0,4,0.014272397384047508,0.0,23807.880859375
EleutherAI/pythia-70m,256,step256,70426624,6,8,38,0,5,0.012913434766232967,0.0,23807.880859375
EleutherAI/pythia-70m,256,step256,70426624,6,8,38,0,6,0.01219876203685999,0.0,23807.880859375
EleutherAI/pythia-70m,256,step256,70426624,6,8,38,0,7,0.013960175216197968,0.0,23807.880859375
EleutherAI/pythia-70m,256,step256,70426624,6,8,38,1,0,0.01062307134270668,0.0,23807.880859375
EleutherAI/pythia-70m,256,step256,70426624,6,8,38,1,1,0.009195392951369286,0.0,23807.880859375
EleutherAI/pythia-70m,256,step256,70426624,6,8,38,1,2,0.006795110646635294,0.0,23807.880859375
EleutherAI/pythia-70m,256,step256,70426624,6,8,38,1,3,0.010727817192673683,0.0,23807.880859375
EleutherAI/pythia-70m,256,step256,70426624,6,8,38,1,4,0.013531962409615517,0.0,23807.880859375
EleutherAI/pythia-70m,256,step256,70426624,6,8,38,1,5,0.012536479160189629,0.0,23807.880859375
EleutherAI/pythia-70m,256,step256,70426624,6,8,38,1,6,0.01060750987380743,0.0,23807.880859375
EleutherAI/pythia-70m,256,step256,70426624,6,8,38,1,7,0.009373837150633335,0.0,23807.880859375
EleutherAI/pythia-70m,256,step256,70426624,6,8,38,2,0,0.0026311648543924093,0.0,23807.880859375
EleutherAI/pythia-70m,256,step256,70426624,6,8,38,2,1,0.0036996188573539257,0.0,23807.880859375
EleutherAI/pythia-70m,256,step256,70426624,6,8,38,2,2,0.0060647958889603615,0.0,23807.880859375
EleutherAI/pythia-70m,256,step256,70426624,6,8,38,2,3,0.004561529029160738,0.0,23807.880859375
EleutherAI/pythia-70m,256,step256,70426624,6,8,38,2,4,0.00113956059794873,0.0,23807.880859375
EleutherAI/pythia-70m,256,step256,70426624,6,8,38,2,5,0.007441282272338867,0.0,23807.880859375
EleutherAI/pythia-70m,256,step256,70426624,6,8,38,2,6,0.011911405250430107,0.0,23807.880859375
EleutherAI/pythia-70m,256,step256,70426624,6,8,38,2,7,0.005269674118608236,0.0,23807.880859375
EleutherAI/pythia-70m,256,step256,70426624,6,8,38,3,0,0.00974263995885849,0.0,23807.880859375
EleutherAI/pythia-70m,256,step256,70426624,6,8,38,3,1,0.014332042075693607,0.0,23807.880859375
EleutherAI/pythia-70m,256,step256,70426624,6,8,38,3,2,0.002710220403969288,0.0,23807.880859375
EleutherAI/pythia-70m,256,step256,70426624,6,8,38,3,3,0.00921035185456276,0.0,23807.880859375
EleutherAI/pythia-70m,256,step256,70426624,6,8,38,3,4,0.0047023845836520195,0.0,23807.880859375
EleutherAI/pythia-70m,256,step256,70426624,6,8,38,3,5,0.01147738192230463,0.0,23807.880859375
EleutherAI/pythia-70m,256,step256,70426624,6,8,38,3,6,0.005469335243105888,0.0,23807.880859375
EleutherAI/pythia-70m,256,step256,70426624,6,8,38,3,7,0.0067890058271586895,0.0,23807.880859375
EleutherAI/pythia-70m,256,step256,70426624,6,8,38,4,0,0.009321898221969604,0.0,23807.880859375
EleutherAI/pythia-70m,256,step256,70426624,6,8,38,4,1,0.011937260627746582,0.0,23807.880859375
EleutherAI/pythia-70m,256,step256,70426624,6,8,38,4,2,0.011754375882446766,0.0,23807.880859375
EleutherAI/pythia-70m,256,step256,70426624,6,8,38,4,3,0.009723305702209473,0.0,23807.880859375
EleutherAI/pythia-70m,256,step256,70426624,6,8,38,4,4,0.0037741689011454582,0.0,23807.880859375
EleutherAI/pythia-70m,256,step256,70426624,6,8,38,4,5,0.004318973980844021,0.0,23807.880859375
EleutherAI/pythia-70m,256,step256,70426624,6,8,38,4,6,0.006026817951351404,0.0,23807.880859375
EleutherAI/pythia-70m,256,step256,70426624,6,8,38,4,7,0.010765893384814262,0.0,23807.880859375
EleutherAI/pythia-70m,256,step256,70426624,6,8,38,5,0,0.00409048143774271,0.0,23807.880859375
EleutherAI/pythia-70m,256,step256,70426624,6,8,38,5,1,0.003525848500430584,0.0,23807.880859375
EleutherAI/pythia-70m,256,step256,70426624,6,8,38,5,2,0.006028348580002785,0.0,23807.880859375
EleutherAI/pythia-70m,256,step256,70426624,6,8,38,5,3,0.0019882572814822197,0.0,23807.880859375
EleutherAI/pythia-70m,256,step256,70426624,6,8,38,5,4,0.0022262881975620985,0.0,23807.880859375
EleutherAI/pythia-70m,256,step256,70426624,6,8,38,5,5,0.0034147449769079685,0.0,23807.880859375
EleutherAI/pythia-70m,256,step256,70426624,6,8,38,5,6,0.010209993459284306,0.0,23807.880859375
EleutherAI/pythia-70m,256,step256,70426624,6,8,38,5,7,0.0009701063390821218,0.0,23807.880859375
EleutherAI/pythia-70m,256,step256,70426624,6,8,39,0,0,0.01412500161677599,0.0,25887.220703125
EleutherAI/pythia-70m,256,step256,70426624,6,8,39,0,1,0.01503861416131258,0.0,25887.220703125
EleutherAI/pythia-70m,256,step256,70426624,6,8,39,0,2,0.013428197242319584,0.0,25887.220703125
EleutherAI/pythia-70m,256,step256,70426624,6,8,39,0,3,0.012721840292215347,0.0,25887.220703125
EleutherAI/pythia-70m,256,step256,70426624,6,8,39,0,4,0.013396015390753746,0.0,25887.220703125
EleutherAI/pythia-70m,256,step256,70426624,6,8,39,0,5,0.013652031309902668,0.0,25887.220703125
EleutherAI/pythia-70m,256,step256,70426624,6,8,39,0,6,0.013111135922372341,0.0,25887.220703125
EleutherAI/pythia-70m,256,step256,70426624,6,8,39,0,7,0.014237144030630589,0.0,25887.220703125
EleutherAI/pythia-70m,256,step256,70426624,6,8,39,1,0,0.011738693341612816,0.0,25887.220703125
EleutherAI/pythia-70m,256,step256,70426624,6,8,39,1,1,0.00929131917655468,0.0,25887.220703125
EleutherAI/pythia-70m,256,step256,70426624,6,8,39,1,2,0.007609236054122448,0.0,25887.220703125
EleutherAI/pythia-70m,256,step256,70426624,6,8,39,1,3,0.012375149875879288,0.0,25887.220703125
EleutherAI/pythia-70m,256,step256,70426624,6,8,39,1,4,0.011395156383514404,0.0,25887.220703125
EleutherAI/pythia-70m,256,step256,70426624,6,8,39,1,5,0.013224847614765167,0.0,25887.220703125
EleutherAI/pythia-70m,256,step256,70426624,6,8,39,1,6,0.01219529751688242,0.0,25887.220703125
EleutherAI/pythia-70m,256,step256,70426624,6,8,39,1,7,0.009954476729035378,0.0,25887.220703125
EleutherAI/pythia-70m,256,step256,70426624,6,8,39,2,0,0.002550997771322727,0.0,25887.220703125
EleutherAI/pythia-70m,256,step256,70426624,6,8,39,2,1,0.0021115452982485294,0.0,25887.220703125
EleutherAI/pythia-70m,256,step256,70426624,6,8,39,2,2,0.005977034568786621,0.0,25887.220703125
EleutherAI/pythia-70m,256,step256,70426624,6,8,39,2,3,0.0030453698709607124,0.0,25887.220703125
EleutherAI/pythia-70m,256,step256,70426624,6,8,39,2,4,0.0011441996321082115,0.0,25887.220703125
EleutherAI/pythia-70m,256,step256,70426624,6,8,39,2,5,0.008920514956116676,0.0,25887.220703125
EleutherAI/pythia-70m,256,step256,70426624,6,8,39,2,6,0.010566242970526218,0.0,25887.220703125
EleutherAI/pythia-70m,256,step256,70426624,6,8,39,2,7,0.005312748719006777,0.0,25887.220703125
EleutherAI/pythia-70m,256,step256,70426624,6,8,39,3,0,0.007896528579294682,0.0,25887.220703125
EleutherAI/pythia-70m,256,step256,70426624,6,8,39,3,1,0.009486626833677292,0.0,25887.220703125
EleutherAI/pythia-70m,256,step256,70426624,6,8,39,3,2,0.006377644371241331,0.0,25887.220703125
EleutherAI/pythia-70m,256,step256,70426624,6,8,39,3,3,0.006838945671916008,0.0,25887.220703125
EleutherAI/pythia-70m,256,step256,70426624,6,8,39,3,4,0.004135903436690569,0.0,25887.220703125
EleutherAI/pythia-70m,256,step256,70426624,6,8,39,3,5,0.015999360010027885,0.0,25887.220703125
EleutherAI/pythia-70m,256,step256,70426624,6,8,39,3,6,0.009343575686216354,0.0,25887.220703125
EleutherAI/pythia-70m,256,step256,70426624,6,8,39,3,7,0.005055950954556465,0.0,25887.220703125
EleutherAI/pythia-70m,256,step256,70426624,6,8,39,4,0,0.006686574313789606,0.0,25887.220703125
EleutherAI/pythia-70m,256,step256,70426624,6,8,39,4,1,0.013689701445400715,0.0,25887.220703125
EleutherAI/pythia-70m,256,step256,70426624,6,8,39,4,2,0.008001844398677349,0.0,25887.220703125
EleutherAI/pythia-70m,256,step256,70426624,6,8,39,4,3,0.010936648584902287,0.0,25887.220703125
EleutherAI/pythia-70m,256,step256,70426624,6,8,39,4,4,0.004181968048214912,0.0,25887.220703125
EleutherAI/pythia-70m,256,step256,70426624,6,8,39,4,5,0.004610160365700722,0.0,25887.220703125
EleutherAI/pythia-70m,256,step256,70426624,6,8,39,4,6,0.008141460828483105,0.0,25887.220703125
EleutherAI/pythia-70m,256,step256,70426624,6,8,39,4,7,0.01300286129117012,0.0,25887.220703125
EleutherAI/pythia-70m,256,step256,70426624,6,8,39,5,0,0.0036285966634750366,0.0,25887.220703125
EleutherAI/pythia-70m,256,step256,70426624,6,8,39,5,1,0.0037335169035941362,0.0,25887.220703125
EleutherAI/pythia-70m,256,step256,70426624,6,8,39,5,2,0.006459604483097792,0.0,25887.220703125
EleutherAI/pythia-70m,256,step256,70426624,6,8,39,5,3,0.0027333807665854692,0.0,25887.220703125
EleutherAI/pythia-70m,256,step256,70426624,6,8,39,5,4,0.0029982721898704767,0.0,25887.220703125
EleutherAI/pythia-70m,256,step256,70426624,6,8,39,5,5,0.004061641171574593,0.0,25887.220703125
EleutherAI/pythia-70m,256,step256,70426624,6,8,39,5,6,0.006691680755466223,0.0,25887.220703125
EleutherAI/pythia-70m,256,step256,70426624,6,8,39,5,7,0.0011540697887539864,0.0,25887.220703125
EleutherAI/pythia-70m,256,step256,70426624,6,8,40,0,0,0.014785362407565117,0.0,26979.720703125
EleutherAI/pythia-70m,256,step256,70426624,6,8,40,0,1,0.013655095361173153,0.0,26979.720703125
EleutherAI/pythia-70m,256,step256,70426624,6,8,40,0,2,0.01390064973384142,0.0,26979.720703125
EleutherAI/pythia-70m,256,step256,70426624,6,8,40,0,3,0.01426196563988924,0.0,26979.720703125
EleutherAI/pythia-70m,256,step256,70426624,6,8,40,0,4,0.013084364123642445,0.0,26979.720703125
EleutherAI/pythia-70m,256,step256,70426624,6,8,40,0,5,0.013848206028342247,0.0,26979.720703125
EleutherAI/pythia-70m,256,step256,70426624,6,8,40,0,6,0.011831067502498627,0.0,26979.720703125
EleutherAI/pythia-70m,256,step256,70426624,6,8,40,0,7,0.014626567251980305,0.0,26979.720703125
EleutherAI/pythia-70m,256,step256,70426624,6,8,40,1,0,0.01071932166814804,0.0,26979.720703125
EleutherAI/pythia-70m,256,step256,70426624,6,8,40,1,1,0.008491716347634792,0.0,26979.720703125
EleutherAI/pythia-70m,256,step256,70426624,6,8,40,1,2,0.00758048240095377,0.0,26979.720703125
EleutherAI/pythia-70m,256,step256,70426624,6,8,40,1,3,0.011456000618636608,0.0,26979.720703125
EleutherAI/pythia-70m,256,step256,70426624,6,8,40,1,4,0.01184030156582594,0.0,26979.720703125
EleutherAI/pythia-70m,256,step256,70426624,6,8,40,1,5,0.01284740213304758,0.0,26979.720703125
EleutherAI/pythia-70m,256,step256,70426624,6,8,40,1,6,0.008955273777246475,0.0,26979.720703125
EleutherAI/pythia-70m,256,step256,70426624,6,8,40,1,7,0.008417065255343914,0.0,26979.720703125
EleutherAI/pythia-70m,256,step256,70426624,6,8,40,2,0,0.0022180501837283373,0.0,26979.720703125
EleutherAI/pythia-70m,256,step256,70426624,6,8,40,2,1,0.0020077216904610395,0.0,26979.720703125
EleutherAI/pythia-70m,256,step256,70426624,6,8,40,2,2,0.005502411164343357,0.0,26979.720703125
EleutherAI/pythia-70m,256,step256,70426624,6,8,40,2,3,0.001821101177483797,0.0,26979.720703125
EleutherAI/pythia-70m,256,step256,70426624,6,8,40,2,4,0.00048355807666666806,0.0,26979.720703125
EleutherAI/pythia-70m,256,step256,70426624,6,8,40,2,5,0.008090049959719181,0.0,26979.720703125
EleutherAI/pythia-70m,256,step256,70426624,6,8,40,2,6,0.01192426960915327,0.0,26979.720703125
EleutherAI/pythia-70m,256,step256,70426624,6,8,40,2,7,0.0035461122170090675,0.0,26979.720703125
EleutherAI/pythia-70m,256,step256,70426624,6,8,40,3,0,0.01097263116389513,0.0,26979.720703125
EleutherAI/pythia-70m,256,step256,70426624,6,8,40,3,1,0.012555045075714588,0.0,26979.720703125
EleutherAI/pythia-70m,256,step256,70426624,6,8,40,3,2,0.0015120431780815125,0.0,26979.720703125
EleutherAI/pythia-70m,256,step256,70426624,6,8,40,3,3,0.006286066956818104,0.0,26979.720703125
EleutherAI/pythia-70m,256,step256,70426624,6,8,40,3,4,0.004427704960107803,0.0,26979.720703125
EleutherAI/pythia-70m,256,step256,70426624,6,8,40,3,5,0.010857735760509968,0.0,26979.720703125
EleutherAI/pythia-70m,256,step256,70426624,6,8,40,3,6,0.005426665768027306,0.0,26979.720703125
EleutherAI/pythia-70m,256,step256,70426624,6,8,40,3,7,0.006451910827308893,0.0,26979.720703125
EleutherAI/pythia-70m,256,step256,70426624,6,8,40,4,0,0.008128095418214798,0.0,26979.720703125
EleutherAI/pythia-70m,256,step256,70426624,6,8,40,4,1,0.01088550966233015,0.0,26979.720703125
EleutherAI/pythia-70m,256,step256,70426624,6,8,40,4,2,0.009443188086152077,0.0,26979.720703125
EleutherAI/pythia-70m,256,step256,70426624,6,8,40,4,3,0.01012694276869297,0.0,26979.720703125
EleutherAI/pythia-70m,256,step256,70426624,6,8,40,4,4,0.003509670728817582,0.0,26979.720703125
EleutherAI/pythia-70m,256,step256,70426624,6,8,40,4,5,0.0035681258887052536,0.0,26979.720703125
EleutherAI/pythia-70m,256,step256,70426624,6,8,40,4,6,0.008082964457571507,0.0,26979.720703125
EleutherAI/pythia-70m,256,step256,70426624,6,8,40,4,7,0.010871920734643936,0.0,26979.720703125
EleutherAI/pythia-70m,256,step256,70426624,6,8,40,5,0,0.0038257751148194075,0.0,26979.720703125
EleutherAI/pythia-70m,256,step256,70426624,6,8,40,5,1,0.0032819192856550217,0.0,26979.720703125
EleutherAI/pythia-70m,256,step256,70426624,6,8,40,5,2,0.005439534783363342,0.0,26979.720703125
EleutherAI/pythia-70m,256,step256,70426624,6,8,40,5,3,0.001663347240537405,0.0,26979.720703125
EleutherAI/pythia-70m,256,step256,70426624,6,8,40,5,4,0.0020224975887686014,0.0,26979.720703125
EleutherAI/pythia-70m,256,step256,70426624,6,8,40,5,5,0.004207324236631393,0.0,26979.720703125
EleutherAI/pythia-70m,256,step256,70426624,6,8,40,5,6,0.007103282958269119,0.0,26979.720703125
EleutherAI/pythia-70m,256,step256,70426624,6,8,40,5,7,0.0009024268947541714,0.0,26979.720703125
EleutherAI/pythia-70m,256,step256,70426624,6,8,41,0,0,0.013062749058008194,0.0,23910.439453125
EleutherAI/pythia-70m,256,step256,70426624,6,8,41,0,1,0.013595235534012318,0.0,23910.439453125
EleutherAI/pythia-70m,256,step256,70426624,6,8,41,0,2,0.014178402721881866,0.0,23910.439453125
EleutherAI/pythia-70m,256,step256,70426624,6,8,41,0,3,0.012966742739081383,0.0,23910.439453125
EleutherAI/pythia-70m,256,step256,70426624,6,8,41,0,4,0.012651631608605385,0.0,23910.439453125
EleutherAI/pythia-70m,256,step256,70426624,6,8,41,0,5,0.013484413735568523,0.0,23910.439453125
EleutherAI/pythia-70m,256,step256,70426624,6,8,41,0,6,0.014929192140698433,0.0,23910.439453125
EleutherAI/pythia-70m,256,step256,70426624,6,8,41,0,7,0.014076982624828815,0.0,23910.439453125
EleutherAI/pythia-70m,256,step256,70426624,6,8,41,1,0,0.013816854916512966,0.0,23910.439453125
EleutherAI/pythia-70m,256,step256,70426624,6,8,41,1,1,0.009884090162813663,0.0,23910.439453125
EleutherAI/pythia-70m,256,step256,70426624,6,8,41,1,2,0.0056408606469631195,0.0,23910.439453125
EleutherAI/pythia-70m,256,step256,70426624,6,8,41,1,3,0.011763820424675941,0.0,23910.439453125
EleutherAI/pythia-70m,256,step256,70426624,6,8,41,1,4,0.011755896732211113,0.0,23910.439453125
EleutherAI/pythia-70m,256,step256,70426624,6,8,41,1,5,0.011550490744411945,0.0,23910.439453125
EleutherAI/pythia-70m,256,step256,70426624,6,8,41,1,6,0.010910931043326855,0.0,23910.439453125
EleutherAI/pythia-70m,256,step256,70426624,6,8,41,1,7,0.010195292532444,0.0,23910.439453125
EleutherAI/pythia-70m,256,step256,70426624,6,8,41,2,0,0.002202182775363326,0.0,23910.439453125
EleutherAI/pythia-70m,256,step256,70426624,6,8,41,2,1,0.0025339191779494286,0.0,23910.439453125
EleutherAI/pythia-70m,256,step256,70426624,6,8,41,2,2,0.0054659550078213215,0.0,23910.439453125
EleutherAI/pythia-70m,256,step256,70426624,6,8,41,2,3,0.0037162802182137966,0.0,23910.439453125
EleutherAI/pythia-70m,256,step256,70426624,6,8,41,2,4,0.0010711849899962544,0.0,23910.439453125
EleutherAI/pythia-70m,256,step256,70426624,6,8,41,2,5,0.0109160877764225,0.0,23910.439453125
EleutherAI/pythia-70m,256,step256,70426624,6,8,41,2,6,0.009477980434894562,0.0,23910.439453125
EleutherAI/pythia-70m,256,step256,70426624,6,8,41,2,7,0.0038008634001016617,0.0,23910.439453125
EleutherAI/pythia-70m,256,step256,70426624,6,8,41,3,0,0.01093620527535677,0.0,23910.439453125
EleutherAI/pythia-70m,256,step256,70426624,6,8,41,3,1,0.014991031028330326,0.0,23910.439453125
EleutherAI/pythia-70m,256,step256,70426624,6,8,41,3,2,0.0031389398500323296,0.0,23910.439453125
EleutherAI/pythia-70m,256,step256,70426624,6,8,41,3,3,0.0066266427747905254,0.0,23910.439453125
EleutherAI/pythia-70m,256,step256,70426624,6,8,41,3,4,0.0035669885110110044,0.0,23910.439453125
EleutherAI/pythia-70m,256,step256,70426624,6,8,41,3,5,0.01153745036572218,0.0,23910.439453125
EleutherAI/pythia-70m,256,step256,70426624,6,8,41,3,6,0.006075324025005102,0.0,23910.439453125
EleutherAI/pythia-70m,256,step256,70426624,6,8,41,3,7,0.006057925056666136,0.0,23910.439453125
EleutherAI/pythia-70m,256,step256,70426624,6,8,41,4,0,0.00788878183811903,0.0,23910.439453125
EleutherAI/pythia-70m,256,step256,70426624,6,8,41,4,1,0.011313405819237232,0.0,23910.439453125
EleutherAI/pythia-70m,256,step256,70426624,6,8,41,4,2,0.008977187797427177,0.0,23910.439453125
EleutherAI/pythia-70m,256,step256,70426624,6,8,41,4,3,0.008633686229586601,0.0,23910.439453125
EleutherAI/pythia-70m,256,step256,70426624,6,8,41,4,4,0.00452319486066699,0.0,23910.439453125
EleutherAI/pythia-70m,256,step256,70426624,6,8,41,4,5,0.003080398542806506,0.0,23910.439453125
EleutherAI/pythia-70m,256,step256,70426624,6,8,41,4,6,0.008562060073018074,0.0,23910.439453125
EleutherAI/pythia-70m,256,step256,70426624,6,8,41,4,7,0.0063938177190721035,0.0,23910.439453125
EleutherAI/pythia-70m,256,step256,70426624,6,8,41,5,0,0.003384035313501954,0.0,23910.439453125
EleutherAI/pythia-70m,256,step256,70426624,6,8,41,5,1,0.003335033543407917,0.0,23910.439453125
EleutherAI/pythia-70m,256,step256,70426624,6,8,41,5,2,0.004330102354288101,0.0,23910.439453125
EleutherAI/pythia-70m,256,step256,70426624,6,8,41,5,3,0.002630682662129402,0.0,23910.439453125
EleutherAI/pythia-70m,256,step256,70426624,6,8,41,5,4,0.0020740244071930647,0.0,23910.439453125
EleutherAI/pythia-70m,256,step256,70426624,6,8,41,5,5,0.001884615165181458,0.0,23910.439453125
EleutherAI/pythia-70m,256,step256,70426624,6,8,41,5,6,0.0078115519136190414,0.0,23910.439453125
EleutherAI/pythia-70m,256,step256,70426624,6,8,41,5,7,0.0015731154708191752,0.0,23910.439453125
EleutherAI/pythia-70m,256,step256,70426624,6,8,42,0,0,0.013136987574398518,0.0,28439.880859375
EleutherAI/pythia-70m,256,step256,70426624,6,8,42,0,1,0.014336245134472847,0.0,28439.880859375
EleutherAI/pythia-70m,256,step256,70426624,6,8,42,0,2,0.012957078404724598,0.0,28439.880859375
EleutherAI/pythia-70m,256,step256,70426624,6,8,42,0,3,0.013374941423535347,0.0,28439.880859375
EleutherAI/pythia-70m,256,step256,70426624,6,8,42,0,4,0.012995779514312744,0.0,28439.880859375
EleutherAI/pythia-70m,256,step256,70426624,6,8,42,0,5,0.013877627439796925,0.0,28439.880859375
EleutherAI/pythia-70m,256,step256,70426624,6,8,42,0,6,0.014735959470272064,0.0,28439.880859375
EleutherAI/pythia-70m,256,step256,70426624,6,8,42,0,7,0.013306992128491402,0.0,28439.880859375
EleutherAI/pythia-70m,256,step256,70426624,6,8,42,1,0,0.01045010332018137,0.0,28439.880859375
EleutherAI/pythia-70m,256,step256,70426624,6,8,42,1,1,0.00914925616234541,0.0,28439.880859375
EleutherAI/pythia-70m,256,step256,70426624,6,8,42,1,2,0.007323280442506075,0.0,28439.880859375
EleutherAI/pythia-70m,256,step256,70426624,6,8,42,1,3,0.012557439506053925,0.0,28439.880859375
EleutherAI/pythia-70m,256,step256,70426624,6,8,42,1,4,0.011496655642986298,0.0,28439.880859375
EleutherAI/pythia-70m,256,step256,70426624,6,8,42,1,5,0.012326431460678577,0.0,28439.880859375
EleutherAI/pythia-70m,256,step256,70426624,6,8,42,1,6,0.009939610958099365,0.0,28439.880859375
EleutherAI/pythia-70m,256,step256,70426624,6,8,42,1,7,0.009392709471285343,0.0,28439.880859375
EleutherAI/pythia-70m,256,step256,70426624,6,8,42,2,0,0.002155858092010021,0.0,28439.880859375
EleutherAI/pythia-70m,256,step256,70426624,6,8,42,2,1,0.002994363661855459,0.0,28439.880859375
EleutherAI/pythia-70m,256,step256,70426624,6,8,42,2,2,0.006725592073053122,0.0,28439.880859375
EleutherAI/pythia-70m,256,step256,70426624,6,8,42,2,3,0.004292667843401432,0.0,28439.880859375
EleutherAI/pythia-70m,256,step256,70426624,6,8,42,2,4,0.0014917317312210798,0.0,28439.880859375
EleutherAI/pythia-70m,256,step256,70426624,6,8,42,2,5,0.008848629891872406,0.0,28439.880859375
EleutherAI/pythia-70m,256,step256,70426624,6,8,42,2,6,0.012197725474834442,0.0,28439.880859375
EleutherAI/pythia-70m,256,step256,70426624,6,8,42,2,7,0.0055902558378875256,0.0,28439.880859375
EleutherAI/pythia-70m,256,step256,70426624,6,8,42,3,0,0.01161145232617855,0.0,28439.880859375
EleutherAI/pythia-70m,256,step256,70426624,6,8,42,3,1,0.010071132332086563,0.0,28439.880859375
EleutherAI/pythia-70m,256,step256,70426624,6,8,42,3,2,0.004771266598254442,0.0,28439.880859375
EleutherAI/pythia-70m,256,step256,70426624,6,8,42,3,3,0.011091486550867558,0.0,28439.880859375
EleutherAI/pythia-70m,256,step256,70426624,6,8,42,3,4,0.00465596467256546,0.0,28439.880859375
EleutherAI/pythia-70m,256,step256,70426624,6,8,42,3,5,0.012705729342997074,0.0,28439.880859375
EleutherAI/pythia-70m,256,step256,70426624,6,8,42,3,6,0.008875430561602116,0.0,28439.880859375
EleutherAI/pythia-70m,256,step256,70426624,6,8,42,3,7,0.005554636940360069,0.0,28439.880859375
EleutherAI/pythia-70m,256,step256,70426624,6,8,42,4,0,0.011126045137643814,0.0,28439.880859375
EleutherAI/pythia-70m,256,step256,70426624,6,8,42,4,1,0.012303964234888554,0.0,28439.880859375
EleutherAI/pythia-70m,256,step256,70426624,6,8,42,4,2,0.010415084660053253,0.0,28439.880859375
EleutherAI/pythia-70m,256,step256,70426624,6,8,42,4,3,0.011998440138995647,0.0,28439.880859375
EleutherAI/pythia-70m,256,step256,70426624,6,8,42,4,4,0.007550364825874567,0.0,28439.880859375
EleutherAI/pythia-70m,256,step256,70426624,6,8,42,4,5,0.009519761428236961,0.0,28439.880859375
EleutherAI/pythia-70m,256,step256,70426624,6,8,42,4,6,0.008206742815673351,0.0,28439.880859375
EleutherAI/pythia-70m,256,step256,70426624,6,8,42,4,7,0.009294746443629265,0.0,28439.880859375
EleutherAI/pythia-70m,256,step256,70426624,6,8,42,5,0,0.003948953468352556,0.0,28439.880859375
EleutherAI/pythia-70m,256,step256,70426624,6,8,42,5,1,0.005650503560900688,0.0,28439.880859375
EleutherAI/pythia-70m,256,step256,70426624,6,8,42,5,2,0.0058829523622989655,0.0,28439.880859375
EleutherAI/pythia-70m,256,step256,70426624,6,8,42,5,3,0.0044762371107935905,0.0,28439.880859375
EleutherAI/pythia-70m,256,step256,70426624,6,8,42,5,4,0.0018112591933459044,0.0,28439.880859375
EleutherAI/pythia-70m,256,step256,70426624,6,8,42,5,5,0.004097915720194578,0.0,28439.880859375
EleutherAI/pythia-70m,256,step256,70426624,6,8,42,5,6,0.007932297885417938,0.0,28439.880859375
EleutherAI/pythia-70m,256,step256,70426624,6,8,42,5,7,0.0020697235595434904,0.0,28439.880859375
EleutherAI/pythia-70m,256,step256,70426624,6,8,43,0,0,0.014173612929880619,0.0,26673.69921875
EleutherAI/pythia-70m,256,step256,70426624,6,8,43,0,1,0.014920216053724289,0.0,26673.69921875
EleutherAI/pythia-70m,256,step256,70426624,6,8,43,0,2,0.012297608889639378,0.0,26673.69921875
EleutherAI/pythia-70m,256,step256,70426624,6,8,43,0,3,0.014405589550733566,0.0,26673.69921875
EleutherAI/pythia-70m,256,step256,70426624,6,8,43,0,4,0.01330492738634348,0.0,26673.69921875
EleutherAI/pythia-70m,256,step256,70426624,6,8,43,0,5,0.013873045332729816,0.0,26673.69921875
EleutherAI/pythia-70m,256,step256,70426624,6,8,43,0,6,0.014851369895040989,0.0,26673.69921875
EleutherAI/pythia-70m,256,step256,70426624,6,8,43,0,7,0.012829606421291828,0.0,26673.69921875
EleutherAI/pythia-70m,256,step256,70426624,6,8,43,1,0,0.011597425676882267,0.0,26673.69921875
EleutherAI/pythia-70m,256,step256,70426624,6,8,43,1,1,0.008509945124387741,0.0,26673.69921875
EleutherAI/pythia-70m,256,step256,70426624,6,8,43,1,2,0.006739914417266846,0.0,26673.69921875
EleutherAI/pythia-70m,256,step256,70426624,6,8,43,1,3,0.011669001542031765,0.0,26673.69921875
EleutherAI/pythia-70m,256,step256,70426624,6,8,43,1,4,0.011873403564095497,0.0,26673.69921875
EleutherAI/pythia-70m,256,step256,70426624,6,8,43,1,5,0.011164121329784393,0.0,26673.69921875
EleutherAI/pythia-70m,256,step256,70426624,6,8,43,1,6,0.008479135110974312,0.0,26673.69921875
EleutherAI/pythia-70m,256,step256,70426624,6,8,43,1,7,0.009388286620378494,0.0,26673.69921875
EleutherAI/pythia-70m,256,step256,70426624,6,8,43,2,0,0.002069406909868121,0.0,26673.69921875
EleutherAI/pythia-70m,256,step256,70426624,6,8,43,2,1,0.004090724512934685,0.0,26673.69921875
EleutherAI/pythia-70m,256,step256,70426624,6,8,43,2,2,0.0035130446776747704,0.0,26673.69921875
EleutherAI/pythia-70m,256,step256,70426624,6,8,43,2,3,0.005383938085287809,0.0,26673.69921875
EleutherAI/pythia-70m,256,step256,70426624,6,8,43,2,4,0.0009542198968119919,0.0,26673.69921875
EleutherAI/pythia-70m,256,step256,70426624,6,8,43,2,5,0.0072247982025146484,0.0,26673.69921875
EleutherAI/pythia-70m,256,step256,70426624,6,8,43,2,6,0.009841244667768478,0.0,26673.69921875
EleutherAI/pythia-70m,256,step256,70426624,6,8,43,2,7,0.0034684103447943926,0.0,26673.69921875
EleutherAI/pythia-70m,256,step256,70426624,6,8,43,3,0,0.008118553087115288,0.0,26673.69921875
EleutherAI/pythia-70m,256,step256,70426624,6,8,43,3,1,0.013977852649986744,0.0,26673.69921875
EleutherAI/pythia-70m,256,step256,70426624,6,8,43,3,2,0.0019843431655317545,0.0,26673.69921875
EleutherAI/pythia-70m,256,step256,70426624,6,8,43,3,3,0.006329703144729137,0.0,26673.69921875
EleutherAI/pythia-70m,256,step256,70426624,6,8,43,3,4,0.002729055006057024,0.0,26673.69921875
EleutherAI/pythia-70m,256,step256,70426624,6,8,43,3,5,0.008771299384534359,0.0,26673.69921875
EleutherAI/pythia-70m,256,step256,70426624,6,8,43,3,6,0.005553988739848137,0.0,26673.69921875
EleutherAI/pythia-70m,256,step256,70426624,6,8,43,3,7,0.005287166219204664,0.0,26673.69921875
EleutherAI/pythia-70m,256,step256,70426624,6,8,43,4,0,0.01040992047637701,0.0,26673.69921875
EleutherAI/pythia-70m,256,step256,70426624,6,8,43,4,1,0.009943200275301933,0.0,26673.69921875
EleutherAI/pythia-70m,256,step256,70426624,6,8,43,4,2,0.011763232760131359,0.0,26673.69921875
EleutherAI/pythia-70m,256,step256,70426624,6,8,43,4,3,0.008590086363255978,0.0,26673.69921875
EleutherAI/pythia-70m,256,step256,70426624,6,8,43,4,4,0.0035906487610191107,0.0,26673.69921875
EleutherAI/pythia-70m,256,step256,70426624,6,8,43,4,5,0.0035578105598688126,0.0,26673.69921875
EleutherAI/pythia-70m,256,step256,70426624,6,8,43,4,6,0.007335299160331488,0.0,26673.69921875
EleutherAI/pythia-70m,256,step256,70426624,6,8,43,4,7,0.009321720339357853,0.0,26673.69921875
EleutherAI/pythia-70m,256,step256,70426624,6,8,43,5,0,0.0033597222063690424,0.0,26673.69921875
EleutherAI/pythia-70m,256,step256,70426624,6,8,43,5,1,0.004357161466032267,0.0,26673.69921875
EleutherAI/pythia-70m,256,step256,70426624,6,8,43,5,2,0.004662573337554932,0.0,26673.69921875
EleutherAI/pythia-70m,256,step256,70426624,6,8,43,5,3,0.001728646457195282,0.0,26673.69921875
EleutherAI/pythia-70m,256,step256,70426624,6,8,43,5,4,0.0015914305113255978,0.0,26673.69921875
EleutherAI/pythia-70m,256,step256,70426624,6,8,43,5,5,0.002710005035623908,0.0,26673.69921875
EleutherAI/pythia-70m,256,step256,70426624,6,8,43,5,6,0.009643465280532837,0.0,26673.69921875
EleutherAI/pythia-70m,256,step256,70426624,6,8,43,5,7,0.0009708746802061796,0.0,26673.69921875
EleutherAI/pythia-70m,256,step256,70426624,6,8,44,0,0,0.015630144625902176,0.0,26533.119140625
EleutherAI/pythia-70m,256,step256,70426624,6,8,44,0,1,0.013703291304409504,0.0,26533.119140625
EleutherAI/pythia-70m,256,step256,70426624,6,8,44,0,2,0.012045752257108688,0.0,26533.119140625
EleutherAI/pythia-70m,256,step256,70426624,6,8,44,0,3,0.013955979607999325,0.0,26533.119140625
EleutherAI/pythia-70m,256,step256,70426624,6,8,44,0,4,0.013363531790673733,0.0,26533.119140625
EleutherAI/pythia-70m,256,step256,70426624,6,8,44,0,5,0.015516090206801891,0.0,26533.119140625
EleutherAI/pythia-70m,256,step256,70426624,6,8,44,0,6,0.01563059724867344,0.0,26533.119140625
EleutherAI/pythia-70m,256,step256,70426624,6,8,44,0,7,0.014302868396043777,0.0,26533.119140625
EleutherAI/pythia-70m,256,step256,70426624,6,8,44,1,0,0.01055318582803011,0.0,26533.119140625
EleutherAI/pythia-70m,256,step256,70426624,6,8,44,1,1,0.010480217635631561,0.0,26533.119140625
EleutherAI/pythia-70m,256,step256,70426624,6,8,44,1,2,0.00848291628062725,0.0,26533.119140625
EleutherAI/pythia-70m,256,step256,70426624,6,8,44,1,3,0.010461535304784775,0.0,26533.119140625
EleutherAI/pythia-70m,256,step256,70426624,6,8,44,1,4,0.01175745204091072,0.0,26533.119140625
EleutherAI/pythia-70m,256,step256,70426624,6,8,44,1,5,0.012615866959095001,0.0,26533.119140625
EleutherAI/pythia-70m,256,step256,70426624,6,8,44,1,6,0.01129052322357893,0.0,26533.119140625
EleutherAI/pythia-70m,256,step256,70426624,6,8,44,1,7,0.010959268547594547,0.0,26533.119140625
EleutherAI/pythia-70m,256,step256,70426624,6,8,44,2,0,0.004719888791441917,0.0,26533.119140625
EleutherAI/pythia-70m,256,step256,70426624,6,8,44,2,1,0.0029703944455832243,0.0,26533.119140625
EleutherAI/pythia-70m,256,step256,70426624,6,8,44,2,2,0.005343607626855373,0.0,26533.119140625
EleutherAI/pythia-70m,256,step256,70426624,6,8,44,2,3,0.0040148841217160225,0.0,26533.119140625
EleutherAI/pythia-70m,256,step256,70426624,6,8,44,2,4,0.0020062606781721115,0.0,26533.119140625
EleutherAI/pythia-70m,256,step256,70426624,6,8,44,2,5,0.008308198302984238,0.0,26533.119140625
EleutherAI/pythia-70m,256,step256,70426624,6,8,44,2,6,0.010922419838607311,0.0,26533.119140625
EleutherAI/pythia-70m,256,step256,70426624,6,8,44,2,7,0.006573462393134832,0.0,26533.119140625
EleutherAI/pythia-70m,256,step256,70426624,6,8,44,3,0,0.010281779803335667,0.0,26533.119140625
EleutherAI/pythia-70m,256,step256,70426624,6,8,44,3,1,0.013431353494524956,0.0,26533.119140625
EleutherAI/pythia-70m,256,step256,70426624,6,8,44,3,2,0.0036316197365522385,0.0,26533.119140625
EleutherAI/pythia-70m,256,step256,70426624,6,8,44,3,3,0.00842782761901617,0.0,26533.119140625
EleutherAI/pythia-70m,256,step256,70426624,6,8,44,3,4,0.004524267744272947,0.0,26533.119140625
EleutherAI/pythia-70m,256,step256,70426624,6,8,44,3,5,0.014045105315744877,0.0,26533.119140625
EleutherAI/pythia-70m,256,step256,70426624,6,8,44,3,6,0.00717878108844161,0.0,26533.119140625
EleutherAI/pythia-70m,256,step256,70426624,6,8,44,3,7,0.007601224351674318,0.0,26533.119140625
EleutherAI/pythia-70m,256,step256,70426624,6,8,44,4,0,0.009615511633455753,0.0,26533.119140625
EleutherAI/pythia-70m,256,step256,70426624,6,8,44,4,1,0.010822098702192307,0.0,26533.119140625
EleutherAI/pythia-70m,256,step256,70426624,6,8,44,4,2,0.01249714381992817,0.0,26533.119140625
EleutherAI/pythia-70m,256,step256,70426624,6,8,44,4,3,0.010587645694613457,0.0,26533.119140625
EleutherAI/pythia-70m,256,step256,70426624,6,8,44,4,4,0.008807670325040817,0.0,26533.119140625
EleutherAI/pythia-70m,256,step256,70426624,6,8,44,4,5,0.006906508933752775,0.0,26533.119140625
EleutherAI/pythia-70m,256,step256,70426624,6,8,44,4,6,0.01021281722933054,0.0,26533.119140625
EleutherAI/pythia-70m,256,step256,70426624,6,8,44,4,7,0.00925666093826294,0.0,26533.119140625
EleutherAI/pythia-70m,256,step256,70426624,6,8,44,5,0,0.005896776914596558,0.0,26533.119140625
EleutherAI/pythia-70m,256,step256,70426624,6,8,44,5,1,0.005564861465245485,0.0,26533.119140625
EleutherAI/pythia-70m,256,step256,70426624,6,8,44,5,2,0.006592657417058945,0.0,26533.119140625
EleutherAI/pythia-70m,256,step256,70426624,6,8,44,5,3,0.003984131384640932,0.0,26533.119140625
EleutherAI/pythia-70m,256,step256,70426624,6,8,44,5,4,0.003696833038702607,0.0,26533.119140625
EleutherAI/pythia-70m,256,step256,70426624,6,8,44,5,5,0.005001697689294815,0.0,26533.119140625
EleutherAI/pythia-70m,256,step256,70426624,6,8,44,5,6,0.010958570055663586,0.0,26533.119140625
EleutherAI/pythia-70m,256,step256,70426624,6,8,44,5,7,0.0026004204992204905,0.0,26533.119140625
EleutherAI/pythia-70m,256,step256,70426624,6,8,45,0,0,0.015305199660360813,0.0,22292.3203125
EleutherAI/pythia-70m,256,step256,70426624,6,8,45,0,1,0.014838730916380882,0.0,22292.3203125
EleutherAI/pythia-70m,256,step256,70426624,6,8,45,0,2,0.013791040517389774,0.0,22292.3203125
EleutherAI/pythia-70m,256,step256,70426624,6,8,45,0,3,0.014238560572266579,0.0,22292.3203125
EleutherAI/pythia-70m,256,step256,70426624,6,8,45,0,4,0.013880031183362007,0.0,22292.3203125
EleutherAI/pythia-70m,256,step256,70426624,6,8,45,0,5,0.014049449004232883,0.0,22292.3203125
EleutherAI/pythia-70m,256,step256,70426624,6,8,45,0,6,0.013993863016366959,0.0,22292.3203125
EleutherAI/pythia-70m,256,step256,70426624,6,8,45,0,7,0.012874837033450603,0.0,22292.3203125
EleutherAI/pythia-70m,256,step256,70426624,6,8,45,1,0,0.00976619590073824,0.0,22292.3203125
EleutherAI/pythia-70m,256,step256,70426624,6,8,45,1,1,0.009077811613678932,0.0,22292.3203125
EleutherAI/pythia-70m,256,step256,70426624,6,8,45,1,2,0.006185408681631088,0.0,22292.3203125
EleutherAI/pythia-70m,256,step256,70426624,6,8,45,1,3,0.012012557126581669,0.0,22292.3203125
EleutherAI/pythia-70m,256,step256,70426624,6,8,45,1,4,0.011560563929378986,0.0,22292.3203125
EleutherAI/pythia-70m,256,step256,70426624,6,8,45,1,5,0.010260116308927536,0.0,22292.3203125
EleutherAI/pythia-70m,256,step256,70426624,6,8,45,1,6,0.010467593558132648,0.0,22292.3203125
EleutherAI/pythia-70m,256,step256,70426624,6,8,45,1,7,0.010259861126542091,0.0,22292.3203125
EleutherAI/pythia-70m,256,step256,70426624,6,8,45,2,0,0.0020321423653513193,0.0,22292.3203125
EleutherAI/pythia-70m,256,step256,70426624,6,8,45,2,1,0.0034475005231797695,0.0,22292.3203125
EleutherAI/pythia-70m,256,step256,70426624,6,8,45,2,2,0.006494751200079918,0.0,22292.3203125
EleutherAI/pythia-70m,256,step256,70426624,6,8,45,2,3,0.003283426398411393,0.0,22292.3203125
EleutherAI/pythia-70m,256,step256,70426624,6,8,45,2,4,0.0008428811561316252,0.0,22292.3203125
EleutherAI/pythia-70m,256,step256,70426624,6,8,45,2,5,0.007919248193502426,0.0,22292.3203125
EleutherAI/pythia-70m,256,step256,70426624,6,8,45,2,6,0.013759765774011612,0.0,22292.3203125
EleutherAI/pythia-70m,256,step256,70426624,6,8,45,2,7,0.0036194189451634884,0.0,22292.3203125
EleutherAI/pythia-70m,256,step256,70426624,6,8,45,3,0,0.01374915149062872,0.0,22292.3203125
EleutherAI/pythia-70m,256,step256,70426624,6,8,45,3,1,0.01284041441977024,0.0,22292.3203125
EleutherAI/pythia-70m,256,step256,70426624,6,8,45,3,2,0.005349303595721722,0.0,22292.3203125
EleutherAI/pythia-70m,256,step256,70426624,6,8,45,3,3,0.00637444481253624,0.0,22292.3203125
EleutherAI/pythia-70m,256,step256,70426624,6,8,45,3,4,0.0038618736434727907,0.0,22292.3203125
EleutherAI/pythia-70m,256,step256,70426624,6,8,45,3,5,0.012529131025075912,0.0,22292.3203125
EleutherAI/pythia-70m,256,step256,70426624,6,8,45,3,6,0.0052117169834673405,0.0,22292.3203125
EleutherAI/pythia-70m,256,step256,70426624,6,8,45,3,7,0.004257132299244404,0.0,22292.3203125
EleutherAI/pythia-70m,256,step256,70426624,6,8,45,4,0,0.008677377365529537,0.0,22292.3203125
EleutherAI/pythia-70m,256,step256,70426624,6,8,45,4,1,0.009588796645402908,0.0,22292.3203125
EleutherAI/pythia-70m,256,step256,70426624,6,8,45,4,2,0.013075091876089573,0.0,22292.3203125
EleutherAI/pythia-70m,256,step256,70426624,6,8,45,4,3,0.011660699732601643,0.0,22292.3203125
EleutherAI/pythia-70m,256,step256,70426624,6,8,45,4,4,0.004256723448634148,0.0,22292.3203125
EleutherAI/pythia-70m,256,step256,70426624,6,8,45,4,5,0.004458037670701742,0.0,22292.3203125
EleutherAI/pythia-70m,256,step256,70426624,6,8,45,4,6,0.009113366715610027,0.0,22292.3203125
EleutherAI/pythia-70m,256,step256,70426624,6,8,45,4,7,0.008859649300575256,0.0,22292.3203125
EleutherAI/pythia-70m,256,step256,70426624,6,8,45,5,0,0.002428167499601841,0.0,22292.3203125
EleutherAI/pythia-70m,256,step256,70426624,6,8,45,5,1,0.003121362067759037,0.0,22292.3203125
EleutherAI/pythia-70m,256,step256,70426624,6,8,45,5,2,0.00635755667462945,0.0,22292.3203125
EleutherAI/pythia-70m,256,step256,70426624,6,8,45,5,3,0.001783384708687663,0.0,22292.3203125
EleutherAI/pythia-70m,256,step256,70426624,6,8,45,5,4,0.0019364225445315242,0.0,22292.3203125
EleutherAI/pythia-70m,256,step256,70426624,6,8,45,5,5,0.0035973023623228073,0.0,22292.3203125
EleutherAI/pythia-70m,256,step256,70426624,6,8,45,5,6,0.007218338083475828,0.0,22292.3203125
EleutherAI/pythia-70m,256,step256,70426624,6,8,45,5,7,0.0013055336894467473,0.0,22292.3203125
EleutherAI/pythia-70m,256,step256,70426624,6,8,46,0,0,0.013755057007074356,0.0,24402.640625
EleutherAI/pythia-70m,256,step256,70426624,6,8,46,0,1,0.014130203984677792,0.0,24402.640625
EleutherAI/pythia-70m,256,step256,70426624,6,8,46,0,2,0.01264290139079094,0.0,24402.640625
EleutherAI/pythia-70m,256,step256,70426624,6,8,46,0,3,0.012850062921643257,0.0,24402.640625
EleutherAI/pythia-70m,256,step256,70426624,6,8,46,0,4,0.01448054052889347,0.0,24402.640625
EleutherAI/pythia-70m,256,step256,70426624,6,8,46,0,5,0.014196987263858318,0.0,24402.640625
EleutherAI/pythia-70m,256,step256,70426624,6,8,46,0,6,0.013640973716974258,0.0,24402.640625
EleutherAI/pythia-70m,256,step256,70426624,6,8,46,0,7,0.015361746773123741,0.0,24402.640625
EleutherAI/pythia-70m,256,step256,70426624,6,8,46,1,0,0.008878366090357304,0.0,24402.640625
EleutherAI/pythia-70m,256,step256,70426624,6,8,46,1,1,0.009406807832419872,0.0,24402.640625
EleutherAI/pythia-70m,256,step256,70426624,6,8,46,1,2,0.00815674103796482,0.0,24402.640625
EleutherAI/pythia-70m,256,step256,70426624,6,8,46,1,3,0.009172579273581505,0.0,24402.640625
EleutherAI/pythia-70m,256,step256,70426624,6,8,46,1,4,0.011868727393448353,0.0,24402.640625
EleutherAI/pythia-70m,256,step256,70426624,6,8,46,1,5,0.011111926287412643,0.0,24402.640625
EleutherAI/pythia-70m,256,step256,70426624,6,8,46,1,6,0.009348398074507713,0.0,24402.640625
EleutherAI/pythia-70m,256,step256,70426624,6,8,46,1,7,0.00998941995203495,0.0,24402.640625
EleutherAI/pythia-70m,256,step256,70426624,6,8,46,2,0,0.003566931001842022,0.0,24402.640625
EleutherAI/pythia-70m,256,step256,70426624,6,8,46,2,1,0.0022938281763345003,0.0,24402.640625
EleutherAI/pythia-70m,256,step256,70426624,6,8,46,2,2,0.00561352726072073,0.0,24402.640625
EleutherAI/pythia-70m,256,step256,70426624,6,8,46,2,3,0.003105852520093322,0.0,24402.640625
EleutherAI/pythia-70m,256,step256,70426624,6,8,46,2,4,0.0009980308823287487,0.0,24402.640625
EleutherAI/pythia-70m,256,step256,70426624,6,8,46,2,5,0.00854601338505745,0.0,24402.640625
EleutherAI/pythia-70m,256,step256,70426624,6,8,46,2,6,0.010600097477436066,0.0,24402.640625
EleutherAI/pythia-70m,256,step256,70426624,6,8,46,2,7,0.005216664168983698,0.0,24402.640625
EleutherAI/pythia-70m,256,step256,70426624,6,8,46,3,0,0.008381253108382225,0.0,24402.640625
EleutherAI/pythia-70m,256,step256,70426624,6,8,46,3,1,0.013126987032592297,0.0,24402.640625
EleutherAI/pythia-70m,256,step256,70426624,6,8,46,3,2,0.0018024975433945656,0.0,24402.640625
EleutherAI/pythia-70m,256,step256,70426624,6,8,46,3,3,0.007551463786512613,0.0,24402.640625
EleutherAI/pythia-70m,256,step256,70426624,6,8,46,3,4,0.004047831520438194,0.0,24402.640625
EleutherAI/pythia-70m,256,step256,70426624,6,8,46,3,5,0.01304129883646965,0.0,24402.640625
EleutherAI/pythia-70m,256,step256,70426624,6,8,46,3,6,0.005275879520922899,0.0,24402.640625
EleutherAI/pythia-70m,256,step256,70426624,6,8,46,3,7,0.0056241839192807674,0.0,24402.640625
EleutherAI/pythia-70m,256,step256,70426624,6,8,46,4,0,0.010851304978132248,0.0,24402.640625
EleutherAI/pythia-70m,256,step256,70426624,6,8,46,4,1,0.011048524640500546,0.0,24402.640625
EleutherAI/pythia-70m,256,step256,70426624,6,8,46,4,2,0.012571842409670353,0.0,24402.640625
EleutherAI/pythia-70m,256,step256,70426624,6,8,46,4,3,0.008392282761633396,0.0,24402.640625
EleutherAI/pythia-70m,256,step256,70426624,6,8,46,4,4,0.0027634501457214355,0.0,24402.640625
EleutherAI/pythia-70m,256,step256,70426624,6,8,46,4,5,0.0037299140822142363,0.0,24402.640625
EleutherAI/pythia-70m,256,step256,70426624,6,8,46,4,6,0.004939021542668343,0.0,24402.640625
EleutherAI/pythia-70m,256,step256,70426624,6,8,46,4,7,0.011771699413657188,0.0,24402.640625
EleutherAI/pythia-70m,256,step256,70426624,6,8,46,5,0,0.004605209920555353,0.0,24402.640625
EleutherAI/pythia-70m,256,step256,70426624,6,8,46,5,1,0.0036031296476721764,0.0,24402.640625
EleutherAI/pythia-70m,256,step256,70426624,6,8,46,5,2,0.005167561117559671,0.0,24402.640625
EleutherAI/pythia-70m,256,step256,70426624,6,8,46,5,3,0.0023507976438850164,0.0,24402.640625
EleutherAI/pythia-70m,256,step256,70426624,6,8,46,5,4,0.0020414001774042845,0.0,24402.640625
EleutherAI/pythia-70m,256,step256,70426624,6,8,46,5,5,0.002818990033119917,0.0,24402.640625
EleutherAI/pythia-70m,256,step256,70426624,6,8,46,5,6,0.010475346818566322,0.0,24402.640625
EleutherAI/pythia-70m,256,step256,70426624,6,8,46,5,7,0.0013256431557238102,0.0,24402.640625
EleutherAI/pythia-70m,256,step256,70426624,6,8,47,0,0,0.01208366360515356,0.0,27244.240234375
EleutherAI/pythia-70m,256,step256,70426624,6,8,47,0,1,0.012641503475606441,0.0,27244.240234375
EleutherAI/pythia-70m,256,step256,70426624,6,8,47,0,2,0.014227021485567093,0.0,27244.240234375
EleutherAI/pythia-70m,256,step256,70426624,6,8,47,0,3,0.014745252206921577,0.0,27244.240234375
EleutherAI/pythia-70m,256,step256,70426624,6,8,47,0,4,0.013858864083886147,0.0,27244.240234375
EleutherAI/pythia-70m,256,step256,70426624,6,8,47,0,5,0.012649659998714924,0.0,27244.240234375
EleutherAI/pythia-70m,256,step256,70426624,6,8,47,0,6,0.013515125960111618,0.0,27244.240234375
EleutherAI/pythia-70m,256,step256,70426624,6,8,47,0,7,0.011681574396789074,0.0,27244.240234375
EleutherAI/pythia-70m,256,step256,70426624,6,8,47,1,0,0.012019817717373371,0.0,27244.240234375
EleutherAI/pythia-70m,256,step256,70426624,6,8,47,1,1,0.00958331860601902,0.0,27244.240234375
EleutherAI/pythia-70m,256,step256,70426624,6,8,47,1,2,0.0058450521901249886,0.0,27244.240234375
EleutherAI/pythia-70m,256,step256,70426624,6,8,47,1,3,0.011376743204891682,0.0,27244.240234375
EleutherAI/pythia-70m,256,step256,70426624,6,8,47,1,4,0.010322162881493568,0.0,27244.240234375
EleutherAI/pythia-70m,256,step256,70426624,6,8,47,1,5,0.013216394931077957,0.0,27244.240234375
EleutherAI/pythia-70m,256,step256,70426624,6,8,47,1,6,0.010059275664389133,0.0,27244.240234375
EleutherAI/pythia-70m,256,step256,70426624,6,8,47,1,7,0.007926907390356064,0.0,27244.240234375
EleutherAI/pythia-70m,256,step256,70426624,6,8,47,2,0,0.003465605666860938,0.0,27244.240234375
EleutherAI/pythia-70m,256,step256,70426624,6,8,47,2,1,0.002590493531897664,0.0,27244.240234375
EleutherAI/pythia-70m,256,step256,70426624,6,8,47,2,2,0.005270203575491905,0.0,27244.240234375
EleutherAI/pythia-70m,256,step256,70426624,6,8,47,2,3,0.0024506966583430767,0.0,27244.240234375
EleutherAI/pythia-70m,256,step256,70426624,6,8,47,2,4,0.0014892402105033398,0.0,27244.240234375
EleutherAI/pythia-70m,256,step256,70426624,6,8,47,2,5,0.007553163915872574,0.0,27244.240234375
EleutherAI/pythia-70m,256,step256,70426624,6,8,47,2,6,0.010650933720171452,0.0,27244.240234375
EleutherAI/pythia-70m,256,step256,70426624,6,8,47,2,7,0.007136127911508083,0.0,27244.240234375
EleutherAI/pythia-70m,256,step256,70426624,6,8,47,3,0,0.009798862971365452,0.0,27244.240234375
EleutherAI/pythia-70m,256,step256,70426624,6,8,47,3,1,0.010176900774240494,0.0,27244.240234375
EleutherAI/pythia-70m,256,step256,70426624,6,8,47,3,2,0.0014732560375705361,0.0,27244.240234375
EleutherAI/pythia-70m,256,step256,70426624,6,8,47,3,3,0.0072669838555157185,0.0,27244.240234375
EleutherAI/pythia-70m,256,step256,70426624,6,8,47,3,4,0.004331683740019798,0.0,27244.240234375
EleutherAI/pythia-70m,256,step256,70426624,6,8,47,3,5,0.010609184391796589,0.0,27244.240234375
EleutherAI/pythia-70m,256,step256,70426624,6,8,47,3,6,0.006006014533340931,0.0,27244.240234375
EleutherAI/pythia-70m,256,step256,70426624,6,8,47,3,7,0.005829964764416218,0.0,27244.240234375
EleutherAI/pythia-70m,256,step256,70426624,6,8,47,4,0,0.008807795122265816,0.0,27244.240234375
EleutherAI/pythia-70m,256,step256,70426624,6,8,47,4,1,0.010959509760141373,0.0,27244.240234375
EleutherAI/pythia-70m,256,step256,70426624,6,8,47,4,2,0.00993059016764164,0.0,27244.240234375
EleutherAI/pythia-70m,256,step256,70426624,6,8,47,4,3,0.00935984868556261,0.0,27244.240234375
EleutherAI/pythia-70m,256,step256,70426624,6,8,47,4,4,0.003799946280196309,0.0,27244.240234375
EleutherAI/pythia-70m,256,step256,70426624,6,8,47,4,5,0.006424793973565102,0.0,27244.240234375
EleutherAI/pythia-70m,256,step256,70426624,6,8,47,4,6,0.007549709174782038,0.0,27244.240234375
EleutherAI/pythia-70m,256,step256,70426624,6,8,47,4,7,0.008626764640212059,0.0,27244.240234375
EleutherAI/pythia-70m,256,step256,70426624,6,8,47,5,0,0.0034507792443037033,0.0,27244.240234375
EleutherAI/pythia-70m,256,step256,70426624,6,8,47,5,1,0.0036889142356812954,0.0,27244.240234375
EleutherAI/pythia-70m,256,step256,70426624,6,8,47,5,2,0.0052095139399170876,0.0,27244.240234375
EleutherAI/pythia-70m,256,step256,70426624,6,8,47,5,3,0.0029563242569565773,0.0,27244.240234375
EleutherAI/pythia-70m,256,step256,70426624,6,8,47,5,4,0.0024285942781716585,0.0,27244.240234375
EleutherAI/pythia-70m,256,step256,70426624,6,8,47,5,5,0.002565944567322731,0.0,27244.240234375
EleutherAI/pythia-70m,256,step256,70426624,6,8,47,5,6,0.009179959073662758,0.0,27244.240234375
EleutherAI/pythia-70m,256,step256,70426624,6,8,47,5,7,0.0012996086152270436,0.0,27244.240234375
EleutherAI/pythia-70m,256,step256,70426624,6,8,48,0,0,0.012558999471366405,0.0,24197.4609375
EleutherAI/pythia-70m,256,step256,70426624,6,8,48,0,1,0.013425263576209545,0.0,24197.4609375
EleutherAI/pythia-70m,256,step256,70426624,6,8,48,0,2,0.011998679488897324,0.0,24197.4609375
EleutherAI/pythia-70m,256,step256,70426624,6,8,48,0,3,0.013078400865197182,0.0,24197.4609375
EleutherAI/pythia-70m,256,step256,70426624,6,8,48,0,4,0.013504925183951855,0.0,24197.4609375
EleutherAI/pythia-70m,256,step256,70426624,6,8,48,0,5,0.0141425346955657,0.0,24197.4609375
EleutherAI/pythia-70m,256,step256,70426624,6,8,48,0,6,0.014369661919772625,0.0,24197.4609375
EleutherAI/pythia-70m,256,step256,70426624,6,8,48,0,7,0.013731601648032665,0.0,24197.4609375
EleutherAI/pythia-70m,256,step256,70426624,6,8,48,1,0,0.009434065781533718,0.0,24197.4609375
EleutherAI/pythia-70m,256,step256,70426624,6,8,48,1,1,0.008921625092625618,0.0,24197.4609375
EleutherAI/pythia-70m,256,step256,70426624,6,8,48,1,2,0.006819014437496662,0.0,24197.4609375
EleutherAI/pythia-70m,256,step256,70426624,6,8,48,1,3,0.011498515494167805,0.0,24197.4609375
EleutherAI/pythia-70m,256,step256,70426624,6,8,48,1,4,0.010576593689620495,0.0,24197.4609375
EleutherAI/pythia-70m,256,step256,70426624,6,8,48,1,5,0.010277810506522655,0.0,24197.4609375
EleutherAI/pythia-70m,256,step256,70426624,6,8,48,1,6,0.009091459214687347,0.0,24197.4609375
EleutherAI/pythia-70m,256,step256,70426624,6,8,48,1,7,0.011072345077991486,0.0,24197.4609375
EleutherAI/pythia-70m,256,step256,70426624,6,8,48,2,0,0.002947028260678053,0.0,24197.4609375
EleutherAI/pythia-70m,256,step256,70426624,6,8,48,2,1,0.004366068635135889,0.0,24197.4609375
EleutherAI/pythia-70m,256,step256,70426624,6,8,48,2,2,0.005645280703902245,0.0,24197.4609375
EleutherAI/pythia-70m,256,step256,70426624,6,8,48,2,3,0.0033971723169088364,0.0,24197.4609375
EleutherAI/pythia-70m,256,step256,70426624,6,8,48,2,4,0.0013555609621107578,0.0,24197.4609375
EleutherAI/pythia-70m,256,step256,70426624,6,8,48,2,5,0.00901570450514555,0.0,24197.4609375
EleutherAI/pythia-70m,256,step256,70426624,6,8,48,2,6,0.010924913920462132,0.0,24197.4609375
EleutherAI/pythia-70m,256,step256,70426624,6,8,48,2,7,0.005469764582812786,0.0,24197.4609375
EleutherAI/pythia-70m,256,step256,70426624,6,8,48,3,0,0.01279409509152174,0.0,24197.4609375
EleutherAI/pythia-70m,256,step256,70426624,6,8,48,3,1,0.012763909064233303,0.0,24197.4609375
EleutherAI/pythia-70m,256,step256,70426624,6,8,48,3,2,0.0030581506434828043,0.0,24197.4609375
EleutherAI/pythia-70m,256,step256,70426624,6,8,48,3,3,0.0078092096373438835,0.0,24197.4609375
EleutherAI/pythia-70m,256,step256,70426624,6,8,48,3,4,0.005853873677551746,0.0,24197.4609375
EleutherAI/pythia-70m,256,step256,70426624,6,8,48,3,5,0.009617648087441921,0.0,24197.4609375
EleutherAI/pythia-70m,256,step256,70426624,6,8,48,3,6,0.007591532543301582,0.0,24197.4609375
EleutherAI/pythia-70m,256,step256,70426624,6,8,48,3,7,0.00615586107596755,0.0,24197.4609375
EleutherAI/pythia-70m,256,step256,70426624,6,8,48,4,0,0.008428145200014114,0.0,24197.4609375
EleutherAI/pythia-70m,256,step256,70426624,6,8,48,4,1,0.009441515430808067,0.0,24197.4609375
EleutherAI/pythia-70m,256,step256,70426624,6,8,48,4,2,0.00962857622653246,0.0,24197.4609375
EleutherAI/pythia-70m,256,step256,70426624,6,8,48,4,3,0.008535691536962986,0.0,24197.4609375
EleutherAI/pythia-70m,256,step256,70426624,6,8,48,4,4,0.004726990591734648,0.0,24197.4609375
EleutherAI/pythia-70m,256,step256,70426624,6,8,48,4,5,0.004537535831332207,0.0,24197.4609375
EleutherAI/pythia-70m,256,step256,70426624,6,8,48,4,6,0.008857067674398422,0.0,24197.4609375
EleutherAI/pythia-70m,256,step256,70426624,6,8,48,4,7,0.008469263091683388,0.0,24197.4609375
EleutherAI/pythia-70m,256,step256,70426624,6,8,48,5,0,0.004642854910343885,0.0,24197.4609375
EleutherAI/pythia-70m,256,step256,70426624,6,8,48,5,1,0.0035946795251220465,0.0,24197.4609375
EleutherAI/pythia-70m,256,step256,70426624,6,8,48,5,2,0.0040635280311107635,0.0,24197.4609375
EleutherAI/pythia-70m,256,step256,70426624,6,8,48,5,3,0.0014912810875102878,0.0,24197.4609375
EleutherAI/pythia-70m,256,step256,70426624,6,8,48,5,4,0.001798437093384564,0.0,24197.4609375
EleutherAI/pythia-70m,256,step256,70426624,6,8,48,5,5,0.0030573541298508644,0.0,24197.4609375
EleutherAI/pythia-70m,256,step256,70426624,6,8,48,5,6,0.008861721493303776,0.0,24197.4609375
EleutherAI/pythia-70m,256,step256,70426624,6,8,48,5,7,0.0018126708455383778,0.0,24197.4609375
EleutherAI/pythia-70m,256,step256,70426624,6,8,49,0,0,0.013175198808312416,0.0,23492.439453125
EleutherAI/pythia-70m,256,step256,70426624,6,8,49,0,1,0.014192020520567894,0.0,23492.439453125
EleutherAI/pythia-70m,256,step256,70426624,6,8,49,0,2,0.013978353701531887,0.0,23492.439453125
EleutherAI/pythia-70m,256,step256,70426624,6,8,49,0,3,0.013824410736560822,0.0,23492.439453125
EleutherAI/pythia-70m,256,step256,70426624,6,8,49,0,4,0.013513351790606976,0.0,23492.439453125
EleutherAI/pythia-70m,256,step256,70426624,6,8,49,0,5,0.012858805246651173,0.0,23492.439453125
EleutherAI/pythia-70m,256,step256,70426624,6,8,49,0,6,0.013417274691164494,0.0,23492.439453125
EleutherAI/pythia-70m,256,step256,70426624,6,8,49,0,7,0.01413990929722786,0.0,23492.439453125
EleutherAI/pythia-70m,256,step256,70426624,6,8,49,1,0,0.011736285872757435,0.0,23492.439453125
EleutherAI/pythia-70m,256,step256,70426624,6,8,49,1,1,0.007973087020218372,0.0,23492.439453125
EleutherAI/pythia-70m,256,step256,70426624,6,8,49,1,2,0.008322035893797874,0.0,23492.439453125
EleutherAI/pythia-70m,256,step256,70426624,6,8,49,1,3,0.011722669936716557,0.0,23492.439453125
EleutherAI/pythia-70m,256,step256,70426624,6,8,49,1,4,0.012194216251373291,0.0,23492.439453125
EleutherAI/pythia-70m,256,step256,70426624,6,8,49,1,5,0.01346865389496088,0.0,23492.439453125
EleutherAI/pythia-70m,256,step256,70426624,6,8,49,1,6,0.010732742957770824,0.0,23492.439453125
EleutherAI/pythia-70m,256,step256,70426624,6,8,49,1,7,0.008765271864831448,0.0,23492.439453125
EleutherAI/pythia-70m,256,step256,70426624,6,8,49,2,0,0.002682326827198267,0.0,23492.439453125
EleutherAI/pythia-70m,256,step256,70426624,6,8,49,2,1,0.0027446364983916283,0.0,23492.439453125
EleutherAI/pythia-70m,256,step256,70426624,6,8,49,2,2,0.006222598720341921,0.0,23492.439453125
EleutherAI/pythia-70m,256,step256,70426624,6,8,49,2,3,0.004348542541265488,0.0,23492.439453125
EleutherAI/pythia-70m,256,step256,70426624,6,8,49,2,4,0.002405366860330105,0.0,23492.439453125
EleutherAI/pythia-70m,256,step256,70426624,6,8,49,2,5,0.008594066835939884,0.0,23492.439453125
EleutherAI/pythia-70m,256,step256,70426624,6,8,49,2,6,0.01140780933201313,0.0,23492.439453125
EleutherAI/pythia-70m,256,step256,70426624,6,8,49,2,7,0.00540123088285327,0.0,23492.439453125
EleutherAI/pythia-70m,256,step256,70426624,6,8,49,3,0,0.01120214443653822,0.0,23492.439453125
EleutherAI/pythia-70m,256,step256,70426624,6,8,49,3,1,0.013240387663245201,0.0,23492.439453125
EleutherAI/pythia-70m,256,step256,70426624,6,8,49,3,2,0.00372183951549232,0.0,23492.439453125
EleutherAI/pythia-70m,256,step256,70426624,6,8,49,3,3,0.00843220204114914,0.0,23492.439453125
EleutherAI/pythia-70m,256,step256,70426624,6,8,49,3,4,0.005085819400846958,0.0,23492.439453125
EleutherAI/pythia-70m,256,step256,70426624,6,8,49,3,5,0.013154873624444008,0.0,23492.439453125
EleutherAI/pythia-70m,256,step256,70426624,6,8,49,3,6,0.006184218917042017,0.0,23492.439453125
EleutherAI/pythia-70m,256,step256,70426624,6,8,49,3,7,0.007217754609882832,0.0,23492.439453125
EleutherAI/pythia-70m,256,step256,70426624,6,8,49,4,0,0.011536037549376488,0.0,23492.439453125
EleutherAI/pythia-70m,256,step256,70426624,6,8,49,4,1,0.009272200055420399,0.0,23492.439453125
EleutherAI/pythia-70m,256,step256,70426624,6,8,49,4,2,0.010701876133680344,0.0,23492.439453125
EleutherAI/pythia-70m,256,step256,70426624,6,8,49,4,3,0.009297166019678116,0.0,23492.439453125
EleutherAI/pythia-70m,256,step256,70426624,6,8,49,4,4,0.006890779826790094,0.0,23492.439453125
EleutherAI/pythia-70m,256,step256,70426624,6,8,49,4,5,0.0042946310713887215,0.0,23492.439453125
EleutherAI/pythia-70m,256,step256,70426624,6,8,49,4,6,0.008704851381480694,0.0,23492.439453125
EleutherAI/pythia-70m,256,step256,70426624,6,8,49,4,7,0.010286042466759682,0.0,23492.439453125
EleutherAI/pythia-70m,256,step256,70426624,6,8,49,5,0,0.0044189030304551125,0.0,23492.439453125
EleutherAI/pythia-70m,256,step256,70426624,6,8,49,5,1,0.004558756481856108,0.0,23492.439453125
EleutherAI/pythia-70m,256,step256,70426624,6,8,49,5,2,0.004947028588503599,0.0,23492.439453125
EleutherAI/pythia-70m,256,step256,70426624,6,8,49,5,3,0.0022105660755187273,0.0,23492.439453125
EleutherAI/pythia-70m,256,step256,70426624,6,8,49,5,4,0.0032843982335180044,0.0,23492.439453125
EleutherAI/pythia-70m,256,step256,70426624,6,8,49,5,5,0.00465779472142458,0.0,23492.439453125
EleutherAI/pythia-70m,256,step256,70426624,6,8,49,5,6,0.010139443911612034,0.0,23492.439453125
EleutherAI/pythia-70m,256,step256,70426624,6,8,49,5,7,0.0028404826298356056,0.0,23492.439453125
EleutherAI/pythia-70m,256,step256,70426624,6,8,50,0,0,0.014563334174454212,0.0,27858.400390625
EleutherAI/pythia-70m,256,step256,70426624,6,8,50,0,1,0.01482110284268856,0.0,27858.400390625
EleutherAI/pythia-70m,256,step256,70426624,6,8,50,0,2,0.012899113819003105,0.0,27858.400390625
EleutherAI/pythia-70m,256,step256,70426624,6,8,50,0,3,0.012834885157644749,0.0,27858.400390625
EleutherAI/pythia-70m,256,step256,70426624,6,8,50,0,4,0.01442305650562048,0.0,27858.400390625
EleutherAI/pythia-70m,256,step256,70426624,6,8,50,0,5,0.013556964695453644,0.0,27858.400390625
EleutherAI/pythia-70m,256,step256,70426624,6,8,50,0,6,0.013594342395663261,0.0,27858.400390625
EleutherAI/pythia-70m,256,step256,70426624,6,8,50,0,7,0.0131069365888834,0.0,27858.400390625
EleutherAI/pythia-70m,256,step256,70426624,6,8,50,1,0,0.010208786465227604,0.0,27858.400390625
EleutherAI/pythia-70m,256,step256,70426624,6,8,50,1,1,0.00869724527001381,0.0,27858.400390625
EleutherAI/pythia-70m,256,step256,70426624,6,8,50,1,2,0.00776452524587512,0.0,27858.400390625
EleutherAI/pythia-70m,256,step256,70426624,6,8,50,1,3,0.01115414872765541,0.0,27858.400390625
EleutherAI/pythia-70m,256,step256,70426624,6,8,50,1,4,0.009723489172756672,0.0,27858.400390625
EleutherAI/pythia-70m,256,step256,70426624,6,8,50,1,5,0.011591572314500809,0.0,27858.400390625
EleutherAI/pythia-70m,256,step256,70426624,6,8,50,1,6,0.009101366624236107,0.0,27858.400390625
EleutherAI/pythia-70m,256,step256,70426624,6,8,50,1,7,0.009218291379511356,0.0,27858.400390625
EleutherAI/pythia-70m,256,step256,70426624,6,8,50,2,0,0.0032651377841830254,0.0,27858.400390625
EleutherAI/pythia-70m,256,step256,70426624,6,8,50,2,1,0.002939426340162754,0.0,27858.400390625
EleutherAI/pythia-70m,256,step256,70426624,6,8,50,2,2,0.0064417459070682526,0.0,27858.400390625
EleutherAI/pythia-70m,256,step256,70426624,6,8,50,2,3,0.0031809171196073294,0.0,27858.400390625
EleutherAI/pythia-70m,256,step256,70426624,6,8,50,2,4,0.0019003316992893815,0.0,27858.400390625
EleutherAI/pythia-70m,256,step256,70426624,6,8,50,2,5,0.009177275002002716,0.0,27858.400390625
EleutherAI/pythia-70m,256,step256,70426624,6,8,50,2,6,0.012064967304468155,0.0,27858.400390625
EleutherAI/pythia-70m,256,step256,70426624,6,8,50,2,7,0.005359146744012833,0.0,27858.400390625
EleutherAI/pythia-70m,256,step256,70426624,6,8,50,3,0,0.007642710115760565,0.0,27858.400390625
EleutherAI/pythia-70m,256,step256,70426624,6,8,50,3,1,0.010634232312440872,0.0,27858.400390625
EleutherAI/pythia-70m,256,step256,70426624,6,8,50,3,2,0.003036402864381671,0.0,27858.400390625
EleutherAI/pythia-70m,256,step256,70426624,6,8,50,3,3,0.007047492079436779,0.0,27858.400390625
EleutherAI/pythia-70m,256,step256,70426624,6,8,50,3,4,0.0033801598474383354,0.0,27858.400390625
EleutherAI/pythia-70m,256,step256,70426624,6,8,50,3,5,0.01242702454328537,0.0,27858.400390625
EleutherAI/pythia-70m,256,step256,70426624,6,8,50,3,6,0.006263351533561945,0.0,27858.400390625
EleutherAI/pythia-70m,256,step256,70426624,6,8,50,3,7,0.008472170680761337,0.0,27858.400390625
EleutherAI/pythia-70m,256,step256,70426624,6,8,50,4,0,0.00809707771986723,0.0,27858.400390625
EleutherAI/pythia-70m,256,step256,70426624,6,8,50,4,1,0.009908915497362614,0.0,27858.400390625
EleutherAI/pythia-70m,256,step256,70426624,6,8,50,4,2,0.010333161801099777,0.0,27858.400390625
EleutherAI/pythia-70m,256,step256,70426624,6,8,50,4,3,0.00918560940772295,0.0,27858.400390625
EleutherAI/pythia-70m,256,step256,70426624,6,8,50,4,4,0.0038916077464818954,0.0,27858.400390625
EleutherAI/pythia-70m,256,step256,70426624,6,8,50,4,5,0.004818358924239874,0.0,27858.400390625
EleutherAI/pythia-70m,256,step256,70426624,6,8,50,4,6,0.008649209514260292,0.0,27858.400390625
EleutherAI/pythia-70m,256,step256,70426624,6,8,50,4,7,0.009930991567671299,0.0,27858.400390625
EleutherAI/pythia-70m,256,step256,70426624,6,8,50,5,0,0.0043373857624828815,0.0,27858.400390625
EleutherAI/pythia-70m,256,step256,70426624,6,8,50,5,1,0.004269840195775032,0.0,27858.400390625
EleutherAI/pythia-70m,256,step256,70426624,6,8,50,5,2,0.004378786776214838,0.0,27858.400390625
EleutherAI/pythia-70m,256,step256,70426624,6,8,50,5,3,0.0034296775702387094,0.0,27858.400390625
EleutherAI/pythia-70m,256,step256,70426624,6,8,50,5,4,0.0028833942487835884,0.0,27858.400390625
EleutherAI/pythia-70m,256,step256,70426624,6,8,50,5,5,0.00323615618981421,0.0,27858.400390625
EleutherAI/pythia-70m,256,step256,70426624,6,8,50,5,6,0.008153121918439865,0.0,27858.400390625
EleutherAI/pythia-70m,256,step256,70426624,6,8,50,5,7,0.001858478644862771,0.0,27858.400390625
EleutherAI/pythia-70m,256,step256,70426624,6,8,51,0,0,0.014678968116641045,0.0,26126.5
EleutherAI/pythia-70m,256,step256,70426624,6,8,51,0,1,0.014822641387581825,0.0,26126.5
EleutherAI/pythia-70m,256,step256,70426624,6,8,51,0,2,0.013645670376718044,0.0,26126.5
EleutherAI/pythia-70m,256,step256,70426624,6,8,51,0,3,0.01304550189524889,0.0,26126.5
EleutherAI/pythia-70m,256,step256,70426624,6,8,51,0,4,0.013274715282022953,0.0,26126.5
EleutherAI/pythia-70m,256,step256,70426624,6,8,51,0,5,0.014149267226457596,0.0,26126.5
EleutherAI/pythia-70m,256,step256,70426624,6,8,51,0,6,0.013755043968558311,0.0,26126.5
EleutherAI/pythia-70m,256,step256,70426624,6,8,51,0,7,0.013769635930657387,0.0,26126.5
EleutherAI/pythia-70m,256,step256,70426624,6,8,51,1,0,0.011961749754846096,0.0,26126.5
EleutherAI/pythia-70m,256,step256,70426624,6,8,51,1,1,0.010674714110791683,0.0,26126.5
EleutherAI/pythia-70m,256,step256,70426624,6,8,51,1,2,0.0064653921872377396,0.0,26126.5
EleutherAI/pythia-70m,256,step256,70426624,6,8,51,1,3,0.013250164687633514,0.0,26126.5
EleutherAI/pythia-70m,256,step256,70426624,6,8,51,1,4,0.010619315318763256,0.0,26126.5
EleutherAI/pythia-70m,256,step256,70426624,6,8,51,1,5,0.01083742268383503,0.0,26126.5
EleutherAI/pythia-70m,256,step256,70426624,6,8,51,1,6,0.01210617646574974,0.0,26126.5
EleutherAI/pythia-70m,256,step256,70426624,6,8,51,1,7,0.009321358986198902,0.0,26126.5
EleutherAI/pythia-70m,256,step256,70426624,6,8,51,2,0,0.003530472284182906,0.0,26126.5
EleutherAI/pythia-70m,256,step256,70426624,6,8,51,2,1,0.0029348398093134165,0.0,26126.5
EleutherAI/pythia-70m,256,step256,70426624,6,8,51,2,2,0.005398987326771021,0.0,26126.5
EleutherAI/pythia-70m,256,step256,70426624,6,8,51,2,3,0.003399662906304002,0.0,26126.5
EleutherAI/pythia-70m,256,step256,70426624,6,8,51,2,4,0.0011651153909042478,0.0,26126.5
EleutherAI/pythia-70m,256,step256,70426624,6,8,51,2,5,0.008942998945713043,0.0,26126.5
EleutherAI/pythia-70m,256,step256,70426624,6,8,51,2,6,0.011708923615515232,0.0,26126.5
EleutherAI/pythia-70m,256,step256,70426624,6,8,51,2,7,0.005061525851488113,0.0,26126.5
EleutherAI/pythia-70m,256,step256,70426624,6,8,51,3,0,0.010314848273992538,0.0,26126.5
EleutherAI/pythia-70m,256,step256,70426624,6,8,51,3,1,0.014376699924468994,0.0,26126.5
EleutherAI/pythia-70m,256,step256,70426624,6,8,51,3,2,0.0034076219890266657,0.0,26126.5
EleutherAI/pythia-70m,256,step256,70426624,6,8,51,3,3,0.005521379876881838,0.0,26126.5
EleutherAI/pythia-70m,256,step256,70426624,6,8,51,3,4,0.005156310740858316,0.0,26126.5
EleutherAI/pythia-70m,256,step256,70426624,6,8,51,3,5,0.010097138583660126,0.0,26126.5
EleutherAI/pythia-70m,256,step256,70426624,6,8,51,3,6,0.006459122523665428,0.0,26126.5
EleutherAI/pythia-70m,256,step256,70426624,6,8,51,3,7,0.006891707889735699,0.0,26126.5
EleutherAI/pythia-70m,256,step256,70426624,6,8,51,4,0,0.008823435753583908,0.0,26126.5
EleutherAI/pythia-70m,256,step256,70426624,6,8,51,4,1,0.011796745471656322,0.0,26126.5
EleutherAI/pythia-70m,256,step256,70426624,6,8,51,4,2,0.011411485262215137,0.0,26126.5
EleutherAI/pythia-70m,256,step256,70426624,6,8,51,4,3,0.009986735880374908,0.0,26126.5
EleutherAI/pythia-70m,256,step256,70426624,6,8,51,4,4,0.004741014447063208,0.0,26126.5
EleutherAI/pythia-70m,256,step256,70426624,6,8,51,4,5,0.005588885396718979,0.0,26126.5
EleutherAI/pythia-70m,256,step256,70426624,6,8,51,4,6,0.007405618205666542,0.0,26126.5
EleutherAI/pythia-70m,256,step256,70426624,6,8,51,4,7,0.010959996841847897,0.0,26126.5
EleutherAI/pythia-70m,256,step256,70426624,6,8,51,5,0,0.003764338558539748,0.0,26126.5
EleutherAI/pythia-70m,256,step256,70426624,6,8,51,5,1,0.004853056278079748,0.0,26126.5
EleutherAI/pythia-70m,256,step256,70426624,6,8,51,5,2,0.0075734625570476055,0.0,26126.5
EleutherAI/pythia-70m,256,step256,70426624,6,8,51,5,3,0.0017670729430392385,0.0,26126.5
EleutherAI/pythia-70m,256,step256,70426624,6,8,51,5,4,0.0030354568734765053,0.0,26126.5
EleutherAI/pythia-70m,256,step256,70426624,6,8,51,5,5,0.004375409334897995,0.0,26126.5
EleutherAI/pythia-70m,256,step256,70426624,6,8,51,5,6,0.011477909050881863,0.0,26126.5
EleutherAI/pythia-70m,256,step256,70426624,6,8,51,5,7,0.0015470158541575074,0.0,26126.5
EleutherAI/pythia-70m,256,step256,70426624,6,8,52,0,0,0.014445507898926735,0.0,22983.880859375
EleutherAI/pythia-70m,256,step256,70426624,6,8,52,0,1,0.014086234383285046,0.0,22983.880859375
EleutherAI/pythia-70m,256,step256,70426624,6,8,52,0,2,0.013317921198904514,0.0,22983.880859375
EleutherAI/pythia-70m,256,step256,70426624,6,8,52,0,3,0.013588254339993,0.0,22983.880859375
EleutherAI/pythia-70m,256,step256,70426624,6,8,52,0,4,0.013237928971648216,0.0,22983.880859375
EleutherAI/pythia-70m,256,step256,70426624,6,8,52,0,5,0.013887000270187855,0.0,22983.880859375
EleutherAI/pythia-70m,256,step256,70426624,6,8,52,0,6,0.013937310315668583,0.0,22983.880859375
EleutherAI/pythia-70m,256,step256,70426624,6,8,52,0,7,0.013690734282135963,0.0,22983.880859375
EleutherAI/pythia-70m,256,step256,70426624,6,8,52,1,0,0.010354015976190567,0.0,22983.880859375
EleutherAI/pythia-70m,256,step256,70426624,6,8,52,1,1,0.00956258550286293,0.0,22983.880859375
EleutherAI/pythia-70m,256,step256,70426624,6,8,52,1,2,0.009048448875546455,0.0,22983.880859375
EleutherAI/pythia-70m,256,step256,70426624,6,8,52,1,3,0.010835618712008,0.0,22983.880859375
EleutherAI/pythia-70m,256,step256,70426624,6,8,52,1,4,0.011189613491296768,0.0,22983.880859375
EleutherAI/pythia-70m,256,step256,70426624,6,8,52,1,5,0.010945689864456654,0.0,22983.880859375
EleutherAI/pythia-70m,256,step256,70426624,6,8,52,1,6,0.00923948548734188,0.0,22983.880859375
EleutherAI/pythia-70m,256,step256,70426624,6,8,52,1,7,0.00843084417283535,0.0,22983.880859375
EleutherAI/pythia-70m,256,step256,70426624,6,8,52,2,0,0.0022789875511080027,0.0,22983.880859375
EleutherAI/pythia-70m,256,step256,70426624,6,8,52,2,1,0.0027936825063079596,0.0,22983.880859375
EleutherAI/pythia-70m,256,step256,70426624,6,8,52,2,2,0.005125043913722038,0.0,22983.880859375
EleutherAI/pythia-70m,256,step256,70426624,6,8,52,2,3,0.002774601336568594,0.0,22983.880859375
EleutherAI/pythia-70m,256,step256,70426624,6,8,52,2,4,0.0013033117866143584,0.0,22983.880859375
EleutherAI/pythia-70m,256,step256,70426624,6,8,52,2,5,0.0072721028700470924,0.0,22983.880859375
EleutherAI/pythia-70m,256,step256,70426624,6,8,52,2,6,0.01123675424605608,0.0,22983.880859375
EleutherAI/pythia-70m,256,step256,70426624,6,8,52,2,7,0.004041037987917662,0.0,22983.880859375
EleutherAI/pythia-70m,256,step256,70426624,6,8,52,3,0,0.010457170195877552,0.0,22983.880859375
EleutherAI/pythia-70m,256,step256,70426624,6,8,52,3,1,0.013340450823307037,0.0,22983.880859375
EleutherAI/pythia-70m,256,step256,70426624,6,8,52,3,2,0.0032448619604110718,0.0,22983.880859375
EleutherAI/pythia-70m,256,step256,70426624,6,8,52,3,3,0.008272849954664707,0.0,22983.880859375
EleutherAI/pythia-70m,256,step256,70426624,6,8,52,3,4,0.0032418295741081238,0.0,22983.880859375
EleutherAI/pythia-70m,256,step256,70426624,6,8,52,3,5,0.013106090947985649,0.0,22983.880859375
EleutherAI/pythia-70m,256,step256,70426624,6,8,52,3,6,0.00507237808778882,0.0,22983.880859375
EleutherAI/pythia-70m,256,step256,70426624,6,8,52,3,7,0.0052593727596104145,0.0,22983.880859375
EleutherAI/pythia-70m,256,step256,70426624,6,8,52,4,0,0.00928607489913702,0.0,22983.880859375
EleutherAI/pythia-70m,256,step256,70426624,6,8,52,4,1,0.011084234341979027,0.0,22983.880859375
EleutherAI/pythia-70m,256,step256,70426624,6,8,52,4,2,0.014051041565835476,0.0,22983.880859375
EleutherAI/pythia-70m,256,step256,70426624,6,8,52,4,3,0.008704562671482563,0.0,22983.880859375
EleutherAI/pythia-70m,256,step256,70426624,6,8,52,4,4,0.005556232761591673,0.0,22983.880859375
EleutherAI/pythia-70m,256,step256,70426624,6,8,52,4,5,0.0038825892843306065,0.0,22983.880859375
EleutherAI/pythia-70m,256,step256,70426624,6,8,52,4,6,0.008038638159632683,0.0,22983.880859375
EleutherAI/pythia-70m,256,step256,70426624,6,8,52,4,7,0.010613867081701756,0.0,22983.880859375
EleutherAI/pythia-70m,256,step256,70426624,6,8,52,5,0,0.003815289121121168,0.0,22983.880859375
EleutherAI/pythia-70m,256,step256,70426624,6,8,52,5,1,0.004620448220521212,0.0,22983.880859375
EleutherAI/pythia-70m,256,step256,70426624,6,8,52,5,2,0.006951570510864258,0.0,22983.880859375
EleutherAI/pythia-70m,256,step256,70426624,6,8,52,5,3,0.002056764904409647,0.0,22983.880859375
EleutherAI/pythia-70m,256,step256,70426624,6,8,52,5,4,0.0032012294977903366,0.0,22983.880859375
EleutherAI/pythia-70m,256,step256,70426624,6,8,52,5,5,0.003602435579523444,0.0,22983.880859375
EleutherAI/pythia-70m,256,step256,70426624,6,8,52,5,6,0.010153447277843952,0.0,22983.880859375
EleutherAI/pythia-70m,256,step256,70426624,6,8,52,5,7,0.0018304308177903295,0.0,22983.880859375
EleutherAI/pythia-70m,256,step256,70426624,6,8,53,0,0,0.013593780808150768,0.0,25452.380859375
EleutherAI/pythia-70m,256,step256,70426624,6,8,53,0,1,0.013496342115104198,0.0,25452.380859375
EleutherAI/pythia-70m,256,step256,70426624,6,8,53,0,2,0.015856461599469185,0.0,25452.380859375
EleutherAI/pythia-70m,256,step256,70426624,6,8,53,0,3,0.01469266414642334,0.0,25452.380859375
EleutherAI/pythia-70m,256,step256,70426624,6,8,53,0,4,0.014919305220246315,0.0,25452.380859375
EleutherAI/pythia-70m,256,step256,70426624,6,8,53,0,5,0.013775624334812164,0.0,25452.380859375
EleutherAI/pythia-70m,256,step256,70426624,6,8,53,0,6,0.012619328685104847,0.0,25452.380859375
EleutherAI/pythia-70m,256,step256,70426624,6,8,53,0,7,0.012940112501382828,0.0,25452.380859375
EleutherAI/pythia-70m,256,step256,70426624,6,8,53,1,0,0.012311408296227455,0.0,25452.380859375
EleutherAI/pythia-70m,256,step256,70426624,6,8,53,1,1,0.00872569065541029,0.0,25452.380859375
EleutherAI/pythia-70m,256,step256,70426624,6,8,53,1,2,0.008724740706384182,0.0,25452.380859375
EleutherAI/pythia-70m,256,step256,70426624,6,8,53,1,3,0.011067826300859451,0.0,25452.380859375
EleutherAI/pythia-70m,256,step256,70426624,6,8,53,1,4,0.010134211741387844,0.0,25452.380859375
EleutherAI/pythia-70m,256,step256,70426624,6,8,53,1,5,0.011774766258895397,0.0,25452.380859375
EleutherAI/pythia-70m,256,step256,70426624,6,8,53,1,6,0.008236773312091827,0.0,25452.380859375
EleutherAI/pythia-70m,256,step256,70426624,6,8,53,1,7,0.008313796482980251,0.0,25452.380859375
EleutherAI/pythia-70m,256,step256,70426624,6,8,53,2,0,0.0018474996322765946,0.0,25452.380859375
EleutherAI/pythia-70m,256,step256,70426624,6,8,53,2,1,0.002284429967403412,0.0,25452.380859375
EleutherAI/pythia-70m,256,step256,70426624,6,8,53,2,2,0.007975772954523563,0.0,25452.380859375
EleutherAI/pythia-70m,256,step256,70426624,6,8,53,2,3,0.0025445055216550827,0.0,25452.380859375
EleutherAI/pythia-70m,256,step256,70426624,6,8,53,2,4,0.0007374449633061886,0.0,25452.380859375
EleutherAI/pythia-70m,256,step256,70426624,6,8,53,2,5,0.008402078412473202,0.0,25452.380859375
EleutherAI/pythia-70m,256,step256,70426624,6,8,53,2,6,0.009437330067157745,0.0,25452.380859375
EleutherAI/pythia-70m,256,step256,70426624,6,8,53,2,7,0.0045163254253566265,0.0,25452.380859375
EleutherAI/pythia-70m,256,step256,70426624,6,8,53,3,0,0.006322869099676609,0.0,25452.380859375
EleutherAI/pythia-70m,256,step256,70426624,6,8,53,3,1,0.011645056307315826,0.0,25452.380859375
EleutherAI/pythia-70m,256,step256,70426624,6,8,53,3,2,0.0015414790250360966,0.0,25452.380859375
EleutherAI/pythia-70m,256,step256,70426624,6,8,53,3,3,0.004443863406777382,0.0,25452.380859375
EleutherAI/pythia-70m,256,step256,70426624,6,8,53,3,4,0.0038020587526261806,0.0,25452.380859375
EleutherAI/pythia-70m,256,step256,70426624,6,8,53,3,5,0.011549141258001328,0.0,25452.380859375
EleutherAI/pythia-70m,256,step256,70426624,6,8,53,3,6,0.004635820165276527,0.0,25452.380859375
EleutherAI/pythia-70m,256,step256,70426624,6,8,53,3,7,0.004289022646844387,0.0,25452.380859375
EleutherAI/pythia-70m,256,step256,70426624,6,8,53,4,0,0.005274355411529541,0.0,25452.380859375
EleutherAI/pythia-70m,256,step256,70426624,6,8,53,4,1,0.011395828798413277,0.0,25452.380859375
EleutherAI/pythia-70m,256,step256,70426624,6,8,53,4,2,0.010582012124359608,0.0,25452.380859375
EleutherAI/pythia-70m,256,step256,70426624,6,8,53,4,3,0.00594392279163003,0.0,25452.380859375
EleutherAI/pythia-70m,256,step256,70426624,6,8,53,4,4,0.0028601502999663353,0.0,25452.380859375
EleutherAI/pythia-70m,256,step256,70426624,6,8,53,4,5,0.003940463997423649,0.0,25452.380859375
EleutherAI/pythia-70m,256,step256,70426624,6,8,53,4,6,0.005227902438491583,0.0,25452.380859375
EleutherAI/pythia-70m,256,step256,70426624,6,8,53,4,7,0.006947957444936037,0.0,25452.380859375
EleutherAI/pythia-70m,256,step256,70426624,6,8,53,5,0,0.0031622357200831175,0.0,25452.380859375
EleutherAI/pythia-70m,256,step256,70426624,6,8,53,5,1,0.002772566629573703,0.0,25452.380859375
EleutherAI/pythia-70m,256,step256,70426624,6,8,53,5,2,0.004861289635300636,0.0,25452.380859375
EleutherAI/pythia-70m,256,step256,70426624,6,8,53,5,3,0.0013236540835350752,0.0,25452.380859375
EleutherAI/pythia-70m,256,step256,70426624,6,8,53,5,4,0.0020530123729258776,0.0,25452.380859375
EleutherAI/pythia-70m,256,step256,70426624,6,8,53,5,5,0.003861776553094387,0.0,25452.380859375
EleutherAI/pythia-70m,256,step256,70426624,6,8,53,5,6,0.008915267884731293,0.0,25452.380859375
EleutherAI/pythia-70m,256,step256,70426624,6,8,53,5,7,0.0012486596824601293,0.0,25452.380859375
EleutherAI/pythia-70m,256,step256,70426624,6,8,54,0,0,0.013408763334155083,0.0,30267.900390625
EleutherAI/pythia-70m,256,step256,70426624,6,8,54,0,1,0.013701441697776318,0.0,30267.900390625
EleutherAI/pythia-70m,256,step256,70426624,6,8,54,0,2,0.013831808231770992,0.0,30267.900390625
EleutherAI/pythia-70m,256,step256,70426624,6,8,54,0,3,0.014200150035321712,0.0,30267.900390625
EleutherAI/pythia-70m,256,step256,70426624,6,8,54,0,4,0.013765012845396996,0.0,30267.900390625
EleutherAI/pythia-70m,256,step256,70426624,6,8,54,0,5,0.013163706287741661,0.0,30267.900390625
EleutherAI/pythia-70m,256,step256,70426624,6,8,54,0,6,0.013486952520906925,0.0,30267.900390625
EleutherAI/pythia-70m,256,step256,70426624,6,8,54,0,7,0.013487687334418297,0.0,30267.900390625
EleutherAI/pythia-70m,256,step256,70426624,6,8,54,1,0,0.009268095716834068,0.0,30267.900390625
EleutherAI/pythia-70m,256,step256,70426624,6,8,54,1,1,0.012294169515371323,0.0,30267.900390625
EleutherAI/pythia-70m,256,step256,70426624,6,8,54,1,2,0.0071757640689611435,0.0,30267.900390625
EleutherAI/pythia-70m,256,step256,70426624,6,8,54,1,3,0.01210859790444374,0.0,30267.900390625
EleutherAI/pythia-70m,256,step256,70426624,6,8,54,1,4,0.009894659742712975,0.0,30267.900390625
EleutherAI/pythia-70m,256,step256,70426624,6,8,54,1,5,0.012084064073860645,0.0,30267.900390625
EleutherAI/pythia-70m,256,step256,70426624,6,8,54,1,6,0.011414839886128902,0.0,30267.900390625
EleutherAI/pythia-70m,256,step256,70426624,6,8,54,1,7,0.00832434929907322,0.0,30267.900390625
EleutherAI/pythia-70m,256,step256,70426624,6,8,54,2,0,0.003133256221190095,0.0,30267.900390625
EleutherAI/pythia-70m,256,step256,70426624,6,8,54,2,1,0.004143420606851578,0.0,30267.900390625
EleutherAI/pythia-70m,256,step256,70426624,6,8,54,2,2,0.007476147264242172,0.0,30267.900390625
EleutherAI/pythia-70m,256,step256,70426624,6,8,54,2,3,0.00373381981626153,0.0,30267.900390625
EleutherAI/pythia-70m,256,step256,70426624,6,8,54,2,4,0.0011649313382804394,0.0,30267.900390625
EleutherAI/pythia-70m,256,step256,70426624,6,8,54,2,5,0.008472954854369164,0.0,30267.900390625
EleutherAI/pythia-70m,256,step256,70426624,6,8,54,2,6,0.010997953824698925,0.0,30267.900390625
EleutherAI/pythia-70m,256,step256,70426624,6,8,54,2,7,0.0037433195393532515,0.0,30267.900390625
EleutherAI/pythia-70m,256,step256,70426624,6,8,54,3,0,0.008894508704543114,0.0,30267.900390625
EleutherAI/pythia-70m,256,step256,70426624,6,8,54,3,1,0.01611221581697464,0.0,30267.900390625
EleutherAI/pythia-70m,256,step256,70426624,6,8,54,3,2,0.0037588856648653746,0.0,30267.900390625
EleutherAI/pythia-70m,256,step256,70426624,6,8,54,3,3,0.013569796457886696,0.0,30267.900390625
EleutherAI/pythia-70m,256,step256,70426624,6,8,54,3,4,0.004555805120617151,0.0,30267.900390625
EleutherAI/pythia-70m,256,step256,70426624,6,8,54,3,5,0.010914360173046589,0.0,30267.900390625
EleutherAI/pythia-70m,256,step256,70426624,6,8,54,3,6,0.0063788737170398235,0.0,30267.900390625
EleutherAI/pythia-70m,256,step256,70426624,6,8,54,3,7,0.006297205574810505,0.0,30267.900390625
EleutherAI/pythia-70m,256,step256,70426624,6,8,54,4,0,0.008089347742497921,0.0,30267.900390625
EleutherAI/pythia-70m,256,step256,70426624,6,8,54,4,1,0.012612578459084034,0.0,30267.900390625
EleutherAI/pythia-70m,256,step256,70426624,6,8,54,4,2,0.010424868203699589,0.0,30267.900390625
EleutherAI/pythia-70m,256,step256,70426624,6,8,54,4,3,0.014379349537193775,0.0,30267.900390625
EleutherAI/pythia-70m,256,step256,70426624,6,8,54,4,4,0.0033186606597155333,0.0,30267.900390625
EleutherAI/pythia-70m,256,step256,70426624,6,8,54,4,5,0.004637966863811016,0.0,30267.900390625
EleutherAI/pythia-70m,256,step256,70426624,6,8,54,4,6,0.007661469746381044,0.0,30267.900390625
EleutherAI/pythia-70m,256,step256,70426624,6,8,54,4,7,0.008889260701835155,0.0,30267.900390625
EleutherAI/pythia-70m,256,step256,70426624,6,8,54,5,0,0.0023115528747439384,0.0,30267.900390625
EleutherAI/pythia-70m,256,step256,70426624,6,8,54,5,1,0.003271210240200162,0.0,30267.900390625
EleutherAI/pythia-70m,256,step256,70426624,6,8,54,5,2,0.005961886141449213,0.0,30267.900390625
EleutherAI/pythia-70m,256,step256,70426624,6,8,54,5,3,0.002414459828287363,0.0,30267.900390625
EleutherAI/pythia-70m,256,step256,70426624,6,8,54,5,4,0.0020477455109357834,0.0,30267.900390625
EleutherAI/pythia-70m,256,step256,70426624,6,8,54,5,5,0.002959152450785041,0.0,30267.900390625
EleutherAI/pythia-70m,256,step256,70426624,6,8,54,5,6,0.007789560128003359,0.0,30267.900390625
EleutherAI/pythia-70m,256,step256,70426624,6,8,54,5,7,0.0021302581299096346,0.0,30267.900390625
EleutherAI/pythia-70m,256,step256,70426624,6,8,55,0,0,0.013465707190334797,0.0,25791.140625
EleutherAI/pythia-70m,256,step256,70426624,6,8,55,0,1,0.013415355235338211,0.0,25791.140625
EleutherAI/pythia-70m,256,step256,70426624,6,8,55,0,2,0.013308029621839523,0.0,25791.140625
EleutherAI/pythia-70m,256,step256,70426624,6,8,55,0,3,0.01391134224832058,0.0,25791.140625
EleutherAI/pythia-70m,256,step256,70426624,6,8,55,0,4,0.01355972420424223,0.0,25791.140625
EleutherAI/pythia-70m,256,step256,70426624,6,8,55,0,5,0.011412341147661209,0.0,25791.140625
EleutherAI/pythia-70m,256,step256,70426624,6,8,55,0,6,0.014380290172994137,0.0,25791.140625
EleutherAI/pythia-70m,256,step256,70426624,6,8,55,0,7,0.012828395701944828,0.0,25791.140625
EleutherAI/pythia-70m,256,step256,70426624,6,8,55,1,0,0.010619658045470715,0.0,25791.140625
EleutherAI/pythia-70m,256,step256,70426624,6,8,55,1,1,0.00898888148367405,0.0,25791.140625
EleutherAI/pythia-70m,256,step256,70426624,6,8,55,1,2,0.006345636676996946,0.0,25791.140625
EleutherAI/pythia-70m,256,step256,70426624,6,8,55,1,3,0.012557556852698326,0.0,25791.140625
EleutherAI/pythia-70m,256,step256,70426624,6,8,55,1,4,0.010610870085656643,0.0,25791.140625
EleutherAI/pythia-70m,256,step256,70426624,6,8,55,1,5,0.010491852648556232,0.0,25791.140625
EleutherAI/pythia-70m,256,step256,70426624,6,8,55,1,6,0.010663107968866825,0.0,25791.140625
EleutherAI/pythia-70m,256,step256,70426624,6,8,55,1,7,0.008789275772869587,0.0,25791.140625
EleutherAI/pythia-70m,256,step256,70426624,6,8,55,2,0,0.0024228403344750404,0.0,25791.140625
EleutherAI/pythia-70m,256,step256,70426624,6,8,55,2,1,0.0025198226794600487,0.0,25791.140625
EleutherAI/pythia-70m,256,step256,70426624,6,8,55,2,2,0.004722561687231064,0.0,25791.140625
EleutherAI/pythia-70m,256,step256,70426624,6,8,55,2,3,0.003251770744100213,0.0,25791.140625
EleutherAI/pythia-70m,256,step256,70426624,6,8,55,2,4,0.0015019028214737773,0.0,25791.140625
EleutherAI/pythia-70m,256,step256,70426624,6,8,55,2,5,0.005927146878093481,0.0,25791.140625
EleutherAI/pythia-70m,256,step256,70426624,6,8,55,2,6,0.010633308440446854,0.0,25791.140625
EleutherAI/pythia-70m,256,step256,70426624,6,8,55,2,7,0.004889342933893204,0.0,25791.140625
EleutherAI/pythia-70m,256,step256,70426624,6,8,55,3,0,0.011746439151465893,0.0,25791.140625
EleutherAI/pythia-70m,256,step256,70426624,6,8,55,3,1,0.013005298562347889,0.0,25791.140625
EleutherAI/pythia-70m,256,step256,70426624,6,8,55,3,2,0.0018779532983899117,0.0,25791.140625
EleutherAI/pythia-70m,256,step256,70426624,6,8,55,3,3,0.008648122660815716,0.0,25791.140625
EleutherAI/pythia-70m,256,step256,70426624,6,8,55,3,4,0.0027710560243576765,0.0,25791.140625
EleutherAI/pythia-70m,256,step256,70426624,6,8,55,3,5,0.012496438808739185,0.0,25791.140625
EleutherAI/pythia-70m,256,step256,70426624,6,8,55,3,6,0.007870713248848915,0.0,25791.140625
EleutherAI/pythia-70m,256,step256,70426624,6,8,55,3,7,0.004780708346515894,0.0,25791.140625
EleutherAI/pythia-70m,256,step256,70426624,6,8,55,4,0,0.007479400839656591,0.0,25791.140625
EleutherAI/pythia-70m,256,step256,70426624,6,8,55,4,1,0.012410862371325493,0.0,25791.140625
EleutherAI/pythia-70m,256,step256,70426624,6,8,55,4,2,0.011337187141180038,0.0,25791.140625
EleutherAI/pythia-70m,256,step256,70426624,6,8,55,4,3,0.01032317616045475,0.0,25791.140625
EleutherAI/pythia-70m,256,step256,70426624,6,8,55,4,4,0.008679240942001343,0.0,25791.140625
EleutherAI/pythia-70m,256,step256,70426624,6,8,55,4,5,0.006671774201095104,0.0,25791.140625
EleutherAI/pythia-70m,256,step256,70426624,6,8,55,4,6,0.00872925203293562,0.0,25791.140625
EleutherAI/pythia-70m,256,step256,70426624,6,8,55,4,7,0.012015290558338165,0.0,25791.140625
EleutherAI/pythia-70m,256,step256,70426624,6,8,55,5,0,0.003128091339021921,0.0,25791.140625
EleutherAI/pythia-70m,256,step256,70426624,6,8,55,5,1,0.0027147310320287943,0.0,25791.140625
EleutherAI/pythia-70m,256,step256,70426624,6,8,55,5,2,0.006072315387427807,0.0,25791.140625
EleutherAI/pythia-70m,256,step256,70426624,6,8,55,5,3,0.001952780527062714,0.0,25791.140625
EleutherAI/pythia-70m,256,step256,70426624,6,8,55,5,4,0.0014954123180359602,0.0,25791.140625
EleutherAI/pythia-70m,256,step256,70426624,6,8,55,5,5,0.003934029955416918,0.0,25791.140625
EleutherAI/pythia-70m,256,step256,70426624,6,8,55,5,6,0.008221438154578209,0.0,25791.140625
EleutherAI/pythia-70m,256,step256,70426624,6,8,55,5,7,0.0012769572203978896,0.0,25791.140625
EleutherAI/pythia-70m,256,step256,70426624,6,8,56,0,0,0.012132368050515652,0.0,26016.9609375
EleutherAI/pythia-70m,256,step256,70426624,6,8,56,0,1,0.014316556043922901,0.0,26016.9609375
EleutherAI/pythia-70m,256,step256,70426624,6,8,56,0,2,0.01491869892925024,0.0,26016.9609375
EleutherAI/pythia-70m,256,step256,70426624,6,8,56,0,3,0.012469368055462837,0.0,26016.9609375
EleutherAI/pythia-70m,256,step256,70426624,6,8,56,0,4,0.013923780992627144,0.0,26016.9609375
EleutherAI/pythia-70m,256,step256,70426624,6,8,56,0,5,0.013787347823381424,0.0,26016.9609375
EleutherAI/pythia-70m,256,step256,70426624,6,8,56,0,6,0.013504487462341785,0.0,26016.9609375
EleutherAI/pythia-70m,256,step256,70426624,6,8,56,0,7,0.013936665840446949,0.0,26016.9609375
EleutherAI/pythia-70m,256,step256,70426624,6,8,56,1,0,0.010034573264420033,0.0,26016.9609375
EleutherAI/pythia-70m,256,step256,70426624,6,8,56,1,1,0.008854609914124012,0.0,26016.9609375
EleutherAI/pythia-70m,256,step256,70426624,6,8,56,1,2,0.006946148816496134,0.0,26016.9609375
EleutherAI/pythia-70m,256,step256,70426624,6,8,56,1,3,0.012044912204146385,0.0,26016.9609375
EleutherAI/pythia-70m,256,step256,70426624,6,8,56,1,4,0.010870051570236683,0.0,26016.9609375
EleutherAI/pythia-70m,256,step256,70426624,6,8,56,1,5,0.012498127296566963,0.0,26016.9609375
EleutherAI/pythia-70m,256,step256,70426624,6,8,56,1,6,0.008685394190251827,0.0,26016.9609375
EleutherAI/pythia-70m,256,step256,70426624,6,8,56,1,7,0.007683096919208765,0.0,26016.9609375
EleutherAI/pythia-70m,256,step256,70426624,6,8,56,2,0,0.002527962438762188,0.0,26016.9609375
EleutherAI/pythia-70m,256,step256,70426624,6,8,56,2,1,0.0026844271924346685,0.0,26016.9609375
EleutherAI/pythia-70m,256,step256,70426624,6,8,56,2,2,0.005454914644360542,0.0,26016.9609375
EleutherAI/pythia-70m,256,step256,70426624,6,8,56,2,3,0.003018671181052923,0.0,26016.9609375
EleutherAI/pythia-70m,256,step256,70426624,6,8,56,2,4,0.0009774656500667334,0.0,26016.9609375
EleutherAI/pythia-70m,256,step256,70426624,6,8,56,2,5,0.007342636585235596,0.0,26016.9609375
EleutherAI/pythia-70m,256,step256,70426624,6,8,56,2,6,0.01194896548986435,0.0,26016.9609375
EleutherAI/pythia-70m,256,step256,70426624,6,8,56,2,7,0.0045106783509254456,0.0,26016.9609375
EleutherAI/pythia-70m,256,step256,70426624,6,8,56,3,0,0.008791846223175526,0.0,26016.9609375
EleutherAI/pythia-70m,256,step256,70426624,6,8,56,3,1,0.008954282850027084,0.0,26016.9609375
EleutherAI/pythia-70m,256,step256,70426624,6,8,56,3,2,0.0028125843964517117,0.0,26016.9609375
EleutherAI/pythia-70m,256,step256,70426624,6,8,56,3,3,0.0064383866265416145,0.0,26016.9609375
EleutherAI/pythia-70m,256,step256,70426624,6,8,56,3,4,0.0037371048238128424,0.0,26016.9609375
EleutherAI/pythia-70m,256,step256,70426624,6,8,56,3,5,0.009566059336066246,0.0,26016.9609375
EleutherAI/pythia-70m,256,step256,70426624,6,8,56,3,6,0.0052468134090304375,0.0,26016.9609375
EleutherAI/pythia-70m,256,step256,70426624,6,8,56,3,7,0.005544285289943218,0.0,26016.9609375
EleutherAI/pythia-70m,256,step256,70426624,6,8,56,4,0,0.011011061258614063,0.0,26016.9609375
EleutherAI/pythia-70m,256,step256,70426624,6,8,56,4,1,0.010821621865034103,0.0,26016.9609375
EleutherAI/pythia-70m,256,step256,70426624,6,8,56,4,2,0.012556297704577446,0.0,26016.9609375
EleutherAI/pythia-70m,256,step256,70426624,6,8,56,4,3,0.009142657741904259,0.0,26016.9609375
EleutherAI/pythia-70m,256,step256,70426624,6,8,56,4,4,0.004375671036541462,0.0,26016.9609375
EleutherAI/pythia-70m,256,step256,70426624,6,8,56,4,5,0.005017826333642006,0.0,26016.9609375
EleutherAI/pythia-70m,256,step256,70426624,6,8,56,4,6,0.009996581822633743,0.0,26016.9609375
EleutherAI/pythia-70m,256,step256,70426624,6,8,56,4,7,0.00931832566857338,0.0,26016.9609375
EleutherAI/pythia-70m,256,step256,70426624,6,8,56,5,0,0.004647985100746155,0.0,26016.9609375
EleutherAI/pythia-70m,256,step256,70426624,6,8,56,5,1,0.005753874778747559,0.0,26016.9609375
EleutherAI/pythia-70m,256,step256,70426624,6,8,56,5,2,0.008061380125582218,0.0,26016.9609375
EleutherAI/pythia-70m,256,step256,70426624,6,8,56,5,3,0.0026997565291821957,0.0,26016.9609375
EleutherAI/pythia-70m,256,step256,70426624,6,8,56,5,4,0.003124559298157692,0.0,26016.9609375
EleutherAI/pythia-70m,256,step256,70426624,6,8,56,5,5,0.0038173848297446966,0.0,26016.9609375
EleutherAI/pythia-70m,256,step256,70426624,6,8,56,5,6,0.01280595175921917,0.0,26016.9609375
EleutherAI/pythia-70m,256,step256,70426624,6,8,56,5,7,0.0022367939818650484,0.0,26016.9609375
EleutherAI/pythia-70m,256,step256,70426624,6,8,57,0,0,0.01330595463514328,0.0,28402.5390625
EleutherAI/pythia-70m,256,step256,70426624,6,8,57,0,1,0.014066007919609547,0.0,28402.5390625
EleutherAI/pythia-70m,256,step256,70426624,6,8,57,0,2,0.01344536803662777,0.0,28402.5390625
EleutherAI/pythia-70m,256,step256,70426624,6,8,57,0,3,0.01325683668255806,0.0,28402.5390625
EleutherAI/pythia-70m,256,step256,70426624,6,8,57,0,4,0.012294872663915157,0.0,28402.5390625
EleutherAI/pythia-70m,256,step256,70426624,6,8,57,0,5,0.014494281262159348,0.0,28402.5390625
EleutherAI/pythia-70m,256,step256,70426624,6,8,57,0,6,0.013519897125661373,0.0,28402.5390625
EleutherAI/pythia-70m,256,step256,70426624,6,8,57,0,7,0.013193497434258461,0.0,28402.5390625
EleutherAI/pythia-70m,256,step256,70426624,6,8,57,1,0,0.00977613776922226,0.0,28402.5390625
EleutherAI/pythia-70m,256,step256,70426624,6,8,57,1,1,0.010006720200181007,0.0,28402.5390625
EleutherAI/pythia-70m,256,step256,70426624,6,8,57,1,2,0.008154193870723248,0.0,28402.5390625
EleutherAI/pythia-70m,256,step256,70426624,6,8,57,1,3,0.009824907407164574,0.0,28402.5390625
EleutherAI/pythia-70m,256,step256,70426624,6,8,57,1,4,0.0113783935084939,0.0,28402.5390625
EleutherAI/pythia-70m,256,step256,70426624,6,8,57,1,5,0.010717226192355156,0.0,28402.5390625
EleutherAI/pythia-70m,256,step256,70426624,6,8,57,1,6,0.013378932140767574,0.0,28402.5390625
EleutherAI/pythia-70m,256,step256,70426624,6,8,57,1,7,0.008798654191195965,0.0,28402.5390625
EleutherAI/pythia-70m,256,step256,70426624,6,8,57,2,0,0.0035069927107542753,0.0,28402.5390625
EleutherAI/pythia-70m,256,step256,70426624,6,8,57,2,1,0.0033966528717428446,0.0,28402.5390625
EleutherAI/pythia-70m,256,step256,70426624,6,8,57,2,2,0.005471847485750914,0.0,28402.5390625
EleutherAI/pythia-70m,256,step256,70426624,6,8,57,2,3,0.0026188911870121956,0.0,28402.5390625
EleutherAI/pythia-70m,256,step256,70426624,6,8,57,2,4,0.0020025328267365694,0.0,28402.5390625
EleutherAI/pythia-70m,256,step256,70426624,6,8,57,2,5,0.009577238000929356,0.0,28402.5390625
EleutherAI/pythia-70m,256,step256,70426624,6,8,57,2,6,0.007477451581507921,0.0,28402.5390625
EleutherAI/pythia-70m,256,step256,70426624,6,8,57,2,7,0.0044388840906322,0.0,28402.5390625
EleutherAI/pythia-70m,256,step256,70426624,6,8,57,3,0,0.010912112891674042,0.0,28402.5390625
EleutherAI/pythia-70m,256,step256,70426624,6,8,57,3,1,0.008470658212900162,0.0,28402.5390625
EleutherAI/pythia-70m,256,step256,70426624,6,8,57,3,2,0.004571930505335331,0.0,28402.5390625
EleutherAI/pythia-70m,256,step256,70426624,6,8,57,3,3,0.007659498602151871,0.0,28402.5390625
EleutherAI/pythia-70m,256,step256,70426624,6,8,57,3,4,0.004409482702612877,0.0,28402.5390625
EleutherAI/pythia-70m,256,step256,70426624,6,8,57,3,5,0.014749398455023766,0.0,28402.5390625
EleutherAI/pythia-70m,256,step256,70426624,6,8,57,3,6,0.006126115098595619,0.0,28402.5390625
EleutherAI/pythia-70m,256,step256,70426624,6,8,57,3,7,0.004856283776462078,0.0,28402.5390625
EleutherAI/pythia-70m,256,step256,70426624,6,8,57,4,0,0.006482005584985018,0.0,28402.5390625
EleutherAI/pythia-70m,256,step256,70426624,6,8,57,4,1,0.010678473860025406,0.0,28402.5390625
EleutherAI/pythia-70m,256,step256,70426624,6,8,57,4,2,0.007540703285485506,0.0,28402.5390625
EleutherAI/pythia-70m,256,step256,70426624,6,8,57,4,3,0.009337931871414185,0.0,28402.5390625
EleutherAI/pythia-70m,256,step256,70426624,6,8,57,4,4,0.004522757604718208,0.0,28402.5390625
EleutherAI/pythia-70m,256,step256,70426624,6,8,57,4,5,0.0053562261164188385,0.0,28402.5390625
EleutherAI/pythia-70m,256,step256,70426624,6,8,57,4,6,0.012030379846692085,0.0,28402.5390625
EleutherAI/pythia-70m,256,step256,70426624,6,8,57,4,7,0.007855520583689213,0.0,28402.5390625
EleutherAI/pythia-70m,256,step256,70426624,6,8,57,5,0,0.0038845138624310493,0.0,28402.5390625
EleutherAI/pythia-70m,256,step256,70426624,6,8,57,5,1,0.00294419564306736,0.0,28402.5390625
EleutherAI/pythia-70m,256,step256,70426624,6,8,57,5,2,0.005686857271939516,0.0,28402.5390625
EleutherAI/pythia-70m,256,step256,70426624,6,8,57,5,3,0.002428393578156829,0.0,28402.5390625
EleutherAI/pythia-70m,256,step256,70426624,6,8,57,5,4,0.0031928694806993008,0.0,28402.5390625
EleutherAI/pythia-70m,256,step256,70426624,6,8,57,5,5,0.0029132708441466093,0.0,28402.5390625
EleutherAI/pythia-70m,256,step256,70426624,6,8,57,5,6,0.008774160407483578,0.0,28402.5390625
EleutherAI/pythia-70m,256,step256,70426624,6,8,57,5,7,0.0016769004287198186,0.0,28402.5390625
EleutherAI/pythia-70m,256,step256,70426624,6,8,58,0,0,0.014125113375484943,0.0,21298.640625
EleutherAI/pythia-70m,256,step256,70426624,6,8,58,0,1,0.015454718843102455,0.0,21298.640625
EleutherAI/pythia-70m,256,step256,70426624,6,8,58,0,2,0.014764145947992802,0.0,21298.640625
EleutherAI/pythia-70m,256,step256,70426624,6,8,58,0,3,0.014781899750232697,0.0,21298.640625
EleutherAI/pythia-70m,256,step256,70426624,6,8,58,0,4,0.013462729752063751,0.0,21298.640625
EleutherAI/pythia-70m,256,step256,70426624,6,8,58,0,5,0.013315238058567047,0.0,21298.640625
EleutherAI/pythia-70m,256,step256,70426624,6,8,58,0,6,0.013431739993393421,0.0,21298.640625
EleutherAI/pythia-70m,256,step256,70426624,6,8,58,0,7,0.013750636950135231,0.0,21298.640625
EleutherAI/pythia-70m,256,step256,70426624,6,8,58,1,0,0.010819833725690842,0.0,21298.640625
EleutherAI/pythia-70m,256,step256,70426624,6,8,58,1,1,0.008655119687318802,0.0,21298.640625
EleutherAI/pythia-70m,256,step256,70426624,6,8,58,1,2,0.00873381644487381,0.0,21298.640625
EleutherAI/pythia-70m,256,step256,70426624,6,8,58,1,3,0.012653341516852379,0.0,21298.640625
EleutherAI/pythia-70m,256,step256,70426624,6,8,58,1,4,0.01276865042746067,0.0,21298.640625
EleutherAI/pythia-70m,256,step256,70426624,6,8,58,1,5,0.01177204865962267,0.0,21298.640625
EleutherAI/pythia-70m,256,step256,70426624,6,8,58,1,6,0.009342567063868046,0.0,21298.640625
EleutherAI/pythia-70m,256,step256,70426624,6,8,58,1,7,0.01304225716739893,0.0,21298.640625
EleutherAI/pythia-70m,256,step256,70426624,6,8,58,2,0,0.004144835285842419,0.0,21298.640625
EleutherAI/pythia-70m,256,step256,70426624,6,8,58,2,1,0.001973927952349186,0.0,21298.640625
EleutherAI/pythia-70m,256,step256,70426624,6,8,58,2,2,0.006308002397418022,0.0,21298.640625
EleutherAI/pythia-70m,256,step256,70426624,6,8,58,2,3,0.004662005230784416,0.0,21298.640625
EleutherAI/pythia-70m,256,step256,70426624,6,8,58,2,4,0.0009381357813253999,0.0,21298.640625
EleutherAI/pythia-70m,256,step256,70426624,6,8,58,2,5,0.010906514711678028,0.0,21298.640625
EleutherAI/pythia-70m,256,step256,70426624,6,8,58,2,6,0.01137660350650549,0.0,21298.640625
EleutherAI/pythia-70m,256,step256,70426624,6,8,58,2,7,0.006799743045121431,0.0,21298.640625
EleutherAI/pythia-70m,256,step256,70426624,6,8,58,3,0,0.01388656534254551,0.0,21298.640625
EleutherAI/pythia-70m,256,step256,70426624,6,8,58,3,1,0.017014287412166595,0.0,21298.640625
EleutherAI/pythia-70m,256,step256,70426624,6,8,58,3,2,0.0026605920866131783,0.0,21298.640625
EleutherAI/pythia-70m,256,step256,70426624,6,8,58,3,3,0.006380828563123941,0.0,21298.640625
EleutherAI/pythia-70m,256,step256,70426624,6,8,58,3,4,0.003918113186955452,0.0,21298.640625
EleutherAI/pythia-70m,256,step256,70426624,6,8,58,3,5,0.012098832987248898,0.0,21298.640625
EleutherAI/pythia-70m,256,step256,70426624,6,8,58,3,6,0.005530737806111574,0.0,21298.640625
EleutherAI/pythia-70m,256,step256,70426624,6,8,58,3,7,0.005080561153590679,0.0,21298.640625
EleutherAI/pythia-70m,256,step256,70426624,6,8,58,4,0,0.009316685609519482,0.0,21298.640625
EleutherAI/pythia-70m,256,step256,70426624,6,8,58,4,1,0.010508137755095959,0.0,21298.640625
EleutherAI/pythia-70m,256,step256,70426624,6,8,58,4,2,0.010235108435153961,0.0,21298.640625
EleutherAI/pythia-70m,256,step256,70426624,6,8,58,4,3,0.008935356512665749,0.0,21298.640625
EleutherAI/pythia-70m,256,step256,70426624,6,8,58,4,4,0.0038609663024544716,0.0,21298.640625
EleutherAI/pythia-70m,256,step256,70426624,6,8,58,4,5,0.003186899935826659,0.0,21298.640625
EleutherAI/pythia-70m,256,step256,70426624,6,8,58,4,6,0.008144965395331383,0.0,21298.640625
EleutherAI/pythia-70m,256,step256,70426624,6,8,58,4,7,0.009719552472233772,0.0,21298.640625
EleutherAI/pythia-70m,256,step256,70426624,6,8,58,5,0,0.0033988934010267258,0.0,21298.640625
EleutherAI/pythia-70m,256,step256,70426624,6,8,58,5,1,0.0033256036695092916,0.0,21298.640625
EleutherAI/pythia-70m,256,step256,70426624,6,8,58,5,2,0.0025171488523483276,0.0,21298.640625
EleutherAI/pythia-70m,256,step256,70426624,6,8,58,5,3,0.0020772770512849092,0.0,21298.640625
EleutherAI/pythia-70m,256,step256,70426624,6,8,58,5,4,0.001351318322122097,0.0,21298.640625
EleutherAI/pythia-70m,256,step256,70426624,6,8,58,5,5,0.002010816941037774,0.0,21298.640625
EleutherAI/pythia-70m,256,step256,70426624,6,8,58,5,6,0.0071968091651797295,0.0,21298.640625
EleutherAI/pythia-70m,256,step256,70426624,6,8,58,5,7,0.0011130764614790678,0.0,21298.640625
EleutherAI/pythia-70m,256,step256,70426624,6,8,59,0,0,0.014355272985994816,0.0,24231.01953125
EleutherAI/pythia-70m,256,step256,70426624,6,8,59,0,1,0.012557492591440678,0.0,24231.01953125
EleutherAI/pythia-70m,256,step256,70426624,6,8,59,0,2,0.014958703890442848,0.0,24231.01953125
EleutherAI/pythia-70m,256,step256,70426624,6,8,59,0,3,0.01401920523494482,0.0,24231.01953125
EleutherAI/pythia-70m,256,step256,70426624,6,8,59,0,4,0.014335126616060734,0.0,24231.01953125
EleutherAI/pythia-70m,256,step256,70426624,6,8,59,0,5,0.013046938925981522,0.0,24231.01953125
EleutherAI/pythia-70m,256,step256,70426624,6,8,59,0,6,0.014272931963205338,0.0,24231.01953125
EleutherAI/pythia-70m,256,step256,70426624,6,8,59,0,7,0.012530322186648846,0.0,24231.01953125
EleutherAI/pythia-70m,256,step256,70426624,6,8,59,1,0,0.012019524350762367,0.0,24231.01953125
EleutherAI/pythia-70m,256,step256,70426624,6,8,59,1,1,0.008505520410835743,0.0,24231.01953125
EleutherAI/pythia-70m,256,step256,70426624,6,8,59,1,2,0.007885186932981014,0.0,24231.01953125
EleutherAI/pythia-70m,256,step256,70426624,6,8,59,1,3,0.011192027479410172,0.0,24231.01953125
EleutherAI/pythia-70m,256,step256,70426624,6,8,59,1,4,0.010962182655930519,0.0,24231.01953125
EleutherAI/pythia-70m,256,step256,70426624,6,8,59,1,5,0.012444930151104927,0.0,24231.01953125
EleutherAI/pythia-70m,256,step256,70426624,6,8,59,1,6,0.009880172088742256,0.0,24231.01953125
EleutherAI/pythia-70m,256,step256,70426624,6,8,59,1,7,0.008563704788684845,0.0,24231.01953125
EleutherAI/pythia-70m,256,step256,70426624,6,8,59,2,0,0.00255965581163764,0.0,24231.01953125
EleutherAI/pythia-70m,256,step256,70426624,6,8,59,2,1,0.0041565983556210995,0.0,24231.01953125
EleutherAI/pythia-70m,256,step256,70426624,6,8,59,2,2,0.006419030483812094,0.0,24231.01953125
EleutherAI/pythia-70m,256,step256,70426624,6,8,59,2,3,0.004688289016485214,0.0,24231.01953125
EleutherAI/pythia-70m,256,step256,70426624,6,8,59,2,4,0.00184364034794271,0.0,24231.01953125
EleutherAI/pythia-70m,256,step256,70426624,6,8,59,2,5,0.011021128855645657,0.0,24231.01953125
EleutherAI/pythia-70m,256,step256,70426624,6,8,59,2,6,0.011381369084119797,0.0,24231.01953125
EleutherAI/pythia-70m,256,step256,70426624,6,8,59,2,7,0.004424383398145437,0.0,24231.01953125
EleutherAI/pythia-70m,256,step256,70426624,6,8,59,3,0,0.010595628060400486,0.0,24231.01953125
EleutherAI/pythia-70m,256,step256,70426624,6,8,59,3,1,0.013133304193615913,0.0,24231.01953125
EleutherAI/pythia-70m,256,step256,70426624,6,8,59,3,2,0.003496012883260846,0.0,24231.01953125
EleutherAI/pythia-70m,256,step256,70426624,6,8,59,3,3,0.007631768472492695,0.0,24231.01953125
EleutherAI/pythia-70m,256,step256,70426624,6,8,59,3,4,0.005073195789009333,0.0,24231.01953125
EleutherAI/pythia-70m,256,step256,70426624,6,8,59,3,5,0.011416401714086533,0.0,24231.01953125
EleutherAI/pythia-70m,256,step256,70426624,6,8,59,3,6,0.007576129399240017,0.0,24231.01953125
EleutherAI/pythia-70m,256,step256,70426624,6,8,59,3,7,0.008208055049180984,0.0,24231.01953125
EleutherAI/pythia-70m,256,step256,70426624,6,8,59,4,0,0.010791633278131485,0.0,24231.01953125
EleutherAI/pythia-70m,256,step256,70426624,6,8,59,4,1,0.010537444613873959,0.0,24231.01953125
EleutherAI/pythia-70m,256,step256,70426624,6,8,59,4,2,0.01153571531176567,0.0,24231.01953125
EleutherAI/pythia-70m,256,step256,70426624,6,8,59,4,3,0.009144613519310951,0.0,24231.01953125
EleutherAI/pythia-70m,256,step256,70426624,6,8,59,4,4,0.006431298330426216,0.0,24231.01953125
EleutherAI/pythia-70m,256,step256,70426624,6,8,59,4,5,0.007363338489085436,0.0,24231.01953125
EleutherAI/pythia-70m,256,step256,70426624,6,8,59,4,6,0.007992909289896488,0.0,24231.01953125
EleutherAI/pythia-70m,256,step256,70426624,6,8,59,4,7,0.012494592927396297,0.0,24231.01953125
EleutherAI/pythia-70m,256,step256,70426624,6,8,59,5,0,0.004022836219519377,0.0,24231.01953125
EleutherAI/pythia-70m,256,step256,70426624,6,8,59,5,1,0.0039832014590501785,0.0,24231.01953125
EleutherAI/pythia-70m,256,step256,70426624,6,8,59,5,2,0.005732136312872171,0.0,24231.01953125
EleutherAI/pythia-70m,256,step256,70426624,6,8,59,5,3,0.0038363405037671328,0.0,24231.01953125
EleutherAI/pythia-70m,256,step256,70426624,6,8,59,5,4,0.003421743167564273,0.0,24231.01953125
EleutherAI/pythia-70m,256,step256,70426624,6,8,59,5,5,0.005064100027084351,0.0,24231.01953125
EleutherAI/pythia-70m,256,step256,70426624,6,8,59,5,6,0.012864924967288971,0.0,24231.01953125
EleutherAI/pythia-70m,256,step256,70426624,6,8,59,5,7,0.0018715561600401998,0.0,24231.01953125
EleutherAI/pythia-70m,256,step256,70426624,6,8,60,0,0,0.014638531021773815,0.0,23737.939453125
EleutherAI/pythia-70m,256,step256,70426624,6,8,60,0,1,0.014149082824587822,0.0,23737.939453125
EleutherAI/pythia-70m,256,step256,70426624,6,8,60,0,2,0.014173493720591068,0.0,23737.939453125
EleutherAI/pythia-70m,256,step256,70426624,6,8,60,0,3,0.012942400760948658,0.0,23737.939453125
EleutherAI/pythia-70m,256,step256,70426624,6,8,60,0,4,0.013591405004262924,0.0,23737.939453125
EleutherAI/pythia-70m,256,step256,70426624,6,8,60,0,5,0.014250533655285835,0.0,23737.939453125
EleutherAI/pythia-70m,256,step256,70426624,6,8,60,0,6,0.01385555975139141,0.0,23737.939453125
EleutherAI/pythia-70m,256,step256,70426624,6,8,60,0,7,0.014010673388838768,0.0,23737.939453125
EleutherAI/pythia-70m,256,step256,70426624,6,8,60,1,0,0.012686989270150661,0.0,23737.939453125
EleutherAI/pythia-70m,256,step256,70426624,6,8,60,1,1,0.010489220730960369,0.0,23737.939453125
EleutherAI/pythia-70m,256,step256,70426624,6,8,60,1,2,0.007173247169703245,0.0,23737.939453125
EleutherAI/pythia-70m,256,step256,70426624,6,8,60,1,3,0.011137246154248714,0.0,23737.939453125
EleutherAI/pythia-70m,256,step256,70426624,6,8,60,1,4,0.012047349475324154,0.0,23737.939453125
EleutherAI/pythia-70m,256,step256,70426624,6,8,60,1,5,0.012598675675690174,0.0,23737.939453125
EleutherAI/pythia-70m,256,step256,70426624,6,8,60,1,6,0.010493781417608261,0.0,23737.939453125
EleutherAI/pythia-70m,256,step256,70426624,6,8,60,1,7,0.009422924369573593,0.0,23737.939453125
EleutherAI/pythia-70m,256,step256,70426624,6,8,60,2,0,0.002776593901216984,0.0,23737.939453125
EleutherAI/pythia-70m,256,step256,70426624,6,8,60,2,1,0.0036798077635467052,0.0,23737.939453125
EleutherAI/pythia-70m,256,step256,70426624,6,8,60,2,2,0.005683466792106628,0.0,23737.939453125
EleutherAI/pythia-70m,256,step256,70426624,6,8,60,2,3,0.003474167548120022,0.0,23737.939453125
EleutherAI/pythia-70m,256,step256,70426624,6,8,60,2,4,0.0009090837556868792,0.0,23737.939453125
EleutherAI/pythia-70m,256,step256,70426624,6,8,60,2,5,0.010470001958310604,0.0,23737.939453125
EleutherAI/pythia-70m,256,step256,70426624,6,8,60,2,6,0.012601006776094437,0.0,23737.939453125
EleutherAI/pythia-70m,256,step256,70426624,6,8,60,2,7,0.003956016153097153,0.0,23737.939453125
EleutherAI/pythia-70m,256,step256,70426624,6,8,60,3,0,0.011624209582805634,0.0,23737.939453125
EleutherAI/pythia-70m,256,step256,70426624,6,8,60,3,1,0.012701433151960373,0.0,23737.939453125
EleutherAI/pythia-70m,256,step256,70426624,6,8,60,3,2,0.002492735628038645,0.0,23737.939453125
EleutherAI/pythia-70m,256,step256,70426624,6,8,60,3,3,0.007332482375204563,0.0,23737.939453125
EleutherAI/pythia-70m,256,step256,70426624,6,8,60,3,4,0.0032589517068117857,0.0,23737.939453125
EleutherAI/pythia-70m,256,step256,70426624,6,8,60,3,5,0.011749842204153538,0.0,23737.939453125
EleutherAI/pythia-70m,256,step256,70426624,6,8,60,3,6,0.006757230963557959,0.0,23737.939453125
EleutherAI/pythia-70m,256,step256,70426624,6,8,60,3,7,0.004138205666095018,0.0,23737.939453125
EleutherAI/pythia-70m,256,step256,70426624,6,8,60,4,0,0.007649385370314121,0.0,23737.939453125
EleutherAI/pythia-70m,256,step256,70426624,6,8,60,4,1,0.01273391768336296,0.0,23737.939453125
EleutherAI/pythia-70m,256,step256,70426624,6,8,60,4,2,0.009404285810887814,0.0,23737.939453125
EleutherAI/pythia-70m,256,step256,70426624,6,8,60,4,3,0.007645496167242527,0.0,23737.939453125
EleutherAI/pythia-70m,256,step256,70426624,6,8,60,4,4,0.003936425782740116,0.0,23737.939453125
EleutherAI/pythia-70m,256,step256,70426624,6,8,60,4,5,0.00398511067032814,0.0,23737.939453125
EleutherAI/pythia-70m,256,step256,70426624,6,8,60,4,6,0.009036905132234097,0.0,23737.939453125
EleutherAI/pythia-70m,256,step256,70426624,6,8,60,4,7,0.009218188934028149,0.0,23737.939453125
EleutherAI/pythia-70m,256,step256,70426624,6,8,60,5,0,0.0028106376994401217,0.0,23737.939453125
EleutherAI/pythia-70m,256,step256,70426624,6,8,60,5,1,0.0033517233096063137,0.0,23737.939453125
EleutherAI/pythia-70m,256,step256,70426624,6,8,60,5,2,0.004915306810289621,0.0,23737.939453125
EleutherAI/pythia-70m,256,step256,70426624,6,8,60,5,3,0.0021105455234646797,0.0,23737.939453125
EleutherAI/pythia-70m,256,step256,70426624,6,8,60,5,4,0.0021585116628557444,0.0,23737.939453125
EleutherAI/pythia-70m,256,step256,70426624,6,8,60,5,5,0.0035383806098252535,0.0,23737.939453125
EleutherAI/pythia-70m,256,step256,70426624,6,8,60,5,6,0.010266665369272232,0.0,23737.939453125
EleutherAI/pythia-70m,256,step256,70426624,6,8,60,5,7,0.001491052913479507,0.0,23737.939453125
EleutherAI/pythia-70m,256,step256,70426624,6,8,61,0,0,0.015423676930367947,0.0,25201.759765625
EleutherAI/pythia-70m,256,step256,70426624,6,8,61,0,1,0.01233435608446598,0.0,25201.759765625
EleutherAI/pythia-70m,256,step256,70426624,6,8,61,0,2,0.013778669759631157,0.0,25201.759765625
EleutherAI/pythia-70m,256,step256,70426624,6,8,61,0,3,0.014295417815446854,0.0,25201.759765625
EleutherAI/pythia-70m,256,step256,70426624,6,8,61,0,4,0.013891197741031647,0.0,25201.759765625
EleutherAI/pythia-70m,256,step256,70426624,6,8,61,0,5,0.013124100863933563,0.0,25201.759765625
EleutherAI/pythia-70m,256,step256,70426624,6,8,61,0,6,0.015484285540878773,0.0,25201.759765625
EleutherAI/pythia-70m,256,step256,70426624,6,8,61,0,7,0.01399952732026577,0.0,25201.759765625
EleutherAI/pythia-70m,256,step256,70426624,6,8,61,1,0,0.010609504766762257,0.0,25201.759765625
EleutherAI/pythia-70m,256,step256,70426624,6,8,61,1,1,0.009588944725692272,0.0,25201.759765625
EleutherAI/pythia-70m,256,step256,70426624,6,8,61,1,2,0.00821765698492527,0.0,25201.759765625
EleutherAI/pythia-70m,256,step256,70426624,6,8,61,1,3,0.012010166421532631,0.0,25201.759765625
EleutherAI/pythia-70m,256,step256,70426624,6,8,61,1,4,0.010346770286560059,0.0,25201.759765625
EleutherAI/pythia-70m,256,step256,70426624,6,8,61,1,5,0.013382868841290474,0.0,25201.759765625
EleutherAI/pythia-70m,256,step256,70426624,6,8,61,1,6,0.010008272714912891,0.0,25201.759765625
EleutherAI/pythia-70m,256,step256,70426624,6,8,61,1,7,0.009299428202211857,0.0,25201.759765625
EleutherAI/pythia-70m,256,step256,70426624,6,8,61,2,0,0.00298613915219903,0.0,25201.759765625
EleutherAI/pythia-70m,256,step256,70426624,6,8,61,2,1,0.0029900928493589163,0.0,25201.759765625
EleutherAI/pythia-70m,256,step256,70426624,6,8,61,2,2,0.005361059680581093,0.0,25201.759765625
EleutherAI/pythia-70m,256,step256,70426624,6,8,61,2,3,0.0037300437688827515,0.0,25201.759765625
EleutherAI/pythia-70m,256,step256,70426624,6,8,61,2,4,0.0014394925674423575,0.0,25201.759765625
EleutherAI/pythia-70m,256,step256,70426624,6,8,61,2,5,0.008180705830454826,0.0,25201.759765625
EleutherAI/pythia-70m,256,step256,70426624,6,8,61,2,6,0.010359542444348335,0.0,25201.759765625
EleutherAI/pythia-70m,256,step256,70426624,6,8,61,2,7,0.004054110962897539,0.0,25201.759765625
EleutherAI/pythia-70m,256,step256,70426624,6,8,61,3,0,0.010064656846225262,0.0,25201.759765625
EleutherAI/pythia-70m,256,step256,70426624,6,8,61,3,1,0.010251563042402267,0.0,25201.759765625
EleutherAI/pythia-70m,256,step256,70426624,6,8,61,3,2,0.0028704944998025894,0.0,25201.759765625
EleutherAI/pythia-70m,256,step256,70426624,6,8,61,3,3,0.007891301065683365,0.0,25201.759765625
EleutherAI/pythia-70m,256,step256,70426624,6,8,61,3,4,0.004027701914310455,0.0,25201.759765625
EleutherAI/pythia-70m,256,step256,70426624,6,8,61,3,5,0.01285507157444954,0.0,25201.759765625
EleutherAI/pythia-70m,256,step256,70426624,6,8,61,3,6,0.008319081738591194,0.0,25201.759765625
EleutherAI/pythia-70m,256,step256,70426624,6,8,61,3,7,0.006441586185246706,0.0,25201.759765625
EleutherAI/pythia-70m,256,step256,70426624,6,8,61,4,0,0.011416295543313026,0.0,25201.759765625
EleutherAI/pythia-70m,256,step256,70426624,6,8,61,4,1,0.011833668686449528,0.0,25201.759765625
EleutherAI/pythia-70m,256,step256,70426624,6,8,61,4,2,0.009232384152710438,0.0,25201.759765625
EleutherAI/pythia-70m,256,step256,70426624,6,8,61,4,3,0.010529317893087864,0.0,25201.759765625
EleutherAI/pythia-70m,256,step256,70426624,6,8,61,4,4,0.004993894137442112,0.0,25201.759765625
EleutherAI/pythia-70m,256,step256,70426624,6,8,61,4,5,0.004639327526092529,0.0,25201.759765625
EleutherAI/pythia-70m,256,step256,70426624,6,8,61,4,6,0.008434549905359745,0.0,25201.759765625
EleutherAI/pythia-70m,256,step256,70426624,6,8,61,4,7,0.009936356917023659,0.0,25201.759765625
EleutherAI/pythia-70m,256,step256,70426624,6,8,61,5,0,0.004625543486326933,0.0,25201.759765625
EleutherAI/pythia-70m,256,step256,70426624,6,8,61,5,1,0.005839425139129162,0.0,25201.759765625
EleutherAI/pythia-70m,256,step256,70426624,6,8,61,5,2,0.007588752079755068,0.0,25201.759765625
EleutherAI/pythia-70m,256,step256,70426624,6,8,61,5,3,0.003864722326397896,0.0,25201.759765625
EleutherAI/pythia-70m,256,step256,70426624,6,8,61,5,4,0.0031281569972634315,0.0,25201.759765625
EleutherAI/pythia-70m,256,step256,70426624,6,8,61,5,5,0.004323762841522694,0.0,25201.759765625
EleutherAI/pythia-70m,256,step256,70426624,6,8,61,5,6,0.00932268239557743,0.0,25201.759765625
EleutherAI/pythia-70m,256,step256,70426624,6,8,61,5,7,0.001671041827648878,0.0,25201.759765625
EleutherAI/pythia-70m,256,step256,70426624,6,8,62,0,0,0.014739193953573704,0.0,23836.6796875
EleutherAI/pythia-70m,256,step256,70426624,6,8,62,0,1,0.012930397875607014,0.0,23836.6796875
EleutherAI/pythia-70m,256,step256,70426624,6,8,62,0,2,0.013137724250555038,0.0,23836.6796875
EleutherAI/pythia-70m,256,step256,70426624,6,8,62,0,3,0.013835970312356949,0.0,23836.6796875
EleutherAI/pythia-70m,256,step256,70426624,6,8,62,0,4,0.014287719503045082,0.0,23836.6796875
EleutherAI/pythia-70m,256,step256,70426624,6,8,62,0,5,0.013309030793607235,0.0,23836.6796875
EleutherAI/pythia-70m,256,step256,70426624,6,8,62,0,6,0.01357958186417818,0.0,23836.6796875
EleutherAI/pythia-70m,256,step256,70426624,6,8,62,0,7,0.0141367856413126,0.0,23836.6796875
EleutherAI/pythia-70m,256,step256,70426624,6,8,62,1,0,0.00960586965084076,0.0,23836.6796875
EleutherAI/pythia-70m,256,step256,70426624,6,8,62,1,1,0.009393860585987568,0.0,23836.6796875
EleutherAI/pythia-70m,256,step256,70426624,6,8,62,1,2,0.0067230756394565105,0.0,23836.6796875
EleutherAI/pythia-70m,256,step256,70426624,6,8,62,1,3,0.012373669072985649,0.0,23836.6796875
EleutherAI/pythia-70m,256,step256,70426624,6,8,62,1,4,0.012324290350079536,0.0,23836.6796875
EleutherAI/pythia-70m,256,step256,70426624,6,8,62,1,5,0.014474339783191681,0.0,23836.6796875
EleutherAI/pythia-70m,256,step256,70426624,6,8,62,1,6,0.009737328626215458,0.0,23836.6796875
EleutherAI/pythia-70m,256,step256,70426624,6,8,62,1,7,0.00856782216578722,0.0,23836.6796875
EleutherAI/pythia-70m,256,step256,70426624,6,8,62,2,0,0.0018230185378342867,0.0,23836.6796875
EleutherAI/pythia-70m,256,step256,70426624,6,8,62,2,1,0.002658238634467125,0.0,23836.6796875
EleutherAI/pythia-70m,256,step256,70426624,6,8,62,2,2,0.0071788690984249115,0.0,23836.6796875
EleutherAI/pythia-70m,256,step256,70426624,6,8,62,2,3,0.0032938166987150908,0.0,23836.6796875
EleutherAI/pythia-70m,256,step256,70426624,6,8,62,2,4,0.0008893987396731973,0.0,23836.6796875
EleutherAI/pythia-70m,256,step256,70426624,6,8,62,2,5,0.013935445807874203,0.0,23836.6796875
EleutherAI/pythia-70m,256,step256,70426624,6,8,62,2,6,0.008650636300444603,0.0,23836.6796875
EleutherAI/pythia-70m,256,step256,70426624,6,8,62,2,7,0.004602220840752125,0.0,23836.6796875
EleutherAI/pythia-70m,256,step256,70426624,6,8,62,3,0,0.011304149404168129,0.0,23836.6796875
EleutherAI/pythia-70m,256,step256,70426624,6,8,62,3,1,0.008709230460226536,0.0,23836.6796875
EleutherAI/pythia-70m,256,step256,70426624,6,8,62,3,2,0.002188015729188919,0.0,23836.6796875
EleutherAI/pythia-70m,256,step256,70426624,6,8,62,3,3,0.007070443127304316,0.0,23836.6796875
EleutherAI/pythia-70m,256,step256,70426624,6,8,62,3,4,0.0025998589117079973,0.0,23836.6796875
EleutherAI/pythia-70m,256,step256,70426624,6,8,62,3,5,0.009992185048758984,0.0,23836.6796875
EleutherAI/pythia-70m,256,step256,70426624,6,8,62,3,6,0.0068637714721262455,0.0,23836.6796875
EleutherAI/pythia-70m,256,step256,70426624,6,8,62,3,7,0.005643080919981003,0.0,23836.6796875
EleutherAI/pythia-70m,256,step256,70426624,6,8,62,4,0,0.007347533013671637,0.0,23836.6796875
EleutherAI/pythia-70m,256,step256,70426624,6,8,62,4,1,0.011725937016308308,0.0,23836.6796875
EleutherAI/pythia-70m,256,step256,70426624,6,8,62,4,2,0.008061164058744907,0.0,23836.6796875
EleutherAI/pythia-70m,256,step256,70426624,6,8,62,4,3,0.009337405674159527,0.0,23836.6796875
EleutherAI/pythia-70m,256,step256,70426624,6,8,62,4,4,0.003043174045160413,0.0,23836.6796875
EleutherAI/pythia-70m,256,step256,70426624,6,8,62,4,5,0.006969267502427101,0.0,23836.6796875
EleutherAI/pythia-70m,256,step256,70426624,6,8,62,4,6,0.00934009999036789,0.0,23836.6796875
EleutherAI/pythia-70m,256,step256,70426624,6,8,62,4,7,0.008755684830248356,0.0,23836.6796875
EleutherAI/pythia-70m,256,step256,70426624,6,8,62,5,0,0.0030031008645892143,0.0,23836.6796875
EleutherAI/pythia-70m,256,step256,70426624,6,8,62,5,1,0.003850682405754924,0.0,23836.6796875
EleutherAI/pythia-70m,256,step256,70426624,6,8,62,5,2,0.006282242015004158,0.0,23836.6796875
EleutherAI/pythia-70m,256,step256,70426624,6,8,62,5,3,0.0024972253013402224,0.0,23836.6796875
EleutherAI/pythia-70m,256,step256,70426624,6,8,62,5,4,0.0024366534780710936,0.0,23836.6796875
EleutherAI/pythia-70m,256,step256,70426624,6,8,62,5,5,0.003882796736434102,0.0,23836.6796875
EleutherAI/pythia-70m,256,step256,70426624,6,8,62,5,6,0.009610660374164581,0.0,23836.6796875
EleutherAI/pythia-70m,256,step256,70426624,6,8,62,5,7,0.0013987870188429952,0.0,23836.6796875
EleutherAI/pythia-70m,256,step256,70426624,6,8,63,0,0,0.01394245121628046,0.0,27552.140625
EleutherAI/pythia-70m,256,step256,70426624,6,8,63,0,1,0.013801655732095242,0.0,27552.140625
EleutherAI/pythia-70m,256,step256,70426624,6,8,63,0,2,0.014592787250876427,0.0,27552.140625
EleutherAI/pythia-70m,256,step256,70426624,6,8,63,0,3,0.013797294348478317,0.0,27552.140625
EleutherAI/pythia-70m,256,step256,70426624,6,8,63,0,4,0.013047659769654274,0.0,27552.140625
EleutherAI/pythia-70m,256,step256,70426624,6,8,63,0,5,0.012144326232373714,0.0,27552.140625
EleutherAI/pythia-70m,256,step256,70426624,6,8,63,0,6,0.014854133129119873,0.0,27552.140625
EleutherAI/pythia-70m,256,step256,70426624,6,8,63,0,7,0.01381080411374569,0.0,27552.140625
EleutherAI/pythia-70m,256,step256,70426624,6,8,63,1,0,0.01114741712808609,0.0,27552.140625
EleutherAI/pythia-70m,256,step256,70426624,6,8,63,1,1,0.010957727208733559,0.0,27552.140625
EleutherAI/pythia-70m,256,step256,70426624,6,8,63,1,2,0.007195883896201849,0.0,27552.140625
EleutherAI/pythia-70m,256,step256,70426624,6,8,63,1,3,0.01184889581054449,0.0,27552.140625
EleutherAI/pythia-70m,256,step256,70426624,6,8,63,1,4,0.013042841106653214,0.0,27552.140625
EleutherAI/pythia-70m,256,step256,70426624,6,8,63,1,5,0.011520802974700928,0.0,27552.140625
EleutherAI/pythia-70m,256,step256,70426624,6,8,63,1,6,0.009686448611319065,0.0,27552.140625
EleutherAI/pythia-70m,256,step256,70426624,6,8,63,1,7,0.009486015886068344,0.0,27552.140625
EleutherAI/pythia-70m,256,step256,70426624,6,8,63,2,0,0.0015751412138342857,0.0,27552.140625
EleutherAI/pythia-70m,256,step256,70426624,6,8,63,2,1,0.002219756133854389,0.0,27552.140625
EleutherAI/pythia-70m,256,step256,70426624,6,8,63,2,2,0.005377826746553183,0.0,27552.140625
EleutherAI/pythia-70m,256,step256,70426624,6,8,63,2,3,0.0023891625460237265,0.0,27552.140625
EleutherAI/pythia-70m,256,step256,70426624,6,8,63,2,4,0.0008384819375351071,0.0,27552.140625
EleutherAI/pythia-70m,256,step256,70426624,6,8,63,2,5,0.009625761769711971,0.0,27552.140625
EleutherAI/pythia-70m,256,step256,70426624,6,8,63,2,6,0.010291597805917263,0.0,27552.140625
EleutherAI/pythia-70m,256,step256,70426624,6,8,63,2,7,0.004686253610998392,0.0,27552.140625
EleutherAI/pythia-70m,256,step256,70426624,6,8,63,3,0,0.012082948349416256,0.0,27552.140625
EleutherAI/pythia-70m,256,step256,70426624,6,8,63,3,1,0.01051174383610487,0.0,27552.140625
EleutherAI/pythia-70m,256,step256,70426624,6,8,63,3,2,0.008017412386834621,0.0,27552.140625
EleutherAI/pythia-70m,256,step256,70426624,6,8,63,3,3,0.0053992001339793205,0.0,27552.140625
EleutherAI/pythia-70m,256,step256,70426624,6,8,63,3,4,0.0033518727868795395,0.0,27552.140625
EleutherAI/pythia-70m,256,step256,70426624,6,8,63,3,5,0.01362033560872078,0.0,27552.140625
EleutherAI/pythia-70m,256,step256,70426624,6,8,63,3,6,0.007850720547139645,0.0,27552.140625
EleutherAI/pythia-70m,256,step256,70426624,6,8,63,3,7,0.004204588942229748,0.0,27552.140625
EleutherAI/pythia-70m,256,step256,70426624,6,8,63,4,0,0.009164167568087578,0.0,27552.140625
EleutherAI/pythia-70m,256,step256,70426624,6,8,63,4,1,0.011256065219640732,0.0,27552.140625
EleutherAI/pythia-70m,256,step256,70426624,6,8,63,4,2,0.01121391449123621,0.0,27552.140625
EleutherAI/pythia-70m,256,step256,70426624,6,8,63,4,3,0.010574374347925186,0.0,27552.140625
EleutherAI/pythia-70m,256,step256,70426624,6,8,63,4,4,0.005274057853966951,0.0,27552.140625
EleutherAI/pythia-70m,256,step256,70426624,6,8,63,4,5,0.004794938489794731,0.0,27552.140625
EleutherAI/pythia-70m,256,step256,70426624,6,8,63,4,6,0.006845351308584213,0.0,27552.140625
EleutherAI/pythia-70m,256,step256,70426624,6,8,63,4,7,0.008266378194093704,0.0,27552.140625
EleutherAI/pythia-70m,256,step256,70426624,6,8,63,5,0,0.0039016467053443193,0.0,27552.140625
EleutherAI/pythia-70m,256,step256,70426624,6,8,63,5,1,0.002916963305324316,0.0,27552.140625
EleutherAI/pythia-70m,256,step256,70426624,6,8,63,5,2,0.006603903602808714,0.0,27552.140625
EleutherAI/pythia-70m,256,step256,70426624,6,8,63,5,3,0.0025570010766386986,0.0,27552.140625
EleutherAI/pythia-70m,256,step256,70426624,6,8,63,5,4,0.0015258678467944264,0.0,27552.140625
EleutherAI/pythia-70m,256,step256,70426624,6,8,63,5,5,0.0029903152026236057,0.0,27552.140625
EleutherAI/pythia-70m,256,step256,70426624,6,8,63,5,6,0.007983126677572727,0.0,27552.140625
EleutherAI/pythia-70m,256,step256,70426624,6,8,63,5,7,0.0014232454122975469,0.0,27552.140625
EleutherAI/pythia-70m,256,step256,70426624,6,8,64,0,0,0.0142527986317873,0.0,27643.380859375
EleutherAI/pythia-70m,256,step256,70426624,6,8,64,0,1,0.012444131076335907,0.0,27643.380859375
EleutherAI/pythia-70m,256,step256,70426624,6,8,64,0,2,0.013068356551229954,0.0,27643.380859375
EleutherAI/pythia-70m,256,step256,70426624,6,8,64,0,3,0.012989435344934464,0.0,27643.380859375
EleutherAI/pythia-70m,256,step256,70426624,6,8,64,0,4,0.014423881657421589,0.0,27643.380859375
EleutherAI/pythia-70m,256,step256,70426624,6,8,64,0,5,0.014429666101932526,0.0,27643.380859375
EleutherAI/pythia-70m,256,step256,70426624,6,8,64,0,6,0.01322500966489315,0.0,27643.380859375
EleutherAI/pythia-70m,256,step256,70426624,6,8,64,0,7,0.012440437451004982,0.0,27643.380859375
EleutherAI/pythia-70m,256,step256,70426624,6,8,64,1,0,0.010851260274648666,0.0,27643.380859375
EleutherAI/pythia-70m,256,step256,70426624,6,8,64,1,1,0.008841807954013348,0.0,27643.380859375
EleutherAI/pythia-70m,256,step256,70426624,6,8,64,1,2,0.006745032034814358,0.0,27643.380859375
EleutherAI/pythia-70m,256,step256,70426624,6,8,64,1,3,0.010405835695564747,0.0,27643.380859375
EleutherAI/pythia-70m,256,step256,70426624,6,8,64,1,4,0.010646658018231392,0.0,27643.380859375
EleutherAI/pythia-70m,256,step256,70426624,6,8,64,1,5,0.0110098235309124,0.0,27643.380859375
EleutherAI/pythia-70m,256,step256,70426624,6,8,64,1,6,0.011022264137864113,0.0,27643.380859375
EleutherAI/pythia-70m,256,step256,70426624,6,8,64,1,7,0.006760166492313147,0.0,27643.380859375
EleutherAI/pythia-70m,256,step256,70426624,6,8,64,2,0,0.0026857685297727585,0.0,27643.380859375
EleutherAI/pythia-70m,256,step256,70426624,6,8,64,2,1,0.0024471492506563663,0.0,27643.380859375
EleutherAI/pythia-70m,256,step256,70426624,6,8,64,2,2,0.006499739363789558,0.0,27643.380859375
EleutherAI/pythia-70m,256,step256,70426624,6,8,64,2,3,0.0032676775008440018,0.0,27643.380859375
EleutherAI/pythia-70m,256,step256,70426624,6,8,64,2,4,0.0010533073218539357,0.0,27643.380859375
EleutherAI/pythia-70m,256,step256,70426624,6,8,64,2,5,0.008670838549733162,0.0,27643.380859375
EleutherAI/pythia-70m,256,step256,70426624,6,8,64,2,6,0.008417945355176926,0.0,27643.380859375
EleutherAI/pythia-70m,256,step256,70426624,6,8,64,2,7,0.005444101057946682,0.0,27643.380859375
EleutherAI/pythia-70m,256,step256,70426624,6,8,64,3,0,0.00930238887667656,0.0,27643.380859375
EleutherAI/pythia-70m,256,step256,70426624,6,8,64,3,1,0.011267363093793392,0.0,27643.380859375
EleutherAI/pythia-70m,256,step256,70426624,6,8,64,3,2,0.00301177566871047,0.0,27643.380859375
EleutherAI/pythia-70m,256,step256,70426624,6,8,64,3,3,0.00838346965610981,0.0,27643.380859375
EleutherAI/pythia-70m,256,step256,70426624,6,8,64,3,4,0.0038355060387402773,0.0,27643.380859375
EleutherAI/pythia-70m,256,step256,70426624,6,8,64,3,5,0.011601953767240047,0.0,27643.380859375
EleutherAI/pythia-70m,256,step256,70426624,6,8,64,3,6,0.006053329911082983,0.0,27643.380859375
EleutherAI/pythia-70m,256,step256,70426624,6,8,64,3,7,0.0056665753945708275,0.0,27643.380859375
EleutherAI/pythia-70m,256,step256,70426624,6,8,64,4,0,0.008749019354581833,0.0,27643.380859375
EleutherAI/pythia-70m,256,step256,70426624,6,8,64,4,1,0.011051923967897892,0.0,27643.380859375
EleutherAI/pythia-70m,256,step256,70426624,6,8,64,4,2,0.00807693786919117,0.0,27643.380859375
EleutherAI/pythia-70m,256,step256,70426624,6,8,64,4,3,0.012447988614439964,0.0,27643.380859375
EleutherAI/pythia-70m,256,step256,70426624,6,8,64,4,4,0.004492207430303097,0.0,27643.380859375
EleutherAI/pythia-70m,256,step256,70426624,6,8,64,4,5,0.004859740845859051,0.0,27643.380859375
EleutherAI/pythia-70m,256,step256,70426624,6,8,64,4,6,0.008141275495290756,0.0,27643.380859375
EleutherAI/pythia-70m,256,step256,70426624,6,8,64,4,7,0.011211368255317211,0.0,27643.380859375
EleutherAI/pythia-70m,256,step256,70426624,6,8,64,5,0,0.0028708248864859343,0.0,27643.380859375
EleutherAI/pythia-70m,256,step256,70426624,6,8,64,5,1,0.003639488248154521,0.0,27643.380859375
EleutherAI/pythia-70m,256,step256,70426624,6,8,64,5,2,0.0074326517060399055,0.0,27643.380859375
EleutherAI/pythia-70m,256,step256,70426624,6,8,64,5,3,0.0021003568544983864,0.0,27643.380859375
EleutherAI/pythia-70m,256,step256,70426624,6,8,64,5,4,0.002482868731021881,0.0,27643.380859375
EleutherAI/pythia-70m,256,step256,70426624,6,8,64,5,5,0.004582764580845833,0.0,27643.380859375
EleutherAI/pythia-70m,256,step256,70426624,6,8,64,5,6,0.010019549168646336,0.0,27643.380859375
EleutherAI/pythia-70m,256,step256,70426624,6,8,64,5,7,0.0013308068737387657,0.0,27643.380859375
EleutherAI/pythia-70m,256,step256,70426624,6,8,65,0,0,0.013942787423729897,0.0,22724.439453125
EleutherAI/pythia-70m,256,step256,70426624,6,8,65,0,1,0.013330360874533653,0.0,22724.439453125
EleutherAI/pythia-70m,256,step256,70426624,6,8,65,0,2,0.013592944480478764,0.0,22724.439453125
EleutherAI/pythia-70m,256,step256,70426624,6,8,65,0,3,0.011896654032170773,0.0,22724.439453125
EleutherAI/pythia-70m,256,step256,70426624,6,8,65,0,4,0.013264229521155357,0.0,22724.439453125
EleutherAI/pythia-70m,256,step256,70426624,6,8,65,0,5,0.013423966243863106,0.0,22724.439453125
EleutherAI/pythia-70m,256,step256,70426624,6,8,65,0,6,0.014365318231284618,0.0,22724.439453125
EleutherAI/pythia-70m,256,step256,70426624,6,8,65,0,7,0.014018879272043705,0.0,22724.439453125
EleutherAI/pythia-70m,256,step256,70426624,6,8,65,1,0,0.010585090145468712,0.0,22724.439453125
EleutherAI/pythia-70m,256,step256,70426624,6,8,65,1,1,0.009027624502778053,0.0,22724.439453125
EleutherAI/pythia-70m,256,step256,70426624,6,8,65,1,2,0.0065105026587843895,0.0,22724.439453125
EleutherAI/pythia-70m,256,step256,70426624,6,8,65,1,3,0.011614796705543995,0.0,22724.439453125
EleutherAI/pythia-70m,256,step256,70426624,6,8,65,1,4,0.013045980595052242,0.0,22724.439453125
EleutherAI/pythia-70m,256,step256,70426624,6,8,65,1,5,0.014304498210549355,0.0,22724.439453125
EleutherAI/pythia-70m,256,step256,70426624,6,8,65,1,6,0.013181264512240887,0.0,22724.439453125
EleutherAI/pythia-70m,256,step256,70426624,6,8,65,1,7,0.012243679724633694,0.0,22724.439453125
EleutherAI/pythia-70m,256,step256,70426624,6,8,65,2,0,0.0023130394984036684,0.0,22724.439453125
EleutherAI/pythia-70m,256,step256,70426624,6,8,65,2,1,0.0029701245948672295,0.0,22724.439453125
EleutherAI/pythia-70m,256,step256,70426624,6,8,65,2,2,0.006388703361153603,0.0,22724.439453125
EleutherAI/pythia-70m,256,step256,70426624,6,8,65,2,3,0.004005857743322849,0.0,22724.439453125
EleutherAI/pythia-70m,256,step256,70426624,6,8,65,2,4,0.0009019790450111032,0.0,22724.439453125
EleutherAI/pythia-70m,256,step256,70426624,6,8,65,2,5,0.00931647326797247,0.0,22724.439453125
EleutherAI/pythia-70m,256,step256,70426624,6,8,65,2,6,0.01623503305017948,0.0,22724.439453125
EleutherAI/pythia-70m,256,step256,70426624,6,8,65,2,7,0.00412219250574708,0.0,22724.439453125
EleutherAI/pythia-70m,256,step256,70426624,6,8,65,3,0,0.009853184223175049,0.0,22724.439453125
EleutherAI/pythia-70m,256,step256,70426624,6,8,65,3,1,0.012114591896533966,0.0,22724.439453125
EleutherAI/pythia-70m,256,step256,70426624,6,8,65,3,2,0.002655346877872944,0.0,22724.439453125
EleutherAI/pythia-70m,256,step256,70426624,6,8,65,3,3,0.00762496842071414,0.0,22724.439453125
EleutherAI/pythia-70m,256,step256,70426624,6,8,65,3,4,0.003799508325755596,0.0,22724.439453125
EleutherAI/pythia-70m,256,step256,70426624,6,8,65,3,5,0.012556123547255993,0.0,22724.439453125
EleutherAI/pythia-70m,256,step256,70426624,6,8,65,3,6,0.007431900594383478,0.0,22724.439453125
EleutherAI/pythia-70m,256,step256,70426624,6,8,65,3,7,0.005411906633526087,0.0,22724.439453125
EleutherAI/pythia-70m,256,step256,70426624,6,8,65,4,0,0.008025305345654488,0.0,22724.439453125
EleutherAI/pythia-70m,256,step256,70426624,6,8,65,4,1,0.013332321308553219,0.0,22724.439453125
EleutherAI/pythia-70m,256,step256,70426624,6,8,65,4,2,0.010266915895044804,0.0,22724.439453125
EleutherAI/pythia-70m,256,step256,70426624,6,8,65,4,3,0.009547377936542034,0.0,22724.439453125
EleutherAI/pythia-70m,256,step256,70426624,6,8,65,4,4,0.003338470123708248,0.0,22724.439453125
EleutherAI/pythia-70m,256,step256,70426624,6,8,65,4,5,0.003458932973444462,0.0,22724.439453125
EleutherAI/pythia-70m,256,step256,70426624,6,8,65,4,6,0.007734643295407295,0.0,22724.439453125
EleutherAI/pythia-70m,256,step256,70426624,6,8,65,4,7,0.008551972918212414,0.0,22724.439453125
EleutherAI/pythia-70m,256,step256,70426624,6,8,65,5,0,0.0032239847350865602,0.0,22724.439453125
EleutherAI/pythia-70m,256,step256,70426624,6,8,65,5,1,0.004103578627109528,0.0,22724.439453125
EleutherAI/pythia-70m,256,step256,70426624,6,8,65,5,2,0.006299574859440327,0.0,22724.439453125
EleutherAI/pythia-70m,256,step256,70426624,6,8,65,5,3,0.0024495229590684175,0.0,22724.439453125
EleutherAI/pythia-70m,256,step256,70426624,6,8,65,5,4,0.0019259345717728138,0.0,22724.439453125
EleutherAI/pythia-70m,256,step256,70426624,6,8,65,5,5,0.00400059437379241,0.0,22724.439453125
EleutherAI/pythia-70m,256,step256,70426624,6,8,65,5,6,0.011494865640997887,0.0,22724.439453125
EleutherAI/pythia-70m,256,step256,70426624,6,8,65,5,7,0.0016638829838484526,0.0,22724.439453125
EleutherAI/pythia-70m,256,step256,70426624,6,8,66,0,0,0.01468193531036377,0.0,30947.0390625
EleutherAI/pythia-70m,256,step256,70426624,6,8,66,0,1,0.014119019731879234,0.0,30947.0390625
EleutherAI/pythia-70m,256,step256,70426624,6,8,66,0,2,0.014441592618823051,0.0,30947.0390625
EleutherAI/pythia-70m,256,step256,70426624,6,8,66,0,3,0.012858368456363678,0.0,30947.0390625
EleutherAI/pythia-70m,256,step256,70426624,6,8,66,0,4,0.013102415949106216,0.0,30947.0390625
EleutherAI/pythia-70m,256,step256,70426624,6,8,66,0,5,0.014356088824570179,0.0,30947.0390625
EleutherAI/pythia-70m,256,step256,70426624,6,8,66,0,6,0.013560125604271889,0.0,30947.0390625
EleutherAI/pythia-70m,256,step256,70426624,6,8,66,0,7,0.014800207689404488,0.0,30947.0390625
EleutherAI/pythia-70m,256,step256,70426624,6,8,66,1,0,0.010480228811502457,0.0,30947.0390625
EleutherAI/pythia-70m,256,step256,70426624,6,8,66,1,1,0.007006884086877108,0.0,30947.0390625
EleutherAI/pythia-70m,256,step256,70426624,6,8,66,1,2,0.007332121022045612,0.0,30947.0390625
EleutherAI/pythia-70m,256,step256,70426624,6,8,66,1,3,0.011113706976175308,0.0,30947.0390625
EleutherAI/pythia-70m,256,step256,70426624,6,8,66,1,4,0.011653394438326359,0.0,30947.0390625
EleutherAI/pythia-70m,256,step256,70426624,6,8,66,1,5,0.011209795251488686,0.0,30947.0390625
EleutherAI/pythia-70m,256,step256,70426624,6,8,66,1,6,0.008714432828128338,0.0,30947.0390625
EleutherAI/pythia-70m,256,step256,70426624,6,8,66,1,7,0.00842948816716671,0.0,30947.0390625
EleutherAI/pythia-70m,256,step256,70426624,6,8,66,2,0,0.0023285120259970427,0.0,30947.0390625
EleutherAI/pythia-70m,256,step256,70426624,6,8,66,2,1,0.002314262790605426,0.0,30947.0390625
EleutherAI/pythia-70m,256,step256,70426624,6,8,66,2,2,0.006419386714696884,0.0,30947.0390625
EleutherAI/pythia-70m,256,step256,70426624,6,8,66,2,3,0.002844444243237376,0.0,30947.0390625
EleutherAI/pythia-70m,256,step256,70426624,6,8,66,2,4,0.0012251329608261585,0.0,30947.0390625
EleutherAI/pythia-70m,256,step256,70426624,6,8,66,2,5,0.008748685009777546,0.0,30947.0390625
EleutherAI/pythia-70m,256,step256,70426624,6,8,66,2,6,0.012064204551279545,0.0,30947.0390625
EleutherAI/pythia-70m,256,step256,70426624,6,8,66,2,7,0.005647044628858566,0.0,30947.0390625
EleutherAI/pythia-70m,256,step256,70426624,6,8,66,3,0,0.01023202296346426,0.0,30947.0390625
EleutherAI/pythia-70m,256,step256,70426624,6,8,66,3,1,0.01456353347748518,0.0,30947.0390625
EleutherAI/pythia-70m,256,step256,70426624,6,8,66,3,2,0.002589601092040539,0.0,30947.0390625
EleutherAI/pythia-70m,256,step256,70426624,6,8,66,3,3,0.0062307738699018955,0.0,30947.0390625
EleutherAI/pythia-70m,256,step256,70426624,6,8,66,3,4,0.003860100405290723,0.0,30947.0390625
EleutherAI/pythia-70m,256,step256,70426624,6,8,66,3,5,0.011821589432656765,0.0,30947.0390625
EleutherAI/pythia-70m,256,step256,70426624,6,8,66,3,6,0.00518300523981452,0.0,30947.0390625
EleutherAI/pythia-70m,256,step256,70426624,6,8,66,3,7,0.004665334243327379,0.0,30947.0390625
EleutherAI/pythia-70m,256,step256,70426624,6,8,66,4,0,0.008411439135670662,0.0,30947.0390625
EleutherAI/pythia-70m,256,step256,70426624,6,8,66,4,1,0.012332805432379246,0.0,30947.0390625
EleutherAI/pythia-70m,256,step256,70426624,6,8,66,4,2,0.008616656064987183,0.0,30947.0390625
EleutherAI/pythia-70m,256,step256,70426624,6,8,66,4,3,0.011249854229390621,0.0,30947.0390625
EleutherAI/pythia-70m,256,step256,70426624,6,8,66,4,4,0.004999247379601002,0.0,30947.0390625
EleutherAI/pythia-70m,256,step256,70426624,6,8,66,4,5,0.006668524816632271,0.0,30947.0390625
EleutherAI/pythia-70m,256,step256,70426624,6,8,66,4,6,0.009529462084174156,0.0,30947.0390625
EleutherAI/pythia-70m,256,step256,70426624,6,8,66,4,7,0.009620673954486847,0.0,30947.0390625
EleutherAI/pythia-70m,256,step256,70426624,6,8,66,5,0,0.0036615198478102684,0.0,30947.0390625
EleutherAI/pythia-70m,256,step256,70426624,6,8,66,5,1,0.0037832469679415226,0.0,30947.0390625
EleutherAI/pythia-70m,256,step256,70426624,6,8,66,5,2,0.004818134941160679,0.0,30947.0390625
EleutherAI/pythia-70m,256,step256,70426624,6,8,66,5,3,0.0027538579888641834,0.0,30947.0390625
EleutherAI/pythia-70m,256,step256,70426624,6,8,66,5,4,0.002236847300082445,0.0,30947.0390625
EleutherAI/pythia-70m,256,step256,70426624,6,8,66,5,5,0.0031935092993080616,0.0,30947.0390625
EleutherAI/pythia-70m,256,step256,70426624,6,8,66,5,6,0.007337408140301704,0.0,30947.0390625
EleutherAI/pythia-70m,256,step256,70426624,6,8,66,5,7,0.0017470349557697773,0.0,30947.0390625
EleutherAI/pythia-70m,256,step256,70426624,6,8,67,0,0,0.014118355698883533,0.0,23468.599609375
EleutherAI/pythia-70m,256,step256,70426624,6,8,67,0,1,0.014154360629618168,0.0,23468.599609375
EleutherAI/pythia-70m,256,step256,70426624,6,8,67,0,2,0.01342342421412468,0.0,23468.599609375
EleutherAI/pythia-70m,256,step256,70426624,6,8,67,0,3,0.014709779061377048,0.0,23468.599609375
EleutherAI/pythia-70m,256,step256,70426624,6,8,67,0,4,0.01253332756459713,0.0,23468.599609375
EleutherAI/pythia-70m,256,step256,70426624,6,8,67,0,5,0.014471253380179405,0.0,23468.599609375
EleutherAI/pythia-70m,256,step256,70426624,6,8,67,0,6,0.0126772066578269,0.0,23468.599609375
EleutherAI/pythia-70m,256,step256,70426624,6,8,67,0,7,0.014325059950351715,0.0,23468.599609375
EleutherAI/pythia-70m,256,step256,70426624,6,8,67,1,0,0.01216101087629795,0.0,23468.599609375
EleutherAI/pythia-70m,256,step256,70426624,6,8,67,1,1,0.010827818885445595,0.0,23468.599609375
EleutherAI/pythia-70m,256,step256,70426624,6,8,67,1,2,0.006772652734071016,0.0,23468.599609375
EleutherAI/pythia-70m,256,step256,70426624,6,8,67,1,3,0.013265849091112614,0.0,23468.599609375
EleutherAI/pythia-70m,256,step256,70426624,6,8,67,1,4,0.01168789528310299,0.0,23468.599609375
EleutherAI/pythia-70m,256,step256,70426624,6,8,67,1,5,0.011385244317352772,0.0,23468.599609375
EleutherAI/pythia-70m,256,step256,70426624,6,8,67,1,6,0.012290933169424534,0.0,23468.599609375
EleutherAI/pythia-70m,256,step256,70426624,6,8,67,1,7,0.00902145728468895,0.0,23468.599609375
EleutherAI/pythia-70m,256,step256,70426624,6,8,67,2,0,0.0019216234795749187,0.0,23468.599609375
EleutherAI/pythia-70m,256,step256,70426624,6,8,67,2,1,0.003215575823560357,0.0,23468.599609375
EleutherAI/pythia-70m,256,step256,70426624,6,8,67,2,2,0.007480979431420565,0.0,23468.599609375
EleutherAI/pythia-70m,256,step256,70426624,6,8,67,2,3,0.0037554046139121056,0.0,23468.599609375
EleutherAI/pythia-70m,256,step256,70426624,6,8,67,2,4,0.0011014462215825915,0.0,23468.599609375
EleutherAI/pythia-70m,256,step256,70426624,6,8,67,2,5,0.009985539130866528,0.0,23468.599609375
EleutherAI/pythia-70m,256,step256,70426624,6,8,67,2,6,0.010610073804855347,0.0,23468.599609375
EleutherAI/pythia-70m,256,step256,70426624,6,8,67,2,7,0.003799951635301113,0.0,23468.599609375
EleutherAI/pythia-70m,256,step256,70426624,6,8,67,3,0,0.010744571685791016,0.0,23468.599609375
EleutherAI/pythia-70m,256,step256,70426624,6,8,67,3,1,0.013718131929636002,0.0,23468.599609375
EleutherAI/pythia-70m,256,step256,70426624,6,8,67,3,2,0.002910088514909148,0.0,23468.599609375
EleutherAI/pythia-70m,256,step256,70426624,6,8,67,3,3,0.010908306576311588,0.0,23468.599609375
EleutherAI/pythia-70m,256,step256,70426624,6,8,67,3,4,0.003337000496685505,0.0,23468.599609375
EleutherAI/pythia-70m,256,step256,70426624,6,8,67,3,5,0.01115463487803936,0.0,23468.599609375
EleutherAI/pythia-70m,256,step256,70426624,6,8,67,3,6,0.006968209054321051,0.0,23468.599609375
EleutherAI/pythia-70m,256,step256,70426624,6,8,67,3,7,0.006696831434965134,0.0,23468.599609375
EleutherAI/pythia-70m,256,step256,70426624,6,8,67,4,0,0.007295129355043173,0.0,23468.599609375
EleutherAI/pythia-70m,256,step256,70426624,6,8,67,4,1,0.011504458263516426,0.0,23468.599609375
EleutherAI/pythia-70m,256,step256,70426624,6,8,67,4,2,0.008495195768773556,0.0,23468.599609375
EleutherAI/pythia-70m,256,step256,70426624,6,8,67,4,3,0.010988865047693253,0.0,23468.599609375
EleutherAI/pythia-70m,256,step256,70426624,6,8,67,4,4,0.005399780813604593,0.0,23468.599609375
EleutherAI/pythia-70m,256,step256,70426624,6,8,67,4,5,0.003302679629996419,0.0,23468.599609375
EleutherAI/pythia-70m,256,step256,70426624,6,8,67,4,6,0.008865893818438053,0.0,23468.599609375
EleutherAI/pythia-70m,256,step256,70426624,6,8,67,4,7,0.009681576862931252,0.0,23468.599609375
EleutherAI/pythia-70m,256,step256,70426624,6,8,67,5,0,0.0032835090532898903,0.0,23468.599609375
EleutherAI/pythia-70m,256,step256,70426624,6,8,67,5,1,0.005055018700659275,0.0,23468.599609375
EleutherAI/pythia-70m,256,step256,70426624,6,8,67,5,2,0.007565231528133154,0.0,23468.599609375
EleutherAI/pythia-70m,256,step256,70426624,6,8,67,5,3,0.0019545925315469503,0.0,23468.599609375
EleutherAI/pythia-70m,256,step256,70426624,6,8,67,5,4,0.0030437272507697344,0.0,23468.599609375
EleutherAI/pythia-70m,256,step256,70426624,6,8,67,5,5,0.0031417268328368664,0.0,23468.599609375
EleutherAI/pythia-70m,256,step256,70426624,6,8,67,5,6,0.00965182576328516,0.0,23468.599609375
EleutherAI/pythia-70m,256,step256,70426624,6,8,67,5,7,0.001899483846500516,0.0,23468.599609375
EleutherAI/pythia-70m,256,step256,70426624,6,8,68,0,0,0.013839513063430786,0.0,24863.759765625
EleutherAI/pythia-70m,256,step256,70426624,6,8,68,0,1,0.01451997272670269,0.0,24863.759765625
EleutherAI/pythia-70m,256,step256,70426624,6,8,68,0,2,0.013706020079553127,0.0,24863.759765625
EleutherAI/pythia-70m,256,step256,70426624,6,8,68,0,3,0.014340370893478394,0.0,24863.759765625
EleutherAI/pythia-70m,256,step256,70426624,6,8,68,0,4,0.013502312824130058,0.0,24863.759765625
EleutherAI/pythia-70m,256,step256,70426624,6,8,68,0,5,0.013273613527417183,0.0,24863.759765625
EleutherAI/pythia-70m,256,step256,70426624,6,8,68,0,6,0.01294758077710867,0.0,24863.759765625
EleutherAI/pythia-70m,256,step256,70426624,6,8,68,0,7,0.013498778454959393,0.0,24863.759765625
EleutherAI/pythia-70m,256,step256,70426624,6,8,68,1,0,0.009460443630814552,0.0,24863.759765625
EleutherAI/pythia-70m,256,step256,70426624,6,8,68,1,1,0.008263573981821537,0.0,24863.759765625
EleutherAI/pythia-70m,256,step256,70426624,6,8,68,1,2,0.006950227078050375,0.0,24863.759765625
EleutherAI/pythia-70m,256,step256,70426624,6,8,68,1,3,0.010382469743490219,0.0,24863.759765625
EleutherAI/pythia-70m,256,step256,70426624,6,8,68,1,4,0.011087048798799515,0.0,24863.759765625
EleutherAI/pythia-70m,256,step256,70426624,6,8,68,1,5,0.012819127179682255,0.0,24863.759765625
EleutherAI/pythia-70m,256,step256,70426624,6,8,68,1,6,0.007478843443095684,0.0,24863.759765625
EleutherAI/pythia-70m,256,step256,70426624,6,8,68,1,7,0.008547249250113964,0.0,24863.759765625
EleutherAI/pythia-70m,256,step256,70426624,6,8,68,2,0,0.0020505059510469437,0.0,24863.759765625
EleutherAI/pythia-70m,256,step256,70426624,6,8,68,2,1,0.001995071768760681,0.0,24863.759765625
EleutherAI/pythia-70m,256,step256,70426624,6,8,68,2,2,0.004734544549137354,0.0,24863.759765625
EleutherAI/pythia-70m,256,step256,70426624,6,8,68,2,3,0.004363853484392166,0.0,24863.759765625
EleutherAI/pythia-70m,256,step256,70426624,6,8,68,2,4,0.0006545314099639654,0.0,24863.759765625
EleutherAI/pythia-70m,256,step256,70426624,6,8,68,2,5,0.011999457143247128,0.0,24863.759765625
EleutherAI/pythia-70m,256,step256,70426624,6,8,68,2,6,0.009019439108669758,0.0,24863.759765625
EleutherAI/pythia-70m,256,step256,70426624,6,8,68,2,7,0.0031472411938011646,0.0,24863.759765625
EleutherAI/pythia-70m,256,step256,70426624,6,8,68,3,0,0.009566516615450382,0.0,24863.759765625
EleutherAI/pythia-70m,256,step256,70426624,6,8,68,3,1,0.011693835258483887,0.0,24863.759765625
EleutherAI/pythia-70m,256,step256,70426624,6,8,68,3,2,0.001359795336611569,0.0,24863.759765625
EleutherAI/pythia-70m,256,step256,70426624,6,8,68,3,3,0.007213550619781017,0.0,24863.759765625
EleutherAI/pythia-70m,256,step256,70426624,6,8,68,3,4,0.002163192257285118,0.0,24863.759765625
EleutherAI/pythia-70m,256,step256,70426624,6,8,68,3,5,0.01290658488869667,0.0,24863.759765625
EleutherAI/pythia-70m,256,step256,70426624,6,8,68,3,6,0.006452057510614395,0.0,24863.759765625
EleutherAI/pythia-70m,256,step256,70426624,6,8,68,3,7,0.007125320844352245,0.0,24863.759765625
EleutherAI/pythia-70m,256,step256,70426624,6,8,68,4,0,0.008788105100393295,0.0,24863.759765625
EleutherAI/pythia-70m,256,step256,70426624,6,8,68,4,1,0.009765124879777431,0.0,24863.759765625
EleutherAI/pythia-70m,256,step256,70426624,6,8,68,4,2,0.009512996301054955,0.0,24863.759765625
EleutherAI/pythia-70m,256,step256,70426624,6,8,68,4,3,0.012648683972656727,0.0,24863.759765625
EleutherAI/pythia-70m,256,step256,70426624,6,8,68,4,4,0.004129763692617416,0.0,24863.759765625
EleutherAI/pythia-70m,256,step256,70426624,6,8,68,4,5,0.003916637971997261,0.0,24863.759765625
EleutherAI/pythia-70m,256,step256,70426624,6,8,68,4,6,0.008205174468457699,0.0,24863.759765625
EleutherAI/pythia-70m,256,step256,70426624,6,8,68,4,7,0.010293618775904179,0.0,24863.759765625
EleutherAI/pythia-70m,256,step256,70426624,6,8,68,5,0,0.003602968528866768,0.0,24863.759765625
EleutherAI/pythia-70m,256,step256,70426624,6,8,68,5,1,0.0043810768984258175,0.0,24863.759765625
EleutherAI/pythia-70m,256,step256,70426624,6,8,68,5,2,0.005197091493755579,0.0,24863.759765625
EleutherAI/pythia-70m,256,step256,70426624,6,8,68,5,3,0.002218960551545024,0.0,24863.759765625
EleutherAI/pythia-70m,256,step256,70426624,6,8,68,5,4,0.0014649287331849337,0.0,24863.759765625
EleutherAI/pythia-70m,256,step256,70426624,6,8,68,5,5,0.004743076860904694,0.0,24863.759765625
EleutherAI/pythia-70m,256,step256,70426624,6,8,68,5,6,0.007065594661980867,0.0,24863.759765625
EleutherAI/pythia-70m,256,step256,70426624,6,8,68,5,7,0.0016405752394348383,0.0,24863.759765625
EleutherAI/pythia-70m,256,step256,70426624,6,8,69,0,0,0.013103279285132885,0.0,21387.33984375
EleutherAI/pythia-70m,256,step256,70426624,6,8,69,0,1,0.014008388854563236,0.0,21387.33984375
EleutherAI/pythia-70m,256,step256,70426624,6,8,69,0,2,0.012897200882434845,0.0,21387.33984375
EleutherAI/pythia-70m,256,step256,70426624,6,8,69,0,3,0.013537035323679447,0.0,21387.33984375
EleutherAI/pythia-70m,256,step256,70426624,6,8,69,0,4,0.013688522391021252,0.0,21387.33984375
EleutherAI/pythia-70m,256,step256,70426624,6,8,69,0,5,0.013545113615691662,0.0,21387.33984375
EleutherAI/pythia-70m,256,step256,70426624,6,8,69,0,6,0.013412976637482643,0.0,21387.33984375
EleutherAI/pythia-70m,256,step256,70426624,6,8,69,0,7,0.013650314882397652,0.0,21387.33984375
EleutherAI/pythia-70m,256,step256,70426624,6,8,69,1,0,0.01083390973508358,0.0,21387.33984375
EleutherAI/pythia-70m,256,step256,70426624,6,8,69,1,1,0.009973154403269291,0.0,21387.33984375
EleutherAI/pythia-70m,256,step256,70426624,6,8,69,1,2,0.0079193701967597,0.0,21387.33984375
EleutherAI/pythia-70m,256,step256,70426624,6,8,69,1,3,0.01277090422809124,0.0,21387.33984375
EleutherAI/pythia-70m,256,step256,70426624,6,8,69,1,4,0.012243364006280899,0.0,21387.33984375
EleutherAI/pythia-70m,256,step256,70426624,6,8,69,1,5,0.011281123384833336,0.0,21387.33984375
EleutherAI/pythia-70m,256,step256,70426624,6,8,69,1,6,0.012373595498502254,0.0,21387.33984375
EleutherAI/pythia-70m,256,step256,70426624,6,8,69,1,7,0.007800544612109661,0.0,21387.33984375
EleutherAI/pythia-70m,256,step256,70426624,6,8,69,2,0,0.0020803199149668217,0.0,21387.33984375
EleutherAI/pythia-70m,256,step256,70426624,6,8,69,2,1,0.0026582723949104548,0.0,21387.33984375
EleutherAI/pythia-70m,256,step256,70426624,6,8,69,2,2,0.00558101013302803,0.0,21387.33984375
EleutherAI/pythia-70m,256,step256,70426624,6,8,69,2,3,0.003947317134588957,0.0,21387.33984375
EleutherAI/pythia-70m,256,step256,70426624,6,8,69,2,4,0.0014980622800067067,0.0,21387.33984375
EleutherAI/pythia-70m,256,step256,70426624,6,8,69,2,5,0.010146086104214191,0.0,21387.33984375
EleutherAI/pythia-70m,256,step256,70426624,6,8,69,2,6,0.010995198041200638,0.0,21387.33984375
EleutherAI/pythia-70m,256,step256,70426624,6,8,69,2,7,0.004727787803858519,0.0,21387.33984375
EleutherAI/pythia-70m,256,step256,70426624,6,8,69,3,0,0.011477158404886723,0.0,21387.33984375
EleutherAI/pythia-70m,256,step256,70426624,6,8,69,3,1,0.008570955134928226,0.0,21387.33984375
EleutherAI/pythia-70m,256,step256,70426624,6,8,69,3,2,0.0034763100557029247,0.0,21387.33984375
EleutherAI/pythia-70m,256,step256,70426624,6,8,69,3,3,0.005942643154412508,0.0,21387.33984375
EleutherAI/pythia-70m,256,step256,70426624,6,8,69,3,4,0.0030708617996424437,0.0,21387.33984375
EleutherAI/pythia-70m,256,step256,70426624,6,8,69,3,5,0.01185148861259222,0.0,21387.33984375
EleutherAI/pythia-70m,256,step256,70426624,6,8,69,3,6,0.005784727167338133,0.0,21387.33984375
EleutherAI/pythia-70m,256,step256,70426624,6,8,69,3,7,0.008124199695885181,0.0,21387.33984375
EleutherAI/pythia-70m,256,step256,70426624,6,8,69,4,0,0.007211369462311268,0.0,21387.33984375
EleutherAI/pythia-70m,256,step256,70426624,6,8,69,4,1,0.011291458271443844,0.0,21387.33984375
EleutherAI/pythia-70m,256,step256,70426624,6,8,69,4,2,0.008385026827454567,0.0,21387.33984375
EleutherAI/pythia-70m,256,step256,70426624,6,8,69,4,3,0.0071550821885466576,0.0,21387.33984375
EleutherAI/pythia-70m,256,step256,70426624,6,8,69,4,4,0.0036391967441886663,0.0,21387.33984375
EleutherAI/pythia-70m,256,step256,70426624,6,8,69,4,5,0.003971342463046312,0.0,21387.33984375
EleutherAI/pythia-70m,256,step256,70426624,6,8,69,4,6,0.00838899053633213,0.0,21387.33984375
EleutherAI/pythia-70m,256,step256,70426624,6,8,69,4,7,0.0059255086816847324,0.0,21387.33984375
EleutherAI/pythia-70m,256,step256,70426624,6,8,69,5,0,0.0047316341660916805,0.0,21387.33984375
EleutherAI/pythia-70m,256,step256,70426624,6,8,69,5,1,0.004333794582635164,0.0,21387.33984375
EleutherAI/pythia-70m,256,step256,70426624,6,8,69,5,2,0.004981746897101402,0.0,21387.33984375
EleutherAI/pythia-70m,256,step256,70426624,6,8,69,5,3,0.0019231325713917613,0.0,21387.33984375
EleutherAI/pythia-70m,256,step256,70426624,6,8,69,5,4,0.0020453366450965405,0.0,21387.33984375
EleutherAI/pythia-70m,256,step256,70426624,6,8,69,5,5,0.0023591644130647182,0.0,21387.33984375
EleutherAI/pythia-70m,256,step256,70426624,6,8,69,5,6,0.008011210709810257,0.0,21387.33984375
EleutherAI/pythia-70m,256,step256,70426624,6,8,69,5,7,0.0014228149084374309,0.0,21387.33984375
EleutherAI/pythia-70m,256,step256,70426624,6,8,70,0,0,0.015564815141260624,0.0,23970.9609375
EleutherAI/pythia-70m,256,step256,70426624,6,8,70,0,1,0.014157299883663654,0.0,23970.9609375
EleutherAI/pythia-70m,256,step256,70426624,6,8,70,0,2,0.012920593842864037,0.0,23970.9609375
EleutherAI/pythia-70m,256,step256,70426624,6,8,70,0,3,0.013964943587779999,0.0,23970.9609375
EleutherAI/pythia-70m,256,step256,70426624,6,8,70,0,4,0.013152096420526505,0.0,23970.9609375
EleutherAI/pythia-70m,256,step256,70426624,6,8,70,0,5,0.0135736633092165,0.0,23970.9609375
EleutherAI/pythia-70m,256,step256,70426624,6,8,70,0,6,0.014405019581317902,0.0,23970.9609375
EleutherAI/pythia-70m,256,step256,70426624,6,8,70,0,7,0.015494409017264843,0.0,23970.9609375
EleutherAI/pythia-70m,256,step256,70426624,6,8,70,1,0,0.010462343692779541,0.0,23970.9609375
EleutherAI/pythia-70m,256,step256,70426624,6,8,70,1,1,0.008899176493287086,0.0,23970.9609375
EleutherAI/pythia-70m,256,step256,70426624,6,8,70,1,2,0.006763610988855362,0.0,23970.9609375
EleutherAI/pythia-70m,256,step256,70426624,6,8,70,1,3,0.011646849103271961,0.0,23970.9609375
EleutherAI/pythia-70m,256,step256,70426624,6,8,70,1,4,0.01000598631799221,0.0,23970.9609375
EleutherAI/pythia-70m,256,step256,70426624,6,8,70,1,5,0.010315202176570892,0.0,23970.9609375
EleutherAI/pythia-70m,256,step256,70426624,6,8,70,1,6,0.008591372519731522,0.0,23970.9609375
EleutherAI/pythia-70m,256,step256,70426624,6,8,70,1,7,0.007434702944010496,0.0,23970.9609375
EleutherAI/pythia-70m,256,step256,70426624,6,8,70,2,0,0.0025292872451245785,0.0,23970.9609375
EleutherAI/pythia-70m,256,step256,70426624,6,8,70,2,1,0.0020167846232652664,0.0,23970.9609375
EleutherAI/pythia-70m,256,step256,70426624,6,8,70,2,2,0.00622934103012085,0.0,23970.9609375
EleutherAI/pythia-70m,256,step256,70426624,6,8,70,2,3,0.0032407063990831375,0.0,23970.9609375
EleutherAI/pythia-70m,256,step256,70426624,6,8,70,2,4,0.0013302507577463984,0.0,23970.9609375
EleutherAI/pythia-70m,256,step256,70426624,6,8,70,2,5,0.011998159810900688,0.0,23970.9609375
EleutherAI/pythia-70m,256,step256,70426624,6,8,70,2,6,0.012021324597299099,0.0,23970.9609375
EleutherAI/pythia-70m,256,step256,70426624,6,8,70,2,7,0.0048181163147091866,0.0,23970.9609375
EleutherAI/pythia-70m,256,step256,70426624,6,8,70,3,0,0.008114807307720184,0.0,23970.9609375
EleutherAI/pythia-70m,256,step256,70426624,6,8,70,3,1,0.011151270009577274,0.0,23970.9609375
EleutherAI/pythia-70m,256,step256,70426624,6,8,70,3,2,0.0024112246464937925,0.0,23970.9609375
EleutherAI/pythia-70m,256,step256,70426624,6,8,70,3,3,0.006271852646023035,0.0,23970.9609375
EleutherAI/pythia-70m,256,step256,70426624,6,8,70,3,4,0.004013421013951302,0.0,23970.9609375
EleutherAI/pythia-70m,256,step256,70426624,6,8,70,3,5,0.016359766945242882,0.0,23970.9609375
EleutherAI/pythia-70m,256,step256,70426624,6,8,70,3,6,0.004475981462746859,0.0,23970.9609375
EleutherAI/pythia-70m,256,step256,70426624,6,8,70,3,7,0.005482230335474014,0.0,23970.9609375
EleutherAI/pythia-70m,256,step256,70426624,6,8,70,4,0,0.007283338345587254,0.0,23970.9609375
EleutherAI/pythia-70m,256,step256,70426624,6,8,70,4,1,0.009658295661211014,0.0,23970.9609375
EleutherAI/pythia-70m,256,step256,70426624,6,8,70,4,2,0.008900354616343975,0.0,23970.9609375
EleutherAI/pythia-70m,256,step256,70426624,6,8,70,4,3,0.007104313466697931,0.0,23970.9609375
EleutherAI/pythia-70m,256,step256,70426624,6,8,70,4,4,0.0024816568475216627,0.0,23970.9609375
EleutherAI/pythia-70m,256,step256,70426624,6,8,70,4,5,0.003622549818828702,0.0,23970.9609375
EleutherAI/pythia-70m,256,step256,70426624,6,8,70,4,6,0.006404499989002943,0.0,23970.9609375
EleutherAI/pythia-70m,256,step256,70426624,6,8,70,4,7,0.010154752992093563,0.0,23970.9609375
EleutherAI/pythia-70m,256,step256,70426624,6,8,70,5,0,0.0020592394284904003,0.0,23970.9609375
EleutherAI/pythia-70m,256,step256,70426624,6,8,70,5,1,0.0029499116353690624,0.0,23970.9609375
EleutherAI/pythia-70m,256,step256,70426624,6,8,70,5,2,0.003712695324793458,0.0,23970.9609375
EleutherAI/pythia-70m,256,step256,70426624,6,8,70,5,3,0.001132525852881372,0.0,23970.9609375
EleutherAI/pythia-70m,256,step256,70426624,6,8,70,5,4,0.0014419832732528448,0.0,23970.9609375
EleutherAI/pythia-70m,256,step256,70426624,6,8,70,5,5,0.0032343650236725807,0.0,23970.9609375
EleutherAI/pythia-70m,256,step256,70426624,6,8,70,5,6,0.007252986542880535,0.0,23970.9609375
EleutherAI/pythia-70m,256,step256,70426624,6,8,70,5,7,0.0007621337426826358,0.0,23970.9609375
EleutherAI/pythia-70m,256,step256,70426624,6,8,71,0,0,0.012870310805737972,0.0,25749.69921875
EleutherAI/pythia-70m,256,step256,70426624,6,8,71,0,1,0.014134209603071213,0.0,25749.69921875
EleutherAI/pythia-70m,256,step256,70426624,6,8,71,0,2,0.012972958385944366,0.0,25749.69921875
EleutherAI/pythia-70m,256,step256,70426624,6,8,71,0,3,0.01441869605332613,0.0,25749.69921875
EleutherAI/pythia-70m,256,step256,70426624,6,8,71,0,4,0.013165750540792942,0.0,25749.69921875
EleutherAI/pythia-70m,256,step256,70426624,6,8,71,0,5,0.013860583305358887,0.0,25749.69921875
EleutherAI/pythia-70m,256,step256,70426624,6,8,71,0,6,0.014340163208544254,0.0,25749.69921875
EleutherAI/pythia-70m,256,step256,70426624,6,8,71,0,7,0.015340161509811878,0.0,25749.69921875
EleutherAI/pythia-70m,256,step256,70426624,6,8,71,1,0,0.010590719990432262,0.0,25749.69921875
EleutherAI/pythia-70m,256,step256,70426624,6,8,71,1,1,0.01003716979175806,0.0,25749.69921875
EleutherAI/pythia-70m,256,step256,70426624,6,8,71,1,2,0.005893366411328316,0.0,25749.69921875
EleutherAI/pythia-70m,256,step256,70426624,6,8,71,1,3,0.012709097936749458,0.0,25749.69921875
EleutherAI/pythia-70m,256,step256,70426624,6,8,71,1,4,0.012352755293250084,0.0,25749.69921875
EleutherAI/pythia-70m,256,step256,70426624,6,8,71,1,5,0.011926749721169472,0.0,25749.69921875
EleutherAI/pythia-70m,256,step256,70426624,6,8,71,1,6,0.0099942060187459,0.0,25749.69921875
EleutherAI/pythia-70m,256,step256,70426624,6,8,71,1,7,0.009472018107771873,0.0,25749.69921875
EleutherAI/pythia-70m,256,step256,70426624,6,8,71,2,0,0.002523121889680624,0.0,25749.69921875
EleutherAI/pythia-70m,256,step256,70426624,6,8,71,2,1,0.002568536438047886,0.0,25749.69921875
EleutherAI/pythia-70m,256,step256,70426624,6,8,71,2,2,0.005624775774776936,0.0,25749.69921875
EleutherAI/pythia-70m,256,step256,70426624,6,8,71,2,3,0.003331511514261365,0.0,25749.69921875
EleutherAI/pythia-70m,256,step256,70426624,6,8,71,2,4,0.0006042929599061608,0.0,25749.69921875
EleutherAI/pythia-70m,256,step256,70426624,6,8,71,2,5,0.0074530597776174545,0.0,25749.69921875
EleutherAI/pythia-70m,256,step256,70426624,6,8,71,2,6,0.013124531134963036,0.0,25749.69921875
EleutherAI/pythia-70m,256,step256,70426624,6,8,71,2,7,0.0041120159439742565,0.0,25749.69921875
EleutherAI/pythia-70m,256,step256,70426624,6,8,71,3,0,0.010123377665877342,0.0,25749.69921875
EleutherAI/pythia-70m,256,step256,70426624,6,8,71,3,1,0.013040038757026196,0.0,25749.69921875
EleutherAI/pythia-70m,256,step256,70426624,6,8,71,3,2,0.001388516160659492,0.0,25749.69921875
EleutherAI/pythia-70m,256,step256,70426624,6,8,71,3,3,0.004768391605466604,0.0,25749.69921875
EleutherAI/pythia-70m,256,step256,70426624,6,8,71,3,4,0.003288571024313569,0.0,25749.69921875
EleutherAI/pythia-70m,256,step256,70426624,6,8,71,3,5,0.011971802450716496,0.0,25749.69921875
EleutherAI/pythia-70m,256,step256,70426624,6,8,71,3,6,0.0054801045916974545,0.0,25749.69921875
EleutherAI/pythia-70m,256,step256,70426624,6,8,71,3,7,0.005997872911393642,0.0,25749.69921875
EleutherAI/pythia-70m,256,step256,70426624,6,8,71,4,0,0.0076372623443603516,0.0,25749.69921875
EleutherAI/pythia-70m,256,step256,70426624,6,8,71,4,1,0.009991878643631935,0.0,25749.69921875
EleutherAI/pythia-70m,256,step256,70426624,6,8,71,4,2,0.010786900296807289,0.0,25749.69921875
EleutherAI/pythia-70m,256,step256,70426624,6,8,71,4,3,0.008359337225556374,0.0,25749.69921875
EleutherAI/pythia-70m,256,step256,70426624,6,8,71,4,4,0.003908997867256403,0.0,25749.69921875
EleutherAI/pythia-70m,256,step256,70426624,6,8,71,4,5,0.003691619960591197,0.0,25749.69921875
EleutherAI/pythia-70m,256,step256,70426624,6,8,71,4,6,0.00740561168640852,0.0,25749.69921875
EleutherAI/pythia-70m,256,step256,70426624,6,8,71,4,7,0.008223655633628368,0.0,25749.69921875
EleutherAI/pythia-70m,256,step256,70426624,6,8,71,5,0,0.004038842860609293,0.0,25749.69921875
EleutherAI/pythia-70m,256,step256,70426624,6,8,71,5,1,0.00434018112719059,0.0,25749.69921875
EleutherAI/pythia-70m,256,step256,70426624,6,8,71,5,2,0.0065164268016815186,0.0,25749.69921875
EleutherAI/pythia-70m,256,step256,70426624,6,8,71,5,3,0.0016371716046705842,0.0,25749.69921875
EleutherAI/pythia-70m,256,step256,70426624,6,8,71,5,4,0.0028133506420999765,0.0,25749.69921875
EleutherAI/pythia-70m,256,step256,70426624,6,8,71,5,5,0.0038848735857754946,0.0,25749.69921875
EleutherAI/pythia-70m,256,step256,70426624,6,8,71,5,6,0.010848023928701878,0.0,25749.69921875
EleutherAI/pythia-70m,256,step256,70426624,6,8,71,5,7,0.0013071547728031874,0.0,25749.69921875
EleutherAI/pythia-70m,256,step256,70426624,6,8,72,0,0,0.013662256300449371,0.0,23059.0390625
EleutherAI/pythia-70m,256,step256,70426624,6,8,72,0,1,0.01570458896458149,0.0,23059.0390625
EleutherAI/pythia-70m,256,step256,70426624,6,8,72,0,2,0.014434324577450752,0.0,23059.0390625
EleutherAI/pythia-70m,256,step256,70426624,6,8,72,0,3,0.014284317381680012,0.0,23059.0390625
EleutherAI/pythia-70m,256,step256,70426624,6,8,72,0,4,0.013228931464254856,0.0,23059.0390625
EleutherAI/pythia-70m,256,step256,70426624,6,8,72,0,5,0.013460304588079453,0.0,23059.0390625
EleutherAI/pythia-70m,256,step256,70426624,6,8,72,0,6,0.015032496303319931,0.0,23059.0390625
EleutherAI/pythia-70m,256,step256,70426624,6,8,72,0,7,0.012916374020278454,0.0,23059.0390625
EleutherAI/pythia-70m,256,step256,70426624,6,8,72,1,0,0.010503769852221012,0.0,23059.0390625
EleutherAI/pythia-70m,256,step256,70426624,6,8,72,1,1,0.010085581801831722,0.0,23059.0390625
EleutherAI/pythia-70m,256,step256,70426624,6,8,72,1,2,0.008192083798348904,0.0,23059.0390625
EleutherAI/pythia-70m,256,step256,70426624,6,8,72,1,3,0.011777043342590332,0.0,23059.0390625
EleutherAI/pythia-70m,256,step256,70426624,6,8,72,1,4,0.01139095425605774,0.0,23059.0390625
EleutherAI/pythia-70m,256,step256,70426624,6,8,72,1,5,0.012236040085554123,0.0,23059.0390625
EleutherAI/pythia-70m,256,step256,70426624,6,8,72,1,6,0.009599197655916214,0.0,23059.0390625
EleutherAI/pythia-70m,256,step256,70426624,6,8,72,1,7,0.009582114405930042,0.0,23059.0390625
EleutherAI/pythia-70m,256,step256,70426624,6,8,72,2,0,0.002795909531414509,0.0,23059.0390625
EleutherAI/pythia-70m,256,step256,70426624,6,8,72,2,1,0.0033813011832535267,0.0,23059.0390625
EleutherAI/pythia-70m,256,step256,70426624,6,8,72,2,2,0.007336245849728584,0.0,23059.0390625
EleutherAI/pythia-70m,256,step256,70426624,6,8,72,2,3,0.0039772712625563145,0.0,23059.0390625
EleutherAI/pythia-70m,256,step256,70426624,6,8,72,2,4,0.000905931752640754,0.0,23059.0390625
EleutherAI/pythia-70m,256,step256,70426624,6,8,72,2,5,0.009614146314561367,0.0,23059.0390625
EleutherAI/pythia-70m,256,step256,70426624,6,8,72,2,6,0.0116731571033597,0.0,23059.0390625
EleutherAI/pythia-70m,256,step256,70426624,6,8,72,2,7,0.00570326903834939,0.0,23059.0390625
EleutherAI/pythia-70m,256,step256,70426624,6,8,72,3,0,0.01098751462996006,0.0,23059.0390625
EleutherAI/pythia-70m,256,step256,70426624,6,8,72,3,1,0.012676307931542397,0.0,23059.0390625
EleutherAI/pythia-70m,256,step256,70426624,6,8,72,3,2,0.00564059242606163,0.0,23059.0390625
EleutherAI/pythia-70m,256,step256,70426624,6,8,72,3,3,0.005077287554740906,0.0,23059.0390625
EleutherAI/pythia-70m,256,step256,70426624,6,8,72,3,4,0.005773989949375391,0.0,23059.0390625
EleutherAI/pythia-70m,256,step256,70426624,6,8,72,3,5,0.011890852823853493,0.0,23059.0390625
EleutherAI/pythia-70m,256,step256,70426624,6,8,72,3,6,0.006585988216102123,0.0,23059.0390625
EleutherAI/pythia-70m,256,step256,70426624,6,8,72,3,7,0.0056503345258533955,0.0,23059.0390625
EleutherAI/pythia-70m,256,step256,70426624,6,8,72,4,0,0.012735091149806976,0.0,23059.0390625
EleutherAI/pythia-70m,256,step256,70426624,6,8,72,4,1,0.010460963472723961,0.0,23059.0390625
EleutherAI/pythia-70m,256,step256,70426624,6,8,72,4,2,0.010526763275265694,0.0,23059.0390625
EleutherAI/pythia-70m,256,step256,70426624,6,8,72,4,3,0.007984032854437828,0.0,23059.0390625
EleutherAI/pythia-70m,256,step256,70426624,6,8,72,4,4,0.005451657809317112,0.0,23059.0390625
EleutherAI/pythia-70m,256,step256,70426624,6,8,72,4,5,0.004978029523044825,0.0,23059.0390625
EleutherAI/pythia-70m,256,step256,70426624,6,8,72,4,6,0.007985169999301434,0.0,23059.0390625
EleutherAI/pythia-70m,256,step256,70426624,6,8,72,4,7,0.008866632357239723,0.0,23059.0390625
EleutherAI/pythia-70m,256,step256,70426624,6,8,72,5,0,0.005570680368691683,0.0,23059.0390625
EleutherAI/pythia-70m,256,step256,70426624,6,8,72,5,1,0.00402118731290102,0.0,23059.0390625
EleutherAI/pythia-70m,256,step256,70426624,6,8,72,5,2,0.006006254348903894,0.0,23059.0390625
EleutherAI/pythia-70m,256,step256,70426624,6,8,72,5,3,0.0036592602264136076,0.0,23059.0390625
EleutherAI/pythia-70m,256,step256,70426624,6,8,72,5,4,0.003223567269742489,0.0,23059.0390625
EleutherAI/pythia-70m,256,step256,70426624,6,8,72,5,5,0.003359837457537651,0.0,23059.0390625
EleutherAI/pythia-70m,256,step256,70426624,6,8,72,5,6,0.010485818609595299,0.0,23059.0390625
EleutherAI/pythia-70m,256,step256,70426624,6,8,72,5,7,0.002320430940017104,0.0,23059.0390625
EleutherAI/pythia-70m,256,step256,70426624,6,8,73,0,0,0.013160636648535728,0.0,26007.33984375
EleutherAI/pythia-70m,256,step256,70426624,6,8,73,0,1,0.014003234915435314,0.0,26007.33984375
EleutherAI/pythia-70m,256,step256,70426624,6,8,73,0,2,0.015368307009339333,0.0,26007.33984375
EleutherAI/pythia-70m,256,step256,70426624,6,8,73,0,3,0.013851017691195011,0.0,26007.33984375
EleutherAI/pythia-70m,256,step256,70426624,6,8,73,0,4,0.013716127723455429,0.0,26007.33984375
EleutherAI/pythia-70m,256,step256,70426624,6,8,73,0,5,0.015478381887078285,0.0,26007.33984375
EleutherAI/pythia-70m,256,step256,70426624,6,8,73,0,6,0.013930609449744225,0.0,26007.33984375
EleutherAI/pythia-70m,256,step256,70426624,6,8,73,0,7,0.014585050754249096,0.0,26007.33984375
EleutherAI/pythia-70m,256,step256,70426624,6,8,73,1,0,0.010854071006178856,0.0,26007.33984375
EleutherAI/pythia-70m,256,step256,70426624,6,8,73,1,1,0.009802727960050106,0.0,26007.33984375
EleutherAI/pythia-70m,256,step256,70426624,6,8,73,1,2,0.007812578231096268,0.0,26007.33984375
EleutherAI/pythia-70m,256,step256,70426624,6,8,73,1,3,0.010082291439175606,0.0,26007.33984375
EleutherAI/pythia-70m,256,step256,70426624,6,8,73,1,4,0.012228702194988728,0.0,26007.33984375
EleutherAI/pythia-70m,256,step256,70426624,6,8,73,1,5,0.012370634824037552,0.0,26007.33984375
EleutherAI/pythia-70m,256,step256,70426624,6,8,73,1,6,0.0108034648001194,0.0,26007.33984375
EleutherAI/pythia-70m,256,step256,70426624,6,8,73,1,7,0.008946068584918976,0.0,26007.33984375
EleutherAI/pythia-70m,256,step256,70426624,6,8,73,2,0,0.0017891371389850974,0.0,26007.33984375
EleutherAI/pythia-70m,256,step256,70426624,6,8,73,2,1,0.0037528364919126034,0.0,26007.33984375
EleutherAI/pythia-70m,256,step256,70426624,6,8,73,2,2,0.005346139892935753,0.0,26007.33984375
EleutherAI/pythia-70m,256,step256,70426624,6,8,73,2,3,0.0039056206587702036,0.0,26007.33984375
EleutherAI/pythia-70m,256,step256,70426624,6,8,73,2,4,0.0018157023005187511,0.0,26007.33984375
EleutherAI/pythia-70m,256,step256,70426624,6,8,73,2,5,0.011375916190445423,0.0,26007.33984375
EleutherAI/pythia-70m,256,step256,70426624,6,8,73,2,6,0.011346080340445042,0.0,26007.33984375
EleutherAI/pythia-70m,256,step256,70426624,6,8,73,2,7,0.005005931947380304,0.0,26007.33984375
EleutherAI/pythia-70m,256,step256,70426624,6,8,73,3,0,0.01317849662154913,0.0,26007.33984375
EleutherAI/pythia-70m,256,step256,70426624,6,8,73,3,1,0.013001134619116783,0.0,26007.33984375
EleutherAI/pythia-70m,256,step256,70426624,6,8,73,3,2,0.0031902522314339876,0.0,26007.33984375
EleutherAI/pythia-70m,256,step256,70426624,6,8,73,3,3,0.008429919369518757,0.0,26007.33984375
EleutherAI/pythia-70m,256,step256,70426624,6,8,73,3,4,0.004973064176738262,0.0,26007.33984375
EleutherAI/pythia-70m,256,step256,70426624,6,8,73,3,5,0.01174157578498125,0.0,26007.33984375
EleutherAI/pythia-70m,256,step256,70426624,6,8,73,3,6,0.008052272722125053,0.0,26007.33984375
EleutherAI/pythia-70m,256,step256,70426624,6,8,73,3,7,0.007122976705431938,0.0,26007.33984375
EleutherAI/pythia-70m,256,step256,70426624,6,8,73,4,0,0.010582590475678444,0.0,26007.33984375
EleutherAI/pythia-70m,256,step256,70426624,6,8,73,4,1,0.010765776969492435,0.0,26007.33984375
EleutherAI/pythia-70m,256,step256,70426624,6,8,73,4,2,0.009934048168361187,0.0,26007.33984375
EleutherAI/pythia-70m,256,step256,70426624,6,8,73,4,3,0.007975521497428417,0.0,26007.33984375
EleutherAI/pythia-70m,256,step256,70426624,6,8,73,4,4,0.007804798893630505,0.0,26007.33984375
EleutherAI/pythia-70m,256,step256,70426624,6,8,73,4,5,0.004299649503082037,0.0,26007.33984375
EleutherAI/pythia-70m,256,step256,70426624,6,8,73,4,6,0.00757514638826251,0.0,26007.33984375
EleutherAI/pythia-70m,256,step256,70426624,6,8,73,4,7,0.012592031620442867,0.0,26007.33984375
EleutherAI/pythia-70m,256,step256,70426624,6,8,73,5,0,0.0035673510283231735,0.0,26007.33984375
EleutherAI/pythia-70m,256,step256,70426624,6,8,73,5,1,0.003301112912595272,0.0,26007.33984375
EleutherAI/pythia-70m,256,step256,70426624,6,8,73,5,2,0.004918674938380718,0.0,26007.33984375
EleutherAI/pythia-70m,256,step256,70426624,6,8,73,5,3,0.001895029447041452,0.0,26007.33984375
EleutherAI/pythia-70m,256,step256,70426624,6,8,73,5,4,0.0024950415827333927,0.0,26007.33984375
EleutherAI/pythia-70m,256,step256,70426624,6,8,73,5,5,0.004066874273121357,0.0,26007.33984375
EleutherAI/pythia-70m,256,step256,70426624,6,8,73,5,6,0.009794827550649643,0.0,26007.33984375
EleutherAI/pythia-70m,256,step256,70426624,6,8,73,5,7,0.0015035361284390092,0.0,26007.33984375
EleutherAI/pythia-70m,256,step256,70426624,6,8,74,0,0,0.014655869454145432,0.0,26407.720703125
EleutherAI/pythia-70m,256,step256,70426624,6,8,74,0,1,0.014031341299414635,0.0,26407.720703125
EleutherAI/pythia-70m,256,step256,70426624,6,8,74,0,2,0.015034174546599388,0.0,26407.720703125
EleutherAI/pythia-70m,256,step256,70426624,6,8,74,0,3,0.015389748848974705,0.0,26407.720703125
EleutherAI/pythia-70m,256,step256,70426624,6,8,74,0,4,0.014313182793557644,0.0,26407.720703125
EleutherAI/pythia-70m,256,step256,70426624,6,8,74,0,5,0.014186200685799122,0.0,26407.720703125
EleutherAI/pythia-70m,256,step256,70426624,6,8,74,0,6,0.01478466298431158,0.0,26407.720703125
EleutherAI/pythia-70m,256,step256,70426624,6,8,74,0,7,0.013202376663684845,0.0,26407.720703125
EleutherAI/pythia-70m,256,step256,70426624,6,8,74,1,0,0.011180771514773369,0.0,26407.720703125
EleutherAI/pythia-70m,256,step256,70426624,6,8,74,1,1,0.009494194760918617,0.0,26407.720703125
EleutherAI/pythia-70m,256,step256,70426624,6,8,74,1,2,0.007477219216525555,0.0,26407.720703125
EleutherAI/pythia-70m,256,step256,70426624,6,8,74,1,3,0.011703952215611935,0.0,26407.720703125
EleutherAI/pythia-70m,256,step256,70426624,6,8,74,1,4,0.011222043074667454,0.0,26407.720703125
EleutherAI/pythia-70m,256,step256,70426624,6,8,74,1,5,0.014827465638518333,0.0,26407.720703125
EleutherAI/pythia-70m,256,step256,70426624,6,8,74,1,6,0.010465961880981922,0.0,26407.720703125
EleutherAI/pythia-70m,256,step256,70426624,6,8,74,1,7,0.00842258706688881,0.0,26407.720703125
EleutherAI/pythia-70m,256,step256,70426624,6,8,74,2,0,0.0017770315753296018,0.0,26407.720703125
EleutherAI/pythia-70m,256,step256,70426624,6,8,74,2,1,0.0032420107163488865,0.0,26407.720703125
EleutherAI/pythia-70m,256,step256,70426624,6,8,74,2,2,0.005934182554483414,0.0,26407.720703125
EleutherAI/pythia-70m,256,step256,70426624,6,8,74,2,3,0.002224797150120139,0.0,26407.720703125
EleutherAI/pythia-70m,256,step256,70426624,6,8,74,2,4,0.0015940946759656072,0.0,26407.720703125
EleutherAI/pythia-70m,256,step256,70426624,6,8,74,2,5,0.010443056933581829,0.0,26407.720703125
EleutherAI/pythia-70m,256,step256,70426624,6,8,74,2,6,0.010014146566390991,0.0,26407.720703125
EleutherAI/pythia-70m,256,step256,70426624,6,8,74,2,7,0.0057320320047438145,0.0,26407.720703125
EleutherAI/pythia-70m,256,step256,70426624,6,8,74,3,0,0.007102550473064184,0.0,26407.720703125
EleutherAI/pythia-70m,256,step256,70426624,6,8,74,3,1,0.011431241407990456,0.0,26407.720703125
EleutherAI/pythia-70m,256,step256,70426624,6,8,74,3,2,0.004236547276377678,0.0,26407.720703125
EleutherAI/pythia-70m,256,step256,70426624,6,8,74,3,3,0.008082675747573376,0.0,26407.720703125
EleutherAI/pythia-70m,256,step256,70426624,6,8,74,3,4,0.003716749604791403,0.0,26407.720703125
EleutherAI/pythia-70m,256,step256,70426624,6,8,74,3,5,0.012708916328847408,0.0,26407.720703125
EleutherAI/pythia-70m,256,step256,70426624,6,8,74,3,6,0.010791543871164322,0.0,26407.720703125
EleutherAI/pythia-70m,256,step256,70426624,6,8,74,3,7,0.007177093531936407,0.0,26407.720703125
EleutherAI/pythia-70m,256,step256,70426624,6,8,74,4,0,0.008146987296640873,0.0,26407.720703125
EleutherAI/pythia-70m,256,step256,70426624,6,8,74,4,1,0.013961654156446457,0.0,26407.720703125
EleutherAI/pythia-70m,256,step256,70426624,6,8,74,4,2,0.005469090770930052,0.0,26407.720703125
EleutherAI/pythia-70m,256,step256,70426624,6,8,74,4,3,0.013062979094684124,0.0,26407.720703125
EleutherAI/pythia-70m,256,step256,70426624,6,8,74,4,4,0.002795399632304907,0.0,26407.720703125
EleutherAI/pythia-70m,256,step256,70426624,6,8,74,4,5,0.004823937546461821,0.0,26407.720703125
EleutherAI/pythia-70m,256,step256,70426624,6,8,74,4,6,0.01083775982260704,0.0,26407.720703125
EleutherAI/pythia-70m,256,step256,70426624,6,8,74,4,7,0.008857165463268757,0.0,26407.720703125
EleutherAI/pythia-70m,256,step256,70426624,6,8,74,5,0,0.0021295782644301653,0.0,26407.720703125
EleutherAI/pythia-70m,256,step256,70426624,6,8,74,5,1,0.003860327647998929,0.0,26407.720703125
EleutherAI/pythia-70m,256,step256,70426624,6,8,74,5,2,0.005594302900135517,0.0,26407.720703125
EleutherAI/pythia-70m,256,step256,70426624,6,8,74,5,3,0.0033839368261396885,0.0,26407.720703125
EleutherAI/pythia-70m,256,step256,70426624,6,8,74,5,4,0.0023406154941767454,0.0,26407.720703125
EleutherAI/pythia-70m,256,step256,70426624,6,8,74,5,5,0.002468493767082691,0.0,26407.720703125
EleutherAI/pythia-70m,256,step256,70426624,6,8,74,5,6,0.00782740768045187,0.0,26407.720703125
EleutherAI/pythia-70m,256,step256,70426624,6,8,74,5,7,0.0011394658358767629,0.0,26407.720703125
EleutherAI/pythia-70m,256,step256,70426624,6,8,75,0,0,0.013205230236053467,0.0,24416.080078125
EleutherAI/pythia-70m,256,step256,70426624,6,8,75,0,1,0.013009442947804928,0.0,24416.080078125
EleutherAI/pythia-70m,256,step256,70426624,6,8,75,0,2,0.013332515954971313,0.0,24416.080078125
EleutherAI/pythia-70m,256,step256,70426624,6,8,75,0,3,0.0140091422945261,0.0,24416.080078125
EleutherAI/pythia-70m,256,step256,70426624,6,8,75,0,4,0.013206764124333858,0.0,24416.080078125
EleutherAI/pythia-70m,256,step256,70426624,6,8,75,0,5,0.013562590815126896,0.0,24416.080078125
EleutherAI/pythia-70m,256,step256,70426624,6,8,75,0,6,0.013582245446741581,0.0,24416.080078125
EleutherAI/pythia-70m,256,step256,70426624,6,8,75,0,7,0.014650003984570503,0.0,24416.080078125
EleutherAI/pythia-70m,256,step256,70426624,6,8,75,1,0,0.010435610078275204,0.0,24416.080078125
EleutherAI/pythia-70m,256,step256,70426624,6,8,75,1,1,0.010119357146322727,0.0,24416.080078125
EleutherAI/pythia-70m,256,step256,70426624,6,8,75,1,2,0.007676253095269203,0.0,24416.080078125
EleutherAI/pythia-70m,256,step256,70426624,6,8,75,1,3,0.011006864719092846,0.0,24416.080078125
EleutherAI/pythia-70m,256,step256,70426624,6,8,75,1,4,0.011140508577227592,0.0,24416.080078125
EleutherAI/pythia-70m,256,step256,70426624,6,8,75,1,5,0.013935447670519352,0.0,24416.080078125
EleutherAI/pythia-70m,256,step256,70426624,6,8,75,1,6,0.009115382097661495,0.0,24416.080078125
EleutherAI/pythia-70m,256,step256,70426624,6,8,75,1,7,0.008728508837521076,0.0,24416.080078125
EleutherAI/pythia-70m,256,step256,70426624,6,8,75,2,0,0.002321131993085146,0.0,24416.080078125
EleutherAI/pythia-70m,256,step256,70426624,6,8,75,2,1,0.0033078270498663187,0.0,24416.080078125
EleutherAI/pythia-70m,256,step256,70426624,6,8,75,2,2,0.005937203299254179,0.0,24416.080078125
EleutherAI/pythia-70m,256,step256,70426624,6,8,75,2,3,0.0029404363594949245,0.0,24416.080078125
EleutherAI/pythia-70m,256,step256,70426624,6,8,75,2,4,0.0010458063334226608,0.0,24416.080078125
EleutherAI/pythia-70m,256,step256,70426624,6,8,75,2,5,0.011056440882384777,0.0,24416.080078125
EleutherAI/pythia-70m,256,step256,70426624,6,8,75,2,6,0.010027199052274227,0.0,24416.080078125
EleutherAI/pythia-70m,256,step256,70426624,6,8,75,2,7,0.006109865847975016,0.0,24416.080078125
EleutherAI/pythia-70m,256,step256,70426624,6,8,75,3,0,0.008737735450267792,0.0,24416.080078125
EleutherAI/pythia-70m,256,step256,70426624,6,8,75,3,1,0.01000598818063736,0.0,24416.080078125
EleutherAI/pythia-70m,256,step256,70426624,6,8,75,3,2,0.0029495421331375837,0.0,24416.080078125
EleutherAI/pythia-70m,256,step256,70426624,6,8,75,3,3,0.007901107892394066,0.0,24416.080078125
EleutherAI/pythia-70m,256,step256,70426624,6,8,75,3,4,0.0023188372142612934,0.0,24416.080078125
EleutherAI/pythia-70m,256,step256,70426624,6,8,75,3,5,0.011317177675664425,0.0,24416.080078125
EleutherAI/pythia-70m,256,step256,70426624,6,8,75,3,6,0.007422774564474821,0.0,24416.080078125
EleutherAI/pythia-70m,256,step256,70426624,6,8,75,3,7,0.00618657236918807,0.0,24416.080078125
EleutherAI/pythia-70m,256,step256,70426624,6,8,75,4,0,0.007859492674469948,0.0,24416.080078125
EleutherAI/pythia-70m,256,step256,70426624,6,8,75,4,1,0.00955638661980629,0.0,24416.080078125
EleutherAI/pythia-70m,256,step256,70426624,6,8,75,4,2,0.008875278756022453,0.0,24416.080078125
EleutherAI/pythia-70m,256,step256,70426624,6,8,75,4,3,0.01010593306273222,0.0,24416.080078125
EleutherAI/pythia-70m,256,step256,70426624,6,8,75,4,4,0.002570641227066517,0.0,24416.080078125
EleutherAI/pythia-70m,256,step256,70426624,6,8,75,4,5,0.004261469934135675,0.0,24416.080078125
EleutherAI/pythia-70m,256,step256,70426624,6,8,75,4,6,0.007967137731611729,0.0,24416.080078125
EleutherAI/pythia-70m,256,step256,70426624,6,8,75,4,7,0.008352872915565968,0.0,24416.080078125
EleutherAI/pythia-70m,256,step256,70426624,6,8,75,5,0,0.00560401938855648,0.0,24416.080078125
EleutherAI/pythia-70m,256,step256,70426624,6,8,75,5,1,0.006387799512594938,0.0,24416.080078125
EleutherAI/pythia-70m,256,step256,70426624,6,8,75,5,2,0.005999492947012186,0.0,24416.080078125
EleutherAI/pythia-70m,256,step256,70426624,6,8,75,5,3,0.0022546150721609592,0.0,24416.080078125
EleutherAI/pythia-70m,256,step256,70426624,6,8,75,5,4,0.0026795638259500265,0.0,24416.080078125
EleutherAI/pythia-70m,256,step256,70426624,6,8,75,5,5,0.0053355637937784195,0.0,24416.080078125
EleutherAI/pythia-70m,256,step256,70426624,6,8,75,5,6,0.010443620383739471,0.0,24416.080078125
EleutherAI/pythia-70m,256,step256,70426624,6,8,75,5,7,0.00156741205137223,0.0,24416.080078125
EleutherAI/pythia-70m,256,step256,70426624,6,8,76,0,0,0.013031753711402416,0.0,30043.80078125
EleutherAI/pythia-70m,256,step256,70426624,6,8,76,0,1,0.014694802463054657,0.0,30043.80078125
EleutherAI/pythia-70m,256,step256,70426624,6,8,76,0,2,0.013684256002306938,0.0,30043.80078125
EleutherAI/pythia-70m,256,step256,70426624,6,8,76,0,3,0.015004150569438934,0.0,30043.80078125
EleutherAI/pythia-70m,256,step256,70426624,6,8,76,0,4,0.014760148711502552,0.0,30043.80078125
EleutherAI/pythia-70m,256,step256,70426624,6,8,76,0,5,0.013987305574119091,0.0,30043.80078125
EleutherAI/pythia-70m,256,step256,70426624,6,8,76,0,6,0.01300980057567358,0.0,30043.80078125
EleutherAI/pythia-70m,256,step256,70426624,6,8,76,0,7,0.01394720934331417,0.0,30043.80078125
EleutherAI/pythia-70m,256,step256,70426624,6,8,76,1,0,0.01059043314307928,0.0,30043.80078125
EleutherAI/pythia-70m,256,step256,70426624,6,8,76,1,1,0.01220080815255642,0.0,30043.80078125
EleutherAI/pythia-70m,256,step256,70426624,6,8,76,1,2,0.007466305512934923,0.0,30043.80078125
EleutherAI/pythia-70m,256,step256,70426624,6,8,76,1,3,0.010804135352373123,0.0,30043.80078125
EleutherAI/pythia-70m,256,step256,70426624,6,8,76,1,4,0.011889923363924026,0.0,30043.80078125
EleutherAI/pythia-70m,256,step256,70426624,6,8,76,1,5,0.012239337898790836,0.0,30043.80078125
EleutherAI/pythia-70m,256,step256,70426624,6,8,76,1,6,0.01018893625587225,0.0,30043.80078125
EleutherAI/pythia-70m,256,step256,70426624,6,8,76,1,7,0.009455915540456772,0.0,30043.80078125
EleutherAI/pythia-70m,256,step256,70426624,6,8,76,2,0,0.003270602785050869,0.0,30043.80078125
EleutherAI/pythia-70m,256,step256,70426624,6,8,76,2,1,0.0036537745036184788,0.0,30043.80078125
EleutherAI/pythia-70m,256,step256,70426624,6,8,76,2,2,0.00623116921633482,0.0,30043.80078125
EleutherAI/pythia-70m,256,step256,70426624,6,8,76,2,3,0.0027876312378793955,0.0,30043.80078125
EleutherAI/pythia-70m,256,step256,70426624,6,8,76,2,4,0.001868899562396109,0.0,30043.80078125
EleutherAI/pythia-70m,256,step256,70426624,6,8,76,2,5,0.008146482519805431,0.0,30043.80078125
EleutherAI/pythia-70m,256,step256,70426624,6,8,76,2,6,0.010147664695978165,0.0,30043.80078125
EleutherAI/pythia-70m,256,step256,70426624,6,8,76,2,7,0.004315744619816542,0.0,30043.80078125
EleutherAI/pythia-70m,256,step256,70426624,6,8,76,3,0,0.00965871661901474,0.0,30043.80078125
EleutherAI/pythia-70m,256,step256,70426624,6,8,76,3,1,0.01263117790222168,0.0,30043.80078125
EleutherAI/pythia-70m,256,step256,70426624,6,8,76,3,2,0.0027505489997565746,0.0,30043.80078125
EleutherAI/pythia-70m,256,step256,70426624,6,8,76,3,3,0.0061915540136396885,0.0,30043.80078125
EleutherAI/pythia-70m,256,step256,70426624,6,8,76,3,4,0.004188441205769777,0.0,30043.80078125
EleutherAI/pythia-70m,256,step256,70426624,6,8,76,3,5,0.011987891048192978,0.0,30043.80078125
EleutherAI/pythia-70m,256,step256,70426624,6,8,76,3,6,0.006673803552985191,0.0,30043.80078125
EleutherAI/pythia-70m,256,step256,70426624,6,8,76,3,7,0.0061598061583936214,0.0,30043.80078125
EleutherAI/pythia-70m,256,step256,70426624,6,8,76,4,0,0.007574026007205248,0.0,30043.80078125
EleutherAI/pythia-70m,256,step256,70426624,6,8,76,4,1,0.013462678529322147,0.0,30043.80078125
EleutherAI/pythia-70m,256,step256,70426624,6,8,76,4,2,0.010886017233133316,0.0,30043.80078125
EleutherAI/pythia-70m,256,step256,70426624,6,8,76,4,3,0.009132562205195427,0.0,30043.80078125
EleutherAI/pythia-70m,256,step256,70426624,6,8,76,4,4,0.004467241931706667,0.0,30043.80078125
EleutherAI/pythia-70m,256,step256,70426624,6,8,76,4,5,0.005151731893420219,0.0,30043.80078125
EleutherAI/pythia-70m,256,step256,70426624,6,8,76,4,6,0.008187771774828434,0.0,30043.80078125
EleutherAI/pythia-70m,256,step256,70426624,6,8,76,4,7,0.007993086241185665,0.0,30043.80078125
EleutherAI/pythia-70m,256,step256,70426624,6,8,76,5,0,0.0030143342446535826,0.0,30043.80078125
EleutherAI/pythia-70m,256,step256,70426624,6,8,76,5,1,0.003212074749171734,0.0,30043.80078125
EleutherAI/pythia-70m,256,step256,70426624,6,8,76,5,2,0.00394586194306612,0.0,30043.80078125
EleutherAI/pythia-70m,256,step256,70426624,6,8,76,5,3,0.0036590283270925283,0.0,30043.80078125
EleutherAI/pythia-70m,256,step256,70426624,6,8,76,5,4,0.0026937799993902445,0.0,30043.80078125
EleutherAI/pythia-70m,256,step256,70426624,6,8,76,5,5,0.0038333856500685215,0.0,30043.80078125
EleutherAI/pythia-70m,256,step256,70426624,6,8,76,5,6,0.00747265201061964,0.0,30043.80078125
EleutherAI/pythia-70m,256,step256,70426624,6,8,76,5,7,0.0019491133280098438,0.0,30043.80078125
EleutherAI/pythia-70m,256,step256,70426624,6,8,77,0,0,0.01315604243427515,0.0,22255.51953125
EleutherAI/pythia-70m,256,step256,70426624,6,8,77,0,1,0.015123077668249607,0.0,22255.51953125
EleutherAI/pythia-70m,256,step256,70426624,6,8,77,0,2,0.013544982299208641,0.0,22255.51953125
EleutherAI/pythia-70m,256,step256,70426624,6,8,77,0,3,0.01331503875553608,0.0,22255.51953125
EleutherAI/pythia-70m,256,step256,70426624,6,8,77,0,4,0.013536610640585423,0.0,22255.51953125
EleutherAI/pythia-70m,256,step256,70426624,6,8,77,0,5,0.012187233194708824,0.0,22255.51953125
EleutherAI/pythia-70m,256,step256,70426624,6,8,77,0,6,0.012775207869708538,0.0,22255.51953125
EleutherAI/pythia-70m,256,step256,70426624,6,8,77,0,7,0.015654532238841057,0.0,22255.51953125
EleutherAI/pythia-70m,256,step256,70426624,6,8,77,1,0,0.009938545525074005,0.0,22255.51953125
EleutherAI/pythia-70m,256,step256,70426624,6,8,77,1,1,0.009581624530255795,0.0,22255.51953125
EleutherAI/pythia-70m,256,step256,70426624,6,8,77,1,2,0.008763108402490616,0.0,22255.51953125
EleutherAI/pythia-70m,256,step256,70426624,6,8,77,1,3,0.0113184479996562,0.0,22255.51953125
EleutherAI/pythia-70m,256,step256,70426624,6,8,77,1,4,0.011519028805196285,0.0,22255.51953125
EleutherAI/pythia-70m,256,step256,70426624,6,8,77,1,5,0.011745946481823921,0.0,22255.51953125
EleutherAI/pythia-70m,256,step256,70426624,6,8,77,1,6,0.008357272483408451,0.0,22255.51953125
EleutherAI/pythia-70m,256,step256,70426624,6,8,77,1,7,0.009388930164277554,0.0,22255.51953125
EleutherAI/pythia-70m,256,step256,70426624,6,8,77,2,0,0.0017175939865410328,0.0,22255.51953125
EleutherAI/pythia-70m,256,step256,70426624,6,8,77,2,1,0.0025979960337281227,0.0,22255.51953125
EleutherAI/pythia-70m,256,step256,70426624,6,8,77,2,2,0.005307384766638279,0.0,22255.51953125
EleutherAI/pythia-70m,256,step256,70426624,6,8,77,2,3,0.005025837570428848,0.0,22255.51953125
EleutherAI/pythia-70m,256,step256,70426624,6,8,77,2,4,0.0009072409011423588,0.0,22255.51953125
EleutherAI/pythia-70m,256,step256,70426624,6,8,77,2,5,0.008502345532178879,0.0,22255.51953125
EleutherAI/pythia-70m,256,step256,70426624,6,8,77,2,6,0.013139274902641773,0.0,22255.51953125
EleutherAI/pythia-70m,256,step256,70426624,6,8,77,2,7,0.005009650718420744,0.0,22255.51953125
EleutherAI/pythia-70m,256,step256,70426624,6,8,77,3,0,0.009771101176738739,0.0,22255.51953125
EleutherAI/pythia-70m,256,step256,70426624,6,8,77,3,1,0.011238588020205498,0.0,22255.51953125
EleutherAI/pythia-70m,256,step256,70426624,6,8,77,3,2,0.0029702328611165285,0.0,22255.51953125
EleutherAI/pythia-70m,256,step256,70426624,6,8,77,3,3,0.007444213610142469,0.0,22255.51953125
EleutherAI/pythia-70m,256,step256,70426624,6,8,77,3,4,0.005642565432935953,0.0,22255.51953125
EleutherAI/pythia-70m,256,step256,70426624,6,8,77,3,5,0.011577768251299858,0.0,22255.51953125
EleutherAI/pythia-70m,256,step256,70426624,6,8,77,3,6,0.003993071150034666,0.0,22255.51953125
EleutherAI/pythia-70m,256,step256,70426624,6,8,77,3,7,0.0041618626564741135,0.0,22255.51953125
EleutherAI/pythia-70m,256,step256,70426624,6,8,77,4,0,0.00623173825442791,0.0,22255.51953125
EleutherAI/pythia-70m,256,step256,70426624,6,8,77,4,1,0.010233648121356964,0.0,22255.51953125
EleutherAI/pythia-70m,256,step256,70426624,6,8,77,4,2,0.011236084625124931,0.0,22255.51953125
EleutherAI/pythia-70m,256,step256,70426624,6,8,77,4,3,0.009875654242932796,0.0,22255.51953125
EleutherAI/pythia-70m,256,step256,70426624,6,8,77,4,4,0.004654647782444954,0.0,22255.51953125
EleutherAI/pythia-70m,256,step256,70426624,6,8,77,4,5,0.003645713906735182,0.0,22255.51953125
EleutherAI/pythia-70m,256,step256,70426624,6,8,77,4,6,0.007130756508558989,0.0,22255.51953125
EleutherAI/pythia-70m,256,step256,70426624,6,8,77,4,7,0.00775984488427639,0.0,22255.51953125
EleutherAI/pythia-70m,256,step256,70426624,6,8,77,5,0,0.004092681221663952,0.0,22255.51953125
EleutherAI/pythia-70m,256,step256,70426624,6,8,77,5,1,0.004256437998265028,0.0,22255.51953125
EleutherAI/pythia-70m,256,step256,70426624,6,8,77,5,2,0.006786193698644638,0.0,22255.51953125
EleutherAI/pythia-70m,256,step256,70426624,6,8,77,5,3,0.0020283102057874203,0.0,22255.51953125
EleutherAI/pythia-70m,256,step256,70426624,6,8,77,5,4,0.0026366678066551685,0.0,22255.51953125
EleutherAI/pythia-70m,256,step256,70426624,6,8,77,5,5,0.003506377339363098,0.0,22255.51953125
EleutherAI/pythia-70m,256,step256,70426624,6,8,77,5,6,0.008971566334366798,0.0,22255.51953125
EleutherAI/pythia-70m,256,step256,70426624,6,8,77,5,7,0.0011902814731001854,0.0,22255.51953125
EleutherAI/pythia-70m,256,step256,70426624,6,8,78,0,0,0.013610885478556156,0.0,22335.560546875
EleutherAI/pythia-70m,256,step256,70426624,6,8,78,0,1,0.013807494193315506,0.0,22335.560546875
EleutherAI/pythia-70m,256,step256,70426624,6,8,78,0,2,0.013531974516808987,0.0,22335.560546875
EleutherAI/pythia-70m,256,step256,70426624,6,8,78,0,3,0.014555824920535088,0.0,22335.560546875
EleutherAI/pythia-70m,256,step256,70426624,6,8,78,0,4,0.01350308582186699,0.0,22335.560546875
EleutherAI/pythia-70m,256,step256,70426624,6,8,78,0,5,0.012698628939688206,0.0,22335.560546875
EleutherAI/pythia-70m,256,step256,70426624,6,8,78,0,6,0.013948220759630203,0.0,22335.560546875
EleutherAI/pythia-70m,256,step256,70426624,6,8,78,0,7,0.014393264427781105,0.0,22335.560546875
EleutherAI/pythia-70m,256,step256,70426624,6,8,78,1,0,0.0123605253174901,0.0,22335.560546875
EleutherAI/pythia-70m,256,step256,70426624,6,8,78,1,1,0.01136316079646349,0.0,22335.560546875
EleutherAI/pythia-70m,256,step256,70426624,6,8,78,1,2,0.006828920915722847,0.0,22335.560546875
EleutherAI/pythia-70m,256,step256,70426624,6,8,78,1,3,0.011213541962206364,0.0,22335.560546875
EleutherAI/pythia-70m,256,step256,70426624,6,8,78,1,4,0.011510494165122509,0.0,22335.560546875
EleutherAI/pythia-70m,256,step256,70426624,6,8,78,1,5,0.011258223094046116,0.0,22335.560546875
EleutherAI/pythia-70m,256,step256,70426624,6,8,78,1,6,0.00925683043897152,0.0,22335.560546875
EleutherAI/pythia-70m,256,step256,70426624,6,8,78,1,7,0.008617439307272434,0.0,22335.560546875
EleutherAI/pythia-70m,256,step256,70426624,6,8,78,2,0,0.0021255691535770893,0.0,22335.560546875
EleutherAI/pythia-70m,256,step256,70426624,6,8,78,2,1,0.003686342155560851,0.0,22335.560546875
EleutherAI/pythia-70m,256,step256,70426624,6,8,78,2,2,0.005960798356682062,0.0,22335.560546875
EleutherAI/pythia-70m,256,step256,70426624,6,8,78,2,3,0.004685600753873587,0.0,22335.560546875
EleutherAI/pythia-70m,256,step256,70426624,6,8,78,2,4,0.0012551097897812724,0.0,22335.560546875
EleutherAI/pythia-70m,256,step256,70426624,6,8,78,2,5,0.011382338590919971,0.0,22335.560546875
EleutherAI/pythia-70m,256,step256,70426624,6,8,78,2,6,0.010606526397168636,0.0,22335.560546875
EleutherAI/pythia-70m,256,step256,70426624,6,8,78,2,7,0.006952807307243347,0.0,22335.560546875
EleutherAI/pythia-70m,256,step256,70426624,6,8,78,3,0,0.010211565531790257,0.0,22335.560546875
EleutherAI/pythia-70m,256,step256,70426624,6,8,78,3,1,0.013516085222363472,0.0,22335.560546875
EleutherAI/pythia-70m,256,step256,70426624,6,8,78,3,2,0.001814953051507473,0.0,22335.560546875
EleutherAI/pythia-70m,256,step256,70426624,6,8,78,3,3,0.005521215032786131,0.0,22335.560546875
EleutherAI/pythia-70m,256,step256,70426624,6,8,78,3,4,0.003959232475608587,0.0,22335.560546875
EleutherAI/pythia-70m,256,step256,70426624,6,8,78,3,5,0.010056396946310997,0.0,22335.560546875
EleutherAI/pythia-70m,256,step256,70426624,6,8,78,3,6,0.008654527366161346,0.0,22335.560546875
EleutherAI/pythia-70m,256,step256,70426624,6,8,78,3,7,0.005517406854778528,0.0,22335.560546875
EleutherAI/pythia-70m,256,step256,70426624,6,8,78,4,0,0.01082706730812788,0.0,22335.560546875
EleutherAI/pythia-70m,256,step256,70426624,6,8,78,4,1,0.011515285819768906,0.0,22335.560546875
EleutherAI/pythia-70m,256,step256,70426624,6,8,78,4,2,0.011284622363746166,0.0,22335.560546875
EleutherAI/pythia-70m,256,step256,70426624,6,8,78,4,3,0.009841464459896088,0.0,22335.560546875
EleutherAI/pythia-70m,256,step256,70426624,6,8,78,4,4,0.005300801247358322,0.0,22335.560546875
EleutherAI/pythia-70m,256,step256,70426624,6,8,78,4,5,0.003694763872772455,0.0,22335.560546875
EleutherAI/pythia-70m,256,step256,70426624,6,8,78,4,6,0.00841129757463932,0.0,22335.560546875
EleutherAI/pythia-70m,256,step256,70426624,6,8,78,4,7,0.008487286977469921,0.0,22335.560546875
EleutherAI/pythia-70m,256,step256,70426624,6,8,78,5,0,0.0033167507499456406,0.0,22335.560546875
EleutherAI/pythia-70m,256,step256,70426624,6,8,78,5,1,0.004468016792088747,0.0,22335.560546875
EleutherAI/pythia-70m,256,step256,70426624,6,8,78,5,2,0.004490571562200785,0.0,22335.560546875
EleutherAI/pythia-70m,256,step256,70426624,6,8,78,5,3,0.004574847407639027,0.0,22335.560546875
EleutherAI/pythia-70m,256,step256,70426624,6,8,78,5,4,0.0027560300659388304,0.0,22335.560546875
EleutherAI/pythia-70m,256,step256,70426624,6,8,78,5,5,0.004000755492597818,0.0,22335.560546875
EleutherAI/pythia-70m,256,step256,70426624,6,8,78,5,6,0.008760327473282814,0.0,22335.560546875
EleutherAI/pythia-70m,256,step256,70426624,6,8,78,5,7,0.0020464700646698475,0.0,22335.560546875
EleutherAI/pythia-70m,256,step256,70426624,6,8,79,0,0,0.013627721928060055,0.0,21881.580078125
EleutherAI/pythia-70m,256,step256,70426624,6,8,79,0,1,0.014121737331151962,0.0,21881.580078125
EleutherAI/pythia-70m,256,step256,70426624,6,8,79,0,2,0.01338459923863411,0.0,21881.580078125
EleutherAI/pythia-70m,256,step256,70426624,6,8,79,0,3,0.013687542639672756,0.0,21881.580078125
EleutherAI/pythia-70m,256,step256,70426624,6,8,79,0,4,0.013462808914482594,0.0,21881.580078125
EleutherAI/pythia-70m,256,step256,70426624,6,8,79,0,5,0.014443649910390377,0.0,21881.580078125
EleutherAI/pythia-70m,256,step256,70426624,6,8,79,0,6,0.014461375772953033,0.0,21881.580078125
EleutherAI/pythia-70m,256,step256,70426624,6,8,79,0,7,0.014689442701637745,0.0,21881.580078125
EleutherAI/pythia-70m,256,step256,70426624,6,8,79,1,0,0.01032019592821598,0.0,21881.580078125
EleutherAI/pythia-70m,256,step256,70426624,6,8,79,1,1,0.010157945565879345,0.0,21881.580078125
EleutherAI/pythia-70m,256,step256,70426624,6,8,79,1,2,0.008590588346123695,0.0,21881.580078125
EleutherAI/pythia-70m,256,step256,70426624,6,8,79,1,3,0.012221132405102253,0.0,21881.580078125
EleutherAI/pythia-70m,256,step256,70426624,6,8,79,1,4,0.011859443038702011,0.0,21881.580078125
EleutherAI/pythia-70m,256,step256,70426624,6,8,79,1,5,0.01158128771930933,0.0,21881.580078125
EleutherAI/pythia-70m,256,step256,70426624,6,8,79,1,6,0.011788890697062016,0.0,21881.580078125
EleutherAI/pythia-70m,256,step256,70426624,6,8,79,1,7,0.008368530310690403,0.0,21881.580078125
EleutherAI/pythia-70m,256,step256,70426624,6,8,79,2,0,0.002513299696147442,0.0,21881.580078125
EleutherAI/pythia-70m,256,step256,70426624,6,8,79,2,1,0.002895756857469678,0.0,21881.580078125
EleutherAI/pythia-70m,256,step256,70426624,6,8,79,2,2,0.006431464105844498,0.0,21881.580078125
EleutherAI/pythia-70m,256,step256,70426624,6,8,79,2,3,0.004295604303479195,0.0,21881.580078125
EleutherAI/pythia-70m,256,step256,70426624,6,8,79,2,4,0.00109116081148386,0.0,21881.580078125
EleutherAI/pythia-70m,256,step256,70426624,6,8,79,2,5,0.007913949899375439,0.0,21881.580078125
EleutherAI/pythia-70m,256,step256,70426624,6,8,79,2,6,0.014097549021244049,0.0,21881.580078125
EleutherAI/pythia-70m,256,step256,70426624,6,8,79,2,7,0.004364900756627321,0.0,21881.580078125
EleutherAI/pythia-70m,256,step256,70426624,6,8,79,3,0,0.00977599062025547,0.0,21881.580078125
EleutherAI/pythia-70m,256,step256,70426624,6,8,79,3,1,0.01528865098953247,0.0,21881.580078125
EleutherAI/pythia-70m,256,step256,70426624,6,8,79,3,2,0.0037950589321553707,0.0,21881.580078125
EleutherAI/pythia-70m,256,step256,70426624,6,8,79,3,3,0.008281020447611809,0.0,21881.580078125
EleutherAI/pythia-70m,256,step256,70426624,6,8,79,3,4,0.005624524783343077,0.0,21881.580078125
EleutherAI/pythia-70m,256,step256,70426624,6,8,79,3,5,0.010814495384693146,0.0,21881.580078125
EleutherAI/pythia-70m,256,step256,70426624,6,8,79,3,6,0.006303122267127037,0.0,21881.580078125
EleutherAI/pythia-70m,256,step256,70426624,6,8,79,3,7,0.005276283249258995,0.0,21881.580078125
EleutherAI/pythia-70m,256,step256,70426624,6,8,79,4,0,0.012262246571481228,0.0,21881.580078125
EleutherAI/pythia-70m,256,step256,70426624,6,8,79,4,1,0.009899931028485298,0.0,21881.580078125
EleutherAI/pythia-70m,256,step256,70426624,6,8,79,4,2,0.011864365078508854,0.0,21881.580078125
EleutherAI/pythia-70m,256,step256,70426624,6,8,79,4,3,0.011519250459969044,0.0,21881.580078125
EleutherAI/pythia-70m,256,step256,70426624,6,8,79,4,4,0.0053044576197862625,0.0,21881.580078125
EleutherAI/pythia-70m,256,step256,70426624,6,8,79,4,5,0.004210112150758505,0.0,21881.580078125
EleutherAI/pythia-70m,256,step256,70426624,6,8,79,4,6,0.007805604953318834,0.0,21881.580078125
EleutherAI/pythia-70m,256,step256,70426624,6,8,79,4,7,0.009722452610731125,0.0,21881.580078125
EleutherAI/pythia-70m,256,step256,70426624,6,8,79,5,0,0.00428377278149128,0.0,21881.580078125
EleutherAI/pythia-70m,256,step256,70426624,6,8,79,5,1,0.004150597378611565,0.0,21881.580078125
EleutherAI/pythia-70m,256,step256,70426624,6,8,79,5,2,0.0065314676612615585,0.0,21881.580078125
EleutherAI/pythia-70m,256,step256,70426624,6,8,79,5,3,0.004238014575093985,0.0,21881.580078125
EleutherAI/pythia-70m,256,step256,70426624,6,8,79,5,4,0.003101635491475463,0.0,21881.580078125
EleutherAI/pythia-70m,256,step256,70426624,6,8,79,5,5,0.0031546319369226694,0.0,21881.580078125
EleutherAI/pythia-70m,256,step256,70426624,6,8,79,5,6,0.007646085694432259,0.0,21881.580078125
EleutherAI/pythia-70m,256,step256,70426624,6,8,79,5,7,0.001568602048791945,0.0,21881.580078125
EleutherAI/pythia-70m,256,step256,70426624,6,8,80,0,0,0.014861986972391605,0.0,24594.580078125
EleutherAI/pythia-70m,256,step256,70426624,6,8,80,0,1,0.012921269051730633,0.0,24594.580078125
EleutherAI/pythia-70m,256,step256,70426624,6,8,80,0,2,0.014160935766994953,0.0,24594.580078125
EleutherAI/pythia-70m,256,step256,70426624,6,8,80,0,3,0.012483876198530197,0.0,24594.580078125
EleutherAI/pythia-70m,256,step256,70426624,6,8,80,0,4,0.013820660300552845,0.0,24594.580078125
EleutherAI/pythia-70m,256,step256,70426624,6,8,80,0,5,0.014104745350778103,0.0,24594.580078125
EleutherAI/pythia-70m,256,step256,70426624,6,8,80,0,6,0.0156537014991045,0.0,24594.580078125
EleutherAI/pythia-70m,256,step256,70426624,6,8,80,0,7,0.013746142387390137,0.0,24594.580078125
EleutherAI/pythia-70m,256,step256,70426624,6,8,80,1,0,0.010798225179314613,0.0,24594.580078125
EleutherAI/pythia-70m,256,step256,70426624,6,8,80,1,1,0.0087079843506217,0.0,24594.580078125
EleutherAI/pythia-70m,256,step256,70426624,6,8,80,1,2,0.006147482432425022,0.0,24594.580078125
EleutherAI/pythia-70m,256,step256,70426624,6,8,80,1,3,0.0111946240067482,0.0,24594.580078125
EleutherAI/pythia-70m,256,step256,70426624,6,8,80,1,4,0.01223469153046608,0.0,24594.580078125
EleutherAI/pythia-70m,256,step256,70426624,6,8,80,1,5,0.011320407502353191,0.0,24594.580078125
EleutherAI/pythia-70m,256,step256,70426624,6,8,80,1,6,0.01068354956805706,0.0,24594.580078125
EleutherAI/pythia-70m,256,step256,70426624,6,8,80,1,7,0.009166058152914047,0.0,24594.580078125
EleutherAI/pythia-70m,256,step256,70426624,6,8,80,2,0,0.0018277284689247608,0.0,24594.580078125
EleutherAI/pythia-70m,256,step256,70426624,6,8,80,2,1,0.0017289015231654048,0.0,24594.580078125
EleutherAI/pythia-70m,256,step256,70426624,6,8,80,2,2,0.006319101899862289,0.0,24594.580078125
EleutherAI/pythia-70m,256,step256,70426624,6,8,80,2,3,0.0035294233821332455,0.0,24594.580078125
EleutherAI/pythia-70m,256,step256,70426624,6,8,80,2,4,0.0008864012197591364,0.0,24594.580078125
EleutherAI/pythia-70m,256,step256,70426624,6,8,80,2,5,0.010985058732330799,0.0,24594.580078125
EleutherAI/pythia-70m,256,step256,70426624,6,8,80,2,6,0.010436158627271652,0.0,24594.580078125
EleutherAI/pythia-70m,256,step256,70426624,6,8,80,2,7,0.003800909500569105,0.0,24594.580078125
EleutherAI/pythia-70m,256,step256,70426624,6,8,80,3,0,0.007929336279630661,0.0,24594.580078125
EleutherAI/pythia-70m,256,step256,70426624,6,8,80,3,1,0.00840433593839407,0.0,24594.580078125
EleutherAI/pythia-70m,256,step256,70426624,6,8,80,3,2,0.005357522517442703,0.0,24594.580078125
EleutherAI/pythia-70m,256,step256,70426624,6,8,80,3,3,0.007980480790138245,0.0,24594.580078125
EleutherAI/pythia-70m,256,step256,70426624,6,8,80,3,4,0.0028707704041153193,0.0,24594.580078125
EleutherAI/pythia-70m,256,step256,70426624,6,8,80,3,5,0.011904295533895493,0.0,24594.580078125
EleutherAI/pythia-70m,256,step256,70426624,6,8,80,3,6,0.004931821953505278,0.0,24594.580078125
EleutherAI/pythia-70m,256,step256,70426624,6,8,80,3,7,0.004791509360074997,0.0,24594.580078125
EleutherAI/pythia-70m,256,step256,70426624,6,8,80,4,0,0.005334590561687946,0.0,24594.580078125
EleutherAI/pythia-70m,256,step256,70426624,6,8,80,4,1,0.009919282048940659,0.0,24594.580078125
EleutherAI/pythia-70m,256,step256,70426624,6,8,80,4,2,0.009423253126442432,0.0,24594.580078125
EleutherAI/pythia-70m,256,step256,70426624,6,8,80,4,3,0.008409515954554081,0.0,24594.580078125
EleutherAI/pythia-70m,256,step256,70426624,6,8,80,4,4,0.005077813286334276,0.0,24594.580078125
EleutherAI/pythia-70m,256,step256,70426624,6,8,80,4,5,0.002861690241843462,0.0,24594.580078125
EleutherAI/pythia-70m,256,step256,70426624,6,8,80,4,6,0.007092473097145557,0.0,24594.580078125
EleutherAI/pythia-70m,256,step256,70426624,6,8,80,4,7,0.008239916525781155,0.0,24594.580078125
EleutherAI/pythia-70m,256,step256,70426624,6,8,80,5,0,0.003330760635435581,0.0,24594.580078125
EleutherAI/pythia-70m,256,step256,70426624,6,8,80,5,1,0.0032456470653414726,0.0,24594.580078125
EleutherAI/pythia-70m,256,step256,70426624,6,8,80,5,2,0.00432622479274869,0.0,24594.580078125
EleutherAI/pythia-70m,256,step256,70426624,6,8,80,5,3,0.001931777922436595,0.0,24594.580078125
EleutherAI/pythia-70m,256,step256,70426624,6,8,80,5,4,0.0015515303239226341,0.0,24594.580078125
EleutherAI/pythia-70m,256,step256,70426624,6,8,80,5,5,0.003223578678444028,0.0,24594.580078125
EleutherAI/pythia-70m,256,step256,70426624,6,8,80,5,6,0.010577244684100151,0.0,24594.580078125
EleutherAI/pythia-70m,256,step256,70426624,6,8,80,5,7,0.0017761531053110957,0.0,24594.580078125
EleutherAI/pythia-70m,256,step256,70426624,6,8,81,0,0,0.013370065949857235,0.0,29062.060546875
EleutherAI/pythia-70m,256,step256,70426624,6,8,81,0,1,0.013248533941805363,0.0,29062.060546875
EleutherAI/pythia-70m,256,step256,70426624,6,8,81,0,2,0.013748649507761002,0.0,29062.060546875
EleutherAI/pythia-70m,256,step256,70426624,6,8,81,0,3,0.013152148574590683,0.0,29062.060546875
EleutherAI/pythia-70m,256,step256,70426624,6,8,81,0,4,0.013016547076404095,0.0,29062.060546875
EleutherAI/pythia-70m,256,step256,70426624,6,8,81,0,5,0.013903595507144928,0.0,29062.060546875
EleutherAI/pythia-70m,256,step256,70426624,6,8,81,0,6,0.013498127460479736,0.0,29062.060546875
EleutherAI/pythia-70m,256,step256,70426624,6,8,81,0,7,0.013925636187195778,0.0,29062.060546875
EleutherAI/pythia-70m,256,step256,70426624,6,8,81,1,0,0.009457167237997055,0.0,29062.060546875
EleutherAI/pythia-70m,256,step256,70426624,6,8,81,1,1,0.008764120750129223,0.0,29062.060546875
EleutherAI/pythia-70m,256,step256,70426624,6,8,81,1,2,0.006537919864058495,0.0,29062.060546875
EleutherAI/pythia-70m,256,step256,70426624,6,8,81,1,3,0.011670741252601147,0.0,29062.060546875
EleutherAI/pythia-70m,256,step256,70426624,6,8,81,1,4,0.009260538965463638,0.0,29062.060546875
EleutherAI/pythia-70m,256,step256,70426624,6,8,81,1,5,0.012019190937280655,0.0,29062.060546875
EleutherAI/pythia-70m,256,step256,70426624,6,8,81,1,6,0.010044022463262081,0.0,29062.060546875
EleutherAI/pythia-70m,256,step256,70426624,6,8,81,1,7,0.0093021085485816,0.0,29062.060546875
EleutherAI/pythia-70m,256,step256,70426624,6,8,81,2,0,0.0020741289481520653,0.0,29062.060546875
EleutherAI/pythia-70m,256,step256,70426624,6,8,81,2,1,0.0029454047325998545,0.0,29062.060546875
EleutherAI/pythia-70m,256,step256,70426624,6,8,81,2,2,0.005794155411422253,0.0,29062.060546875
EleutherAI/pythia-70m,256,step256,70426624,6,8,81,2,3,0.0034749063197523355,0.0,29062.060546875
EleutherAI/pythia-70m,256,step256,70426624,6,8,81,2,4,0.0028281474951654673,0.0,29062.060546875
EleutherAI/pythia-70m,256,step256,70426624,6,8,81,2,5,0.009941335767507553,0.0,29062.060546875
EleutherAI/pythia-70m,256,step256,70426624,6,8,81,2,6,0.01124071329832077,0.0,29062.060546875
EleutherAI/pythia-70m,256,step256,70426624,6,8,81,2,7,0.005645017139613628,0.0,29062.060546875
EleutherAI/pythia-70m,256,step256,70426624,6,8,81,3,0,0.011326203122735023,0.0,29062.060546875
EleutherAI/pythia-70m,256,step256,70426624,6,8,81,3,1,0.012058326043188572,0.0,29062.060546875
EleutherAI/pythia-70m,256,step256,70426624,6,8,81,3,2,0.0031527341343462467,0.0,29062.060546875
EleutherAI/pythia-70m,256,step256,70426624,6,8,81,3,3,0.010479947552084923,0.0,29062.060546875
EleutherAI/pythia-70m,256,step256,70426624,6,8,81,3,4,0.004926957655698061,0.0,29062.060546875
EleutherAI/pythia-70m,256,step256,70426624,6,8,81,3,5,0.010996153578162193,0.0,29062.060546875
EleutherAI/pythia-70m,256,step256,70426624,6,8,81,3,6,0.014987527392804623,0.0,29062.060546875
EleutherAI/pythia-70m,256,step256,70426624,6,8,81,3,7,0.012806638143956661,0.0,29062.060546875
EleutherAI/pythia-70m,256,step256,70426624,6,8,81,4,0,0.009707463905215263,0.0,29062.060546875
EleutherAI/pythia-70m,256,step256,70426624,6,8,81,4,1,0.009486379101872444,0.0,29062.060546875
EleutherAI/pythia-70m,256,step256,70426624,6,8,81,4,2,0.009836477227509022,0.0,29062.060546875
EleutherAI/pythia-70m,256,step256,70426624,6,8,81,4,3,0.009212370961904526,0.0,29062.060546875
EleutherAI/pythia-70m,256,step256,70426624,6,8,81,4,4,0.003660122863948345,0.0,29062.060546875
EleutherAI/pythia-70m,256,step256,70426624,6,8,81,4,5,0.004696558229625225,0.0,29062.060546875
EleutherAI/pythia-70m,256,step256,70426624,6,8,81,4,6,0.010793974623084068,0.0,29062.060546875
EleutherAI/pythia-70m,256,step256,70426624,6,8,81,4,7,0.007722954731434584,0.0,29062.060546875
EleutherAI/pythia-70m,256,step256,70426624,6,8,81,5,0,0.004564419388771057,0.0,29062.060546875
EleutherAI/pythia-70m,256,step256,70426624,6,8,81,5,1,0.0031670182943344116,0.0,29062.060546875
EleutherAI/pythia-70m,256,step256,70426624,6,8,81,5,2,0.006351686082780361,0.0,29062.060546875
EleutherAI/pythia-70m,256,step256,70426624,6,8,81,5,3,0.0025456922594457865,0.0,29062.060546875
EleutherAI/pythia-70m,256,step256,70426624,6,8,81,5,4,0.0026148902252316475,0.0,29062.060546875
EleutherAI/pythia-70m,256,step256,70426624,6,8,81,5,5,0.003246133914217353,0.0,29062.060546875
EleutherAI/pythia-70m,256,step256,70426624,6,8,81,5,6,0.008645675145089626,0.0,29062.060546875
EleutherAI/pythia-70m,256,step256,70426624,6,8,81,5,7,0.0018465875182300806,0.0,29062.060546875
EleutherAI/pythia-70m,256,step256,70426624,6,8,82,0,0,0.014207456260919571,0.0,29073.5390625
EleutherAI/pythia-70m,256,step256,70426624,6,8,82,0,1,0.014313839375972748,0.0,29073.5390625
EleutherAI/pythia-70m,256,step256,70426624,6,8,82,0,2,0.013400089927017689,0.0,29073.5390625
EleutherAI/pythia-70m,256,step256,70426624,6,8,82,0,3,0.0138968825340271,0.0,29073.5390625
EleutherAI/pythia-70m,256,step256,70426624,6,8,82,0,4,0.014857019297778606,0.0,29073.5390625
EleutherAI/pythia-70m,256,step256,70426624,6,8,82,0,5,0.01268827635794878,0.0,29073.5390625
EleutherAI/pythia-70m,256,step256,70426624,6,8,82,0,6,0.01314542256295681,0.0,29073.5390625
EleutherAI/pythia-70m,256,step256,70426624,6,8,82,0,7,0.014271140098571777,0.0,29073.5390625
EleutherAI/pythia-70m,256,step256,70426624,6,8,82,1,0,0.010796748101711273,0.0,29073.5390625
EleutherAI/pythia-70m,256,step256,70426624,6,8,82,1,1,0.00889821071177721,0.0,29073.5390625
EleutherAI/pythia-70m,256,step256,70426624,6,8,82,1,2,0.008051707409322262,0.0,29073.5390625
EleutherAI/pythia-70m,256,step256,70426624,6,8,82,1,3,0.010236711241304874,0.0,29073.5390625
EleutherAI/pythia-70m,256,step256,70426624,6,8,82,1,4,0.011333737522363663,0.0,29073.5390625
EleutherAI/pythia-70m,256,step256,70426624,6,8,82,1,5,0.013286640867590904,0.0,29073.5390625
EleutherAI/pythia-70m,256,step256,70426624,6,8,82,1,6,0.010407780297100544,0.0,29073.5390625
EleutherAI/pythia-70m,256,step256,70426624,6,8,82,1,7,0.009143834933638573,0.0,29073.5390625
EleutherAI/pythia-70m,256,step256,70426624,6,8,82,2,0,0.0025529605336487293,0.0,29073.5390625
EleutherAI/pythia-70m,256,step256,70426624,6,8,82,2,1,0.004636342637240887,0.0,29073.5390625
EleutherAI/pythia-70m,256,step256,70426624,6,8,82,2,2,0.006362431216984987,0.0,29073.5390625
EleutherAI/pythia-70m,256,step256,70426624,6,8,82,2,3,0.004290029406547546,0.0,29073.5390625
EleutherAI/pythia-70m,256,step256,70426624,6,8,82,2,4,0.0017856820486485958,0.0,29073.5390625
EleutherAI/pythia-70m,256,step256,70426624,6,8,82,2,5,0.009842341765761375,0.0,29073.5390625
EleutherAI/pythia-70m,256,step256,70426624,6,8,82,2,6,0.010169348679482937,0.0,29073.5390625
EleutherAI/pythia-70m,256,step256,70426624,6,8,82,2,7,0.00464412197470665,0.0,29073.5390625
EleutherAI/pythia-70m,256,step256,70426624,6,8,82,3,0,0.009384207427501678,0.0,29073.5390625
EleutherAI/pythia-70m,256,step256,70426624,6,8,82,3,1,0.014624159783124924,0.0,29073.5390625
EleutherAI/pythia-70m,256,step256,70426624,6,8,82,3,2,0.0031398432329297066,0.0,29073.5390625
EleutherAI/pythia-70m,256,step256,70426624,6,8,82,3,3,0.007017259020358324,0.0,29073.5390625
EleutherAI/pythia-70m,256,step256,70426624,6,8,82,3,4,0.00434761680662632,0.0,29073.5390625
EleutherAI/pythia-70m,256,step256,70426624,6,8,82,3,5,0.010846219025552273,0.0,29073.5390625
EleutherAI/pythia-70m,256,step256,70426624,6,8,82,3,6,0.008858177810907364,0.0,29073.5390625
EleutherAI/pythia-70m,256,step256,70426624,6,8,82,3,7,0.007767047267407179,0.0,29073.5390625
EleutherAI/pythia-70m,256,step256,70426624,6,8,82,4,0,0.008905156515538692,0.0,29073.5390625
EleutherAI/pythia-70m,256,step256,70426624,6,8,82,4,1,0.010325218550860882,0.0,29073.5390625
EleutherAI/pythia-70m,256,step256,70426624,6,8,82,4,2,0.009268323890864849,0.0,29073.5390625
EleutherAI/pythia-70m,256,step256,70426624,6,8,82,4,3,0.009341542609035969,0.0,29073.5390625
EleutherAI/pythia-70m,256,step256,70426624,6,8,82,4,4,0.007792620453983545,0.0,29073.5390625
EleutherAI/pythia-70m,256,step256,70426624,6,8,82,4,5,0.0056342170573771,0.0,29073.5390625
EleutherAI/pythia-70m,256,step256,70426624,6,8,82,4,6,0.007063594646751881,0.0,29073.5390625
EleutherAI/pythia-70m,256,step256,70426624,6,8,82,4,7,0.009693136438727379,0.0,29073.5390625
EleutherAI/pythia-70m,256,step256,70426624,6,8,82,5,0,0.004189258441329002,0.0,29073.5390625
EleutherAI/pythia-70m,256,step256,70426624,6,8,82,5,1,0.004773764405399561,0.0,29073.5390625
EleutherAI/pythia-70m,256,step256,70426624,6,8,82,5,2,0.005677331704646349,0.0,29073.5390625
EleutherAI/pythia-70m,256,step256,70426624,6,8,82,5,3,0.0015948232030496001,0.0,29073.5390625
EleutherAI/pythia-70m,256,step256,70426624,6,8,82,5,4,0.003350216196849942,0.0,29073.5390625
EleutherAI/pythia-70m,256,step256,70426624,6,8,82,5,5,0.0036044535227119923,0.0,29073.5390625
EleutherAI/pythia-70m,256,step256,70426624,6,8,82,5,6,0.007813035510480404,0.0,29073.5390625
EleutherAI/pythia-70m,256,step256,70426624,6,8,82,5,7,0.00204908917658031,0.0,29073.5390625
EleutherAI/pythia-70m,256,step256,70426624,6,8,83,0,0,0.01266807783395052,0.0,24920.259765625
EleutherAI/pythia-70m,256,step256,70426624,6,8,83,0,1,0.012918975204229355,0.0,24920.259765625
EleutherAI/pythia-70m,256,step256,70426624,6,8,83,0,2,0.01297854445874691,0.0,24920.259765625
EleutherAI/pythia-70m,256,step256,70426624,6,8,83,0,3,0.013750464655458927,0.0,24920.259765625
EleutherAI/pythia-70m,256,step256,70426624,6,8,83,0,4,0.013107831589877605,0.0,24920.259765625
EleutherAI/pythia-70m,256,step256,70426624,6,8,83,0,5,0.013925640843808651,0.0,24920.259765625
EleutherAI/pythia-70m,256,step256,70426624,6,8,83,0,6,0.013304773718118668,0.0,24920.259765625
EleutherAI/pythia-70m,256,step256,70426624,6,8,83,0,7,0.01335212867707014,0.0,24920.259765625
EleutherAI/pythia-70m,256,step256,70426624,6,8,83,1,0,0.010612636804580688,0.0,24920.259765625
EleutherAI/pythia-70m,256,step256,70426624,6,8,83,1,1,0.0111320735886693,0.0,24920.259765625
EleutherAI/pythia-70m,256,step256,70426624,6,8,83,1,2,0.009453860111534595,0.0,24920.259765625
EleutherAI/pythia-70m,256,step256,70426624,6,8,83,1,3,0.01181385200470686,0.0,24920.259765625
EleutherAI/pythia-70m,256,step256,70426624,6,8,83,1,4,0.01112979743629694,0.0,24920.259765625
EleutherAI/pythia-70m,256,step256,70426624,6,8,83,1,5,0.013326823711395264,0.0,24920.259765625
EleutherAI/pythia-70m,256,step256,70426624,6,8,83,1,6,0.00999106839299202,0.0,24920.259765625
EleutherAI/pythia-70m,256,step256,70426624,6,8,83,1,7,0.008762730285525322,0.0,24920.259765625
EleutherAI/pythia-70m,256,step256,70426624,6,8,83,2,0,0.0030161284375935793,0.0,24920.259765625
EleutherAI/pythia-70m,256,step256,70426624,6,8,83,2,1,0.002494724467396736,0.0,24920.259765625
EleutherAI/pythia-70m,256,step256,70426624,6,8,83,2,2,0.004134371876716614,0.0,24920.259765625
EleutherAI/pythia-70m,256,step256,70426624,6,8,83,2,3,0.0040743243880569935,0.0,24920.259765625
EleutherAI/pythia-70m,256,step256,70426624,6,8,83,2,4,0.0008842787938192487,0.0,24920.259765625
EleutherAI/pythia-70m,256,step256,70426624,6,8,83,2,5,0.009906378574669361,0.0,24920.259765625
EleutherAI/pythia-70m,256,step256,70426624,6,8,83,2,6,0.010054078884422779,0.0,24920.259765625
EleutherAI/pythia-70m,256,step256,70426624,6,8,83,2,7,0.004507610108703375,0.0,24920.259765625
EleutherAI/pythia-70m,256,step256,70426624,6,8,83,3,0,0.018462281674146652,0.0,24920.259765625
EleutherAI/pythia-70m,256,step256,70426624,6,8,83,3,1,0.011341162025928497,0.0,24920.259765625
EleutherAI/pythia-70m,256,step256,70426624,6,8,83,3,2,0.002406860701739788,0.0,24920.259765625
EleutherAI/pythia-70m,256,step256,70426624,6,8,83,3,3,0.004418543074280024,0.0,24920.259765625
EleutherAI/pythia-70m,256,step256,70426624,6,8,83,3,4,0.003245895728468895,0.0,24920.259765625
EleutherAI/pythia-70m,256,step256,70426624,6,8,83,3,5,0.01324579119682312,0.0,24920.259765625
EleutherAI/pythia-70m,256,step256,70426624,6,8,83,3,6,0.00706147775053978,0.0,24920.259765625
EleutherAI/pythia-70m,256,step256,70426624,6,8,83,3,7,0.005502236075699329,0.0,24920.259765625
EleutherAI/pythia-70m,256,step256,70426624,6,8,83,4,0,0.010231287218630314,0.0,24920.259765625
EleutherAI/pythia-70m,256,step256,70426624,6,8,83,4,1,0.010754503309726715,0.0,24920.259765625
EleutherAI/pythia-70m,256,step256,70426624,6,8,83,4,2,0.00952007807791233,0.0,24920.259765625
EleutherAI/pythia-70m,256,step256,70426624,6,8,83,4,3,0.0096896318718791,0.0,24920.259765625
EleutherAI/pythia-70m,256,step256,70426624,6,8,83,4,4,0.005041153635829687,0.0,24920.259765625
EleutherAI/pythia-70m,256,step256,70426624,6,8,83,4,5,0.004150932189077139,0.0,24920.259765625
EleutherAI/pythia-70m,256,step256,70426624,6,8,83,4,6,0.008744346909224987,0.0,24920.259765625
EleutherAI/pythia-70m,256,step256,70426624,6,8,83,4,7,0.008295927196741104,0.0,24920.259765625
EleutherAI/pythia-70m,256,step256,70426624,6,8,83,5,0,0.0036787213757634163,0.0,24920.259765625
EleutherAI/pythia-70m,256,step256,70426624,6,8,83,5,1,0.0031667237635701895,0.0,24920.259765625
EleutherAI/pythia-70m,256,step256,70426624,6,8,83,5,2,0.004838635213673115,0.0,24920.259765625
EleutherAI/pythia-70m,256,step256,70426624,6,8,83,5,3,0.001514722709544003,0.0,24920.259765625
EleutherAI/pythia-70m,256,step256,70426624,6,8,83,5,4,0.0017479528905823827,0.0,24920.259765625
EleutherAI/pythia-70m,256,step256,70426624,6,8,83,5,5,0.0020858286879956722,0.0,24920.259765625
EleutherAI/pythia-70m,256,step256,70426624,6,8,83,5,6,0.007338471245020628,0.0,24920.259765625
EleutherAI/pythia-70m,256,step256,70426624,6,8,83,5,7,0.0011757641332224011,0.0,24920.259765625
EleutherAI/pythia-70m,256,step256,70426624,6,8,84,0,0,0.014530018903315067,0.0,23416.380859375
EleutherAI/pythia-70m,256,step256,70426624,6,8,84,0,1,0.013377056457102299,0.0,23416.380859375
EleutherAI/pythia-70m,256,step256,70426624,6,8,84,0,2,0.01316118985414505,0.0,23416.380859375
EleutherAI/pythia-70m,256,step256,70426624,6,8,84,0,3,0.01430459227412939,0.0,23416.380859375
EleutherAI/pythia-70m,256,step256,70426624,6,8,84,0,4,0.0148874307051301,0.0,23416.380859375
EleutherAI/pythia-70m,256,step256,70426624,6,8,84,0,5,0.01294361799955368,0.0,23416.380859375
EleutherAI/pythia-70m,256,step256,70426624,6,8,84,0,6,0.012128766626119614,0.0,23416.380859375
EleutherAI/pythia-70m,256,step256,70426624,6,8,84,0,7,0.01426160428673029,0.0,23416.380859375
EleutherAI/pythia-70m,256,step256,70426624,6,8,84,1,0,0.009945446625351906,0.0,23416.380859375
EleutherAI/pythia-70m,256,step256,70426624,6,8,84,1,1,0.010195786133408546,0.0,23416.380859375
EleutherAI/pythia-70m,256,step256,70426624,6,8,84,1,2,0.006792549509555101,0.0,23416.380859375
EleutherAI/pythia-70m,256,step256,70426624,6,8,84,1,3,0.012609499506652355,0.0,23416.380859375
EleutherAI/pythia-70m,256,step256,70426624,6,8,84,1,4,0.010840990580618382,0.0,23416.380859375
EleutherAI/pythia-70m,256,step256,70426624,6,8,84,1,5,0.012163729406893253,0.0,23416.380859375
EleutherAI/pythia-70m,256,step256,70426624,6,8,84,1,6,0.010550200939178467,0.0,23416.380859375
EleutherAI/pythia-70m,256,step256,70426624,6,8,84,1,7,0.009840387850999832,0.0,23416.380859375
EleutherAI/pythia-70m,256,step256,70426624,6,8,84,2,0,0.0021504703909158707,0.0,23416.380859375
EleutherAI/pythia-70m,256,step256,70426624,6,8,84,2,1,0.0037510115653276443,0.0,23416.380859375
EleutherAI/pythia-70m,256,step256,70426624,6,8,84,2,2,0.005819357465952635,0.0,23416.380859375
EleutherAI/pythia-70m,256,step256,70426624,6,8,84,2,3,0.005561317782849073,0.0,23416.380859375
EleutherAI/pythia-70m,256,step256,70426624,6,8,84,2,4,0.0011045518331229687,0.0,23416.380859375
EleutherAI/pythia-70m,256,step256,70426624,6,8,84,2,5,0.011728200130164623,0.0,23416.380859375
EleutherAI/pythia-70m,256,step256,70426624,6,8,84,2,6,0.010927880182862282,0.0,23416.380859375
EleutherAI/pythia-70m,256,step256,70426624,6,8,84,2,7,0.0036508338525891304,0.0,23416.380859375
EleutherAI/pythia-70m,256,step256,70426624,6,8,84,3,0,0.0093084080144763,0.0,23416.380859375
EleutherAI/pythia-70m,256,step256,70426624,6,8,84,3,1,0.014073261059820652,0.0,23416.380859375
EleutherAI/pythia-70m,256,step256,70426624,6,8,84,3,2,0.0013594154734164476,0.0,23416.380859375
EleutherAI/pythia-70m,256,step256,70426624,6,8,84,3,3,0.0057534705847501755,0.0,23416.380859375
EleutherAI/pythia-70m,256,step256,70426624,6,8,84,3,4,0.0036442361306399107,0.0,23416.380859375
EleutherAI/pythia-70m,256,step256,70426624,6,8,84,3,5,0.012503688223659992,0.0,23416.380859375
EleutherAI/pythia-70m,256,step256,70426624,6,8,84,3,6,0.005542793311178684,0.0,23416.380859375
EleutherAI/pythia-70m,256,step256,70426624,6,8,84,3,7,0.005329023115336895,0.0,23416.380859375
EleutherAI/pythia-70m,256,step256,70426624,6,8,84,4,0,0.006440881639719009,0.0,23416.380859375
EleutherAI/pythia-70m,256,step256,70426624,6,8,84,4,1,0.01133749634027481,0.0,23416.380859375
EleutherAI/pythia-70m,256,step256,70426624,6,8,84,4,2,0.010035562328994274,0.0,23416.380859375
EleutherAI/pythia-70m,256,step256,70426624,6,8,84,4,3,0.012280602008104324,0.0,23416.380859375
EleutherAI/pythia-70m,256,step256,70426624,6,8,84,4,4,0.00484834797680378,0.0,23416.380859375
EleutherAI/pythia-70m,256,step256,70426624,6,8,84,4,5,0.004770921543240547,0.0,23416.380859375
EleutherAI/pythia-70m,256,step256,70426624,6,8,84,4,6,0.007316704839468002,0.0,23416.380859375
EleutherAI/pythia-70m,256,step256,70426624,6,8,84,4,7,0.008233301341533661,0.0,23416.380859375
EleutherAI/pythia-70m,256,step256,70426624,6,8,84,5,0,0.004876457620412111,0.0,23416.380859375
EleutherAI/pythia-70m,256,step256,70426624,6,8,84,5,1,0.004354172386229038,0.0,23416.380859375
EleutherAI/pythia-70m,256,step256,70426624,6,8,84,5,2,0.00544971926137805,0.0,23416.380859375
EleutherAI/pythia-70m,256,step256,70426624,6,8,84,5,3,0.001438923180103302,0.0,23416.380859375
EleutherAI/pythia-70m,256,step256,70426624,6,8,84,5,4,0.001188902067951858,0.0,23416.380859375
EleutherAI/pythia-70m,256,step256,70426624,6,8,84,5,5,0.002821429865434766,0.0,23416.380859375
EleutherAI/pythia-70m,256,step256,70426624,6,8,84,5,6,0.008504845201969147,0.0,23416.380859375
EleutherAI/pythia-70m,256,step256,70426624,6,8,84,5,7,0.001125611481256783,0.0,23416.380859375
EleutherAI/pythia-70m,256,step256,70426624,6,8,85,0,0,0.013043813407421112,0.0,25063.6796875
EleutherAI/pythia-70m,256,step256,70426624,6,8,85,0,1,0.013952680863440037,0.0,25063.6796875
EleutherAI/pythia-70m,256,step256,70426624,6,8,85,0,2,0.01326337456703186,0.0,25063.6796875
EleutherAI/pythia-70m,256,step256,70426624,6,8,85,0,3,0.014484832063317299,0.0,25063.6796875
EleutherAI/pythia-70m,256,step256,70426624,6,8,85,0,4,0.01357173454016447,0.0,25063.6796875
EleutherAI/pythia-70m,256,step256,70426624,6,8,85,0,5,0.013704905286431313,0.0,25063.6796875
EleutherAI/pythia-70m,256,step256,70426624,6,8,85,0,6,0.012973343953490257,0.0,25063.6796875
EleutherAI/pythia-70m,256,step256,70426624,6,8,85,0,7,0.013083165511488914,0.0,25063.6796875
EleutherAI/pythia-70m,256,step256,70426624,6,8,85,1,0,0.01061205007135868,0.0,25063.6796875
EleutherAI/pythia-70m,256,step256,70426624,6,8,85,1,1,0.009290528483688831,0.0,25063.6796875
EleutherAI/pythia-70m,256,step256,70426624,6,8,85,1,2,0.00750051299110055,0.0,25063.6796875
EleutherAI/pythia-70m,256,step256,70426624,6,8,85,1,3,0.010844613425433636,0.0,25063.6796875
EleutherAI/pythia-70m,256,step256,70426624,6,8,85,1,4,0.011760685592889786,0.0,25063.6796875
EleutherAI/pythia-70m,256,step256,70426624,6,8,85,1,5,0.010870975442230701,0.0,25063.6796875
EleutherAI/pythia-70m,256,step256,70426624,6,8,85,1,6,0.010986016131937504,0.0,25063.6796875
EleutherAI/pythia-70m,256,step256,70426624,6,8,85,1,7,0.007588515989482403,0.0,25063.6796875
EleutherAI/pythia-70m,256,step256,70426624,6,8,85,2,0,0.0016431710682809353,0.0,25063.6796875
EleutherAI/pythia-70m,256,step256,70426624,6,8,85,2,1,0.0031212272588163614,0.0,25063.6796875
EleutherAI/pythia-70m,256,step256,70426624,6,8,85,2,2,0.008162146434187889,0.0,25063.6796875
EleutherAI/pythia-70m,256,step256,70426624,6,8,85,2,3,0.006385362707078457,0.0,25063.6796875
EleutherAI/pythia-70m,256,step256,70426624,6,8,85,2,4,0.0008668284863233566,0.0,25063.6796875
EleutherAI/pythia-70m,256,step256,70426624,6,8,85,2,5,0.00865826103836298,0.0,25063.6796875
EleutherAI/pythia-70m,256,step256,70426624,6,8,85,2,6,0.010018590837717056,0.0,25063.6796875
EleutherAI/pythia-70m,256,step256,70426624,6,8,85,2,7,0.003558796364814043,0.0,25063.6796875
EleutherAI/pythia-70m,256,step256,70426624,6,8,85,3,0,0.010117555968463421,0.0,25063.6796875
EleutherAI/pythia-70m,256,step256,70426624,6,8,85,3,1,0.008904444985091686,0.0,25063.6796875
EleutherAI/pythia-70m,256,step256,70426624,6,8,85,3,2,0.002668591681867838,0.0,25063.6796875
EleutherAI/pythia-70m,256,step256,70426624,6,8,85,3,3,0.004552607890218496,0.0,25063.6796875
EleutherAI/pythia-70m,256,step256,70426624,6,8,85,3,4,0.0036282401997596025,0.0,25063.6796875
EleutherAI/pythia-70m,256,step256,70426624,6,8,85,3,5,0.015713326632976532,0.0,25063.6796875
EleutherAI/pythia-70m,256,step256,70426624,6,8,85,3,6,0.008163055405020714,0.0,25063.6796875
EleutherAI/pythia-70m,256,step256,70426624,6,8,85,3,7,0.004440837539732456,0.0,25063.6796875
EleutherAI/pythia-70m,256,step256,70426624,6,8,85,4,0,0.00836898572742939,0.0,25063.6796875
EleutherAI/pythia-70m,256,step256,70426624,6,8,85,4,1,0.011780909262597561,0.0,25063.6796875
EleutherAI/pythia-70m,256,step256,70426624,6,8,85,4,2,0.0072523788549005985,0.0,25063.6796875
EleutherAI/pythia-70m,256,step256,70426624,6,8,85,4,3,0.01040275301784277,0.0,25063.6796875
EleutherAI/pythia-70m,256,step256,70426624,6,8,85,4,4,0.0041273715905845165,0.0,25063.6796875
EleutherAI/pythia-70m,256,step256,70426624,6,8,85,4,5,0.0028931815177202225,0.0,25063.6796875
EleutherAI/pythia-70m,256,step256,70426624,6,8,85,4,6,0.008022312074899673,0.0,25063.6796875
EleutherAI/pythia-70m,256,step256,70426624,6,8,85,4,7,0.009055128321051598,0.0,25063.6796875
EleutherAI/pythia-70m,256,step256,70426624,6,8,85,5,0,0.0028933200519531965,0.0,25063.6796875
EleutherAI/pythia-70m,256,step256,70426624,6,8,85,5,1,0.0027892279904335737,0.0,25063.6796875
EleutherAI/pythia-70m,256,step256,70426624,6,8,85,5,2,0.004411180503666401,0.0,25063.6796875
EleutherAI/pythia-70m,256,step256,70426624,6,8,85,5,3,0.0016503800870850682,0.0,25063.6796875
EleutherAI/pythia-70m,256,step256,70426624,6,8,85,5,4,0.0017439201474189758,0.0,25063.6796875
EleutherAI/pythia-70m,256,step256,70426624,6,8,85,5,5,0.0031305477023124695,0.0,25063.6796875
EleutherAI/pythia-70m,256,step256,70426624,6,8,85,5,6,0.006606054492294788,0.0,25063.6796875
EleutherAI/pythia-70m,256,step256,70426624,6,8,85,5,7,0.0014060180401429534,0.0,25063.6796875
EleutherAI/pythia-70m,256,step256,70426624,6,8,86,0,0,0.013432501815259457,0.0,23986.5
EleutherAI/pythia-70m,256,step256,70426624,6,8,86,0,1,0.013803553767502308,0.0,23986.5
EleutherAI/pythia-70m,256,step256,70426624,6,8,86,0,2,0.014319146983325481,0.0,23986.5
EleutherAI/pythia-70m,256,step256,70426624,6,8,86,0,3,0.013133679516613483,0.0,23986.5
EleutherAI/pythia-70m,256,step256,70426624,6,8,86,0,4,0.014720303937792778,0.0,23986.5
EleutherAI/pythia-70m,256,step256,70426624,6,8,86,0,5,0.015591628849506378,0.0,23986.5
EleutherAI/pythia-70m,256,step256,70426624,6,8,86,0,6,0.013670857064425945,0.0,23986.5
EleutherAI/pythia-70m,256,step256,70426624,6,8,86,0,7,0.01331357005983591,0.0,23986.5
EleutherAI/pythia-70m,256,step256,70426624,6,8,86,1,0,0.011202473193407059,0.0,23986.5
EleutherAI/pythia-70m,256,step256,70426624,6,8,86,1,1,0.010190886445343494,0.0,23986.5
EleutherAI/pythia-70m,256,step256,70426624,6,8,86,1,2,0.008120247162878513,0.0,23986.5
EleutherAI/pythia-70m,256,step256,70426624,6,8,86,1,3,0.010946380905807018,0.0,23986.5
EleutherAI/pythia-70m,256,step256,70426624,6,8,86,1,4,0.012639774940907955,0.0,23986.5
EleutherAI/pythia-70m,256,step256,70426624,6,8,86,1,5,0.013994991779327393,0.0,23986.5
EleutherAI/pythia-70m,256,step256,70426624,6,8,86,1,6,0.012494227848947048,0.0,23986.5
EleutherAI/pythia-70m,256,step256,70426624,6,8,86,1,7,0.007322515361011028,0.0,23986.5
EleutherAI/pythia-70m,256,step256,70426624,6,8,86,2,0,0.0016597695648670197,0.0,23986.5
EleutherAI/pythia-70m,256,step256,70426624,6,8,86,2,1,0.0021652511786669493,0.0,23986.5
EleutherAI/pythia-70m,256,step256,70426624,6,8,86,2,2,0.006313851568847895,0.0,23986.5
EleutherAI/pythia-70m,256,step256,70426624,6,8,86,2,3,0.003970221616327763,0.0,23986.5
EleutherAI/pythia-70m,256,step256,70426624,6,8,86,2,4,0.000545137096196413,0.0,23986.5
EleutherAI/pythia-70m,256,step256,70426624,6,8,86,2,5,0.010484237223863602,0.0,23986.5
EleutherAI/pythia-70m,256,step256,70426624,6,8,86,2,6,0.009776178747415543,0.0,23986.5
EleutherAI/pythia-70m,256,step256,70426624,6,8,86,2,7,0.004415572155267,0.0,23986.5
EleutherAI/pythia-70m,256,step256,70426624,6,8,86,3,0,0.008718815632164478,0.0,23986.5
EleutherAI/pythia-70m,256,step256,70426624,6,8,86,3,1,0.010333750396966934,0.0,23986.5
EleutherAI/pythia-70m,256,step256,70426624,6,8,86,3,2,0.0013872554991394281,0.0,23986.5
EleutherAI/pythia-70m,256,step256,70426624,6,8,86,3,3,0.007196755614131689,0.0,23986.5
EleutherAI/pythia-70m,256,step256,70426624,6,8,86,3,4,0.0028086486272513866,0.0,23986.5
EleutherAI/pythia-70m,256,step256,70426624,6,8,86,3,5,0.012760746292769909,0.0,23986.5
EleutherAI/pythia-70m,256,step256,70426624,6,8,86,3,6,0.004974237643182278,0.0,23986.5
EleutherAI/pythia-70m,256,step256,70426624,6,8,86,3,7,0.00977080687880516,0.0,23986.5
EleutherAI/pythia-70m,256,step256,70426624,6,8,86,4,0,0.006067091133445501,0.0,23986.5
EleutherAI/pythia-70m,256,step256,70426624,6,8,86,4,1,0.010514188557863235,0.0,23986.5
EleutherAI/pythia-70m,256,step256,70426624,6,8,86,4,2,0.009348854422569275,0.0,23986.5
EleutherAI/pythia-70m,256,step256,70426624,6,8,86,4,3,0.010223248042166233,0.0,23986.5
EleutherAI/pythia-70m,256,step256,70426624,6,8,86,4,4,0.002640846185386181,0.0,23986.5
EleutherAI/pythia-70m,256,step256,70426624,6,8,86,4,5,0.005412261001765728,0.0,23986.5
EleutherAI/pythia-70m,256,step256,70426624,6,8,86,4,6,0.006408843211829662,0.0,23986.5
EleutherAI/pythia-70m,256,step256,70426624,6,8,86,4,7,0.008595422841608524,0.0,23986.5
EleutherAI/pythia-70m,256,step256,70426624,6,8,86,5,0,0.0034529000986367464,0.0,23986.5
EleutherAI/pythia-70m,256,step256,70426624,6,8,86,5,1,0.0031579285860061646,0.0,23986.5
EleutherAI/pythia-70m,256,step256,70426624,6,8,86,5,2,0.003676685970276594,0.0,23986.5
EleutherAI/pythia-70m,256,step256,70426624,6,8,86,5,3,0.0017231074161827564,0.0,23986.5
EleutherAI/pythia-70m,256,step256,70426624,6,8,86,5,4,0.0017153635853901505,0.0,23986.5
EleutherAI/pythia-70m,256,step256,70426624,6,8,86,5,5,0.0021730109583586454,0.0,23986.5
EleutherAI/pythia-70m,256,step256,70426624,6,8,86,5,6,0.010596067644655704,0.0,23986.5
EleutherAI/pythia-70m,256,step256,70426624,6,8,86,5,7,0.0010170881869271398,0.0,23986.5
EleutherAI/pythia-70m,256,step256,70426624,6,8,87,0,0,0.013676519505679607,0.0,23533.419921875
EleutherAI/pythia-70m,256,step256,70426624,6,8,87,0,1,0.014826484024524689,0.0,23533.419921875
EleutherAI/pythia-70m,256,step256,70426624,6,8,87,0,2,0.01279466599225998,0.0,23533.419921875
EleutherAI/pythia-70m,256,step256,70426624,6,8,87,0,3,0.013475042767822742,0.0,23533.419921875
EleutherAI/pythia-70m,256,step256,70426624,6,8,87,0,4,0.014092748984694481,0.0,23533.419921875
EleutherAI/pythia-70m,256,step256,70426624,6,8,87,0,5,0.014519358053803444,0.0,23533.419921875
EleutherAI/pythia-70m,256,step256,70426624,6,8,87,0,6,0.015014845877885818,0.0,23533.419921875
EleutherAI/pythia-70m,256,step256,70426624,6,8,87,0,7,0.01217842847108841,0.0,23533.419921875
EleutherAI/pythia-70m,256,step256,70426624,6,8,87,1,0,0.010251600295305252,0.0,23533.419921875
EleutherAI/pythia-70m,256,step256,70426624,6,8,87,1,1,0.01006130687892437,0.0,23533.419921875
EleutherAI/pythia-70m,256,step256,70426624,6,8,87,1,2,0.007195794489234686,0.0,23533.419921875
EleutherAI/pythia-70m,256,step256,70426624,6,8,87,1,3,0.009959612041711807,0.0,23533.419921875
EleutherAI/pythia-70m,256,step256,70426624,6,8,87,1,4,0.00995238684117794,0.0,23533.419921875
EleutherAI/pythia-70m,256,step256,70426624,6,8,87,1,5,0.012671811506152153,0.0,23533.419921875
EleutherAI/pythia-70m,256,step256,70426624,6,8,87,1,6,0.011430630460381508,0.0,23533.419921875
EleutherAI/pythia-70m,256,step256,70426624,6,8,87,1,7,0.008538682945072651,0.0,23533.419921875
EleutherAI/pythia-70m,256,step256,70426624,6,8,87,2,0,0.003036697395145893,0.0,23533.419921875
EleutherAI/pythia-70m,256,step256,70426624,6,8,87,2,1,0.0031969642732292414,0.0,23533.419921875
EleutherAI/pythia-70m,256,step256,70426624,6,8,87,2,2,0.01653195545077324,0.0,23533.419921875
EleutherAI/pythia-70m,256,step256,70426624,6,8,87,2,3,0.0041618309915065765,0.0,23533.419921875
EleutherAI/pythia-70m,256,step256,70426624,6,8,87,2,4,0.0013583065010607243,0.0,23533.419921875
EleutherAI/pythia-70m,256,step256,70426624,6,8,87,2,5,0.009306598454713821,0.0,23533.419921875
EleutherAI/pythia-70m,256,step256,70426624,6,8,87,2,6,0.010648969560861588,0.0,23533.419921875
EleutherAI/pythia-70m,256,step256,70426624,6,8,87,2,7,0.0067825233563780785,0.0,23533.419921875
EleutherAI/pythia-70m,256,step256,70426624,6,8,87,3,0,0.009464255534112453,0.0,23533.419921875
EleutherAI/pythia-70m,256,step256,70426624,6,8,87,3,1,0.011588070541620255,0.0,23533.419921875
EleutherAI/pythia-70m,256,step256,70426624,6,8,87,3,2,0.003362495917826891,0.0,23533.419921875
EleutherAI/pythia-70m,256,step256,70426624,6,8,87,3,3,0.008853456005454063,0.0,23533.419921875
EleutherAI/pythia-70m,256,step256,70426624,6,8,87,3,4,0.0041979094967246056,0.0,23533.419921875
EleutherAI/pythia-70m,256,step256,70426624,6,8,87,3,5,0.012517489492893219,0.0,23533.419921875
EleutherAI/pythia-70m,256,step256,70426624,6,8,87,3,6,0.005953069776296616,0.0,23533.419921875
EleutherAI/pythia-70m,256,step256,70426624,6,8,87,3,7,0.005284967832267284,0.0,23533.419921875
EleutherAI/pythia-70m,256,step256,70426624,6,8,87,4,0,0.007993405684828758,0.0,23533.419921875
EleutherAI/pythia-70m,256,step256,70426624,6,8,87,4,1,0.012436923570930958,0.0,23533.419921875
EleutherAI/pythia-70m,256,step256,70426624,6,8,87,4,2,0.013277148827910423,0.0,23533.419921875
EleutherAI/pythia-70m,256,step256,70426624,6,8,87,4,3,0.006927396170794964,0.0,23533.419921875
EleutherAI/pythia-70m,256,step256,70426624,6,8,87,4,4,0.005663727410137653,0.0,23533.419921875
EleutherAI/pythia-70m,256,step256,70426624,6,8,87,4,5,0.004116371739655733,0.0,23533.419921875
EleutherAI/pythia-70m,256,step256,70426624,6,8,87,4,6,0.007646641228348017,0.0,23533.419921875
EleutherAI/pythia-70m,256,step256,70426624,6,8,87,4,7,0.006905108690261841,0.0,23533.419921875
EleutherAI/pythia-70m,256,step256,70426624,6,8,87,5,0,0.00404158141463995,0.0,23533.419921875
EleutherAI/pythia-70m,256,step256,70426624,6,8,87,5,1,0.0029684514738619328,0.0,23533.419921875
EleutherAI/pythia-70m,256,step256,70426624,6,8,87,5,2,0.0051642232574522495,0.0,23533.419921875
EleutherAI/pythia-70m,256,step256,70426624,6,8,87,5,3,0.0029257868882268667,0.0,23533.419921875
EleutherAI/pythia-70m,256,step256,70426624,6,8,87,5,4,0.00227403175085783,0.0,23533.419921875
EleutherAI/pythia-70m,256,step256,70426624,6,8,87,5,5,0.004082246217876673,0.0,23533.419921875
EleutherAI/pythia-70m,256,step256,70426624,6,8,87,5,6,0.007980124093592167,0.0,23533.419921875
EleutherAI/pythia-70m,256,step256,70426624,6,8,87,5,7,0.0016286363825201988,0.0,23533.419921875
EleutherAI/pythia-70m,256,step256,70426624,6,8,88,0,0,0.013266638852655888,0.0,25898.8203125
EleutherAI/pythia-70m,256,step256,70426624,6,8,88,0,1,0.014784893952310085,0.0,25898.8203125
EleutherAI/pythia-70m,256,step256,70426624,6,8,88,0,2,0.012693068012595177,0.0,25898.8203125
EleutherAI/pythia-70m,256,step256,70426624,6,8,88,0,3,0.012708020396530628,0.0,25898.8203125
EleutherAI/pythia-70m,256,step256,70426624,6,8,88,0,4,0.013616981916129589,0.0,25898.8203125
EleutherAI/pythia-70m,256,step256,70426624,6,8,88,0,5,0.013433106243610382,0.0,25898.8203125
EleutherAI/pythia-70m,256,step256,70426624,6,8,88,0,6,0.014118261635303497,0.0,25898.8203125
EleutherAI/pythia-70m,256,step256,70426624,6,8,88,0,7,0.01249654684215784,0.0,25898.8203125
EleutherAI/pythia-70m,256,step256,70426624,6,8,88,1,0,0.009908268228173256,0.0,25898.8203125
EleutherAI/pythia-70m,256,step256,70426624,6,8,88,1,1,0.00794887449592352,0.0,25898.8203125
EleutherAI/pythia-70m,256,step256,70426624,6,8,88,1,2,0.00894851889461279,0.0,25898.8203125
EleutherAI/pythia-70m,256,step256,70426624,6,8,88,1,3,0.010269355028867722,0.0,25898.8203125
EleutherAI/pythia-70m,256,step256,70426624,6,8,88,1,4,0.012291951104998589,0.0,25898.8203125
EleutherAI/pythia-70m,256,step256,70426624,6,8,88,1,5,0.012286107987165451,0.0,25898.8203125
EleutherAI/pythia-70m,256,step256,70426624,6,8,88,1,6,0.012365846894681454,0.0,25898.8203125
EleutherAI/pythia-70m,256,step256,70426624,6,8,88,1,7,0.01023793127387762,0.0,25898.8203125
EleutherAI/pythia-70m,256,step256,70426624,6,8,88,2,0,0.0018677701009437442,0.0,25898.8203125
EleutherAI/pythia-70m,256,step256,70426624,6,8,88,2,1,0.003511235350742936,0.0,25898.8203125
EleutherAI/pythia-70m,256,step256,70426624,6,8,88,2,2,0.006563391070812941,0.0,25898.8203125
EleutherAI/pythia-70m,256,step256,70426624,6,8,88,2,3,0.0041165719740092754,0.0,25898.8203125
EleutherAI/pythia-70m,256,step256,70426624,6,8,88,2,4,0.0013557671336457133,0.0,25898.8203125
EleutherAI/pythia-70m,256,step256,70426624,6,8,88,2,5,0.008110539056360722,0.0,25898.8203125
EleutherAI/pythia-70m,256,step256,70426624,6,8,88,2,6,0.011393599212169647,0.0,25898.8203125
EleutherAI/pythia-70m,256,step256,70426624,6,8,88,2,7,0.005511603318154812,0.0,25898.8203125
EleutherAI/pythia-70m,256,step256,70426624,6,8,88,3,0,0.010799375362694263,0.0,25898.8203125
EleutherAI/pythia-70m,256,step256,70426624,6,8,88,3,1,0.015023167245090008,0.0,25898.8203125
EleutherAI/pythia-70m,256,step256,70426624,6,8,88,3,2,0.003151126205921173,0.0,25898.8203125
EleutherAI/pythia-70m,256,step256,70426624,6,8,88,3,3,0.008712706156075,0.0,25898.8203125
EleutherAI/pythia-70m,256,step256,70426624,6,8,88,3,4,0.0027033044025301933,0.0,25898.8203125
EleutherAI/pythia-70m,256,step256,70426624,6,8,88,3,5,0.013490098528563976,0.0,25898.8203125
EleutherAI/pythia-70m,256,step256,70426624,6,8,88,3,6,0.012791091576218605,0.0,25898.8203125
EleutherAI/pythia-70m,256,step256,70426624,6,8,88,3,7,0.010828443802893162,0.0,25898.8203125
EleutherAI/pythia-70m,256,step256,70426624,6,8,88,4,0,0.009558536112308502,0.0,25898.8203125
EleutherAI/pythia-70m,256,step256,70426624,6,8,88,4,1,0.01074779313057661,0.0,25898.8203125
EleutherAI/pythia-70m,256,step256,70426624,6,8,88,4,2,0.01683245599269867,0.0,25898.8203125
EleutherAI/pythia-70m,256,step256,70426624,6,8,88,4,3,0.011507606133818626,0.0,25898.8203125
EleutherAI/pythia-70m,256,step256,70426624,6,8,88,4,4,0.005875738803297281,0.0,25898.8203125
EleutherAI/pythia-70m,256,step256,70426624,6,8,88,4,5,0.005513357929885387,0.0,25898.8203125
EleutherAI/pythia-70m,256,step256,70426624,6,8,88,4,6,0.009808357805013657,0.0,25898.8203125
EleutherAI/pythia-70m,256,step256,70426624,6,8,88,4,7,0.011033504270017147,0.0,25898.8203125
EleutherAI/pythia-70m,256,step256,70426624,6,8,88,5,0,0.0036517963744699955,0.0,25898.8203125
EleutherAI/pythia-70m,256,step256,70426624,6,8,88,5,1,0.002891993848606944,0.0,25898.8203125
EleutherAI/pythia-70m,256,step256,70426624,6,8,88,5,2,0.005582932848483324,0.0,25898.8203125
EleutherAI/pythia-70m,256,step256,70426624,6,8,88,5,3,0.0027771461755037308,0.0,25898.8203125
EleutherAI/pythia-70m,256,step256,70426624,6,8,88,5,4,0.0022806995548307896,0.0,25898.8203125
EleutherAI/pythia-70m,256,step256,70426624,6,8,88,5,5,0.0032352919224649668,0.0,25898.8203125
EleutherAI/pythia-70m,256,step256,70426624,6,8,88,5,6,0.00811200775206089,0.0,25898.8203125
EleutherAI/pythia-70m,256,step256,70426624,6,8,88,5,7,0.0019311618525534868,0.0,25898.8203125
EleutherAI/pythia-70m,256,step256,70426624,6,8,89,0,0,0.011646240949630737,0.0,29650.98046875
EleutherAI/pythia-70m,256,step256,70426624,6,8,89,0,1,0.013359514065086842,0.0,29650.98046875
EleutherAI/pythia-70m,256,step256,70426624,6,8,89,0,2,0.01410706527531147,0.0,29650.98046875
EleutherAI/pythia-70m,256,step256,70426624,6,8,89,0,3,0.01345822587609291,0.0,29650.98046875
EleutherAI/pythia-70m,256,step256,70426624,6,8,89,0,4,0.014631884172558784,0.0,29650.98046875
EleutherAI/pythia-70m,256,step256,70426624,6,8,89,0,5,0.013763392344117165,0.0,29650.98046875
EleutherAI/pythia-70m,256,step256,70426624,6,8,89,0,6,0.013445841148495674,0.0,29650.98046875
EleutherAI/pythia-70m,256,step256,70426624,6,8,89,0,7,0.01450502872467041,0.0,29650.98046875
EleutherAI/pythia-70m,256,step256,70426624,6,8,89,1,0,0.010908100754022598,0.0,29650.98046875
EleutherAI/pythia-70m,256,step256,70426624,6,8,89,1,1,0.010750708170235157,0.0,29650.98046875
EleutherAI/pythia-70m,256,step256,70426624,6,8,89,1,2,0.00881102867424488,0.0,29650.98046875
EleutherAI/pythia-70m,256,step256,70426624,6,8,89,1,3,0.010998533107340336,0.0,29650.98046875
EleutherAI/pythia-70m,256,step256,70426624,6,8,89,1,4,0.012306725606322289,0.0,29650.98046875
EleutherAI/pythia-70m,256,step256,70426624,6,8,89,1,5,0.014648480340838432,0.0,29650.98046875
EleutherAI/pythia-70m,256,step256,70426624,6,8,89,1,6,0.01044225599616766,0.0,29650.98046875
EleutherAI/pythia-70m,256,step256,70426624,6,8,89,1,7,0.008655027486383915,0.0,29650.98046875
EleutherAI/pythia-70m,256,step256,70426624,6,8,89,2,0,0.0020957081578671932,0.0,29650.98046875
EleutherAI/pythia-70m,256,step256,70426624,6,8,89,2,1,0.0020263611804693937,0.0,29650.98046875
EleutherAI/pythia-70m,256,step256,70426624,6,8,89,2,2,0.005405751056969166,0.0,29650.98046875
EleutherAI/pythia-70m,256,step256,70426624,6,8,89,2,3,0.00374182709492743,0.0,29650.98046875
EleutherAI/pythia-70m,256,step256,70426624,6,8,89,2,4,0.0007428094977512956,0.0,29650.98046875
EleutherAI/pythia-70m,256,step256,70426624,6,8,89,2,5,0.010026943869888783,0.0,29650.98046875
EleutherAI/pythia-70m,256,step256,70426624,6,8,89,2,6,0.011275136843323708,0.0,29650.98046875
EleutherAI/pythia-70m,256,step256,70426624,6,8,89,2,7,0.0048461114056408405,0.0,29650.98046875
EleutherAI/pythia-70m,256,step256,70426624,6,8,89,3,0,0.011236830614507198,0.0,29650.98046875
EleutherAI/pythia-70m,256,step256,70426624,6,8,89,3,1,0.011606672778725624,0.0,29650.98046875
EleutherAI/pythia-70m,256,step256,70426624,6,8,89,3,2,0.0023490474559366703,0.0,29650.98046875
EleutherAI/pythia-70m,256,step256,70426624,6,8,89,3,3,0.011115179397165775,0.0,29650.98046875
EleutherAI/pythia-70m,256,step256,70426624,6,8,89,3,4,0.004132225643843412,0.0,29650.98046875
EleutherAI/pythia-70m,256,step256,70426624,6,8,89,3,5,0.012845460325479507,0.0,29650.98046875
EleutherAI/pythia-70m,256,step256,70426624,6,8,89,3,6,0.009231720119714737,0.0,29650.98046875
EleutherAI/pythia-70m,256,step256,70426624,6,8,89,3,7,0.004781728144735098,0.0,29650.98046875
EleutherAI/pythia-70m,256,step256,70426624,6,8,89,4,0,0.009047318249940872,0.0,29650.98046875
EleutherAI/pythia-70m,256,step256,70426624,6,8,89,4,1,0.012065211310982704,0.0,29650.98046875
EleutherAI/pythia-70m,256,step256,70426624,6,8,89,4,2,0.01642460934817791,0.0,29650.98046875
EleutherAI/pythia-70m,256,step256,70426624,6,8,89,4,3,0.013451315462589264,0.0,29650.98046875
EleutherAI/pythia-70m,256,step256,70426624,6,8,89,4,4,0.0052931890822947025,0.0,29650.98046875
EleutherAI/pythia-70m,256,step256,70426624,6,8,89,4,5,0.0056258500553667545,0.0,29650.98046875
EleutherAI/pythia-70m,256,step256,70426624,6,8,89,4,6,0.007379275746643543,0.0,29650.98046875
EleutherAI/pythia-70m,256,step256,70426624,6,8,89,4,7,0.01072838343679905,0.0,29650.98046875
EleutherAI/pythia-70m,256,step256,70426624,6,8,89,5,0,0.004677793011069298,0.0,29650.98046875
EleutherAI/pythia-70m,256,step256,70426624,6,8,89,5,1,0.0035601123236119747,0.0,29650.98046875
EleutherAI/pythia-70m,256,step256,70426624,6,8,89,5,2,0.00648481585085392,0.0,29650.98046875
EleutherAI/pythia-70m,256,step256,70426624,6,8,89,5,3,0.0020737103186547756,0.0,29650.98046875
EleutherAI/pythia-70m,256,step256,70426624,6,8,89,5,4,0.00257932604290545,0.0,29650.98046875
EleutherAI/pythia-70m,256,step256,70426624,6,8,89,5,5,0.004386048763990402,0.0,29650.98046875
EleutherAI/pythia-70m,256,step256,70426624,6,8,89,5,6,0.008047371171414852,0.0,29650.98046875
EleutherAI/pythia-70m,256,step256,70426624,6,8,89,5,7,0.0015045618638396263,0.0,29650.98046875
EleutherAI/pythia-70m,256,step256,70426624,6,8,90,0,0,0.012783470563590527,0.0,26712.98046875
EleutherAI/pythia-70m,256,step256,70426624,6,8,90,0,1,0.013178715482354164,0.0,26712.98046875
EleutherAI/pythia-70m,256,step256,70426624,6,8,90,0,2,0.012859809212386608,0.0,26712.98046875
EleutherAI/pythia-70m,256,step256,70426624,6,8,90,0,3,0.013891550712287426,0.0,26712.98046875
EleutherAI/pythia-70m,256,step256,70426624,6,8,90,0,4,0.01364162191748619,0.0,26712.98046875
EleutherAI/pythia-70m,256,step256,70426624,6,8,90,0,5,0.013200248591601849,0.0,26712.98046875
EleutherAI/pythia-70m,256,step256,70426624,6,8,90,0,6,0.012688190676271915,0.0,26712.98046875
EleutherAI/pythia-70m,256,step256,70426624,6,8,90,0,7,0.012792646884918213,0.0,26712.98046875
EleutherAI/pythia-70m,256,step256,70426624,6,8,90,1,0,0.009296835400164127,0.0,26712.98046875
EleutherAI/pythia-70m,256,step256,70426624,6,8,90,1,1,0.01023516058921814,0.0,26712.98046875
EleutherAI/pythia-70m,256,step256,70426624,6,8,90,1,2,0.007074255961924791,0.0,26712.98046875
EleutherAI/pythia-70m,256,step256,70426624,6,8,90,1,3,0.010768941603600979,0.0,26712.98046875
EleutherAI/pythia-70m,256,step256,70426624,6,8,90,1,4,0.010305165313184261,0.0,26712.98046875
EleutherAI/pythia-70m,256,step256,70426624,6,8,90,1,5,0.01275467500090599,0.0,26712.98046875
EleutherAI/pythia-70m,256,step256,70426624,6,8,90,1,6,0.011978285387158394,0.0,26712.98046875
EleutherAI/pythia-70m,256,step256,70426624,6,8,90,1,7,0.010605525225400925,0.0,26712.98046875
EleutherAI/pythia-70m,256,step256,70426624,6,8,90,2,0,0.0026025930419564247,0.0,26712.98046875
EleutherAI/pythia-70m,256,step256,70426624,6,8,90,2,1,0.0036774722393602133,0.0,26712.98046875
EleutherAI/pythia-70m,256,step256,70426624,6,8,90,2,2,0.00683571258559823,0.0,26712.98046875
EleutherAI/pythia-70m,256,step256,70426624,6,8,90,2,3,0.004550789017230272,0.0,26712.98046875
EleutherAI/pythia-70m,256,step256,70426624,6,8,90,2,4,0.0018572935368865728,0.0,26712.98046875
EleutherAI/pythia-70m,256,step256,70426624,6,8,90,2,5,0.011995787732303143,0.0,26712.98046875
EleutherAI/pythia-70m,256,step256,70426624,6,8,90,2,6,0.014351756311953068,0.0,26712.98046875
EleutherAI/pythia-70m,256,step256,70426624,6,8,90,2,7,0.004886894952505827,0.0,26712.98046875
EleutherAI/pythia-70m,256,step256,70426624,6,8,90,3,0,0.008654799312353134,0.0,26712.98046875
EleutherAI/pythia-70m,256,step256,70426624,6,8,90,3,1,0.011410729959607124,0.0,26712.98046875
EleutherAI/pythia-70m,256,step256,70426624,6,8,90,3,2,0.0032209809869527817,0.0,26712.98046875
EleutherAI/pythia-70m,256,step256,70426624,6,8,90,3,3,0.007118116598576307,0.0,26712.98046875
EleutherAI/pythia-70m,256,step256,70426624,6,8,90,3,4,0.004348315764218569,0.0,26712.98046875
EleutherAI/pythia-70m,256,step256,70426624,6,8,90,3,5,0.013599416241049767,0.0,26712.98046875
EleutherAI/pythia-70m,256,step256,70426624,6,8,90,3,6,0.006579805165529251,0.0,26712.98046875
EleutherAI/pythia-70m,256,step256,70426624,6,8,90,3,7,0.007392589468508959,0.0,26712.98046875
EleutherAI/pythia-70m,256,step256,70426624,6,8,90,4,0,0.00920749269425869,0.0,26712.98046875
EleutherAI/pythia-70m,256,step256,70426624,6,8,90,4,1,0.009316922165453434,0.0,26712.98046875
EleutherAI/pythia-70m,256,step256,70426624,6,8,90,4,2,0.011421087197959423,0.0,26712.98046875
EleutherAI/pythia-70m,256,step256,70426624,6,8,90,4,3,0.009780596941709518,0.0,26712.98046875
EleutherAI/pythia-70m,256,step256,70426624,6,8,90,4,4,0.004410760011523962,0.0,26712.98046875
EleutherAI/pythia-70m,256,step256,70426624,6,8,90,4,5,0.0030875203665345907,0.0,26712.98046875
EleutherAI/pythia-70m,256,step256,70426624,6,8,90,4,6,0.008625898510217667,0.0,26712.98046875
EleutherAI/pythia-70m,256,step256,70426624,6,8,90,4,7,0.009624376893043518,0.0,26712.98046875
EleutherAI/pythia-70m,256,step256,70426624,6,8,90,5,0,0.003331407904624939,0.0,26712.98046875
EleutherAI/pythia-70m,256,step256,70426624,6,8,90,5,1,0.004295823164284229,0.0,26712.98046875
EleutherAI/pythia-70m,256,step256,70426624,6,8,90,5,2,0.004307487513870001,0.0,26712.98046875
EleutherAI/pythia-70m,256,step256,70426624,6,8,90,5,3,0.0018222013022750616,0.0,26712.98046875
EleutherAI/pythia-70m,256,step256,70426624,6,8,90,5,4,0.002288817660883069,0.0,26712.98046875
EleutherAI/pythia-70m,256,step256,70426624,6,8,90,5,5,0.0029757500160485506,0.0,26712.98046875
EleutherAI/pythia-70m,256,step256,70426624,6,8,90,5,6,0.008318246342241764,0.0,26712.98046875
EleutherAI/pythia-70m,256,step256,70426624,6,8,90,5,7,0.0017158467089757323,0.0,26712.98046875
EleutherAI/pythia-70m,256,step256,70426624,6,8,91,0,0,0.01414678804576397,0.0,22803.0
EleutherAI/pythia-70m,256,step256,70426624,6,8,91,0,1,0.013595274649560452,0.0,22803.0
EleutherAI/pythia-70m,256,step256,70426624,6,8,91,0,2,0.012646409682929516,0.0,22803.0
EleutherAI/pythia-70m,256,step256,70426624,6,8,91,0,3,0.013402756303548813,0.0,22803.0
EleutherAI/pythia-70m,256,step256,70426624,6,8,91,0,4,0.013799813576042652,0.0,22803.0
EleutherAI/pythia-70m,256,step256,70426624,6,8,91,0,5,0.014319653622806072,0.0,22803.0
EleutherAI/pythia-70m,256,step256,70426624,6,8,91,0,6,0.013602682389318943,0.0,22803.0
EleutherAI/pythia-70m,256,step256,70426624,6,8,91,0,7,0.013983341865241528,0.0,22803.0
EleutherAI/pythia-70m,256,step256,70426624,6,8,91,1,0,0.010613503865897655,0.0,22803.0
EleutherAI/pythia-70m,256,step256,70426624,6,8,91,1,1,0.008668609894812107,0.0,22803.0
EleutherAI/pythia-70m,256,step256,70426624,6,8,91,1,2,0.006594093982130289,0.0,22803.0
EleutherAI/pythia-70m,256,step256,70426624,6,8,91,1,3,0.012813549488782883,0.0,22803.0
EleutherAI/pythia-70m,256,step256,70426624,6,8,91,1,4,0.011313083581626415,0.0,22803.0
EleutherAI/pythia-70m,256,step256,70426624,6,8,91,1,5,0.012154723517596722,0.0,22803.0
EleutherAI/pythia-70m,256,step256,70426624,6,8,91,1,6,0.008647013455629349,0.0,22803.0
EleutherAI/pythia-70m,256,step256,70426624,6,8,91,1,7,0.009105262346565723,0.0,22803.0
EleutherAI/pythia-70m,256,step256,70426624,6,8,91,2,0,0.0019517317414283752,0.0,22803.0
EleutherAI/pythia-70m,256,step256,70426624,6,8,91,2,1,0.0029514760244637728,0.0,22803.0
EleutherAI/pythia-70m,256,step256,70426624,6,8,91,2,2,0.005738418083637953,0.0,22803.0
EleutherAI/pythia-70m,256,step256,70426624,6,8,91,2,3,0.0035056257620453835,0.0,22803.0
EleutherAI/pythia-70m,256,step256,70426624,6,8,91,2,4,0.0005925177247263491,0.0,22803.0
EleutherAI/pythia-70m,256,step256,70426624,6,8,91,2,5,0.008491838350892067,0.0,22803.0
EleutherAI/pythia-70m,256,step256,70426624,6,8,91,2,6,0.009754299186170101,0.0,22803.0
EleutherAI/pythia-70m,256,step256,70426624,6,8,91,2,7,0.005239145830273628,0.0,22803.0
EleutherAI/pythia-70m,256,step256,70426624,6,8,91,3,0,0.01027603168040514,0.0,22803.0
EleutherAI/pythia-70m,256,step256,70426624,6,8,91,3,1,0.00937829539179802,0.0,22803.0
EleutherAI/pythia-70m,256,step256,70426624,6,8,91,3,2,0.002563081681728363,0.0,22803.0
EleutherAI/pythia-70m,256,step256,70426624,6,8,91,3,3,0.007276755757629871,0.0,22803.0
EleutherAI/pythia-70m,256,step256,70426624,6,8,91,3,4,0.002710166620090604,0.0,22803.0
EleutherAI/pythia-70m,256,step256,70426624,6,8,91,3,5,0.010660531930625439,0.0,22803.0
EleutherAI/pythia-70m,256,step256,70426624,6,8,91,3,6,0.015263080596923828,0.0,22803.0
EleutherAI/pythia-70m,256,step256,70426624,6,8,91,3,7,0.005512282717972994,0.0,22803.0
EleutherAI/pythia-70m,256,step256,70426624,6,8,91,4,0,0.008780893869698048,0.0,22803.0
EleutherAI/pythia-70m,256,step256,70426624,6,8,91,4,1,0.01230872143059969,0.0,22803.0
EleutherAI/pythia-70m,256,step256,70426624,6,8,91,4,2,0.008427251130342484,0.0,22803.0
EleutherAI/pythia-70m,256,step256,70426624,6,8,91,4,3,0.010754460468888283,0.0,22803.0
EleutherAI/pythia-70m,256,step256,70426624,6,8,91,4,4,0.005794564262032509,0.0,22803.0
EleutherAI/pythia-70m,256,step256,70426624,6,8,91,4,5,0.004761182237416506,0.0,22803.0
EleutherAI/pythia-70m,256,step256,70426624,6,8,91,4,6,0.007146158721297979,0.0,22803.0
EleutherAI/pythia-70m,256,step256,70426624,6,8,91,4,7,0.010917159728705883,0.0,22803.0
EleutherAI/pythia-70m,256,step256,70426624,6,8,91,5,0,0.0017036977224051952,0.0,22803.0
EleutherAI/pythia-70m,256,step256,70426624,6,8,91,5,1,0.0026147107128053904,0.0,22803.0
EleutherAI/pythia-70m,256,step256,70426624,6,8,91,5,2,0.0030739374924451113,0.0,22803.0
EleutherAI/pythia-70m,256,step256,70426624,6,8,91,5,3,0.002496745903044939,0.0,22803.0
EleutherAI/pythia-70m,256,step256,70426624,6,8,91,5,4,0.00213624257594347,0.0,22803.0
EleutherAI/pythia-70m,256,step256,70426624,6,8,91,5,5,0.0031535951420664787,0.0,22803.0
EleutherAI/pythia-70m,256,step256,70426624,6,8,91,5,6,0.006377521902322769,0.0,22803.0
EleutherAI/pythia-70m,256,step256,70426624,6,8,91,5,7,0.0014197470154613256,0.0,22803.0
EleutherAI/pythia-70m,256,step256,70426624,6,8,92,0,0,0.014074694365262985,0.0,23142.3203125
EleutherAI/pythia-70m,256,step256,70426624,6,8,92,0,1,0.01456307154148817,0.0,23142.3203125
EleutherAI/pythia-70m,256,step256,70426624,6,8,92,0,2,0.014650639146566391,0.0,23142.3203125
EleutherAI/pythia-70m,256,step256,70426624,6,8,92,0,3,0.014155230484902859,0.0,23142.3203125
EleutherAI/pythia-70m,256,step256,70426624,6,8,92,0,4,0.012593872845172882,0.0,23142.3203125
EleutherAI/pythia-70m,256,step256,70426624,6,8,92,0,5,0.013174205087125301,0.0,23142.3203125
EleutherAI/pythia-70m,256,step256,70426624,6,8,92,0,6,0.015053562819957733,0.0,23142.3203125
EleutherAI/pythia-70m,256,step256,70426624,6,8,92,0,7,0.014454727061092854,0.0,23142.3203125
EleutherAI/pythia-70m,256,step256,70426624,6,8,92,1,0,0.011012929491698742,0.0,23142.3203125
EleutherAI/pythia-70m,256,step256,70426624,6,8,92,1,1,0.00905566569417715,0.0,23142.3203125
EleutherAI/pythia-70m,256,step256,70426624,6,8,92,1,2,0.007163614500313997,0.0,23142.3203125
EleutherAI/pythia-70m,256,step256,70426624,6,8,92,1,3,0.010930147022008896,0.0,23142.3203125
EleutherAI/pythia-70m,256,step256,70426624,6,8,92,1,4,0.011491221375763416,0.0,23142.3203125
EleutherAI/pythia-70m,256,step256,70426624,6,8,92,1,5,0.013196838088333607,0.0,23142.3203125
EleutherAI/pythia-70m,256,step256,70426624,6,8,92,1,6,0.00862622819840908,0.0,23142.3203125
EleutherAI/pythia-70m,256,step256,70426624,6,8,92,1,7,0.010435082018375397,0.0,23142.3203125
EleutherAI/pythia-70m,256,step256,70426624,6,8,92,2,0,0.0031532880384474993,0.0,23142.3203125
EleutherAI/pythia-70m,256,step256,70426624,6,8,92,2,1,0.002524001058191061,0.0,23142.3203125
EleutherAI/pythia-70m,256,step256,70426624,6,8,92,2,2,0.005417038220912218,0.0,23142.3203125
EleutherAI/pythia-70m,256,step256,70426624,6,8,92,2,3,0.005833432078361511,0.0,23142.3203125
EleutherAI/pythia-70m,256,step256,70426624,6,8,92,2,4,0.0016546935075893998,0.0,23142.3203125
EleutherAI/pythia-70m,256,step256,70426624,6,8,92,2,5,0.012381170876324177,0.0,23142.3203125
EleutherAI/pythia-70m,256,step256,70426624,6,8,92,2,6,0.015117242000997066,0.0,23142.3203125
EleutherAI/pythia-70m,256,step256,70426624,6,8,92,2,7,0.0046221064403653145,0.0,23142.3203125
EleutherAI/pythia-70m,256,step256,70426624,6,8,92,3,0,0.009593386203050613,0.0,23142.3203125
EleutherAI/pythia-70m,256,step256,70426624,6,8,92,3,1,0.014370028860867023,0.0,23142.3203125
EleutherAI/pythia-70m,256,step256,70426624,6,8,92,3,2,0.005687724333256483,0.0,23142.3203125
EleutherAI/pythia-70m,256,step256,70426624,6,8,92,3,3,0.00753907673060894,0.0,23142.3203125
EleutherAI/pythia-70m,256,step256,70426624,6,8,92,3,4,0.004666191525757313,0.0,23142.3203125
EleutherAI/pythia-70m,256,step256,70426624,6,8,92,3,5,0.013361985795199871,0.0,23142.3203125
EleutherAI/pythia-70m,256,step256,70426624,6,8,92,3,6,0.008142156526446342,0.0,23142.3203125
EleutherAI/pythia-70m,256,step256,70426624,6,8,92,3,7,0.004776509013026953,0.0,23142.3203125
EleutherAI/pythia-70m,256,step256,70426624,6,8,92,4,0,0.01128985546529293,0.0,23142.3203125
EleutherAI/pythia-70m,256,step256,70426624,6,8,92,4,1,0.010272975079715252,0.0,23142.3203125
EleutherAI/pythia-70m,256,step256,70426624,6,8,92,4,2,0.013017658144235611,0.0,23142.3203125
EleutherAI/pythia-70m,256,step256,70426624,6,8,92,4,3,0.011659938842058182,0.0,23142.3203125
EleutherAI/pythia-70m,256,step256,70426624,6,8,92,4,4,0.005275452509522438,0.0,23142.3203125
EleutherAI/pythia-70m,256,step256,70426624,6,8,92,4,5,0.0064033507369458675,0.0,23142.3203125
EleutherAI/pythia-70m,256,step256,70426624,6,8,92,4,6,0.007477802224457264,0.0,23142.3203125
EleutherAI/pythia-70m,256,step256,70426624,6,8,92,4,7,0.014148987829685211,0.0,23142.3203125
EleutherAI/pythia-70m,256,step256,70426624,6,8,92,5,0,0.005306375678628683,0.0,23142.3203125
EleutherAI/pythia-70m,256,step256,70426624,6,8,92,5,1,0.004226434510201216,0.0,23142.3203125
EleutherAI/pythia-70m,256,step256,70426624,6,8,92,5,2,0.004631283693015575,0.0,23142.3203125
EleutherAI/pythia-70m,256,step256,70426624,6,8,92,5,3,0.001880525378510356,0.0,23142.3203125
EleutherAI/pythia-70m,256,step256,70426624,6,8,92,5,4,0.00235774926841259,0.0,23142.3203125
EleutherAI/pythia-70m,256,step256,70426624,6,8,92,5,5,0.0035122325643897057,0.0,23142.3203125
EleutherAI/pythia-70m,256,step256,70426624,6,8,92,5,6,0.010476762428879738,0.0,23142.3203125
EleutherAI/pythia-70m,256,step256,70426624,6,8,92,5,7,0.0016723057487979531,0.0,23142.3203125
EleutherAI/pythia-70m,256,step256,70426624,6,8,93,0,0,0.01333147194236517,0.0,25551.220703125
EleutherAI/pythia-70m,256,step256,70426624,6,8,93,0,1,0.013955967500805855,0.0,25551.220703125
EleutherAI/pythia-70m,256,step256,70426624,6,8,93,0,2,0.01373801939189434,0.0,25551.220703125
EleutherAI/pythia-70m,256,step256,70426624,6,8,93,0,3,0.01499472837895155,0.0,25551.220703125
EleutherAI/pythia-70m,256,step256,70426624,6,8,93,0,4,0.012333390302956104,0.0,25551.220703125
EleutherAI/pythia-70m,256,step256,70426624,6,8,93,0,5,0.013473981991410255,0.0,25551.220703125
EleutherAI/pythia-70m,256,step256,70426624,6,8,93,0,6,0.01344521064311266,0.0,25551.220703125
EleutherAI/pythia-70m,256,step256,70426624,6,8,93,0,7,0.013433985412120819,0.0,25551.220703125
EleutherAI/pythia-70m,256,step256,70426624,6,8,93,1,0,0.010387003421783447,0.0,25551.220703125
EleutherAI/pythia-70m,256,step256,70426624,6,8,93,1,1,0.009711126796901226,0.0,25551.220703125
EleutherAI/pythia-70m,256,step256,70426624,6,8,93,1,2,0.008467852137982845,0.0,25551.220703125
EleutherAI/pythia-70m,256,step256,70426624,6,8,93,1,3,0.012565459124743938,0.0,25551.220703125
EleutherAI/pythia-70m,256,step256,70426624,6,8,93,1,4,0.011633754707872868,0.0,25551.220703125
EleutherAI/pythia-70m,256,step256,70426624,6,8,93,1,5,0.011609269306063652,0.0,25551.220703125
EleutherAI/pythia-70m,256,step256,70426624,6,8,93,1,6,0.010602056980133057,0.0,25551.220703125
EleutherAI/pythia-70m,256,step256,70426624,6,8,93,1,7,0.009638693183660507,0.0,25551.220703125
EleutherAI/pythia-70m,256,step256,70426624,6,8,93,2,0,0.003346306039020419,0.0,25551.220703125
EleutherAI/pythia-70m,256,step256,70426624,6,8,93,2,1,0.0023932596668601036,0.0,25551.220703125
EleutherAI/pythia-70m,256,step256,70426624,6,8,93,2,2,0.004955993499606848,0.0,25551.220703125
EleutherAI/pythia-70m,256,step256,70426624,6,8,93,2,3,0.004075032193213701,0.0,25551.220703125
EleutherAI/pythia-70m,256,step256,70426624,6,8,93,2,4,0.0013473571743816137,0.0,25551.220703125
EleutherAI/pythia-70m,256,step256,70426624,6,8,93,2,5,0.008564196527004242,0.0,25551.220703125
EleutherAI/pythia-70m,256,step256,70426624,6,8,93,2,6,0.010478504002094269,0.0,25551.220703125
EleutherAI/pythia-70m,256,step256,70426624,6,8,93,2,7,0.004024141002446413,0.0,25551.220703125
EleutherAI/pythia-70m,256,step256,70426624,6,8,93,3,0,0.008243780583143234,0.0,25551.220703125
EleutherAI/pythia-70m,256,step256,70426624,6,8,93,3,1,0.014432939700782299,0.0,25551.220703125
EleutherAI/pythia-70m,256,step256,70426624,6,8,93,3,2,0.0026620193384587765,0.0,25551.220703125
EleutherAI/pythia-70m,256,step256,70426624,6,8,93,3,3,0.005787399597465992,0.0,25551.220703125
EleutherAI/pythia-70m,256,step256,70426624,6,8,93,3,4,0.003412631107494235,0.0,25551.220703125
EleutherAI/pythia-70m,256,step256,70426624,6,8,93,3,5,0.015898006036877632,0.0,25551.220703125
EleutherAI/pythia-70m,256,step256,70426624,6,8,93,3,6,0.0067464495077729225,0.0,25551.220703125
EleutherAI/pythia-70m,256,step256,70426624,6,8,93,3,7,0.005790566094219685,0.0,25551.220703125
EleutherAI/pythia-70m,256,step256,70426624,6,8,93,4,0,0.010540276765823364,0.0,25551.220703125
EleutherAI/pythia-70m,256,step256,70426624,6,8,93,4,1,0.01224716380238533,0.0,25551.220703125
EleutherAI/pythia-70m,256,step256,70426624,6,8,93,4,2,0.009184223599731922,0.0,25551.220703125
EleutherAI/pythia-70m,256,step256,70426624,6,8,93,4,3,0.010705692693591118,0.0,25551.220703125
EleutherAI/pythia-70m,256,step256,70426624,6,8,93,4,4,0.004108399152755737,0.0,25551.220703125
EleutherAI/pythia-70m,256,step256,70426624,6,8,93,4,5,0.0032803232315927744,0.0,25551.220703125
EleutherAI/pythia-70m,256,step256,70426624,6,8,93,4,6,0.008178314194083214,0.0,25551.220703125
EleutherAI/pythia-70m,256,step256,70426624,6,8,93,4,7,0.008480682037770748,0.0,25551.220703125
EleutherAI/pythia-70m,256,step256,70426624,6,8,93,5,0,0.0030766248237341642,0.0,25551.220703125
EleutherAI/pythia-70m,256,step256,70426624,6,8,93,5,1,0.003455981845036149,0.0,25551.220703125
EleutherAI/pythia-70m,256,step256,70426624,6,8,93,5,2,0.005808577407151461,0.0,25551.220703125
EleutherAI/pythia-70m,256,step256,70426624,6,8,93,5,3,0.0024978704750537872,0.0,25551.220703125
EleutherAI/pythia-70m,256,step256,70426624,6,8,93,5,4,0.0017815767787396908,0.0,25551.220703125
EleutherAI/pythia-70m,256,step256,70426624,6,8,93,5,5,0.003415369428694248,0.0,25551.220703125
EleutherAI/pythia-70m,256,step256,70426624,6,8,93,5,6,0.009337184950709343,0.0,25551.220703125
EleutherAI/pythia-70m,256,step256,70426624,6,8,93,5,7,0.0019936298485845327,0.0,25551.220703125
EleutherAI/pythia-70m,256,step256,70426624,6,8,94,0,0,0.013301532715559006,0.0,28664.01953125
EleutherAI/pythia-70m,256,step256,70426624,6,8,94,0,1,0.012862547300755978,0.0,28664.01953125
EleutherAI/pythia-70m,256,step256,70426624,6,8,94,0,2,0.013850431889295578,0.0,28664.01953125
EleutherAI/pythia-70m,256,step256,70426624,6,8,94,0,3,0.013186261989176273,0.0,28664.01953125
EleutherAI/pythia-70m,256,step256,70426624,6,8,94,0,4,0.013658549636602402,0.0,28664.01953125
EleutherAI/pythia-70m,256,step256,70426624,6,8,94,0,5,0.013628375716507435,0.0,28664.01953125
EleutherAI/pythia-70m,256,step256,70426624,6,8,94,0,6,0.01308722048997879,0.0,28664.01953125
EleutherAI/pythia-70m,256,step256,70426624,6,8,94,0,7,0.014642231166362762,0.0,28664.01953125
EleutherAI/pythia-70m,256,step256,70426624,6,8,94,1,0,0.012114204466342926,0.0,28664.01953125
EleutherAI/pythia-70m,256,step256,70426624,6,8,94,1,1,0.010603969916701317,0.0,28664.01953125
EleutherAI/pythia-70m,256,step256,70426624,6,8,94,1,2,0.007804635912179947,0.0,28664.01953125
EleutherAI/pythia-70m,256,step256,70426624,6,8,94,1,3,0.011990669183433056,0.0,28664.01953125
EleutherAI/pythia-70m,256,step256,70426624,6,8,94,1,4,0.011775174178183079,0.0,28664.01953125
EleutherAI/pythia-70m,256,step256,70426624,6,8,94,1,5,0.012957623228430748,0.0,28664.01953125
EleutherAI/pythia-70m,256,step256,70426624,6,8,94,1,6,0.009774766862392426,0.0,28664.01953125
EleutherAI/pythia-70m,256,step256,70426624,6,8,94,1,7,0.009146728552877903,0.0,28664.01953125
EleutherAI/pythia-70m,256,step256,70426624,6,8,94,2,0,0.0019064621301367879,0.0,28664.01953125
EleutherAI/pythia-70m,256,step256,70426624,6,8,94,2,1,0.00309725827537477,0.0,28664.01953125
EleutherAI/pythia-70m,256,step256,70426624,6,8,94,2,2,0.006813542917370796,0.0,28664.01953125
EleutherAI/pythia-70m,256,step256,70426624,6,8,94,2,3,0.0036702752113342285,0.0,28664.01953125
EleutherAI/pythia-70m,256,step256,70426624,6,8,94,2,4,0.0006652921438217163,0.0,28664.01953125
EleutherAI/pythia-70m,256,step256,70426624,6,8,94,2,5,0.007499954663217068,0.0,28664.01953125
EleutherAI/pythia-70m,256,step256,70426624,6,8,94,2,6,0.014262552373111248,0.0,28664.01953125
EleutherAI/pythia-70m,256,step256,70426624,6,8,94,2,7,0.003701374866068363,0.0,28664.01953125
EleutherAI/pythia-70m,256,step256,70426624,6,8,94,3,0,0.008596553467214108,0.0,28664.01953125
EleutherAI/pythia-70m,256,step256,70426624,6,8,94,3,1,0.01139861810952425,0.0,28664.01953125
EleutherAI/pythia-70m,256,step256,70426624,6,8,94,3,2,0.0017848940333351493,0.0,28664.01953125
EleutherAI/pythia-70m,256,step256,70426624,6,8,94,3,3,0.0053559718653559685,0.0,28664.01953125
EleutherAI/pythia-70m,256,step256,70426624,6,8,94,3,4,0.0037501754704862833,0.0,28664.01953125
EleutherAI/pythia-70m,256,step256,70426624,6,8,94,3,5,0.011962363496422768,0.0,28664.01953125
EleutherAI/pythia-70m,256,step256,70426624,6,8,94,3,6,0.006146540865302086,0.0,28664.01953125
EleutherAI/pythia-70m,256,step256,70426624,6,8,94,3,7,0.004105607978999615,0.0,28664.01953125
EleutherAI/pythia-70m,256,step256,70426624,6,8,94,4,0,0.004614728968590498,0.0,28664.01953125
EleutherAI/pythia-70m,256,step256,70426624,6,8,94,4,1,0.010946011170744896,0.0,28664.01953125
EleutherAI/pythia-70m,256,step256,70426624,6,8,94,4,2,0.010595916770398617,0.0,28664.01953125
EleutherAI/pythia-70m,256,step256,70426624,6,8,94,4,3,0.009130178019404411,0.0,28664.01953125
EleutherAI/pythia-70m,256,step256,70426624,6,8,94,4,4,0.0069298273883759975,0.0,28664.01953125
EleutherAI/pythia-70m,256,step256,70426624,6,8,94,4,5,0.00399036705493927,0.0,28664.01953125
EleutherAI/pythia-70m,256,step256,70426624,6,8,94,4,6,0.008093085139989853,0.0,28664.01953125
EleutherAI/pythia-70m,256,step256,70426624,6,8,94,4,7,0.00831153430044651,0.0,28664.01953125
EleutherAI/pythia-70m,256,step256,70426624,6,8,94,5,0,0.0028159969951957464,0.0,28664.01953125
EleutherAI/pythia-70m,256,step256,70426624,6,8,94,5,1,0.0027239853516221046,0.0,28664.01953125
EleutherAI/pythia-70m,256,step256,70426624,6,8,94,5,2,0.005244527943432331,0.0,28664.01953125
EleutherAI/pythia-70m,256,step256,70426624,6,8,94,5,3,0.0013089955318719149,0.0,28664.01953125
EleutherAI/pythia-70m,256,step256,70426624,6,8,94,5,4,0.0032517409417778254,0.0,28664.01953125
EleutherAI/pythia-70m,256,step256,70426624,6,8,94,5,5,0.003154577687382698,0.0,28664.01953125
EleutherAI/pythia-70m,256,step256,70426624,6,8,94,5,6,0.0072968220338225365,0.0,28664.01953125
EleutherAI/pythia-70m,256,step256,70426624,6,8,94,5,7,0.0009385435259900987,0.0,28664.01953125
EleutherAI/pythia-70m,256,step256,70426624,6,8,95,0,0,0.012613764964044094,0.0,25419.619140625
EleutherAI/pythia-70m,256,step256,70426624,6,8,95,0,1,0.013531520031392574,0.0,25419.619140625
EleutherAI/pythia-70m,256,step256,70426624,6,8,95,0,2,0.013566426932811737,0.0,25419.619140625
EleutherAI/pythia-70m,256,step256,70426624,6,8,95,0,3,0.013842386193573475,0.0,25419.619140625
EleutherAI/pythia-70m,256,step256,70426624,6,8,95,0,4,0.013010873459279537,0.0,25419.619140625
EleutherAI/pythia-70m,256,step256,70426624,6,8,95,0,5,0.014584174379706383,0.0,25419.619140625
EleutherAI/pythia-70m,256,step256,70426624,6,8,95,0,6,0.014962054789066315,0.0,25419.619140625
EleutherAI/pythia-70m,256,step256,70426624,6,8,95,0,7,0.013210922479629517,0.0,25419.619140625
EleutherAI/pythia-70m,256,step256,70426624,6,8,95,1,0,0.011790357530117035,0.0,25419.619140625
EleutherAI/pythia-70m,256,step256,70426624,6,8,95,1,1,0.010363105684518814,0.0,25419.619140625
EleutherAI/pythia-70m,256,step256,70426624,6,8,95,1,2,0.006180222146213055,0.0,25419.619140625
EleutherAI/pythia-70m,256,step256,70426624,6,8,95,1,3,0.011885839514434338,0.0,25419.619140625
EleutherAI/pythia-70m,256,step256,70426624,6,8,95,1,4,0.012522676959633827,0.0,25419.619140625
EleutherAI/pythia-70m,256,step256,70426624,6,8,95,1,5,0.013311062008142471,0.0,25419.619140625
EleutherAI/pythia-70m,256,step256,70426624,6,8,95,1,6,0.009445101954042912,0.0,25419.619140625
EleutherAI/pythia-70m,256,step256,70426624,6,8,95,1,7,0.008893999271094799,0.0,25419.619140625
EleutherAI/pythia-70m,256,step256,70426624,6,8,95,2,0,0.0030766904819756746,0.0,25419.619140625
EleutherAI/pythia-70m,256,step256,70426624,6,8,95,2,1,0.0035084818955510855,0.0,25419.619140625
EleutherAI/pythia-70m,256,step256,70426624,6,8,95,2,2,0.006425521336495876,0.0,25419.619140625
EleutherAI/pythia-70m,256,step256,70426624,6,8,95,2,3,0.004627526272088289,0.0,25419.619140625
EleutherAI/pythia-70m,256,step256,70426624,6,8,95,2,4,0.001031206571497023,0.0,25419.619140625
EleutherAI/pythia-70m,256,step256,70426624,6,8,95,2,5,0.00703319301828742,0.0,25419.619140625
EleutherAI/pythia-70m,256,step256,70426624,6,8,95,2,6,0.011704853735864162,0.0,25419.619140625
EleutherAI/pythia-70m,256,step256,70426624,6,8,95,2,7,0.005456244572997093,0.0,25419.619140625
EleutherAI/pythia-70m,256,step256,70426624,6,8,95,3,0,0.008988818153738976,0.0,25419.619140625
EleutherAI/pythia-70m,256,step256,70426624,6,8,95,3,1,0.011657166294753551,0.0,25419.619140625
EleutherAI/pythia-70m,256,step256,70426624,6,8,95,3,2,0.0040772343054413795,0.0,25419.619140625
EleutherAI/pythia-70m,256,step256,70426624,6,8,95,3,3,0.008836244232952595,0.0,25419.619140625
EleutherAI/pythia-70m,256,step256,70426624,6,8,95,3,4,0.0033037769608199596,0.0,25419.619140625
EleutherAI/pythia-70m,256,step256,70426624,6,8,95,3,5,0.01515293586999178,0.0,25419.619140625
EleutherAI/pythia-70m,256,step256,70426624,6,8,95,3,6,0.006385682616382837,0.0,25419.619140625
EleutherAI/pythia-70m,256,step256,70426624,6,8,95,3,7,0.005461920518428087,0.0,25419.619140625
EleutherAI/pythia-70m,256,step256,70426624,6,8,95,4,0,0.012868953868746758,0.0,25419.619140625
EleutherAI/pythia-70m,256,step256,70426624,6,8,95,4,1,0.010455839335918427,0.0,25419.619140625
EleutherAI/pythia-70m,256,step256,70426624,6,8,95,4,2,0.010699987411499023,0.0,25419.619140625
EleutherAI/pythia-70m,256,step256,70426624,6,8,95,4,3,0.009451777674257755,0.0,25419.619140625
EleutherAI/pythia-70m,256,step256,70426624,6,8,95,4,4,0.00600789301097393,0.0,25419.619140625
EleutherAI/pythia-70m,256,step256,70426624,6,8,95,4,5,0.005813043564558029,0.0,25419.619140625
EleutherAI/pythia-70m,256,step256,70426624,6,8,95,4,6,0.007726601324975491,0.0,25419.619140625
EleutherAI/pythia-70m,256,step256,70426624,6,8,95,4,7,0.0109401298686862,0.0,25419.619140625
EleutherAI/pythia-70m,256,step256,70426624,6,8,95,5,0,0.0027797329239547253,0.0,25419.619140625
EleutherAI/pythia-70m,256,step256,70426624,6,8,95,5,1,0.0028265423607081175,0.0,25419.619140625
EleutherAI/pythia-70m,256,step256,70426624,6,8,95,5,2,0.003766267793253064,0.0,25419.619140625
EleutherAI/pythia-70m,256,step256,70426624,6,8,95,5,3,0.0019008575472980738,0.0,25419.619140625
EleutherAI/pythia-70m,256,step256,70426624,6,8,95,5,4,0.0029033469036221504,0.0,25419.619140625
EleutherAI/pythia-70m,256,step256,70426624,6,8,95,5,5,0.0026785240042954683,0.0,25419.619140625
EleutherAI/pythia-70m,256,step256,70426624,6,8,95,5,6,0.007489197887480259,0.0,25419.619140625
EleutherAI/pythia-70m,256,step256,70426624,6,8,95,5,7,0.0010738760465756059,0.0,25419.619140625
EleutherAI/pythia-70m,256,step256,70426624,6,8,96,0,0,0.01399215217679739,0.0,24710.080078125
EleutherAI/pythia-70m,256,step256,70426624,6,8,96,0,1,0.014196198433637619,0.0,24710.080078125
EleutherAI/pythia-70m,256,step256,70426624,6,8,96,0,2,0.012984220869839191,0.0,24710.080078125
EleutherAI/pythia-70m,256,step256,70426624,6,8,96,0,3,0.013026687316596508,0.0,24710.080078125
EleutherAI/pythia-70m,256,step256,70426624,6,8,96,0,4,0.015111182816326618,0.0,24710.080078125
EleutherAI/pythia-70m,256,step256,70426624,6,8,96,0,5,0.014723935164511204,0.0,24710.080078125
EleutherAI/pythia-70m,256,step256,70426624,6,8,96,0,6,0.013801625929772854,0.0,24710.080078125
EleutherAI/pythia-70m,256,step256,70426624,6,8,96,0,7,0.01392548531293869,0.0,24710.080078125
EleutherAI/pythia-70m,256,step256,70426624,6,8,96,1,0,0.012037528678774834,0.0,24710.080078125
EleutherAI/pythia-70m,256,step256,70426624,6,8,96,1,1,0.008646086789667606,0.0,24710.080078125
EleutherAI/pythia-70m,256,step256,70426624,6,8,96,1,2,0.008038078434765339,0.0,24710.080078125
EleutherAI/pythia-70m,256,step256,70426624,6,8,96,1,3,0.012263588607311249,0.0,24710.080078125
EleutherAI/pythia-70m,256,step256,70426624,6,8,96,1,4,0.011278469115495682,0.0,24710.080078125
EleutherAI/pythia-70m,256,step256,70426624,6,8,96,1,5,0.01474651787430048,0.0,24710.080078125
EleutherAI/pythia-70m,256,step256,70426624,6,8,96,1,6,0.010193743743002415,0.0,24710.080078125
EleutherAI/pythia-70m,256,step256,70426624,6,8,96,1,7,0.009809396229684353,0.0,24710.080078125
EleutherAI/pythia-70m,256,step256,70426624,6,8,96,2,0,0.002220380352810025,0.0,24710.080078125
EleutherAI/pythia-70m,256,step256,70426624,6,8,96,2,1,0.0020350837148725986,0.0,24710.080078125
EleutherAI/pythia-70m,256,step256,70426624,6,8,96,2,2,0.006518085487186909,0.0,24710.080078125
EleutherAI/pythia-70m,256,step256,70426624,6,8,96,2,3,0.0019307929323986173,0.0,24710.080078125
EleutherAI/pythia-70m,256,step256,70426624,6,8,96,2,4,0.0014313830761238933,0.0,24710.080078125
EleutherAI/pythia-70m,256,step256,70426624,6,8,96,2,5,0.008889416232705116,0.0,24710.080078125
EleutherAI/pythia-70m,256,step256,70426624,6,8,96,2,6,0.012413079850375652,0.0,24710.080078125
EleutherAI/pythia-70m,256,step256,70426624,6,8,96,2,7,0.006066221743822098,0.0,24710.080078125
EleutherAI/pythia-70m,256,step256,70426624,6,8,96,3,0,0.013368096202611923,0.0,24710.080078125
EleutherAI/pythia-70m,256,step256,70426624,6,8,96,3,1,0.010652976110577583,0.0,24710.080078125
EleutherAI/pythia-70m,256,step256,70426624,6,8,96,3,2,0.0020392611622810364,0.0,24710.080078125
EleutherAI/pythia-70m,256,step256,70426624,6,8,96,3,3,0.007464337162673473,0.0,24710.080078125
EleutherAI/pythia-70m,256,step256,70426624,6,8,96,3,4,0.002963416511192918,0.0,24710.080078125
EleutherAI/pythia-70m,256,step256,70426624,6,8,96,3,5,0.009342006407678127,0.0,24710.080078125
EleutherAI/pythia-70m,256,step256,70426624,6,8,96,3,6,0.005941393319517374,0.0,24710.080078125
EleutherAI/pythia-70m,256,step256,70426624,6,8,96,3,7,0.005112255923449993,0.0,24710.080078125
EleutherAI/pythia-70m,256,step256,70426624,6,8,96,4,0,0.00768312020227313,0.0,24710.080078125
EleutherAI/pythia-70m,256,step256,70426624,6,8,96,4,1,0.012349958531558514,0.0,24710.080078125
EleutherAI/pythia-70m,256,step256,70426624,6,8,96,4,2,0.008448577485978603,0.0,24710.080078125
EleutherAI/pythia-70m,256,step256,70426624,6,8,96,4,3,0.011093557812273502,0.0,24710.080078125
EleutherAI/pythia-70m,256,step256,70426624,6,8,96,4,4,0.004898360464721918,0.0,24710.080078125
EleutherAI/pythia-70m,256,step256,70426624,6,8,96,4,5,0.0047674113884568214,0.0,24710.080078125
EleutherAI/pythia-70m,256,step256,70426624,6,8,96,4,6,0.00869305431842804,0.0,24710.080078125
EleutherAI/pythia-70m,256,step256,70426624,6,8,96,4,7,0.011357229202985764,0.0,24710.080078125
EleutherAI/pythia-70m,256,step256,70426624,6,8,96,5,0,0.003643483854830265,0.0,24710.080078125
EleutherAI/pythia-70m,256,step256,70426624,6,8,96,5,1,0.005506183486431837,0.0,24710.080078125
EleutherAI/pythia-70m,256,step256,70426624,6,8,96,5,2,0.007509642746299505,0.0,24710.080078125
EleutherAI/pythia-70m,256,step256,70426624,6,8,96,5,3,0.00884249061346054,0.0,24710.080078125
EleutherAI/pythia-70m,256,step256,70426624,6,8,96,5,4,0.003316496964544058,0.0,24710.080078125
EleutherAI/pythia-70m,256,step256,70426624,6,8,96,5,5,0.003384671173989773,0.0,24710.080078125
EleutherAI/pythia-70m,256,step256,70426624,6,8,96,5,6,0.007813257165253162,0.0,24710.080078125
EleutherAI/pythia-70m,256,step256,70426624,6,8,96,5,7,0.0026013352908194065,0.0,24710.080078125
EleutherAI/pythia-70m,256,step256,70426624,6,8,97,0,0,0.01428171619772911,0.0,26956.66015625
EleutherAI/pythia-70m,256,step256,70426624,6,8,97,0,1,0.013481811620295048,0.0,26956.66015625
EleutherAI/pythia-70m,256,step256,70426624,6,8,97,0,2,0.014485079795122147,0.0,26956.66015625
EleutherAI/pythia-70m,256,step256,70426624,6,8,97,0,3,0.012585788033902645,0.0,26956.66015625
EleutherAI/pythia-70m,256,step256,70426624,6,8,97,0,4,0.014637976884841919,0.0,26956.66015625
EleutherAI/pythia-70m,256,step256,70426624,6,8,97,0,5,0.014413728378713131,0.0,26956.66015625
EleutherAI/pythia-70m,256,step256,70426624,6,8,97,0,6,0.015028293244540691,0.0,26956.66015625
EleutherAI/pythia-70m,256,step256,70426624,6,8,97,0,7,0.013796217739582062,0.0,26956.66015625
EleutherAI/pythia-70m,256,step256,70426624,6,8,97,1,0,0.010620135813951492,0.0,26956.66015625
EleutherAI/pythia-70m,256,step256,70426624,6,8,97,1,1,0.009047470986843109,0.0,26956.66015625
EleutherAI/pythia-70m,256,step256,70426624,6,8,97,1,2,0.006738906726241112,0.0,26956.66015625
EleutherAI/pythia-70m,256,step256,70426624,6,8,97,1,3,0.010488012805581093,0.0,26956.66015625
EleutherAI/pythia-70m,256,step256,70426624,6,8,97,1,4,0.011528906412422657,0.0,26956.66015625
EleutherAI/pythia-70m,256,step256,70426624,6,8,97,1,5,0.011576030403375626,0.0,26956.66015625
EleutherAI/pythia-70m,256,step256,70426624,6,8,97,1,6,0.010657111182808876,0.0,26956.66015625
EleutherAI/pythia-70m,256,step256,70426624,6,8,97,1,7,0.008833812549710274,0.0,26956.66015625
EleutherAI/pythia-70m,256,step256,70426624,6,8,97,2,0,0.0018991893157362938,0.0,26956.66015625
EleutherAI/pythia-70m,256,step256,70426624,6,8,97,2,1,0.0028130533173680305,0.0,26956.66015625
EleutherAI/pythia-70m,256,step256,70426624,6,8,97,2,2,0.006266928277909756,0.0,26956.66015625
EleutherAI/pythia-70m,256,step256,70426624,6,8,97,2,3,0.003591379849240184,0.0,26956.66015625
EleutherAI/pythia-70m,256,step256,70426624,6,8,97,2,4,0.0015136126894503832,0.0,26956.66015625
EleutherAI/pythia-70m,256,step256,70426624,6,8,97,2,5,0.009221086278557777,0.0,26956.66015625
EleutherAI/pythia-70m,256,step256,70426624,6,8,97,2,6,0.009159980341792107,0.0,26956.66015625
EleutherAI/pythia-70m,256,step256,70426624,6,8,97,2,7,0.004590140655636787,0.0,26956.66015625
EleutherAI/pythia-70m,256,step256,70426624,6,8,97,3,0,0.009781408123672009,0.0,26956.66015625
EleutherAI/pythia-70m,256,step256,70426624,6,8,97,3,1,0.010823496617376804,0.0,26956.66015625
EleutherAI/pythia-70m,256,step256,70426624,6,8,97,3,2,0.0020373144652694464,0.0,26956.66015625
EleutherAI/pythia-70m,256,step256,70426624,6,8,97,3,3,0.008496459573507309,0.0,26956.66015625
EleutherAI/pythia-70m,256,step256,70426624,6,8,97,3,4,0.00518804183229804,0.0,26956.66015625
EleutherAI/pythia-70m,256,step256,70426624,6,8,97,3,5,0.01015508733689785,0.0,26956.66015625
EleutherAI/pythia-70m,256,step256,70426624,6,8,97,3,6,0.005880584940314293,0.0,26956.66015625
EleutherAI/pythia-70m,256,step256,70426624,6,8,97,3,7,0.008988968096673489,0.0,26956.66015625
EleutherAI/pythia-70m,256,step256,70426624,6,8,97,4,0,0.00920412689447403,0.0,26956.66015625
EleutherAI/pythia-70m,256,step256,70426624,6,8,97,4,1,0.010872003622353077,0.0,26956.66015625
EleutherAI/pythia-70m,256,step256,70426624,6,8,97,4,2,0.008792555890977383,0.0,26956.66015625
EleutherAI/pythia-70m,256,step256,70426624,6,8,97,4,3,0.008314449340105057,0.0,26956.66015625
EleutherAI/pythia-70m,256,step256,70426624,6,8,97,4,4,0.004611274693161249,0.0,26956.66015625
EleutherAI/pythia-70m,256,step256,70426624,6,8,97,4,5,0.006465654820203781,0.0,26956.66015625
EleutherAI/pythia-70m,256,step256,70426624,6,8,97,4,6,0.009265474043786526,0.0,26956.66015625
EleutherAI/pythia-70m,256,step256,70426624,6,8,97,4,7,0.01034646388143301,0.0,26956.66015625
EleutherAI/pythia-70m,256,step256,70426624,6,8,97,5,0,0.0029354223515838385,0.0,26956.66015625
EleutherAI/pythia-70m,256,step256,70426624,6,8,97,5,1,0.004325308371335268,0.0,26956.66015625
EleutherAI/pythia-70m,256,step256,70426624,6,8,97,5,2,0.004908943548798561,0.0,26956.66015625
EleutherAI/pythia-70m,256,step256,70426624,6,8,97,5,3,0.0022962032817304134,0.0,26956.66015625
EleutherAI/pythia-70m,256,step256,70426624,6,8,97,5,4,0.0024251099675893784,0.0,26956.66015625
EleutherAI/pythia-70m,256,step256,70426624,6,8,97,5,5,0.00563232135027647,0.0,26956.66015625
EleutherAI/pythia-70m,256,step256,70426624,6,8,97,5,6,0.007967967540025711,0.0,26956.66015625
EleutherAI/pythia-70m,256,step256,70426624,6,8,97,5,7,0.0020433038007467985,0.0,26956.66015625
EleutherAI/pythia-70m,256,step256,70426624,6,8,98,0,0,0.014441451989114285,0.0,23960.48046875
EleutherAI/pythia-70m,256,step256,70426624,6,8,98,0,1,0.013476720079779625,0.0,23960.48046875
EleutherAI/pythia-70m,256,step256,70426624,6,8,98,0,2,0.013097027316689491,0.0,23960.48046875
EleutherAI/pythia-70m,256,step256,70426624,6,8,98,0,3,0.01582496613264084,0.0,23960.48046875
EleutherAI/pythia-70m,256,step256,70426624,6,8,98,0,4,0.011896380223333836,0.0,23960.48046875
EleutherAI/pythia-70m,256,step256,70426624,6,8,98,0,5,0.013046951033174992,0.0,23960.48046875
EleutherAI/pythia-70m,256,step256,70426624,6,8,98,0,6,0.013634434901177883,0.0,23960.48046875
EleutherAI/pythia-70m,256,step256,70426624,6,8,98,0,7,0.013830573298037052,0.0,23960.48046875
EleutherAI/pythia-70m,256,step256,70426624,6,8,98,1,0,0.011214137077331543,0.0,23960.48046875
EleutherAI/pythia-70m,256,step256,70426624,6,8,98,1,1,0.008729690685868263,0.0,23960.48046875
EleutherAI/pythia-70m,256,step256,70426624,6,8,98,1,2,0.008500056341290474,0.0,23960.48046875
EleutherAI/pythia-70m,256,step256,70426624,6,8,98,1,3,0.01171035971492529,0.0,23960.48046875
EleutherAI/pythia-70m,256,step256,70426624,6,8,98,1,4,0.012059922330081463,0.0,23960.48046875
EleutherAI/pythia-70m,256,step256,70426624,6,8,98,1,5,0.012416651472449303,0.0,23960.48046875
EleutherAI/pythia-70m,256,step256,70426624,6,8,98,1,6,0.010075974278151989,0.0,23960.48046875
EleutherAI/pythia-70m,256,step256,70426624,6,8,98,1,7,0.008701770566403866,0.0,23960.48046875
EleutherAI/pythia-70m,256,step256,70426624,6,8,98,2,0,0.003229011781513691,0.0,23960.48046875
EleutherAI/pythia-70m,256,step256,70426624,6,8,98,2,1,0.004862637724727392,0.0,23960.48046875
EleutherAI/pythia-70m,256,step256,70426624,6,8,98,2,2,0.006312540732324123,0.0,23960.48046875
EleutherAI/pythia-70m,256,step256,70426624,6,8,98,2,3,0.003674730658531189,0.0,23960.48046875
EleutherAI/pythia-70m,256,step256,70426624,6,8,98,2,4,0.0007992926402948797,0.0,23960.48046875
EleutherAI/pythia-70m,256,step256,70426624,6,8,98,2,5,0.00895864237099886,0.0,23960.48046875
EleutherAI/pythia-70m,256,step256,70426624,6,8,98,2,6,0.009521088562905788,0.0,23960.48046875
EleutherAI/pythia-70m,256,step256,70426624,6,8,98,2,7,0.0039030909538269043,0.0,23960.48046875
EleutherAI/pythia-70m,256,step256,70426624,6,8,98,3,0,0.007762853056192398,0.0,23960.48046875
EleutherAI/pythia-70m,256,step256,70426624,6,8,98,3,1,0.013978991657495499,0.0,23960.48046875
EleutherAI/pythia-70m,256,step256,70426624,6,8,98,3,2,0.0022697853855788708,0.0,23960.48046875
EleutherAI/pythia-70m,256,step256,70426624,6,8,98,3,3,0.006187030579894781,0.0,23960.48046875
EleutherAI/pythia-70m,256,step256,70426624,6,8,98,3,4,0.004828315228223801,0.0,23960.48046875
EleutherAI/pythia-70m,256,step256,70426624,6,8,98,3,5,0.012272686697542667,0.0,23960.48046875
EleutherAI/pythia-70m,256,step256,70426624,6,8,98,3,6,0.005902756005525589,0.0,23960.48046875
EleutherAI/pythia-70m,256,step256,70426624,6,8,98,3,7,0.004588047042489052,0.0,23960.48046875
EleutherAI/pythia-70m,256,step256,70426624,6,8,98,4,0,0.006219038739800453,0.0,23960.48046875
EleutherAI/pythia-70m,256,step256,70426624,6,8,98,4,1,0.012682982720434666,0.0,23960.48046875
EleutherAI/pythia-70m,256,step256,70426624,6,8,98,4,2,0.009916599839925766,0.0,23960.48046875
EleutherAI/pythia-70m,256,step256,70426624,6,8,98,4,3,0.008018098771572113,0.0,23960.48046875
EleutherAI/pythia-70m,256,step256,70426624,6,8,98,4,4,0.002264075679704547,0.0,23960.48046875
EleutherAI/pythia-70m,256,step256,70426624,6,8,98,4,5,0.0037201964296400547,0.0,23960.48046875
EleutherAI/pythia-70m,256,step256,70426624,6,8,98,4,6,0.006796411704272032,0.0,23960.48046875
EleutherAI/pythia-70m,256,step256,70426624,6,8,98,4,7,0.009094271808862686,0.0,23960.48046875
EleutherAI/pythia-70m,256,step256,70426624,6,8,98,5,0,0.0028121129143983126,0.0,23960.48046875
EleutherAI/pythia-70m,256,step256,70426624,6,8,98,5,1,0.0032206159085035324,0.0,23960.48046875
EleutherAI/pythia-70m,256,step256,70426624,6,8,98,5,2,0.004203042481094599,0.0,23960.48046875
EleutherAI/pythia-70m,256,step256,70426624,6,8,98,5,3,0.001228388398885727,0.0,23960.48046875
EleutherAI/pythia-70m,256,step256,70426624,6,8,98,5,4,0.0023842020891606808,0.0,23960.48046875
EleutherAI/pythia-70m,256,step256,70426624,6,8,98,5,5,0.0026452960446476936,0.0,23960.48046875
EleutherAI/pythia-70m,256,step256,70426624,6,8,98,5,6,0.010264155454933643,0.0,23960.48046875
EleutherAI/pythia-70m,256,step256,70426624,6,8,98,5,7,0.0010759922442957759,0.0,23960.48046875
EleutherAI/pythia-70m,256,step256,70426624,6,8,99,0,0,0.013518027029931545,0.0,28233.080078125
EleutherAI/pythia-70m,256,step256,70426624,6,8,99,0,1,0.0132014574483037,0.0,28233.080078125
EleutherAI/pythia-70m,256,step256,70426624,6,8,99,0,2,0.014487934298813343,0.0,28233.080078125
EleutherAI/pythia-70m,256,step256,70426624,6,8,99,0,3,0.0157098937779665,0.0,28233.080078125
EleutherAI/pythia-70m,256,step256,70426624,6,8,99,0,4,0.014507639221847057,0.0,28233.080078125
EleutherAI/pythia-70m,256,step256,70426624,6,8,99,0,5,0.01543516293168068,0.0,28233.080078125
EleutherAI/pythia-70m,256,step256,70426624,6,8,99,0,6,0.012751083821058273,0.0,28233.080078125
EleutherAI/pythia-70m,256,step256,70426624,6,8,99,0,7,0.013205254450440407,0.0,28233.080078125
EleutherAI/pythia-70m,256,step256,70426624,6,8,99,1,0,0.010714102536439896,0.0,28233.080078125
EleutherAI/pythia-70m,256,step256,70426624,6,8,99,1,1,0.01100488193333149,0.0,28233.080078125
EleutherAI/pythia-70m,256,step256,70426624,6,8,99,1,2,0.007466186303645372,0.0,28233.080078125
EleutherAI/pythia-70m,256,step256,70426624,6,8,99,1,3,0.011958935298025608,0.0,28233.080078125
EleutherAI/pythia-70m,256,step256,70426624,6,8,99,1,4,0.010786297731101513,0.0,28233.080078125
EleutherAI/pythia-70m,256,step256,70426624,6,8,99,1,5,0.013633008114993572,0.0,28233.080078125
EleutherAI/pythia-70m,256,step256,70426624,6,8,99,1,6,0.011238533072173595,0.0,28233.080078125
EleutherAI/pythia-70m,256,step256,70426624,6,8,99,1,7,0.00922904722392559,0.0,28233.080078125
EleutherAI/pythia-70m,256,step256,70426624,6,8,99,2,0,0.002225989941507578,0.0,28233.080078125
EleutherAI/pythia-70m,256,step256,70426624,6,8,99,2,1,0.0025875240098685026,0.0,28233.080078125
EleutherAI/pythia-70m,256,step256,70426624,6,8,99,2,2,0.00600743293762207,0.0,28233.080078125
EleutherAI/pythia-70m,256,step256,70426624,6,8,99,2,3,0.003977195825427771,0.0,28233.080078125
EleutherAI/pythia-70m,256,step256,70426624,6,8,99,2,4,0.0012904959730803967,0.0,28233.080078125
EleutherAI/pythia-70m,256,step256,70426624,6,8,99,2,5,0.00863575004041195,0.0,28233.080078125
EleutherAI/pythia-70m,256,step256,70426624,6,8,99,2,6,0.011669527739286423,0.0,28233.080078125
EleutherAI/pythia-70m,256,step256,70426624,6,8,99,2,7,0.004441393539309502,0.0,28233.080078125
EleutherAI/pythia-70m,256,step256,70426624,6,8,99,3,0,0.009922947734594345,0.0,28233.080078125
EleutherAI/pythia-70m,256,step256,70426624,6,8,99,3,1,0.013404694385826588,0.0,28233.080078125
EleutherAI/pythia-70m,256,step256,70426624,6,8,99,3,2,0.00364653579890728,0.0,28233.080078125
EleutherAI/pythia-70m,256,step256,70426624,6,8,99,3,3,0.0077091362327337265,0.0,28233.080078125
EleutherAI/pythia-70m,256,step256,70426624,6,8,99,3,4,0.004579289350658655,0.0,28233.080078125
EleutherAI/pythia-70m,256,step256,70426624,6,8,99,3,5,0.011979551054537296,0.0,28233.080078125
EleutherAI/pythia-70m,256,step256,70426624,6,8,99,3,6,0.007936348207294941,0.0,28233.080078125
EleutherAI/pythia-70m,256,step256,70426624,6,8,99,3,7,0.005355737172067165,0.0,28233.080078125
EleutherAI/pythia-70m,256,step256,70426624,6,8,99,4,0,0.007028309628367424,0.0,28233.080078125
EleutherAI/pythia-70m,256,step256,70426624,6,8,99,4,1,0.011529299430549145,0.0,28233.080078125
EleutherAI/pythia-70m,256,step256,70426624,6,8,99,4,2,0.008525358512997627,0.0,28233.080078125
EleutherAI/pythia-70m,256,step256,70426624,6,8,99,4,3,0.009579943493008614,0.0,28233.080078125
EleutherAI/pythia-70m,256,step256,70426624,6,8,99,4,4,0.005144044291228056,0.0,28233.080078125
EleutherAI/pythia-70m,256,step256,70426624,6,8,99,4,5,0.004386838059872389,0.0,28233.080078125
EleutherAI/pythia-70m,256,step256,70426624,6,8,99,4,6,0.009874202311038971,0.0,28233.080078125
EleutherAI/pythia-70m,256,step256,70426624,6,8,99,4,7,0.008451100438833237,0.0,28233.080078125
EleutherAI/pythia-70m,256,step256,70426624,6,8,99,5,0,0.0027634883299469948,0.0,28233.080078125
EleutherAI/pythia-70m,256,step256,70426624,6,8,99,5,1,0.0029311550315469503,0.0,28233.080078125
EleutherAI/pythia-70m,256,step256,70426624,6,8,99,5,2,0.004951370880007744,0.0,28233.080078125
EleutherAI/pythia-70m,256,step256,70426624,6,8,99,5,3,0.001797499950043857,0.0,28233.080078125
EleutherAI/pythia-70m,256,step256,70426624,6,8,99,5,4,0.0027875571977347136,0.0,28233.080078125
EleutherAI/pythia-70m,256,step256,70426624,6,8,99,5,5,0.003996734507381916,0.0,28233.080078125
EleutherAI/pythia-70m,256,step256,70426624,6,8,99,5,6,0.007468205876648426,0.0,28233.080078125
EleutherAI/pythia-70m,256,step256,70426624,6,8,99,5,7,0.001146520720794797,0.0,28233.080078125
