mpath,step,revision,n_params,n_layers,n_heads,sample,layer,head,ps,ar_acc,ar_mean_rank
EleutherAI/pythia-14m,128,step128,14067712,6,4,0,0,0,0.015267584472894669,0.0,23493.939453125
EleutherAI/pythia-14m,128,step128,14067712,6,4,0,0,1,0.014627008698880672,0.0,23493.939453125
EleutherAI/pythia-14m,128,step128,14067712,6,4,0,0,2,0.012925875373184681,0.0,23493.939453125
EleutherAI/pythia-14m,128,step128,14067712,6,4,0,0,3,0.014419865794479847,0.0,23493.939453125
EleutherAI/pythia-14m,128,step128,14067712,6,4,0,1,0,0.013479032553732395,0.0,23493.939453125
EleutherAI/pythia-14m,128,step128,14067712,6,4,0,1,1,0.014911992475390434,0.0,23493.939453125
EleutherAI/pythia-14m,128,step128,14067712,6,4,0,1,2,0.012395300902426243,0.0,23493.939453125
EleutherAI/pythia-14m,128,step128,14067712,6,4,0,1,3,0.013153748586773872,0.0,23493.939453125
EleutherAI/pythia-14m,128,step128,14067712,6,4,0,2,0,0.012532792054116726,0.0,23493.939453125
EleutherAI/pythia-14m,128,step128,14067712,6,4,0,2,1,0.011125891469419003,0.0,23493.939453125
EleutherAI/pythia-14m,128,step128,14067712,6,4,0,2,2,0.014446266926825047,0.0,23493.939453125
EleutherAI/pythia-14m,128,step128,14067712,6,4,0,2,3,0.012851009145379066,0.0,23493.939453125
EleutherAI/pythia-14m,128,step128,14067712,6,4,0,3,0,0.013113829307258129,0.0,23493.939453125
EleutherAI/pythia-14m,128,step128,14067712,6,4,0,3,1,0.013891678303480148,0.0,23493.939453125
EleutherAI/pythia-14m,128,step128,14067712,6,4,0,3,2,0.016147954389452934,0.0,23493.939453125
EleutherAI/pythia-14m,128,step128,14067712,6,4,0,3,3,0.015378184616565704,0.0,23493.939453125
EleutherAI/pythia-14m,128,step128,14067712,6,4,0,4,0,0.013414817862212658,0.0,23493.939453125
EleutherAI/pythia-14m,128,step128,14067712,6,4,0,4,1,0.00904184952378273,0.0,23493.939453125
EleutherAI/pythia-14m,128,step128,14067712,6,4,0,4,2,0.009925182908773422,0.0,23493.939453125
EleutherAI/pythia-14m,128,step128,14067712,6,4,0,4,3,0.011645304970443249,0.0,23493.939453125
EleutherAI/pythia-14m,128,step128,14067712,6,4,0,5,0,0.014737198129296303,0.0,23493.939453125
EleutherAI/pythia-14m,128,step128,14067712,6,4,0,5,1,0.01583082228899002,0.0,23493.939453125
EleutherAI/pythia-14m,128,step128,14067712,6,4,0,5,2,0.01355469785630703,0.0,23493.939453125
EleutherAI/pythia-14m,128,step128,14067712,6,4,0,5,3,0.015279055573046207,0.0,23493.939453125
EleutherAI/pythia-14m,128,step128,14067712,6,4,1,0,0,0.013921218924224377,0.0,27284.119140625
EleutherAI/pythia-14m,128,step128,14067712,6,4,1,0,1,0.013160521164536476,0.0,27284.119140625
EleutherAI/pythia-14m,128,step128,14067712,6,4,1,0,2,0.013852360658347607,0.0,27284.119140625
EleutherAI/pythia-14m,128,step128,14067712,6,4,1,0,3,0.01469129603356123,0.0,27284.119140625
EleutherAI/pythia-14m,128,step128,14067712,6,4,1,1,0,0.012743723578751087,0.0,27284.119140625
EleutherAI/pythia-14m,128,step128,14067712,6,4,1,1,1,0.015420204028487206,0.0,27284.119140625
EleutherAI/pythia-14m,128,step128,14067712,6,4,1,1,2,0.012661962769925594,0.0,27284.119140625
EleutherAI/pythia-14m,128,step128,14067712,6,4,1,1,3,0.014202911406755447,0.0,27284.119140625
EleutherAI/pythia-14m,128,step128,14067712,6,4,1,2,0,0.012747755274176598,0.0,27284.119140625
EleutherAI/pythia-14m,128,step128,14067712,6,4,1,2,1,0.011590760201215744,0.0,27284.119140625
EleutherAI/pythia-14m,128,step128,14067712,6,4,1,2,2,0.014092995785176754,0.0,27284.119140625
EleutherAI/pythia-14m,128,step128,14067712,6,4,1,2,3,0.01302025280892849,0.0,27284.119140625
EleutherAI/pythia-14m,128,step128,14067712,6,4,1,3,0,0.012571458704769611,0.0,27284.119140625
EleutherAI/pythia-14m,128,step128,14067712,6,4,1,3,1,0.013589518144726753,0.0,27284.119140625
EleutherAI/pythia-14m,128,step128,14067712,6,4,1,3,2,0.015136439353227615,0.0,27284.119140625
EleutherAI/pythia-14m,128,step128,14067712,6,4,1,3,3,0.0138663025572896,0.0,27284.119140625
EleutherAI/pythia-14m,128,step128,14067712,6,4,1,4,0,0.013800535351037979,0.0,27284.119140625
EleutherAI/pythia-14m,128,step128,14067712,6,4,1,4,1,0.00827814731746912,0.0,27284.119140625
EleutherAI/pythia-14m,128,step128,14067712,6,4,1,4,2,0.010654373094439507,0.0,27284.119140625
EleutherAI/pythia-14m,128,step128,14067712,6,4,1,4,3,0.011676063761115074,0.0,27284.119140625
EleutherAI/pythia-14m,128,step128,14067712,6,4,1,5,0,0.015346054919064045,0.0,27284.119140625
EleutherAI/pythia-14m,128,step128,14067712,6,4,1,5,1,0.015410635620355606,0.0,27284.119140625
EleutherAI/pythia-14m,128,step128,14067712,6,4,1,5,2,0.013842246495187283,0.0,27284.119140625
EleutherAI/pythia-14m,128,step128,14067712,6,4,1,5,3,0.014566468074917793,0.0,27284.119140625
EleutherAI/pythia-14m,128,step128,14067712,6,4,2,0,0,0.013576695695519447,0.0,24534.939453125
EleutherAI/pythia-14m,128,step128,14067712,6,4,2,0,1,0.013573643751442432,0.0,24534.939453125
EleutherAI/pythia-14m,128,step128,14067712,6,4,2,0,2,0.015129633247852325,0.0,24534.939453125
EleutherAI/pythia-14m,128,step128,14067712,6,4,2,0,3,0.014884662814438343,0.0,24534.939453125
EleutherAI/pythia-14m,128,step128,14067712,6,4,2,1,0,0.013001160696148872,0.0,24534.939453125
EleutherAI/pythia-14m,128,step128,14067712,6,4,2,1,1,0.012884615920484066,0.0,24534.939453125
EleutherAI/pythia-14m,128,step128,14067712,6,4,2,1,2,0.012805881910026073,0.0,24534.939453125
EleutherAI/pythia-14m,128,step128,14067712,6,4,2,1,3,0.01245852466672659,0.0,24534.939453125
EleutherAI/pythia-14m,128,step128,14067712,6,4,2,2,0,0.013058376498520374,0.0,24534.939453125
EleutherAI/pythia-14m,128,step128,14067712,6,4,2,2,1,0.011757457628846169,0.0,24534.939453125
EleutherAI/pythia-14m,128,step128,14067712,6,4,2,2,2,0.013704946264624596,0.0,24534.939453125
EleutherAI/pythia-14m,128,step128,14067712,6,4,2,2,3,0.01301181223243475,0.0,24534.939453125
EleutherAI/pythia-14m,128,step128,14067712,6,4,2,3,0,0.01282756682485342,0.0,24534.939453125
EleutherAI/pythia-14m,128,step128,14067712,6,4,2,3,1,0.01370527409017086,0.0,24534.939453125
EleutherAI/pythia-14m,128,step128,14067712,6,4,2,3,2,0.01579258218407631,0.0,24534.939453125
EleutherAI/pythia-14m,128,step128,14067712,6,4,2,3,3,0.014375328086316586,0.0,24534.939453125
EleutherAI/pythia-14m,128,step128,14067712,6,4,2,4,0,0.013261552900075912,0.0,24534.939453125
EleutherAI/pythia-14m,128,step128,14067712,6,4,2,4,1,0.008848936296999454,0.0,24534.939453125
EleutherAI/pythia-14m,128,step128,14067712,6,4,2,4,2,0.01074525248259306,0.0,24534.939453125
EleutherAI/pythia-14m,128,step128,14067712,6,4,2,4,3,0.01182461902499199,0.0,24534.939453125
EleutherAI/pythia-14m,128,step128,14067712,6,4,2,5,0,0.015351856127381325,0.0,24534.939453125
EleutherAI/pythia-14m,128,step128,14067712,6,4,2,5,1,0.015394909307360649,0.0,24534.939453125
EleutherAI/pythia-14m,128,step128,14067712,6,4,2,5,2,0.013763542287051678,0.0,24534.939453125
EleutherAI/pythia-14m,128,step128,14067712,6,4,2,5,3,0.015041199512779713,0.0,24534.939453125
EleutherAI/pythia-14m,128,step128,14067712,6,4,3,0,0,0.014144076965749264,0.0,24393.66015625
EleutherAI/pythia-14m,128,step128,14067712,6,4,3,0,1,0.014820046722888947,0.0,24393.66015625
EleutherAI/pythia-14m,128,step128,14067712,6,4,3,0,2,0.015359667129814625,0.0,24393.66015625
EleutherAI/pythia-14m,128,step128,14067712,6,4,3,0,3,0.01403826754540205,0.0,24393.66015625
EleutherAI/pythia-14m,128,step128,14067712,6,4,3,1,0,0.013052200898528099,0.0,24393.66015625
EleutherAI/pythia-14m,128,step128,14067712,6,4,3,1,1,0.014970816671848297,0.0,24393.66015625
EleutherAI/pythia-14m,128,step128,14067712,6,4,3,1,2,0.014284997247159481,0.0,24393.66015625
EleutherAI/pythia-14m,128,step128,14067712,6,4,3,1,3,0.012963336892426014,0.0,24393.66015625
EleutherAI/pythia-14m,128,step128,14067712,6,4,3,2,0,0.012723340652883053,0.0,24393.66015625
EleutherAI/pythia-14m,128,step128,14067712,6,4,3,2,1,0.012718736194074154,0.0,24393.66015625
EleutherAI/pythia-14m,128,step128,14067712,6,4,3,2,2,0.012794316746294498,0.0,24393.66015625
EleutherAI/pythia-14m,128,step128,14067712,6,4,3,2,3,0.01364029012620449,0.0,24393.66015625
EleutherAI/pythia-14m,128,step128,14067712,6,4,3,3,0,0.014217083342373371,0.0,24393.66015625
EleutherAI/pythia-14m,128,step128,14067712,6,4,3,3,1,0.012881574220955372,0.0,24393.66015625
EleutherAI/pythia-14m,128,step128,14067712,6,4,3,3,2,0.016195023432374,0.0,24393.66015625
EleutherAI/pythia-14m,128,step128,14067712,6,4,3,3,3,0.014677608385682106,0.0,24393.66015625
EleutherAI/pythia-14m,128,step128,14067712,6,4,3,4,0,0.013300498947501183,0.0,24393.66015625
EleutherAI/pythia-14m,128,step128,14067712,6,4,3,4,1,0.008179844357073307,0.0,24393.66015625
EleutherAI/pythia-14m,128,step128,14067712,6,4,3,4,2,0.010044875554740429,0.0,24393.66015625
EleutherAI/pythia-14m,128,step128,14067712,6,4,3,4,3,0.011927350424230099,0.0,24393.66015625
EleutherAI/pythia-14m,128,step128,14067712,6,4,3,5,0,0.014938080683350563,0.0,24393.66015625
EleutherAI/pythia-14m,128,step128,14067712,6,4,3,5,1,0.01637016423046589,0.0,24393.66015625
EleutherAI/pythia-14m,128,step128,14067712,6,4,3,5,2,0.013565897941589355,0.0,24393.66015625
EleutherAI/pythia-14m,128,step128,14067712,6,4,3,5,3,0.014888879843056202,0.0,24393.66015625
EleutherAI/pythia-14m,128,step128,14067712,6,4,4,0,0,0.0131913423538208,0.0,28032.4609375
EleutherAI/pythia-14m,128,step128,14067712,6,4,4,0,1,0.014468849636614323,0.0,28032.4609375
EleutherAI/pythia-14m,128,step128,14067712,6,4,4,0,2,0.014439701102674007,0.0,28032.4609375
EleutherAI/pythia-14m,128,step128,14067712,6,4,4,0,3,0.014980602078139782,0.0,28032.4609375
EleutherAI/pythia-14m,128,step128,14067712,6,4,4,1,0,0.013899372890591621,0.0,28032.4609375
EleutherAI/pythia-14m,128,step128,14067712,6,4,4,1,1,0.012625303119421005,0.0,28032.4609375
EleutherAI/pythia-14m,128,step128,14067712,6,4,4,1,2,0.014546733349561691,0.0,28032.4609375
EleutherAI/pythia-14m,128,step128,14067712,6,4,4,1,3,0.012927024625241756,0.0,28032.4609375
EleutherAI/pythia-14m,128,step128,14067712,6,4,4,2,0,0.0134274335578084,0.0,28032.4609375
EleutherAI/pythia-14m,128,step128,14067712,6,4,4,2,1,0.011020254343748093,0.0,28032.4609375
EleutherAI/pythia-14m,128,step128,14067712,6,4,4,2,2,0.014544329605996609,0.0,28032.4609375
EleutherAI/pythia-14m,128,step128,14067712,6,4,4,2,3,0.013219304382801056,0.0,28032.4609375
EleutherAI/pythia-14m,128,step128,14067712,6,4,4,3,0,0.012986833229660988,0.0,28032.4609375
EleutherAI/pythia-14m,128,step128,14067712,6,4,4,3,1,0.013441929593682289,0.0,28032.4609375
EleutherAI/pythia-14m,128,step128,14067712,6,4,4,3,2,0.01580175571143627,0.0,28032.4609375
EleutherAI/pythia-14m,128,step128,14067712,6,4,4,3,3,0.014912012964487076,0.0,28032.4609375
EleutherAI/pythia-14m,128,step128,14067712,6,4,4,4,0,0.014105791226029396,0.0,28032.4609375
EleutherAI/pythia-14m,128,step128,14067712,6,4,4,4,1,0.009788792580366135,0.0,28032.4609375
EleutherAI/pythia-14m,128,step128,14067712,6,4,4,4,2,0.010941024869680405,0.0,28032.4609375
EleutherAI/pythia-14m,128,step128,14067712,6,4,4,4,3,0.01111752912402153,0.0,28032.4609375
EleutherAI/pythia-14m,128,step128,14067712,6,4,4,5,0,0.015464689582586288,0.0,28032.4609375
EleutherAI/pythia-14m,128,step128,14067712,6,4,4,5,1,0.015648502856492996,0.0,28032.4609375
EleutherAI/pythia-14m,128,step128,14067712,6,4,4,5,2,0.013942298479378223,0.0,28032.4609375
EleutherAI/pythia-14m,128,step128,14067712,6,4,4,5,3,0.014808314852416515,0.0,28032.4609375
EleutherAI/pythia-14m,128,step128,14067712,6,4,5,0,0,0.014754137955605984,0.0,23725.400390625
EleutherAI/pythia-14m,128,step128,14067712,6,4,5,0,1,0.013440490700304508,0.0,23725.400390625
EleutherAI/pythia-14m,128,step128,14067712,6,4,5,0,2,0.014305689372122288,0.0,23725.400390625
EleutherAI/pythia-14m,128,step128,14067712,6,4,5,0,3,0.014236411079764366,0.0,23725.400390625
EleutherAI/pythia-14m,128,step128,14067712,6,4,5,1,0,0.013315913267433643,0.0,23725.400390625
EleutherAI/pythia-14m,128,step128,14067712,6,4,5,1,1,0.013778841122984886,0.0,23725.400390625
EleutherAI/pythia-14m,128,step128,14067712,6,4,5,1,2,0.013497967272996902,0.0,23725.400390625
EleutherAI/pythia-14m,128,step128,14067712,6,4,5,1,3,0.012450159527361393,0.0,23725.400390625
EleutherAI/pythia-14m,128,step128,14067712,6,4,5,2,0,0.013768318109214306,0.0,23725.400390625
EleutherAI/pythia-14m,128,step128,14067712,6,4,5,2,1,0.010611694306135178,0.0,23725.400390625
EleutherAI/pythia-14m,128,step128,14067712,6,4,5,2,2,0.01299396250396967,0.0,23725.400390625
EleutherAI/pythia-14m,128,step128,14067712,6,4,5,2,3,0.012276453897356987,0.0,23725.400390625
EleutherAI/pythia-14m,128,step128,14067712,6,4,5,3,0,0.013056035153567791,0.0,23725.400390625
EleutherAI/pythia-14m,128,step128,14067712,6,4,5,3,1,0.013359989039599895,0.0,23725.400390625
EleutherAI/pythia-14m,128,step128,14067712,6,4,5,3,2,0.015971383079886436,0.0,23725.400390625
EleutherAI/pythia-14m,128,step128,14067712,6,4,5,3,3,0.014716384001076221,0.0,23725.400390625
EleutherAI/pythia-14m,128,step128,14067712,6,4,5,4,0,0.013051414862275124,0.0,23725.400390625
EleutherAI/pythia-14m,128,step128,14067712,6,4,5,4,1,0.0089690200984478,0.0,23725.400390625
EleutherAI/pythia-14m,128,step128,14067712,6,4,5,4,2,0.010295634157955647,0.0,23725.400390625
EleutherAI/pythia-14m,128,step128,14067712,6,4,5,4,3,0.011910787783563137,0.0,23725.400390625
EleutherAI/pythia-14m,128,step128,14067712,6,4,5,5,0,0.015404033474624157,0.0,23725.400390625
EleutherAI/pythia-14m,128,step128,14067712,6,4,5,5,1,0.015411807224154472,0.0,23725.400390625
EleutherAI/pythia-14m,128,step128,14067712,6,4,5,5,2,0.013291578739881516,0.0,23725.400390625
EleutherAI/pythia-14m,128,step128,14067712,6,4,5,5,3,0.014998236671090126,0.0,23725.400390625
EleutherAI/pythia-14m,128,step128,14067712,6,4,6,0,0,0.01313421968370676,0.0,25931.19921875
EleutherAI/pythia-14m,128,step128,14067712,6,4,6,0,1,0.013177850283682346,0.0,25931.19921875
EleutherAI/pythia-14m,128,step128,14067712,6,4,6,0,2,0.014591068960726261,0.0,25931.19921875
EleutherAI/pythia-14m,128,step128,14067712,6,4,6,0,3,0.01384745817631483,0.0,25931.19921875
EleutherAI/pythia-14m,128,step128,14067712,6,4,6,1,0,0.012916198000311852,0.0,25931.19921875
EleutherAI/pythia-14m,128,step128,14067712,6,4,6,1,1,0.014354965649545193,0.0,25931.19921875
EleutherAI/pythia-14m,128,step128,14067712,6,4,6,1,2,0.013312115333974361,0.0,25931.19921875
EleutherAI/pythia-14m,128,step128,14067712,6,4,6,1,3,0.012173742987215519,0.0,25931.19921875
EleutherAI/pythia-14m,128,step128,14067712,6,4,6,2,0,0.013236628845334053,0.0,25931.19921875
EleutherAI/pythia-14m,128,step128,14067712,6,4,6,2,1,0.011453160084784031,0.0,25931.19921875
EleutherAI/pythia-14m,128,step128,14067712,6,4,6,2,2,0.013105673715472221,0.0,25931.19921875
EleutherAI/pythia-14m,128,step128,14067712,6,4,6,2,3,0.01305379718542099,0.0,25931.19921875
EleutherAI/pythia-14m,128,step128,14067712,6,4,6,3,0,0.013459800742566586,0.0,25931.19921875
EleutherAI/pythia-14m,128,step128,14067712,6,4,6,3,1,0.013402602635324001,0.0,25931.19921875
EleutherAI/pythia-14m,128,step128,14067712,6,4,6,3,2,0.01602894999086857,0.0,25931.19921875
EleutherAI/pythia-14m,128,step128,14067712,6,4,6,3,3,0.014262652024626732,0.0,25931.19921875
EleutherAI/pythia-14m,128,step128,14067712,6,4,6,4,0,0.01294443104416132,0.0,25931.19921875
EleutherAI/pythia-14m,128,step128,14067712,6,4,6,4,1,0.008835003711283207,0.0,25931.19921875
EleutherAI/pythia-14m,128,step128,14067712,6,4,6,4,2,0.011509349569678307,0.0,25931.19921875
EleutherAI/pythia-14m,128,step128,14067712,6,4,6,4,3,0.012762739323079586,0.0,25931.19921875
EleutherAI/pythia-14m,128,step128,14067712,6,4,6,5,0,0.014715292491018772,0.0,25931.19921875
EleutherAI/pythia-14m,128,step128,14067712,6,4,6,5,1,0.015649354085326195,0.0,25931.19921875
EleutherAI/pythia-14m,128,step128,14067712,6,4,6,5,2,0.013263566419482231,0.0,25931.19921875
EleutherAI/pythia-14m,128,step128,14067712,6,4,6,5,3,0.01481243409216404,0.0,25931.19921875
EleutherAI/pythia-14m,128,step128,14067712,6,4,7,0,0,0.01342042163014412,0.0,25944.859375
EleutherAI/pythia-14m,128,step128,14067712,6,4,7,0,1,0.014566776342689991,0.0,25944.859375
EleutherAI/pythia-14m,128,step128,14067712,6,4,7,0,2,0.013627387583255768,0.0,25944.859375
EleutherAI/pythia-14m,128,step128,14067712,6,4,7,0,3,0.014083006419241428,0.0,25944.859375
EleutherAI/pythia-14m,128,step128,14067712,6,4,7,1,0,0.01423860527575016,0.0,25944.859375
EleutherAI/pythia-14m,128,step128,14067712,6,4,7,1,1,0.013828316703438759,0.0,25944.859375
EleutherAI/pythia-14m,128,step128,14067712,6,4,7,1,2,0.012417354620993137,0.0,25944.859375
EleutherAI/pythia-14m,128,step128,14067712,6,4,7,1,3,0.013554666191339493,0.0,25944.859375
EleutherAI/pythia-14m,128,step128,14067712,6,4,7,2,0,0.012724489904940128,0.0,25944.859375
EleutherAI/pythia-14m,128,step128,14067712,6,4,7,2,1,0.01059167180210352,0.0,25944.859375
EleutherAI/pythia-14m,128,step128,14067712,6,4,7,2,2,0.01404666993767023,0.0,25944.859375
EleutherAI/pythia-14m,128,step128,14067712,6,4,7,2,3,0.011461382731795311,0.0,25944.859375
EleutherAI/pythia-14m,128,step128,14067712,6,4,7,3,0,0.013148498721420765,0.0,25944.859375
EleutherAI/pythia-14m,128,step128,14067712,6,4,7,3,1,0.013791200704872608,0.0,25944.859375
EleutherAI/pythia-14m,128,step128,14067712,6,4,7,3,2,0.015590334311127663,0.0,25944.859375
EleutherAI/pythia-14m,128,step128,14067712,6,4,7,3,3,0.015378785319626331,0.0,25944.859375
EleutherAI/pythia-14m,128,step128,14067712,6,4,7,4,0,0.012869708240032196,0.0,25944.859375
EleutherAI/pythia-14m,128,step128,14067712,6,4,7,4,1,0.0096451910212636,0.0,25944.859375
EleutherAI/pythia-14m,128,step128,14067712,6,4,7,4,2,0.01071865763515234,0.0,25944.859375
EleutherAI/pythia-14m,128,step128,14067712,6,4,7,4,3,0.012208541855216026,0.0,25944.859375
EleutherAI/pythia-14m,128,step128,14067712,6,4,7,5,0,0.015379242599010468,0.0,25944.859375
EleutherAI/pythia-14m,128,step128,14067712,6,4,7,5,1,0.015466907061636448,0.0,25944.859375
EleutherAI/pythia-14m,128,step128,14067712,6,4,7,5,2,0.012679514475166798,0.0,25944.859375
EleutherAI/pythia-14m,128,step128,14067712,6,4,7,5,3,0.01454643253237009,0.0,25944.859375
EleutherAI/pythia-14m,128,step128,14067712,6,4,8,0,0,0.014280054718255997,0.0,26861.759765625
EleutherAI/pythia-14m,128,step128,14067712,6,4,8,0,1,0.014406535774469376,0.0,26861.759765625
EleutherAI/pythia-14m,128,step128,14067712,6,4,8,0,2,0.014853413216769695,0.0,26861.759765625
EleutherAI/pythia-14m,128,step128,14067712,6,4,8,0,3,0.014673786237835884,0.0,26861.759765625
EleutherAI/pythia-14m,128,step128,14067712,6,4,8,1,0,0.014174452051520348,0.0,26861.759765625
EleutherAI/pythia-14m,128,step128,14067712,6,4,8,1,1,0.01296700444072485,0.0,26861.759765625
EleutherAI/pythia-14m,128,step128,14067712,6,4,8,1,2,0.012069168500602245,0.0,26861.759765625
EleutherAI/pythia-14m,128,step128,14067712,6,4,8,1,3,0.012116694822907448,0.0,26861.759765625
EleutherAI/pythia-14m,128,step128,14067712,6,4,8,2,0,0.013506290502846241,0.0,26861.759765625
EleutherAI/pythia-14m,128,step128,14067712,6,4,8,2,1,0.011353972367942333,0.0,26861.759765625
EleutherAI/pythia-14m,128,step128,14067712,6,4,8,2,2,0.013119637966156006,0.0,26861.759765625
EleutherAI/pythia-14m,128,step128,14067712,6,4,8,2,3,0.013090338557958603,0.0,26861.759765625
EleutherAI/pythia-14m,128,step128,14067712,6,4,8,3,0,0.012185138650238514,0.0,26861.759765625
EleutherAI/pythia-14m,128,step128,14067712,6,4,8,3,1,0.013619460165500641,0.0,26861.759765625
EleutherAI/pythia-14m,128,step128,14067712,6,4,8,3,2,0.0164536964148283,0.0,26861.759765625
EleutherAI/pythia-14m,128,step128,14067712,6,4,8,3,3,0.014467859640717506,0.0,26861.759765625
EleutherAI/pythia-14m,128,step128,14067712,6,4,8,4,0,0.014317917637526989,0.0,26861.759765625
EleutherAI/pythia-14m,128,step128,14067712,6,4,8,4,1,0.00857399869710207,0.0,26861.759765625
EleutherAI/pythia-14m,128,step128,14067712,6,4,8,4,2,0.010748134925961494,0.0,26861.759765625
EleutherAI/pythia-14m,128,step128,14067712,6,4,8,4,3,0.012169194407761097,0.0,26861.759765625
EleutherAI/pythia-14m,128,step128,14067712,6,4,8,5,0,0.015185017138719559,0.0,26861.759765625
EleutherAI/pythia-14m,128,step128,14067712,6,4,8,5,1,0.015525002032518387,0.0,26861.759765625
EleutherAI/pythia-14m,128,step128,14067712,6,4,8,5,2,0.013720686547458172,0.0,26861.759765625
EleutherAI/pythia-14m,128,step128,14067712,6,4,8,5,3,0.014284679666161537,0.0,26861.759765625
EleutherAI/pythia-14m,128,step128,14067712,6,4,9,0,0,0.014960377477109432,0.0,22718.48046875
EleutherAI/pythia-14m,128,step128,14067712,6,4,9,0,1,0.014038235880434513,0.0,22718.48046875
EleutherAI/pythia-14m,128,step128,14067712,6,4,9,0,2,0.014117037877440453,0.0,22718.48046875
EleutherAI/pythia-14m,128,step128,14067712,6,4,9,0,3,0.012884087860584259,0.0,22718.48046875
EleutherAI/pythia-14m,128,step128,14067712,6,4,9,1,0,0.014879915863275528,0.0,22718.48046875
EleutherAI/pythia-14m,128,step128,14067712,6,4,9,1,1,0.016024090349674225,0.0,22718.48046875
EleutherAI/pythia-14m,128,step128,14067712,6,4,9,1,2,0.012688620015978813,0.0,22718.48046875
EleutherAI/pythia-14m,128,step128,14067712,6,4,9,1,3,0.013547493144869804,0.0,22718.48046875
EleutherAI/pythia-14m,128,step128,14067712,6,4,9,2,0,0.012832071632146835,0.0,22718.48046875
EleutherAI/pythia-14m,128,step128,14067712,6,4,9,2,1,0.011562141589820385,0.0,22718.48046875
EleutherAI/pythia-14m,128,step128,14067712,6,4,9,2,2,0.013146915473043919,0.0,22718.48046875
EleutherAI/pythia-14m,128,step128,14067712,6,4,9,2,3,0.012787737883627415,0.0,22718.48046875
EleutherAI/pythia-14m,128,step128,14067712,6,4,9,3,0,0.012823126278817654,0.0,22718.48046875
EleutherAI/pythia-14m,128,step128,14067712,6,4,9,3,1,0.01351814717054367,0.0,22718.48046875
EleutherAI/pythia-14m,128,step128,14067712,6,4,9,3,2,0.0157743189483881,0.0,22718.48046875
EleutherAI/pythia-14m,128,step128,14067712,6,4,9,3,3,0.015251152217388153,0.0,22718.48046875
EleutherAI/pythia-14m,128,step128,14067712,6,4,9,4,0,0.012698689475655556,0.0,22718.48046875
EleutherAI/pythia-14m,128,step128,14067712,6,4,9,4,1,0.00937561597675085,0.0,22718.48046875
EleutherAI/pythia-14m,128,step128,14067712,6,4,9,4,2,0.01063715573400259,0.0,22718.48046875
EleutherAI/pythia-14m,128,step128,14067712,6,4,9,4,3,0.01232493482530117,0.0,22718.48046875
EleutherAI/pythia-14m,128,step128,14067712,6,4,9,5,0,0.015126202255487442,0.0,22718.48046875
EleutherAI/pythia-14m,128,step128,14067712,6,4,9,5,1,0.015428603626787663,0.0,22718.48046875
EleutherAI/pythia-14m,128,step128,14067712,6,4,9,5,2,0.012314382009208202,0.0,22718.48046875
EleutherAI/pythia-14m,128,step128,14067712,6,4,9,5,3,0.015886005014181137,0.0,22718.48046875
EleutherAI/pythia-14m,128,step128,14067712,6,4,10,0,0,0.01201894786208868,0.0,26186.279296875
EleutherAI/pythia-14m,128,step128,14067712,6,4,10,0,1,0.013189432211220264,0.0,26186.279296875
EleutherAI/pythia-14m,128,step128,14067712,6,4,10,0,2,0.014702332206070423,0.0,26186.279296875
EleutherAI/pythia-14m,128,step128,14067712,6,4,10,0,3,0.013682091608643532,0.0,26186.279296875
EleutherAI/pythia-14m,128,step128,14067712,6,4,10,1,0,0.013285355642437935,0.0,26186.279296875
EleutherAI/pythia-14m,128,step128,14067712,6,4,10,1,1,0.013532102108001709,0.0,26186.279296875
EleutherAI/pythia-14m,128,step128,14067712,6,4,10,1,2,0.012486040592193604,0.0,26186.279296875
EleutherAI/pythia-14m,128,step128,14067712,6,4,10,1,3,0.013057752512395382,0.0,26186.279296875
EleutherAI/pythia-14m,128,step128,14067712,6,4,10,2,0,0.013358812779188156,0.0,26186.279296875
EleutherAI/pythia-14m,128,step128,14067712,6,4,10,2,1,0.011802527122199535,0.0,26186.279296875
EleutherAI/pythia-14m,128,step128,14067712,6,4,10,2,2,0.014480129815638065,0.0,26186.279296875
EleutherAI/pythia-14m,128,step128,14067712,6,4,10,2,3,0.012381591834127903,0.0,26186.279296875
EleutherAI/pythia-14m,128,step128,14067712,6,4,10,3,0,0.012980539351701736,0.0,26186.279296875
EleutherAI/pythia-14m,128,step128,14067712,6,4,10,3,1,0.012976868078112602,0.0,26186.279296875
EleutherAI/pythia-14m,128,step128,14067712,6,4,10,3,2,0.016635747626423836,0.0,26186.279296875
EleutherAI/pythia-14m,128,step128,14067712,6,4,10,3,3,0.014918162487447262,0.0,26186.279296875
EleutherAI/pythia-14m,128,step128,14067712,6,4,10,4,0,0.013302965089678764,0.0,26186.279296875
EleutherAI/pythia-14m,128,step128,14067712,6,4,10,4,1,0.009120733477175236,0.0,26186.279296875
EleutherAI/pythia-14m,128,step128,14067712,6,4,10,4,2,0.010837405920028687,0.0,26186.279296875
EleutherAI/pythia-14m,128,step128,14067712,6,4,10,4,3,0.012172597460448742,0.0,26186.279296875
EleutherAI/pythia-14m,128,step128,14067712,6,4,10,5,0,0.014760751277208328,0.0,26186.279296875
EleutherAI/pythia-14m,128,step128,14067712,6,4,10,5,1,0.016014963388442993,0.0,26186.279296875
EleutherAI/pythia-14m,128,step128,14067712,6,4,10,5,2,0.013412444852292538,0.0,26186.279296875
EleutherAI/pythia-14m,128,step128,14067712,6,4,10,5,3,0.015005821362137794,0.0,26186.279296875
EleutherAI/pythia-14m,128,step128,14067712,6,4,11,0,0,0.013811749406158924,0.0,29236.48046875
EleutherAI/pythia-14m,128,step128,14067712,6,4,11,0,1,0.015640221536159515,0.0,29236.48046875
EleutherAI/pythia-14m,128,step128,14067712,6,4,11,0,2,0.013886145316064358,0.0,29236.48046875
EleutherAI/pythia-14m,128,step128,14067712,6,4,11,0,3,0.014806734398007393,0.0,29236.48046875
EleutherAI/pythia-14m,128,step128,14067712,6,4,11,1,0,0.015049121342599392,0.0,29236.48046875
EleutherAI/pythia-14m,128,step128,14067712,6,4,11,1,1,0.013219761662185192,0.0,29236.48046875
EleutherAI/pythia-14m,128,step128,14067712,6,4,11,1,2,0.013644530437886715,0.0,29236.48046875
EleutherAI/pythia-14m,128,step128,14067712,6,4,11,1,3,0.013976957648992538,0.0,29236.48046875
EleutherAI/pythia-14m,128,step128,14067712,6,4,11,2,0,0.012886450625956059,0.0,29236.48046875
EleutherAI/pythia-14m,128,step128,14067712,6,4,11,2,1,0.011073078028857708,0.0,29236.48046875
EleutherAI/pythia-14m,128,step128,14067712,6,4,11,2,2,0.013638926669955254,0.0,29236.48046875
EleutherAI/pythia-14m,128,step128,14067712,6,4,11,2,3,0.013257176615297794,0.0,29236.48046875
EleutherAI/pythia-14m,128,step128,14067712,6,4,11,3,0,0.013343948870897293,0.0,29236.48046875
EleutherAI/pythia-14m,128,step128,14067712,6,4,11,3,1,0.012837572023272514,0.0,29236.48046875
EleutherAI/pythia-14m,128,step128,14067712,6,4,11,3,2,0.016365235671401024,0.0,29236.48046875
EleutherAI/pythia-14m,128,step128,14067712,6,4,11,3,3,0.014686476439237595,0.0,29236.48046875
EleutherAI/pythia-14m,128,step128,14067712,6,4,11,4,0,0.01389114186167717,0.0,29236.48046875
EleutherAI/pythia-14m,128,step128,14067712,6,4,11,4,1,0.008618245832622051,0.0,29236.48046875
EleutherAI/pythia-14m,128,step128,14067712,6,4,11,4,2,0.01018522959202528,0.0,29236.48046875
EleutherAI/pythia-14m,128,step128,14067712,6,4,11,4,3,0.011544805951416492,0.0,29236.48046875
EleutherAI/pythia-14m,128,step128,14067712,6,4,11,5,0,0.014908883720636368,0.0,29236.48046875
EleutherAI/pythia-14m,128,step128,14067712,6,4,11,5,1,0.015580504201352596,0.0,29236.48046875
EleutherAI/pythia-14m,128,step128,14067712,6,4,11,5,2,0.01352748367935419,0.0,29236.48046875
EleutherAI/pythia-14m,128,step128,14067712,6,4,11,5,3,0.014457003213465214,0.0,29236.48046875
EleutherAI/pythia-14m,128,step128,14067712,6,4,12,0,0,0.01502908580005169,0.0,23800.0
EleutherAI/pythia-14m,128,step128,14067712,6,4,12,0,1,0.012227695435285568,0.0,23800.0
EleutherAI/pythia-14m,128,step128,14067712,6,4,12,0,2,0.013343298807740211,0.0,23800.0
EleutherAI/pythia-14m,128,step128,14067712,6,4,12,0,3,0.012692434713244438,0.0,23800.0
EleutherAI/pythia-14m,128,step128,14067712,6,4,12,1,0,0.01391488779336214,0.0,23800.0
EleutherAI/pythia-14m,128,step128,14067712,6,4,12,1,1,0.014004399999976158,0.0,23800.0
EleutherAI/pythia-14m,128,step128,14067712,6,4,12,1,2,0.013557281345129013,0.0,23800.0
EleutherAI/pythia-14m,128,step128,14067712,6,4,12,1,3,0.013211545534431934,0.0,23800.0
EleutherAI/pythia-14m,128,step128,14067712,6,4,12,2,0,0.01225237175822258,0.0,23800.0
EleutherAI/pythia-14m,128,step128,14067712,6,4,12,2,1,0.011220565065741539,0.0,23800.0
EleutherAI/pythia-14m,128,step128,14067712,6,4,12,2,2,0.013235867954790592,0.0,23800.0
EleutherAI/pythia-14m,128,step128,14067712,6,4,12,2,3,0.013731565326452255,0.0,23800.0
EleutherAI/pythia-14m,128,step128,14067712,6,4,12,3,0,0.013126871548593044,0.0,23800.0
EleutherAI/pythia-14m,128,step128,14067712,6,4,12,3,1,0.014180629514157772,0.0,23800.0
EleutherAI/pythia-14m,128,step128,14067712,6,4,12,3,2,0.014990322291851044,0.0,23800.0
EleutherAI/pythia-14m,128,step128,14067712,6,4,12,3,3,0.01407529041171074,0.0,23800.0
EleutherAI/pythia-14m,128,step128,14067712,6,4,12,4,0,0.013800191693007946,0.0,23800.0
EleutherAI/pythia-14m,128,step128,14067712,6,4,12,4,1,0.008598608896136284,0.0,23800.0
EleutherAI/pythia-14m,128,step128,14067712,6,4,12,4,2,0.009640813805162907,0.0,23800.0
EleutherAI/pythia-14m,128,step128,14067712,6,4,12,4,3,0.011808100156486034,0.0,23800.0
EleutherAI/pythia-14m,128,step128,14067712,6,4,12,5,0,0.014798607677221298,0.0,23800.0
EleutherAI/pythia-14m,128,step128,14067712,6,4,12,5,1,0.01626330055296421,0.0,23800.0
EleutherAI/pythia-14m,128,step128,14067712,6,4,12,5,2,0.013464105315506458,0.0,23800.0
EleutherAI/pythia-14m,128,step128,14067712,6,4,12,5,3,0.014844274148344994,0.0,23800.0
EleutherAI/pythia-14m,128,step128,14067712,6,4,13,0,0,0.014886927790939808,0.0,27027.01953125
EleutherAI/pythia-14m,128,step128,14067712,6,4,13,0,1,0.015271881595253944,0.0,27027.01953125
EleutherAI/pythia-14m,128,step128,14067712,6,4,13,0,2,0.015268207527697086,0.0,27027.01953125
EleutherAI/pythia-14m,128,step128,14067712,6,4,13,0,3,0.015758924186229706,0.0,27027.01953125
EleutherAI/pythia-14m,128,step128,14067712,6,4,13,1,0,0.013796253129839897,0.0,27027.01953125
EleutherAI/pythia-14m,128,step128,14067712,6,4,13,1,1,0.013675937429070473,0.0,27027.01953125
EleutherAI/pythia-14m,128,step128,14067712,6,4,13,1,2,0.012112650088965893,0.0,27027.01953125
EleutherAI/pythia-14m,128,step128,14067712,6,4,13,1,3,0.013773945160210133,0.0,27027.01953125
EleutherAI/pythia-14m,128,step128,14067712,6,4,13,2,0,0.01313337218016386,0.0,27027.01953125
EleutherAI/pythia-14m,128,step128,14067712,6,4,13,2,1,0.010172742418944836,0.0,27027.01953125
EleutherAI/pythia-14m,128,step128,14067712,6,4,13,2,2,0.01352319959551096,0.0,27027.01953125
EleutherAI/pythia-14m,128,step128,14067712,6,4,13,2,3,0.012360679917037487,0.0,27027.01953125
EleutherAI/pythia-14m,128,step128,14067712,6,4,13,3,0,0.012973839417099953,0.0,27027.01953125
EleutherAI/pythia-14m,128,step128,14067712,6,4,13,3,1,0.014029703103005886,0.0,27027.01953125
EleutherAI/pythia-14m,128,step128,14067712,6,4,13,3,2,0.016300933435559273,0.0,27027.01953125
EleutherAI/pythia-14m,128,step128,14067712,6,4,13,3,3,0.013595356605947018,0.0,27027.01953125
EleutherAI/pythia-14m,128,step128,14067712,6,4,13,4,0,0.013538151048123837,0.0,27027.01953125
EleutherAI/pythia-14m,128,step128,14067712,6,4,13,4,1,0.008691924624145031,0.0,27027.01953125
EleutherAI/pythia-14m,128,step128,14067712,6,4,13,4,2,0.010245611891150475,0.0,27027.01953125
EleutherAI/pythia-14m,128,step128,14067712,6,4,13,4,3,0.012421820312738419,0.0,27027.01953125
EleutherAI/pythia-14m,128,step128,14067712,6,4,13,5,0,0.014717540703713894,0.0,27027.01953125
EleutherAI/pythia-14m,128,step128,14067712,6,4,13,5,1,0.015189604833722115,0.0,27027.01953125
EleutherAI/pythia-14m,128,step128,14067712,6,4,13,5,2,0.013456208631396294,0.0,27027.01953125
EleutherAI/pythia-14m,128,step128,14067712,6,4,13,5,3,0.014512259513139725,0.0,27027.01953125
EleutherAI/pythia-14m,128,step128,14067712,6,4,14,0,0,0.014325793832540512,0.0,22554.580078125
EleutherAI/pythia-14m,128,step128,14067712,6,4,14,0,1,0.011978625319898129,0.0,22554.580078125
EleutherAI/pythia-14m,128,step128,14067712,6,4,14,0,2,0.014057035557925701,0.0,22554.580078125
EleutherAI/pythia-14m,128,step128,14067712,6,4,14,0,3,0.013709363527595997,0.0,22554.580078125
EleutherAI/pythia-14m,128,step128,14067712,6,4,14,1,0,0.013324384577572346,0.0,22554.580078125
EleutherAI/pythia-14m,128,step128,14067712,6,4,14,1,1,0.01293606124818325,0.0,22554.580078125
EleutherAI/pythia-14m,128,step128,14067712,6,4,14,1,2,0.012746653519570827,0.0,22554.580078125
EleutherAI/pythia-14m,128,step128,14067712,6,4,14,1,3,0.013607761822640896,0.0,22554.580078125
EleutherAI/pythia-14m,128,step128,14067712,6,4,14,2,0,0.012494024820625782,0.0,22554.580078125
EleutherAI/pythia-14m,128,step128,14067712,6,4,14,2,1,0.011270790360867977,0.0,22554.580078125
EleutherAI/pythia-14m,128,step128,14067712,6,4,14,2,2,0.013610034249722958,0.0,22554.580078125
EleutherAI/pythia-14m,128,step128,14067712,6,4,14,2,3,0.013761398382484913,0.0,22554.580078125
EleutherAI/pythia-14m,128,step128,14067712,6,4,14,3,0,0.013059181161224842,0.0,22554.580078125
EleutherAI/pythia-14m,128,step128,14067712,6,4,14,3,1,0.013177063316106796,0.0,22554.580078125
EleutherAI/pythia-14m,128,step128,14067712,6,4,14,3,2,0.015013779513537884,0.0,22554.580078125
EleutherAI/pythia-14m,128,step128,14067712,6,4,14,3,3,0.014186140149831772,0.0,22554.580078125
EleutherAI/pythia-14m,128,step128,14067712,6,4,14,4,0,0.013373970054090023,0.0,22554.580078125
EleutherAI/pythia-14m,128,step128,14067712,6,4,14,4,1,0.008234044536948204,0.0,22554.580078125
EleutherAI/pythia-14m,128,step128,14067712,6,4,14,4,2,0.00953780859708786,0.0,22554.580078125
EleutherAI/pythia-14m,128,step128,14067712,6,4,14,4,3,0.012026681564748287,0.0,22554.580078125
EleutherAI/pythia-14m,128,step128,14067712,6,4,14,5,0,0.015127484686672688,0.0,22554.580078125
EleutherAI/pythia-14m,128,step128,14067712,6,4,14,5,1,0.01622401364147663,0.0,22554.580078125
EleutherAI/pythia-14m,128,step128,14067712,6,4,14,5,2,0.013315536081790924,0.0,22554.580078125
EleutherAI/pythia-14m,128,step128,14067712,6,4,14,5,3,0.014760498888790607,0.0,22554.580078125
EleutherAI/pythia-14m,128,step128,14067712,6,4,15,0,0,0.014852721244096756,0.0,21188.060546875
EleutherAI/pythia-14m,128,step128,14067712,6,4,15,0,1,0.01360168308019638,0.0,21188.060546875
EleutherAI/pythia-14m,128,step128,14067712,6,4,15,0,2,0.012685103341937065,0.0,21188.060546875
EleutherAI/pythia-14m,128,step128,14067712,6,4,15,0,3,0.013369972817599773,0.0,21188.060546875
EleutherAI/pythia-14m,128,step128,14067712,6,4,15,1,0,0.013133005239069462,0.0,21188.060546875
EleutherAI/pythia-14m,128,step128,14067712,6,4,15,1,1,0.013253321871161461,0.0,21188.060546875
EleutherAI/pythia-14m,128,step128,14067712,6,4,15,1,2,0.013591631315648556,0.0,21188.060546875
EleutherAI/pythia-14m,128,step128,14067712,6,4,15,1,3,0.012407409958541393,0.0,21188.060546875
EleutherAI/pythia-14m,128,step128,14067712,6,4,15,2,0,0.013195022009313107,0.0,21188.060546875
EleutherAI/pythia-14m,128,step128,14067712,6,4,15,2,1,0.010328691452741623,0.0,21188.060546875
EleutherAI/pythia-14m,128,step128,14067712,6,4,15,2,2,0.013753154315054417,0.0,21188.060546875
EleutherAI/pythia-14m,128,step128,14067712,6,4,15,2,3,0.011557028628885746,0.0,21188.060546875
EleutherAI/pythia-14m,128,step128,14067712,6,4,15,3,0,0.013085944578051567,0.0,21188.060546875
EleutherAI/pythia-14m,128,step128,14067712,6,4,15,3,1,0.014276156201958656,0.0,21188.060546875
EleutherAI/pythia-14m,128,step128,14067712,6,4,15,3,2,0.01625610888004303,0.0,21188.060546875
EleutherAI/pythia-14m,128,step128,14067712,6,4,15,3,3,0.014830521307885647,0.0,21188.060546875
EleutherAI/pythia-14m,128,step128,14067712,6,4,15,4,0,0.01390321645885706,0.0,21188.060546875
EleutherAI/pythia-14m,128,step128,14067712,6,4,15,4,1,0.009203573688864708,0.0,21188.060546875
EleutherAI/pythia-14m,128,step128,14067712,6,4,15,4,2,0.010731320828199387,0.0,21188.060546875
EleutherAI/pythia-14m,128,step128,14067712,6,4,15,4,3,0.012070736847817898,0.0,21188.060546875
EleutherAI/pythia-14m,128,step128,14067712,6,4,15,5,0,0.014720368199050426,0.0,21188.060546875
EleutherAI/pythia-14m,128,step128,14067712,6,4,15,5,1,0.015383414924144745,0.0,21188.060546875
EleutherAI/pythia-14m,128,step128,14067712,6,4,15,5,2,0.013183465227484703,0.0,21188.060546875
EleutherAI/pythia-14m,128,step128,14067712,6,4,15,5,3,0.0148163465783,0.0,21188.060546875
EleutherAI/pythia-14m,128,step128,14067712,6,4,16,0,0,0.013169321231544018,0.0,23931.060546875
EleutherAI/pythia-14m,128,step128,14067712,6,4,16,0,1,0.012798242270946503,0.0,23931.060546875
EleutherAI/pythia-14m,128,step128,14067712,6,4,16,0,2,0.014909292571246624,0.0,23931.060546875
EleutherAI/pythia-14m,128,step128,14067712,6,4,16,0,3,0.014856350608170033,0.0,23931.060546875
EleutherAI/pythia-14m,128,step128,14067712,6,4,16,1,0,0.013804545626044273,0.0,23931.060546875
EleutherAI/pythia-14m,128,step128,14067712,6,4,16,1,1,0.014240754768252373,0.0,23931.060546875
EleutherAI/pythia-14m,128,step128,14067712,6,4,16,1,2,0.013143394142389297,0.0,23931.060546875
EleutherAI/pythia-14m,128,step128,14067712,6,4,16,1,3,0.013338220305740833,0.0,23931.060546875
EleutherAI/pythia-14m,128,step128,14067712,6,4,16,2,0,0.013537917286157608,0.0,23931.060546875
EleutherAI/pythia-14m,128,step128,14067712,6,4,16,2,1,0.010643891990184784,0.0,23931.060546875
EleutherAI/pythia-14m,128,step128,14067712,6,4,16,2,2,0.01281933393329382,0.0,23931.060546875
EleutherAI/pythia-14m,128,step128,14067712,6,4,16,2,3,0.012965839356184006,0.0,23931.060546875
EleutherAI/pythia-14m,128,step128,14067712,6,4,16,3,0,0.01295282132923603,0.0,23931.060546875
EleutherAI/pythia-14m,128,step128,14067712,6,4,16,3,1,0.014014262706041336,0.0,23931.060546875
EleutherAI/pythia-14m,128,step128,14067712,6,4,16,3,2,0.016174782067537308,0.0,23931.060546875
EleutherAI/pythia-14m,128,step128,14067712,6,4,16,3,3,0.013504990376532078,0.0,23931.060546875
EleutherAI/pythia-14m,128,step128,14067712,6,4,16,4,0,0.01303139328956604,0.0,23931.060546875
EleutherAI/pythia-14m,128,step128,14067712,6,4,16,4,1,0.00866322498768568,0.0,23931.060546875
EleutherAI/pythia-14m,128,step128,14067712,6,4,16,4,2,0.010414037853479385,0.0,23931.060546875
EleutherAI/pythia-14m,128,step128,14067712,6,4,16,4,3,0.01286943070590496,0.0,23931.060546875
EleutherAI/pythia-14m,128,step128,14067712,6,4,16,5,0,0.014473957940936089,0.0,23931.060546875
EleutherAI/pythia-14m,128,step128,14067712,6,4,16,5,1,0.015794511884450912,0.0,23931.060546875
EleutherAI/pythia-14m,128,step128,14067712,6,4,16,5,2,0.013844161294400692,0.0,23931.060546875
EleutherAI/pythia-14m,128,step128,14067712,6,4,16,5,3,0.014149181544780731,0.0,23931.060546875
EleutherAI/pythia-14m,128,step128,14067712,6,4,17,0,0,0.013663935475051403,0.0,27189.939453125
EleutherAI/pythia-14m,128,step128,14067712,6,4,17,0,1,0.0139118991792202,0.0,27189.939453125
EleutherAI/pythia-14m,128,step128,14067712,6,4,17,0,2,0.014062060043215752,0.0,27189.939453125
EleutherAI/pythia-14m,128,step128,14067712,6,4,17,0,3,0.013144408352673054,0.0,27189.939453125
EleutherAI/pythia-14m,128,step128,14067712,6,4,17,1,0,0.012034506537020206,0.0,27189.939453125
EleutherAI/pythia-14m,128,step128,14067712,6,4,17,1,1,0.013371724635362625,0.0,27189.939453125
EleutherAI/pythia-14m,128,step128,14067712,6,4,17,1,2,0.014358879067003727,0.0,27189.939453125
EleutherAI/pythia-14m,128,step128,14067712,6,4,17,1,3,0.014824352227151394,0.0,27189.939453125
EleutherAI/pythia-14m,128,step128,14067712,6,4,17,2,0,0.012961231172084808,0.0,27189.939453125
EleutherAI/pythia-14m,128,step128,14067712,6,4,17,2,1,0.01150221936404705,0.0,27189.939453125
EleutherAI/pythia-14m,128,step128,14067712,6,4,17,2,2,0.014137829653918743,0.0,27189.939453125
EleutherAI/pythia-14m,128,step128,14067712,6,4,17,2,3,0.01354962307959795,0.0,27189.939453125
EleutherAI/pythia-14m,128,step128,14067712,6,4,17,3,0,0.0127241350710392,0.0,27189.939453125
EleutherAI/pythia-14m,128,step128,14067712,6,4,17,3,1,0.013983000069856644,0.0,27189.939453125
EleutherAI/pythia-14m,128,step128,14067712,6,4,17,3,2,0.016465215012431145,0.0,27189.939453125
EleutherAI/pythia-14m,128,step128,14067712,6,4,17,3,3,0.014611892402172089,0.0,27189.939453125
EleutherAI/pythia-14m,128,step128,14067712,6,4,17,4,0,0.013259253464639187,0.0,27189.939453125
EleutherAI/pythia-14m,128,step128,14067712,6,4,17,4,1,0.008414107374846935,0.0,27189.939453125
EleutherAI/pythia-14m,128,step128,14067712,6,4,17,4,2,0.011201925575733185,0.0,27189.939453125
EleutherAI/pythia-14m,128,step128,14067712,6,4,17,4,3,0.012101483531296253,0.0,27189.939453125
EleutherAI/pythia-14m,128,step128,14067712,6,4,17,5,0,0.015148228034377098,0.0,27189.939453125
EleutherAI/pythia-14m,128,step128,14067712,6,4,17,5,1,0.0152809489518404,0.0,27189.939453125
EleutherAI/pythia-14m,128,step128,14067712,6,4,17,5,2,0.013324225321412086,0.0,27189.939453125
EleutherAI/pythia-14m,128,step128,14067712,6,4,17,5,3,0.014762523584067822,0.0,27189.939453125
EleutherAI/pythia-14m,128,step128,14067712,6,4,18,0,0,0.01434258371591568,0.0,24109.259765625
EleutherAI/pythia-14m,128,step128,14067712,6,4,18,0,1,0.014144862070679665,0.0,24109.259765625
EleutherAI/pythia-14m,128,step128,14067712,6,4,18,0,2,0.014712803065776825,0.0,24109.259765625
EleutherAI/pythia-14m,128,step128,14067712,6,4,18,0,3,0.012555663473904133,0.0,24109.259765625
EleutherAI/pythia-14m,128,step128,14067712,6,4,18,1,0,0.013384278863668442,0.0,24109.259765625
EleutherAI/pythia-14m,128,step128,14067712,6,4,18,1,1,0.013054408133029938,0.0,24109.259765625
EleutherAI/pythia-14m,128,step128,14067712,6,4,18,1,2,0.012745959684252739,0.0,24109.259765625
EleutherAI/pythia-14m,128,step128,14067712,6,4,18,1,3,0.012464138679206371,0.0,24109.259765625
EleutherAI/pythia-14m,128,step128,14067712,6,4,18,2,0,0.013105073943734169,0.0,24109.259765625
EleutherAI/pythia-14m,128,step128,14067712,6,4,18,2,1,0.010539624840021133,0.0,24109.259765625
EleutherAI/pythia-14m,128,step128,14067712,6,4,18,2,2,0.013153351843357086,0.0,24109.259765625
EleutherAI/pythia-14m,128,step128,14067712,6,4,18,2,3,0.012933020479977131,0.0,24109.259765625
EleutherAI/pythia-14m,128,step128,14067712,6,4,18,3,0,0.013751229271292686,0.0,24109.259765625
EleutherAI/pythia-14m,128,step128,14067712,6,4,18,3,1,0.014060680754482746,0.0,24109.259765625
EleutherAI/pythia-14m,128,step128,14067712,6,4,18,3,2,0.016902906820178032,0.0,24109.259765625
EleutherAI/pythia-14m,128,step128,14067712,6,4,18,3,3,0.015260951593518257,0.0,24109.259765625
EleutherAI/pythia-14m,128,step128,14067712,6,4,18,4,0,0.014202539809048176,0.0,24109.259765625
EleutherAI/pythia-14m,128,step128,14067712,6,4,18,4,1,0.009307483211159706,0.0,24109.259765625
EleutherAI/pythia-14m,128,step128,14067712,6,4,18,4,2,0.010519631206989288,0.0,24109.259765625
EleutherAI/pythia-14m,128,step128,14067712,6,4,18,4,3,0.011825871653854847,0.0,24109.259765625
EleutherAI/pythia-14m,128,step128,14067712,6,4,18,5,0,0.014679265208542347,0.0,24109.259765625
EleutherAI/pythia-14m,128,step128,14067712,6,4,18,5,1,0.01564694009721279,0.0,24109.259765625
EleutherAI/pythia-14m,128,step128,14067712,6,4,18,5,2,0.013087541796267033,0.0,24109.259765625
EleutherAI/pythia-14m,128,step128,14067712,6,4,18,5,3,0.014657055959105492,0.0,24109.259765625
EleutherAI/pythia-14m,128,step128,14067712,6,4,19,0,0,0.014262544922530651,0.0,21845.01953125
EleutherAI/pythia-14m,128,step128,14067712,6,4,19,0,1,0.013725591823458672,0.0,21845.01953125
EleutherAI/pythia-14m,128,step128,14067712,6,4,19,0,2,0.01412906963378191,0.0,21845.01953125
EleutherAI/pythia-14m,128,step128,14067712,6,4,19,0,3,0.012711267918348312,0.0,21845.01953125
EleutherAI/pythia-14m,128,step128,14067712,6,4,19,1,0,0.013772751204669476,0.0,21845.01953125
EleutherAI/pythia-14m,128,step128,14067712,6,4,19,1,1,0.014137446880340576,0.0,21845.01953125
EleutherAI/pythia-14m,128,step128,14067712,6,4,19,1,2,0.012989085167646408,0.0,21845.01953125
EleutherAI/pythia-14m,128,step128,14067712,6,4,19,1,3,0.01234606746584177,0.0,21845.01953125
EleutherAI/pythia-14m,128,step128,14067712,6,4,19,2,0,0.013911562040448189,0.0,21845.01953125
EleutherAI/pythia-14m,128,step128,14067712,6,4,19,2,1,0.011240002699196339,0.0,21845.01953125
EleutherAI/pythia-14m,128,step128,14067712,6,4,19,2,2,0.014023887924849987,0.0,21845.01953125
EleutherAI/pythia-14m,128,step128,14067712,6,4,19,2,3,0.01278766430914402,0.0,21845.01953125
EleutherAI/pythia-14m,128,step128,14067712,6,4,19,3,0,0.012911703437566757,0.0,21845.01953125
EleutherAI/pythia-14m,128,step128,14067712,6,4,19,3,1,0.012721427716314793,0.0,21845.01953125
EleutherAI/pythia-14m,128,step128,14067712,6,4,19,3,2,0.016725607216358185,0.0,21845.01953125
EleutherAI/pythia-14m,128,step128,14067712,6,4,19,3,3,0.015016337856650352,0.0,21845.01953125
EleutherAI/pythia-14m,128,step128,14067712,6,4,19,4,0,0.01373787596821785,0.0,21845.01953125
EleutherAI/pythia-14m,128,step128,14067712,6,4,19,4,1,0.009000812657177448,0.0,21845.01953125
EleutherAI/pythia-14m,128,step128,14067712,6,4,19,4,2,0.01052634697407484,0.0,21845.01953125
EleutherAI/pythia-14m,128,step128,14067712,6,4,19,4,3,0.012127423658967018,0.0,21845.01953125
EleutherAI/pythia-14m,128,step128,14067712,6,4,19,5,0,0.014968246221542358,0.0,21845.01953125
EleutherAI/pythia-14m,128,step128,14067712,6,4,19,5,1,0.015328752808272839,0.0,21845.01953125
EleutherAI/pythia-14m,128,step128,14067712,6,4,19,5,2,0.013582773506641388,0.0,21845.01953125
EleutherAI/pythia-14m,128,step128,14067712,6,4,19,5,3,0.014529474079608917,0.0,21845.01953125
EleutherAI/pythia-14m,128,step128,14067712,6,4,20,0,0,0.01562877930700779,0.0,24928.099609375
EleutherAI/pythia-14m,128,step128,14067712,6,4,20,0,1,0.012208330444991589,0.0,24928.099609375
EleutherAI/pythia-14m,128,step128,14067712,6,4,20,0,2,0.01363640557974577,0.0,24928.099609375
EleutherAI/pythia-14m,128,step128,14067712,6,4,20,0,3,0.014167741872370243,0.0,24928.099609375
EleutherAI/pythia-14m,128,step128,14067712,6,4,20,1,0,0.013987167738378048,0.0,24928.099609375
EleutherAI/pythia-14m,128,step128,14067712,6,4,20,1,1,0.013357694260776043,0.0,24928.099609375
EleutherAI/pythia-14m,128,step128,14067712,6,4,20,1,2,0.012952540069818497,0.0,24928.099609375
EleutherAI/pythia-14m,128,step128,14067712,6,4,20,1,3,0.01207325141876936,0.0,24928.099609375
EleutherAI/pythia-14m,128,step128,14067712,6,4,20,2,0,0.014767356216907501,0.0,24928.099609375
EleutherAI/pythia-14m,128,step128,14067712,6,4,20,2,1,0.011105506680905819,0.0,24928.099609375
EleutherAI/pythia-14m,128,step128,14067712,6,4,20,2,2,0.013458256609737873,0.0,24928.099609375
EleutherAI/pythia-14m,128,step128,14067712,6,4,20,2,3,0.012583417817950249,0.0,24928.099609375
EleutherAI/pythia-14m,128,step128,14067712,6,4,20,3,0,0.012316597625613213,0.0,24928.099609375
EleutherAI/pythia-14m,128,step128,14067712,6,4,20,3,1,0.013139124028384686,0.0,24928.099609375
EleutherAI/pythia-14m,128,step128,14067712,6,4,20,3,2,0.015835780650377274,0.0,24928.099609375
EleutherAI/pythia-14m,128,step128,14067712,6,4,20,3,3,0.013121143914759159,0.0,24928.099609375
EleutherAI/pythia-14m,128,step128,14067712,6,4,20,4,0,0.014297655783593655,0.0,24928.099609375
EleutherAI/pythia-14m,128,step128,14067712,6,4,20,4,1,0.008261805400252342,0.0,24928.099609375
EleutherAI/pythia-14m,128,step128,14067712,6,4,20,4,2,0.009983377531170845,0.0,24928.099609375
EleutherAI/pythia-14m,128,step128,14067712,6,4,20,4,3,0.011627094820141792,0.0,24928.099609375
EleutherAI/pythia-14m,128,step128,14067712,6,4,20,5,0,0.01526414044201374,0.0,24928.099609375
EleutherAI/pythia-14m,128,step128,14067712,6,4,20,5,1,0.015963708981871605,0.0,24928.099609375
EleutherAI/pythia-14m,128,step128,14067712,6,4,20,5,2,0.01431404147297144,0.0,24928.099609375
EleutherAI/pythia-14m,128,step128,14067712,6,4,20,5,3,0.014727936126291752,0.0,24928.099609375
EleutherAI/pythia-14m,128,step128,14067712,6,4,21,0,0,0.013118982315063477,0.0,26212.359375
EleutherAI/pythia-14m,128,step128,14067712,6,4,21,0,1,0.015661833807826042,0.0,26212.359375
EleutherAI/pythia-14m,128,step128,14067712,6,4,21,0,2,0.01430279016494751,0.0,26212.359375
EleutherAI/pythia-14m,128,step128,14067712,6,4,21,0,3,0.0155023243278265,0.0,26212.359375
EleutherAI/pythia-14m,128,step128,14067712,6,4,21,1,0,0.01434408500790596,0.0,26212.359375
EleutherAI/pythia-14m,128,step128,14067712,6,4,21,1,1,0.013847128488123417,0.0,26212.359375
EleutherAI/pythia-14m,128,step128,14067712,6,4,21,1,2,0.012915818952023983,0.0,26212.359375
EleutherAI/pythia-14m,128,step128,14067712,6,4,21,1,3,0.01276177167892456,0.0,26212.359375
EleutherAI/pythia-14m,128,step128,14067712,6,4,21,2,0,0.01296108029782772,0.0,26212.359375
EleutherAI/pythia-14m,128,step128,14067712,6,4,21,2,1,0.011181678622961044,0.0,26212.359375
EleutherAI/pythia-14m,128,step128,14067712,6,4,21,2,2,0.013058941811323166,0.0,26212.359375
EleutherAI/pythia-14m,128,step128,14067712,6,4,21,2,3,0.013669946230947971,0.0,26212.359375
EleutherAI/pythia-14m,128,step128,14067712,6,4,21,3,0,0.013107948005199432,0.0,26212.359375
EleutherAI/pythia-14m,128,step128,14067712,6,4,21,3,1,0.014543149620294571,0.0,26212.359375
EleutherAI/pythia-14m,128,step128,14067712,6,4,21,3,2,0.016318505629897118,0.0,26212.359375
EleutherAI/pythia-14m,128,step128,14067712,6,4,21,3,3,0.013016393408179283,0.0,26212.359375
EleutherAI/pythia-14m,128,step128,14067712,6,4,21,4,0,0.012686009518802166,0.0,26212.359375
EleutherAI/pythia-14m,128,step128,14067712,6,4,21,4,1,0.008614462800323963,0.0,26212.359375
EleutherAI/pythia-14m,128,step128,14067712,6,4,21,4,2,0.01096729002892971,0.0,26212.359375
EleutherAI/pythia-14m,128,step128,14067712,6,4,21,4,3,0.012697357684373856,0.0,26212.359375
EleutherAI/pythia-14m,128,step128,14067712,6,4,21,5,0,0.014534719288349152,0.0,26212.359375
EleutherAI/pythia-14m,128,step128,14067712,6,4,21,5,1,0.015054059214890003,0.0,26212.359375
EleutherAI/pythia-14m,128,step128,14067712,6,4,21,5,2,0.014156916178762913,0.0,26212.359375
EleutherAI/pythia-14m,128,step128,14067712,6,4,21,5,3,0.014025390148162842,0.0,26212.359375
EleutherAI/pythia-14m,128,step128,14067712,6,4,22,0,0,0.013171808794140816,0.0,27031.119140625
EleutherAI/pythia-14m,128,step128,14067712,6,4,22,0,1,0.012804997153580189,0.0,27031.119140625
EleutherAI/pythia-14m,128,step128,14067712,6,4,22,0,2,0.013046596199274063,0.0,27031.119140625
EleutherAI/pythia-14m,128,step128,14067712,6,4,22,0,3,0.013215051963925362,0.0,27031.119140625
EleutherAI/pythia-14m,128,step128,14067712,6,4,22,1,0,0.013884617947041988,0.0,27031.119140625
EleutherAI/pythia-14m,128,step128,14067712,6,4,22,1,1,0.015511644072830677,0.0,27031.119140625
EleutherAI/pythia-14m,128,step128,14067712,6,4,22,1,2,0.012789001688361168,0.0,27031.119140625
EleutherAI/pythia-14m,128,step128,14067712,6,4,22,1,3,0.014616216532886028,0.0,27031.119140625
EleutherAI/pythia-14m,128,step128,14067712,6,4,22,2,0,0.012400630861520767,0.0,27031.119140625
EleutherAI/pythia-14m,128,step128,14067712,6,4,22,2,1,0.011747387237846851,0.0,27031.119140625
EleutherAI/pythia-14m,128,step128,14067712,6,4,22,2,2,0.01341888215392828,0.0,27031.119140625
EleutherAI/pythia-14m,128,step128,14067712,6,4,22,2,3,0.013559063896536827,0.0,27031.119140625
EleutherAI/pythia-14m,128,step128,14067712,6,4,22,3,0,0.013183125294744968,0.0,27031.119140625
EleutherAI/pythia-14m,128,step128,14067712,6,4,22,3,1,0.014052667655050755,0.0,27031.119140625
EleutherAI/pythia-14m,128,step128,14067712,6,4,22,3,2,0.017494728788733482,0.0,27031.119140625
EleutherAI/pythia-14m,128,step128,14067712,6,4,22,3,3,0.014399804174900055,0.0,27031.119140625
EleutherAI/pythia-14m,128,step128,14067712,6,4,22,4,0,0.01305488683283329,0.0,27031.119140625
EleutherAI/pythia-14m,128,step128,14067712,6,4,22,4,1,0.00886820163577795,0.0,27031.119140625
EleutherAI/pythia-14m,128,step128,14067712,6,4,22,4,2,0.010756061412394047,0.0,27031.119140625
EleutherAI/pythia-14m,128,step128,14067712,6,4,22,4,3,0.012499052099883556,0.0,27031.119140625
EleutherAI/pythia-14m,128,step128,14067712,6,4,22,5,0,0.0153487054631114,0.0,27031.119140625
EleutherAI/pythia-14m,128,step128,14067712,6,4,22,5,1,0.015244746580719948,0.0,27031.119140625
EleutherAI/pythia-14m,128,step128,14067712,6,4,22,5,2,0.013019807636737823,0.0,27031.119140625
EleutherAI/pythia-14m,128,step128,14067712,6,4,22,5,3,0.014703070744872093,0.0,27031.119140625
EleutherAI/pythia-14m,128,step128,14067712,6,4,23,0,0,0.01429964043200016,0.0,21604.9609375
EleutherAI/pythia-14m,128,step128,14067712,6,4,23,0,1,0.014892470091581345,0.0,21604.9609375
EleutherAI/pythia-14m,128,step128,14067712,6,4,23,0,2,0.014444280415773392,0.0,21604.9609375
EleutherAI/pythia-14m,128,step128,14067712,6,4,23,0,3,0.01315259002149105,0.0,21604.9609375
EleutherAI/pythia-14m,128,step128,14067712,6,4,23,1,0,0.013187914155423641,0.0,21604.9609375
EleutherAI/pythia-14m,128,step128,14067712,6,4,23,1,1,0.014797402545809746,0.0,21604.9609375
EleutherAI/pythia-14m,128,step128,14067712,6,4,23,1,2,0.013362865895032883,0.0,21604.9609375
EleutherAI/pythia-14m,128,step128,14067712,6,4,23,1,3,0.0144511628895998,0.0,21604.9609375
EleutherAI/pythia-14m,128,step128,14067712,6,4,23,2,0,0.014480159617960453,0.0,21604.9609375
EleutherAI/pythia-14m,128,step128,14067712,6,4,23,2,1,0.011771392077207565,0.0,21604.9609375
EleutherAI/pythia-14m,128,step128,14067712,6,4,23,2,2,0.013673183508217335,0.0,21604.9609375
EleutherAI/pythia-14m,128,step128,14067712,6,4,23,2,3,0.012591835111379623,0.0,21604.9609375
EleutherAI/pythia-14m,128,step128,14067712,6,4,23,3,0,0.012814636342227459,0.0,21604.9609375
EleutherAI/pythia-14m,128,step128,14067712,6,4,23,3,1,0.014941214583814144,0.0,21604.9609375
EleutherAI/pythia-14m,128,step128,14067712,6,4,23,3,2,0.016150886192917824,0.0,21604.9609375
EleutherAI/pythia-14m,128,step128,14067712,6,4,23,3,3,0.01402018778026104,0.0,21604.9609375
EleutherAI/pythia-14m,128,step128,14067712,6,4,23,4,0,0.012492730282247066,0.0,21604.9609375
EleutherAI/pythia-14m,128,step128,14067712,6,4,23,4,1,0.009567119181156158,0.0,21604.9609375
EleutherAI/pythia-14m,128,step128,14067712,6,4,23,4,2,0.010942595079541206,0.0,21604.9609375
EleutherAI/pythia-14m,128,step128,14067712,6,4,23,4,3,0.013312403112649918,0.0,21604.9609375
EleutherAI/pythia-14m,128,step128,14067712,6,4,23,5,0,0.014472034759819508,0.0,21604.9609375
EleutherAI/pythia-14m,128,step128,14067712,6,4,23,5,1,0.015027902089059353,0.0,21604.9609375
EleutherAI/pythia-14m,128,step128,14067712,6,4,23,5,2,0.012987637892365456,0.0,21604.9609375
EleutherAI/pythia-14m,128,step128,14067712,6,4,23,5,3,0.014453478157520294,0.0,21604.9609375
EleutherAI/pythia-14m,128,step128,14067712,6,4,24,0,0,0.013909961096942425,0.0,27120.599609375
EleutherAI/pythia-14m,128,step128,14067712,6,4,24,0,1,0.012869701720774174,0.0,27120.599609375
EleutherAI/pythia-14m,128,step128,14067712,6,4,24,0,2,0.014848880469799042,0.0,27120.599609375
EleutherAI/pythia-14m,128,step128,14067712,6,4,24,0,3,0.011969394981861115,0.0,27120.599609375
EleutherAI/pythia-14m,128,step128,14067712,6,4,24,1,0,0.013400797732174397,0.0,27120.599609375
EleutherAI/pythia-14m,128,step128,14067712,6,4,24,1,1,0.012944669462740421,0.0,27120.599609375
EleutherAI/pythia-14m,128,step128,14067712,6,4,24,1,2,0.012135718017816544,0.0,27120.599609375
EleutherAI/pythia-14m,128,step128,14067712,6,4,24,1,3,0.012652232311666012,0.0,27120.599609375
EleutherAI/pythia-14m,128,step128,14067712,6,4,24,2,0,0.0128034558147192,0.0,27120.599609375
EleutherAI/pythia-14m,128,step128,14067712,6,4,24,2,1,0.011465624906122684,0.0,27120.599609375
EleutherAI/pythia-14m,128,step128,14067712,6,4,24,2,2,0.013995330780744553,0.0,27120.599609375
EleutherAI/pythia-14m,128,step128,14067712,6,4,24,2,3,0.012849104590713978,0.0,27120.599609375
EleutherAI/pythia-14m,128,step128,14067712,6,4,24,3,0,0.013282938860356808,0.0,27120.599609375
EleutherAI/pythia-14m,128,step128,14067712,6,4,24,3,1,0.014781967736780643,0.0,27120.599609375
EleutherAI/pythia-14m,128,step128,14067712,6,4,24,3,2,0.015046510845422745,0.0,27120.599609375
EleutherAI/pythia-14m,128,step128,14067712,6,4,24,3,3,0.013726995326578617,0.0,27120.599609375
EleutherAI/pythia-14m,128,step128,14067712,6,4,24,4,0,0.012878942303359509,0.0,27120.599609375
EleutherAI/pythia-14m,128,step128,14067712,6,4,24,4,1,0.008524236269295216,0.0,27120.599609375
EleutherAI/pythia-14m,128,step128,14067712,6,4,24,4,2,0.011196902021765709,0.0,27120.599609375
EleutherAI/pythia-14m,128,step128,14067712,6,4,24,4,3,0.012203020974993706,0.0,27120.599609375
EleutherAI/pythia-14m,128,step128,14067712,6,4,24,5,0,0.014350148849189281,0.0,27120.599609375
EleutherAI/pythia-14m,128,step128,14067712,6,4,24,5,1,0.015627119690179825,0.0,27120.599609375
EleutherAI/pythia-14m,128,step128,14067712,6,4,24,5,2,0.013432072475552559,0.0,27120.599609375
EleutherAI/pythia-14m,128,step128,14067712,6,4,24,5,3,0.014644984155893326,0.0,27120.599609375
EleutherAI/pythia-14m,128,step128,14067712,6,4,25,0,0,0.014336228370666504,0.0,22484.779296875
EleutherAI/pythia-14m,128,step128,14067712,6,4,25,0,1,0.014529385603964329,0.0,22484.779296875
EleutherAI/pythia-14m,128,step128,14067712,6,4,25,0,2,0.013721363618969917,0.0,22484.779296875
EleutherAI/pythia-14m,128,step128,14067712,6,4,25,0,3,0.0137961246073246,0.0,22484.779296875
EleutherAI/pythia-14m,128,step128,14067712,6,4,25,1,0,0.013839883729815483,0.0,22484.779296875
EleutherAI/pythia-14m,128,step128,14067712,6,4,25,1,1,0.01444312371313572,0.0,22484.779296875
EleutherAI/pythia-14m,128,step128,14067712,6,4,25,1,2,0.013260765001177788,0.0,22484.779296875
EleutherAI/pythia-14m,128,step128,14067712,6,4,25,1,3,0.013258431106805801,0.0,22484.779296875
EleutherAI/pythia-14m,128,step128,14067712,6,4,25,2,0,0.012991683557629585,0.0,22484.779296875
EleutherAI/pythia-14m,128,step128,14067712,6,4,25,2,1,0.010713300667703152,0.0,22484.779296875
EleutherAI/pythia-14m,128,step128,14067712,6,4,25,2,2,0.014238345436751842,0.0,22484.779296875
EleutherAI/pythia-14m,128,step128,14067712,6,4,25,2,3,0.013406221754848957,0.0,22484.779296875
EleutherAI/pythia-14m,128,step128,14067712,6,4,25,3,0,0.012745935469865799,0.0,22484.779296875
EleutherAI/pythia-14m,128,step128,14067712,6,4,25,3,1,0.014963245019316673,0.0,22484.779296875
EleutherAI/pythia-14m,128,step128,14067712,6,4,25,3,2,0.016452936455607414,0.0,22484.779296875
EleutherAI/pythia-14m,128,step128,14067712,6,4,25,3,3,0.015121262520551682,0.0,22484.779296875
EleutherAI/pythia-14m,128,step128,14067712,6,4,25,4,0,0.013446789234876633,0.0,22484.779296875
EleutherAI/pythia-14m,128,step128,14067712,6,4,25,4,1,0.009298427030444145,0.0,22484.779296875
EleutherAI/pythia-14m,128,step128,14067712,6,4,25,4,2,0.011034008115530014,0.0,22484.779296875
EleutherAI/pythia-14m,128,step128,14067712,6,4,25,4,3,0.012304033152759075,0.0,22484.779296875
EleutherAI/pythia-14m,128,step128,14067712,6,4,25,5,0,0.01442029234021902,0.0,22484.779296875
EleutherAI/pythia-14m,128,step128,14067712,6,4,25,5,1,0.014853345230221748,0.0,22484.779296875
EleutherAI/pythia-14m,128,step128,14067712,6,4,25,5,2,0.012786648236215115,0.0,22484.779296875
EleutherAI/pythia-14m,128,step128,14067712,6,4,25,5,3,0.01500115916132927,0.0,22484.779296875
EleutherAI/pythia-14m,128,step128,14067712,6,4,26,0,0,0.013487623073160648,0.0,23565.30078125
EleutherAI/pythia-14m,128,step128,14067712,6,4,26,0,1,0.013451174832880497,0.0,23565.30078125
EleutherAI/pythia-14m,128,step128,14067712,6,4,26,0,2,0.014060020446777344,0.0,23565.30078125
EleutherAI/pythia-14m,128,step128,14067712,6,4,26,0,3,0.013819778338074684,0.0,23565.30078125
EleutherAI/pythia-14m,128,step128,14067712,6,4,26,1,0,0.012995452620089054,0.0,23565.30078125
EleutherAI/pythia-14m,128,step128,14067712,6,4,26,1,1,0.01524117961525917,0.0,23565.30078125
EleutherAI/pythia-14m,128,step128,14067712,6,4,26,1,2,0.01257343776524067,0.0,23565.30078125
EleutherAI/pythia-14m,128,step128,14067712,6,4,26,1,3,0.012633128091692924,0.0,23565.30078125
EleutherAI/pythia-14m,128,step128,14067712,6,4,26,2,0,0.012190761975944042,0.0,23565.30078125
EleutherAI/pythia-14m,128,step128,14067712,6,4,26,2,1,0.012426474131643772,0.0,23565.30078125
EleutherAI/pythia-14m,128,step128,14067712,6,4,26,2,2,0.01383719127625227,0.0,23565.30078125
EleutherAI/pythia-14m,128,step128,14067712,6,4,26,2,3,0.012865900993347168,0.0,23565.30078125
EleutherAI/pythia-14m,128,step128,14067712,6,4,26,3,0,0.012887072749435902,0.0,23565.30078125
EleutherAI/pythia-14m,128,step128,14067712,6,4,26,3,1,0.013335023075342178,0.0,23565.30078125
EleutherAI/pythia-14m,128,step128,14067712,6,4,26,3,2,0.01600537821650505,0.0,23565.30078125
EleutherAI/pythia-14m,128,step128,14067712,6,4,26,3,3,0.014654917642474174,0.0,23565.30078125
EleutherAI/pythia-14m,128,step128,14067712,6,4,26,4,0,0.013459651730954647,0.0,23565.30078125
EleutherAI/pythia-14m,128,step128,14067712,6,4,26,4,1,0.00849307980388403,0.0,23565.30078125
EleutherAI/pythia-14m,128,step128,14067712,6,4,26,4,2,0.010477249510586262,0.0,23565.30078125
EleutherAI/pythia-14m,128,step128,14067712,6,4,26,4,3,0.012211663648486137,0.0,23565.30078125
EleutherAI/pythia-14m,128,step128,14067712,6,4,26,5,0,0.015281904488801956,0.0,23565.30078125
EleutherAI/pythia-14m,128,step128,14067712,6,4,26,5,1,0.015643879771232605,0.0,23565.30078125
EleutherAI/pythia-14m,128,step128,14067712,6,4,26,5,2,0.01330970972776413,0.0,23565.30078125
EleutherAI/pythia-14m,128,step128,14067712,6,4,26,5,3,0.015191933140158653,0.0,23565.30078125
EleutherAI/pythia-14m,128,step128,14067712,6,4,27,0,0,0.013386995531618595,0.0,27196.380859375
EleutherAI/pythia-14m,128,step128,14067712,6,4,27,0,1,0.013296384364366531,0.0,27196.380859375
EleutherAI/pythia-14m,128,step128,14067712,6,4,27,0,2,0.013844012282788754,0.0,27196.380859375
EleutherAI/pythia-14m,128,step128,14067712,6,4,27,0,3,0.013654831796884537,0.0,27196.380859375
EleutherAI/pythia-14m,128,step128,14067712,6,4,27,1,0,0.01327715627849102,0.0,27196.380859375
EleutherAI/pythia-14m,128,step128,14067712,6,4,27,1,1,0.012966823764145374,0.0,27196.380859375
EleutherAI/pythia-14m,128,step128,14067712,6,4,27,1,2,0.01247326098382473,0.0,27196.380859375
EleutherAI/pythia-14m,128,step128,14067712,6,4,27,1,3,0.012211871333420277,0.0,27196.380859375
EleutherAI/pythia-14m,128,step128,14067712,6,4,27,2,0,0.01312177162617445,0.0,27196.380859375
EleutherAI/pythia-14m,128,step128,14067712,6,4,27,2,1,0.010884187184274197,0.0,27196.380859375
EleutherAI/pythia-14m,128,step128,14067712,6,4,27,2,2,0.01250139158219099,0.0,27196.380859375
EleutherAI/pythia-14m,128,step128,14067712,6,4,27,2,3,0.012722373940050602,0.0,27196.380859375
EleutherAI/pythia-14m,128,step128,14067712,6,4,27,3,0,0.01362546905875206,0.0,27196.380859375
EleutherAI/pythia-14m,128,step128,14067712,6,4,27,3,1,0.013563436456024647,0.0,27196.380859375
EleutherAI/pythia-14m,128,step128,14067712,6,4,27,3,2,0.01551235094666481,0.0,27196.380859375
EleutherAI/pythia-14m,128,step128,14067712,6,4,27,3,3,0.013582662679255009,0.0,27196.380859375
EleutherAI/pythia-14m,128,step128,14067712,6,4,27,4,0,0.013538441620767117,0.0,27196.380859375
EleutherAI/pythia-14m,128,step128,14067712,6,4,27,4,1,0.008586794137954712,0.0,27196.380859375
EleutherAI/pythia-14m,128,step128,14067712,6,4,27,4,2,0.011230378411710262,0.0,27196.380859375
EleutherAI/pythia-14m,128,step128,14067712,6,4,27,4,3,0.012359143234789371,0.0,27196.380859375
EleutherAI/pythia-14m,128,step128,14067712,6,4,27,5,0,0.014793596230447292,0.0,27196.380859375
EleutherAI/pythia-14m,128,step128,14067712,6,4,27,5,1,0.01632572151720524,0.0,27196.380859375
EleutherAI/pythia-14m,128,step128,14067712,6,4,27,5,2,0.013447122648358345,0.0,27196.380859375
EleutherAI/pythia-14m,128,step128,14067712,6,4,27,5,3,0.014868765138089657,0.0,27196.380859375
EleutherAI/pythia-14m,128,step128,14067712,6,4,28,0,0,0.015211904421448708,0.0,28072.3203125
EleutherAI/pythia-14m,128,step128,14067712,6,4,28,0,1,0.014205582439899445,0.0,28072.3203125
EleutherAI/pythia-14m,128,step128,14067712,6,4,28,0,2,0.014914571307599545,0.0,28072.3203125
EleutherAI/pythia-14m,128,step128,14067712,6,4,28,0,3,0.013269972987473011,0.0,28072.3203125
EleutherAI/pythia-14m,128,step128,14067712,6,4,28,1,0,0.013144462369382381,0.0,28072.3203125
EleutherAI/pythia-14m,128,step128,14067712,6,4,28,1,1,0.014321907423436642,0.0,28072.3203125
EleutherAI/pythia-14m,128,step128,14067712,6,4,28,1,2,0.012824325822293758,0.0,28072.3203125
EleutherAI/pythia-14m,128,step128,14067712,6,4,28,1,3,0.011750907637178898,0.0,28072.3203125
EleutherAI/pythia-14m,128,step128,14067712,6,4,28,2,0,0.01303783804178238,0.0,28072.3203125
EleutherAI/pythia-14m,128,step128,14067712,6,4,28,2,1,0.012259775772690773,0.0,28072.3203125
EleutherAI/pythia-14m,128,step128,14067712,6,4,28,2,2,0.013087782077491283,0.0,28072.3203125
EleutherAI/pythia-14m,128,step128,14067712,6,4,28,2,3,0.013176257722079754,0.0,28072.3203125
EleutherAI/pythia-14m,128,step128,14067712,6,4,28,3,0,0.013015334494411945,0.0,28072.3203125
EleutherAI/pythia-14m,128,step128,14067712,6,4,28,3,1,0.014531075023114681,0.0,28072.3203125
EleutherAI/pythia-14m,128,step128,14067712,6,4,28,3,2,0.015335405245423317,0.0,28072.3203125
EleutherAI/pythia-14m,128,step128,14067712,6,4,28,3,3,0.014673378318548203,0.0,28072.3203125
EleutherAI/pythia-14m,128,step128,14067712,6,4,28,4,0,0.013435128144919872,0.0,28072.3203125
EleutherAI/pythia-14m,128,step128,14067712,6,4,28,4,1,0.008759976364672184,0.0,28072.3203125
EleutherAI/pythia-14m,128,step128,14067712,6,4,28,4,2,0.01028913538902998,0.0,28072.3203125
EleutherAI/pythia-14m,128,step128,14067712,6,4,28,4,3,0.011215168051421642,0.0,28072.3203125
EleutherAI/pythia-14m,128,step128,14067712,6,4,28,5,0,0.015043837949633598,0.0,28072.3203125
EleutherAI/pythia-14m,128,step128,14067712,6,4,28,5,1,0.015483975410461426,0.0,28072.3203125
EleutherAI/pythia-14m,128,step128,14067712,6,4,28,5,2,0.013338097371160984,0.0,28072.3203125
EleutherAI/pythia-14m,128,step128,14067712,6,4,28,5,3,0.014893059618771076,0.0,28072.3203125
EleutherAI/pythia-14m,128,step128,14067712,6,4,29,0,0,0.0128409955650568,0.0,28427.380859375
EleutherAI/pythia-14m,128,step128,14067712,6,4,29,0,1,0.013043742626905441,0.0,28427.380859375
EleutherAI/pythia-14m,128,step128,14067712,6,4,29,0,2,0.014515497721731663,0.0,28427.380859375
EleutherAI/pythia-14m,128,step128,14067712,6,4,29,0,3,0.014789837412536144,0.0,28427.380859375
EleutherAI/pythia-14m,128,step128,14067712,6,4,29,1,0,0.01332160085439682,0.0,28427.380859375
EleutherAI/pythia-14m,128,step128,14067712,6,4,29,1,1,0.014233473688364029,0.0,28427.380859375
EleutherAI/pythia-14m,128,step128,14067712,6,4,29,1,2,0.014622082933783531,0.0,28427.380859375
EleutherAI/pythia-14m,128,step128,14067712,6,4,29,1,3,0.013624932616949081,0.0,28427.380859375
EleutherAI/pythia-14m,128,step128,14067712,6,4,29,2,0,0.013479679822921753,0.0,28427.380859375
EleutherAI/pythia-14m,128,step128,14067712,6,4,29,2,1,0.01077659334987402,0.0,28427.380859375
EleutherAI/pythia-14m,128,step128,14067712,6,4,29,2,2,0.013051057234406471,0.0,28427.380859375
EleutherAI/pythia-14m,128,step128,14067712,6,4,29,2,3,0.0120830237865448,0.0,28427.380859375
EleutherAI/pythia-14m,128,step128,14067712,6,4,29,3,0,0.01254313439130783,0.0,28427.380859375
EleutherAI/pythia-14m,128,step128,14067712,6,4,29,3,1,0.014733395539224148,0.0,28427.380859375
EleutherAI/pythia-14m,128,step128,14067712,6,4,29,3,2,0.016349880024790764,0.0,28427.380859375
EleutherAI/pythia-14m,128,step128,14067712,6,4,29,3,3,0.01483907736837864,0.0,28427.380859375
EleutherAI/pythia-14m,128,step128,14067712,6,4,29,4,0,0.01309310644865036,0.0,28427.380859375
EleutherAI/pythia-14m,128,step128,14067712,6,4,29,4,1,0.008995402604341507,0.0,28427.380859375
EleutherAI/pythia-14m,128,step128,14067712,6,4,29,4,2,0.010862486436963081,0.0,28427.380859375
EleutherAI/pythia-14m,128,step128,14067712,6,4,29,4,3,0.012039796449244022,0.0,28427.380859375
EleutherAI/pythia-14m,128,step128,14067712,6,4,29,5,0,0.013687347993254662,0.0,28427.380859375
EleutherAI/pythia-14m,128,step128,14067712,6,4,29,5,1,0.015484170988202095,0.0,28427.380859375
EleutherAI/pythia-14m,128,step128,14067712,6,4,29,5,2,0.012628241442143917,0.0,28427.380859375
EleutherAI/pythia-14m,128,step128,14067712,6,4,29,5,3,0.014537290669977665,0.0,28427.380859375
EleutherAI/pythia-14m,128,step128,14067712,6,4,30,0,0,0.015258933417499065,0.0,24032.19921875
EleutherAI/pythia-14m,128,step128,14067712,6,4,30,0,1,0.013762283138930798,0.0,24032.19921875
EleutherAI/pythia-14m,128,step128,14067712,6,4,30,0,2,0.012367398478090763,0.0,24032.19921875
EleutherAI/pythia-14m,128,step128,14067712,6,4,30,0,3,0.01389254815876484,0.0,24032.19921875
EleutherAI/pythia-14m,128,step128,14067712,6,4,30,1,0,0.012444577179849148,0.0,24032.19921875
EleutherAI/pythia-14m,128,step128,14067712,6,4,30,1,1,0.014127373695373535,0.0,24032.19921875
EleutherAI/pythia-14m,128,step128,14067712,6,4,30,1,2,0.012304166331887245,0.0,24032.19921875
EleutherAI/pythia-14m,128,step128,14067712,6,4,30,1,3,0.013120779767632484,0.0,24032.19921875
EleutherAI/pythia-14m,128,step128,14067712,6,4,30,2,0,0.013320039957761765,0.0,24032.19921875
EleutherAI/pythia-14m,128,step128,14067712,6,4,30,2,1,0.011453969404101372,0.0,24032.19921875
EleutherAI/pythia-14m,128,step128,14067712,6,4,30,2,2,0.013734265230596066,0.0,24032.19921875
EleutherAI/pythia-14m,128,step128,14067712,6,4,30,2,3,0.012729177251458168,0.0,24032.19921875
EleutherAI/pythia-14m,128,step128,14067712,6,4,30,3,0,0.012808728031814098,0.0,24032.19921875
EleutherAI/pythia-14m,128,step128,14067712,6,4,30,3,1,0.014201657846570015,0.0,24032.19921875
EleutherAI/pythia-14m,128,step128,14067712,6,4,30,3,2,0.01495890598744154,0.0,24032.19921875
EleutherAI/pythia-14m,128,step128,14067712,6,4,30,3,3,0.013829121366143227,0.0,24032.19921875
EleutherAI/pythia-14m,128,step128,14067712,6,4,30,4,0,0.013525288552045822,0.0,24032.19921875
EleutherAI/pythia-14m,128,step128,14067712,6,4,30,4,1,0.008838404901325703,0.0,24032.19921875
EleutherAI/pythia-14m,128,step128,14067712,6,4,30,4,2,0.010978646576404572,0.0,24032.19921875
EleutherAI/pythia-14m,128,step128,14067712,6,4,30,4,3,0.012396503239870071,0.0,24032.19921875
EleutherAI/pythia-14m,128,step128,14067712,6,4,30,5,0,0.015677612274885178,0.0,24032.19921875
EleutherAI/pythia-14m,128,step128,14067712,6,4,30,5,1,0.015387010760605335,0.0,24032.19921875
EleutherAI/pythia-14m,128,step128,14067712,6,4,30,5,2,0.013906922191381454,0.0,24032.19921875
EleutherAI/pythia-14m,128,step128,14067712,6,4,30,5,3,0.014297833666205406,0.0,24032.19921875
EleutherAI/pythia-14m,128,step128,14067712,6,4,31,0,0,0.01211815606802702,0.0,21384.259765625
EleutherAI/pythia-14m,128,step128,14067712,6,4,31,0,1,0.01557172555476427,0.0,21384.259765625
EleutherAI/pythia-14m,128,step128,14067712,6,4,31,0,2,0.015125265344977379,0.0,21384.259765625
EleutherAI/pythia-14m,128,step128,14067712,6,4,31,0,3,0.013619430363178253,0.0,21384.259765625
EleutherAI/pythia-14m,128,step128,14067712,6,4,31,1,0,0.014479515142738819,0.0,21384.259765625
EleutherAI/pythia-14m,128,step128,14067712,6,4,31,1,1,0.013097035698592663,0.0,21384.259765625
EleutherAI/pythia-14m,128,step128,14067712,6,4,31,1,2,0.013985713943839073,0.0,21384.259765625
EleutherAI/pythia-14m,128,step128,14067712,6,4,31,1,3,0.012925160117447376,0.0,21384.259765625
EleutherAI/pythia-14m,128,step128,14067712,6,4,31,2,0,0.013056733645498753,0.0,21384.259765625
EleutherAI/pythia-14m,128,step128,14067712,6,4,31,2,1,0.010846611112356186,0.0,21384.259765625
EleutherAI/pythia-14m,128,step128,14067712,6,4,31,2,2,0.014739405363798141,0.0,21384.259765625
EleutherAI/pythia-14m,128,step128,14067712,6,4,31,2,3,0.012381975539028645,0.0,21384.259765625
EleutherAI/pythia-14m,128,step128,14067712,6,4,31,3,0,0.012978539802134037,0.0,21384.259765625
EleutherAI/pythia-14m,128,step128,14067712,6,4,31,3,1,0.014820152893662453,0.0,21384.259765625
EleutherAI/pythia-14m,128,step128,14067712,6,4,31,3,2,0.015222501009702682,0.0,21384.259765625
EleutherAI/pythia-14m,128,step128,14067712,6,4,31,3,3,0.014039913192391396,0.0,21384.259765625
EleutherAI/pythia-14m,128,step128,14067712,6,4,31,4,0,0.013214366510510445,0.0,21384.259765625
EleutherAI/pythia-14m,128,step128,14067712,6,4,31,4,1,0.008820776827633381,0.0,21384.259765625
EleutherAI/pythia-14m,128,step128,14067712,6,4,31,4,2,0.010522972792387009,0.0,21384.259765625
EleutherAI/pythia-14m,128,step128,14067712,6,4,31,4,3,0.012031204998493195,0.0,21384.259765625
EleutherAI/pythia-14m,128,step128,14067712,6,4,31,5,0,0.014742081053555012,0.0,21384.259765625
EleutherAI/pythia-14m,128,step128,14067712,6,4,31,5,1,0.01493463758379221,0.0,21384.259765625
EleutherAI/pythia-14m,128,step128,14067712,6,4,31,5,2,0.014080286026000977,0.0,21384.259765625
EleutherAI/pythia-14m,128,step128,14067712,6,4,31,5,3,0.014156180433928967,0.0,21384.259765625
EleutherAI/pythia-14m,128,step128,14067712,6,4,32,0,0,0.015143199823796749,0.0,23980.3203125
EleutherAI/pythia-14m,128,step128,14067712,6,4,32,0,1,0.013320079073309898,0.0,23980.3203125
EleutherAI/pythia-14m,128,step128,14067712,6,4,32,0,2,0.01219834666699171,0.0,23980.3203125
EleutherAI/pythia-14m,128,step128,14067712,6,4,32,0,3,0.014524305239319801,0.0,23980.3203125
EleutherAI/pythia-14m,128,step128,14067712,6,4,32,1,0,0.012193165719509125,0.0,23980.3203125
EleutherAI/pythia-14m,128,step128,14067712,6,4,32,1,1,0.014668716117739677,0.0,23980.3203125
EleutherAI/pythia-14m,128,step128,14067712,6,4,32,1,2,0.012908847071230412,0.0,23980.3203125
EleutherAI/pythia-14m,128,step128,14067712,6,4,32,1,3,0.012815313413739204,0.0,23980.3203125
EleutherAI/pythia-14m,128,step128,14067712,6,4,32,2,0,0.01342578325420618,0.0,23980.3203125
EleutherAI/pythia-14m,128,step128,14067712,6,4,32,2,1,0.011509404517710209,0.0,23980.3203125
EleutherAI/pythia-14m,128,step128,14067712,6,4,32,2,2,0.013383137062191963,0.0,23980.3203125
EleutherAI/pythia-14m,128,step128,14067712,6,4,32,2,3,0.013896219432353973,0.0,23980.3203125
EleutherAI/pythia-14m,128,step128,14067712,6,4,32,3,0,0.013013267889618874,0.0,23980.3203125
EleutherAI/pythia-14m,128,step128,14067712,6,4,32,3,1,0.013519897125661373,0.0,23980.3203125
EleutherAI/pythia-14m,128,step128,14067712,6,4,32,3,2,0.01564614102244377,0.0,23980.3203125
EleutherAI/pythia-14m,128,step128,14067712,6,4,32,3,3,0.01472985278815031,0.0,23980.3203125
EleutherAI/pythia-14m,128,step128,14067712,6,4,32,4,0,0.01367302518337965,0.0,23980.3203125
EleutherAI/pythia-14m,128,step128,14067712,6,4,32,4,1,0.009189611300826073,0.0,23980.3203125
EleutherAI/pythia-14m,128,step128,14067712,6,4,32,4,2,0.009494512341916561,0.0,23980.3203125
EleutherAI/pythia-14m,128,step128,14067712,6,4,32,4,3,0.011353147216141224,0.0,23980.3203125
EleutherAI/pythia-14m,128,step128,14067712,6,4,32,5,0,0.015366243198513985,0.0,23980.3203125
EleutherAI/pythia-14m,128,step128,14067712,6,4,32,5,1,0.015543165616691113,0.0,23980.3203125
EleutherAI/pythia-14m,128,step128,14067712,6,4,32,5,2,0.013402163982391357,0.0,23980.3203125
EleutherAI/pythia-14m,128,step128,14067712,6,4,32,5,3,0.014802663587033749,0.0,23980.3203125
EleutherAI/pythia-14m,128,step128,14067712,6,4,33,0,0,0.013416857458651066,0.0,25196.560546875
EleutherAI/pythia-14m,128,step128,14067712,6,4,33,0,1,0.013944797217845917,0.0,25196.560546875
EleutherAI/pythia-14m,128,step128,14067712,6,4,33,0,2,0.013529350981116295,0.0,25196.560546875
EleutherAI/pythia-14m,128,step128,14067712,6,4,33,0,3,0.012593179941177368,0.0,25196.560546875
EleutherAI/pythia-14m,128,step128,14067712,6,4,33,1,0,0.014046605676412582,0.0,25196.560546875
EleutherAI/pythia-14m,128,step128,14067712,6,4,33,1,1,0.01411107275635004,0.0,25196.560546875
EleutherAI/pythia-14m,128,step128,14067712,6,4,33,1,2,0.011546644382178783,0.0,25196.560546875
EleutherAI/pythia-14m,128,step128,14067712,6,4,33,1,3,0.013631629757583141,0.0,25196.560546875
EleutherAI/pythia-14m,128,step128,14067712,6,4,33,2,0,0.013191032223403454,0.0,25196.560546875
EleutherAI/pythia-14m,128,step128,14067712,6,4,33,2,1,0.011361224576830864,0.0,25196.560546875
EleutherAI/pythia-14m,128,step128,14067712,6,4,33,2,2,0.012796152383089066,0.0,25196.560546875
EleutherAI/pythia-14m,128,step128,14067712,6,4,33,2,3,0.013335616327822208,0.0,25196.560546875
EleutherAI/pythia-14m,128,step128,14067712,6,4,33,3,0,0.012184767983853817,0.0,25196.560546875
EleutherAI/pythia-14m,128,step128,14067712,6,4,33,3,1,0.014624688774347305,0.0,25196.560546875
EleutherAI/pythia-14m,128,step128,14067712,6,4,33,3,2,0.01638881489634514,0.0,25196.560546875
EleutherAI/pythia-14m,128,step128,14067712,6,4,33,3,3,0.014246275648474693,0.0,25196.560546875
EleutherAI/pythia-14m,128,step128,14067712,6,4,33,4,0,0.013452832587063313,0.0,25196.560546875
EleutherAI/pythia-14m,128,step128,14067712,6,4,33,4,1,0.0083809494972229,0.0,25196.560546875
EleutherAI/pythia-14m,128,step128,14067712,6,4,33,4,2,0.010305130854249,0.0,25196.560546875
EleutherAI/pythia-14m,128,step128,14067712,6,4,33,4,3,0.012241032905876637,0.0,25196.560546875
EleutherAI/pythia-14m,128,step128,14067712,6,4,33,5,0,0.015135593712329865,0.0,25196.560546875
EleutherAI/pythia-14m,128,step128,14067712,6,4,33,5,1,0.015294074080884457,0.0,25196.560546875
EleutherAI/pythia-14m,128,step128,14067712,6,4,33,5,2,0.01302111241966486,0.0,25196.560546875
EleutherAI/pythia-14m,128,step128,14067712,6,4,33,5,3,0.014341511763632298,0.0,25196.560546875
EleutherAI/pythia-14m,128,step128,14067712,6,4,34,0,0,0.0147096561267972,0.0,27690.19921875
EleutherAI/pythia-14m,128,step128,14067712,6,4,34,0,1,0.014630735851824284,0.0,27690.19921875
EleutherAI/pythia-14m,128,step128,14067712,6,4,34,0,2,0.014260965399444103,0.0,27690.19921875
EleutherAI/pythia-14m,128,step128,14067712,6,4,34,0,3,0.015005737543106079,0.0,27690.19921875
EleutherAI/pythia-14m,128,step128,14067712,6,4,34,1,0,0.013726362027227879,0.0,27690.19921875
EleutherAI/pythia-14m,128,step128,14067712,6,4,34,1,1,0.013533925637602806,0.0,27690.19921875
EleutherAI/pythia-14m,128,step128,14067712,6,4,34,1,2,0.01465034019201994,0.0,27690.19921875
EleutherAI/pythia-14m,128,step128,14067712,6,4,34,1,3,0.013128679245710373,0.0,27690.19921875
EleutherAI/pythia-14m,128,step128,14067712,6,4,34,2,0,0.013372824527323246,0.0,27690.19921875
EleutherAI/pythia-14m,128,step128,14067712,6,4,34,2,1,0.011261536739766598,0.0,27690.19921875
EleutherAI/pythia-14m,128,step128,14067712,6,4,34,2,2,0.014280349016189575,0.0,27690.19921875
EleutherAI/pythia-14m,128,step128,14067712,6,4,34,2,3,0.01227160170674324,0.0,27690.19921875
EleutherAI/pythia-14m,128,step128,14067712,6,4,34,3,0,0.013423397205770016,0.0,27690.19921875
EleutherAI/pythia-14m,128,step128,14067712,6,4,34,3,1,0.013445799238979816,0.0,27690.19921875
EleutherAI/pythia-14m,128,step128,14067712,6,4,34,3,2,0.01604495570063591,0.0,27690.19921875
EleutherAI/pythia-14m,128,step128,14067712,6,4,34,3,3,0.01437805499881506,0.0,27690.19921875
EleutherAI/pythia-14m,128,step128,14067712,6,4,34,4,0,0.01342885009944439,0.0,27690.19921875
EleutherAI/pythia-14m,128,step128,14067712,6,4,34,4,1,0.008551719598472118,0.0,27690.19921875
EleutherAI/pythia-14m,128,step128,14067712,6,4,34,4,2,0.01060594990849495,0.0,27690.19921875
EleutherAI/pythia-14m,128,step128,14067712,6,4,34,4,3,0.012166346423327923,0.0,27690.19921875
EleutherAI/pythia-14m,128,step128,14067712,6,4,34,5,0,0.015072541311383247,0.0,27690.19921875
EleutherAI/pythia-14m,128,step128,14067712,6,4,34,5,1,0.015531151555478573,0.0,27690.19921875
EleutherAI/pythia-14m,128,step128,14067712,6,4,34,5,2,0.01336524449288845,0.0,27690.19921875
EleutherAI/pythia-14m,128,step128,14067712,6,4,34,5,3,0.01482703723013401,0.0,27690.19921875
EleutherAI/pythia-14m,128,step128,14067712,6,4,35,0,0,0.015145009383559227,0.0,24882.919921875
EleutherAI/pythia-14m,128,step128,14067712,6,4,35,0,1,0.014211161062121391,0.0,24882.919921875
EleutherAI/pythia-14m,128,step128,14067712,6,4,35,0,2,0.014139184728264809,0.0,24882.919921875
EleutherAI/pythia-14m,128,step128,14067712,6,4,35,0,3,0.012160823680460453,0.0,24882.919921875
EleutherAI/pythia-14m,128,step128,14067712,6,4,35,1,0,0.012829887680709362,0.0,24882.919921875
EleutherAI/pythia-14m,128,step128,14067712,6,4,35,1,1,0.014061174355447292,0.0,24882.919921875
EleutherAI/pythia-14m,128,step128,14067712,6,4,35,1,2,0.012275747023522854,0.0,24882.919921875
EleutherAI/pythia-14m,128,step128,14067712,6,4,35,1,3,0.012923181056976318,0.0,24882.919921875
EleutherAI/pythia-14m,128,step128,14067712,6,4,35,2,0,0.01312344428151846,0.0,24882.919921875
EleutherAI/pythia-14m,128,step128,14067712,6,4,35,2,1,0.011233694851398468,0.0,24882.919921875
EleutherAI/pythia-14m,128,step128,14067712,6,4,35,2,2,0.01333608478307724,0.0,24882.919921875
EleutherAI/pythia-14m,128,step128,14067712,6,4,35,2,3,0.011959495954215527,0.0,24882.919921875
EleutherAI/pythia-14m,128,step128,14067712,6,4,35,3,0,0.013380412943661213,0.0,24882.919921875
EleutherAI/pythia-14m,128,step128,14067712,6,4,35,3,1,0.01426965743303299,0.0,24882.919921875
EleutherAI/pythia-14m,128,step128,14067712,6,4,35,3,2,0.015554750338196754,0.0,24882.919921875
EleutherAI/pythia-14m,128,step128,14067712,6,4,35,3,3,0.014308121055364609,0.0,24882.919921875
EleutherAI/pythia-14m,128,step128,14067712,6,4,35,4,0,0.012900590896606445,0.0,24882.919921875
EleutherAI/pythia-14m,128,step128,14067712,6,4,35,4,1,0.008693883195519447,0.0,24882.919921875
EleutherAI/pythia-14m,128,step128,14067712,6,4,35,4,2,0.010778040625154972,0.0,24882.919921875
EleutherAI/pythia-14m,128,step128,14067712,6,4,35,4,3,0.01225508376955986,0.0,24882.919921875
EleutherAI/pythia-14m,128,step128,14067712,6,4,35,5,0,0.014175187796354294,0.0,24882.919921875
EleutherAI/pythia-14m,128,step128,14067712,6,4,35,5,1,0.015264341607689857,0.0,24882.919921875
EleutherAI/pythia-14m,128,step128,14067712,6,4,35,5,2,0.013259995728731155,0.0,24882.919921875
EleutherAI/pythia-14m,128,step128,14067712,6,4,35,5,3,0.014750909991562366,0.0,24882.919921875
EleutherAI/pythia-14m,128,step128,14067712,6,4,36,0,0,0.011832949705421925,0.0,27735.66015625
EleutherAI/pythia-14m,128,step128,14067712,6,4,36,0,1,0.01570824533700943,0.0,27735.66015625
EleutherAI/pythia-14m,128,step128,14067712,6,4,36,0,2,0.013602576218545437,0.0,27735.66015625
EleutherAI/pythia-14m,128,step128,14067712,6,4,36,0,3,0.01331003662198782,0.0,27735.66015625
EleutherAI/pythia-14m,128,step128,14067712,6,4,36,1,0,0.013395576737821102,0.0,27735.66015625
EleutherAI/pythia-14m,128,step128,14067712,6,4,36,1,1,0.013901117257773876,0.0,27735.66015625
EleutherAI/pythia-14m,128,step128,14067712,6,4,36,1,2,0.012551025487482548,0.0,27735.66015625
EleutherAI/pythia-14m,128,step128,14067712,6,4,36,1,3,0.013137712143361568,0.0,27735.66015625
EleutherAI/pythia-14m,128,step128,14067712,6,4,36,2,0,0.013113179244101048,0.0,27735.66015625
EleutherAI/pythia-14m,128,step128,14067712,6,4,36,2,1,0.010547449812293053,0.0,27735.66015625
EleutherAI/pythia-14m,128,step128,14067712,6,4,36,2,2,0.013306086882948875,0.0,27735.66015625
EleutherAI/pythia-14m,128,step128,14067712,6,4,36,2,3,0.012429322116076946,0.0,27735.66015625
EleutherAI/pythia-14m,128,step128,14067712,6,4,36,3,0,0.013201938010752201,0.0,27735.66015625
EleutherAI/pythia-14m,128,step128,14067712,6,4,36,3,1,0.013701200485229492,0.0,27735.66015625
EleutherAI/pythia-14m,128,step128,14067712,6,4,36,3,2,0.016213376075029373,0.0,27735.66015625
EleutherAI/pythia-14m,128,step128,14067712,6,4,36,3,3,0.014326956123113632,0.0,27735.66015625
EleutherAI/pythia-14m,128,step128,14067712,6,4,36,4,0,0.01284248847514391,0.0,27735.66015625
EleutherAI/pythia-14m,128,step128,14067712,6,4,36,4,1,0.008562964387238026,0.0,27735.66015625
EleutherAI/pythia-14m,128,step128,14067712,6,4,36,4,2,0.010764851234853268,0.0,27735.66015625
EleutherAI/pythia-14m,128,step128,14067712,6,4,36,4,3,0.012303740717470646,0.0,27735.66015625
EleutherAI/pythia-14m,128,step128,14067712,6,4,36,5,0,0.014930342324078083,0.0,27735.66015625
EleutherAI/pythia-14m,128,step128,14067712,6,4,36,5,1,0.01601194031536579,0.0,27735.66015625
EleutherAI/pythia-14m,128,step128,14067712,6,4,36,5,2,0.013578520156443119,0.0,27735.66015625
EleutherAI/pythia-14m,128,step128,14067712,6,4,36,5,3,0.014773755334317684,0.0,27735.66015625
EleutherAI/pythia-14m,128,step128,14067712,6,4,37,0,0,0.013324713334441185,0.0,25214.099609375
EleutherAI/pythia-14m,128,step128,14067712,6,4,37,0,1,0.014121665619313717,0.0,25214.099609375
EleutherAI/pythia-14m,128,step128,14067712,6,4,37,0,2,0.0157026294618845,0.0,25214.099609375
EleutherAI/pythia-14m,128,step128,14067712,6,4,37,0,3,0.013081417419016361,0.0,25214.099609375
EleutherAI/pythia-14m,128,step128,14067712,6,4,37,1,0,0.013446908444166183,0.0,25214.099609375
EleutherAI/pythia-14m,128,step128,14067712,6,4,37,1,1,0.013441975228488445,0.0,25214.099609375
EleutherAI/pythia-14m,128,step128,14067712,6,4,37,1,2,0.01338267046958208,0.0,25214.099609375
EleutherAI/pythia-14m,128,step128,14067712,6,4,37,1,3,0.011765570379793644,0.0,25214.099609375
EleutherAI/pythia-14m,128,step128,14067712,6,4,37,2,0,0.013559767976403236,0.0,25214.099609375
EleutherAI/pythia-14m,128,step128,14067712,6,4,37,2,1,0.010930435732007027,0.0,25214.099609375
EleutherAI/pythia-14m,128,step128,14067712,6,4,37,2,2,0.013848421163856983,0.0,25214.099609375
EleutherAI/pythia-14m,128,step128,14067712,6,4,37,2,3,0.013200291432440281,0.0,25214.099609375
EleutherAI/pythia-14m,128,step128,14067712,6,4,37,3,0,0.01334422081708908,0.0,25214.099609375
EleutherAI/pythia-14m,128,step128,14067712,6,4,37,3,1,0.013761081732809544,0.0,25214.099609375
EleutherAI/pythia-14m,128,step128,14067712,6,4,37,3,2,0.0155057143419981,0.0,25214.099609375
EleutherAI/pythia-14m,128,step128,14067712,6,4,37,3,3,0.01401650533080101,0.0,25214.099609375
EleutherAI/pythia-14m,128,step128,14067712,6,4,37,4,0,0.014075744897127151,0.0,25214.099609375
EleutherAI/pythia-14m,128,step128,14067712,6,4,37,4,1,0.008615914732217789,0.0,25214.099609375
EleutherAI/pythia-14m,128,step128,14067712,6,4,37,4,2,0.011094843968749046,0.0,25214.099609375
EleutherAI/pythia-14m,128,step128,14067712,6,4,37,4,3,0.01194560807198286,0.0,25214.099609375
EleutherAI/pythia-14m,128,step128,14067712,6,4,37,5,0,0.01485131960362196,0.0,25214.099609375
EleutherAI/pythia-14m,128,step128,14067712,6,4,37,5,1,0.015469182282686234,0.0,25214.099609375
EleutherAI/pythia-14m,128,step128,14067712,6,4,37,5,2,0.013746524229645729,0.0,25214.099609375
EleutherAI/pythia-14m,128,step128,14067712,6,4,37,5,3,0.014684255234897137,0.0,25214.099609375
EleutherAI/pythia-14m,128,step128,14067712,6,4,38,0,0,0.014941291883587837,0.0,23946.83984375
EleutherAI/pythia-14m,128,step128,14067712,6,4,38,0,1,0.014064433984458447,0.0,23946.83984375
EleutherAI/pythia-14m,128,step128,14067712,6,4,38,0,2,0.012513752095401287,0.0,23946.83984375
EleutherAI/pythia-14m,128,step128,14067712,6,4,38,0,3,0.013620056211948395,0.0,23946.83984375
EleutherAI/pythia-14m,128,step128,14067712,6,4,38,1,0,0.01338893175125122,0.0,23946.83984375
EleutherAI/pythia-14m,128,step128,14067712,6,4,38,1,1,0.012318599037826061,0.0,23946.83984375
EleutherAI/pythia-14m,128,step128,14067712,6,4,38,1,2,0.011977531015872955,0.0,23946.83984375
EleutherAI/pythia-14m,128,step128,14067712,6,4,38,1,3,0.013700691051781178,0.0,23946.83984375
EleutherAI/pythia-14m,128,step128,14067712,6,4,38,2,0,0.012875931337475777,0.0,23946.83984375
EleutherAI/pythia-14m,128,step128,14067712,6,4,38,2,1,0.010954214259982109,0.0,23946.83984375
EleutherAI/pythia-14m,128,step128,14067712,6,4,38,2,2,0.013295295648276806,0.0,23946.83984375
EleutherAI/pythia-14m,128,step128,14067712,6,4,38,2,3,0.012948309071362019,0.0,23946.83984375
EleutherAI/pythia-14m,128,step128,14067712,6,4,38,3,0,0.013612568378448486,0.0,23946.83984375
EleutherAI/pythia-14m,128,step128,14067712,6,4,38,3,1,0.014670607633888721,0.0,23946.83984375
EleutherAI/pythia-14m,128,step128,14067712,6,4,38,3,2,0.01614409126341343,0.0,23946.83984375
EleutherAI/pythia-14m,128,step128,14067712,6,4,38,3,3,0.01408546045422554,0.0,23946.83984375
EleutherAI/pythia-14m,128,step128,14067712,6,4,38,4,0,0.013781390152871609,0.0,23946.83984375
EleutherAI/pythia-14m,128,step128,14067712,6,4,38,4,1,0.008763161487877369,0.0,23946.83984375
EleutherAI/pythia-14m,128,step128,14067712,6,4,38,4,2,0.010309677571058273,0.0,23946.83984375
EleutherAI/pythia-14m,128,step128,14067712,6,4,38,4,3,0.01241762563586235,0.0,23946.83984375
EleutherAI/pythia-14m,128,step128,14067712,6,4,38,5,0,0.014826338738203049,0.0,23946.83984375
EleutherAI/pythia-14m,128,step128,14067712,6,4,38,5,1,0.015638232231140137,0.0,23946.83984375
EleutherAI/pythia-14m,128,step128,14067712,6,4,38,5,2,0.013365891762077808,0.0,23946.83984375
EleutherAI/pythia-14m,128,step128,14067712,6,4,38,5,3,0.01448181364685297,0.0,23946.83984375
EleutherAI/pythia-14m,128,step128,14067712,6,4,39,0,0,0.012400368228554726,0.0,27094.83984375
EleutherAI/pythia-14m,128,step128,14067712,6,4,39,0,1,0.013825323432683945,0.0,27094.83984375
EleutherAI/pythia-14m,128,step128,14067712,6,4,39,0,2,0.013895222917199135,0.0,27094.83984375
EleutherAI/pythia-14m,128,step128,14067712,6,4,39,0,3,0.015280570834875107,0.0,27094.83984375
EleutherAI/pythia-14m,128,step128,14067712,6,4,39,1,0,0.013358102180063725,0.0,27094.83984375
EleutherAI/pythia-14m,128,step128,14067712,6,4,39,1,1,0.014340723864734173,0.0,27094.83984375
EleutherAI/pythia-14m,128,step128,14067712,6,4,39,1,2,0.013440829701721668,0.0,27094.83984375
EleutherAI/pythia-14m,128,step128,14067712,6,4,39,1,3,0.014654048718512058,0.0,27094.83984375
EleutherAI/pythia-14m,128,step128,14067712,6,4,39,2,0,0.012185067869722843,0.0,27094.83984375
EleutherAI/pythia-14m,128,step128,14067712,6,4,39,2,1,0.011582914739847183,0.0,27094.83984375
EleutherAI/pythia-14m,128,step128,14067712,6,4,39,2,2,0.01364399865269661,0.0,27094.83984375
EleutherAI/pythia-14m,128,step128,14067712,6,4,39,2,3,0.0138007877394557,0.0,27094.83984375
EleutherAI/pythia-14m,128,step128,14067712,6,4,39,3,0,0.012195351533591747,0.0,27094.83984375
EleutherAI/pythia-14m,128,step128,14067712,6,4,39,3,1,0.014522104524075985,0.0,27094.83984375
EleutherAI/pythia-14m,128,step128,14067712,6,4,39,3,2,0.01609911024570465,0.0,27094.83984375
EleutherAI/pythia-14m,128,step128,14067712,6,4,39,3,3,0.014586920849978924,0.0,27094.83984375
EleutherAI/pythia-14m,128,step128,14067712,6,4,39,4,0,0.013278715312480927,0.0,27094.83984375
EleutherAI/pythia-14m,128,step128,14067712,6,4,39,4,1,0.008771934546530247,0.0,27094.83984375
EleutherAI/pythia-14m,128,step128,14067712,6,4,39,4,2,0.011036675423383713,0.0,27094.83984375
EleutherAI/pythia-14m,128,step128,14067712,6,4,39,4,3,0.01171022653579712,0.0,27094.83984375
EleutherAI/pythia-14m,128,step128,14067712,6,4,39,5,0,0.014754030853509903,0.0,27094.83984375
EleutherAI/pythia-14m,128,step128,14067712,6,4,39,5,1,0.01523730531334877,0.0,27094.83984375
EleutherAI/pythia-14m,128,step128,14067712,6,4,39,5,2,0.013462387025356293,0.0,27094.83984375
EleutherAI/pythia-14m,128,step128,14067712,6,4,39,5,3,0.014629137702286243,0.0,27094.83984375
EleutherAI/pythia-14m,128,step128,14067712,6,4,40,0,0,0.014786738902330399,0.0,22631.98046875
EleutherAI/pythia-14m,128,step128,14067712,6,4,40,0,1,0.013123328797519207,0.0,22631.98046875
EleutherAI/pythia-14m,128,step128,14067712,6,4,40,0,2,0.013335991650819778,0.0,22631.98046875
EleutherAI/pythia-14m,128,step128,14067712,6,4,40,0,3,0.015083261765539646,0.0,22631.98046875
EleutherAI/pythia-14m,128,step128,14067712,6,4,40,1,0,0.01287833321839571,0.0,22631.98046875
EleutherAI/pythia-14m,128,step128,14067712,6,4,40,1,1,0.014482737518846989,0.0,22631.98046875
EleutherAI/pythia-14m,128,step128,14067712,6,4,40,1,2,0.013929012231528759,0.0,22631.98046875
EleutherAI/pythia-14m,128,step128,14067712,6,4,40,1,3,0.013697090558707714,0.0,22631.98046875
EleutherAI/pythia-14m,128,step128,14067712,6,4,40,2,0,0.013089578598737717,0.0,22631.98046875
EleutherAI/pythia-14m,128,step128,14067712,6,4,40,2,1,0.012233246117830276,0.0,22631.98046875
EleutherAI/pythia-14m,128,step128,14067712,6,4,40,2,2,0.01296915765851736,0.0,22631.98046875
EleutherAI/pythia-14m,128,step128,14067712,6,4,40,2,3,0.01329242717474699,0.0,22631.98046875
EleutherAI/pythia-14m,128,step128,14067712,6,4,40,3,0,0.013310033828020096,0.0,22631.98046875
EleutherAI/pythia-14m,128,step128,14067712,6,4,40,3,1,0.0131605239585042,0.0,22631.98046875
EleutherAI/pythia-14m,128,step128,14067712,6,4,40,3,2,0.015473192557692528,0.0,22631.98046875
EleutherAI/pythia-14m,128,step128,14067712,6,4,40,3,3,0.014794616959989071,0.0,22631.98046875
EleutherAI/pythia-14m,128,step128,14067712,6,4,40,4,0,0.013522687368094921,0.0,22631.98046875
EleutherAI/pythia-14m,128,step128,14067712,6,4,40,4,1,0.009210405871272087,0.0,22631.98046875
EleutherAI/pythia-14m,128,step128,14067712,6,4,40,4,2,0.010570328682661057,0.0,22631.98046875
EleutherAI/pythia-14m,128,step128,14067712,6,4,40,4,3,0.011266419664025307,0.0,22631.98046875
EleutherAI/pythia-14m,128,step128,14067712,6,4,40,5,0,0.014872219413518906,0.0,22631.98046875
EleutherAI/pythia-14m,128,step128,14067712,6,4,40,5,1,0.015646999701857567,0.0,22631.98046875
EleutherAI/pythia-14m,128,step128,14067712,6,4,40,5,2,0.014099622145295143,0.0,22631.98046875
EleutherAI/pythia-14m,128,step128,14067712,6,4,40,5,3,0.014014320448040962,0.0,22631.98046875
EleutherAI/pythia-14m,128,step128,14067712,6,4,41,0,0,0.013018183410167694,0.0,28310.619140625
EleutherAI/pythia-14m,128,step128,14067712,6,4,41,0,1,0.013877498917281628,0.0,28310.619140625
EleutherAI/pythia-14m,128,step128,14067712,6,4,41,0,2,0.013654406182467937,0.0,28310.619140625
EleutherAI/pythia-14m,128,step128,14067712,6,4,41,0,3,0.014266040176153183,0.0,28310.619140625
EleutherAI/pythia-14m,128,step128,14067712,6,4,41,1,0,0.013047990389168262,0.0,28310.619140625
EleutherAI/pythia-14m,128,step128,14067712,6,4,41,1,1,0.0161023810505867,0.0,28310.619140625
EleutherAI/pythia-14m,128,step128,14067712,6,4,41,1,2,0.01259878184646368,0.0,28310.619140625
EleutherAI/pythia-14m,128,step128,14067712,6,4,41,1,3,0.012699154205620289,0.0,28310.619140625
EleutherAI/pythia-14m,128,step128,14067712,6,4,41,2,0,0.012845410965383053,0.0,28310.619140625
EleutherAI/pythia-14m,128,step128,14067712,6,4,41,2,1,0.011515803635120392,0.0,28310.619140625
EleutherAI/pythia-14m,128,step128,14067712,6,4,41,2,2,0.014642504043877125,0.0,28310.619140625
EleutherAI/pythia-14m,128,step128,14067712,6,4,41,2,3,0.01261291466653347,0.0,28310.619140625
EleutherAI/pythia-14m,128,step128,14067712,6,4,41,3,0,0.013598866760730743,0.0,28310.619140625
EleutherAI/pythia-14m,128,step128,14067712,6,4,41,3,1,0.013331222347915173,0.0,28310.619140625
EleutherAI/pythia-14m,128,step128,14067712,6,4,41,3,2,0.015773767605423927,0.0,28310.619140625
EleutherAI/pythia-14m,128,step128,14067712,6,4,41,3,3,0.015305164270102978,0.0,28310.619140625
EleutherAI/pythia-14m,128,step128,14067712,6,4,41,4,0,0.013590076938271523,0.0,28310.619140625
EleutherAI/pythia-14m,128,step128,14067712,6,4,41,4,1,0.009064961224794388,0.0,28310.619140625
EleutherAI/pythia-14m,128,step128,14067712,6,4,41,4,2,0.010825990699231625,0.0,28310.619140625
EleutherAI/pythia-14m,128,step128,14067712,6,4,41,4,3,0.011480067856609821,0.0,28310.619140625
EleutherAI/pythia-14m,128,step128,14067712,6,4,41,5,0,0.015133032575249672,0.0,28310.619140625
EleutherAI/pythia-14m,128,step128,14067712,6,4,41,5,1,0.015375626273453236,0.0,28310.619140625
EleutherAI/pythia-14m,128,step128,14067712,6,4,41,5,2,0.012873822823166847,0.0,28310.619140625
EleutherAI/pythia-14m,128,step128,14067712,6,4,41,5,3,0.014632625505328178,0.0,28310.619140625
EleutherAI/pythia-14m,128,step128,14067712,6,4,42,0,0,0.014917547814548016,0.0,27240.69921875
EleutherAI/pythia-14m,128,step128,14067712,6,4,42,0,1,0.014172379858791828,0.0,27240.69921875
EleutherAI/pythia-14m,128,step128,14067712,6,4,42,0,2,0.014258811250329018,0.0,27240.69921875
EleutherAI/pythia-14m,128,step128,14067712,6,4,42,0,3,0.014666170813143253,0.0,27240.69921875
EleutherAI/pythia-14m,128,step128,14067712,6,4,42,1,0,0.01316798198968172,0.0,27240.69921875
EleutherAI/pythia-14m,128,step128,14067712,6,4,42,1,1,0.013861111365258694,0.0,27240.69921875
EleutherAI/pythia-14m,128,step128,14067712,6,4,42,1,2,0.01161659974604845,0.0,27240.69921875
EleutherAI/pythia-14m,128,step128,14067712,6,4,42,1,3,0.013984102755784988,0.0,27240.69921875
EleutherAI/pythia-14m,128,step128,14067712,6,4,42,2,0,0.012553014792501926,0.0,27240.69921875
EleutherAI/pythia-14m,128,step128,14067712,6,4,42,2,1,0.01133719366043806,0.0,27240.69921875
EleutherAI/pythia-14m,128,step128,14067712,6,4,42,2,2,0.013225498609244823,0.0,27240.69921875
EleutherAI/pythia-14m,128,step128,14067712,6,4,42,2,3,0.01290147565305233,0.0,27240.69921875
EleutherAI/pythia-14m,128,step128,14067712,6,4,42,3,0,0.012787549756467342,0.0,27240.69921875
EleutherAI/pythia-14m,128,step128,14067712,6,4,42,3,1,0.013515422120690346,0.0,27240.69921875
EleutherAI/pythia-14m,128,step128,14067712,6,4,42,3,2,0.01621354930102825,0.0,27240.69921875
EleutherAI/pythia-14m,128,step128,14067712,6,4,42,3,3,0.015046869404613972,0.0,27240.69921875
EleutherAI/pythia-14m,128,step128,14067712,6,4,42,4,0,0.013747545890510082,0.0,27240.69921875
EleutherAI/pythia-14m,128,step128,14067712,6,4,42,4,1,0.008921060711145401,0.0,27240.69921875
EleutherAI/pythia-14m,128,step128,14067712,6,4,42,4,2,0.010630136355757713,0.0,27240.69921875
EleutherAI/pythia-14m,128,step128,14067712,6,4,42,4,3,0.011189580895006657,0.0,27240.69921875
EleutherAI/pythia-14m,128,step128,14067712,6,4,42,5,0,0.015222746878862381,0.0,27240.69921875
EleutherAI/pythia-14m,128,step128,14067712,6,4,42,5,1,0.015635930001735687,0.0,27240.69921875
EleutherAI/pythia-14m,128,step128,14067712,6,4,42,5,2,0.013914116658270359,0.0,27240.69921875
EleutherAI/pythia-14m,128,step128,14067712,6,4,42,5,3,0.014292196370661259,0.0,27240.69921875
EleutherAI/pythia-14m,128,step128,14067712,6,4,43,0,0,0.013739961199462414,0.0,29419.51953125
EleutherAI/pythia-14m,128,step128,14067712,6,4,43,0,1,0.014829643070697784,0.0,29419.51953125
EleutherAI/pythia-14m,128,step128,14067712,6,4,43,0,2,0.012690977193415165,0.0,29419.51953125
EleutherAI/pythia-14m,128,step128,14067712,6,4,43,0,3,0.015344354324042797,0.0,29419.51953125
EleutherAI/pythia-14m,128,step128,14067712,6,4,43,1,0,0.012690961360931396,0.0,29419.51953125
EleutherAI/pythia-14m,128,step128,14067712,6,4,43,1,1,0.014673485420644283,0.0,29419.51953125
EleutherAI/pythia-14m,128,step128,14067712,6,4,43,1,2,0.014148706570267677,0.0,29419.51953125
EleutherAI/pythia-14m,128,step128,14067712,6,4,43,1,3,0.013550459407269955,0.0,29419.51953125
EleutherAI/pythia-14m,128,step128,14067712,6,4,43,2,0,0.012379449792206287,0.0,29419.51953125
EleutherAI/pythia-14m,128,step128,14067712,6,4,43,2,1,0.01073271594941616,0.0,29419.51953125
EleutherAI/pythia-14m,128,step128,14067712,6,4,43,2,2,0.013639197684824467,0.0,29419.51953125
EleutherAI/pythia-14m,128,step128,14067712,6,4,43,2,3,0.012983147986233234,0.0,29419.51953125
EleutherAI/pythia-14m,128,step128,14067712,6,4,43,3,0,0.01251064334064722,0.0,29419.51953125
EleutherAI/pythia-14m,128,step128,14067712,6,4,43,3,1,0.013855773955583572,0.0,29419.51953125
EleutherAI/pythia-14m,128,step128,14067712,6,4,43,3,2,0.016866767778992653,0.0,29419.51953125
EleutherAI/pythia-14m,128,step128,14067712,6,4,43,3,3,0.014731751754879951,0.0,29419.51953125
EleutherAI/pythia-14m,128,step128,14067712,6,4,43,4,0,0.013374594040215015,0.0,29419.51953125
EleutherAI/pythia-14m,128,step128,14067712,6,4,43,4,1,0.008792009204626083,0.0,29419.51953125
EleutherAI/pythia-14m,128,step128,14067712,6,4,43,4,2,0.010734203271567822,0.0,29419.51953125
EleutherAI/pythia-14m,128,step128,14067712,6,4,43,4,3,0.011722789146006107,0.0,29419.51953125
EleutherAI/pythia-14m,128,step128,14067712,6,4,43,5,0,0.014915760606527328,0.0,29419.51953125
EleutherAI/pythia-14m,128,step128,14067712,6,4,43,5,1,0.01501306053251028,0.0,29419.51953125
EleutherAI/pythia-14m,128,step128,14067712,6,4,43,5,2,0.0134836845099926,0.0,29419.51953125
EleutherAI/pythia-14m,128,step128,14067712,6,4,43,5,3,0.013614408671855927,0.0,29419.51953125
EleutherAI/pythia-14m,128,step128,14067712,6,4,44,0,0,0.013448132202029228,0.0,26075.33984375
EleutherAI/pythia-14m,128,step128,14067712,6,4,44,0,1,0.015044130384922028,0.0,26075.33984375
EleutherAI/pythia-14m,128,step128,14067712,6,4,44,0,2,0.013223913498222828,0.0,26075.33984375
EleutherAI/pythia-14m,128,step128,14067712,6,4,44,0,3,0.013000421226024628,0.0,26075.33984375
EleutherAI/pythia-14m,128,step128,14067712,6,4,44,1,0,0.013945084065198898,0.0,26075.33984375
EleutherAI/pythia-14m,128,step128,14067712,6,4,44,1,1,0.012903494760394096,0.0,26075.33984375
EleutherAI/pythia-14m,128,step128,14067712,6,4,44,1,2,0.013752205297350883,0.0,26075.33984375
EleutherAI/pythia-14m,128,step128,14067712,6,4,44,1,3,0.013442743569612503,0.0,26075.33984375
EleutherAI/pythia-14m,128,step128,14067712,6,4,44,2,0,0.013204063288867474,0.0,26075.33984375
EleutherAI/pythia-14m,128,step128,14067712,6,4,44,2,1,0.012420590035617352,0.0,26075.33984375
EleutherAI/pythia-14m,128,step128,14067712,6,4,44,2,2,0.014048116281628609,0.0,26075.33984375
EleutherAI/pythia-14m,128,step128,14067712,6,4,44,2,3,0.012734616175293922,0.0,26075.33984375
EleutherAI/pythia-14m,128,step128,14067712,6,4,44,3,0,0.013035633601248264,0.0,26075.33984375
EleutherAI/pythia-14m,128,step128,14067712,6,4,44,3,1,0.013974044471979141,0.0,26075.33984375
EleutherAI/pythia-14m,128,step128,14067712,6,4,44,3,2,0.016428591683506966,0.0,26075.33984375
EleutherAI/pythia-14m,128,step128,14067712,6,4,44,3,3,0.014137424528598785,0.0,26075.33984375
EleutherAI/pythia-14m,128,step128,14067712,6,4,44,4,0,0.013709542341530323,0.0,26075.33984375
EleutherAI/pythia-14m,128,step128,14067712,6,4,44,4,1,0.00842336192727089,0.0,26075.33984375
EleutherAI/pythia-14m,128,step128,14067712,6,4,44,4,2,0.010455428622663021,0.0,26075.33984375
EleutherAI/pythia-14m,128,step128,14067712,6,4,44,4,3,0.011383325792849064,0.0,26075.33984375
EleutherAI/pythia-14m,128,step128,14067712,6,4,44,5,0,0.0148513438180089,0.0,26075.33984375
EleutherAI/pythia-14m,128,step128,14067712,6,4,44,5,1,0.015154153108596802,0.0,26075.33984375
EleutherAI/pythia-14m,128,step128,14067712,6,4,44,5,2,0.01390076894313097,0.0,26075.33984375
EleutherAI/pythia-14m,128,step128,14067712,6,4,44,5,3,0.014736168086528778,0.0,26075.33984375
EleutherAI/pythia-14m,128,step128,14067712,6,4,45,0,0,0.013754484243690968,0.0,28091.8203125
EleutherAI/pythia-14m,128,step128,14067712,6,4,45,0,1,0.012745296582579613,0.0,28091.8203125
EleutherAI/pythia-14m,128,step128,14067712,6,4,45,0,2,0.013113046996295452,0.0,28091.8203125
EleutherAI/pythia-14m,128,step128,14067712,6,4,45,0,3,0.013332895934581757,0.0,28091.8203125
EleutherAI/pythia-14m,128,step128,14067712,6,4,45,1,0,0.011131804436445236,0.0,28091.8203125
EleutherAI/pythia-14m,128,step128,14067712,6,4,45,1,1,0.013045835308730602,0.0,28091.8203125
EleutherAI/pythia-14m,128,step128,14067712,6,4,45,1,2,0.01312845479696989,0.0,28091.8203125
EleutherAI/pythia-14m,128,step128,14067712,6,4,45,1,3,0.012762043625116348,0.0,28091.8203125
EleutherAI/pythia-14m,128,step128,14067712,6,4,45,2,0,0.013071039691567421,0.0,28091.8203125
EleutherAI/pythia-14m,128,step128,14067712,6,4,45,2,1,0.010345082730054855,0.0,28091.8203125
EleutherAI/pythia-14m,128,step128,14067712,6,4,45,2,2,0.01307690143585205,0.0,28091.8203125
EleutherAI/pythia-14m,128,step128,14067712,6,4,45,2,3,0.012109310366213322,0.0,28091.8203125
EleutherAI/pythia-14m,128,step128,14067712,6,4,45,3,0,0.012174835428595543,0.0,28091.8203125
EleutherAI/pythia-14m,128,step128,14067712,6,4,45,3,1,0.013494497165083885,0.0,28091.8203125
EleutherAI/pythia-14m,128,step128,14067712,6,4,45,3,2,0.016043515875935555,0.0,28091.8203125
EleutherAI/pythia-14m,128,step128,14067712,6,4,45,3,3,0.014050501398742199,0.0,28091.8203125
EleutherAI/pythia-14m,128,step128,14067712,6,4,45,4,0,0.01301355380564928,0.0,28091.8203125
EleutherAI/pythia-14m,128,step128,14067712,6,4,45,4,1,0.008605250157415867,0.0,28091.8203125
EleutherAI/pythia-14m,128,step128,14067712,6,4,45,4,2,0.010708911344408989,0.0,28091.8203125
EleutherAI/pythia-14m,128,step128,14067712,6,4,45,4,3,0.012003120966255665,0.0,28091.8203125
EleutherAI/pythia-14m,128,step128,14067712,6,4,45,5,0,0.015077659860253334,0.0,28091.8203125
EleutherAI/pythia-14m,128,step128,14067712,6,4,45,5,1,0.015074861235916615,0.0,28091.8203125
EleutherAI/pythia-14m,128,step128,14067712,6,4,45,5,2,0.013735022395849228,0.0,28091.8203125
EleutherAI/pythia-14m,128,step128,14067712,6,4,45,5,3,0.014323783107101917,0.0,28091.8203125
EleutherAI/pythia-14m,128,step128,14067712,6,4,46,0,0,0.012614140287041664,0.0,27566.939453125
EleutherAI/pythia-14m,128,step128,14067712,6,4,46,0,1,0.01402347907423973,0.0,27566.939453125
EleutherAI/pythia-14m,128,step128,14067712,6,4,46,0,2,0.01411373633891344,0.0,27566.939453125
EleutherAI/pythia-14m,128,step128,14067712,6,4,46,0,3,0.013156489469110966,0.0,27566.939453125
EleutherAI/pythia-14m,128,step128,14067712,6,4,46,1,0,0.012135641649365425,0.0,27566.939453125
EleutherAI/pythia-14m,128,step128,14067712,6,4,46,1,1,0.013223729096353054,0.0,27566.939453125
EleutherAI/pythia-14m,128,step128,14067712,6,4,46,1,2,0.01362255122512579,0.0,27566.939453125
EleutherAI/pythia-14m,128,step128,14067712,6,4,46,1,3,0.013894312083721161,0.0,27566.939453125
EleutherAI/pythia-14m,128,step128,14067712,6,4,46,2,0,0.014431345276534557,0.0,27566.939453125
EleutherAI/pythia-14m,128,step128,14067712,6,4,46,2,1,0.01140045840293169,0.0,27566.939453125
EleutherAI/pythia-14m,128,step128,14067712,6,4,46,2,2,0.01367829367518425,0.0,27566.939453125
EleutherAI/pythia-14m,128,step128,14067712,6,4,46,2,3,0.012738186866044998,0.0,27566.939453125
EleutherAI/pythia-14m,128,step128,14067712,6,4,46,3,0,0.012408530339598656,0.0,27566.939453125
EleutherAI/pythia-14m,128,step128,14067712,6,4,46,3,1,0.013569359667599201,0.0,27566.939453125
EleutherAI/pythia-14m,128,step128,14067712,6,4,46,3,2,0.01655254326760769,0.0,27566.939453125
EleutherAI/pythia-14m,128,step128,14067712,6,4,46,3,3,0.013934697024524212,0.0,27566.939453125
EleutherAI/pythia-14m,128,step128,14067712,6,4,46,4,0,0.013002116233110428,0.0,27566.939453125
EleutherAI/pythia-14m,128,step128,14067712,6,4,46,4,1,0.008667432703077793,0.0,27566.939453125
EleutherAI/pythia-14m,128,step128,14067712,6,4,46,4,2,0.010707643814384937,0.0,27566.939453125
EleutherAI/pythia-14m,128,step128,14067712,6,4,46,4,3,0.012998751364648342,0.0,27566.939453125
EleutherAI/pythia-14m,128,step128,14067712,6,4,46,5,0,0.015196846798062325,0.0,27566.939453125
EleutherAI/pythia-14m,128,step128,14067712,6,4,46,5,1,0.01575297676026821,0.0,27566.939453125
EleutherAI/pythia-14m,128,step128,14067712,6,4,46,5,2,0.01366275455802679,0.0,27566.939453125
EleutherAI/pythia-14m,128,step128,14067712,6,4,46,5,3,0.014550098218023777,0.0,27566.939453125
EleutherAI/pythia-14m,128,step128,14067712,6,4,47,0,0,0.012859919108450413,0.0,22977.380859375
EleutherAI/pythia-14m,128,step128,14067712,6,4,47,0,1,0.013680662959814072,0.0,22977.380859375
EleutherAI/pythia-14m,128,step128,14067712,6,4,47,0,2,0.013593449257314205,0.0,22977.380859375
EleutherAI/pythia-14m,128,step128,14067712,6,4,47,0,3,0.013192445039749146,0.0,22977.380859375
EleutherAI/pythia-14m,128,step128,14067712,6,4,47,1,0,0.013461505994200706,0.0,22977.380859375
EleutherAI/pythia-14m,128,step128,14067712,6,4,47,1,1,0.013376720249652863,0.0,22977.380859375
EleutherAI/pythia-14m,128,step128,14067712,6,4,47,1,2,0.012673008255660534,0.0,22977.380859375
EleutherAI/pythia-14m,128,step128,14067712,6,4,47,1,3,0.013904872350394726,0.0,22977.380859375
EleutherAI/pythia-14m,128,step128,14067712,6,4,47,2,0,0.013278324156999588,0.0,22977.380859375
EleutherAI/pythia-14m,128,step128,14067712,6,4,47,2,1,0.011345000006258488,0.0,22977.380859375
EleutherAI/pythia-14m,128,step128,14067712,6,4,47,2,2,0.012590322643518448,0.0,22977.380859375
EleutherAI/pythia-14m,128,step128,14067712,6,4,47,2,3,0.012478722259402275,0.0,22977.380859375
EleutherAI/pythia-14m,128,step128,14067712,6,4,47,3,0,0.013452635146677494,0.0,22977.380859375
EleutherAI/pythia-14m,128,step128,14067712,6,4,47,3,1,0.014271647669374943,0.0,22977.380859375
EleutherAI/pythia-14m,128,step128,14067712,6,4,47,3,2,0.015726646408438683,0.0,22977.380859375
EleutherAI/pythia-14m,128,step128,14067712,6,4,47,3,3,0.014252321794629097,0.0,22977.380859375
EleutherAI/pythia-14m,128,step128,14067712,6,4,47,4,0,0.013276142068207264,0.0,22977.380859375
EleutherAI/pythia-14m,128,step128,14067712,6,4,47,4,1,0.00868463609367609,0.0,22977.380859375
EleutherAI/pythia-14m,128,step128,14067712,6,4,47,4,2,0.01066083088517189,0.0,22977.380859375
EleutherAI/pythia-14m,128,step128,14067712,6,4,47,4,3,0.011381528340280056,0.0,22977.380859375
EleutherAI/pythia-14m,128,step128,14067712,6,4,47,5,0,0.014552649110555649,0.0,22977.380859375
EleutherAI/pythia-14m,128,step128,14067712,6,4,47,5,1,0.015257402323186398,0.0,22977.380859375
EleutherAI/pythia-14m,128,step128,14067712,6,4,47,5,2,0.013472196646034718,0.0,22977.380859375
EleutherAI/pythia-14m,128,step128,14067712,6,4,47,5,3,0.014574549160897732,0.0,22977.380859375
EleutherAI/pythia-14m,128,step128,14067712,6,4,48,0,0,0.01411512866616249,0.0,26286.580078125
EleutherAI/pythia-14m,128,step128,14067712,6,4,48,0,1,0.012431539595127106,0.0,26286.580078125
EleutherAI/pythia-14m,128,step128,14067712,6,4,48,0,2,0.013752789236605167,0.0,26286.580078125
EleutherAI/pythia-14m,128,step128,14067712,6,4,48,0,3,0.014057028107345104,0.0,26286.580078125
EleutherAI/pythia-14m,128,step128,14067712,6,4,48,1,0,0.013568282127380371,0.0,26286.580078125
EleutherAI/pythia-14m,128,step128,14067712,6,4,48,1,1,0.013603624887764454,0.0,26286.580078125
EleutherAI/pythia-14m,128,step128,14067712,6,4,48,1,2,0.012724820524454117,0.0,26286.580078125
EleutherAI/pythia-14m,128,step128,14067712,6,4,48,1,3,0.013568634167313576,0.0,26286.580078125
EleutherAI/pythia-14m,128,step128,14067712,6,4,48,2,0,0.012990853749215603,0.0,26286.580078125
EleutherAI/pythia-14m,128,step128,14067712,6,4,48,2,1,0.010867202654480934,0.0,26286.580078125
EleutherAI/pythia-14m,128,step128,14067712,6,4,48,2,2,0.014328190125524998,0.0,26286.580078125
EleutherAI/pythia-14m,128,step128,14067712,6,4,48,2,3,0.013735069893300533,0.0,26286.580078125
EleutherAI/pythia-14m,128,step128,14067712,6,4,48,3,0,0.01267251092940569,0.0,26286.580078125
EleutherAI/pythia-14m,128,step128,14067712,6,4,48,3,1,0.013833446428179741,0.0,26286.580078125
EleutherAI/pythia-14m,128,step128,14067712,6,4,48,3,2,0.01735445111989975,0.0,26286.580078125
EleutherAI/pythia-14m,128,step128,14067712,6,4,48,3,3,0.013959181495010853,0.0,26286.580078125
EleutherAI/pythia-14m,128,step128,14067712,6,4,48,4,0,0.013648496009409428,0.0,26286.580078125
EleutherAI/pythia-14m,128,step128,14067712,6,4,48,4,1,0.008506017737090588,0.0,26286.580078125
EleutherAI/pythia-14m,128,step128,14067712,6,4,48,4,2,0.010548863559961319,0.0,26286.580078125
EleutherAI/pythia-14m,128,step128,14067712,6,4,48,4,3,0.011706968769431114,0.0,26286.580078125
EleutherAI/pythia-14m,128,step128,14067712,6,4,48,5,0,0.016216246411204338,0.0,26286.580078125
EleutherAI/pythia-14m,128,step128,14067712,6,4,48,5,1,0.01487372163683176,0.0,26286.580078125
EleutherAI/pythia-14m,128,step128,14067712,6,4,48,5,2,0.01423551794141531,0.0,26286.580078125
EleutherAI/pythia-14m,128,step128,14067712,6,4,48,5,3,0.013964499346911907,0.0,26286.580078125
EleutherAI/pythia-14m,128,step128,14067712,6,4,49,0,0,0.015259180217981339,0.0,26743.380859375
EleutherAI/pythia-14m,128,step128,14067712,6,4,49,0,1,0.013557306490838528,0.0,26743.380859375
EleutherAI/pythia-14m,128,step128,14067712,6,4,49,0,2,0.013099733740091324,0.0,26743.380859375
EleutherAI/pythia-14m,128,step128,14067712,6,4,49,0,3,0.012564915232360363,0.0,26743.380859375
EleutherAI/pythia-14m,128,step128,14067712,6,4,49,1,0,0.014875482767820358,0.0,26743.380859375
EleutherAI/pythia-14m,128,step128,14067712,6,4,49,1,1,0.01416216604411602,0.0,26743.380859375
EleutherAI/pythia-14m,128,step128,14067712,6,4,49,1,2,0.013175468891859055,0.0,26743.380859375
EleutherAI/pythia-14m,128,step128,14067712,6,4,49,1,3,0.012520525604486465,0.0,26743.380859375
EleutherAI/pythia-14m,128,step128,14067712,6,4,49,2,0,0.012862306088209152,0.0,26743.380859375
EleutherAI/pythia-14m,128,step128,14067712,6,4,49,2,1,0.011806699447333813,0.0,26743.380859375
EleutherAI/pythia-14m,128,step128,14067712,6,4,49,2,2,0.013571441173553467,0.0,26743.380859375
EleutherAI/pythia-14m,128,step128,14067712,6,4,49,2,3,0.011542740277945995,0.0,26743.380859375
EleutherAI/pythia-14m,128,step128,14067712,6,4,49,3,0,0.013173078186810017,0.0,26743.380859375
EleutherAI/pythia-14m,128,step128,14067712,6,4,49,3,1,0.014905836433172226,0.0,26743.380859375
EleutherAI/pythia-14m,128,step128,14067712,6,4,49,3,2,0.015665806829929352,0.0,26743.380859375
EleutherAI/pythia-14m,128,step128,14067712,6,4,49,3,3,0.01486827153712511,0.0,26743.380859375
EleutherAI/pythia-14m,128,step128,14067712,6,4,49,4,0,0.013365063816308975,0.0,26743.380859375
EleutherAI/pythia-14m,128,step128,14067712,6,4,49,4,1,0.009411338716745377,0.0,26743.380859375
EleutherAI/pythia-14m,128,step128,14067712,6,4,49,4,2,0.01086817029863596,0.0,26743.380859375
EleutherAI/pythia-14m,128,step128,14067712,6,4,49,4,3,0.011798293329775333,0.0,26743.380859375
EleutherAI/pythia-14m,128,step128,14067712,6,4,49,5,0,0.01483703963458538,0.0,26743.380859375
EleutherAI/pythia-14m,128,step128,14067712,6,4,49,5,1,0.014755118638277054,0.0,26743.380859375
EleutherAI/pythia-14m,128,step128,14067712,6,4,49,5,2,0.013145973905920982,0.0,26743.380859375
EleutherAI/pythia-14m,128,step128,14067712,6,4,49,5,3,0.014691309072077274,0.0,26743.380859375
EleutherAI/pythia-14m,128,step128,14067712,6,4,50,0,0,0.01592429354786873,0.0,24940.720703125
EleutherAI/pythia-14m,128,step128,14067712,6,4,50,0,1,0.014499983750283718,0.0,24940.720703125
EleutherAI/pythia-14m,128,step128,14067712,6,4,50,0,2,0.013948428444564342,0.0,24940.720703125
EleutherAI/pythia-14m,128,step128,14067712,6,4,50,0,3,0.014442038722336292,0.0,24940.720703125
EleutherAI/pythia-14m,128,step128,14067712,6,4,50,1,0,0.013402099721133709,0.0,24940.720703125
EleutherAI/pythia-14m,128,step128,14067712,6,4,50,1,1,0.014304038137197495,0.0,24940.720703125
EleutherAI/pythia-14m,128,step128,14067712,6,4,50,1,2,0.012237153016030788,0.0,24940.720703125
EleutherAI/pythia-14m,128,step128,14067712,6,4,50,1,3,0.013305600732564926,0.0,24940.720703125
EleutherAI/pythia-14m,128,step128,14067712,6,4,50,2,0,0.01276431605219841,0.0,24940.720703125
EleutherAI/pythia-14m,128,step128,14067712,6,4,50,2,1,0.011534192599356174,0.0,24940.720703125
EleutherAI/pythia-14m,128,step128,14067712,6,4,50,2,2,0.014004639349877834,0.0,24940.720703125
EleutherAI/pythia-14m,128,step128,14067712,6,4,50,2,3,0.013138730078935623,0.0,24940.720703125
EleutherAI/pythia-14m,128,step128,14067712,6,4,50,3,0,0.013100321404635906,0.0,24940.720703125
EleutherAI/pythia-14m,128,step128,14067712,6,4,50,3,1,0.01447251345962286,0.0,24940.720703125
EleutherAI/pythia-14m,128,step128,14067712,6,4,50,3,2,0.016227850690484047,0.0,24940.720703125
EleutherAI/pythia-14m,128,step128,14067712,6,4,50,3,3,0.014481914229691029,0.0,24940.720703125
EleutherAI/pythia-14m,128,step128,14067712,6,4,50,4,0,0.012776180170476437,0.0,24940.720703125
EleutherAI/pythia-14m,128,step128,14067712,6,4,50,4,1,0.008367111906409264,0.0,24940.720703125
EleutherAI/pythia-14m,128,step128,14067712,6,4,50,4,2,0.010132772848010063,0.0,24940.720703125
EleutherAI/pythia-14m,128,step128,14067712,6,4,50,4,3,0.011969163082540035,0.0,24940.720703125
EleutherAI/pythia-14m,128,step128,14067712,6,4,50,5,0,0.015222681686282158,0.0,24940.720703125
EleutherAI/pythia-14m,128,step128,14067712,6,4,50,5,1,0.014834331348538399,0.0,24940.720703125
EleutherAI/pythia-14m,128,step128,14067712,6,4,50,5,2,0.012871223501861095,0.0,24940.720703125
EleutherAI/pythia-14m,128,step128,14067712,6,4,50,5,3,0.014788181520998478,0.0,24940.720703125
EleutherAI/pythia-14m,128,step128,14067712,6,4,51,0,0,0.015551915392279625,0.0,24597.720703125
EleutherAI/pythia-14m,128,step128,14067712,6,4,51,0,1,0.012454514391720295,0.0,24597.720703125
EleutherAI/pythia-14m,128,step128,14067712,6,4,51,0,2,0.014973124489188194,0.0,24597.720703125
EleutherAI/pythia-14m,128,step128,14067712,6,4,51,0,3,0.014158415608108044,0.0,24597.720703125
EleutherAI/pythia-14m,128,step128,14067712,6,4,51,1,0,0.012557437643408775,0.0,24597.720703125
EleutherAI/pythia-14m,128,step128,14067712,6,4,51,1,1,0.012887617573142052,0.0,24597.720703125
EleutherAI/pythia-14m,128,step128,14067712,6,4,51,1,2,0.013179551810026169,0.0,24597.720703125
EleutherAI/pythia-14m,128,step128,14067712,6,4,51,1,3,0.012309359386563301,0.0,24597.720703125
EleutherAI/pythia-14m,128,step128,14067712,6,4,51,2,0,0.013010621070861816,0.0,24597.720703125
EleutherAI/pythia-14m,128,step128,14067712,6,4,51,2,1,0.010912759229540825,0.0,24597.720703125
EleutherAI/pythia-14m,128,step128,14067712,6,4,51,2,2,0.013362158089876175,0.0,24597.720703125
EleutherAI/pythia-14m,128,step128,14067712,6,4,51,2,3,0.01308937557041645,0.0,24597.720703125
EleutherAI/pythia-14m,128,step128,14067712,6,4,51,3,0,0.01308848150074482,0.0,24597.720703125
EleutherAI/pythia-14m,128,step128,14067712,6,4,51,3,1,0.013667473569512367,0.0,24597.720703125
EleutherAI/pythia-14m,128,step128,14067712,6,4,51,3,2,0.016729051247239113,0.0,24597.720703125
EleutherAI/pythia-14m,128,step128,14067712,6,4,51,3,3,0.01358380913734436,0.0,24597.720703125
EleutherAI/pythia-14m,128,step128,14067712,6,4,51,4,0,0.012816962786018848,0.0,24597.720703125
EleutherAI/pythia-14m,128,step128,14067712,6,4,51,4,1,0.008081439882516861,0.0,24597.720703125
EleutherAI/pythia-14m,128,step128,14067712,6,4,51,4,2,0.010649807751178741,0.0,24597.720703125
EleutherAI/pythia-14m,128,step128,14067712,6,4,51,4,3,0.012046538293361664,0.0,24597.720703125
EleutherAI/pythia-14m,128,step128,14067712,6,4,51,5,0,0.014790376648306847,0.0,24597.720703125
EleutherAI/pythia-14m,128,step128,14067712,6,4,51,5,1,0.015470248647034168,0.0,24597.720703125
EleutherAI/pythia-14m,128,step128,14067712,6,4,51,5,2,0.014003003016114235,0.0,24597.720703125
EleutherAI/pythia-14m,128,step128,14067712,6,4,51,5,3,0.014367485418915749,0.0,24597.720703125
EleutherAI/pythia-14m,128,step128,14067712,6,4,52,0,0,0.014352968893945217,0.0,21535.01953125
EleutherAI/pythia-14m,128,step128,14067712,6,4,52,0,1,0.013359575532376766,0.0,21535.01953125
EleutherAI/pythia-14m,128,step128,14067712,6,4,52,0,2,0.01275662798434496,0.0,21535.01953125
EleutherAI/pythia-14m,128,step128,14067712,6,4,52,0,3,0.012935096397995949,0.0,21535.01953125
EleutherAI/pythia-14m,128,step128,14067712,6,4,52,1,0,0.012939215637743473,0.0,21535.01953125
EleutherAI/pythia-14m,128,step128,14067712,6,4,52,1,1,0.013394550420343876,0.0,21535.01953125
EleutherAI/pythia-14m,128,step128,14067712,6,4,52,1,2,0.012923413887619972,0.0,21535.01953125
EleutherAI/pythia-14m,128,step128,14067712,6,4,52,1,3,0.014082594774663448,0.0,21535.01953125
EleutherAI/pythia-14m,128,step128,14067712,6,4,52,2,0,0.01265761349350214,0.0,21535.01953125
EleutherAI/pythia-14m,128,step128,14067712,6,4,52,2,1,0.011367984116077423,0.0,21535.01953125
EleutherAI/pythia-14m,128,step128,14067712,6,4,52,2,2,0.013937938958406448,0.0,21535.01953125
EleutherAI/pythia-14m,128,step128,14067712,6,4,52,2,3,0.013484405353665352,0.0,21535.01953125
EleutherAI/pythia-14m,128,step128,14067712,6,4,52,3,0,0.013130429200828075,0.0,21535.01953125
EleutherAI/pythia-14m,128,step128,14067712,6,4,52,3,1,0.014245264232158661,0.0,21535.01953125
EleutherAI/pythia-14m,128,step128,14067712,6,4,52,3,2,0.01565786451101303,0.0,21535.01953125
EleutherAI/pythia-14m,128,step128,14067712,6,4,52,3,3,0.014791328459978104,0.0,21535.01953125
EleutherAI/pythia-14m,128,step128,14067712,6,4,52,4,0,0.01325336191803217,0.0,21535.01953125
EleutherAI/pythia-14m,128,step128,14067712,6,4,52,4,1,0.009259152226150036,0.0,21535.01953125
EleutherAI/pythia-14m,128,step128,14067712,6,4,52,4,2,0.010544375516474247,0.0,21535.01953125
EleutherAI/pythia-14m,128,step128,14067712,6,4,52,4,3,0.011945345439016819,0.0,21535.01953125
EleutherAI/pythia-14m,128,step128,14067712,6,4,52,5,0,0.015042433515191078,0.0,21535.01953125
EleutherAI/pythia-14m,128,step128,14067712,6,4,52,5,1,0.015183551236987114,0.0,21535.01953125
EleutherAI/pythia-14m,128,step128,14067712,6,4,52,5,2,0.014163639396429062,0.0,21535.01953125
EleutherAI/pythia-14m,128,step128,14067712,6,4,52,5,3,0.014470028690993786,0.0,21535.01953125
EleutherAI/pythia-14m,128,step128,14067712,6,4,53,0,0,0.012802069075405598,0.0,23515.4609375
EleutherAI/pythia-14m,128,step128,14067712,6,4,53,0,1,0.012946532107889652,0.0,23515.4609375
EleutherAI/pythia-14m,128,step128,14067712,6,4,53,0,2,0.013031220063567162,0.0,23515.4609375
EleutherAI/pythia-14m,128,step128,14067712,6,4,53,0,3,0.014409184455871582,0.0,23515.4609375
EleutherAI/pythia-14m,128,step128,14067712,6,4,53,1,0,0.013196510262787342,0.0,23515.4609375
EleutherAI/pythia-14m,128,step128,14067712,6,4,53,1,1,0.013447456061840057,0.0,23515.4609375
EleutherAI/pythia-14m,128,step128,14067712,6,4,53,1,2,0.01414414681494236,0.0,23515.4609375
EleutherAI/pythia-14m,128,step128,14067712,6,4,53,1,3,0.012524900026619434,0.0,23515.4609375
EleutherAI/pythia-14m,128,step128,14067712,6,4,53,2,0,0.013842517510056496,0.0,23515.4609375
EleutherAI/pythia-14m,128,step128,14067712,6,4,53,2,1,0.011142846196889877,0.0,23515.4609375
EleutherAI/pythia-14m,128,step128,14067712,6,4,53,2,2,0.013449511490762234,0.0,23515.4609375
EleutherAI/pythia-14m,128,step128,14067712,6,4,53,2,3,0.013040712103247643,0.0,23515.4609375
EleutherAI/pythia-14m,128,step128,14067712,6,4,53,3,0,0.012177519500255585,0.0,23515.4609375
EleutherAI/pythia-14m,128,step128,14067712,6,4,53,3,1,0.014417510479688644,0.0,23515.4609375
EleutherAI/pythia-14m,128,step128,14067712,6,4,53,3,2,0.016526255756616592,0.0,23515.4609375
EleutherAI/pythia-14m,128,step128,14067712,6,4,53,3,3,0.015021156519651413,0.0,23515.4609375
EleutherAI/pythia-14m,128,step128,14067712,6,4,53,4,0,0.013482523150742054,0.0,23515.4609375
EleutherAI/pythia-14m,128,step128,14067712,6,4,53,4,1,0.008814986795186996,0.0,23515.4609375
EleutherAI/pythia-14m,128,step128,14067712,6,4,53,4,2,0.010453581809997559,0.0,23515.4609375
EleutherAI/pythia-14m,128,step128,14067712,6,4,53,4,3,0.01182570494711399,0.0,23515.4609375
EleutherAI/pythia-14m,128,step128,14067712,6,4,53,5,0,0.014872245490550995,0.0,23515.4609375
EleutherAI/pythia-14m,128,step128,14067712,6,4,53,5,1,0.01589900813996792,0.0,23515.4609375
EleutherAI/pythia-14m,128,step128,14067712,6,4,53,5,2,0.012874417006969452,0.0,23515.4609375
EleutherAI/pythia-14m,128,step128,14067712,6,4,53,5,3,0.014880168251693249,0.0,23515.4609375
EleutherAI/pythia-14m,128,step128,14067712,6,4,54,0,0,0.014328112825751305,0.0,25315.4609375
EleutherAI/pythia-14m,128,step128,14067712,6,4,54,0,1,0.014357967302203178,0.0,25315.4609375
EleutherAI/pythia-14m,128,step128,14067712,6,4,54,0,2,0.014757062308490276,0.0,25315.4609375
EleutherAI/pythia-14m,128,step128,14067712,6,4,54,0,3,0.014003046788275242,0.0,25315.4609375
EleutherAI/pythia-14m,128,step128,14067712,6,4,54,1,0,0.013107004575431347,0.0,25315.4609375
EleutherAI/pythia-14m,128,step128,14067712,6,4,54,1,1,0.014594657346606255,0.0,25315.4609375
EleutherAI/pythia-14m,128,step128,14067712,6,4,54,1,2,0.011781306006014347,0.0,25315.4609375
EleutherAI/pythia-14m,128,step128,14067712,6,4,54,1,3,0.01425156369805336,0.0,25315.4609375
EleutherAI/pythia-14m,128,step128,14067712,6,4,54,2,0,0.012983259744942188,0.0,25315.4609375
EleutherAI/pythia-14m,128,step128,14067712,6,4,54,2,1,0.011381120420992374,0.0,25315.4609375
EleutherAI/pythia-14m,128,step128,14067712,6,4,54,2,2,0.013025755994021893,0.0,25315.4609375
EleutherAI/pythia-14m,128,step128,14067712,6,4,54,2,3,0.011614836752414703,0.0,25315.4609375
EleutherAI/pythia-14m,128,step128,14067712,6,4,54,3,0,0.01294913049787283,0.0,25315.4609375
EleutherAI/pythia-14m,128,step128,14067712,6,4,54,3,1,0.014631125144660473,0.0,25315.4609375
EleutherAI/pythia-14m,128,step128,14067712,6,4,54,3,2,0.015647156164050102,0.0,25315.4609375
EleutherAI/pythia-14m,128,step128,14067712,6,4,54,3,3,0.014027762226760387,0.0,25315.4609375
EleutherAI/pythia-14m,128,step128,14067712,6,4,54,4,0,0.013177518732845783,0.0,25315.4609375
EleutherAI/pythia-14m,128,step128,14067712,6,4,54,4,1,0.008077519945800304,0.0,25315.4609375
EleutherAI/pythia-14m,128,step128,14067712,6,4,54,4,2,0.010677820071578026,0.0,25315.4609375
EleutherAI/pythia-14m,128,step128,14067712,6,4,54,4,3,0.011739898473024368,0.0,25315.4609375
EleutherAI/pythia-14m,128,step128,14067712,6,4,54,5,0,0.014376843348145485,0.0,25315.4609375
EleutherAI/pythia-14m,128,step128,14067712,6,4,54,5,1,0.014970043674111366,0.0,25315.4609375
EleutherAI/pythia-14m,128,step128,14067712,6,4,54,5,2,0.0135433878749609,0.0,25315.4609375
EleutherAI/pythia-14m,128,step128,14067712,6,4,54,5,3,0.014947988092899323,0.0,25315.4609375
EleutherAI/pythia-14m,128,step128,14067712,6,4,55,0,0,0.013341482728719711,0.0,24648.1796875
EleutherAI/pythia-14m,128,step128,14067712,6,4,55,0,1,0.01366797462105751,0.0,24648.1796875
EleutherAI/pythia-14m,128,step128,14067712,6,4,55,0,2,0.013879716396331787,0.0,24648.1796875
EleutherAI/pythia-14m,128,step128,14067712,6,4,55,0,3,0.01591602712869644,0.0,24648.1796875
EleutherAI/pythia-14m,128,step128,14067712,6,4,55,1,0,0.013659514486789703,0.0,24648.1796875
EleutherAI/pythia-14m,128,step128,14067712,6,4,55,1,1,0.014398561790585518,0.0,24648.1796875
EleutherAI/pythia-14m,128,step128,14067712,6,4,55,1,2,0.013234829530119896,0.0,24648.1796875
EleutherAI/pythia-14m,128,step128,14067712,6,4,55,1,3,0.013633578084409237,0.0,24648.1796875
EleutherAI/pythia-14m,128,step128,14067712,6,4,55,2,0,0.011803158558905125,0.0,24648.1796875
EleutherAI/pythia-14m,128,step128,14067712,6,4,55,2,1,0.011057186871767044,0.0,24648.1796875
EleutherAI/pythia-14m,128,step128,14067712,6,4,55,2,2,0.013376235961914062,0.0,24648.1796875
EleutherAI/pythia-14m,128,step128,14067712,6,4,55,2,3,0.013040886260569096,0.0,24648.1796875
EleutherAI/pythia-14m,128,step128,14067712,6,4,55,3,0,0.013258031569421291,0.0,24648.1796875
EleutherAI/pythia-14m,128,step128,14067712,6,4,55,3,1,0.014591669663786888,0.0,24648.1796875
EleutherAI/pythia-14m,128,step128,14067712,6,4,55,3,2,0.015985677018761635,0.0,24648.1796875
EleutherAI/pythia-14m,128,step128,14067712,6,4,55,3,3,0.01452437974512577,0.0,24648.1796875
EleutherAI/pythia-14m,128,step128,14067712,6,4,55,4,0,0.012623604387044907,0.0,24648.1796875
EleutherAI/pythia-14m,128,step128,14067712,6,4,55,4,1,0.00835870485752821,0.0,24648.1796875
EleutherAI/pythia-14m,128,step128,14067712,6,4,55,4,2,0.010037554427981377,0.0,24648.1796875
EleutherAI/pythia-14m,128,step128,14067712,6,4,55,4,3,0.011842080391943455,0.0,24648.1796875
EleutherAI/pythia-14m,128,step128,14067712,6,4,55,5,0,0.014968553557991982,0.0,24648.1796875
EleutherAI/pythia-14m,128,step128,14067712,6,4,55,5,1,0.016045551747083664,0.0,24648.1796875
EleutherAI/pythia-14m,128,step128,14067712,6,4,55,5,2,0.013828638941049576,0.0,24648.1796875
EleutherAI/pythia-14m,128,step128,14067712,6,4,55,5,3,0.014831879176199436,0.0,24648.1796875
EleutherAI/pythia-14m,128,step128,14067712,6,4,56,0,0,0.013961327262222767,0.0,22062.140625
EleutherAI/pythia-14m,128,step128,14067712,6,4,56,0,1,0.012859032489359379,0.0,22062.140625
EleutherAI/pythia-14m,128,step128,14067712,6,4,56,0,2,0.012431001290678978,0.0,22062.140625
EleutherAI/pythia-14m,128,step128,14067712,6,4,56,0,3,0.01342034712433815,0.0,22062.140625
EleutherAI/pythia-14m,128,step128,14067712,6,4,56,1,0,0.012978616170585155,0.0,22062.140625
EleutherAI/pythia-14m,128,step128,14067712,6,4,56,1,1,0.01366226002573967,0.0,22062.140625
EleutherAI/pythia-14m,128,step128,14067712,6,4,56,1,2,0.013814368285238743,0.0,22062.140625
EleutherAI/pythia-14m,128,step128,14067712,6,4,56,1,3,0.012444475665688515,0.0,22062.140625
EleutherAI/pythia-14m,128,step128,14067712,6,4,56,2,0,0.012953599914908409,0.0,22062.140625
EleutherAI/pythia-14m,128,step128,14067712,6,4,56,2,1,0.010575232096016407,0.0,22062.140625
EleutherAI/pythia-14m,128,step128,14067712,6,4,56,2,2,0.01245923899114132,0.0,22062.140625
EleutherAI/pythia-14m,128,step128,14067712,6,4,56,2,3,0.011543397791683674,0.0,22062.140625
EleutherAI/pythia-14m,128,step128,14067712,6,4,56,3,0,0.013174678198993206,0.0,22062.140625
EleutherAI/pythia-14m,128,step128,14067712,6,4,56,3,1,0.01468672975897789,0.0,22062.140625
EleutherAI/pythia-14m,128,step128,14067712,6,4,56,3,2,0.014646239578723907,0.0,22062.140625
EleutherAI/pythia-14m,128,step128,14067712,6,4,56,3,3,0.014724998734891415,0.0,22062.140625
EleutherAI/pythia-14m,128,step128,14067712,6,4,56,4,0,0.013952567242085934,0.0,22062.140625
EleutherAI/pythia-14m,128,step128,14067712,6,4,56,4,1,0.008360983803868294,0.0,22062.140625
EleutherAI/pythia-14m,128,step128,14067712,6,4,56,4,2,0.010892195627093315,0.0,22062.140625
EleutherAI/pythia-14m,128,step128,14067712,6,4,56,4,3,0.011127556674182415,0.0,22062.140625
EleutherAI/pythia-14m,128,step128,14067712,6,4,56,5,0,0.013959403149783611,0.0,22062.140625
EleutherAI/pythia-14m,128,step128,14067712,6,4,56,5,1,0.015560798346996307,0.0,22062.140625
EleutherAI/pythia-14m,128,step128,14067712,6,4,56,5,2,0.013993361964821815,0.0,22062.140625
EleutherAI/pythia-14m,128,step128,14067712,6,4,56,5,3,0.014846408739686012,0.0,22062.140625
EleutherAI/pythia-14m,128,step128,14067712,6,4,57,0,0,0.014431401155889034,0.0,26468.66015625
EleutherAI/pythia-14m,128,step128,14067712,6,4,57,0,1,0.013065232895314693,0.0,26468.66015625
EleutherAI/pythia-14m,128,step128,14067712,6,4,57,0,2,0.012741608545184135,0.0,26468.66015625
EleutherAI/pythia-14m,128,step128,14067712,6,4,57,0,3,0.014182661660015583,0.0,26468.66015625
EleutherAI/pythia-14m,128,step128,14067712,6,4,57,1,0,0.012505442835390568,0.0,26468.66015625
EleutherAI/pythia-14m,128,step128,14067712,6,4,57,1,1,0.01377812772989273,0.0,26468.66015625
EleutherAI/pythia-14m,128,step128,14067712,6,4,57,1,2,0.013551073148846626,0.0,26468.66015625
EleutherAI/pythia-14m,128,step128,14067712,6,4,57,1,3,0.012147405184805393,0.0,26468.66015625
EleutherAI/pythia-14m,128,step128,14067712,6,4,57,2,0,0.013162014074623585,0.0,26468.66015625
EleutherAI/pythia-14m,128,step128,14067712,6,4,57,2,1,0.01110515370965004,0.0,26468.66015625
EleutherAI/pythia-14m,128,step128,14067712,6,4,57,2,2,0.0137352729216218,0.0,26468.66015625
EleutherAI/pythia-14m,128,step128,14067712,6,4,57,2,3,0.012389253824949265,0.0,26468.66015625
EleutherAI/pythia-14m,128,step128,14067712,6,4,57,3,0,0.013010752387344837,0.0,26468.66015625
EleutherAI/pythia-14m,128,step128,14067712,6,4,57,3,1,0.015346054919064045,0.0,26468.66015625
EleutherAI/pythia-14m,128,step128,14067712,6,4,57,3,2,0.016401292756199837,0.0,26468.66015625
EleutherAI/pythia-14m,128,step128,14067712,6,4,57,3,3,0.015741707757115364,0.0,26468.66015625
EleutherAI/pythia-14m,128,step128,14067712,6,4,57,4,0,0.013826041482388973,0.0,26468.66015625
EleutherAI/pythia-14m,128,step128,14067712,6,4,57,4,1,0.008791813626885414,0.0,26468.66015625
EleutherAI/pythia-14m,128,step128,14067712,6,4,57,4,2,0.010514361783862114,0.0,26468.66015625
EleutherAI/pythia-14m,128,step128,14067712,6,4,57,4,3,0.011928165331482887,0.0,26468.66015625
EleutherAI/pythia-14m,128,step128,14067712,6,4,57,5,0,0.014154422096908092,0.0,26468.66015625
EleutherAI/pythia-14m,128,step128,14067712,6,4,57,5,1,0.01509721390902996,0.0,26468.66015625
EleutherAI/pythia-14m,128,step128,14067712,6,4,57,5,2,0.012825467623770237,0.0,26468.66015625
EleutherAI/pythia-14m,128,step128,14067712,6,4,57,5,3,0.014813647605478764,0.0,26468.66015625
EleutherAI/pythia-14m,128,step128,14067712,6,4,58,0,0,0.01432269811630249,0.0,24076.30078125
EleutherAI/pythia-14m,128,step128,14067712,6,4,58,0,1,0.013191234320402145,0.0,24076.30078125
EleutherAI/pythia-14m,128,step128,14067712,6,4,58,0,2,0.013248195871710777,0.0,24076.30078125
EleutherAI/pythia-14m,128,step128,14067712,6,4,58,0,3,0.013122428208589554,0.0,24076.30078125
EleutherAI/pythia-14m,128,step128,14067712,6,4,58,1,0,0.013181585818529129,0.0,24076.30078125
EleutherAI/pythia-14m,128,step128,14067712,6,4,58,1,1,0.014144030399620533,0.0,24076.30078125
EleutherAI/pythia-14m,128,step128,14067712,6,4,58,1,2,0.013569282367825508,0.0,24076.30078125
EleutherAI/pythia-14m,128,step128,14067712,6,4,58,1,3,0.01214984618127346,0.0,24076.30078125
EleutherAI/pythia-14m,128,step128,14067712,6,4,58,2,0,0.01153128407895565,0.0,24076.30078125
EleutherAI/pythia-14m,128,step128,14067712,6,4,58,2,1,0.011086631566286087,0.0,24076.30078125
EleutherAI/pythia-14m,128,step128,14067712,6,4,58,2,2,0.013945218175649643,0.0,24076.30078125
EleutherAI/pythia-14m,128,step128,14067712,6,4,58,2,3,0.013691858388483524,0.0,24076.30078125
EleutherAI/pythia-14m,128,step128,14067712,6,4,58,3,0,0.013146083801984787,0.0,24076.30078125
EleutherAI/pythia-14m,128,step128,14067712,6,4,58,3,1,0.013415672816336155,0.0,24076.30078125
EleutherAI/pythia-14m,128,step128,14067712,6,4,58,3,2,0.015009446069598198,0.0,24076.30078125
EleutherAI/pythia-14m,128,step128,14067712,6,4,58,3,3,0.013521871529519558,0.0,24076.30078125
EleutherAI/pythia-14m,128,step128,14067712,6,4,58,4,0,0.01333070732653141,0.0,24076.30078125
EleutherAI/pythia-14m,128,step128,14067712,6,4,58,4,1,0.008296484127640724,0.0,24076.30078125
EleutherAI/pythia-14m,128,step128,14067712,6,4,58,4,2,0.010531455278396606,0.0,24076.30078125
EleutherAI/pythia-14m,128,step128,14067712,6,4,58,4,3,0.011908875778317451,0.0,24076.30078125
EleutherAI/pythia-14m,128,step128,14067712,6,4,58,5,0,0.01486451830714941,0.0,24076.30078125
EleutherAI/pythia-14m,128,step128,14067712,6,4,58,5,1,0.01525961048901081,0.0,24076.30078125
EleutherAI/pythia-14m,128,step128,14067712,6,4,58,5,2,0.013878016732633114,0.0,24076.30078125
EleutherAI/pythia-14m,128,step128,14067712,6,4,58,5,3,0.014377763494849205,0.0,24076.30078125
EleutherAI/pythia-14m,128,step128,14067712,6,4,59,0,0,0.01347824465483427,0.0,24639.0390625
EleutherAI/pythia-14m,128,step128,14067712,6,4,59,0,1,0.014926290139555931,0.0,24639.0390625
EleutherAI/pythia-14m,128,step128,14067712,6,4,59,0,2,0.014477171935141087,0.0,24639.0390625
EleutherAI/pythia-14m,128,step128,14067712,6,4,59,0,3,0.014534729532897472,0.0,24639.0390625
EleutherAI/pythia-14m,128,step128,14067712,6,4,59,1,0,0.01406579464673996,0.0,24639.0390625
EleutherAI/pythia-14m,128,step128,14067712,6,4,59,1,1,0.014502971433103085,0.0,24639.0390625
EleutherAI/pythia-14m,128,step128,14067712,6,4,59,1,2,0.01228410005569458,0.0,24639.0390625
EleutherAI/pythia-14m,128,step128,14067712,6,4,59,1,3,0.01403044257313013,0.0,24639.0390625
EleutherAI/pythia-14m,128,step128,14067712,6,4,59,2,0,0.012335250154137611,0.0,24639.0390625
EleutherAI/pythia-14m,128,step128,14067712,6,4,59,2,1,0.011044098064303398,0.0,24639.0390625
EleutherAI/pythia-14m,128,step128,14067712,6,4,59,2,2,0.01273208949714899,0.0,24639.0390625
EleutherAI/pythia-14m,128,step128,14067712,6,4,59,2,3,0.012563035823404789,0.0,24639.0390625
EleutherAI/pythia-14m,128,step128,14067712,6,4,59,3,0,0.012480833567678928,0.0,24639.0390625
EleutherAI/pythia-14m,128,step128,14067712,6,4,59,3,1,0.01515164878219366,0.0,24639.0390625
EleutherAI/pythia-14m,128,step128,14067712,6,4,59,3,2,0.01686733402311802,0.0,24639.0390625
EleutherAI/pythia-14m,128,step128,14067712,6,4,59,3,3,0.014841504395008087,0.0,24639.0390625
EleutherAI/pythia-14m,128,step128,14067712,6,4,59,4,0,0.014532620087265968,0.0,24639.0390625
EleutherAI/pythia-14m,128,step128,14067712,6,4,59,4,1,0.00885904673486948,0.0,24639.0390625
EleutherAI/pythia-14m,128,step128,14067712,6,4,59,4,2,0.010827270336449146,0.0,24639.0390625
EleutherAI/pythia-14m,128,step128,14067712,6,4,59,4,3,0.012084807269275188,0.0,24639.0390625
EleutherAI/pythia-14m,128,step128,14067712,6,4,59,5,0,0.014622727409005165,0.0,24639.0390625
EleutherAI/pythia-14m,128,step128,14067712,6,4,59,5,1,0.01573321409523487,0.0,24639.0390625
EleutherAI/pythia-14m,128,step128,14067712,6,4,59,5,2,0.013558881357312202,0.0,24639.0390625
EleutherAI/pythia-14m,128,step128,14067712,6,4,59,5,3,0.014406821690499783,0.0,24639.0390625
EleutherAI/pythia-14m,128,step128,14067712,6,4,60,0,0,0.013590702787041664,0.0,26503.900390625
EleutherAI/pythia-14m,128,step128,14067712,6,4,60,0,1,0.014011511579155922,0.0,26503.900390625
EleutherAI/pythia-14m,128,step128,14067712,6,4,60,0,2,0.013954950496554375,0.0,26503.900390625
EleutherAI/pythia-14m,128,step128,14067712,6,4,60,0,3,0.014060130342841148,0.0,26503.900390625
EleutherAI/pythia-14m,128,step128,14067712,6,4,60,1,0,0.013178215362131596,0.0,26503.900390625
EleutherAI/pythia-14m,128,step128,14067712,6,4,60,1,1,0.014074522070586681,0.0,26503.900390625
EleutherAI/pythia-14m,128,step128,14067712,6,4,60,1,2,0.012475085444748402,0.0,26503.900390625
EleutherAI/pythia-14m,128,step128,14067712,6,4,60,1,3,0.013004157692193985,0.0,26503.900390625
EleutherAI/pythia-14m,128,step128,14067712,6,4,60,2,0,0.013737645000219345,0.0,26503.900390625
EleutherAI/pythia-14m,128,step128,14067712,6,4,60,2,1,0.011003537103533745,0.0,26503.900390625
EleutherAI/pythia-14m,128,step128,14067712,6,4,60,2,2,0.013560264371335506,0.0,26503.900390625
EleutherAI/pythia-14m,128,step128,14067712,6,4,60,2,3,0.012630444020032883,0.0,26503.900390625
EleutherAI/pythia-14m,128,step128,14067712,6,4,60,3,0,0.012741717509925365,0.0,26503.900390625
EleutherAI/pythia-14m,128,step128,14067712,6,4,60,3,1,0.01515141036361456,0.0,26503.900390625
EleutherAI/pythia-14m,128,step128,14067712,6,4,60,3,2,0.017758607864379883,0.0,26503.900390625
EleutherAI/pythia-14m,128,step128,14067712,6,4,60,3,3,0.015061085112392902,0.0,26503.900390625
EleutherAI/pythia-14m,128,step128,14067712,6,4,60,4,0,0.01370166800916195,0.0,26503.900390625
EleutherAI/pythia-14m,128,step128,14067712,6,4,60,4,1,0.008979162201285362,0.0,26503.900390625
EleutherAI/pythia-14m,128,step128,14067712,6,4,60,4,2,0.010612186044454575,0.0,26503.900390625
EleutherAI/pythia-14m,128,step128,14067712,6,4,60,4,3,0.011950352229177952,0.0,26503.900390625
EleutherAI/pythia-14m,128,step128,14067712,6,4,60,5,0,0.014349978417158127,0.0,26503.900390625
EleutherAI/pythia-14m,128,step128,14067712,6,4,60,5,1,0.015496304258704185,0.0,26503.900390625
EleutherAI/pythia-14m,128,step128,14067712,6,4,60,5,2,0.01334569975733757,0.0,26503.900390625
EleutherAI/pythia-14m,128,step128,14067712,6,4,60,5,3,0.014321221970021725,0.0,26503.900390625
EleutherAI/pythia-14m,128,step128,14067712,6,4,61,0,0,0.013134309090673923,0.0,25970.619140625
EleutherAI/pythia-14m,128,step128,14067712,6,4,61,0,1,0.013159985654056072,0.0,25970.619140625
EleutherAI/pythia-14m,128,step128,14067712,6,4,61,0,2,0.013886557891964912,0.0,25970.619140625
EleutherAI/pythia-14m,128,step128,14067712,6,4,61,0,3,0.012994003482162952,0.0,25970.619140625
EleutherAI/pythia-14m,128,step128,14067712,6,4,61,1,0,0.015515944920480251,0.0,25970.619140625
EleutherAI/pythia-14m,128,step128,14067712,6,4,61,1,1,0.013135598041117191,0.0,25970.619140625
EleutherAI/pythia-14m,128,step128,14067712,6,4,61,1,2,0.013160946778953075,0.0,25970.619140625
EleutherAI/pythia-14m,128,step128,14067712,6,4,61,1,3,0.012930073775351048,0.0,25970.619140625
EleutherAI/pythia-14m,128,step128,14067712,6,4,61,2,0,0.012529445812106133,0.0,25970.619140625
EleutherAI/pythia-14m,128,step128,14067712,6,4,61,2,1,0.010462142527103424,0.0,25970.619140625
EleutherAI/pythia-14m,128,step128,14067712,6,4,61,2,2,0.012912566773593426,0.0,25970.619140625
EleutherAI/pythia-14m,128,step128,14067712,6,4,61,2,3,0.01392306201159954,0.0,25970.619140625
EleutherAI/pythia-14m,128,step128,14067712,6,4,61,3,0,0.013170330785214901,0.0,25970.619140625
EleutherAI/pythia-14m,128,step128,14067712,6,4,61,3,1,0.013858973979949951,0.0,25970.619140625
EleutherAI/pythia-14m,128,step128,14067712,6,4,61,3,2,0.016341833397746086,0.0,25970.619140625
EleutherAI/pythia-14m,128,step128,14067712,6,4,61,3,3,0.014464952982962132,0.0,25970.619140625
EleutherAI/pythia-14m,128,step128,14067712,6,4,61,4,0,0.01286384742707014,0.0,25970.619140625
EleutherAI/pythia-14m,128,step128,14067712,6,4,61,4,1,0.008968468755483627,0.0,25970.619140625
EleutherAI/pythia-14m,128,step128,14067712,6,4,61,4,2,0.010119356215000153,0.0,25970.619140625
EleutherAI/pythia-14m,128,step128,14067712,6,4,61,4,3,0.012124950997531414,0.0,25970.619140625
EleutherAI/pythia-14m,128,step128,14067712,6,4,61,5,0,0.015120335854589939,0.0,25970.619140625
EleutherAI/pythia-14m,128,step128,14067712,6,4,61,5,1,0.015194986946880817,0.0,25970.619140625
EleutherAI/pythia-14m,128,step128,14067712,6,4,61,5,2,0.013176733627915382,0.0,25970.619140625
EleutherAI/pythia-14m,128,step128,14067712,6,4,61,5,3,0.014569086953997612,0.0,25970.619140625
EleutherAI/pythia-14m,128,step128,14067712,6,4,62,0,0,0.012689895927906036,0.0,24533.9609375
EleutherAI/pythia-14m,128,step128,14067712,6,4,62,0,1,0.014197340235114098,0.0,24533.9609375
EleutherAI/pythia-14m,128,step128,14067712,6,4,62,0,2,0.01353448536247015,0.0,24533.9609375
EleutherAI/pythia-14m,128,step128,14067712,6,4,62,0,3,0.013583200052380562,0.0,24533.9609375
EleutherAI/pythia-14m,128,step128,14067712,6,4,62,1,0,0.012994823046028614,0.0,24533.9609375
EleutherAI/pythia-14m,128,step128,14067712,6,4,62,1,1,0.012871153652668,0.0,24533.9609375
EleutherAI/pythia-14m,128,step128,14067712,6,4,62,1,2,0.012486625462770462,0.0,24533.9609375
EleutherAI/pythia-14m,128,step128,14067712,6,4,62,1,3,0.012828808277845383,0.0,24533.9609375
EleutherAI/pythia-14m,128,step128,14067712,6,4,62,2,0,0.013453859835863113,0.0,24533.9609375
EleutherAI/pythia-14m,128,step128,14067712,6,4,62,2,1,0.011099019087851048,0.0,24533.9609375
EleutherAI/pythia-14m,128,step128,14067712,6,4,62,2,2,0.013582009822130203,0.0,24533.9609375
EleutherAI/pythia-14m,128,step128,14067712,6,4,62,2,3,0.012897581793367863,0.0,24533.9609375
EleutherAI/pythia-14m,128,step128,14067712,6,4,62,3,0,0.013415963388979435,0.0,24533.9609375
EleutherAI/pythia-14m,128,step128,14067712,6,4,62,3,1,0.013851262629032135,0.0,24533.9609375
EleutherAI/pythia-14m,128,step128,14067712,6,4,62,3,2,0.01620142161846161,0.0,24533.9609375
EleutherAI/pythia-14m,128,step128,14067712,6,4,62,3,3,0.014148696325719357,0.0,24533.9609375
EleutherAI/pythia-14m,128,step128,14067712,6,4,62,4,0,0.013544010929763317,0.0,24533.9609375
EleutherAI/pythia-14m,128,step128,14067712,6,4,62,4,1,0.008900278247892857,0.0,24533.9609375
EleutherAI/pythia-14m,128,step128,14067712,6,4,62,4,2,0.01068795844912529,0.0,24533.9609375
EleutherAI/pythia-14m,128,step128,14067712,6,4,62,4,3,0.012146677821874619,0.0,24533.9609375
EleutherAI/pythia-14m,128,step128,14067712,6,4,62,5,0,0.015468168072402477,0.0,24533.9609375
EleutherAI/pythia-14m,128,step128,14067712,6,4,62,5,1,0.016280721873044968,0.0,24533.9609375
EleutherAI/pythia-14m,128,step128,14067712,6,4,62,5,2,0.013732717372477055,0.0,24533.9609375
EleutherAI/pythia-14m,128,step128,14067712,6,4,62,5,3,0.014211607165634632,0.0,24533.9609375
EleutherAI/pythia-14m,128,step128,14067712,6,4,63,0,0,0.012423021718859673,0.0,28746.599609375
EleutherAI/pythia-14m,128,step128,14067712,6,4,63,0,1,0.01467288937419653,0.0,28746.599609375
EleutherAI/pythia-14m,128,step128,14067712,6,4,63,0,2,0.013117603957653046,0.0,28746.599609375
EleutherAI/pythia-14m,128,step128,14067712,6,4,63,0,3,0.012608906254172325,0.0,28746.599609375
EleutherAI/pythia-14m,128,step128,14067712,6,4,63,1,0,0.01299923937767744,0.0,28746.599609375
EleutherAI/pythia-14m,128,step128,14067712,6,4,63,1,1,0.014025380834937096,0.0,28746.599609375
EleutherAI/pythia-14m,128,step128,14067712,6,4,63,1,2,0.01234409585595131,0.0,28746.599609375
EleutherAI/pythia-14m,128,step128,14067712,6,4,63,1,3,0.01347628328949213,0.0,28746.599609375
EleutherAI/pythia-14m,128,step128,14067712,6,4,63,2,0,0.012371483258903027,0.0,28746.599609375
EleutherAI/pythia-14m,128,step128,14067712,6,4,63,2,1,0.011664859019219875,0.0,28746.599609375
EleutherAI/pythia-14m,128,step128,14067712,6,4,63,2,2,0.014478633180260658,0.0,28746.599609375
EleutherAI/pythia-14m,128,step128,14067712,6,4,63,2,3,0.012924998998641968,0.0,28746.599609375
EleutherAI/pythia-14m,128,step128,14067712,6,4,63,3,0,0.013573243282735348,0.0,28746.599609375
EleutherAI/pythia-14m,128,step128,14067712,6,4,63,3,1,0.013525452464818954,0.0,28746.599609375
EleutherAI/pythia-14m,128,step128,14067712,6,4,63,3,2,0.015807297080755234,0.0,28746.599609375
EleutherAI/pythia-14m,128,step128,14067712,6,4,63,3,3,0.014273018576204777,0.0,28746.599609375
EleutherAI/pythia-14m,128,step128,14067712,6,4,63,4,0,0.01275873463600874,0.0,28746.599609375
EleutherAI/pythia-14m,128,step128,14067712,6,4,63,4,1,0.008660274557769299,0.0,28746.599609375
EleutherAI/pythia-14m,128,step128,14067712,6,4,63,4,2,0.01099206879734993,0.0,28746.599609375
EleutherAI/pythia-14m,128,step128,14067712,6,4,63,4,3,0.01192228589206934,0.0,28746.599609375
EleutherAI/pythia-14m,128,step128,14067712,6,4,63,5,0,0.014887776225805283,0.0,28746.599609375
EleutherAI/pythia-14m,128,step128,14067712,6,4,63,5,1,0.015334421768784523,0.0,28746.599609375
EleutherAI/pythia-14m,128,step128,14067712,6,4,63,5,2,0.013019032776355743,0.0,28746.599609375
EleutherAI/pythia-14m,128,step128,14067712,6,4,63,5,3,0.013964274898171425,0.0,28746.599609375
EleutherAI/pythia-14m,128,step128,14067712,6,4,64,0,0,0.012951928190886974,0.0,22083.8203125
EleutherAI/pythia-14m,128,step128,14067712,6,4,64,0,1,0.013554547913372517,0.0,22083.8203125
EleutherAI/pythia-14m,128,step128,14067712,6,4,64,0,2,0.013825815171003342,0.0,22083.8203125
EleutherAI/pythia-14m,128,step128,14067712,6,4,64,0,3,0.013443447649478912,0.0,22083.8203125
EleutherAI/pythia-14m,128,step128,14067712,6,4,64,1,0,0.014861456118524075,0.0,22083.8203125
EleutherAI/pythia-14m,128,step128,14067712,6,4,64,1,1,0.013935684226453304,0.0,22083.8203125
EleutherAI/pythia-14m,128,step128,14067712,6,4,64,1,2,0.013528096489608288,0.0,22083.8203125
EleutherAI/pythia-14m,128,step128,14067712,6,4,64,1,3,0.012165457010269165,0.0,22083.8203125
EleutherAI/pythia-14m,128,step128,14067712,6,4,64,2,0,0.012582973577082157,0.0,22083.8203125
EleutherAI/pythia-14m,128,step128,14067712,6,4,64,2,1,0.010618581436574459,0.0,22083.8203125
EleutherAI/pythia-14m,128,step128,14067712,6,4,64,2,2,0.01303001120686531,0.0,22083.8203125
EleutherAI/pythia-14m,128,step128,14067712,6,4,64,2,3,0.013127024285495281,0.0,22083.8203125
EleutherAI/pythia-14m,128,step128,14067712,6,4,64,3,0,0.013286569155752659,0.0,22083.8203125
EleutherAI/pythia-14m,128,step128,14067712,6,4,64,3,1,0.013392719440162182,0.0,22083.8203125
EleutherAI/pythia-14m,128,step128,14067712,6,4,64,3,2,0.015752866864204407,0.0,22083.8203125
EleutherAI/pythia-14m,128,step128,14067712,6,4,64,3,3,0.014103703200817108,0.0,22083.8203125
EleutherAI/pythia-14m,128,step128,14067712,6,4,64,4,0,0.012597019784152508,0.0,22083.8203125
EleutherAI/pythia-14m,128,step128,14067712,6,4,64,4,1,0.008263656869530678,0.0,22083.8203125
EleutherAI/pythia-14m,128,step128,14067712,6,4,64,4,2,0.010989696718752384,0.0,22083.8203125
EleutherAI/pythia-14m,128,step128,14067712,6,4,64,4,3,0.013176246546208858,0.0,22083.8203125
EleutherAI/pythia-14m,128,step128,14067712,6,4,64,5,0,0.014161688275635242,0.0,22083.8203125
EleutherAI/pythia-14m,128,step128,14067712,6,4,64,5,1,0.015917005017399788,0.0,22083.8203125
EleutherAI/pythia-14m,128,step128,14067712,6,4,64,5,2,0.013518366031348705,0.0,22083.8203125
EleutherAI/pythia-14m,128,step128,14067712,6,4,64,5,3,0.01397582795470953,0.0,22083.8203125
EleutherAI/pythia-14m,128,step128,14067712,6,4,65,0,0,0.012913866899907589,0.0,20908.83984375
EleutherAI/pythia-14m,128,step128,14067712,6,4,65,0,1,0.015367550775408745,0.0,20908.83984375
EleutherAI/pythia-14m,128,step128,14067712,6,4,65,0,2,0.013635157607495785,0.0,20908.83984375
EleutherAI/pythia-14m,128,step128,14067712,6,4,65,0,3,0.014000547118484974,0.0,20908.83984375
EleutherAI/pythia-14m,128,step128,14067712,6,4,65,1,0,0.01277211308479309,0.0,20908.83984375
EleutherAI/pythia-14m,128,step128,14067712,6,4,65,1,1,0.014028669334948063,0.0,20908.83984375
EleutherAI/pythia-14m,128,step128,14067712,6,4,65,1,2,0.013904653489589691,0.0,20908.83984375
EleutherAI/pythia-14m,128,step128,14067712,6,4,65,1,3,0.013911114074289799,0.0,20908.83984375
EleutherAI/pythia-14m,128,step128,14067712,6,4,65,2,0,0.013212009333074093,0.0,20908.83984375
EleutherAI/pythia-14m,128,step128,14067712,6,4,65,2,1,0.012577622197568417,0.0,20908.83984375
EleutherAI/pythia-14m,128,step128,14067712,6,4,65,2,2,0.01357940211892128,0.0,20908.83984375
EleutherAI/pythia-14m,128,step128,14067712,6,4,65,2,3,0.013168804347515106,0.0,20908.83984375
EleutherAI/pythia-14m,128,step128,14067712,6,4,65,3,0,0.012769320048391819,0.0,20908.83984375
EleutherAI/pythia-14m,128,step128,14067712,6,4,65,3,1,0.013883406296372414,0.0,20908.83984375
EleutherAI/pythia-14m,128,step128,14067712,6,4,65,3,2,0.01640269346535206,0.0,20908.83984375
EleutherAI/pythia-14m,128,step128,14067712,6,4,65,3,3,0.01559374202042818,0.0,20908.83984375
EleutherAI/pythia-14m,128,step128,14067712,6,4,65,4,0,0.0134426923468709,0.0,20908.83984375
EleutherAI/pythia-14m,128,step128,14067712,6,4,65,4,1,0.00865570642054081,0.0,20908.83984375
EleutherAI/pythia-14m,128,step128,14067712,6,4,65,4,2,0.010716404765844345,0.0,20908.83984375
EleutherAI/pythia-14m,128,step128,14067712,6,4,65,4,3,0.011975093744695187,0.0,20908.83984375
EleutherAI/pythia-14m,128,step128,14067712,6,4,65,5,0,0.015422769822180271,0.0,20908.83984375
EleutherAI/pythia-14m,128,step128,14067712,6,4,65,5,1,0.01585124433040619,0.0,20908.83984375
EleutherAI/pythia-14m,128,step128,14067712,6,4,65,5,2,0.012997380457818508,0.0,20908.83984375
EleutherAI/pythia-14m,128,step128,14067712,6,4,65,5,3,0.014948239549994469,0.0,20908.83984375
EleutherAI/pythia-14m,128,step128,14067712,6,4,66,0,0,0.01432171743363142,0.0,23275.380859375
EleutherAI/pythia-14m,128,step128,14067712,6,4,66,0,1,0.013335750438272953,0.0,23275.380859375
EleutherAI/pythia-14m,128,step128,14067712,6,4,66,0,2,0.01484632771462202,0.0,23275.380859375
EleutherAI/pythia-14m,128,step128,14067712,6,4,66,0,3,0.013187293894588947,0.0,23275.380859375
EleutherAI/pythia-14m,128,step128,14067712,6,4,66,1,0,0.013494248501956463,0.0,23275.380859375
EleutherAI/pythia-14m,128,step128,14067712,6,4,66,1,1,0.01592826098203659,0.0,23275.380859375
EleutherAI/pythia-14m,128,step128,14067712,6,4,66,1,2,0.011462555266916752,0.0,23275.380859375
EleutherAI/pythia-14m,128,step128,14067712,6,4,66,1,3,0.013889620080590248,0.0,23275.380859375
EleutherAI/pythia-14m,128,step128,14067712,6,4,66,2,0,0.012470953166484833,0.0,23275.380859375
EleutherAI/pythia-14m,128,step128,14067712,6,4,66,2,1,0.011934020556509495,0.0,23275.380859375
EleutherAI/pythia-14m,128,step128,14067712,6,4,66,2,2,0.01254450436681509,0.0,23275.380859375
EleutherAI/pythia-14m,128,step128,14067712,6,4,66,2,3,0.012654018588364124,0.0,23275.380859375
EleutherAI/pythia-14m,128,step128,14067712,6,4,66,3,0,0.012252547778189182,0.0,23275.380859375
EleutherAI/pythia-14m,128,step128,14067712,6,4,66,3,1,0.014649349264800549,0.0,23275.380859375
EleutherAI/pythia-14m,128,step128,14067712,6,4,66,3,2,0.015220068395137787,0.0,23275.380859375
EleutherAI/pythia-14m,128,step128,14067712,6,4,66,3,3,0.013775398954749107,0.0,23275.380859375
EleutherAI/pythia-14m,128,step128,14067712,6,4,66,4,0,0.01330812182277441,0.0,23275.380859375
EleutherAI/pythia-14m,128,step128,14067712,6,4,66,4,1,0.008605730719864368,0.0,23275.380859375
EleutherAI/pythia-14m,128,step128,14067712,6,4,66,4,2,0.01013148296624422,0.0,23275.380859375
EleutherAI/pythia-14m,128,step128,14067712,6,4,66,4,3,0.0117741534486413,0.0,23275.380859375
EleutherAI/pythia-14m,128,step128,14067712,6,4,66,5,0,0.014915887266397476,0.0,23275.380859375
EleutherAI/pythia-14m,128,step128,14067712,6,4,66,5,1,0.01517552975565195,0.0,23275.380859375
EleutherAI/pythia-14m,128,step128,14067712,6,4,66,5,2,0.013796307146549225,0.0,23275.380859375
EleutherAI/pythia-14m,128,step128,14067712,6,4,66,5,3,0.014509439468383789,0.0,23275.380859375
EleutherAI/pythia-14m,128,step128,14067712,6,4,67,0,0,0.013748402707278728,0.0,23511.619140625
EleutherAI/pythia-14m,128,step128,14067712,6,4,67,0,1,0.014787760563194752,0.0,23511.619140625
EleutherAI/pythia-14m,128,step128,14067712,6,4,67,0,2,0.013419002294540405,0.0,23511.619140625
EleutherAI/pythia-14m,128,step128,14067712,6,4,67,0,3,0.013570995070040226,0.0,23511.619140625
EleutherAI/pythia-14m,128,step128,14067712,6,4,67,1,0,0.011772923171520233,0.0,23511.619140625
EleutherAI/pythia-14m,128,step128,14067712,6,4,67,1,1,0.014092735014855862,0.0,23511.619140625
EleutherAI/pythia-14m,128,step128,14067712,6,4,67,1,2,0.013458647765219212,0.0,23511.619140625
EleutherAI/pythia-14m,128,step128,14067712,6,4,67,1,3,0.013379774056375027,0.0,23511.619140625
EleutherAI/pythia-14m,128,step128,14067712,6,4,67,2,0,0.012160265818238258,0.0,23511.619140625
EleutherAI/pythia-14m,128,step128,14067712,6,4,67,2,1,0.012800092808902264,0.0,23511.619140625
EleutherAI/pythia-14m,128,step128,14067712,6,4,67,2,2,0.013226879760622978,0.0,23511.619140625
EleutherAI/pythia-14m,128,step128,14067712,6,4,67,2,3,0.013470380567014217,0.0,23511.619140625
EleutherAI/pythia-14m,128,step128,14067712,6,4,67,3,0,0.012900372967123985,0.0,23511.619140625
EleutherAI/pythia-14m,128,step128,14067712,6,4,67,3,1,0.014307665638625622,0.0,23511.619140625
EleutherAI/pythia-14m,128,step128,14067712,6,4,67,3,2,0.016032611951231956,0.0,23511.619140625
EleutherAI/pythia-14m,128,step128,14067712,6,4,67,3,3,0.014409426599740982,0.0,23511.619140625
EleutherAI/pythia-14m,128,step128,14067712,6,4,67,4,0,0.013342397287487984,0.0,23511.619140625
EleutherAI/pythia-14m,128,step128,14067712,6,4,67,4,1,0.008968735113739967,0.0,23511.619140625
EleutherAI/pythia-14m,128,step128,14067712,6,4,67,4,2,0.010589778423309326,0.0,23511.619140625
EleutherAI/pythia-14m,128,step128,14067712,6,4,67,4,3,0.012063879519701004,0.0,23511.619140625
EleutherAI/pythia-14m,128,step128,14067712,6,4,67,5,0,0.014824248850345612,0.0,23511.619140625
EleutherAI/pythia-14m,128,step128,14067712,6,4,67,5,1,0.015236837789416313,0.0,23511.619140625
EleutherAI/pythia-14m,128,step128,14067712,6,4,67,5,2,0.013403725810348988,0.0,23511.619140625
EleutherAI/pythia-14m,128,step128,14067712,6,4,67,5,3,0.014636256732046604,0.0,23511.619140625
EleutherAI/pythia-14m,128,step128,14067712,6,4,68,0,0,0.014213450253009796,0.0,25092.69921875
EleutherAI/pythia-14m,128,step128,14067712,6,4,68,0,1,0.015510248020291328,0.0,25092.69921875
EleutherAI/pythia-14m,128,step128,14067712,6,4,68,0,2,0.013546203263103962,0.0,25092.69921875
EleutherAI/pythia-14m,128,step128,14067712,6,4,68,0,3,0.013750039041042328,0.0,25092.69921875
EleutherAI/pythia-14m,128,step128,14067712,6,4,68,1,0,0.01231370959430933,0.0,25092.69921875
EleutherAI/pythia-14m,128,step128,14067712,6,4,68,1,1,0.013991355895996094,0.0,25092.69921875
EleutherAI/pythia-14m,128,step128,14067712,6,4,68,1,2,0.013261382468044758,0.0,25092.69921875
EleutherAI/pythia-14m,128,step128,14067712,6,4,68,1,3,0.012933993712067604,0.0,25092.69921875
EleutherAI/pythia-14m,128,step128,14067712,6,4,68,2,0,0.013130545616149902,0.0,25092.69921875
EleutherAI/pythia-14m,128,step128,14067712,6,4,68,2,1,0.011160198599100113,0.0,25092.69921875
EleutherAI/pythia-14m,128,step128,14067712,6,4,68,2,2,0.013241894543170929,0.0,25092.69921875
EleutherAI/pythia-14m,128,step128,14067712,6,4,68,2,3,0.012829594314098358,0.0,25092.69921875
EleutherAI/pythia-14m,128,step128,14067712,6,4,68,3,0,0.01310654915869236,0.0,25092.69921875
EleutherAI/pythia-14m,128,step128,14067712,6,4,68,3,1,0.014137688092887402,0.0,25092.69921875
EleutherAI/pythia-14m,128,step128,14067712,6,4,68,3,2,0.015298519283533096,0.0,25092.69921875
EleutherAI/pythia-14m,128,step128,14067712,6,4,68,3,3,0.013572721742093563,0.0,25092.69921875
EleutherAI/pythia-14m,128,step128,14067712,6,4,68,4,0,0.013663386926054955,0.0,25092.69921875
EleutherAI/pythia-14m,128,step128,14067712,6,4,68,4,1,0.00873460154980421,0.0,25092.69921875
EleutherAI/pythia-14m,128,step128,14067712,6,4,68,4,2,0.010954231955111027,0.0,25092.69921875
EleutherAI/pythia-14m,128,step128,14067712,6,4,68,4,3,0.011742648668587208,0.0,25092.69921875
EleutherAI/pythia-14m,128,step128,14067712,6,4,68,5,0,0.015156184323132038,0.0,25092.69921875
EleutherAI/pythia-14m,128,step128,14067712,6,4,68,5,1,0.015456089749932289,0.0,25092.69921875
EleutherAI/pythia-14m,128,step128,14067712,6,4,68,5,2,0.014098713174462318,0.0,25092.69921875
EleutherAI/pythia-14m,128,step128,14067712,6,4,68,5,3,0.014216686598956585,0.0,25092.69921875
EleutherAI/pythia-14m,128,step128,14067712,6,4,69,0,0,0.014322402887046337,0.0,23519.19921875
EleutherAI/pythia-14m,128,step128,14067712,6,4,69,0,1,0.013299050740897655,0.0,23519.19921875
EleutherAI/pythia-14m,128,step128,14067712,6,4,69,0,2,0.013302750885486603,0.0,23519.19921875
EleutherAI/pythia-14m,128,step128,14067712,6,4,69,0,3,0.013524698093533516,0.0,23519.19921875
EleutherAI/pythia-14m,128,step128,14067712,6,4,69,1,0,0.0132015785202384,0.0,23519.19921875
EleutherAI/pythia-14m,128,step128,14067712,6,4,69,1,1,0.012461011298000813,0.0,23519.19921875
EleutherAI/pythia-14m,128,step128,14067712,6,4,69,1,2,0.01369175873696804,0.0,23519.19921875
EleutherAI/pythia-14m,128,step128,14067712,6,4,69,1,3,0.01394237857311964,0.0,23519.19921875
EleutherAI/pythia-14m,128,step128,14067712,6,4,69,2,0,0.01220147404819727,0.0,23519.19921875
EleutherAI/pythia-14m,128,step128,14067712,6,4,69,2,1,0.010502176359295845,0.0,23519.19921875
EleutherAI/pythia-14m,128,step128,14067712,6,4,69,2,2,0.013369414955377579,0.0,23519.19921875
EleutherAI/pythia-14m,128,step128,14067712,6,4,69,2,3,0.013067632913589478,0.0,23519.19921875
EleutherAI/pythia-14m,128,step128,14067712,6,4,69,3,0,0.012823795899748802,0.0,23519.19921875
EleutherAI/pythia-14m,128,step128,14067712,6,4,69,3,1,0.014387361705303192,0.0,23519.19921875
EleutherAI/pythia-14m,128,step128,14067712,6,4,69,3,2,0.01580391637980938,0.0,23519.19921875
EleutherAI/pythia-14m,128,step128,14067712,6,4,69,3,3,0.014612077735364437,0.0,23519.19921875
EleutherAI/pythia-14m,128,step128,14067712,6,4,69,4,0,0.013440823182463646,0.0,23519.19921875
EleutherAI/pythia-14m,128,step128,14067712,6,4,69,4,1,0.008560610003769398,0.0,23519.19921875
EleutherAI/pythia-14m,128,step128,14067712,6,4,69,4,2,0.010045487433671951,0.0,23519.19921875
EleutherAI/pythia-14m,128,step128,14067712,6,4,69,4,3,0.011755026876926422,0.0,23519.19921875
EleutherAI/pythia-14m,128,step128,14067712,6,4,69,5,0,0.014861924573779106,0.0,23519.19921875
EleutherAI/pythia-14m,128,step128,14067712,6,4,69,5,1,0.014667107723653316,0.0,23519.19921875
EleutherAI/pythia-14m,128,step128,14067712,6,4,69,5,2,0.013665726408362389,0.0,23519.19921875
EleutherAI/pythia-14m,128,step128,14067712,6,4,69,5,3,0.014661857858300209,0.0,23519.19921875
EleutherAI/pythia-14m,128,step128,14067712,6,4,70,0,0,0.013958888128399849,0.0,24483.0
EleutherAI/pythia-14m,128,step128,14067712,6,4,70,0,1,0.012313714250922203,0.0,24483.0
EleutherAI/pythia-14m,128,step128,14067712,6,4,70,0,2,0.013132031075656414,0.0,24483.0
EleutherAI/pythia-14m,128,step128,14067712,6,4,70,0,3,0.013816755264997482,0.0,24483.0
EleutherAI/pythia-14m,128,step128,14067712,6,4,70,1,0,0.012408819980919361,0.0,24483.0
EleutherAI/pythia-14m,128,step128,14067712,6,4,70,1,1,0.013594207353889942,0.0,24483.0
EleutherAI/pythia-14m,128,step128,14067712,6,4,70,1,2,0.012548213824629784,0.0,24483.0
EleutherAI/pythia-14m,128,step128,14067712,6,4,70,1,3,0.012387472204864025,0.0,24483.0
EleutherAI/pythia-14m,128,step128,14067712,6,4,70,2,0,0.012334618717432022,0.0,24483.0
EleutherAI/pythia-14m,128,step128,14067712,6,4,70,2,1,0.010240087285637856,0.0,24483.0
EleutherAI/pythia-14m,128,step128,14067712,6,4,70,2,2,0.013050640933215618,0.0,24483.0
EleutherAI/pythia-14m,128,step128,14067712,6,4,70,2,3,0.012490611523389816,0.0,24483.0
EleutherAI/pythia-14m,128,step128,14067712,6,4,70,3,0,0.012785889208316803,0.0,24483.0
EleutherAI/pythia-14m,128,step128,14067712,6,4,70,3,1,0.014848172664642334,0.0,24483.0
EleutherAI/pythia-14m,128,step128,14067712,6,4,70,3,2,0.016274739056825638,0.0,24483.0
EleutherAI/pythia-14m,128,step128,14067712,6,4,70,3,3,0.013212723657488823,0.0,24483.0
EleutherAI/pythia-14m,128,step128,14067712,6,4,70,4,0,0.013118002563714981,0.0,24483.0
EleutherAI/pythia-14m,128,step128,14067712,6,4,70,4,1,0.008982276543974876,0.0,24483.0
EleutherAI/pythia-14m,128,step128,14067712,6,4,70,4,2,0.010840792208909988,0.0,24483.0
EleutherAI/pythia-14m,128,step128,14067712,6,4,70,4,3,0.012124951928853989,0.0,24483.0
EleutherAI/pythia-14m,128,step128,14067712,6,4,70,5,0,0.014694128185510635,0.0,24483.0
EleutherAI/pythia-14m,128,step128,14067712,6,4,70,5,1,0.015489640645682812,0.0,24483.0
EleutherAI/pythia-14m,128,step128,14067712,6,4,70,5,2,0.013332412578165531,0.0,24483.0
EleutherAI/pythia-14m,128,step128,14067712,6,4,70,5,3,0.013940575532615185,0.0,24483.0
EleutherAI/pythia-14m,128,step128,14067712,6,4,71,0,0,0.013694521971046925,0.0,24611.140625
EleutherAI/pythia-14m,128,step128,14067712,6,4,71,0,1,0.013929290696978569,0.0,24611.140625
EleutherAI/pythia-14m,128,step128,14067712,6,4,71,0,2,0.015571649186313152,0.0,24611.140625
EleutherAI/pythia-14m,128,step128,14067712,6,4,71,0,3,0.014071443118155003,0.0,24611.140625
EleutherAI/pythia-14m,128,step128,14067712,6,4,71,1,0,0.01432755310088396,0.0,24611.140625
EleutherAI/pythia-14m,128,step128,14067712,6,4,71,1,1,0.01388328056782484,0.0,24611.140625
EleutherAI/pythia-14m,128,step128,14067712,6,4,71,1,2,0.012442993931472301,0.0,24611.140625
EleutherAI/pythia-14m,128,step128,14067712,6,4,71,1,3,0.013302219100296497,0.0,24611.140625
EleutherAI/pythia-14m,128,step128,14067712,6,4,71,2,0,0.012595352716743946,0.0,24611.140625
EleutherAI/pythia-14m,128,step128,14067712,6,4,71,2,1,0.012779220007359982,0.0,24611.140625
EleutherAI/pythia-14m,128,step128,14067712,6,4,71,2,2,0.013687686994671822,0.0,24611.140625
EleutherAI/pythia-14m,128,step128,14067712,6,4,71,2,3,0.012518303468823433,0.0,24611.140625
EleutherAI/pythia-14m,128,step128,14067712,6,4,71,3,0,0.012966220267117023,0.0,24611.140625
EleutherAI/pythia-14m,128,step128,14067712,6,4,71,3,1,0.01465186569839716,0.0,24611.140625
EleutherAI/pythia-14m,128,step128,14067712,6,4,71,3,2,0.016184531152248383,0.0,24611.140625
EleutherAI/pythia-14m,128,step128,14067712,6,4,71,3,3,0.015033461153507233,0.0,24611.140625
EleutherAI/pythia-14m,128,step128,14067712,6,4,71,4,0,0.013750412501394749,0.0,24611.140625
EleutherAI/pythia-14m,128,step128,14067712,6,4,71,4,1,0.008901580236852169,0.0,24611.140625
EleutherAI/pythia-14m,128,step128,14067712,6,4,71,4,2,0.01138711255043745,0.0,24611.140625
EleutherAI/pythia-14m,128,step128,14067712,6,4,71,4,3,0.011404547840356827,0.0,24611.140625
EleutherAI/pythia-14m,128,step128,14067712,6,4,71,5,0,0.01479528471827507,0.0,24611.140625
EleutherAI/pythia-14m,128,step128,14067712,6,4,71,5,1,0.015072811394929886,0.0,24611.140625
EleutherAI/pythia-14m,128,step128,14067712,6,4,71,5,2,0.014395776204764843,0.0,24611.140625
EleutherAI/pythia-14m,128,step128,14067712,6,4,71,5,3,0.014466676861047745,0.0,24611.140625
EleutherAI/pythia-14m,128,step128,14067712,6,4,72,0,0,0.01337423361837864,0.0,22462.5
EleutherAI/pythia-14m,128,step128,14067712,6,4,72,0,1,0.012822568416595459,0.0,22462.5
EleutherAI/pythia-14m,128,step128,14067712,6,4,72,0,2,0.01432825531810522,0.0,22462.5
EleutherAI/pythia-14m,128,step128,14067712,6,4,72,0,3,0.014373031444847584,0.0,22462.5
EleutherAI/pythia-14m,128,step128,14067712,6,4,72,1,0,0.014177768491208553,0.0,22462.5
EleutherAI/pythia-14m,128,step128,14067712,6,4,72,1,1,0.013057384639978409,0.0,22462.5
EleutherAI/pythia-14m,128,step128,14067712,6,4,72,1,2,0.013387210667133331,0.0,22462.5
EleutherAI/pythia-14m,128,step128,14067712,6,4,72,1,3,0.012334486469626427,0.0,22462.5
EleutherAI/pythia-14m,128,step128,14067712,6,4,72,2,0,0.013118845410645008,0.0,22462.5
EleutherAI/pythia-14m,128,step128,14067712,6,4,72,2,1,0.012051573023200035,0.0,22462.5
EleutherAI/pythia-14m,128,step128,14067712,6,4,72,2,2,0.013744723983108997,0.0,22462.5
EleutherAI/pythia-14m,128,step128,14067712,6,4,72,2,3,0.01320166327059269,0.0,22462.5
EleutherAI/pythia-14m,128,step128,14067712,6,4,72,3,0,0.013535792008042336,0.0,22462.5
EleutherAI/pythia-14m,128,step128,14067712,6,4,72,3,1,0.015129122883081436,0.0,22462.5
EleutherAI/pythia-14m,128,step128,14067712,6,4,72,3,2,0.016116824001073837,0.0,22462.5
EleutherAI/pythia-14m,128,step128,14067712,6,4,72,3,3,0.015314741991460323,0.0,22462.5
EleutherAI/pythia-14m,128,step128,14067712,6,4,72,4,0,0.013682641088962555,0.0,22462.5
EleutherAI/pythia-14m,128,step128,14067712,6,4,72,4,1,0.00813543051481247,0.0,22462.5
EleutherAI/pythia-14m,128,step128,14067712,6,4,72,4,2,0.010488878935575485,0.0,22462.5
EleutherAI/pythia-14m,128,step128,14067712,6,4,72,4,3,0.011943805031478405,0.0,22462.5
EleutherAI/pythia-14m,128,step128,14067712,6,4,72,5,0,0.015153687447309494,0.0,22462.5
EleutherAI/pythia-14m,128,step128,14067712,6,4,72,5,1,0.015440446324646473,0.0,22462.5
EleutherAI/pythia-14m,128,step128,14067712,6,4,72,5,2,0.013794061727821827,0.0,22462.5
EleutherAI/pythia-14m,128,step128,14067712,6,4,72,5,3,0.014713474549353123,0.0,22462.5
EleutherAI/pythia-14m,128,step128,14067712,6,4,73,0,0,0.015690971165895462,0.0,23022.3203125
EleutherAI/pythia-14m,128,step128,14067712,6,4,73,0,1,0.013265189714729786,0.0,23022.3203125
EleutherAI/pythia-14m,128,step128,14067712,6,4,73,0,2,0.014213808812201023,0.0,23022.3203125
EleutherAI/pythia-14m,128,step128,14067712,6,4,73,0,3,0.011702451854944229,0.0,23022.3203125
EleutherAI/pythia-14m,128,step128,14067712,6,4,73,1,0,0.013226768933236599,0.0,23022.3203125
EleutherAI/pythia-14m,128,step128,14067712,6,4,73,1,1,0.012629380449652672,0.0,23022.3203125
EleutherAI/pythia-14m,128,step128,14067712,6,4,73,1,2,0.013630923815071583,0.0,23022.3203125
EleutherAI/pythia-14m,128,step128,14067712,6,4,73,1,3,0.013699786737561226,0.0,23022.3203125
EleutherAI/pythia-14m,128,step128,14067712,6,4,73,2,0,0.012954444624483585,0.0,23022.3203125
EleutherAI/pythia-14m,128,step128,14067712,6,4,73,2,1,0.012148244306445122,0.0,23022.3203125
EleutherAI/pythia-14m,128,step128,14067712,6,4,73,2,2,0.01293149683624506,0.0,23022.3203125
EleutherAI/pythia-14m,128,step128,14067712,6,4,73,2,3,0.01312517374753952,0.0,23022.3203125
EleutherAI/pythia-14m,128,step128,14067712,6,4,73,3,0,0.012122634798288345,0.0,23022.3203125
EleutherAI/pythia-14m,128,step128,14067712,6,4,73,3,1,0.014111540280282497,0.0,23022.3203125
EleutherAI/pythia-14m,128,step128,14067712,6,4,73,3,2,0.01576017588376999,0.0,23022.3203125
EleutherAI/pythia-14m,128,step128,14067712,6,4,73,3,3,0.01340281032025814,0.0,23022.3203125
EleutherAI/pythia-14m,128,step128,14067712,6,4,73,4,0,0.013553068973124027,0.0,23022.3203125
EleutherAI/pythia-14m,128,step128,14067712,6,4,73,4,1,0.008355805650353432,0.0,23022.3203125
EleutherAI/pythia-14m,128,step128,14067712,6,4,73,4,2,0.010289601050317287,0.0,23022.3203125
EleutherAI/pythia-14m,128,step128,14067712,6,4,73,4,3,0.011869950219988823,0.0,23022.3203125
EleutherAI/pythia-14m,128,step128,14067712,6,4,73,5,0,0.01495826244354248,0.0,23022.3203125
EleutherAI/pythia-14m,128,step128,14067712,6,4,73,5,1,0.01576068624854088,0.0,23022.3203125
EleutherAI/pythia-14m,128,step128,14067712,6,4,73,5,2,0.013819906860589981,0.0,23022.3203125
EleutherAI/pythia-14m,128,step128,14067712,6,4,73,5,3,0.014848831109702587,0.0,23022.3203125
EleutherAI/pythia-14m,128,step128,14067712,6,4,74,0,0,0.013460946269333363,0.0,26745.259765625
EleutherAI/pythia-14m,128,step128,14067712,6,4,74,0,1,0.013505731709301472,0.0,26745.259765625
EleutherAI/pythia-14m,128,step128,14067712,6,4,74,0,2,0.012406979687511921,0.0,26745.259765625
EleutherAI/pythia-14m,128,step128,14067712,6,4,74,0,3,0.013479003682732582,0.0,26745.259765625
EleutherAI/pythia-14m,128,step128,14067712,6,4,74,1,0,0.014062630943953991,0.0,26745.259765625
EleutherAI/pythia-14m,128,step128,14067712,6,4,74,1,1,0.012957614846527576,0.0,26745.259765625
EleutherAI/pythia-14m,128,step128,14067712,6,4,74,1,2,0.013358858413994312,0.0,26745.259765625
EleutherAI/pythia-14m,128,step128,14067712,6,4,74,1,3,0.012499997392296791,0.0,26745.259765625
EleutherAI/pythia-14m,128,step128,14067712,6,4,74,2,0,0.013431192375719547,0.0,26745.259765625
EleutherAI/pythia-14m,128,step128,14067712,6,4,74,2,1,0.00998857244849205,0.0,26745.259765625
EleutherAI/pythia-14m,128,step128,14067712,6,4,74,2,2,0.013311742804944515,0.0,26745.259765625
EleutherAI/pythia-14m,128,step128,14067712,6,4,74,2,3,0.012581204995512962,0.0,26745.259765625
EleutherAI/pythia-14m,128,step128,14067712,6,4,74,3,0,0.012987442314624786,0.0,26745.259765625
EleutherAI/pythia-14m,128,step128,14067712,6,4,74,3,1,0.014073168858885765,0.0,26745.259765625
EleutherAI/pythia-14m,128,step128,14067712,6,4,74,3,2,0.016042763367295265,0.0,26745.259765625
EleutherAI/pythia-14m,128,step128,14067712,6,4,74,3,3,0.014737997204065323,0.0,26745.259765625
EleutherAI/pythia-14m,128,step128,14067712,6,4,74,4,0,0.012823977507650852,0.0,26745.259765625
EleutherAI/pythia-14m,128,step128,14067712,6,4,74,4,1,0.009331651963293552,0.0,26745.259765625
EleutherAI/pythia-14m,128,step128,14067712,6,4,74,4,2,0.01110655628144741,0.0,26745.259765625
EleutherAI/pythia-14m,128,step128,14067712,6,4,74,4,3,0.012792229652404785,0.0,26745.259765625
EleutherAI/pythia-14m,128,step128,14067712,6,4,74,5,0,0.01467023603618145,0.0,26745.259765625
EleutherAI/pythia-14m,128,step128,14067712,6,4,74,5,1,0.015701711177825928,0.0,26745.259765625
EleutherAI/pythia-14m,128,step128,14067712,6,4,74,5,2,0.013051404617726803,0.0,26745.259765625
EleutherAI/pythia-14m,128,step128,14067712,6,4,74,5,3,0.014837145805358887,0.0,26745.259765625
EleutherAI/pythia-14m,128,step128,14067712,6,4,75,0,0,0.012843895703554153,0.0,21303.060546875
EleutherAI/pythia-14m,128,step128,14067712,6,4,75,0,1,0.014138426631689072,0.0,21303.060546875
EleutherAI/pythia-14m,128,step128,14067712,6,4,75,0,2,0.013171840459108353,0.0,21303.060546875
EleutherAI/pythia-14m,128,step128,14067712,6,4,75,0,3,0.011999547481536865,0.0,21303.060546875
EleutherAI/pythia-14m,128,step128,14067712,6,4,75,1,0,0.012353101745247841,0.0,21303.060546875
EleutherAI/pythia-14m,128,step128,14067712,6,4,75,1,1,0.012537960894405842,0.0,21303.060546875
EleutherAI/pythia-14m,128,step128,14067712,6,4,75,1,2,0.013155382126569748,0.0,21303.060546875
EleutherAI/pythia-14m,128,step128,14067712,6,4,75,1,3,0.012982351705431938,0.0,21303.060546875
EleutherAI/pythia-14m,128,step128,14067712,6,4,75,2,0,0.013522711582481861,0.0,21303.060546875
EleutherAI/pythia-14m,128,step128,14067712,6,4,75,2,1,0.011061495169997215,0.0,21303.060546875
EleutherAI/pythia-14m,128,step128,14067712,6,4,75,2,2,0.012402146123349667,0.0,21303.060546875
EleutherAI/pythia-14m,128,step128,14067712,6,4,75,2,3,0.013020914979279041,0.0,21303.060546875
EleutherAI/pythia-14m,128,step128,14067712,6,4,75,3,0,0.012267577461898327,0.0,21303.060546875
EleutherAI/pythia-14m,128,step128,14067712,6,4,75,3,1,0.01456945389509201,0.0,21303.060546875
EleutherAI/pythia-14m,128,step128,14067712,6,4,75,3,2,0.015665316954255104,0.0,21303.060546875
EleutherAI/pythia-14m,128,step128,14067712,6,4,75,3,3,0.013588974252343178,0.0,21303.060546875
EleutherAI/pythia-14m,128,step128,14067712,6,4,75,4,0,0.012943139299750328,0.0,21303.060546875
EleutherAI/pythia-14m,128,step128,14067712,6,4,75,4,1,0.007967961952090263,0.0,21303.060546875
EleutherAI/pythia-14m,128,step128,14067712,6,4,75,4,2,0.01054035872220993,0.0,21303.060546875
EleutherAI/pythia-14m,128,step128,14067712,6,4,75,4,3,0.01267991866916418,0.0,21303.060546875
EleutherAI/pythia-14m,128,step128,14067712,6,4,75,5,0,0.014652068726718426,0.0,21303.060546875
EleutherAI/pythia-14m,128,step128,14067712,6,4,75,5,1,0.015346514992415905,0.0,21303.060546875
EleutherAI/pythia-14m,128,step128,14067712,6,4,75,5,2,0.013651646673679352,0.0,21303.060546875
EleutherAI/pythia-14m,128,step128,14067712,6,4,75,5,3,0.014553210698068142,0.0,21303.060546875
EleutherAI/pythia-14m,128,step128,14067712,6,4,76,0,0,0.011906692758202553,0.0,25989.01953125
EleutherAI/pythia-14m,128,step128,14067712,6,4,76,0,1,0.014032211154699326,0.0,25989.01953125
EleutherAI/pythia-14m,128,step128,14067712,6,4,76,0,2,0.013730347156524658,0.0,25989.01953125
EleutherAI/pythia-14m,128,step128,14067712,6,4,76,0,3,0.013116829097270966,0.0,25989.01953125
EleutherAI/pythia-14m,128,step128,14067712,6,4,76,1,0,0.013873403891921043,0.0,25989.01953125
EleutherAI/pythia-14m,128,step128,14067712,6,4,76,1,1,0.012691209092736244,0.0,25989.01953125
EleutherAI/pythia-14m,128,step128,14067712,6,4,76,1,2,0.012751701287925243,0.0,25989.01953125
EleutherAI/pythia-14m,128,step128,14067712,6,4,76,1,3,0.01325726043432951,0.0,25989.01953125
EleutherAI/pythia-14m,128,step128,14067712,6,4,76,2,0,0.013724647462368011,0.0,25989.01953125
EleutherAI/pythia-14m,128,step128,14067712,6,4,76,2,1,0.010740361176431179,0.0,25989.01953125
EleutherAI/pythia-14m,128,step128,14067712,6,4,76,2,2,0.014080357737839222,0.0,25989.01953125
EleutherAI/pythia-14m,128,step128,14067712,6,4,76,2,3,0.013727071695029736,0.0,25989.01953125
EleutherAI/pythia-14m,128,step128,14067712,6,4,76,3,0,0.012362545356154442,0.0,25989.01953125
EleutherAI/pythia-14m,128,step128,14067712,6,4,76,3,1,0.01302881445735693,0.0,25989.01953125
EleutherAI/pythia-14m,128,step128,14067712,6,4,76,3,2,0.015036173164844513,0.0,25989.01953125
EleutherAI/pythia-14m,128,step128,14067712,6,4,76,3,3,0.014901472255587578,0.0,25989.01953125
EleutherAI/pythia-14m,128,step128,14067712,6,4,76,4,0,0.012674565427005291,0.0,25989.01953125
EleutherAI/pythia-14m,128,step128,14067712,6,4,76,4,1,0.008397656492888927,0.0,25989.01953125
EleutherAI/pythia-14m,128,step128,14067712,6,4,76,4,2,0.010233265347778797,0.0,25989.01953125
EleutherAI/pythia-14m,128,step128,14067712,6,4,76,4,3,0.01167064905166626,0.0,25989.01953125
EleutherAI/pythia-14m,128,step128,14067712,6,4,76,5,0,0.014911489561200142,0.0,25989.01953125
EleutherAI/pythia-14m,128,step128,14067712,6,4,76,5,1,0.016210811212658882,0.0,25989.01953125
EleutherAI/pythia-14m,128,step128,14067712,6,4,76,5,2,0.01353425346314907,0.0,25989.01953125
EleutherAI/pythia-14m,128,step128,14067712,6,4,76,5,3,0.0148243997246027,0.0,25989.01953125
EleutherAI/pythia-14m,128,step128,14067712,6,4,77,0,0,0.014452865347266197,0.0,25455.5390625
EleutherAI/pythia-14m,128,step128,14067712,6,4,77,0,1,0.013974057510495186,0.0,25455.5390625
EleutherAI/pythia-14m,128,step128,14067712,6,4,77,0,2,0.013833737000823021,0.0,25455.5390625
EleutherAI/pythia-14m,128,step128,14067712,6,4,77,0,3,0.014168202877044678,0.0,25455.5390625
EleutherAI/pythia-14m,128,step128,14067712,6,4,77,1,0,0.01328057050704956,0.0,25455.5390625
EleutherAI/pythia-14m,128,step128,14067712,6,4,77,1,1,0.01414065808057785,0.0,25455.5390625
EleutherAI/pythia-14m,128,step128,14067712,6,4,77,1,2,0.011832508258521557,0.0,25455.5390625
EleutherAI/pythia-14m,128,step128,14067712,6,4,77,1,3,0.014263390563428402,0.0,25455.5390625
EleutherAI/pythia-14m,128,step128,14067712,6,4,77,2,0,0.013155934400856495,0.0,25455.5390625
EleutherAI/pythia-14m,128,step128,14067712,6,4,77,2,1,0.01087213959544897,0.0,25455.5390625
EleutherAI/pythia-14m,128,step128,14067712,6,4,77,2,2,0.014255182817578316,0.0,25455.5390625
EleutherAI/pythia-14m,128,step128,14067712,6,4,77,2,3,0.014935629442334175,0.0,25455.5390625
EleutherAI/pythia-14m,128,step128,14067712,6,4,77,3,0,0.01291650254279375,0.0,25455.5390625
EleutherAI/pythia-14m,128,step128,14067712,6,4,77,3,1,0.01374047715216875,0.0,25455.5390625
EleutherAI/pythia-14m,128,step128,14067712,6,4,77,3,2,0.015705779194831848,0.0,25455.5390625
EleutherAI/pythia-14m,128,step128,14067712,6,4,77,3,3,0.01474663894623518,0.0,25455.5390625
EleutherAI/pythia-14m,128,step128,14067712,6,4,77,4,0,0.013292930088937283,0.0,25455.5390625
EleutherAI/pythia-14m,128,step128,14067712,6,4,77,4,1,0.008479327894747257,0.0,25455.5390625
EleutherAI/pythia-14m,128,step128,14067712,6,4,77,4,2,0.010318629443645477,0.0,25455.5390625
EleutherAI/pythia-14m,128,step128,14067712,6,4,77,4,3,0.011497662402689457,0.0,25455.5390625
EleutherAI/pythia-14m,128,step128,14067712,6,4,77,5,0,0.015264470130205154,0.0,25455.5390625
EleutherAI/pythia-14m,128,step128,14067712,6,4,77,5,1,0.01550218090415001,0.0,25455.5390625
EleutherAI/pythia-14m,128,step128,14067712,6,4,77,5,2,0.013549599796533585,0.0,25455.5390625
EleutherAI/pythia-14m,128,step128,14067712,6,4,77,5,3,0.014723105356097221,0.0,25455.5390625
EleutherAI/pythia-14m,128,step128,14067712,6,4,78,0,0,0.014645990915596485,0.0,28872.259765625
EleutherAI/pythia-14m,128,step128,14067712,6,4,78,0,1,0.01328321360051632,0.0,28872.259765625
EleutherAI/pythia-14m,128,step128,14067712,6,4,78,0,2,0.012846222147345543,0.0,28872.259765625
EleutherAI/pythia-14m,128,step128,14067712,6,4,78,0,3,0.013685489073395729,0.0,28872.259765625
EleutherAI/pythia-14m,128,step128,14067712,6,4,78,1,0,0.013804351910948753,0.0,28872.259765625
EleutherAI/pythia-14m,128,step128,14067712,6,4,78,1,1,0.013019141741096973,0.0,28872.259765625
EleutherAI/pythia-14m,128,step128,14067712,6,4,78,1,2,0.011757842265069485,0.0,28872.259765625
EleutherAI/pythia-14m,128,step128,14067712,6,4,78,1,3,0.01239479798823595,0.0,28872.259765625
EleutherAI/pythia-14m,128,step128,14067712,6,4,78,2,0,0.013000670820474625,0.0,28872.259765625
EleutherAI/pythia-14m,128,step128,14067712,6,4,78,2,1,0.011178810149431229,0.0,28872.259765625
EleutherAI/pythia-14m,128,step128,14067712,6,4,78,2,2,0.013354749418795109,0.0,28872.259765625
EleutherAI/pythia-14m,128,step128,14067712,6,4,78,2,3,0.01265373732894659,0.0,28872.259765625
EleutherAI/pythia-14m,128,step128,14067712,6,4,78,3,0,0.01293791551142931,0.0,28872.259765625
EleutherAI/pythia-14m,128,step128,14067712,6,4,78,3,1,0.01429448090493679,0.0,28872.259765625
EleutherAI/pythia-14m,128,step128,14067712,6,4,78,3,2,0.016092654317617416,0.0,28872.259765625
EleutherAI/pythia-14m,128,step128,14067712,6,4,78,3,3,0.013928222469985485,0.0,28872.259765625
EleutherAI/pythia-14m,128,step128,14067712,6,4,78,4,0,0.012783462181687355,0.0,28872.259765625
EleutherAI/pythia-14m,128,step128,14067712,6,4,78,4,1,0.00861804373562336,0.0,28872.259765625
EleutherAI/pythia-14m,128,step128,14067712,6,4,78,4,2,0.010684065520763397,0.0,28872.259765625
EleutherAI/pythia-14m,128,step128,14067712,6,4,78,4,3,0.012057207524776459,0.0,28872.259765625
EleutherAI/pythia-14m,128,step128,14067712,6,4,78,5,0,0.015304462984204292,0.0,28872.259765625
EleutherAI/pythia-14m,128,step128,14067712,6,4,78,5,1,0.015613582916557789,0.0,28872.259765625
EleutherAI/pythia-14m,128,step128,14067712,6,4,78,5,2,0.013301152735948563,0.0,28872.259765625
EleutherAI/pythia-14m,128,step128,14067712,6,4,78,5,3,0.014286257326602936,0.0,28872.259765625
EleutherAI/pythia-14m,128,step128,14067712,6,4,79,0,0,0.014202811755239964,0.0,27541.060546875
EleutherAI/pythia-14m,128,step128,14067712,6,4,79,0,1,0.014200443401932716,0.0,27541.060546875
EleutherAI/pythia-14m,128,step128,14067712,6,4,79,0,2,0.01563512533903122,0.0,27541.060546875
EleutherAI/pythia-14m,128,step128,14067712,6,4,79,0,3,0.01303880289196968,0.0,27541.060546875
EleutherAI/pythia-14m,128,step128,14067712,6,4,79,1,0,0.014074495062232018,0.0,27541.060546875
EleutherAI/pythia-14m,128,step128,14067712,6,4,79,1,1,0.013659646734595299,0.0,27541.060546875
EleutherAI/pythia-14m,128,step128,14067712,6,4,79,1,2,0.011188864707946777,0.0,27541.060546875
EleutherAI/pythia-14m,128,step128,14067712,6,4,79,1,3,0.013151113875210285,0.0,27541.060546875
EleutherAI/pythia-14m,128,step128,14067712,6,4,79,2,0,0.012499524280428886,0.0,27541.060546875
EleutherAI/pythia-14m,128,step128,14067712,6,4,79,2,1,0.012141077779233456,0.0,27541.060546875
EleutherAI/pythia-14m,128,step128,14067712,6,4,79,2,2,0.014172229915857315,0.0,27541.060546875
EleutherAI/pythia-14m,128,step128,14067712,6,4,79,2,3,0.012688393704593182,0.0,27541.060546875
EleutherAI/pythia-14m,128,step128,14067712,6,4,79,3,0,0.01327623799443245,0.0,27541.060546875
EleutherAI/pythia-14m,128,step128,14067712,6,4,79,3,1,0.01456727646291256,0.0,27541.060546875
EleutherAI/pythia-14m,128,step128,14067712,6,4,79,3,2,0.0162651464343071,0.0,27541.060546875
EleutherAI/pythia-14m,128,step128,14067712,6,4,79,3,3,0.0138565544039011,0.0,27541.060546875
EleutherAI/pythia-14m,128,step128,14067712,6,4,79,4,0,0.013925828970968723,0.0,27541.060546875
EleutherAI/pythia-14m,128,step128,14067712,6,4,79,4,1,0.009152822196483612,0.0,27541.060546875
EleutherAI/pythia-14m,128,step128,14067712,6,4,79,4,2,0.009841451421380043,0.0,27541.060546875
EleutherAI/pythia-14m,128,step128,14067712,6,4,79,4,3,0.011341550387442112,0.0,27541.060546875
EleutherAI/pythia-14m,128,step128,14067712,6,4,79,5,0,0.015542860142886639,0.0,27541.060546875
EleutherAI/pythia-14m,128,step128,14067712,6,4,79,5,1,0.015186131000518799,0.0,27541.060546875
EleutherAI/pythia-14m,128,step128,14067712,6,4,79,5,2,0.014113514684140682,0.0,27541.060546875
EleutherAI/pythia-14m,128,step128,14067712,6,4,79,5,3,0.014929752796888351,0.0,27541.060546875
EleutherAI/pythia-14m,128,step128,14067712,6,4,80,0,0,0.013224422931671143,0.0,24187.5
EleutherAI/pythia-14m,128,step128,14067712,6,4,80,0,1,0.012868607416749,0.0,24187.5
EleutherAI/pythia-14m,128,step128,14067712,6,4,80,0,2,0.013502547517418861,0.0,24187.5
EleutherAI/pythia-14m,128,step128,14067712,6,4,80,0,3,0.01400784496217966,0.0,24187.5
EleutherAI/pythia-14m,128,step128,14067712,6,4,80,1,0,0.013009116984903812,0.0,24187.5
EleutherAI/pythia-14m,128,step128,14067712,6,4,80,1,1,0.014232540503144264,0.0,24187.5
EleutherAI/pythia-14m,128,step128,14067712,6,4,80,1,2,0.013712375424802303,0.0,24187.5
EleutherAI/pythia-14m,128,step128,14067712,6,4,80,1,3,0.014426320791244507,0.0,24187.5
EleutherAI/pythia-14m,128,step128,14067712,6,4,80,2,0,0.013439476490020752,0.0,24187.5
EleutherAI/pythia-14m,128,step128,14067712,6,4,80,2,1,0.011371886357665062,0.0,24187.5
EleutherAI/pythia-14m,128,step128,14067712,6,4,80,2,2,0.013148277066648006,0.0,24187.5
EleutherAI/pythia-14m,128,step128,14067712,6,4,80,2,3,0.012916096486151218,0.0,24187.5
EleutherAI/pythia-14m,128,step128,14067712,6,4,80,3,0,0.013579522259533405,0.0,24187.5
EleutherAI/pythia-14m,128,step128,14067712,6,4,80,3,1,0.013193062506616116,0.0,24187.5
EleutherAI/pythia-14m,128,step128,14067712,6,4,80,3,2,0.01447227131575346,0.0,24187.5
EleutherAI/pythia-14m,128,step128,14067712,6,4,80,3,3,0.01502162590622902,0.0,24187.5
EleutherAI/pythia-14m,128,step128,14067712,6,4,80,4,0,0.01283856388181448,0.0,24187.5
EleutherAI/pythia-14m,128,step128,14067712,6,4,80,4,1,0.008538013324141502,0.0,24187.5
EleutherAI/pythia-14m,128,step128,14067712,6,4,80,4,2,0.010001004673540592,0.0,24187.5
EleutherAI/pythia-14m,128,step128,14067712,6,4,80,4,3,0.012480029836297035,0.0,24187.5
EleutherAI/pythia-14m,128,step128,14067712,6,4,80,5,0,0.014481964521110058,0.0,24187.5
EleutherAI/pythia-14m,128,step128,14067712,6,4,80,5,1,0.01618887297809124,0.0,24187.5
EleutherAI/pythia-14m,128,step128,14067712,6,4,80,5,2,0.013469473458826542,0.0,24187.5
EleutherAI/pythia-14m,128,step128,14067712,6,4,80,5,3,0.015404947102069855,0.0,24187.5
EleutherAI/pythia-14m,128,step128,14067712,6,4,81,0,0,0.013662826269865036,0.0,24985.1796875
EleutherAI/pythia-14m,128,step128,14067712,6,4,81,0,1,0.014372267760336399,0.0,24985.1796875
EleutherAI/pythia-14m,128,step128,14067712,6,4,81,0,2,0.015294614247977734,0.0,24985.1796875
EleutherAI/pythia-14m,128,step128,14067712,6,4,81,0,3,0.01394542958587408,0.0,24985.1796875
EleutherAI/pythia-14m,128,step128,14067712,6,4,81,1,0,0.012804679572582245,0.0,24985.1796875
EleutherAI/pythia-14m,128,step128,14067712,6,4,81,1,1,0.01279702689498663,0.0,24985.1796875
EleutherAI/pythia-14m,128,step128,14067712,6,4,81,1,2,0.0147977564483881,0.0,24985.1796875
EleutherAI/pythia-14m,128,step128,14067712,6,4,81,1,3,0.0126183507964015,0.0,24985.1796875
EleutherAI/pythia-14m,128,step128,14067712,6,4,81,2,0,0.0131857730448246,0.0,24985.1796875
EleutherAI/pythia-14m,128,step128,14067712,6,4,81,2,1,0.011491019278764725,0.0,24985.1796875
EleutherAI/pythia-14m,128,step128,14067712,6,4,81,2,2,0.013445969671010971,0.0,24985.1796875
EleutherAI/pythia-14m,128,step128,14067712,6,4,81,2,3,0.012336955405771732,0.0,24985.1796875
EleutherAI/pythia-14m,128,step128,14067712,6,4,81,3,0,0.013243027962744236,0.0,24985.1796875
EleutherAI/pythia-14m,128,step128,14067712,6,4,81,3,1,0.015811778604984283,0.0,24985.1796875
EleutherAI/pythia-14m,128,step128,14067712,6,4,81,3,2,0.01606794074177742,0.0,24985.1796875
EleutherAI/pythia-14m,128,step128,14067712,6,4,81,3,3,0.012926988303661346,0.0,24985.1796875
EleutherAI/pythia-14m,128,step128,14067712,6,4,81,4,0,0.013080708682537079,0.0,24985.1796875
EleutherAI/pythia-14m,128,step128,14067712,6,4,81,4,1,0.008876323699951172,0.0,24985.1796875
EleutherAI/pythia-14m,128,step128,14067712,6,4,81,4,2,0.010570867918431759,0.0,24985.1796875
EleutherAI/pythia-14m,128,step128,14067712,6,4,81,4,3,0.012177382595837116,0.0,24985.1796875
EleutherAI/pythia-14m,128,step128,14067712,6,4,81,5,0,0.014253842644393444,0.0,24985.1796875
EleutherAI/pythia-14m,128,step128,14067712,6,4,81,5,1,0.015522326342761517,0.0,24985.1796875
EleutherAI/pythia-14m,128,step128,14067712,6,4,81,5,2,0.013548736460506916,0.0,24985.1796875
EleutherAI/pythia-14m,128,step128,14067712,6,4,81,5,3,0.014880883507430553,0.0,24985.1796875
EleutherAI/pythia-14m,128,step128,14067712,6,4,82,0,0,0.013635101728141308,0.0,24155.419921875
EleutherAI/pythia-14m,128,step128,14067712,6,4,82,0,1,0.014772560447454453,0.0,24155.419921875
EleutherAI/pythia-14m,128,step128,14067712,6,4,82,0,2,0.014255103655159473,0.0,24155.419921875
EleutherAI/pythia-14m,128,step128,14067712,6,4,82,0,3,0.012905682437121868,0.0,24155.419921875
EleutherAI/pythia-14m,128,step128,14067712,6,4,82,1,0,0.014073091559112072,0.0,24155.419921875
EleutherAI/pythia-14m,128,step128,14067712,6,4,82,1,1,0.013027850538492203,0.0,24155.419921875
EleutherAI/pythia-14m,128,step128,14067712,6,4,82,1,2,0.012143419124186039,0.0,24155.419921875
EleutherAI/pythia-14m,128,step128,14067712,6,4,82,1,3,0.013233494944870472,0.0,24155.419921875
EleutherAI/pythia-14m,128,step128,14067712,6,4,82,2,0,0.012563233263790607,0.0,24155.419921875
EleutherAI/pythia-14m,128,step128,14067712,6,4,82,2,1,0.011514692567288876,0.0,24155.419921875
EleutherAI/pythia-14m,128,step128,14067712,6,4,82,2,2,0.014933931641280651,0.0,24155.419921875
EleutherAI/pythia-14m,128,step128,14067712,6,4,82,2,3,0.012979203835129738,0.0,24155.419921875
EleutherAI/pythia-14m,128,step128,14067712,6,4,82,3,0,0.01334812119603157,0.0,24155.419921875
EleutherAI/pythia-14m,128,step128,14067712,6,4,82,3,1,0.014633098617196083,0.0,24155.419921875
EleutherAI/pythia-14m,128,step128,14067712,6,4,82,3,2,0.016032852232456207,0.0,24155.419921875
EleutherAI/pythia-14m,128,step128,14067712,6,4,82,3,3,0.014762992039322853,0.0,24155.419921875
EleutherAI/pythia-14m,128,step128,14067712,6,4,82,4,0,0.013503256253898144,0.0,24155.419921875
EleutherAI/pythia-14m,128,step128,14067712,6,4,82,4,1,0.009403178468346596,0.0,24155.419921875
EleutherAI/pythia-14m,128,step128,14067712,6,4,82,4,2,0.010708711110055447,0.0,24155.419921875
EleutherAI/pythia-14m,128,step128,14067712,6,4,82,4,3,0.012112325057387352,0.0,24155.419921875
EleutherAI/pythia-14m,128,step128,14067712,6,4,82,5,0,0.015336726792156696,0.0,24155.419921875
EleutherAI/pythia-14m,128,step128,14067712,6,4,82,5,1,0.014996540732681751,0.0,24155.419921875
EleutherAI/pythia-14m,128,step128,14067712,6,4,82,5,2,0.012994593009352684,0.0,24155.419921875
EleutherAI/pythia-14m,128,step128,14067712,6,4,82,5,3,0.014941113069653511,0.0,24155.419921875
EleutherAI/pythia-14m,128,step128,14067712,6,4,83,0,0,0.013592470437288284,0.0,24684.400390625
EleutherAI/pythia-14m,128,step128,14067712,6,4,83,0,1,0.012724924832582474,0.0,24684.400390625
EleutherAI/pythia-14m,128,step128,14067712,6,4,83,0,2,0.013402673415839672,0.0,24684.400390625
EleutherAI/pythia-14m,128,step128,14067712,6,4,83,0,3,0.013631695881485939,0.0,24684.400390625
EleutherAI/pythia-14m,128,step128,14067712,6,4,83,1,0,0.013160549104213715,0.0,24684.400390625
EleutherAI/pythia-14m,128,step128,14067712,6,4,83,1,1,0.014423191547393799,0.0,24684.400390625
EleutherAI/pythia-14m,128,step128,14067712,6,4,83,1,2,0.012981177307665348,0.0,24684.400390625
EleutherAI/pythia-14m,128,step128,14067712,6,4,83,1,3,0.013080703094601631,0.0,24684.400390625
EleutherAI/pythia-14m,128,step128,14067712,6,4,83,2,0,0.013146686367690563,0.0,24684.400390625
EleutherAI/pythia-14m,128,step128,14067712,6,4,83,2,1,0.01178628671914339,0.0,24684.400390625
EleutherAI/pythia-14m,128,step128,14067712,6,4,83,2,2,0.013019937090575695,0.0,24684.400390625
EleutherAI/pythia-14m,128,step128,14067712,6,4,83,2,3,0.013443040661513805,0.0,24684.400390625
EleutherAI/pythia-14m,128,step128,14067712,6,4,83,3,0,0.013271746225655079,0.0,24684.400390625
EleutherAI/pythia-14m,128,step128,14067712,6,4,83,3,1,0.014023516327142715,0.0,24684.400390625
EleutherAI/pythia-14m,128,step128,14067712,6,4,83,3,2,0.0157239381223917,0.0,24684.400390625
EleutherAI/pythia-14m,128,step128,14067712,6,4,83,3,3,0.015706796199083328,0.0,24684.400390625
EleutherAI/pythia-14m,128,step128,14067712,6,4,83,4,0,0.013473162427544594,0.0,24684.400390625
EleutherAI/pythia-14m,128,step128,14067712,6,4,83,4,1,0.009060313925147057,0.0,24684.400390625
EleutherAI/pythia-14m,128,step128,14067712,6,4,83,4,2,0.01062707882374525,0.0,24684.400390625
EleutherAI/pythia-14m,128,step128,14067712,6,4,83,4,3,0.010634585283696651,0.0,24684.400390625
EleutherAI/pythia-14m,128,step128,14067712,6,4,83,5,0,0.014662100002169609,0.0,24684.400390625
EleutherAI/pythia-14m,128,step128,14067712,6,4,83,5,1,0.015016750432550907,0.0,24684.400390625
EleutherAI/pythia-14m,128,step128,14067712,6,4,83,5,2,0.013843382708728313,0.0,24684.400390625
EleutherAI/pythia-14m,128,step128,14067712,6,4,83,5,3,0.014611407183110714,0.0,24684.400390625
EleutherAI/pythia-14m,128,step128,14067712,6,4,84,0,0,0.013515426777303219,0.0,22240.33984375
EleutherAI/pythia-14m,128,step128,14067712,6,4,84,0,1,0.013287356123328209,0.0,22240.33984375
EleutherAI/pythia-14m,128,step128,14067712,6,4,84,0,2,0.016200900077819824,0.0,22240.33984375
EleutherAI/pythia-14m,128,step128,14067712,6,4,84,0,3,0.014334768988192081,0.0,22240.33984375
EleutherAI/pythia-14m,128,step128,14067712,6,4,84,1,0,0.012084965594112873,0.0,22240.33984375
EleutherAI/pythia-14m,128,step128,14067712,6,4,84,1,1,0.013185308314859867,0.0,22240.33984375
EleutherAI/pythia-14m,128,step128,14067712,6,4,84,1,2,0.013591332361102104,0.0,22240.33984375
EleutherAI/pythia-14m,128,step128,14067712,6,4,84,1,3,0.01405467838048935,0.0,22240.33984375
EleutherAI/pythia-14m,128,step128,14067712,6,4,84,2,0,0.012029966339468956,0.0,22240.33984375
EleutherAI/pythia-14m,128,step128,14067712,6,4,84,2,1,0.011949902400374413,0.0,22240.33984375
EleutherAI/pythia-14m,128,step128,14067712,6,4,84,2,2,0.014037911780178547,0.0,22240.33984375
EleutherAI/pythia-14m,128,step128,14067712,6,4,84,2,3,0.01270760502666235,0.0,22240.33984375
EleutherAI/pythia-14m,128,step128,14067712,6,4,84,3,0,0.013863766565918922,0.0,22240.33984375
EleutherAI/pythia-14m,128,step128,14067712,6,4,84,3,1,0.014041393995285034,0.0,22240.33984375
EleutherAI/pythia-14m,128,step128,14067712,6,4,84,3,2,0.015631860122084618,0.0,22240.33984375
EleutherAI/pythia-14m,128,step128,14067712,6,4,84,3,3,0.014349260367453098,0.0,22240.33984375
EleutherAI/pythia-14m,128,step128,14067712,6,4,84,4,0,0.013379538431763649,0.0,22240.33984375
EleutherAI/pythia-14m,128,step128,14067712,6,4,84,4,1,0.008101279847323895,0.0,22240.33984375
EleutherAI/pythia-14m,128,step128,14067712,6,4,84,4,2,0.01051393523812294,0.0,22240.33984375
EleutherAI/pythia-14m,128,step128,14067712,6,4,84,4,3,0.012260734103620052,0.0,22240.33984375
EleutherAI/pythia-14m,128,step128,14067712,6,4,84,5,0,0.014427628368139267,0.0,22240.33984375
EleutherAI/pythia-14m,128,step128,14067712,6,4,84,5,1,0.016272708773612976,0.0,22240.33984375
EleutherAI/pythia-14m,128,step128,14067712,6,4,84,5,2,0.013621884398162365,0.0,22240.33984375
EleutherAI/pythia-14m,128,step128,14067712,6,4,84,5,3,0.014671879820525646,0.0,22240.33984375
EleutherAI/pythia-14m,128,step128,14067712,6,4,85,0,0,0.014012024737894535,0.0,27463.359375
EleutherAI/pythia-14m,128,step128,14067712,6,4,85,0,1,0.013289284892380238,0.0,27463.359375
EleutherAI/pythia-14m,128,step128,14067712,6,4,85,0,2,0.013538540340960026,0.0,27463.359375
EleutherAI/pythia-14m,128,step128,14067712,6,4,85,0,3,0.013473513536155224,0.0,27463.359375
EleutherAI/pythia-14m,128,step128,14067712,6,4,85,1,0,0.012684163637459278,0.0,27463.359375
EleutherAI/pythia-14m,128,step128,14067712,6,4,85,1,1,0.014009468257427216,0.0,27463.359375
EleutherAI/pythia-14m,128,step128,14067712,6,4,85,1,2,0.013371887616813183,0.0,27463.359375
EleutherAI/pythia-14m,128,step128,14067712,6,4,85,1,3,0.012930171564221382,0.0,27463.359375
EleutherAI/pythia-14m,128,step128,14067712,6,4,85,2,0,0.012520001269876957,0.0,27463.359375
EleutherAI/pythia-14m,128,step128,14067712,6,4,85,2,1,0.011844640597701073,0.0,27463.359375
EleutherAI/pythia-14m,128,step128,14067712,6,4,85,2,2,0.013527555391192436,0.0,27463.359375
EleutherAI/pythia-14m,128,step128,14067712,6,4,85,2,3,0.013107056729495525,0.0,27463.359375
EleutherAI/pythia-14m,128,step128,14067712,6,4,85,3,0,0.01277289167046547,0.0,27463.359375
EleutherAI/pythia-14m,128,step128,14067712,6,4,85,3,1,0.014687896706163883,0.0,27463.359375
EleutherAI/pythia-14m,128,step128,14067712,6,4,85,3,2,0.01605931483209133,0.0,27463.359375
EleutherAI/pythia-14m,128,step128,14067712,6,4,85,3,3,0.014647161588072777,0.0,27463.359375
EleutherAI/pythia-14m,128,step128,14067712,6,4,85,4,0,0.012744376435875893,0.0,27463.359375
EleutherAI/pythia-14m,128,step128,14067712,6,4,85,4,1,0.008048775605857372,0.0,27463.359375
EleutherAI/pythia-14m,128,step128,14067712,6,4,85,4,2,0.011110568419098854,0.0,27463.359375
EleutherAI/pythia-14m,128,step128,14067712,6,4,85,4,3,0.012605908326804638,0.0,27463.359375
EleutherAI/pythia-14m,128,step128,14067712,6,4,85,5,0,0.01500861905515194,0.0,27463.359375
EleutherAI/pythia-14m,128,step128,14067712,6,4,85,5,1,0.01518157497048378,0.0,27463.359375
EleutherAI/pythia-14m,128,step128,14067712,6,4,85,5,2,0.013560852967202663,0.0,27463.359375
EleutherAI/pythia-14m,128,step128,14067712,6,4,85,5,3,0.014287295751273632,0.0,27463.359375
EleutherAI/pythia-14m,128,step128,14067712,6,4,86,0,0,0.014547753147780895,0.0,26044.259765625
EleutherAI/pythia-14m,128,step128,14067712,6,4,86,0,1,0.014946200884878635,0.0,26044.259765625
EleutherAI/pythia-14m,128,step128,14067712,6,4,86,0,2,0.013766556978225708,0.0,26044.259765625
EleutherAI/pythia-14m,128,step128,14067712,6,4,86,0,3,0.01445895154029131,0.0,26044.259765625
EleutherAI/pythia-14m,128,step128,14067712,6,4,86,1,0,0.013381490483880043,0.0,26044.259765625
EleutherAI/pythia-14m,128,step128,14067712,6,4,86,1,1,0.014193182811141014,0.0,26044.259765625
EleutherAI/pythia-14m,128,step128,14067712,6,4,86,1,2,0.013164048083126545,0.0,26044.259765625
EleutherAI/pythia-14m,128,step128,14067712,6,4,86,1,3,0.013150965794920921,0.0,26044.259765625
EleutherAI/pythia-14m,128,step128,14067712,6,4,86,2,0,0.01352979987859726,0.0,26044.259765625
EleutherAI/pythia-14m,128,step128,14067712,6,4,86,2,1,0.011149611324071884,0.0,26044.259765625
EleutherAI/pythia-14m,128,step128,14067712,6,4,86,2,2,0.013499441556632519,0.0,26044.259765625
EleutherAI/pythia-14m,128,step128,14067712,6,4,86,2,3,0.01240431796759367,0.0,26044.259765625
EleutherAI/pythia-14m,128,step128,14067712,6,4,86,3,0,0.012082569301128387,0.0,26044.259765625
EleutherAI/pythia-14m,128,step128,14067712,6,4,86,3,1,0.015048773027956486,0.0,26044.259765625
EleutherAI/pythia-14m,128,step128,14067712,6,4,86,3,2,0.016419537365436554,0.0,26044.259765625
EleutherAI/pythia-14m,128,step128,14067712,6,4,86,3,3,0.014181532897055149,0.0,26044.259765625
EleutherAI/pythia-14m,128,step128,14067712,6,4,86,4,0,0.013529806397855282,0.0,26044.259765625
EleutherAI/pythia-14m,128,step128,14067712,6,4,86,4,1,0.008719640783965588,0.0,26044.259765625
EleutherAI/pythia-14m,128,step128,14067712,6,4,86,4,2,0.01072609331458807,0.0,26044.259765625
EleutherAI/pythia-14m,128,step128,14067712,6,4,86,4,3,0.011745837517082691,0.0,26044.259765625
EleutherAI/pythia-14m,128,step128,14067712,6,4,86,5,0,0.01473252847790718,0.0,26044.259765625
EleutherAI/pythia-14m,128,step128,14067712,6,4,86,5,1,0.015810776501893997,0.0,26044.259765625
EleutherAI/pythia-14m,128,step128,14067712,6,4,86,5,2,0.013405087403953075,0.0,26044.259765625
EleutherAI/pythia-14m,128,step128,14067712,6,4,86,5,3,0.01489930134266615,0.0,26044.259765625
EleutherAI/pythia-14m,128,step128,14067712,6,4,87,0,0,0.013956986367702484,0.0,26993.939453125
EleutherAI/pythia-14m,128,step128,14067712,6,4,87,0,1,0.012639906257390976,0.0,26993.939453125
EleutherAI/pythia-14m,128,step128,14067712,6,4,87,0,2,0.01294130552560091,0.0,26993.939453125
EleutherAI/pythia-14m,128,step128,14067712,6,4,87,0,3,0.01306928414851427,0.0,26993.939453125
EleutherAI/pythia-14m,128,step128,14067712,6,4,87,1,0,0.014339692890644073,0.0,26993.939453125
EleutherAI/pythia-14m,128,step128,14067712,6,4,87,1,1,0.014995409175753593,0.0,26993.939453125
EleutherAI/pythia-14m,128,step128,14067712,6,4,87,1,2,0.013781610876321793,0.0,26993.939453125
EleutherAI/pythia-14m,128,step128,14067712,6,4,87,1,3,0.013083473779261112,0.0,26993.939453125
EleutherAI/pythia-14m,128,step128,14067712,6,4,87,2,0,0.01164882443845272,0.0,26993.939453125
EleutherAI/pythia-14m,128,step128,14067712,6,4,87,2,1,0.012060287408530712,0.0,26993.939453125
EleutherAI/pythia-14m,128,step128,14067712,6,4,87,2,2,0.013158879242837429,0.0,26993.939453125
EleutherAI/pythia-14m,128,step128,14067712,6,4,87,2,3,0.013568614609539509,0.0,26993.939453125
EleutherAI/pythia-14m,128,step128,14067712,6,4,87,3,0,0.013975560665130615,0.0,26993.939453125
EleutherAI/pythia-14m,128,step128,14067712,6,4,87,3,1,0.013704726472496986,0.0,26993.939453125
EleutherAI/pythia-14m,128,step128,14067712,6,4,87,3,2,0.015435855835676193,0.0,26993.939453125
EleutherAI/pythia-14m,128,step128,14067712,6,4,87,3,3,0.014351900666952133,0.0,26993.939453125
EleutherAI/pythia-14m,128,step128,14067712,6,4,87,4,0,0.013162987306714058,0.0,26993.939453125
EleutherAI/pythia-14m,128,step128,14067712,6,4,87,4,1,0.008515832014381886,0.0,26993.939453125
EleutherAI/pythia-14m,128,step128,14067712,6,4,87,4,2,0.009921155869960785,0.0,26993.939453125
EleutherAI/pythia-14m,128,step128,14067712,6,4,87,4,3,0.011384386569261551,0.0,26993.939453125
EleutherAI/pythia-14m,128,step128,14067712,6,4,87,5,0,0.01494840532541275,0.0,26993.939453125
EleutherAI/pythia-14m,128,step128,14067712,6,4,87,5,1,0.01615322194993496,0.0,26993.939453125
EleutherAI/pythia-14m,128,step128,14067712,6,4,87,5,2,0.013665436767041683,0.0,26993.939453125
EleutherAI/pythia-14m,128,step128,14067712,6,4,87,5,3,0.015028365887701511,0.0,26993.939453125
EleutherAI/pythia-14m,128,step128,14067712,6,4,88,0,0,0.013868960551917553,0.0,27335.580078125
EleutherAI/pythia-14m,128,step128,14067712,6,4,88,0,1,0.01436917670071125,0.0,27335.580078125
EleutherAI/pythia-14m,128,step128,14067712,6,4,88,0,2,0.014942617155611515,0.0,27335.580078125
EleutherAI/pythia-14m,128,step128,14067712,6,4,88,0,3,0.013599288649857044,0.0,27335.580078125
EleutherAI/pythia-14m,128,step128,14067712,6,4,88,1,0,0.013032988645136356,0.0,27335.580078125
EleutherAI/pythia-14m,128,step128,14067712,6,4,88,1,1,0.013574637472629547,0.0,27335.580078125
EleutherAI/pythia-14m,128,step128,14067712,6,4,88,1,2,0.01409619115293026,0.0,27335.580078125
EleutherAI/pythia-14m,128,step128,14067712,6,4,88,1,3,0.013231378048658371,0.0,27335.580078125
EleutherAI/pythia-14m,128,step128,14067712,6,4,88,2,0,0.013551459647715092,0.0,27335.580078125
EleutherAI/pythia-14m,128,step128,14067712,6,4,88,2,1,0.011641635559499264,0.0,27335.580078125
EleutherAI/pythia-14m,128,step128,14067712,6,4,88,2,2,0.013516712002456188,0.0,27335.580078125
EleutherAI/pythia-14m,128,step128,14067712,6,4,88,2,3,0.012355809099972248,0.0,27335.580078125
EleutherAI/pythia-14m,128,step128,14067712,6,4,88,3,0,0.012709120288491249,0.0,27335.580078125
EleutherAI/pythia-14m,128,step128,14067712,6,4,88,3,1,0.01414708886295557,0.0,27335.580078125
EleutherAI/pythia-14m,128,step128,14067712,6,4,88,3,2,0.016421698033809662,0.0,27335.580078125
EleutherAI/pythia-14m,128,step128,14067712,6,4,88,3,3,0.014147617854177952,0.0,27335.580078125
EleutherAI/pythia-14m,128,step128,14067712,6,4,88,4,0,0.013214219361543655,0.0,27335.580078125
EleutherAI/pythia-14m,128,step128,14067712,6,4,88,4,1,0.008365344256162643,0.0,27335.580078125
EleutherAI/pythia-14m,128,step128,14067712,6,4,88,4,2,0.011034504510462284,0.0,27335.580078125
EleutherAI/pythia-14m,128,step128,14067712,6,4,88,4,3,0.012536685913801193,0.0,27335.580078125
EleutherAI/pythia-14m,128,step128,14067712,6,4,88,5,0,0.014626226387917995,0.0,27335.580078125
EleutherAI/pythia-14m,128,step128,14067712,6,4,88,5,1,0.01618308387696743,0.0,27335.580078125
EleutherAI/pythia-14m,128,step128,14067712,6,4,88,5,2,0.013558545149862766,0.0,27335.580078125
EleutherAI/pythia-14m,128,step128,14067712,6,4,88,5,3,0.014226390980184078,0.0,27335.580078125
EleutherAI/pythia-14m,128,step128,14067712,6,4,89,0,0,0.014742911793291569,0.0,24192.400390625
EleutherAI/pythia-14m,128,step128,14067712,6,4,89,0,1,0.013765361160039902,0.0,24192.400390625
EleutherAI/pythia-14m,128,step128,14067712,6,4,89,0,2,0.014056899584829807,0.0,24192.400390625
EleutherAI/pythia-14m,128,step128,14067712,6,4,89,0,3,0.013294783420860767,0.0,24192.400390625
EleutherAI/pythia-14m,128,step128,14067712,6,4,89,1,0,0.013912972994148731,0.0,24192.400390625
EleutherAI/pythia-14m,128,step128,14067712,6,4,89,1,1,0.013660614378750324,0.0,24192.400390625
EleutherAI/pythia-14m,128,step128,14067712,6,4,89,1,2,0.012899701483547688,0.0,24192.400390625
EleutherAI/pythia-14m,128,step128,14067712,6,4,89,1,3,0.01429739035665989,0.0,24192.400390625
EleutherAI/pythia-14m,128,step128,14067712,6,4,89,2,0,0.013552239164710045,0.0,24192.400390625
EleutherAI/pythia-14m,128,step128,14067712,6,4,89,2,1,0.010759260505437851,0.0,24192.400390625
EleutherAI/pythia-14m,128,step128,14067712,6,4,89,2,2,0.01311742514371872,0.0,24192.400390625
EleutherAI/pythia-14m,128,step128,14067712,6,4,89,2,3,0.013991870917379856,0.0,24192.400390625
EleutherAI/pythia-14m,128,step128,14067712,6,4,89,3,0,0.012351823039352894,0.0,24192.400390625
EleutherAI/pythia-14m,128,step128,14067712,6,4,89,3,1,0.014810677617788315,0.0,24192.400390625
EleutherAI/pythia-14m,128,step128,14067712,6,4,89,3,2,0.01635054312646389,0.0,24192.400390625
EleutherAI/pythia-14m,128,step128,14067712,6,4,89,3,3,0.014720827341079712,0.0,24192.400390625
EleutherAI/pythia-14m,128,step128,14067712,6,4,89,4,0,0.013836725614964962,0.0,24192.400390625
EleutherAI/pythia-14m,128,step128,14067712,6,4,89,4,1,0.009433291852474213,0.0,24192.400390625
EleutherAI/pythia-14m,128,step128,14067712,6,4,89,4,2,0.010696513578295708,0.0,24192.400390625
EleutherAI/pythia-14m,128,step128,14067712,6,4,89,4,3,0.011306044645607471,0.0,24192.400390625
EleutherAI/pythia-14m,128,step128,14067712,6,4,89,5,0,0.01493609044700861,0.0,24192.400390625
EleutherAI/pythia-14m,128,step128,14067712,6,4,89,5,1,0.015130987390875816,0.0,24192.400390625
EleutherAI/pythia-14m,128,step128,14067712,6,4,89,5,2,0.013249436393380165,0.0,24192.400390625
EleutherAI/pythia-14m,128,step128,14067712,6,4,89,5,3,0.014561671763658524,0.0,24192.400390625
EleutherAI/pythia-14m,128,step128,14067712,6,4,90,0,0,0.013910825364291668,0.0,24403.98046875
EleutherAI/pythia-14m,128,step128,14067712,6,4,90,0,1,0.013541667722165585,0.0,24403.98046875
EleutherAI/pythia-14m,128,step128,14067712,6,4,90,0,2,0.012429777532815933,0.0,24403.98046875
EleutherAI/pythia-14m,128,step128,14067712,6,4,90,0,3,0.011810967698693275,0.0,24403.98046875
EleutherAI/pythia-14m,128,step128,14067712,6,4,90,1,0,0.014125533401966095,0.0,24403.98046875
EleutherAI/pythia-14m,128,step128,14067712,6,4,90,1,1,0.014395184814929962,0.0,24403.98046875
EleutherAI/pythia-14m,128,step128,14067712,6,4,90,1,2,0.014083754271268845,0.0,24403.98046875
EleutherAI/pythia-14m,128,step128,14067712,6,4,90,1,3,0.013877873308956623,0.0,24403.98046875
EleutherAI/pythia-14m,128,step128,14067712,6,4,90,2,0,0.013214537873864174,0.0,24403.98046875
EleutherAI/pythia-14m,128,step128,14067712,6,4,90,2,1,0.009783812798559666,0.0,24403.98046875
EleutherAI/pythia-14m,128,step128,14067712,6,4,90,2,2,0.012564921751618385,0.0,24403.98046875
EleutherAI/pythia-14m,128,step128,14067712,6,4,90,2,3,0.01290644146502018,0.0,24403.98046875
EleutherAI/pythia-14m,128,step128,14067712,6,4,90,3,0,0.014201589860022068,0.0,24403.98046875
EleutherAI/pythia-14m,128,step128,14067712,6,4,90,3,1,0.014238030649721622,0.0,24403.98046875
EleutherAI/pythia-14m,128,step128,14067712,6,4,90,3,2,0.01586107537150383,0.0,24403.98046875
EleutherAI/pythia-14m,128,step128,14067712,6,4,90,3,3,0.01434085052460432,0.0,24403.98046875
EleutherAI/pythia-14m,128,step128,14067712,6,4,90,4,0,0.014034566469490528,0.0,24403.98046875
EleutherAI/pythia-14m,128,step128,14067712,6,4,90,4,1,0.008094081655144691,0.0,24403.98046875
EleutherAI/pythia-14m,128,step128,14067712,6,4,90,4,2,0.009827114641666412,0.0,24403.98046875
EleutherAI/pythia-14m,128,step128,14067712,6,4,90,4,3,0.011873786337673664,0.0,24403.98046875
EleutherAI/pythia-14m,128,step128,14067712,6,4,90,5,0,0.01442666258662939,0.0,24403.98046875
EleutherAI/pythia-14m,128,step128,14067712,6,4,90,5,1,0.01586066000163555,0.0,24403.98046875
EleutherAI/pythia-14m,128,step128,14067712,6,4,90,5,2,0.01361078955233097,0.0,24403.98046875
EleutherAI/pythia-14m,128,step128,14067712,6,4,90,5,3,0.01449675764888525,0.0,24403.98046875
EleutherAI/pythia-14m,128,step128,14067712,6,4,91,0,0,0.013981631025671959,0.0,25492.5
EleutherAI/pythia-14m,128,step128,14067712,6,4,91,0,1,0.012027588672935963,0.0,25492.5
EleutherAI/pythia-14m,128,step128,14067712,6,4,91,0,2,0.013889486901462078,0.0,25492.5
EleutherAI/pythia-14m,128,step128,14067712,6,4,91,0,3,0.014624398201704025,0.0,25492.5
EleutherAI/pythia-14m,128,step128,14067712,6,4,91,1,0,0.013501942157745361,0.0,25492.5
EleutherAI/pythia-14m,128,step128,14067712,6,4,91,1,1,0.01370914839208126,0.0,25492.5
EleutherAI/pythia-14m,128,step128,14067712,6,4,91,1,2,0.012056056410074234,0.0,25492.5
EleutherAI/pythia-14m,128,step128,14067712,6,4,91,1,3,0.013932726345956326,0.0,25492.5
EleutherAI/pythia-14m,128,step128,14067712,6,4,91,2,0,0.011650322936475277,0.0,25492.5
EleutherAI/pythia-14m,128,step128,14067712,6,4,91,2,1,0.011807680130004883,0.0,25492.5
EleutherAI/pythia-14m,128,step128,14067712,6,4,91,2,2,0.013706828467547894,0.0,25492.5
EleutherAI/pythia-14m,128,step128,14067712,6,4,91,2,3,0.013311540707945824,0.0,25492.5
EleutherAI/pythia-14m,128,step128,14067712,6,4,91,3,0,0.012811035849153996,0.0,25492.5
EleutherAI/pythia-14m,128,step128,14067712,6,4,91,3,1,0.012818137183785439,0.0,25492.5
EleutherAI/pythia-14m,128,step128,14067712,6,4,91,3,2,0.015438815578818321,0.0,25492.5
EleutherAI/pythia-14m,128,step128,14067712,6,4,91,3,3,0.01393797155469656,0.0,25492.5
EleutherAI/pythia-14m,128,step128,14067712,6,4,91,4,0,0.013779968954622746,0.0,25492.5
EleutherAI/pythia-14m,128,step128,14067712,6,4,91,4,1,0.008991740643978119,0.0,25492.5
EleutherAI/pythia-14m,128,step128,14067712,6,4,91,4,2,0.010518014430999756,0.0,25492.5
EleutherAI/pythia-14m,128,step128,14067712,6,4,91,4,3,0.01188103761523962,0.0,25492.5
EleutherAI/pythia-14m,128,step128,14067712,6,4,91,5,0,0.015595834702253342,0.0,25492.5
EleutherAI/pythia-14m,128,step128,14067712,6,4,91,5,1,0.015150871127843857,0.0,25492.5
EleutherAI/pythia-14m,128,step128,14067712,6,4,91,5,2,0.014138739556074142,0.0,25492.5
EleutherAI/pythia-14m,128,step128,14067712,6,4,91,5,3,0.014549843966960907,0.0,25492.5
EleutherAI/pythia-14m,128,step128,14067712,6,4,92,0,0,0.012564463540911674,0.0,24190.8203125
EleutherAI/pythia-14m,128,step128,14067712,6,4,92,0,1,0.013416178524494171,0.0,24190.8203125
EleutherAI/pythia-14m,128,step128,14067712,6,4,92,0,2,0.013023639097809792,0.0,24190.8203125
EleutherAI/pythia-14m,128,step128,14067712,6,4,92,0,3,0.013472633436322212,0.0,24190.8203125
EleutherAI/pythia-14m,128,step128,14067712,6,4,92,1,0,0.014717251062393188,0.0,24190.8203125
EleutherAI/pythia-14m,128,step128,14067712,6,4,92,1,1,0.013032793067395687,0.0,24190.8203125
EleutherAI/pythia-14m,128,step128,14067712,6,4,92,1,2,0.013111645355820656,0.0,24190.8203125
EleutherAI/pythia-14m,128,step128,14067712,6,4,92,1,3,0.013814129866659641,0.0,24190.8203125
EleutherAI/pythia-14m,128,step128,14067712,6,4,92,2,0,0.012684128247201443,0.0,24190.8203125
EleutherAI/pythia-14m,128,step128,14067712,6,4,92,2,1,0.010938018560409546,0.0,24190.8203125
EleutherAI/pythia-14m,128,step128,14067712,6,4,92,2,2,0.013555326499044895,0.0,24190.8203125
EleutherAI/pythia-14m,128,step128,14067712,6,4,92,2,3,0.012822303920984268,0.0,24190.8203125
EleutherAI/pythia-14m,128,step128,14067712,6,4,92,3,0,0.013390722684562206,0.0,24190.8203125
EleutherAI/pythia-14m,128,step128,14067712,6,4,92,3,1,0.013606389984488487,0.0,24190.8203125
EleutherAI/pythia-14m,128,step128,14067712,6,4,92,3,2,0.015486674383282661,0.0,24190.8203125
EleutherAI/pythia-14m,128,step128,14067712,6,4,92,3,3,0.01469063013792038,0.0,24190.8203125
EleutherAI/pythia-14m,128,step128,14067712,6,4,92,4,0,0.0133243752643466,0.0,24190.8203125
EleutherAI/pythia-14m,128,step128,14067712,6,4,92,4,1,0.010179711505770683,0.0,24190.8203125
EleutherAI/pythia-14m,128,step128,14067712,6,4,92,4,2,0.010504063218832016,0.0,24190.8203125
EleutherAI/pythia-14m,128,step128,14067712,6,4,92,4,3,0.012051630765199661,0.0,24190.8203125
EleutherAI/pythia-14m,128,step128,14067712,6,4,92,5,0,0.014221267774701118,0.0,24190.8203125
EleutherAI/pythia-14m,128,step128,14067712,6,4,92,5,1,0.015012700110673904,0.0,24190.8203125
EleutherAI/pythia-14m,128,step128,14067712,6,4,92,5,2,0.012761521153151989,0.0,24190.8203125
EleutherAI/pythia-14m,128,step128,14067712,6,4,92,5,3,0.01450985949486494,0.0,24190.8203125
EleutherAI/pythia-14m,128,step128,14067712,6,4,93,0,0,0.012449746020138264,0.0,22589.66015625
EleutherAI/pythia-14m,128,step128,14067712,6,4,93,0,1,0.013483487069606781,0.0,22589.66015625
EleutherAI/pythia-14m,128,step128,14067712,6,4,93,0,2,0.013520577922463417,0.0,22589.66015625
EleutherAI/pythia-14m,128,step128,14067712,6,4,93,0,3,0.01318222563713789,0.0,22589.66015625
EleutherAI/pythia-14m,128,step128,14067712,6,4,93,1,0,0.012993944808840752,0.0,22589.66015625
EleutherAI/pythia-14m,128,step128,14067712,6,4,93,1,1,0.014614987187087536,0.0,22589.66015625
EleutherAI/pythia-14m,128,step128,14067712,6,4,93,1,2,0.013357770629227161,0.0,22589.66015625
EleutherAI/pythia-14m,128,step128,14067712,6,4,93,1,3,0.012122493237257004,0.0,22589.66015625
EleutherAI/pythia-14m,128,step128,14067712,6,4,93,2,0,0.012732076458632946,0.0,22589.66015625
EleutherAI/pythia-14m,128,step128,14067712,6,4,93,2,1,0.0117188123986125,0.0,22589.66015625
EleutherAI/pythia-14m,128,step128,14067712,6,4,93,2,2,0.014149818569421768,0.0,22589.66015625
EleutherAI/pythia-14m,128,step128,14067712,6,4,93,2,3,0.012484771199524403,0.0,22589.66015625
EleutherAI/pythia-14m,128,step128,14067712,6,4,93,3,0,0.013436006382107735,0.0,22589.66015625
EleutherAI/pythia-14m,128,step128,14067712,6,4,93,3,1,0.013318419456481934,0.0,22589.66015625
EleutherAI/pythia-14m,128,step128,14067712,6,4,93,3,2,0.015652623027563095,0.0,22589.66015625
EleutherAI/pythia-14m,128,step128,14067712,6,4,93,3,3,0.013925756327807903,0.0,22589.66015625
EleutherAI/pythia-14m,128,step128,14067712,6,4,93,4,0,0.01334084291011095,0.0,22589.66015625
EleutherAI/pythia-14m,128,step128,14067712,6,4,93,4,1,0.008721953257918358,0.0,22589.66015625
EleutherAI/pythia-14m,128,step128,14067712,6,4,93,4,2,0.010042921639978886,0.0,22589.66015625
EleutherAI/pythia-14m,128,step128,14067712,6,4,93,4,3,0.011852109804749489,0.0,22589.66015625
EleutherAI/pythia-14m,128,step128,14067712,6,4,93,5,0,0.014868324622511864,0.0,22589.66015625
EleutherAI/pythia-14m,128,step128,14067712,6,4,93,5,1,0.015430436469614506,0.0,22589.66015625
EleutherAI/pythia-14m,128,step128,14067712,6,4,93,5,2,0.013657493516802788,0.0,22589.66015625
EleutherAI/pythia-14m,128,step128,14067712,6,4,93,5,3,0.014724064618349075,0.0,22589.66015625
EleutherAI/pythia-14m,128,step128,14067712,6,4,94,0,0,0.013253111392259598,0.0,23302.30078125
EleutherAI/pythia-14m,128,step128,14067712,6,4,94,0,1,0.013562986627221107,0.0,23302.30078125
EleutherAI/pythia-14m,128,step128,14067712,6,4,94,0,2,0.015023060142993927,0.0,23302.30078125
EleutherAI/pythia-14m,128,step128,14067712,6,4,94,0,3,0.014247994869947433,0.0,23302.30078125
EleutherAI/pythia-14m,128,step128,14067712,6,4,94,1,0,0.014337227679789066,0.0,23302.30078125
EleutherAI/pythia-14m,128,step128,14067712,6,4,94,1,1,0.013764743693172932,0.0,23302.30078125
EleutherAI/pythia-14m,128,step128,14067712,6,4,94,1,2,0.01365666463971138,0.0,23302.30078125
EleutherAI/pythia-14m,128,step128,14067712,6,4,94,1,3,0.013523013330996037,0.0,23302.30078125
EleutherAI/pythia-14m,128,step128,14067712,6,4,94,2,0,0.013919238932430744,0.0,23302.30078125
EleutherAI/pythia-14m,128,step128,14067712,6,4,94,2,1,0.011027436703443527,0.0,23302.30078125
EleutherAI/pythia-14m,128,step128,14067712,6,4,94,2,2,0.01413074228912592,0.0,23302.30078125
EleutherAI/pythia-14m,128,step128,14067712,6,4,94,2,3,0.012404021807014942,0.0,23302.30078125
EleutherAI/pythia-14m,128,step128,14067712,6,4,94,3,0,0.012391965836286545,0.0,23302.30078125
EleutherAI/pythia-14m,128,step128,14067712,6,4,94,3,1,0.013467059470713139,0.0,23302.30078125
EleutherAI/pythia-14m,128,step128,14067712,6,4,94,3,2,0.01526153925806284,0.0,23302.30078125
EleutherAI/pythia-14m,128,step128,14067712,6,4,94,3,3,0.01463907491415739,0.0,23302.30078125
EleutherAI/pythia-14m,128,step128,14067712,6,4,94,4,0,0.013573158532381058,0.0,23302.30078125
EleutherAI/pythia-14m,128,step128,14067712,6,4,94,4,1,0.008816367015242577,0.0,23302.30078125
EleutherAI/pythia-14m,128,step128,14067712,6,4,94,4,2,0.010956435464322567,0.0,23302.30078125
EleutherAI/pythia-14m,128,step128,14067712,6,4,94,4,3,0.012119277380406857,0.0,23302.30078125
EleutherAI/pythia-14m,128,step128,14067712,6,4,94,5,0,0.014875879511237144,0.0,23302.30078125
EleutherAI/pythia-14m,128,step128,14067712,6,4,94,5,1,0.015572725795209408,0.0,23302.30078125
EleutherAI/pythia-14m,128,step128,14067712,6,4,94,5,2,0.013719363138079643,0.0,23302.30078125
EleutherAI/pythia-14m,128,step128,14067712,6,4,94,5,3,0.014522559940814972,0.0,23302.30078125
EleutherAI/pythia-14m,128,step128,14067712,6,4,95,0,0,0.013859017752110958,0.0,24603.140625
EleutherAI/pythia-14m,128,step128,14067712,6,4,95,0,1,0.014137803576886654,0.0,24603.140625
EleutherAI/pythia-14m,128,step128,14067712,6,4,95,0,2,0.014456391334533691,0.0,24603.140625
EleutherAI/pythia-14m,128,step128,14067712,6,4,95,0,3,0.01222313567996025,0.0,24603.140625
EleutherAI/pythia-14m,128,step128,14067712,6,4,95,1,0,0.01270301267504692,0.0,24603.140625
EleutherAI/pythia-14m,128,step128,14067712,6,4,95,1,1,0.014277223497629166,0.0,24603.140625
EleutherAI/pythia-14m,128,step128,14067712,6,4,95,1,2,0.013522308319807053,0.0,24603.140625
EleutherAI/pythia-14m,128,step128,14067712,6,4,95,1,3,0.012889064848423004,0.0,24603.140625
EleutherAI/pythia-14m,128,step128,14067712,6,4,95,2,0,0.013020370155572891,0.0,24603.140625
EleutherAI/pythia-14m,128,step128,14067712,6,4,95,2,1,0.01113240234553814,0.0,24603.140625
EleutherAI/pythia-14m,128,step128,14067712,6,4,95,2,2,0.013279426842927933,0.0,24603.140625
EleutherAI/pythia-14m,128,step128,14067712,6,4,95,2,3,0.013395304791629314,0.0,24603.140625
EleutherAI/pythia-14m,128,step128,14067712,6,4,95,3,0,0.01256566308438778,0.0,24603.140625
EleutherAI/pythia-14m,128,step128,14067712,6,4,95,3,1,0.014240939170122147,0.0,24603.140625
EleutherAI/pythia-14m,128,step128,14067712,6,4,95,3,2,0.015652814880013466,0.0,24603.140625
EleutherAI/pythia-14m,128,step128,14067712,6,4,95,3,3,0.014648862183094025,0.0,24603.140625
EleutherAI/pythia-14m,128,step128,14067712,6,4,95,4,0,0.014069590717554092,0.0,24603.140625
EleutherAI/pythia-14m,128,step128,14067712,6,4,95,4,1,0.008624110370874405,0.0,24603.140625
EleutherAI/pythia-14m,128,step128,14067712,6,4,95,4,2,0.010095691308379173,0.0,24603.140625
EleutherAI/pythia-14m,128,step128,14067712,6,4,95,4,3,0.012415056116878986,0.0,24603.140625
EleutherAI/pythia-14m,128,step128,14067712,6,4,95,5,0,0.01494906097650528,0.0,24603.140625
EleutherAI/pythia-14m,128,step128,14067712,6,4,95,5,1,0.015608012676239014,0.0,24603.140625
EleutherAI/pythia-14m,128,step128,14067712,6,4,95,5,2,0.013252606615424156,0.0,24603.140625
EleutherAI/pythia-14m,128,step128,14067712,6,4,95,5,3,0.014822648838162422,0.0,24603.140625
EleutherAI/pythia-14m,128,step128,14067712,6,4,96,0,0,0.014146027155220509,0.0,26732.400390625
EleutherAI/pythia-14m,128,step128,14067712,6,4,96,0,1,0.012610278092324734,0.0,26732.400390625
EleutherAI/pythia-14m,128,step128,14067712,6,4,96,0,2,0.013724695891141891,0.0,26732.400390625
EleutherAI/pythia-14m,128,step128,14067712,6,4,96,0,3,0.013580186292529106,0.0,26732.400390625
EleutherAI/pythia-14m,128,step128,14067712,6,4,96,1,0,0.012264206074178219,0.0,26732.400390625
EleutherAI/pythia-14m,128,step128,14067712,6,4,96,1,1,0.013784863986074924,0.0,26732.400390625
EleutherAI/pythia-14m,128,step128,14067712,6,4,96,1,2,0.012661291286349297,0.0,26732.400390625
EleutherAI/pythia-14m,128,step128,14067712,6,4,96,1,3,0.011984053067862988,0.0,26732.400390625
EleutherAI/pythia-14m,128,step128,14067712,6,4,96,2,0,0.01252294983714819,0.0,26732.400390625
EleutherAI/pythia-14m,128,step128,14067712,6,4,96,2,1,0.012002792209386826,0.0,26732.400390625
EleutherAI/pythia-14m,128,step128,14067712,6,4,96,2,2,0.01355818472802639,0.0,26732.400390625
EleutherAI/pythia-14m,128,step128,14067712,6,4,96,2,3,0.013508708216249943,0.0,26732.400390625
EleutherAI/pythia-14m,128,step128,14067712,6,4,96,3,0,0.012261411175131798,0.0,26732.400390625
EleutherAI/pythia-14m,128,step128,14067712,6,4,96,3,1,0.014824947342276573,0.0,26732.400390625
EleutherAI/pythia-14m,128,step128,14067712,6,4,96,3,2,0.016109608113765717,0.0,26732.400390625
EleutherAI/pythia-14m,128,step128,14067712,6,4,96,3,3,0.014972656965255737,0.0,26732.400390625
EleutherAI/pythia-14m,128,step128,14067712,6,4,96,4,0,0.01364245917648077,0.0,26732.400390625
EleutherAI/pythia-14m,128,step128,14067712,6,4,96,4,1,0.008614775724709034,0.0,26732.400390625
EleutherAI/pythia-14m,128,step128,14067712,6,4,96,4,2,0.010537221096456051,0.0,26732.400390625
EleutherAI/pythia-14m,128,step128,14067712,6,4,96,4,3,0.011725997552275658,0.0,26732.400390625
EleutherAI/pythia-14m,128,step128,14067712,6,4,96,5,0,0.015106440521776676,0.0,26732.400390625
EleutherAI/pythia-14m,128,step128,14067712,6,4,96,5,1,0.015875346958637238,0.0,26732.400390625
EleutherAI/pythia-14m,128,step128,14067712,6,4,96,5,2,0.013475781306624413,0.0,26732.400390625
EleutherAI/pythia-14m,128,step128,14067712,6,4,96,5,3,0.014771044254302979,0.0,26732.400390625
EleutherAI/pythia-14m,128,step128,14067712,6,4,97,0,0,0.015114661306142807,0.0,27639.83984375
EleutherAI/pythia-14m,128,step128,14067712,6,4,97,0,1,0.013879945501685143,0.0,27639.83984375
EleutherAI/pythia-14m,128,step128,14067712,6,4,97,0,2,0.013756725937128067,0.0,27639.83984375
EleutherAI/pythia-14m,128,step128,14067712,6,4,97,0,3,0.0146112572401762,0.0,27639.83984375
EleutherAI/pythia-14m,128,step128,14067712,6,4,97,1,0,0.013557735830545425,0.0,27639.83984375
EleutherAI/pythia-14m,128,step128,14067712,6,4,97,1,1,0.013758242130279541,0.0,27639.83984375
EleutherAI/pythia-14m,128,step128,14067712,6,4,97,1,2,0.01364853885024786,0.0,27639.83984375
EleutherAI/pythia-14m,128,step128,14067712,6,4,97,1,3,0.013429841957986355,0.0,27639.83984375
EleutherAI/pythia-14m,128,step128,14067712,6,4,97,2,0,0.013064873404800892,0.0,27639.83984375
EleutherAI/pythia-14m,128,step128,14067712,6,4,97,2,1,0.010757720097899437,0.0,27639.83984375
EleutherAI/pythia-14m,128,step128,14067712,6,4,97,2,2,0.013348412699997425,0.0,27639.83984375
EleutherAI/pythia-14m,128,step128,14067712,6,4,97,2,3,0.013348371721804142,0.0,27639.83984375
EleutherAI/pythia-14m,128,step128,14067712,6,4,97,3,0,0.01250410545617342,0.0,27639.83984375
EleutherAI/pythia-14m,128,step128,14067712,6,4,97,3,1,0.01479833759367466,0.0,27639.83984375
EleutherAI/pythia-14m,128,step128,14067712,6,4,97,3,2,0.01658603549003601,0.0,27639.83984375
EleutherAI/pythia-14m,128,step128,14067712,6,4,97,3,3,0.014489145018160343,0.0,27639.83984375
EleutherAI/pythia-14m,128,step128,14067712,6,4,97,4,0,0.014700237661600113,0.0,27639.83984375
EleutherAI/pythia-14m,128,step128,14067712,6,4,97,4,1,0.008742187172174454,0.0,27639.83984375
EleutherAI/pythia-14m,128,step128,14067712,6,4,97,4,2,0.010065456852316856,0.0,27639.83984375
EleutherAI/pythia-14m,128,step128,14067712,6,4,97,4,3,0.010875292122364044,0.0,27639.83984375
EleutherAI/pythia-14m,128,step128,14067712,6,4,97,5,0,0.015400801785290241,0.0,27639.83984375
EleutherAI/pythia-14m,128,step128,14067712,6,4,97,5,1,0.015196060761809349,0.0,27639.83984375
EleutherAI/pythia-14m,128,step128,14067712,6,4,97,5,2,0.01455269381403923,0.0,27639.83984375
EleutherAI/pythia-14m,128,step128,14067712,6,4,97,5,3,0.013709895312786102,0.0,27639.83984375
EleutherAI/pythia-14m,128,step128,14067712,6,4,98,0,0,0.014945521019399166,0.0,28155.720703125
EleutherAI/pythia-14m,128,step128,14067712,6,4,98,0,1,0.013983219861984253,0.0,28155.720703125
EleutherAI/pythia-14m,128,step128,14067712,6,4,98,0,2,0.013341015204787254,0.0,28155.720703125
EleutherAI/pythia-14m,128,step128,14067712,6,4,98,0,3,0.016238607466220856,0.0,28155.720703125
EleutherAI/pythia-14m,128,step128,14067712,6,4,98,1,0,0.01318405382335186,0.0,28155.720703125
EleutherAI/pythia-14m,128,step128,14067712,6,4,98,1,1,0.013087760657072067,0.0,28155.720703125
EleutherAI/pythia-14m,128,step128,14067712,6,4,98,1,2,0.012731917202472687,0.0,28155.720703125
EleutherAI/pythia-14m,128,step128,14067712,6,4,98,1,3,0.014492964372038841,0.0,28155.720703125
EleutherAI/pythia-14m,128,step128,14067712,6,4,98,2,0,0.01281881332397461,0.0,28155.720703125
EleutherAI/pythia-14m,128,step128,14067712,6,4,98,2,1,0.012284152209758759,0.0,28155.720703125
EleutherAI/pythia-14m,128,step128,14067712,6,4,98,2,2,0.012730407528579235,0.0,28155.720703125
EleutherAI/pythia-14m,128,step128,14067712,6,4,98,2,3,0.01178252324461937,0.0,28155.720703125
EleutherAI/pythia-14m,128,step128,14067712,6,4,98,3,0,0.012819087132811546,0.0,28155.720703125
EleutherAI/pythia-14m,128,step128,14067712,6,4,98,3,1,0.014719808474183083,0.0,28155.720703125
EleutherAI/pythia-14m,128,step128,14067712,6,4,98,3,2,0.016457660123705864,0.0,28155.720703125
EleutherAI/pythia-14m,128,step128,14067712,6,4,98,3,3,0.014609605073928833,0.0,28155.720703125
EleutherAI/pythia-14m,128,step128,14067712,6,4,98,4,0,0.013926596380770206,0.0,28155.720703125
EleutherAI/pythia-14m,128,step128,14067712,6,4,98,4,1,0.009101498872041702,0.0,28155.720703125
EleutherAI/pythia-14m,128,step128,14067712,6,4,98,4,2,0.010618188418447971,0.0,28155.720703125
EleutherAI/pythia-14m,128,step128,14067712,6,4,98,4,3,0.012080593034625053,0.0,28155.720703125
EleutherAI/pythia-14m,128,step128,14067712,6,4,98,5,0,0.014452517963945866,0.0,28155.720703125
EleutherAI/pythia-14m,128,step128,14067712,6,4,98,5,1,0.015345845371484756,0.0,28155.720703125
EleutherAI/pythia-14m,128,step128,14067712,6,4,98,5,2,0.013729877769947052,0.0,28155.720703125
EleutherAI/pythia-14m,128,step128,14067712,6,4,98,5,3,0.014320517890155315,0.0,28155.720703125
EleutherAI/pythia-14m,128,step128,14067712,6,4,99,0,0,0.013352100737392902,0.0,22033.01953125
EleutherAI/pythia-14m,128,step128,14067712,6,4,99,0,1,0.014202645979821682,0.0,22033.01953125
EleutherAI/pythia-14m,128,step128,14067712,6,4,99,0,2,0.01504781935364008,0.0,22033.01953125
EleutherAI/pythia-14m,128,step128,14067712,6,4,99,0,3,0.014492614194750786,0.0,22033.01953125
EleutherAI/pythia-14m,128,step128,14067712,6,4,99,1,0,0.013374253176152706,0.0,22033.01953125
EleutherAI/pythia-14m,128,step128,14067712,6,4,99,1,1,0.014664535410702229,0.0,22033.01953125
EleutherAI/pythia-14m,128,step128,14067712,6,4,99,1,2,0.013962465338408947,0.0,22033.01953125
EleutherAI/pythia-14m,128,step128,14067712,6,4,99,1,3,0.012230731546878815,0.0,22033.01953125
EleutherAI/pythia-14m,128,step128,14067712,6,4,99,2,0,0.013343277387320995,0.0,22033.01953125
EleutherAI/pythia-14m,128,step128,14067712,6,4,99,2,1,0.011416393332183361,0.0,22033.01953125
EleutherAI/pythia-14m,128,step128,14067712,6,4,99,2,2,0.014217760413885117,0.0,22033.01953125
EleutherAI/pythia-14m,128,step128,14067712,6,4,99,2,3,0.012529395520687103,0.0,22033.01953125
EleutherAI/pythia-14m,128,step128,14067712,6,4,99,3,0,0.013333438895642757,0.0,22033.01953125
EleutherAI/pythia-14m,128,step128,14067712,6,4,99,3,1,0.013822223991155624,0.0,22033.01953125
EleutherAI/pythia-14m,128,step128,14067712,6,4,99,3,2,0.01603892259299755,0.0,22033.01953125
EleutherAI/pythia-14m,128,step128,14067712,6,4,99,3,3,0.014689233154058456,0.0,22033.01953125
EleutherAI/pythia-14m,128,step128,14067712,6,4,99,4,0,0.01383985672146082,0.0,22033.01953125
EleutherAI/pythia-14m,128,step128,14067712,6,4,99,4,1,0.009130553342401981,0.0,22033.01953125
EleutherAI/pythia-14m,128,step128,14067712,6,4,99,4,2,0.010484997183084488,0.0,22033.01953125
EleutherAI/pythia-14m,128,step128,14067712,6,4,99,4,3,0.011444559320807457,0.0,22033.01953125
EleutherAI/pythia-14m,128,step128,14067712,6,4,99,5,0,0.014472557231783867,0.0,22033.01953125
EleutherAI/pythia-14m,128,step128,14067712,6,4,99,5,1,0.015424085780978203,0.0,22033.01953125
EleutherAI/pythia-14m,128,step128,14067712,6,4,99,5,2,0.013428335078060627,0.0,22033.01953125
EleutherAI/pythia-14m,128,step128,14067712,6,4,99,5,3,0.014811694622039795,0.0,22033.01953125
