mpath,display_name,n_params,n_layers,n_heads,sample,layer,head,ps,ar_acc,ar_mean_rank
Gemstone-Models/Gemstone-512x13,Gemstone 512x13 (103M),102643200,13,4,0,0,0,7.022726640570909e-05,0.4399999976158142,1129.739990234375
Gemstone-Models/Gemstone-512x13,Gemstone 512x13 (103M),102643200,13,4,0,0,1,0.002634897595271468,0.4399999976158142,1129.739990234375
Gemstone-Models/Gemstone-512x13,Gemstone 512x13 (103M),102643200,13,4,0,0,2,0.015942847356200218,0.4399999976158142,1129.739990234375
Gemstone-Models/Gemstone-512x13,Gemstone 512x13 (103M),102643200,13,4,0,0,3,0.006380694452673197,0.4399999976158142,1129.739990234375
Gemstone-Models/Gemstone-512x13,Gemstone 512x13 (103M),102643200,13,4,0,1,0,0.0005203656619414687,0.4399999976158142,1129.739990234375
Gemstone-Models/Gemstone-512x13,Gemstone 512x13 (103M),102643200,13,4,0,1,1,0.007144581526517868,0.4399999976158142,1129.739990234375
Gemstone-Models/Gemstone-512x13,Gemstone 512x13 (103M),102643200,13,4,0,1,2,0.0004486892430577427,0.4399999976158142,1129.739990234375
Gemstone-Models/Gemstone-512x13,Gemstone 512x13 (103M),102643200,13,4,0,1,3,0.0029451388400048018,0.4399999976158142,1129.739990234375
Gemstone-Models/Gemstone-512x13,Gemstone 512x13 (103M),102643200,13,4,0,2,0,0.007588162552565336,0.4399999976158142,1129.739990234375
Gemstone-Models/Gemstone-512x13,Gemstone 512x13 (103M),102643200,13,4,0,2,1,0.0009995937580242753,0.4399999976158142,1129.739990234375
Gemstone-Models/Gemstone-512x13,Gemstone 512x13 (103M),102643200,13,4,0,2,2,0.007563984487205744,0.4399999976158142,1129.739990234375
Gemstone-Models/Gemstone-512x13,Gemstone 512x13 (103M),102643200,13,4,0,2,3,0.007595866918563843,0.4399999976158142,1129.739990234375
Gemstone-Models/Gemstone-512x13,Gemstone 512x13 (103M),102643200,13,4,0,3,0,0.006062353029847145,0.4399999976158142,1129.739990234375
Gemstone-Models/Gemstone-512x13,Gemstone 512x13 (103M),102643200,13,4,0,3,1,0.00039823338738642633,0.4399999976158142,1129.739990234375
Gemstone-Models/Gemstone-512x13,Gemstone 512x13 (103M),102643200,13,4,0,3,2,0.007036234252154827,0.4399999976158142,1129.739990234375
Gemstone-Models/Gemstone-512x13,Gemstone 512x13 (103M),102643200,13,4,0,3,3,0.007235361263155937,0.4399999976158142,1129.739990234375
Gemstone-Models/Gemstone-512x13,Gemstone 512x13 (103M),102643200,13,4,0,4,0,0.025583427399396896,0.4399999976158142,1129.739990234375
Gemstone-Models/Gemstone-512x13,Gemstone 512x13 (103M),102643200,13,4,0,4,1,0.004297797568142414,0.4399999976158142,1129.739990234375
Gemstone-Models/Gemstone-512x13,Gemstone 512x13 (103M),102643200,13,4,0,4,2,0.007090577855706215,0.4399999976158142,1129.739990234375
Gemstone-Models/Gemstone-512x13,Gemstone 512x13 (103M),102643200,13,4,0,4,3,0.0012979210587218404,0.4399999976158142,1129.739990234375
Gemstone-Models/Gemstone-512x13,Gemstone 512x13 (103M),102643200,13,4,0,5,0,0.007264831569045782,0.4399999976158142,1129.739990234375
Gemstone-Models/Gemstone-512x13,Gemstone 512x13 (103M),102643200,13,4,0,5,1,0.012531928718090057,0.4399999976158142,1129.739990234375
Gemstone-Models/Gemstone-512x13,Gemstone 512x13 (103M),102643200,13,4,0,5,2,1.2322098541517335e-07,0.4399999976158142,1129.739990234375
Gemstone-Models/Gemstone-512x13,Gemstone 512x13 (103M),102643200,13,4,0,5,3,8.196410635719076e-05,0.4399999976158142,1129.739990234375
Gemstone-Models/Gemstone-512x13,Gemstone 512x13 (103M),102643200,13,4,0,6,0,0.00037479621823877096,0.4399999976158142,1129.739990234375
Gemstone-Models/Gemstone-512x13,Gemstone 512x13 (103M),102643200,13,4,0,6,1,0.7401391863822937,0.4399999976158142,1129.739990234375
Gemstone-Models/Gemstone-512x13,Gemstone 512x13 (103M),102643200,13,4,0,6,2,0.002888718154281378,0.4399999976158142,1129.739990234375
Gemstone-Models/Gemstone-512x13,Gemstone 512x13 (103M),102643200,13,4,0,6,3,0.0037235403433442116,0.4399999976158142,1129.739990234375
Gemstone-Models/Gemstone-512x13,Gemstone 512x13 (103M),102643200,13,4,0,7,0,0.0022874493151903152,0.4399999976158142,1129.739990234375
Gemstone-Models/Gemstone-512x13,Gemstone 512x13 (103M),102643200,13,4,0,7,1,0.00014458654914051294,0.4399999976158142,1129.739990234375
Gemstone-Models/Gemstone-512x13,Gemstone 512x13 (103M),102643200,13,4,0,7,2,0.0005981692811474204,0.4399999976158142,1129.739990234375
Gemstone-Models/Gemstone-512x13,Gemstone 512x13 (103M),102643200,13,4,0,7,3,0.000829466269351542,0.4399999976158142,1129.739990234375
Gemstone-Models/Gemstone-512x13,Gemstone 512x13 (103M),102643200,13,4,0,8,0,0.00395519332960248,0.4399999976158142,1129.739990234375
Gemstone-Models/Gemstone-512x13,Gemstone 512x13 (103M),102643200,13,4,0,8,1,0.0028564154636114836,0.4399999976158142,1129.739990234375
Gemstone-Models/Gemstone-512x13,Gemstone 512x13 (103M),102643200,13,4,0,8,2,0.0002089016925310716,0.4399999976158142,1129.739990234375
Gemstone-Models/Gemstone-512x13,Gemstone 512x13 (103M),102643200,13,4,0,8,3,0.026713712140917778,0.4399999976158142,1129.739990234375
Gemstone-Models/Gemstone-512x13,Gemstone 512x13 (103M),102643200,13,4,0,9,0,5.2894288948834856e-09,0.4399999976158142,1129.739990234375
Gemstone-Models/Gemstone-512x13,Gemstone 512x13 (103M),102643200,13,4,0,9,1,0.0002417569630779326,0.4399999976158142,1129.739990234375
Gemstone-Models/Gemstone-512x13,Gemstone 512x13 (103M),102643200,13,4,0,9,2,0.0016161015955731273,0.4399999976158142,1129.739990234375
Gemstone-Models/Gemstone-512x13,Gemstone 512x13 (103M),102643200,13,4,0,9,3,0.014209320768713951,0.4399999976158142,1129.739990234375
Gemstone-Models/Gemstone-512x13,Gemstone 512x13 (103M),102643200,13,4,0,10,0,0.8311612010002136,0.4399999976158142,1129.739990234375
Gemstone-Models/Gemstone-512x13,Gemstone 512x13 (103M),102643200,13,4,0,10,1,0.14884145557880402,0.4399999976158142,1129.739990234375
Gemstone-Models/Gemstone-512x13,Gemstone 512x13 (103M),102643200,13,4,0,10,2,0.004950189497321844,0.4399999976158142,1129.739990234375
Gemstone-Models/Gemstone-512x13,Gemstone 512x13 (103M),102643200,13,4,0,10,3,0.14444145560264587,0.4399999976158142,1129.739990234375
Gemstone-Models/Gemstone-512x13,Gemstone 512x13 (103M),102643200,13,4,0,11,0,0.030225461348891258,0.4399999976158142,1129.739990234375
Gemstone-Models/Gemstone-512x13,Gemstone 512x13 (103M),102643200,13,4,0,11,1,0.04713774845004082,0.4399999976158142,1129.739990234375
Gemstone-Models/Gemstone-512x13,Gemstone 512x13 (103M),102643200,13,4,0,11,2,0.31639137864112854,0.4399999976158142,1129.739990234375
Gemstone-Models/Gemstone-512x13,Gemstone 512x13 (103M),102643200,13,4,0,11,3,0.2521655261516571,0.4399999976158142,1129.739990234375
Gemstone-Models/Gemstone-512x13,Gemstone 512x13 (103M),102643200,13,4,0,12,0,0.005735626444220543,0.4399999976158142,1129.739990234375
Gemstone-Models/Gemstone-512x13,Gemstone 512x13 (103M),102643200,13,4,0,12,1,0.0027048527263104916,0.4399999976158142,1129.739990234375
Gemstone-Models/Gemstone-512x13,Gemstone 512x13 (103M),102643200,13,4,0,12,2,0.009549646638333797,0.4399999976158142,1129.739990234375
Gemstone-Models/Gemstone-512x13,Gemstone 512x13 (103M),102643200,13,4,0,12,3,0.0038947502616792917,0.4399999976158142,1129.739990234375
Gemstone-Models/Gemstone-512x13,Gemstone 512x13 (103M),102643200,13,4,1,0,0,0.00014866600395180285,0.5,430.20001220703125
Gemstone-Models/Gemstone-512x13,Gemstone 512x13 (103M),102643200,13,4,1,0,1,0.004944121465086937,0.5,430.20001220703125
Gemstone-Models/Gemstone-512x13,Gemstone 512x13 (103M),102643200,13,4,1,0,2,0.014985613524913788,0.5,430.20001220703125
Gemstone-Models/Gemstone-512x13,Gemstone 512x13 (103M),102643200,13,4,1,0,3,0.00734386220574379,0.5,430.20001220703125
Gemstone-Models/Gemstone-512x13,Gemstone 512x13 (103M),102643200,13,4,1,1,0,0.0014427673304453492,0.5,430.20001220703125
Gemstone-Models/Gemstone-512x13,Gemstone 512x13 (103M),102643200,13,4,1,1,1,0.009406287223100662,0.5,430.20001220703125
Gemstone-Models/Gemstone-512x13,Gemstone 512x13 (103M),102643200,13,4,1,1,2,0.0008460892713628709,0.5,430.20001220703125
Gemstone-Models/Gemstone-512x13,Gemstone 512x13 (103M),102643200,13,4,1,1,3,0.0015576663427054882,0.5,430.20001220703125
Gemstone-Models/Gemstone-512x13,Gemstone 512x13 (103M),102643200,13,4,1,2,0,0.008167239837348461,0.5,430.20001220703125
Gemstone-Models/Gemstone-512x13,Gemstone 512x13 (103M),102643200,13,4,1,2,1,0.0011358330957591534,0.5,430.20001220703125
Gemstone-Models/Gemstone-512x13,Gemstone 512x13 (103M),102643200,13,4,1,2,2,0.009419156238436699,0.5,430.20001220703125
Gemstone-Models/Gemstone-512x13,Gemstone 512x13 (103M),102643200,13,4,1,2,3,0.005578790791332722,0.5,430.20001220703125
Gemstone-Models/Gemstone-512x13,Gemstone 512x13 (103M),102643200,13,4,1,3,0,0.0053262365981936455,0.5,430.20001220703125
Gemstone-Models/Gemstone-512x13,Gemstone 512x13 (103M),102643200,13,4,1,3,1,0.0006600299384444952,0.5,430.20001220703125
Gemstone-Models/Gemstone-512x13,Gemstone 512x13 (103M),102643200,13,4,1,3,2,0.004987254273146391,0.5,430.20001220703125
Gemstone-Models/Gemstone-512x13,Gemstone 512x13 (103M),102643200,13,4,1,3,3,0.008230957202613354,0.5,430.20001220703125
Gemstone-Models/Gemstone-512x13,Gemstone 512x13 (103M),102643200,13,4,1,4,0,0.0217316672205925,0.5,430.20001220703125
Gemstone-Models/Gemstone-512x13,Gemstone 512x13 (103M),102643200,13,4,1,4,1,0.0037756585516035557,0.5,430.20001220703125
Gemstone-Models/Gemstone-512x13,Gemstone 512x13 (103M),102643200,13,4,1,4,2,0.00907509122043848,0.5,430.20001220703125
Gemstone-Models/Gemstone-512x13,Gemstone 512x13 (103M),102643200,13,4,1,4,3,0.00119981134776026,0.5,430.20001220703125
Gemstone-Models/Gemstone-512x13,Gemstone 512x13 (103M),102643200,13,4,1,5,0,0.011055724695324898,0.5,430.20001220703125
Gemstone-Models/Gemstone-512x13,Gemstone 512x13 (103M),102643200,13,4,1,5,1,0.01484441477805376,0.5,430.20001220703125
Gemstone-Models/Gemstone-512x13,Gemstone 512x13 (103M),102643200,13,4,1,5,2,2.523862860925874e-07,0.5,430.20001220703125
Gemstone-Models/Gemstone-512x13,Gemstone 512x13 (103M),102643200,13,4,1,5,3,0.0002565095492172986,0.5,430.20001220703125
Gemstone-Models/Gemstone-512x13,Gemstone 512x13 (103M),102643200,13,4,1,6,0,0.00038006118847988546,0.5,430.20001220703125
Gemstone-Models/Gemstone-512x13,Gemstone 512x13 (103M),102643200,13,4,1,6,1,0.7657470703125,0.5,430.20001220703125
Gemstone-Models/Gemstone-512x13,Gemstone 512x13 (103M),102643200,13,4,1,6,2,0.0032165420707315207,0.5,430.20001220703125
Gemstone-Models/Gemstone-512x13,Gemstone 512x13 (103M),102643200,13,4,1,6,3,0.00328933447599411,0.5,430.20001220703125
Gemstone-Models/Gemstone-512x13,Gemstone 512x13 (103M),102643200,13,4,1,7,0,0.0018476155819371343,0.5,430.20001220703125
Gemstone-Models/Gemstone-512x13,Gemstone 512x13 (103M),102643200,13,4,1,7,1,6.500914605567232e-05,0.5,430.20001220703125
Gemstone-Models/Gemstone-512x13,Gemstone 512x13 (103M),102643200,13,4,1,7,2,0.0005870117456652224,0.5,430.20001220703125
Gemstone-Models/Gemstone-512x13,Gemstone 512x13 (103M),102643200,13,4,1,7,3,0.0006196895847097039,0.5,430.20001220703125
Gemstone-Models/Gemstone-512x13,Gemstone 512x13 (103M),102643200,13,4,1,8,0,0.003189107170328498,0.5,430.20001220703125
Gemstone-Models/Gemstone-512x13,Gemstone 512x13 (103M),102643200,13,4,1,8,1,0.0036661780904978514,0.5,430.20001220703125
Gemstone-Models/Gemstone-512x13,Gemstone 512x13 (103M),102643200,13,4,1,8,2,0.00023611470533069223,0.5,430.20001220703125
Gemstone-Models/Gemstone-512x13,Gemstone 512x13 (103M),102643200,13,4,1,8,3,0.03353830426931381,0.5,430.20001220703125
Gemstone-Models/Gemstone-512x13,Gemstone 512x13 (103M),102643200,13,4,1,9,0,1.3107885443730538e-08,0.5,430.20001220703125
Gemstone-Models/Gemstone-512x13,Gemstone 512x13 (103M),102643200,13,4,1,9,1,0.00032482712413184345,0.5,430.20001220703125
Gemstone-Models/Gemstone-512x13,Gemstone 512x13 (103M),102643200,13,4,1,9,2,0.0017228462966158986,0.5,430.20001220703125
Gemstone-Models/Gemstone-512x13,Gemstone 512x13 (103M),102643200,13,4,1,9,3,0.013365039601922035,0.5,430.20001220703125
Gemstone-Models/Gemstone-512x13,Gemstone 512x13 (103M),102643200,13,4,1,10,0,0.8443382382392883,0.5,430.20001220703125
Gemstone-Models/Gemstone-512x13,Gemstone 512x13 (103M),102643200,13,4,1,10,1,0.15607815980911255,0.5,430.20001220703125
Gemstone-Models/Gemstone-512x13,Gemstone 512x13 (103M),102643200,13,4,1,10,2,0.0030095160473138094,0.5,430.20001220703125
Gemstone-Models/Gemstone-512x13,Gemstone 512x13 (103M),102643200,13,4,1,10,3,0.1618412733078003,0.5,430.20001220703125
Gemstone-Models/Gemstone-512x13,Gemstone 512x13 (103M),102643200,13,4,1,11,0,0.036839693784713745,0.5,430.20001220703125
Gemstone-Models/Gemstone-512x13,Gemstone 512x13 (103M),102643200,13,4,1,11,1,0.04236176609992981,0.5,430.20001220703125
Gemstone-Models/Gemstone-512x13,Gemstone 512x13 (103M),102643200,13,4,1,11,2,0.3115129768848419,0.5,430.20001220703125
Gemstone-Models/Gemstone-512x13,Gemstone 512x13 (103M),102643200,13,4,1,11,3,0.24303199350833893,0.5,430.20001220703125
Gemstone-Models/Gemstone-512x13,Gemstone 512x13 (103M),102643200,13,4,1,12,0,0.003831833600997925,0.5,430.20001220703125
Gemstone-Models/Gemstone-512x13,Gemstone 512x13 (103M),102643200,13,4,1,12,1,0.003198920516297221,0.5,430.20001220703125
Gemstone-Models/Gemstone-512x13,Gemstone 512x13 (103M),102643200,13,4,1,12,2,0.009630070999264717,0.5,430.20001220703125
Gemstone-Models/Gemstone-512x13,Gemstone 512x13 (103M),102643200,13,4,1,12,3,0.004928871523588896,0.5,430.20001220703125
Gemstone-Models/Gemstone-512x13,Gemstone 512x13 (103M),102643200,13,4,2,0,0,0.0016918686451390386,0.7400000095367432,1329.0
Gemstone-Models/Gemstone-512x13,Gemstone 512x13 (103M),102643200,13,4,2,0,1,0.004089938476681709,0.7400000095367432,1329.0
Gemstone-Models/Gemstone-512x13,Gemstone 512x13 (103M),102643200,13,4,2,0,2,0.016363168135285378,0.7400000095367432,1329.0
Gemstone-Models/Gemstone-512x13,Gemstone 512x13 (103M),102643200,13,4,2,0,3,0.009701809845864773,0.7400000095367432,1329.0
Gemstone-Models/Gemstone-512x13,Gemstone 512x13 (103M),102643200,13,4,2,1,0,0.0012226916151121259,0.7400000095367432,1329.0
Gemstone-Models/Gemstone-512x13,Gemstone 512x13 (103M),102643200,13,4,2,1,1,0.013458630070090294,0.7400000095367432,1329.0
Gemstone-Models/Gemstone-512x13,Gemstone 512x13 (103M),102643200,13,4,2,1,2,0.00011338786862324923,0.7400000095367432,1329.0
Gemstone-Models/Gemstone-512x13,Gemstone 512x13 (103M),102643200,13,4,2,1,3,0.005458757281303406,0.7400000095367432,1329.0
Gemstone-Models/Gemstone-512x13,Gemstone 512x13 (103M),102643200,13,4,2,2,0,0.014015251770615578,0.7400000095367432,1329.0
Gemstone-Models/Gemstone-512x13,Gemstone 512x13 (103M),102643200,13,4,2,2,1,0.0017508455784991384,0.7400000095367432,1329.0
Gemstone-Models/Gemstone-512x13,Gemstone 512x13 (103M),102643200,13,4,2,2,2,0.004628683906048536,0.7400000095367432,1329.0
Gemstone-Models/Gemstone-512x13,Gemstone 512x13 (103M),102643200,13,4,2,2,3,0.013295953162014484,0.7400000095367432,1329.0
Gemstone-Models/Gemstone-512x13,Gemstone 512x13 (103M),102643200,13,4,2,3,0,0.005711263511329889,0.7400000095367432,1329.0
Gemstone-Models/Gemstone-512x13,Gemstone 512x13 (103M),102643200,13,4,2,3,1,0.0008642280008643866,0.7400000095367432,1329.0
Gemstone-Models/Gemstone-512x13,Gemstone 512x13 (103M),102643200,13,4,2,3,2,0.005139503628015518,0.7400000095367432,1329.0
Gemstone-Models/Gemstone-512x13,Gemstone 512x13 (103M),102643200,13,4,2,3,3,0.007080820854753256,0.7400000095367432,1329.0
Gemstone-Models/Gemstone-512x13,Gemstone 512x13 (103M),102643200,13,4,2,4,0,0.015459389425814152,0.7400000095367432,1329.0
Gemstone-Models/Gemstone-512x13,Gemstone 512x13 (103M),102643200,13,4,2,4,1,0.006401786580681801,0.7400000095367432,1329.0
Gemstone-Models/Gemstone-512x13,Gemstone 512x13 (103M),102643200,13,4,2,4,2,0.011387927457690239,0.7400000095367432,1329.0
Gemstone-Models/Gemstone-512x13,Gemstone 512x13 (103M),102643200,13,4,2,4,3,0.001366492360830307,0.7400000095367432,1329.0
Gemstone-Models/Gemstone-512x13,Gemstone 512x13 (103M),102643200,13,4,2,5,0,0.012016985565423965,0.7400000095367432,1329.0
Gemstone-Models/Gemstone-512x13,Gemstone 512x13 (103M),102643200,13,4,2,5,1,0.01625148579478264,0.7400000095367432,1329.0
Gemstone-Models/Gemstone-512x13,Gemstone 512x13 (103M),102643200,13,4,2,5,2,1.487899226049194e-07,0.7400000095367432,1329.0
Gemstone-Models/Gemstone-512x13,Gemstone 512x13 (103M),102643200,13,4,2,5,3,7.336022827075794e-05,0.7400000095367432,1329.0
Gemstone-Models/Gemstone-512x13,Gemstone 512x13 (103M),102643200,13,4,2,6,0,0.00037216581404209137,0.7400000095367432,1329.0
Gemstone-Models/Gemstone-512x13,Gemstone 512x13 (103M),102643200,13,4,2,6,1,0.8200843930244446,0.7400000095367432,1329.0
Gemstone-Models/Gemstone-512x13,Gemstone 512x13 (103M),102643200,13,4,2,6,2,0.002525464864447713,0.7400000095367432,1329.0
Gemstone-Models/Gemstone-512x13,Gemstone 512x13 (103M),102643200,13,4,2,6,3,0.003874878864735365,0.7400000095367432,1329.0
Gemstone-Models/Gemstone-512x13,Gemstone 512x13 (103M),102643200,13,4,2,7,0,0.0013844156637787819,0.7400000095367432,1329.0
Gemstone-Models/Gemstone-512x13,Gemstone 512x13 (103M),102643200,13,4,2,7,1,6.18947742623277e-05,0.7400000095367432,1329.0
Gemstone-Models/Gemstone-512x13,Gemstone 512x13 (103M),102643200,13,4,2,7,2,0.00044087760034017265,0.7400000095367432,1329.0
Gemstone-Models/Gemstone-512x13,Gemstone 512x13 (103M),102643200,13,4,2,7,3,0.0005512322532013059,0.7400000095367432,1329.0
Gemstone-Models/Gemstone-512x13,Gemstone 512x13 (103M),102643200,13,4,2,8,0,0.004362788982689381,0.7400000095367432,1329.0
Gemstone-Models/Gemstone-512x13,Gemstone 512x13 (103M),102643200,13,4,2,8,1,0.004113416187465191,0.7400000095367432,1329.0
Gemstone-Models/Gemstone-512x13,Gemstone 512x13 (103M),102643200,13,4,2,8,2,0.0006334071513265371,0.7400000095367432,1329.0
Gemstone-Models/Gemstone-512x13,Gemstone 512x13 (103M),102643200,13,4,2,8,3,0.03856712952256203,0.7400000095367432,1329.0
Gemstone-Models/Gemstone-512x13,Gemstone 512x13 (103M),102643200,13,4,2,9,0,3.509953216962458e-08,0.7400000095367432,1329.0
Gemstone-Models/Gemstone-512x13,Gemstone 512x13 (103M),102643200,13,4,2,9,1,0.000490821897983551,0.7400000095367432,1329.0
Gemstone-Models/Gemstone-512x13,Gemstone 512x13 (103M),102643200,13,4,2,9,2,0.0023808074183762074,0.7400000095367432,1329.0
Gemstone-Models/Gemstone-512x13,Gemstone 512x13 (103M),102643200,13,4,2,9,3,0.013260717503726482,0.7400000095367432,1329.0
Gemstone-Models/Gemstone-512x13,Gemstone 512x13 (103M),102643200,13,4,2,10,0,0.8464845418930054,0.7400000095367432,1329.0
Gemstone-Models/Gemstone-512x13,Gemstone 512x13 (103M),102643200,13,4,2,10,1,0.16256092488765717,0.7400000095367432,1329.0
Gemstone-Models/Gemstone-512x13,Gemstone 512x13 (103M),102643200,13,4,2,10,2,0.004614317324012518,0.7400000095367432,1329.0
Gemstone-Models/Gemstone-512x13,Gemstone 512x13 (103M),102643200,13,4,2,10,3,0.18673312664031982,0.7400000095367432,1329.0
Gemstone-Models/Gemstone-512x13,Gemstone 512x13 (103M),102643200,13,4,2,11,0,0.03368864953517914,0.7400000095367432,1329.0
Gemstone-Models/Gemstone-512x13,Gemstone 512x13 (103M),102643200,13,4,2,11,1,0.04459283873438835,0.7400000095367432,1329.0
Gemstone-Models/Gemstone-512x13,Gemstone 512x13 (103M),102643200,13,4,2,11,2,0.4694475829601288,0.7400000095367432,1329.0
Gemstone-Models/Gemstone-512x13,Gemstone 512x13 (103M),102643200,13,4,2,11,3,0.3136710822582245,0.7400000095367432,1329.0
Gemstone-Models/Gemstone-512x13,Gemstone 512x13 (103M),102643200,13,4,2,12,0,0.004871930927038193,0.7400000095367432,1329.0
Gemstone-Models/Gemstone-512x13,Gemstone 512x13 (103M),102643200,13,4,2,12,1,0.0034504712093621492,0.7400000095367432,1329.0
Gemstone-Models/Gemstone-512x13,Gemstone 512x13 (103M),102643200,13,4,2,12,2,0.009147077798843384,0.7400000095367432,1329.0
Gemstone-Models/Gemstone-512x13,Gemstone 512x13 (103M),102643200,13,4,2,12,3,0.006997853051871061,0.7400000095367432,1329.0
Gemstone-Models/Gemstone-512x13,Gemstone 512x13 (103M),102643200,13,4,3,0,0,0.00550611549988389,0.11999999731779099,2391.340087890625
Gemstone-Models/Gemstone-512x13,Gemstone 512x13 (103M),102643200,13,4,3,0,1,0.004569691605865955,0.11999999731779099,2391.340087890625
Gemstone-Models/Gemstone-512x13,Gemstone 512x13 (103M),102643200,13,4,3,0,2,0.016192911192774773,0.11999999731779099,2391.340087890625
Gemstone-Models/Gemstone-512x13,Gemstone 512x13 (103M),102643200,13,4,3,0,3,0.006085907109081745,0.11999999731779099,2391.340087890625
Gemstone-Models/Gemstone-512x13,Gemstone 512x13 (103M),102643200,13,4,3,1,0,0.0010859559988602996,0.11999999731779099,2391.340087890625
Gemstone-Models/Gemstone-512x13,Gemstone 512x13 (103M),102643200,13,4,3,1,1,0.007251972332596779,0.11999999731779099,2391.340087890625
Gemstone-Models/Gemstone-512x13,Gemstone 512x13 (103M),102643200,13,4,3,1,2,0.0003664422547444701,0.11999999731779099,2391.340087890625
Gemstone-Models/Gemstone-512x13,Gemstone 512x13 (103M),102643200,13,4,3,1,3,0.01616869680583477,0.11999999731779099,2391.340087890625
Gemstone-Models/Gemstone-512x13,Gemstone 512x13 (103M),102643200,13,4,3,2,0,0.007730752695351839,0.11999999731779099,2391.340087890625
Gemstone-Models/Gemstone-512x13,Gemstone 512x13 (103M),102643200,13,4,3,2,1,0.001949446159414947,0.11999999731779099,2391.340087890625
Gemstone-Models/Gemstone-512x13,Gemstone 512x13 (103M),102643200,13,4,3,2,2,0.010217241942882538,0.11999999731779099,2391.340087890625
Gemstone-Models/Gemstone-512x13,Gemstone 512x13 (103M),102643200,13,4,3,2,3,0.014677050523459911,0.11999999731779099,2391.340087890625
Gemstone-Models/Gemstone-512x13,Gemstone 512x13 (103M),102643200,13,4,3,3,0,0.006461909972131252,0.11999999731779099,2391.340087890625
Gemstone-Models/Gemstone-512x13,Gemstone 512x13 (103M),102643200,13,4,3,3,1,0.00035706357448361814,0.11999999731779099,2391.340087890625
Gemstone-Models/Gemstone-512x13,Gemstone 512x13 (103M),102643200,13,4,3,3,2,0.004645956680178642,0.11999999731779099,2391.340087890625
Gemstone-Models/Gemstone-512x13,Gemstone 512x13 (103M),102643200,13,4,3,3,3,0.00786097813397646,0.11999999731779099,2391.340087890625
Gemstone-Models/Gemstone-512x13,Gemstone 512x13 (103M),102643200,13,4,3,4,0,0.01863848604261875,0.11999999731779099,2391.340087890625
Gemstone-Models/Gemstone-512x13,Gemstone 512x13 (103M),102643200,13,4,3,4,1,0.006850823760032654,0.11999999731779099,2391.340087890625
Gemstone-Models/Gemstone-512x13,Gemstone 512x13 (103M),102643200,13,4,3,4,2,0.008126233704388142,0.11999999731779099,2391.340087890625
Gemstone-Models/Gemstone-512x13,Gemstone 512x13 (103M),102643200,13,4,3,4,3,0.0010456411400809884,0.11999999731779099,2391.340087890625
Gemstone-Models/Gemstone-512x13,Gemstone 512x13 (103M),102643200,13,4,3,5,0,0.008489699102938175,0.11999999731779099,2391.340087890625
Gemstone-Models/Gemstone-512x13,Gemstone 512x13 (103M),102643200,13,4,3,5,1,0.01203151699155569,0.11999999731779099,2391.340087890625
Gemstone-Models/Gemstone-512x13,Gemstone 512x13 (103M),102643200,13,4,3,5,2,1.067577159119537e-06,0.11999999731779099,2391.340087890625
Gemstone-Models/Gemstone-512x13,Gemstone 512x13 (103M),102643200,13,4,3,5,3,0.00017219249275512993,0.11999999731779099,2391.340087890625
Gemstone-Models/Gemstone-512x13,Gemstone 512x13 (103M),102643200,13,4,3,6,0,0.00020814366871491075,0.11999999731779099,2391.340087890625
Gemstone-Models/Gemstone-512x13,Gemstone 512x13 (103M),102643200,13,4,3,6,1,0.7081058025360107,0.11999999731779099,2391.340087890625
Gemstone-Models/Gemstone-512x13,Gemstone 512x13 (103M),102643200,13,4,3,6,2,0.0029953056946396828,0.11999999731779099,2391.340087890625
Gemstone-Models/Gemstone-512x13,Gemstone 512x13 (103M),102643200,13,4,3,6,3,0.00324537162669003,0.11999999731779099,2391.340087890625
Gemstone-Models/Gemstone-512x13,Gemstone 512x13 (103M),102643200,13,4,3,7,0,0.002060980536043644,0.11999999731779099,2391.340087890625
Gemstone-Models/Gemstone-512x13,Gemstone 512x13 (103M),102643200,13,4,3,7,1,8.420140511589125e-05,0.11999999731779099,2391.340087890625
Gemstone-Models/Gemstone-512x13,Gemstone 512x13 (103M),102643200,13,4,3,7,2,0.0004216783563606441,0.11999999731779099,2391.340087890625
Gemstone-Models/Gemstone-512x13,Gemstone 512x13 (103M),102643200,13,4,3,7,3,0.00032473303144797683,0.11999999731779099,2391.340087890625
Gemstone-Models/Gemstone-512x13,Gemstone 512x13 (103M),102643200,13,4,3,8,0,0.00262444862164557,0.11999999731779099,2391.340087890625
Gemstone-Models/Gemstone-512x13,Gemstone 512x13 (103M),102643200,13,4,3,8,1,0.0029053506441414356,0.11999999731779099,2391.340087890625
Gemstone-Models/Gemstone-512x13,Gemstone 512x13 (103M),102643200,13,4,3,8,2,0.00021935999393463135,0.11999999731779099,2391.340087890625
Gemstone-Models/Gemstone-512x13,Gemstone 512x13 (103M),102643200,13,4,3,8,3,0.018312716856598854,0.11999999731779099,2391.340087890625
Gemstone-Models/Gemstone-512x13,Gemstone 512x13 (103M),102643200,13,4,3,9,0,9.49391498750174e-09,0.11999999731779099,2391.340087890625
Gemstone-Models/Gemstone-512x13,Gemstone 512x13 (103M),102643200,13,4,3,9,1,0.00014582127914763987,0.11999999731779099,2391.340087890625
Gemstone-Models/Gemstone-512x13,Gemstone 512x13 (103M),102643200,13,4,3,9,2,0.0012641309294849634,0.11999999731779099,2391.340087890625
Gemstone-Models/Gemstone-512x13,Gemstone 512x13 (103M),102643200,13,4,3,9,3,0.009017306379973888,0.11999999731779099,2391.340087890625
Gemstone-Models/Gemstone-512x13,Gemstone 512x13 (103M),102643200,13,4,3,10,0,0.7577914595603943,0.11999999731779099,2391.340087890625
Gemstone-Models/Gemstone-512x13,Gemstone 512x13 (103M),102643200,13,4,3,10,1,0.11351053416728973,0.11999999731779099,2391.340087890625
Gemstone-Models/Gemstone-512x13,Gemstone 512x13 (103M),102643200,13,4,3,10,2,0.0028213567566126585,0.11999999731779099,2391.340087890625
Gemstone-Models/Gemstone-512x13,Gemstone 512x13 (103M),102643200,13,4,3,10,3,0.1197202280163765,0.11999999731779099,2391.340087890625
Gemstone-Models/Gemstone-512x13,Gemstone 512x13 (103M),102643200,13,4,3,11,0,0.023731501772999763,0.11999999731779099,2391.340087890625
Gemstone-Models/Gemstone-512x13,Gemstone 512x13 (103M),102643200,13,4,3,11,1,0.025439128279685974,0.11999999731779099,2391.340087890625
Gemstone-Models/Gemstone-512x13,Gemstone 512x13 (103M),102643200,13,4,3,11,2,0.20175893604755402,0.11999999731779099,2391.340087890625
Gemstone-Models/Gemstone-512x13,Gemstone 512x13 (103M),102643200,13,4,3,11,3,0.1593705266714096,0.11999999731779099,2391.340087890625
Gemstone-Models/Gemstone-512x13,Gemstone 512x13 (103M),102643200,13,4,3,12,0,0.0029927908908575773,0.11999999731779099,2391.340087890625
Gemstone-Models/Gemstone-512x13,Gemstone 512x13 (103M),102643200,13,4,3,12,1,0.0015248686540871859,0.11999999731779099,2391.340087890625
Gemstone-Models/Gemstone-512x13,Gemstone 512x13 (103M),102643200,13,4,3,12,2,0.007758003659546375,0.11999999731779099,2391.340087890625
Gemstone-Models/Gemstone-512x13,Gemstone 512x13 (103M),102643200,13,4,3,12,3,0.004856402054429054,0.11999999731779099,2391.340087890625
Gemstone-Models/Gemstone-512x13,Gemstone 512x13 (103M),102643200,13,4,4,0,0,0.0023669826332479715,0.699999988079071,1047.0
Gemstone-Models/Gemstone-512x13,Gemstone 512x13 (103M),102643200,13,4,4,0,1,0.0035817346069961786,0.699999988079071,1047.0
Gemstone-Models/Gemstone-512x13,Gemstone 512x13 (103M),102643200,13,4,4,0,2,0.01477997936308384,0.699999988079071,1047.0
Gemstone-Models/Gemstone-512x13,Gemstone 512x13 (103M),102643200,13,4,4,0,3,0.011077633127570152,0.699999988079071,1047.0
Gemstone-Models/Gemstone-512x13,Gemstone 512x13 (103M),102643200,13,4,4,1,0,0.0009339834796264768,0.699999988079071,1047.0
Gemstone-Models/Gemstone-512x13,Gemstone 512x13 (103M),102643200,13,4,4,1,1,0.010633910074830055,0.699999988079071,1047.0
Gemstone-Models/Gemstone-512x13,Gemstone 512x13 (103M),102643200,13,4,4,1,2,0.0025393187534064054,0.699999988079071,1047.0
Gemstone-Models/Gemstone-512x13,Gemstone 512x13 (103M),102643200,13,4,4,1,3,0.01907375268638134,0.699999988079071,1047.0
Gemstone-Models/Gemstone-512x13,Gemstone 512x13 (103M),102643200,13,4,4,2,0,0.009925232268869877,0.699999988079071,1047.0
Gemstone-Models/Gemstone-512x13,Gemstone 512x13 (103M),102643200,13,4,4,2,1,0.0030719288624823093,0.699999988079071,1047.0
Gemstone-Models/Gemstone-512x13,Gemstone 512x13 (103M),102643200,13,4,4,2,2,0.007652102503925562,0.699999988079071,1047.0
Gemstone-Models/Gemstone-512x13,Gemstone 512x13 (103M),102643200,13,4,4,2,3,0.016352880746126175,0.699999988079071,1047.0
Gemstone-Models/Gemstone-512x13,Gemstone 512x13 (103M),102643200,13,4,4,3,0,0.007853296585381031,0.699999988079071,1047.0
Gemstone-Models/Gemstone-512x13,Gemstone 512x13 (103M),102643200,13,4,4,3,1,0.0005466574220918119,0.699999988079071,1047.0
Gemstone-Models/Gemstone-512x13,Gemstone 512x13 (103M),102643200,13,4,4,3,2,0.007308781147003174,0.699999988079071,1047.0
Gemstone-Models/Gemstone-512x13,Gemstone 512x13 (103M),102643200,13,4,4,3,3,0.010954061523079872,0.699999988079071,1047.0
Gemstone-Models/Gemstone-512x13,Gemstone 512x13 (103M),102643200,13,4,4,4,0,0.02256300300359726,0.699999988079071,1047.0
Gemstone-Models/Gemstone-512x13,Gemstone 512x13 (103M),102643200,13,4,4,4,1,0.007632866967469454,0.699999988079071,1047.0
Gemstone-Models/Gemstone-512x13,Gemstone 512x13 (103M),102643200,13,4,4,4,2,0.008954646997153759,0.699999988079071,1047.0
Gemstone-Models/Gemstone-512x13,Gemstone 512x13 (103M),102643200,13,4,4,4,3,0.001538761891424656,0.699999988079071,1047.0
Gemstone-Models/Gemstone-512x13,Gemstone 512x13 (103M),102643200,13,4,4,5,0,0.010910311713814735,0.699999988079071,1047.0
Gemstone-Models/Gemstone-512x13,Gemstone 512x13 (103M),102643200,13,4,4,5,1,0.014381267130374908,0.699999988079071,1047.0
Gemstone-Models/Gemstone-512x13,Gemstone 512x13 (103M),102643200,13,4,4,5,2,1.8149792424537736e-07,0.699999988079071,1047.0
Gemstone-Models/Gemstone-512x13,Gemstone 512x13 (103M),102643200,13,4,4,5,3,5.896369111724198e-05,0.699999988079071,1047.0
Gemstone-Models/Gemstone-512x13,Gemstone 512x13 (103M),102643200,13,4,4,6,0,0.00044106136192567647,0.699999988079071,1047.0
Gemstone-Models/Gemstone-512x13,Gemstone 512x13 (103M),102643200,13,4,4,6,1,0.8763188123703003,0.699999988079071,1047.0
Gemstone-Models/Gemstone-512x13,Gemstone 512x13 (103M),102643200,13,4,4,6,2,0.003509306348860264,0.699999988079071,1047.0
Gemstone-Models/Gemstone-512x13,Gemstone 512x13 (103M),102643200,13,4,4,6,3,0.0048713888972997665,0.699999988079071,1047.0
Gemstone-Models/Gemstone-512x13,Gemstone 512x13 (103M),102643200,13,4,4,7,0,0.0024952441453933716,0.699999988079071,1047.0
Gemstone-Models/Gemstone-512x13,Gemstone 512x13 (103M),102643200,13,4,4,7,1,0.00020655509433709085,0.699999988079071,1047.0
Gemstone-Models/Gemstone-512x13,Gemstone 512x13 (103M),102643200,13,4,4,7,2,0.00029893728788010776,0.699999988079071,1047.0
Gemstone-Models/Gemstone-512x13,Gemstone 512x13 (103M),102643200,13,4,4,7,3,0.00048792187590152025,0.699999988079071,1047.0
Gemstone-Models/Gemstone-512x13,Gemstone 512x13 (103M),102643200,13,4,4,8,0,0.0022106515243649483,0.699999988079071,1047.0
Gemstone-Models/Gemstone-512x13,Gemstone 512x13 (103M),102643200,13,4,4,8,1,0.0016570958541706204,0.699999988079071,1047.0
Gemstone-Models/Gemstone-512x13,Gemstone 512x13 (103M),102643200,13,4,4,8,2,0.00024647655664011836,0.699999988079071,1047.0
Gemstone-Models/Gemstone-512x13,Gemstone 512x13 (103M),102643200,13,4,4,8,3,0.036058150231838226,0.699999988079071,1047.0
Gemstone-Models/Gemstone-512x13,Gemstone 512x13 (103M),102643200,13,4,4,9,0,1.842377095329084e-08,0.699999988079071,1047.0
Gemstone-Models/Gemstone-512x13,Gemstone 512x13 (103M),102643200,13,4,4,9,1,0.0007269706693477929,0.699999988079071,1047.0
Gemstone-Models/Gemstone-512x13,Gemstone 512x13 (103M),102643200,13,4,4,9,2,0.001681062625721097,0.699999988079071,1047.0
Gemstone-Models/Gemstone-512x13,Gemstone 512x13 (103M),102643200,13,4,4,9,3,0.016453513875603676,0.699999988079071,1047.0
Gemstone-Models/Gemstone-512x13,Gemstone 512x13 (103M),102643200,13,4,4,10,0,0.8704317212104797,0.699999988079071,1047.0
Gemstone-Models/Gemstone-512x13,Gemstone 512x13 (103M),102643200,13,4,4,10,1,0.1730451136827469,0.699999988079071,1047.0
Gemstone-Models/Gemstone-512x13,Gemstone 512x13 (103M),102643200,13,4,4,10,2,0.004037096630781889,0.699999988079071,1047.0
Gemstone-Models/Gemstone-512x13,Gemstone 512x13 (103M),102643200,13,4,4,10,3,0.19158928096294403,0.699999988079071,1047.0
Gemstone-Models/Gemstone-512x13,Gemstone 512x13 (103M),102643200,13,4,4,11,0,0.06309842318296432,0.699999988079071,1047.0
Gemstone-Models/Gemstone-512x13,Gemstone 512x13 (103M),102643200,13,4,4,11,1,0.05098932236433029,0.699999988079071,1047.0
Gemstone-Models/Gemstone-512x13,Gemstone 512x13 (103M),102643200,13,4,4,11,2,0.49956756830215454,0.699999988079071,1047.0
Gemstone-Models/Gemstone-512x13,Gemstone 512x13 (103M),102643200,13,4,4,11,3,0.3365793526172638,0.699999988079071,1047.0
Gemstone-Models/Gemstone-512x13,Gemstone 512x13 (103M),102643200,13,4,4,12,0,0.00401662802323699,0.699999988079071,1047.0
Gemstone-Models/Gemstone-512x13,Gemstone 512x13 (103M),102643200,13,4,4,12,1,0.001112438621930778,0.699999988079071,1047.0
Gemstone-Models/Gemstone-512x13,Gemstone 512x13 (103M),102643200,13,4,4,12,2,0.01390952616930008,0.699999988079071,1047.0
Gemstone-Models/Gemstone-512x13,Gemstone 512x13 (103M),102643200,13,4,4,12,3,0.007617386989295483,0.699999988079071,1047.0
Gemstone-Models/Gemstone-512x13,Gemstone 512x13 (103M),102643200,13,4,5,0,0,0.01990717463195324,0.30000001192092896,3026.159912109375
Gemstone-Models/Gemstone-512x13,Gemstone 512x13 (103M),102643200,13,4,5,0,1,0.0036159921437501907,0.30000001192092896,3026.159912109375
Gemstone-Models/Gemstone-512x13,Gemstone 512x13 (103M),102643200,13,4,5,0,2,0.016779599711298943,0.30000001192092896,3026.159912109375
Gemstone-Models/Gemstone-512x13,Gemstone 512x13 (103M),102643200,13,4,5,0,3,0.009616822004318237,0.30000001192092896,3026.159912109375
Gemstone-Models/Gemstone-512x13,Gemstone 512x13 (103M),102643200,13,4,5,1,0,0.003805162850767374,0.30000001192092896,3026.159912109375
Gemstone-Models/Gemstone-512x13,Gemstone 512x13 (103M),102643200,13,4,5,1,1,0.009397856891155243,0.30000001192092896,3026.159912109375
Gemstone-Models/Gemstone-512x13,Gemstone 512x13 (103M),102643200,13,4,5,1,2,0.002529820194467902,0.30000001192092896,3026.159912109375
Gemstone-Models/Gemstone-512x13,Gemstone 512x13 (103M),102643200,13,4,5,1,3,0.023755591362714767,0.30000001192092896,3026.159912109375
Gemstone-Models/Gemstone-512x13,Gemstone 512x13 (103M),102643200,13,4,5,2,0,0.008797517977654934,0.30000001192092896,3026.159912109375
Gemstone-Models/Gemstone-512x13,Gemstone 512x13 (103M),102643200,13,4,5,2,1,0.0024792575277388096,0.30000001192092896,3026.159912109375
Gemstone-Models/Gemstone-512x13,Gemstone 512x13 (103M),102643200,13,4,5,2,2,0.007451773155480623,0.30000001192092896,3026.159912109375
Gemstone-Models/Gemstone-512x13,Gemstone 512x13 (103M),102643200,13,4,5,2,3,0.008601370267570019,0.30000001192092896,3026.159912109375
Gemstone-Models/Gemstone-512x13,Gemstone 512x13 (103M),102643200,13,4,5,3,0,0.010029870085418224,0.30000001192092896,3026.159912109375
Gemstone-Models/Gemstone-512x13,Gemstone 512x13 (103M),102643200,13,4,5,3,1,0.0009557801531627774,0.30000001192092896,3026.159912109375
Gemstone-Models/Gemstone-512x13,Gemstone 512x13 (103M),102643200,13,4,5,3,2,0.005500681232661009,0.30000001192092896,3026.159912109375
Gemstone-Models/Gemstone-512x13,Gemstone 512x13 (103M),102643200,13,4,5,3,3,0.009198719635605812,0.30000001192092896,3026.159912109375
Gemstone-Models/Gemstone-512x13,Gemstone 512x13 (103M),102643200,13,4,5,4,0,0.015991458669304848,0.30000001192092896,3026.159912109375
Gemstone-Models/Gemstone-512x13,Gemstone 512x13 (103M),102643200,13,4,5,4,1,0.007878253236413002,0.30000001192092896,3026.159912109375
Gemstone-Models/Gemstone-512x13,Gemstone 512x13 (103M),102643200,13,4,5,4,2,0.009052583016455173,0.30000001192092896,3026.159912109375
Gemstone-Models/Gemstone-512x13,Gemstone 512x13 (103M),102643200,13,4,5,4,3,0.0016745277680456638,0.30000001192092896,3026.159912109375
Gemstone-Models/Gemstone-512x13,Gemstone 512x13 (103M),102643200,13,4,5,5,0,0.009474950842559338,0.30000001192092896,3026.159912109375
Gemstone-Models/Gemstone-512x13,Gemstone 512x13 (103M),102643200,13,4,5,5,1,0.011820661835372448,0.30000001192092896,3026.159912109375
Gemstone-Models/Gemstone-512x13,Gemstone 512x13 (103M),102643200,13,4,5,5,2,2.529411062823783e-07,0.30000001192092896,3026.159912109375
Gemstone-Models/Gemstone-512x13,Gemstone 512x13 (103M),102643200,13,4,5,5,3,0.0001925235119415447,0.30000001192092896,3026.159912109375
Gemstone-Models/Gemstone-512x13,Gemstone 512x13 (103M),102643200,13,4,5,6,0,0.00039738856139592826,0.30000001192092896,3026.159912109375
Gemstone-Models/Gemstone-512x13,Gemstone 512x13 (103M),102643200,13,4,5,6,1,0.6964167952537537,0.30000001192092896,3026.159912109375
Gemstone-Models/Gemstone-512x13,Gemstone 512x13 (103M),102643200,13,4,5,6,2,0.0026812832802534103,0.30000001192092896,3026.159912109375
Gemstone-Models/Gemstone-512x13,Gemstone 512x13 (103M),102643200,13,4,5,6,3,0.0037126196548342705,0.30000001192092896,3026.159912109375
Gemstone-Models/Gemstone-512x13,Gemstone 512x13 (103M),102643200,13,4,5,7,0,0.0017038952792063355,0.30000001192092896,3026.159912109375
Gemstone-Models/Gemstone-512x13,Gemstone 512x13 (103M),102643200,13,4,5,7,1,4.989705848856829e-05,0.30000001192092896,3026.159912109375
Gemstone-Models/Gemstone-512x13,Gemstone 512x13 (103M),102643200,13,4,5,7,2,0.00048675446305423975,0.30000001192092896,3026.159912109375
Gemstone-Models/Gemstone-512x13,Gemstone 512x13 (103M),102643200,13,4,5,7,3,0.0005801088991574943,0.30000001192092896,3026.159912109375
Gemstone-Models/Gemstone-512x13,Gemstone 512x13 (103M),102643200,13,4,5,8,0,0.0023541953414678574,0.30000001192092896,3026.159912109375
Gemstone-Models/Gemstone-512x13,Gemstone 512x13 (103M),102643200,13,4,5,8,1,0.0036037706304341555,0.30000001192092896,3026.159912109375
Gemstone-Models/Gemstone-512x13,Gemstone 512x13 (103M),102643200,13,4,5,8,2,0.0002495386579539627,0.30000001192092896,3026.159912109375
Gemstone-Models/Gemstone-512x13,Gemstone 512x13 (103M),102643200,13,4,5,8,3,0.02323167398571968,0.30000001192092896,3026.159912109375
Gemstone-Models/Gemstone-512x13,Gemstone 512x13 (103M),102643200,13,4,5,9,0,1.65601345969435e-08,0.30000001192092896,3026.159912109375
Gemstone-Models/Gemstone-512x13,Gemstone 512x13 (103M),102643200,13,4,5,9,1,0.00017471035243943334,0.30000001192092896,3026.159912109375
Gemstone-Models/Gemstone-512x13,Gemstone 512x13 (103M),102643200,13,4,5,9,2,0.0015544865746051073,0.30000001192092896,3026.159912109375
Gemstone-Models/Gemstone-512x13,Gemstone 512x13 (103M),102643200,13,4,5,9,3,0.009245441295206547,0.30000001192092896,3026.159912109375
Gemstone-Models/Gemstone-512x13,Gemstone 512x13 (103M),102643200,13,4,5,10,0,0.7278722524642944,0.30000001192092896,3026.159912109375
Gemstone-Models/Gemstone-512x13,Gemstone 512x13 (103M),102643200,13,4,5,10,1,0.09573334455490112,0.30000001192092896,3026.159912109375
Gemstone-Models/Gemstone-512x13,Gemstone 512x13 (103M),102643200,13,4,5,10,2,0.002450901083648205,0.30000001192092896,3026.159912109375
Gemstone-Models/Gemstone-512x13,Gemstone 512x13 (103M),102643200,13,4,5,10,3,0.09490421414375305,0.30000001192092896,3026.159912109375
Gemstone-Models/Gemstone-512x13,Gemstone 512x13 (103M),102643200,13,4,5,11,0,0.02590538188815117,0.30000001192092896,3026.159912109375
Gemstone-Models/Gemstone-512x13,Gemstone 512x13 (103M),102643200,13,4,5,11,1,0.02422080934047699,0.30000001192092896,3026.159912109375
Gemstone-Models/Gemstone-512x13,Gemstone 512x13 (103M),102643200,13,4,5,11,2,0.2657258212566376,0.30000001192092896,3026.159912109375
Gemstone-Models/Gemstone-512x13,Gemstone 512x13 (103M),102643200,13,4,5,11,3,0.1987781673669815,0.30000001192092896,3026.159912109375
Gemstone-Models/Gemstone-512x13,Gemstone 512x13 (103M),102643200,13,4,5,12,0,0.004346857778728008,0.30000001192092896,3026.159912109375
Gemstone-Models/Gemstone-512x13,Gemstone 512x13 (103M),102643200,13,4,5,12,1,0.003267423016950488,0.30000001192092896,3026.159912109375
Gemstone-Models/Gemstone-512x13,Gemstone 512x13 (103M),102643200,13,4,5,12,2,0.00894609373062849,0.30000001192092896,3026.159912109375
Gemstone-Models/Gemstone-512x13,Gemstone 512x13 (103M),102643200,13,4,5,12,3,0.0032267144415527582,0.30000001192092896,3026.159912109375
Gemstone-Models/Gemstone-512x13,Gemstone 512x13 (103M),102643200,13,4,6,0,0,7.048993575153872e-05,0.6200000047683716,160.02000427246094
Gemstone-Models/Gemstone-512x13,Gemstone 512x13 (103M),102643200,13,4,6,0,1,0.0029111234471201897,0.6200000047683716,160.02000427246094
Gemstone-Models/Gemstone-512x13,Gemstone 512x13 (103M),102643200,13,4,6,0,2,0.015804138034582138,0.6200000047683716,160.02000427246094
Gemstone-Models/Gemstone-512x13,Gemstone 512x13 (103M),102643200,13,4,6,0,3,0.007387674879282713,0.6200000047683716,160.02000427246094
Gemstone-Models/Gemstone-512x13,Gemstone 512x13 (103M),102643200,13,4,6,1,0,0.0008334902813658118,0.6200000047683716,160.02000427246094
Gemstone-Models/Gemstone-512x13,Gemstone 512x13 (103M),102643200,13,4,6,1,1,0.01083874236792326,0.6200000047683716,160.02000427246094
Gemstone-Models/Gemstone-512x13,Gemstone 512x13 (103M),102643200,13,4,6,1,2,0.000122067031043116,0.6200000047683716,160.02000427246094
Gemstone-Models/Gemstone-512x13,Gemstone 512x13 (103M),102643200,13,4,6,1,3,0.0011073942296206951,0.6200000047683716,160.02000427246094
Gemstone-Models/Gemstone-512x13,Gemstone 512x13 (103M),102643200,13,4,6,2,0,0.008764546364545822,0.6200000047683716,160.02000427246094
Gemstone-Models/Gemstone-512x13,Gemstone 512x13 (103M),102643200,13,4,6,2,1,0.0012967310613021255,0.6200000047683716,160.02000427246094
Gemstone-Models/Gemstone-512x13,Gemstone 512x13 (103M),102643200,13,4,6,2,2,0.011334724724292755,0.6200000047683716,160.02000427246094
Gemstone-Models/Gemstone-512x13,Gemstone 512x13 (103M),102643200,13,4,6,2,3,0.01580873131752014,0.6200000047683716,160.02000427246094
Gemstone-Models/Gemstone-512x13,Gemstone 512x13 (103M),102643200,13,4,6,3,0,0.008779180236160755,0.6200000047683716,160.02000427246094
Gemstone-Models/Gemstone-512x13,Gemstone 512x13 (103M),102643200,13,4,6,3,1,0.0011492249323055148,0.6200000047683716,160.02000427246094
Gemstone-Models/Gemstone-512x13,Gemstone 512x13 (103M),102643200,13,4,6,3,2,0.005679422523826361,0.6200000047683716,160.02000427246094
Gemstone-Models/Gemstone-512x13,Gemstone 512x13 (103M),102643200,13,4,6,3,3,0.011642052792012691,0.6200000047683716,160.02000427246094
Gemstone-Models/Gemstone-512x13,Gemstone 512x13 (103M),102643200,13,4,6,4,0,0.018702881410717964,0.6200000047683716,160.02000427246094
Gemstone-Models/Gemstone-512x13,Gemstone 512x13 (103M),102643200,13,4,6,4,1,0.004841219168156385,0.6200000047683716,160.02000427246094
Gemstone-Models/Gemstone-512x13,Gemstone 512x13 (103M),102643200,13,4,6,4,2,0.006235476583242416,0.6200000047683716,160.02000427246094
Gemstone-Models/Gemstone-512x13,Gemstone 512x13 (103M),102643200,13,4,6,4,3,0.0010548491263762116,0.6200000047683716,160.02000427246094
Gemstone-Models/Gemstone-512x13,Gemstone 512x13 (103M),102643200,13,4,6,5,0,0.007997452281415462,0.6200000047683716,160.02000427246094
Gemstone-Models/Gemstone-512x13,Gemstone 512x13 (103M),102643200,13,4,6,5,1,0.01057924423366785,0.6200000047683716,160.02000427246094
Gemstone-Models/Gemstone-512x13,Gemstone 512x13 (103M),102643200,13,4,6,5,2,1.4734398234850232e-07,0.6200000047683716,160.02000427246094
Gemstone-Models/Gemstone-512x13,Gemstone 512x13 (103M),102643200,13,4,6,5,3,0.00010068857955047861,0.6200000047683716,160.02000427246094
Gemstone-Models/Gemstone-512x13,Gemstone 512x13 (103M),102643200,13,4,6,6,0,0.00021665063104592264,0.6200000047683716,160.02000427246094
Gemstone-Models/Gemstone-512x13,Gemstone 512x13 (103M),102643200,13,4,6,6,1,0.7982592582702637,0.6200000047683716,160.02000427246094
Gemstone-Models/Gemstone-512x13,Gemstone 512x13 (103M),102643200,13,4,6,6,2,0.001574075547978282,0.6200000047683716,160.02000427246094
Gemstone-Models/Gemstone-512x13,Gemstone 512x13 (103M),102643200,13,4,6,6,3,0.003321455791592598,0.6200000047683716,160.02000427246094
Gemstone-Models/Gemstone-512x13,Gemstone 512x13 (103M),102643200,13,4,6,7,0,0.0016967173432931304,0.6200000047683716,160.02000427246094
Gemstone-Models/Gemstone-512x13,Gemstone 512x13 (103M),102643200,13,4,6,7,1,7.168236334109679e-05,0.6200000047683716,160.02000427246094
Gemstone-Models/Gemstone-512x13,Gemstone 512x13 (103M),102643200,13,4,6,7,2,0.00046985939843580127,0.6200000047683716,160.02000427246094
Gemstone-Models/Gemstone-512x13,Gemstone 512x13 (103M),102643200,13,4,6,7,3,0.0005376870394684374,0.6200000047683716,160.02000427246094
Gemstone-Models/Gemstone-512x13,Gemstone 512x13 (103M),102643200,13,4,6,8,0,0.003571437206119299,0.6200000047683716,160.02000427246094
Gemstone-Models/Gemstone-512x13,Gemstone 512x13 (103M),102643200,13,4,6,8,1,0.004922892432659864,0.6200000047683716,160.02000427246094
Gemstone-Models/Gemstone-512x13,Gemstone 512x13 (103M),102643200,13,4,6,8,2,0.00017458514776080847,0.6200000047683716,160.02000427246094
Gemstone-Models/Gemstone-512x13,Gemstone 512x13 (103M),102643200,13,4,6,8,3,0.025145821273326874,0.6200000047683716,160.02000427246094
Gemstone-Models/Gemstone-512x13,Gemstone 512x13 (103M),102643200,13,4,6,9,0,1.6557686777218805e-08,0.6200000047683716,160.02000427246094
Gemstone-Models/Gemstone-512x13,Gemstone 512x13 (103M),102643200,13,4,6,9,1,0.0003192119183950126,0.6200000047683716,160.02000427246094
Gemstone-Models/Gemstone-512x13,Gemstone 512x13 (103M),102643200,13,4,6,9,2,0.0018036675173789263,0.6200000047683716,160.02000427246094
Gemstone-Models/Gemstone-512x13,Gemstone 512x13 (103M),102643200,13,4,6,9,3,0.013595880009233952,0.6200000047683716,160.02000427246094
Gemstone-Models/Gemstone-512x13,Gemstone 512x13 (103M),102643200,13,4,6,10,0,0.8462028503417969,0.6200000047683716,160.02000427246094
Gemstone-Models/Gemstone-512x13,Gemstone 512x13 (103M),102643200,13,4,6,10,1,0.16334949433803558,0.6200000047683716,160.02000427246094
Gemstone-Models/Gemstone-512x13,Gemstone 512x13 (103M),102643200,13,4,6,10,2,0.006175473798066378,0.6200000047683716,160.02000427246094
Gemstone-Models/Gemstone-512x13,Gemstone 512x13 (103M),102643200,13,4,6,10,3,0.11540211737155914,0.6200000047683716,160.02000427246094
Gemstone-Models/Gemstone-512x13,Gemstone 512x13 (103M),102643200,13,4,6,11,0,0.043396610766649246,0.6200000047683716,160.02000427246094
Gemstone-Models/Gemstone-512x13,Gemstone 512x13 (103M),102643200,13,4,6,11,1,0.03822562098503113,0.6200000047683716,160.02000427246094
Gemstone-Models/Gemstone-512x13,Gemstone 512x13 (103M),102643200,13,4,6,11,2,0.31872251629829407,0.6200000047683716,160.02000427246094
Gemstone-Models/Gemstone-512x13,Gemstone 512x13 (103M),102643200,13,4,6,11,3,0.30051156878471375,0.6200000047683716,160.02000427246094
Gemstone-Models/Gemstone-512x13,Gemstone 512x13 (103M),102643200,13,4,6,12,0,0.005107439123094082,0.6200000047683716,160.02000427246094
Gemstone-Models/Gemstone-512x13,Gemstone 512x13 (103M),102643200,13,4,6,12,1,0.0018708199495449662,0.6200000047683716,160.02000427246094
Gemstone-Models/Gemstone-512x13,Gemstone 512x13 (103M),102643200,13,4,6,12,2,0.010926464572548866,0.6200000047683716,160.02000427246094
Gemstone-Models/Gemstone-512x13,Gemstone 512x13 (103M),102643200,13,4,6,12,3,0.0075242780148983,0.6200000047683716,160.02000427246094
Gemstone-Models/Gemstone-512x13,Gemstone 512x13 (103M),102643200,13,4,7,0,0,5.5466789490310475e-05,0.6600000262260437,585.3400268554688
Gemstone-Models/Gemstone-512x13,Gemstone 512x13 (103M),102643200,13,4,7,0,1,0.004101854749023914,0.6600000262260437,585.3400268554688
Gemstone-Models/Gemstone-512x13,Gemstone 512x13 (103M),102643200,13,4,7,0,2,0.015369388274848461,0.6600000262260437,585.3400268554688
Gemstone-Models/Gemstone-512x13,Gemstone 512x13 (103M),102643200,13,4,7,0,3,0.007252765819430351,0.6600000262260437,585.3400268554688
Gemstone-Models/Gemstone-512x13,Gemstone 512x13 (103M),102643200,13,4,7,1,0,0.0010997219942510128,0.6600000262260437,585.3400268554688
Gemstone-Models/Gemstone-512x13,Gemstone 512x13 (103M),102643200,13,4,7,1,1,0.008706524036824703,0.6600000262260437,585.3400268554688
Gemstone-Models/Gemstone-512x13,Gemstone 512x13 (103M),102643200,13,4,7,1,2,3.173730874550529e-05,0.6600000262260437,585.3400268554688
Gemstone-Models/Gemstone-512x13,Gemstone 512x13 (103M),102643200,13,4,7,1,3,0.0009744818671606481,0.6600000262260437,585.3400268554688
Gemstone-Models/Gemstone-512x13,Gemstone 512x13 (103M),102643200,13,4,7,2,0,0.009295294061303139,0.6600000262260437,585.3400268554688
Gemstone-Models/Gemstone-512x13,Gemstone 512x13 (103M),102643200,13,4,7,2,1,0.0013289630878716707,0.6600000262260437,585.3400268554688
Gemstone-Models/Gemstone-512x13,Gemstone 512x13 (103M),102643200,13,4,7,2,2,0.008743108250200748,0.6600000262260437,585.3400268554688
Gemstone-Models/Gemstone-512x13,Gemstone 512x13 (103M),102643200,13,4,7,2,3,0.012757045216858387,0.6600000262260437,585.3400268554688
Gemstone-Models/Gemstone-512x13,Gemstone 512x13 (103M),102643200,13,4,7,3,0,0.009283063933253288,0.6600000262260437,585.3400268554688
Gemstone-Models/Gemstone-512x13,Gemstone 512x13 (103M),102643200,13,4,7,3,1,0.0005228447262197733,0.6600000262260437,585.3400268554688
Gemstone-Models/Gemstone-512x13,Gemstone 512x13 (103M),102643200,13,4,7,3,2,0.006093287840485573,0.6600000262260437,585.3400268554688
Gemstone-Models/Gemstone-512x13,Gemstone 512x13 (103M),102643200,13,4,7,3,3,0.00972463097423315,0.6600000262260437,585.3400268554688
Gemstone-Models/Gemstone-512x13,Gemstone 512x13 (103M),102643200,13,4,7,4,0,0.021431976929306984,0.6600000262260437,585.3400268554688
Gemstone-Models/Gemstone-512x13,Gemstone 512x13 (103M),102643200,13,4,7,4,1,0.005403018556535244,0.6600000262260437,585.3400268554688
Gemstone-Models/Gemstone-512x13,Gemstone 512x13 (103M),102643200,13,4,7,4,2,0.009931325912475586,0.6600000262260437,585.3400268554688
Gemstone-Models/Gemstone-512x13,Gemstone 512x13 (103M),102643200,13,4,7,4,3,0.0013537028571590781,0.6600000262260437,585.3400268554688
Gemstone-Models/Gemstone-512x13,Gemstone 512x13 (103M),102643200,13,4,7,5,0,0.00854396354407072,0.6600000262260437,585.3400268554688
Gemstone-Models/Gemstone-512x13,Gemstone 512x13 (103M),102643200,13,4,7,5,1,0.014168513007462025,0.6600000262260437,585.3400268554688
Gemstone-Models/Gemstone-512x13,Gemstone 512x13 (103M),102643200,13,4,7,5,2,1.2835503184760455e-06,0.6600000262260437,585.3400268554688
Gemstone-Models/Gemstone-512x13,Gemstone 512x13 (103M),102643200,13,4,7,5,3,0.00012533967674244195,0.6600000262260437,585.3400268554688
Gemstone-Models/Gemstone-512x13,Gemstone 512x13 (103M),102643200,13,4,7,6,0,0.0007355512934736907,0.6600000262260437,585.3400268554688
Gemstone-Models/Gemstone-512x13,Gemstone 512x13 (103M),102643200,13,4,7,6,1,0.8663427829742432,0.6600000262260437,585.3400268554688
Gemstone-Models/Gemstone-512x13,Gemstone 512x13 (103M),102643200,13,4,7,6,2,0.004806810989975929,0.6600000262260437,585.3400268554688
Gemstone-Models/Gemstone-512x13,Gemstone 512x13 (103M),102643200,13,4,7,6,3,0.0051484485156834126,0.6600000262260437,585.3400268554688
Gemstone-Models/Gemstone-512x13,Gemstone 512x13 (103M),102643200,13,4,7,7,0,0.0015974327689036727,0.6600000262260437,585.3400268554688
Gemstone-Models/Gemstone-512x13,Gemstone 512x13 (103M),102643200,13,4,7,7,1,7.044617814244702e-05,0.6600000262260437,585.3400268554688
Gemstone-Models/Gemstone-512x13,Gemstone 512x13 (103M),102643200,13,4,7,7,2,0.000825720198918134,0.6600000262260437,585.3400268554688
Gemstone-Models/Gemstone-512x13,Gemstone 512x13 (103M),102643200,13,4,7,7,3,0.0004305121547076851,0.6600000262260437,585.3400268554688
Gemstone-Models/Gemstone-512x13,Gemstone 512x13 (103M),102643200,13,4,7,8,0,0.003381977789103985,0.6600000262260437,585.3400268554688
Gemstone-Models/Gemstone-512x13,Gemstone 512x13 (103M),102643200,13,4,7,8,1,0.004084206651896238,0.6600000262260437,585.3400268554688
Gemstone-Models/Gemstone-512x13,Gemstone 512x13 (103M),102643200,13,4,7,8,2,0.00039686859236098826,0.6600000262260437,585.3400268554688
Gemstone-Models/Gemstone-512x13,Gemstone 512x13 (103M),102643200,13,4,7,8,3,0.038490429520606995,0.6600000262260437,585.3400268554688
Gemstone-Models/Gemstone-512x13,Gemstone 512x13 (103M),102643200,13,4,7,9,0,1.2764864720793412e-08,0.6600000262260437,585.3400268554688
Gemstone-Models/Gemstone-512x13,Gemstone 512x13 (103M),102643200,13,4,7,9,1,0.00029283910407684743,0.6600000262260437,585.3400268554688
Gemstone-Models/Gemstone-512x13,Gemstone 512x13 (103M),102643200,13,4,7,9,2,0.0016467473469674587,0.6600000262260437,585.3400268554688
Gemstone-Models/Gemstone-512x13,Gemstone 512x13 (103M),102643200,13,4,7,9,3,0.01564795710146427,0.6600000262260437,585.3400268554688
Gemstone-Models/Gemstone-512x13,Gemstone 512x13 (103M),102643200,13,4,7,10,0,0.8380867838859558,0.6600000262260437,585.3400268554688
Gemstone-Models/Gemstone-512x13,Gemstone 512x13 (103M),102643200,13,4,7,10,1,0.20344625413417816,0.6600000262260437,585.3400268554688
Gemstone-Models/Gemstone-512x13,Gemstone 512x13 (103M),102643200,13,4,7,10,2,0.004712894558906555,0.6600000262260437,585.3400268554688
Gemstone-Models/Gemstone-512x13,Gemstone 512x13 (103M),102643200,13,4,7,10,3,0.21500474214553833,0.6600000262260437,585.3400268554688
Gemstone-Models/Gemstone-512x13,Gemstone 512x13 (103M),102643200,13,4,7,11,0,0.0571458674967289,0.6600000262260437,585.3400268554688
Gemstone-Models/Gemstone-512x13,Gemstone 512x13 (103M),102643200,13,4,7,11,1,0.06236083805561066,0.6600000262260437,585.3400268554688
Gemstone-Models/Gemstone-512x13,Gemstone 512x13 (103M),102643200,13,4,7,11,2,0.44733676314353943,0.6600000262260437,585.3400268554688
Gemstone-Models/Gemstone-512x13,Gemstone 512x13 (103M),102643200,13,4,7,11,3,0.31317025423049927,0.6600000262260437,585.3400268554688
Gemstone-Models/Gemstone-512x13,Gemstone 512x13 (103M),102643200,13,4,7,12,0,0.005273404065519571,0.6600000262260437,585.3400268554688
Gemstone-Models/Gemstone-512x13,Gemstone 512x13 (103M),102643200,13,4,7,12,1,0.005637785419821739,0.6600000262260437,585.3400268554688
Gemstone-Models/Gemstone-512x13,Gemstone 512x13 (103M),102643200,13,4,7,12,2,0.01500362902879715,0.6600000262260437,585.3400268554688
Gemstone-Models/Gemstone-512x13,Gemstone 512x13 (103M),102643200,13,4,7,12,3,0.005880674347281456,0.6600000262260437,585.3400268554688
Gemstone-Models/Gemstone-512x13,Gemstone 512x13 (103M),102643200,13,4,8,0,0,2.4517934434697963e-05,0.6399999856948853,360.8599853515625
Gemstone-Models/Gemstone-512x13,Gemstone 512x13 (103M),102643200,13,4,8,0,1,0.0028355279937386513,0.6399999856948853,360.8599853515625
Gemstone-Models/Gemstone-512x13,Gemstone 512x13 (103M),102643200,13,4,8,0,2,0.016784891486167908,0.6399999856948853,360.8599853515625
Gemstone-Models/Gemstone-512x13,Gemstone 512x13 (103M),102643200,13,4,8,0,3,0.006004500202834606,0.6399999856948853,360.8599853515625
Gemstone-Models/Gemstone-512x13,Gemstone 512x13 (103M),102643200,13,4,8,1,0,0.0007998559158295393,0.6399999856948853,360.8599853515625
Gemstone-Models/Gemstone-512x13,Gemstone 512x13 (103M),102643200,13,4,8,1,1,0.00880023930221796,0.6399999856948853,360.8599853515625
Gemstone-Models/Gemstone-512x13,Gemstone 512x13 (103M),102643200,13,4,8,1,2,0.0005413053440861404,0.6399999856948853,360.8599853515625
Gemstone-Models/Gemstone-512x13,Gemstone 512x13 (103M),102643200,13,4,8,1,3,0.004805884324014187,0.6399999856948853,360.8599853515625
Gemstone-Models/Gemstone-512x13,Gemstone 512x13 (103M),102643200,13,4,8,2,0,0.007767367176711559,0.6399999856948853,360.8599853515625
Gemstone-Models/Gemstone-512x13,Gemstone 512x13 (103M),102643200,13,4,8,2,1,0.0017106772866100073,0.6399999856948853,360.8599853515625
Gemstone-Models/Gemstone-512x13,Gemstone 512x13 (103M),102643200,13,4,8,2,2,0.006728636100888252,0.6399999856948853,360.8599853515625
Gemstone-Models/Gemstone-512x13,Gemstone 512x13 (103M),102643200,13,4,8,2,3,0.008468101732432842,0.6399999856948853,360.8599853515625
Gemstone-Models/Gemstone-512x13,Gemstone 512x13 (103M),102643200,13,4,8,3,0,0.006381558254361153,0.6399999856948853,360.8599853515625
Gemstone-Models/Gemstone-512x13,Gemstone 512x13 (103M),102643200,13,4,8,3,1,0.00037230175803415477,0.6399999856948853,360.8599853515625
Gemstone-Models/Gemstone-512x13,Gemstone 512x13 (103M),102643200,13,4,8,3,2,0.00529831275343895,0.6399999856948853,360.8599853515625
Gemstone-Models/Gemstone-512x13,Gemstone 512x13 (103M),102643200,13,4,8,3,3,0.008073156699538231,0.6399999856948853,360.8599853515625
Gemstone-Models/Gemstone-512x13,Gemstone 512x13 (103M),102643200,13,4,8,4,0,0.022178135812282562,0.6399999856948853,360.8599853515625
Gemstone-Models/Gemstone-512x13,Gemstone 512x13 (103M),102643200,13,4,8,4,1,0.005338424351066351,0.6399999856948853,360.8599853515625
Gemstone-Models/Gemstone-512x13,Gemstone 512x13 (103M),102643200,13,4,8,4,2,0.01072751171886921,0.6399999856948853,360.8599853515625
Gemstone-Models/Gemstone-512x13,Gemstone 512x13 (103M),102643200,13,4,8,4,3,0.0009228492272086442,0.6399999856948853,360.8599853515625
Gemstone-Models/Gemstone-512x13,Gemstone 512x13 (103M),102643200,13,4,8,5,0,0.009483391419053078,0.6399999856948853,360.8599853515625
Gemstone-Models/Gemstone-512x13,Gemstone 512x13 (103M),102643200,13,4,8,5,1,0.0170833021402359,0.6399999856948853,360.8599853515625
Gemstone-Models/Gemstone-512x13,Gemstone 512x13 (103M),102643200,13,4,8,5,2,1.348007998558387e-07,0.6399999856948853,360.8599853515625
Gemstone-Models/Gemstone-512x13,Gemstone 512x13 (103M),102643200,13,4,8,5,3,0.00012037725537084043,0.6399999856948853,360.8599853515625
Gemstone-Models/Gemstone-512x13,Gemstone 512x13 (103M),102643200,13,4,8,6,0,0.00022336533584166318,0.6399999856948853,360.8599853515625
Gemstone-Models/Gemstone-512x13,Gemstone 512x13 (103M),102643200,13,4,8,6,1,0.8231443166732788,0.6399999856948853,360.8599853515625
Gemstone-Models/Gemstone-512x13,Gemstone 512x13 (103M),102643200,13,4,8,6,2,0.002515318337827921,0.6399999856948853,360.8599853515625
Gemstone-Models/Gemstone-512x13,Gemstone 512x13 (103M),102643200,13,4,8,6,3,0.003551885485649109,0.6399999856948853,360.8599853515625
Gemstone-Models/Gemstone-512x13,Gemstone 512x13 (103M),102643200,13,4,8,7,0,0.0020085773430764675,0.6399999856948853,360.8599853515625
Gemstone-Models/Gemstone-512x13,Gemstone 512x13 (103M),102643200,13,4,8,7,1,9.602845966583118e-05,0.6399999856948853,360.8599853515625
Gemstone-Models/Gemstone-512x13,Gemstone 512x13 (103M),102643200,13,4,8,7,2,0.0005681915208697319,0.6399999856948853,360.8599853515625
Gemstone-Models/Gemstone-512x13,Gemstone 512x13 (103M),102643200,13,4,8,7,3,0.00036322817322798073,0.6399999856948853,360.8599853515625
Gemstone-Models/Gemstone-512x13,Gemstone 512x13 (103M),102643200,13,4,8,8,0,0.003814520314335823,0.6399999856948853,360.8599853515625
Gemstone-Models/Gemstone-512x13,Gemstone 512x13 (103M),102643200,13,4,8,8,1,0.003179465187713504,0.6399999856948853,360.8599853515625
Gemstone-Models/Gemstone-512x13,Gemstone 512x13 (103M),102643200,13,4,8,8,2,0.00020939379464834929,0.6399999856948853,360.8599853515625
Gemstone-Models/Gemstone-512x13,Gemstone 512x13 (103M),102643200,13,4,8,8,3,0.03422599285840988,0.6399999856948853,360.8599853515625
Gemstone-Models/Gemstone-512x13,Gemstone 512x13 (103M),102643200,13,4,8,9,0,2.0370782394252274e-08,0.6399999856948853,360.8599853515625
Gemstone-Models/Gemstone-512x13,Gemstone 512x13 (103M),102643200,13,4,8,9,1,0.00044858400360681117,0.6399999856948853,360.8599853515625
Gemstone-Models/Gemstone-512x13,Gemstone 512x13 (103M),102643200,13,4,8,9,2,0.002335241297259927,0.6399999856948853,360.8599853515625
Gemstone-Models/Gemstone-512x13,Gemstone 512x13 (103M),102643200,13,4,8,9,3,0.012469316832721233,0.6399999856948853,360.8599853515625
Gemstone-Models/Gemstone-512x13,Gemstone 512x13 (103M),102643200,13,4,8,10,0,0.8579760789871216,0.6399999856948853,360.8599853515625
Gemstone-Models/Gemstone-512x13,Gemstone 512x13 (103M),102643200,13,4,8,10,1,0.1510755717754364,0.6399999856948853,360.8599853515625
Gemstone-Models/Gemstone-512x13,Gemstone 512x13 (103M),102643200,13,4,8,10,2,0.005508301313966513,0.6399999856948853,360.8599853515625
Gemstone-Models/Gemstone-512x13,Gemstone 512x13 (103M),102643200,13,4,8,10,3,0.13315178453922272,0.6399999856948853,360.8599853515625
Gemstone-Models/Gemstone-512x13,Gemstone 512x13 (103M),102643200,13,4,8,11,0,0.03659845516085625,0.6399999856948853,360.8599853515625
Gemstone-Models/Gemstone-512x13,Gemstone 512x13 (103M),102643200,13,4,8,11,1,0.03565619885921478,0.6399999856948853,360.8599853515625
Gemstone-Models/Gemstone-512x13,Gemstone 512x13 (103M),102643200,13,4,8,11,2,0.38801515102386475,0.6399999856948853,360.8599853515625
Gemstone-Models/Gemstone-512x13,Gemstone 512x13 (103M),102643200,13,4,8,11,3,0.2895215153694153,0.6399999856948853,360.8599853515625
Gemstone-Models/Gemstone-512x13,Gemstone 512x13 (103M),102643200,13,4,8,12,0,0.004050979390740395,0.6399999856948853,360.8599853515625
Gemstone-Models/Gemstone-512x13,Gemstone 512x13 (103M),102643200,13,4,8,12,1,0.003361956449225545,0.6399999856948853,360.8599853515625
Gemstone-Models/Gemstone-512x13,Gemstone 512x13 (103M),102643200,13,4,8,12,2,0.011797301471233368,0.6399999856948853,360.8599853515625
Gemstone-Models/Gemstone-512x13,Gemstone 512x13 (103M),102643200,13,4,8,12,3,0.005487539805471897,0.6399999856948853,360.8599853515625
Gemstone-Models/Gemstone-512x13,Gemstone 512x13 (103M),102643200,13,4,9,0,0,2.5466631996096112e-05,0.6800000071525574,305.2200012207031
Gemstone-Models/Gemstone-512x13,Gemstone 512x13 (103M),102643200,13,4,9,0,1,0.003288949141278863,0.6800000071525574,305.2200012207031
Gemstone-Models/Gemstone-512x13,Gemstone 512x13 (103M),102643200,13,4,9,0,2,0.014517946168780327,0.6800000071525574,305.2200012207031
Gemstone-Models/Gemstone-512x13,Gemstone 512x13 (103M),102643200,13,4,9,0,3,0.0077463858760893345,0.6800000071525574,305.2200012207031
Gemstone-Models/Gemstone-512x13,Gemstone 512x13 (103M),102643200,13,4,9,1,0,0.0006195068708620965,0.6800000071525574,305.2200012207031
Gemstone-Models/Gemstone-512x13,Gemstone 512x13 (103M),102643200,13,4,9,1,1,0.009065958671271801,0.6800000071525574,305.2200012207031
Gemstone-Models/Gemstone-512x13,Gemstone 512x13 (103M),102643200,13,4,9,1,2,0.00032589686452411115,0.6800000071525574,305.2200012207031
Gemstone-Models/Gemstone-512x13,Gemstone 512x13 (103M),102643200,13,4,9,1,3,0.002532106591388583,0.6800000071525574,305.2200012207031
Gemstone-Models/Gemstone-512x13,Gemstone 512x13 (103M),102643200,13,4,9,2,0,0.010543866083025932,0.6800000071525574,305.2200012207031
Gemstone-Models/Gemstone-512x13,Gemstone 512x13 (103M),102643200,13,4,9,2,1,0.0014361264184117317,0.6800000071525574,305.2200012207031
Gemstone-Models/Gemstone-512x13,Gemstone 512x13 (103M),102643200,13,4,9,2,2,0.011891607195138931,0.6800000071525574,305.2200012207031
Gemstone-Models/Gemstone-512x13,Gemstone 512x13 (103M),102643200,13,4,9,2,3,0.009483392350375652,0.6800000071525574,305.2200012207031
Gemstone-Models/Gemstone-512x13,Gemstone 512x13 (103M),102643200,13,4,9,3,0,0.0066246893256902695,0.6800000071525574,305.2200012207031
Gemstone-Models/Gemstone-512x13,Gemstone 512x13 (103M),102643200,13,4,9,3,1,0.0002944110019598156,0.6800000071525574,305.2200012207031
Gemstone-Models/Gemstone-512x13,Gemstone 512x13 (103M),102643200,13,4,9,3,2,0.005081189796328545,0.6800000071525574,305.2200012207031
Gemstone-Models/Gemstone-512x13,Gemstone 512x13 (103M),102643200,13,4,9,3,3,0.013364298269152641,0.6800000071525574,305.2200012207031
Gemstone-Models/Gemstone-512x13,Gemstone 512x13 (103M),102643200,13,4,9,4,0,0.02535497024655342,0.6800000071525574,305.2200012207031
Gemstone-Models/Gemstone-512x13,Gemstone 512x13 (103M),102643200,13,4,9,4,1,0.0038028743583709,0.6800000071525574,305.2200012207031
Gemstone-Models/Gemstone-512x13,Gemstone 512x13 (103M),102643200,13,4,9,4,2,0.00636938214302063,0.6800000071525574,305.2200012207031
Gemstone-Models/Gemstone-512x13,Gemstone 512x13 (103M),102643200,13,4,9,4,3,0.0012144569773226976,0.6800000071525574,305.2200012207031
Gemstone-Models/Gemstone-512x13,Gemstone 512x13 (103M),102643200,13,4,9,5,0,0.008755027316510677,0.6800000071525574,305.2200012207031
Gemstone-Models/Gemstone-512x13,Gemstone 512x13 (103M),102643200,13,4,9,5,1,0.014216631650924683,0.6800000071525574,305.2200012207031
Gemstone-Models/Gemstone-512x13,Gemstone 512x13 (103M),102643200,13,4,9,5,2,3.126592218904989e-06,0.6800000071525574,305.2200012207031
Gemstone-Models/Gemstone-512x13,Gemstone 512x13 (103M),102643200,13,4,9,5,3,0.00015225702372845262,0.6800000071525574,305.2200012207031
Gemstone-Models/Gemstone-512x13,Gemstone 512x13 (103M),102643200,13,4,9,6,0,0.0007087909616529942,0.6800000071525574,305.2200012207031
Gemstone-Models/Gemstone-512x13,Gemstone 512x13 (103M),102643200,13,4,9,6,1,0.8780836462974548,0.6800000071525574,305.2200012207031
Gemstone-Models/Gemstone-512x13,Gemstone 512x13 (103M),102643200,13,4,9,6,2,0.007261388469487429,0.6800000071525574,305.2200012207031
Gemstone-Models/Gemstone-512x13,Gemstone 512x13 (103M),102643200,13,4,9,6,3,0.0050932238809764385,0.6800000071525574,305.2200012207031
Gemstone-Models/Gemstone-512x13,Gemstone 512x13 (103M),102643200,13,4,9,7,0,0.0018092344980686903,0.6800000071525574,305.2200012207031
Gemstone-Models/Gemstone-512x13,Gemstone 512x13 (103M),102643200,13,4,9,7,1,5.7372100854991004e-05,0.6800000071525574,305.2200012207031
Gemstone-Models/Gemstone-512x13,Gemstone 512x13 (103M),102643200,13,4,9,7,2,0.0005680260946974158,0.6800000071525574,305.2200012207031
Gemstone-Models/Gemstone-512x13,Gemstone 512x13 (103M),102643200,13,4,9,7,3,0.0004770829400513321,0.6800000071525574,305.2200012207031
Gemstone-Models/Gemstone-512x13,Gemstone 512x13 (103M),102643200,13,4,9,8,0,0.002587675116956234,0.6800000071525574,305.2200012207031
Gemstone-Models/Gemstone-512x13,Gemstone 512x13 (103M),102643200,13,4,9,8,1,0.003508105641230941,0.6800000071525574,305.2200012207031
Gemstone-Models/Gemstone-512x13,Gemstone 512x13 (103M),102643200,13,4,9,8,2,0.00036065877065993845,0.6800000071525574,305.2200012207031
Gemstone-Models/Gemstone-512x13,Gemstone 512x13 (103M),102643200,13,4,9,8,3,0.04790977016091347,0.6800000071525574,305.2200012207031
Gemstone-Models/Gemstone-512x13,Gemstone 512x13 (103M),102643200,13,4,9,9,0,3.966326289628341e-08,0.6800000071525574,305.2200012207031
Gemstone-Models/Gemstone-512x13,Gemstone 512x13 (103M),102643200,13,4,9,9,1,0.00017514757928438485,0.6800000071525574,305.2200012207031
Gemstone-Models/Gemstone-512x13,Gemstone 512x13 (103M),102643200,13,4,9,9,2,0.002125529106706381,0.6800000071525574,305.2200012207031
Gemstone-Models/Gemstone-512x13,Gemstone 512x13 (103M),102643200,13,4,9,9,3,0.020437970757484436,0.6800000071525574,305.2200012207031
Gemstone-Models/Gemstone-512x13,Gemstone 512x13 (103M),102643200,13,4,9,10,0,0.8893325328826904,0.6800000071525574,305.2200012207031
Gemstone-Models/Gemstone-512x13,Gemstone 512x13 (103M),102643200,13,4,9,10,1,0.3186052441596985,0.6800000071525574,305.2200012207031
Gemstone-Models/Gemstone-512x13,Gemstone 512x13 (103M),102643200,13,4,9,10,2,0.004308991599828005,0.6800000071525574,305.2200012207031
Gemstone-Models/Gemstone-512x13,Gemstone 512x13 (103M),102643200,13,4,9,10,3,0.30352601408958435,0.6800000071525574,305.2200012207031
Gemstone-Models/Gemstone-512x13,Gemstone 512x13 (103M),102643200,13,4,9,11,0,0.05954652652144432,0.6800000071525574,305.2200012207031
Gemstone-Models/Gemstone-512x13,Gemstone 512x13 (103M),102643200,13,4,9,11,1,0.04412053897976875,0.6800000071525574,305.2200012207031
Gemstone-Models/Gemstone-512x13,Gemstone 512x13 (103M),102643200,13,4,9,11,2,0.4333697259426117,0.6800000071525574,305.2200012207031
Gemstone-Models/Gemstone-512x13,Gemstone 512x13 (103M),102643200,13,4,9,11,3,0.39441734552383423,0.6800000071525574,305.2200012207031
Gemstone-Models/Gemstone-512x13,Gemstone 512x13 (103M),102643200,13,4,9,12,0,0.006017827894538641,0.6800000071525574,305.2200012207031
Gemstone-Models/Gemstone-512x13,Gemstone 512x13 (103M),102643200,13,4,9,12,1,0.003725688438862562,0.6800000071525574,305.2200012207031
Gemstone-Models/Gemstone-512x13,Gemstone 512x13 (103M),102643200,13,4,9,12,2,0.020032132044434547,0.6800000071525574,305.2200012207031
Gemstone-Models/Gemstone-512x13,Gemstone 512x13 (103M),102643200,13,4,9,12,3,0.010131724178791046,0.6800000071525574,305.2200012207031
Gemstone-Models/Gemstone-512x13,Gemstone 512x13 (103M),102643200,13,4,10,0,0,5.926258381805383e-05,0.6800000071525574,304.20001220703125
Gemstone-Models/Gemstone-512x13,Gemstone 512x13 (103M),102643200,13,4,10,0,1,0.0031113908626139164,0.6800000071525574,304.20001220703125
Gemstone-Models/Gemstone-512x13,Gemstone 512x13 (103M),102643200,13,4,10,0,2,0.016316290944814682,0.6800000071525574,304.20001220703125
Gemstone-Models/Gemstone-512x13,Gemstone 512x13 (103M),102643200,13,4,10,0,3,0.006414513569325209,0.6800000071525574,304.20001220703125
Gemstone-Models/Gemstone-512x13,Gemstone 512x13 (103M),102643200,13,4,10,1,0,0.0006684804684482515,0.6800000071525574,304.20001220703125
Gemstone-Models/Gemstone-512x13,Gemstone 512x13 (103M),102643200,13,4,10,1,1,0.007374510634690523,0.6800000071525574,304.20001220703125
Gemstone-Models/Gemstone-512x13,Gemstone 512x13 (103M),102643200,13,4,10,1,2,0.00033426840673200786,0.6800000071525574,304.20001220703125
Gemstone-Models/Gemstone-512x13,Gemstone 512x13 (103M),102643200,13,4,10,1,3,0.004313675686717033,0.6800000071525574,304.20001220703125
Gemstone-Models/Gemstone-512x13,Gemstone 512x13 (103M),102643200,13,4,10,2,0,0.008643528446555138,0.6800000071525574,304.20001220703125
Gemstone-Models/Gemstone-512x13,Gemstone 512x13 (103M),102643200,13,4,10,2,1,0.001143135828897357,0.6800000071525574,304.20001220703125
Gemstone-Models/Gemstone-512x13,Gemstone 512x13 (103M),102643200,13,4,10,2,2,0.004432600922882557,0.6800000071525574,304.20001220703125
Gemstone-Models/Gemstone-512x13,Gemstone 512x13 (103M),102643200,13,4,10,2,3,0.010662100277841091,0.6800000071525574,304.20001220703125
Gemstone-Models/Gemstone-512x13,Gemstone 512x13 (103M),102643200,13,4,10,3,0,0.005845820996910334,0.6800000071525574,304.20001220703125
Gemstone-Models/Gemstone-512x13,Gemstone 512x13 (103M),102643200,13,4,10,3,1,0.00038160046096891165,0.6800000071525574,304.20001220703125
Gemstone-Models/Gemstone-512x13,Gemstone 512x13 (103M),102643200,13,4,10,3,2,0.004728204105049372,0.6800000071525574,304.20001220703125
Gemstone-Models/Gemstone-512x13,Gemstone 512x13 (103M),102643200,13,4,10,3,3,0.010383013635873795,0.6800000071525574,304.20001220703125
Gemstone-Models/Gemstone-512x13,Gemstone 512x13 (103M),102643200,13,4,10,4,0,0.01969623565673828,0.6800000071525574,304.20001220703125
Gemstone-Models/Gemstone-512x13,Gemstone 512x13 (103M),102643200,13,4,10,4,1,0.0034370317589491606,0.6800000071525574,304.20001220703125
Gemstone-Models/Gemstone-512x13,Gemstone 512x13 (103M),102643200,13,4,10,4,2,0.0071296412497758865,0.6800000071525574,304.20001220703125
Gemstone-Models/Gemstone-512x13,Gemstone 512x13 (103M),102643200,13,4,10,4,3,0.0011628835927695036,0.6800000071525574,304.20001220703125
Gemstone-Models/Gemstone-512x13,Gemstone 512x13 (103M),102643200,13,4,10,5,0,0.008264505304396152,0.6800000071525574,304.20001220703125
Gemstone-Models/Gemstone-512x13,Gemstone 512x13 (103M),102643200,13,4,10,5,1,0.01434770505875349,0.6800000071525574,304.20001220703125
Gemstone-Models/Gemstone-512x13,Gemstone 512x13 (103M),102643200,13,4,10,5,2,1.792348825802037e-06,0.6800000071525574,304.20001220703125
Gemstone-Models/Gemstone-512x13,Gemstone 512x13 (103M),102643200,13,4,10,5,3,0.00019194658671040088,0.6800000071525574,304.20001220703125
Gemstone-Models/Gemstone-512x13,Gemstone 512x13 (103M),102643200,13,4,10,6,0,0.0002692189300432801,0.6800000071525574,304.20001220703125
Gemstone-Models/Gemstone-512x13,Gemstone 512x13 (103M),102643200,13,4,10,6,1,0.7420766353607178,0.6800000071525574,304.20001220703125
Gemstone-Models/Gemstone-512x13,Gemstone 512x13 (103M),102643200,13,4,10,6,2,0.0034608542919158936,0.6800000071525574,304.20001220703125
Gemstone-Models/Gemstone-512x13,Gemstone 512x13 (103M),102643200,13,4,10,6,3,0.003519083373248577,0.6800000071525574,304.20001220703125
Gemstone-Models/Gemstone-512x13,Gemstone 512x13 (103M),102643200,13,4,10,7,0,0.001706773298792541,0.6800000071525574,304.20001220703125
Gemstone-Models/Gemstone-512x13,Gemstone 512x13 (103M),102643200,13,4,10,7,1,7.210190233308822e-05,0.6800000071525574,304.20001220703125
Gemstone-Models/Gemstone-512x13,Gemstone 512x13 (103M),102643200,13,4,10,7,2,0.00037682719994336367,0.6800000071525574,304.20001220703125
Gemstone-Models/Gemstone-512x13,Gemstone 512x13 (103M),102643200,13,4,10,7,3,0.00030727367266081274,0.6800000071525574,304.20001220703125
Gemstone-Models/Gemstone-512x13,Gemstone 512x13 (103M),102643200,13,4,10,8,0,0.002416671486571431,0.6800000071525574,304.20001220703125
Gemstone-Models/Gemstone-512x13,Gemstone 512x13 (103M),102643200,13,4,10,8,1,0.00284826778806746,0.6800000071525574,304.20001220703125
Gemstone-Models/Gemstone-512x13,Gemstone 512x13 (103M),102643200,13,4,10,8,2,0.00023261093883775175,0.6800000071525574,304.20001220703125
Gemstone-Models/Gemstone-512x13,Gemstone 512x13 (103M),102643200,13,4,10,8,3,0.03964230418205261,0.6800000071525574,304.20001220703125
Gemstone-Models/Gemstone-512x13,Gemstone 512x13 (103M),102643200,13,4,10,9,0,2.4447567525953673e-08,0.6800000071525574,304.20001220703125
Gemstone-Models/Gemstone-512x13,Gemstone 512x13 (103M),102643200,13,4,10,9,1,0.00017108689644373953,0.6800000071525574,304.20001220703125
Gemstone-Models/Gemstone-512x13,Gemstone 512x13 (103M),102643200,13,4,10,9,2,0.0016208045417442918,0.6800000071525574,304.20001220703125
Gemstone-Models/Gemstone-512x13,Gemstone 512x13 (103M),102643200,13,4,10,9,3,0.014539041556417942,0.6800000071525574,304.20001220703125
Gemstone-Models/Gemstone-512x13,Gemstone 512x13 (103M),102643200,13,4,10,10,0,0.8697285652160645,0.6800000071525574,304.20001220703125
Gemstone-Models/Gemstone-512x13,Gemstone 512x13 (103M),102643200,13,4,10,10,1,0.17129117250442505,0.6800000071525574,304.20001220703125
Gemstone-Models/Gemstone-512x13,Gemstone 512x13 (103M),102643200,13,4,10,10,2,0.002304477384313941,0.6800000071525574,304.20001220703125
Gemstone-Models/Gemstone-512x13,Gemstone 512x13 (103M),102643200,13,4,10,10,3,0.18456774950027466,0.6800000071525574,304.20001220703125
Gemstone-Models/Gemstone-512x13,Gemstone 512x13 (103M),102643200,13,4,10,11,0,0.03968770429491997,0.6800000071525574,304.20001220703125
Gemstone-Models/Gemstone-512x13,Gemstone 512x13 (103M),102643200,13,4,10,11,1,0.044202134013175964,0.6800000071525574,304.20001220703125
Gemstone-Models/Gemstone-512x13,Gemstone 512x13 (103M),102643200,13,4,10,11,2,0.3898148834705353,0.6800000071525574,304.20001220703125
Gemstone-Models/Gemstone-512x13,Gemstone 512x13 (103M),102643200,13,4,10,11,3,0.29498621821403503,0.6800000071525574,304.20001220703125
Gemstone-Models/Gemstone-512x13,Gemstone 512x13 (103M),102643200,13,4,10,12,0,0.003409738652408123,0.6800000071525574,304.20001220703125
Gemstone-Models/Gemstone-512x13,Gemstone 512x13 (103M),102643200,13,4,10,12,1,0.0019595583435148,0.6800000071525574,304.20001220703125
Gemstone-Models/Gemstone-512x13,Gemstone 512x13 (103M),102643200,13,4,10,12,2,0.011828438378870487,0.6800000071525574,304.20001220703125
Gemstone-Models/Gemstone-512x13,Gemstone 512x13 (103M),102643200,13,4,10,12,3,0.004082676023244858,0.6800000071525574,304.20001220703125
Gemstone-Models/Gemstone-512x13,Gemstone 512x13 (103M),102643200,13,4,11,0,0,0.0034825345501303673,0.800000011920929,1087.1800537109375
Gemstone-Models/Gemstone-512x13,Gemstone 512x13 (103M),102643200,13,4,11,0,1,0.003996478859335184,0.800000011920929,1087.1800537109375
Gemstone-Models/Gemstone-512x13,Gemstone 512x13 (103M),102643200,13,4,11,0,2,0.015211101621389389,0.800000011920929,1087.1800537109375
Gemstone-Models/Gemstone-512x13,Gemstone 512x13 (103M),102643200,13,4,11,0,3,0.006685396656394005,0.800000011920929,1087.1800537109375
Gemstone-Models/Gemstone-512x13,Gemstone 512x13 (103M),102643200,13,4,11,1,0,0.0015738054644316435,0.800000011920929,1087.1800537109375
Gemstone-Models/Gemstone-512x13,Gemstone 512x13 (103M),102643200,13,4,11,1,1,0.0068903048522770405,0.800000011920929,1087.1800537109375
Gemstone-Models/Gemstone-512x13,Gemstone 512x13 (103M),102643200,13,4,11,1,2,0.0002082942082779482,0.800000011920929,1087.1800537109375
Gemstone-Models/Gemstone-512x13,Gemstone 512x13 (103M),102643200,13,4,11,1,3,0.014410440810024738,0.800000011920929,1087.1800537109375
Gemstone-Models/Gemstone-512x13,Gemstone 512x13 (103M),102643200,13,4,11,2,0,0.008864144794642925,0.800000011920929,1087.1800537109375
Gemstone-Models/Gemstone-512x13,Gemstone 512x13 (103M),102643200,13,4,11,2,1,0.0017663318431004882,0.800000011920929,1087.1800537109375
Gemstone-Models/Gemstone-512x13,Gemstone 512x13 (103M),102643200,13,4,11,2,2,0.010575667954981327,0.800000011920929,1087.1800537109375
Gemstone-Models/Gemstone-512x13,Gemstone 512x13 (103M),102643200,13,4,11,2,3,0.01062597706913948,0.800000011920929,1087.1800537109375
Gemstone-Models/Gemstone-512x13,Gemstone 512x13 (103M),102643200,13,4,11,3,0,0.00573386624455452,0.800000011920929,1087.1800537109375
Gemstone-Models/Gemstone-512x13,Gemstone 512x13 (103M),102643200,13,4,11,3,1,0.0006324501591734588,0.800000011920929,1087.1800537109375
Gemstone-Models/Gemstone-512x13,Gemstone 512x13 (103M),102643200,13,4,11,3,2,0.005080731585621834,0.800000011920929,1087.1800537109375
Gemstone-Models/Gemstone-512x13,Gemstone 512x13 (103M),102643200,13,4,11,3,3,0.0066134994849562645,0.800000011920929,1087.1800537109375
Gemstone-Models/Gemstone-512x13,Gemstone 512x13 (103M),102643200,13,4,11,4,0,0.023044943809509277,0.800000011920929,1087.1800537109375
Gemstone-Models/Gemstone-512x13,Gemstone 512x13 (103M),102643200,13,4,11,4,1,0.004905225709080696,0.800000011920929,1087.1800537109375
Gemstone-Models/Gemstone-512x13,Gemstone 512x13 (103M),102643200,13,4,11,4,2,0.0066170101054012775,0.800000011920929,1087.1800537109375
Gemstone-Models/Gemstone-512x13,Gemstone 512x13 (103M),102643200,13,4,11,4,3,0.0011042631231248379,0.800000011920929,1087.1800537109375
Gemstone-Models/Gemstone-512x13,Gemstone 512x13 (103M),102643200,13,4,11,5,0,0.009494297206401825,0.800000011920929,1087.1800537109375
Gemstone-Models/Gemstone-512x13,Gemstone 512x13 (103M),102643200,13,4,11,5,1,0.012476537376642227,0.800000011920929,1087.1800537109375
Gemstone-Models/Gemstone-512x13,Gemstone 512x13 (103M),102643200,13,4,11,5,2,4.6424992206084426e-07,0.800000011920929,1087.1800537109375
Gemstone-Models/Gemstone-512x13,Gemstone 512x13 (103M),102643200,13,4,11,5,3,0.00015191813872661442,0.800000011920929,1087.1800537109375
Gemstone-Models/Gemstone-512x13,Gemstone 512x13 (103M),102643200,13,4,11,6,0,0.0003645879332907498,0.800000011920929,1087.1800537109375
Gemstone-Models/Gemstone-512x13,Gemstone 512x13 (103M),102643200,13,4,11,6,1,0.8609344959259033,0.800000011920929,1087.1800537109375
Gemstone-Models/Gemstone-512x13,Gemstone 512x13 (103M),102643200,13,4,11,6,2,0.0030515172984451056,0.800000011920929,1087.1800537109375
Gemstone-Models/Gemstone-512x13,Gemstone 512x13 (103M),102643200,13,4,11,6,3,0.0032990151084959507,0.800000011920929,1087.1800537109375
Gemstone-Models/Gemstone-512x13,Gemstone 512x13 (103M),102643200,13,4,11,7,0,0.0018409001640975475,0.800000011920929,1087.1800537109375
Gemstone-Models/Gemstone-512x13,Gemstone 512x13 (103M),102643200,13,4,11,7,1,9.439219138585031e-05,0.800000011920929,1087.1800537109375
Gemstone-Models/Gemstone-512x13,Gemstone 512x13 (103M),102643200,13,4,11,7,2,0.00043191955774091184,0.800000011920929,1087.1800537109375
Gemstone-Models/Gemstone-512x13,Gemstone 512x13 (103M),102643200,13,4,11,7,3,0.0004131057357881218,0.800000011920929,1087.1800537109375
Gemstone-Models/Gemstone-512x13,Gemstone 512x13 (103M),102643200,13,4,11,8,0,0.002451036823913455,0.800000011920929,1087.1800537109375
Gemstone-Models/Gemstone-512x13,Gemstone 512x13 (103M),102643200,13,4,11,8,1,0.0028230471070855856,0.800000011920929,1087.1800537109375
Gemstone-Models/Gemstone-512x13,Gemstone 512x13 (103M),102643200,13,4,11,8,2,0.00042226328514516354,0.800000011920929,1087.1800537109375
Gemstone-Models/Gemstone-512x13,Gemstone 512x13 (103M),102643200,13,4,11,8,3,0.032657913863658905,0.800000011920929,1087.1800537109375
Gemstone-Models/Gemstone-512x13,Gemstone 512x13 (103M),102643200,13,4,11,9,0,1.909619662399109e-08,0.800000011920929,1087.1800537109375
Gemstone-Models/Gemstone-512x13,Gemstone 512x13 (103M),102643200,13,4,11,9,1,0.0002000914391828701,0.800000011920929,1087.1800537109375
Gemstone-Models/Gemstone-512x13,Gemstone 512x13 (103M),102643200,13,4,11,9,2,0.0029712149407714605,0.800000011920929,1087.1800537109375
Gemstone-Models/Gemstone-512x13,Gemstone 512x13 (103M),102643200,13,4,11,9,3,0.01322265900671482,0.800000011920929,1087.1800537109375
Gemstone-Models/Gemstone-512x13,Gemstone 512x13 (103M),102643200,13,4,11,10,0,0.8897914290428162,0.800000011920929,1087.1800537109375
Gemstone-Models/Gemstone-512x13,Gemstone 512x13 (103M),102643200,13,4,11,10,1,0.21536166965961456,0.800000011920929,1087.1800537109375
Gemstone-Models/Gemstone-512x13,Gemstone 512x13 (103M),102643200,13,4,11,10,2,0.0038452763110399246,0.800000011920929,1087.1800537109375
Gemstone-Models/Gemstone-512x13,Gemstone 512x13 (103M),102643200,13,4,11,10,3,0.22910982370376587,0.800000011920929,1087.1800537109375
Gemstone-Models/Gemstone-512x13,Gemstone 512x13 (103M),102643200,13,4,11,11,0,0.03662152215838432,0.800000011920929,1087.1800537109375
Gemstone-Models/Gemstone-512x13,Gemstone 512x13 (103M),102643200,13,4,11,11,1,0.03727751597762108,0.800000011920929,1087.1800537109375
Gemstone-Models/Gemstone-512x13,Gemstone 512x13 (103M),102643200,13,4,11,11,2,0.41820305585861206,0.800000011920929,1087.1800537109375
Gemstone-Models/Gemstone-512x13,Gemstone 512x13 (103M),102643200,13,4,11,11,3,0.26266586780548096,0.800000011920929,1087.1800537109375
Gemstone-Models/Gemstone-512x13,Gemstone 512x13 (103M),102643200,13,4,11,12,0,0.004041412379592657,0.800000011920929,1087.1800537109375
Gemstone-Models/Gemstone-512x13,Gemstone 512x13 (103M),102643200,13,4,11,12,1,0.0015005299355834723,0.800000011920929,1087.1800537109375
Gemstone-Models/Gemstone-512x13,Gemstone 512x13 (103M),102643200,13,4,11,12,2,0.011758641339838505,0.800000011920929,1087.1800537109375
Gemstone-Models/Gemstone-512x13,Gemstone 512x13 (103M),102643200,13,4,11,12,3,0.007143795490264893,0.800000011920929,1087.1800537109375
Gemstone-Models/Gemstone-512x13,Gemstone 512x13 (103M),102643200,13,4,12,0,0,4.603931665769778e-05,0.9399999976158142,1043.719970703125
Gemstone-Models/Gemstone-512x13,Gemstone 512x13 (103M),102643200,13,4,12,0,1,0.0035446619149297476,0.9399999976158142,1043.719970703125
Gemstone-Models/Gemstone-512x13,Gemstone 512x13 (103M),102643200,13,4,12,0,2,0.017762018367648125,0.9399999976158142,1043.719970703125
Gemstone-Models/Gemstone-512x13,Gemstone 512x13 (103M),102643200,13,4,12,0,3,0.00769141735509038,0.9399999976158142,1043.719970703125
Gemstone-Models/Gemstone-512x13,Gemstone 512x13 (103M),102643200,13,4,12,1,0,0.001043692696839571,0.9399999976158142,1043.719970703125
Gemstone-Models/Gemstone-512x13,Gemstone 512x13 (103M),102643200,13,4,12,1,1,0.010950014926493168,0.9399999976158142,1043.719970703125
Gemstone-Models/Gemstone-512x13,Gemstone 512x13 (103M),102643200,13,4,12,1,2,0.00032315109274350107,0.9399999976158142,1043.719970703125
Gemstone-Models/Gemstone-512x13,Gemstone 512x13 (103M),102643200,13,4,12,1,3,0.012089359574019909,0.9399999976158142,1043.719970703125
Gemstone-Models/Gemstone-512x13,Gemstone 512x13 (103M),102643200,13,4,12,2,0,0.01162121631205082,0.9399999976158142,1043.719970703125
Gemstone-Models/Gemstone-512x13,Gemstone 512x13 (103M),102643200,13,4,12,2,1,0.0027179725002497435,0.9399999976158142,1043.719970703125
Gemstone-Models/Gemstone-512x13,Gemstone 512x13 (103M),102643200,13,4,12,2,2,0.01335933431982994,0.9399999976158142,1043.719970703125
Gemstone-Models/Gemstone-512x13,Gemstone 512x13 (103M),102643200,13,4,12,2,3,0.011637980118393898,0.9399999976158142,1043.719970703125
Gemstone-Models/Gemstone-512x13,Gemstone 512x13 (103M),102643200,13,4,12,3,0,0.006359477527439594,0.9399999976158142,1043.719970703125
Gemstone-Models/Gemstone-512x13,Gemstone 512x13 (103M),102643200,13,4,12,3,1,0.00043628941057249904,0.9399999976158142,1043.719970703125
Gemstone-Models/Gemstone-512x13,Gemstone 512x13 (103M),102643200,13,4,12,3,2,0.005104480776935816,0.9399999976158142,1043.719970703125
Gemstone-Models/Gemstone-512x13,Gemstone 512x13 (103M),102643200,13,4,12,3,3,0.008709744550287724,0.9399999976158142,1043.719970703125
Gemstone-Models/Gemstone-512x13,Gemstone 512x13 (103M),102643200,13,4,12,4,0,0.014688154682517052,0.9399999976158142,1043.719970703125
Gemstone-Models/Gemstone-512x13,Gemstone 512x13 (103M),102643200,13,4,12,4,1,0.006151749286800623,0.9399999976158142,1043.719970703125
Gemstone-Models/Gemstone-512x13,Gemstone 512x13 (103M),102643200,13,4,12,4,2,0.007155482657253742,0.9399999976158142,1043.719970703125
Gemstone-Models/Gemstone-512x13,Gemstone 512x13 (103M),102643200,13,4,12,4,3,0.001296192524023354,0.9399999976158142,1043.719970703125
Gemstone-Models/Gemstone-512x13,Gemstone 512x13 (103M),102643200,13,4,12,5,0,0.010302840732038021,0.9399999976158142,1043.719970703125
Gemstone-Models/Gemstone-512x13,Gemstone 512x13 (103M),102643200,13,4,12,5,1,0.01665356010198593,0.9399999976158142,1043.719970703125
Gemstone-Models/Gemstone-512x13,Gemstone 512x13 (103M),102643200,13,4,12,5,2,1.0340984317736002e-06,0.9399999976158142,1043.719970703125
Gemstone-Models/Gemstone-512x13,Gemstone 512x13 (103M),102643200,13,4,12,5,3,0.00010001672490034252,0.9399999976158142,1043.719970703125
Gemstone-Models/Gemstone-512x13,Gemstone 512x13 (103M),102643200,13,4,12,6,0,0.0006519635790027678,0.9399999976158142,1043.719970703125
Gemstone-Models/Gemstone-512x13,Gemstone 512x13 (103M),102643200,13,4,12,6,1,0.9000356793403625,0.9399999976158142,1043.719970703125
Gemstone-Models/Gemstone-512x13,Gemstone 512x13 (103M),102643200,13,4,12,6,2,0.003597829956561327,0.9399999976158142,1043.719970703125
Gemstone-Models/Gemstone-512x13,Gemstone 512x13 (103M),102643200,13,4,12,6,3,0.004956524353474379,0.9399999976158142,1043.719970703125
Gemstone-Models/Gemstone-512x13,Gemstone 512x13 (103M),102643200,13,4,12,7,0,0.002303479705005884,0.9399999976158142,1043.719970703125
Gemstone-Models/Gemstone-512x13,Gemstone 512x13 (103M),102643200,13,4,12,7,1,5.6163906265283003e-05,0.9399999976158142,1043.719970703125
Gemstone-Models/Gemstone-512x13,Gemstone 512x13 (103M),102643200,13,4,12,7,2,0.0002958733239211142,0.9399999976158142,1043.719970703125
Gemstone-Models/Gemstone-512x13,Gemstone 512x13 (103M),102643200,13,4,12,7,3,0.0003876516711898148,0.9399999976158142,1043.719970703125
Gemstone-Models/Gemstone-512x13,Gemstone 512x13 (103M),102643200,13,4,12,8,0,0.003580633318051696,0.9399999976158142,1043.719970703125
Gemstone-Models/Gemstone-512x13,Gemstone 512x13 (103M),102643200,13,4,12,8,1,0.0034328431356698275,0.9399999976158142,1043.719970703125
Gemstone-Models/Gemstone-512x13,Gemstone 512x13 (103M),102643200,13,4,12,8,2,0.0004519163048826158,0.9399999976158142,1043.719970703125
Gemstone-Models/Gemstone-512x13,Gemstone 512x13 (103M),102643200,13,4,12,8,3,0.0441020242869854,0.9399999976158142,1043.719970703125
Gemstone-Models/Gemstone-512x13,Gemstone 512x13 (103M),102643200,13,4,12,9,0,2.5676902382087974e-08,0.9399999976158142,1043.719970703125
Gemstone-Models/Gemstone-512x13,Gemstone 512x13 (103M),102643200,13,4,12,9,1,0.0005052636843174696,0.9399999976158142,1043.719970703125
Gemstone-Models/Gemstone-512x13,Gemstone 512x13 (103M),102643200,13,4,12,9,2,0.003029036335647106,0.9399999976158142,1043.719970703125
Gemstone-Models/Gemstone-512x13,Gemstone 512x13 (103M),102643200,13,4,12,9,3,0.028288695961236954,0.9399999976158142,1043.719970703125
Gemstone-Models/Gemstone-512x13,Gemstone 512x13 (103M),102643200,13,4,12,10,0,0.8906040191650391,0.9399999976158142,1043.719970703125
Gemstone-Models/Gemstone-512x13,Gemstone 512x13 (103M),102643200,13,4,12,10,1,0.25807875394821167,0.9399999976158142,1043.719970703125
Gemstone-Models/Gemstone-512x13,Gemstone 512x13 (103M),102643200,13,4,12,10,2,0.0056951516307890415,0.9399999976158142,1043.719970703125
Gemstone-Models/Gemstone-512x13,Gemstone 512x13 (103M),102643200,13,4,12,10,3,0.22366851568222046,0.9399999976158142,1043.719970703125
Gemstone-Models/Gemstone-512x13,Gemstone 512x13 (103M),102643200,13,4,12,11,0,0.07090363651514053,0.9399999976158142,1043.719970703125
Gemstone-Models/Gemstone-512x13,Gemstone 512x13 (103M),102643200,13,4,12,11,1,0.0528230220079422,0.9399999976158142,1043.719970703125
Gemstone-Models/Gemstone-512x13,Gemstone 512x13 (103M),102643200,13,4,12,11,2,0.5210951566696167,0.9399999976158142,1043.719970703125
Gemstone-Models/Gemstone-512x13,Gemstone 512x13 (103M),102643200,13,4,12,11,3,0.40378960967063904,0.9399999976158142,1043.719970703125
Gemstone-Models/Gemstone-512x13,Gemstone 512x13 (103M),102643200,13,4,12,12,0,0.005646267905831337,0.9399999976158142,1043.719970703125
Gemstone-Models/Gemstone-512x13,Gemstone 512x13 (103M),102643200,13,4,12,12,1,0.0022557685151696205,0.9399999976158142,1043.719970703125
Gemstone-Models/Gemstone-512x13,Gemstone 512x13 (103M),102643200,13,4,12,12,2,0.033271145075559616,0.9399999976158142,1043.719970703125
Gemstone-Models/Gemstone-512x13,Gemstone 512x13 (103M),102643200,13,4,12,12,3,0.008676309138536453,0.9399999976158142,1043.719970703125
Gemstone-Models/Gemstone-512x13,Gemstone 512x13 (103M),102643200,13,4,13,0,0,2.3031458113109693e-05,0.8799999952316284,25.440000534057617
Gemstone-Models/Gemstone-512x13,Gemstone 512x13 (103M),102643200,13,4,13,0,1,0.003859112039208412,0.8799999952316284,25.440000534057617
Gemstone-Models/Gemstone-512x13,Gemstone 512x13 (103M),102643200,13,4,13,0,2,0.017781853675842285,0.8799999952316284,25.440000534057617
Gemstone-Models/Gemstone-512x13,Gemstone 512x13 (103M),102643200,13,4,13,0,3,0.009952225722372532,0.8799999952316284,25.440000534057617
Gemstone-Models/Gemstone-512x13,Gemstone 512x13 (103M),102643200,13,4,13,1,0,0.0014379078056663275,0.8799999952316284,25.440000534057617
Gemstone-Models/Gemstone-512x13,Gemstone 512x13 (103M),102643200,13,4,13,1,1,0.010709132067859173,0.8799999952316284,25.440000534057617
Gemstone-Models/Gemstone-512x13,Gemstone 512x13 (103M),102643200,13,4,13,1,2,2.697252966754604e-05,0.8799999952316284,25.440000534057617
Gemstone-Models/Gemstone-512x13,Gemstone 512x13 (103M),102643200,13,4,13,1,3,0.003962365910410881,0.8799999952316284,25.440000534057617
Gemstone-Models/Gemstone-512x13,Gemstone 512x13 (103M),102643200,13,4,13,2,0,0.010281974449753761,0.8799999952316284,25.440000534057617
Gemstone-Models/Gemstone-512x13,Gemstone 512x13 (103M),102643200,13,4,13,2,1,0.00155810231808573,0.8799999952316284,25.440000534057617
Gemstone-Models/Gemstone-512x13,Gemstone 512x13 (103M),102643200,13,4,13,2,2,0.005380688700824976,0.8799999952316284,25.440000534057617
Gemstone-Models/Gemstone-512x13,Gemstone 512x13 (103M),102643200,13,4,13,2,3,0.007737228646874428,0.8799999952316284,25.440000534057617
Gemstone-Models/Gemstone-512x13,Gemstone 512x13 (103M),102643200,13,4,13,3,0,0.007340854499489069,0.8799999952316284,25.440000534057617
Gemstone-Models/Gemstone-512x13,Gemstone 512x13 (103M),102643200,13,4,13,3,1,0.0004858092579524964,0.8799999952316284,25.440000534057617
Gemstone-Models/Gemstone-512x13,Gemstone 512x13 (103M),102643200,13,4,13,3,2,0.005222880281507969,0.8799999952316284,25.440000534057617
Gemstone-Models/Gemstone-512x13,Gemstone 512x13 (103M),102643200,13,4,13,3,3,0.009529722854495049,0.8799999952316284,25.440000534057617
Gemstone-Models/Gemstone-512x13,Gemstone 512x13 (103M),102643200,13,4,13,4,0,0.012578720226883888,0.8799999952316284,25.440000534057617
Gemstone-Models/Gemstone-512x13,Gemstone 512x13 (103M),102643200,13,4,13,4,1,0.003242206759750843,0.8799999952316284,25.440000534057617
Gemstone-Models/Gemstone-512x13,Gemstone 512x13 (103M),102643200,13,4,13,4,2,0.008211275562644005,0.8799999952316284,25.440000534057617
Gemstone-Models/Gemstone-512x13,Gemstone 512x13 (103M),102643200,13,4,13,4,3,0.0020409501157701015,0.8799999952316284,25.440000534057617
Gemstone-Models/Gemstone-512x13,Gemstone 512x13 (103M),102643200,13,4,13,5,0,0.016076672822237015,0.8799999952316284,25.440000534057617
Gemstone-Models/Gemstone-512x13,Gemstone 512x13 (103M),102643200,13,4,13,5,1,0.016632337123155594,0.8799999952316284,25.440000534057617
Gemstone-Models/Gemstone-512x13,Gemstone 512x13 (103M),102643200,13,4,13,5,2,3.773267280848813e-07,0.8799999952316284,25.440000534057617
Gemstone-Models/Gemstone-512x13,Gemstone 512x13 (103M),102643200,13,4,13,5,3,8.74787729117088e-05,0.8799999952316284,25.440000534057617
Gemstone-Models/Gemstone-512x13,Gemstone 512x13 (103M),102643200,13,4,13,6,0,0.000836005958262831,0.8799999952316284,25.440000534057617
Gemstone-Models/Gemstone-512x13,Gemstone 512x13 (103M),102643200,13,4,13,6,1,0.8993310332298279,0.8799999952316284,25.440000534057617
Gemstone-Models/Gemstone-512x13,Gemstone 512x13 (103M),102643200,13,4,13,6,2,0.0033506122417747974,0.8799999952316284,25.440000534057617
Gemstone-Models/Gemstone-512x13,Gemstone 512x13 (103M),102643200,13,4,13,6,3,0.004679438192397356,0.8799999952316284,25.440000534057617
Gemstone-Models/Gemstone-512x13,Gemstone 512x13 (103M),102643200,13,4,13,7,0,0.0016028706450015306,0.8799999952316284,25.440000534057617
Gemstone-Models/Gemstone-512x13,Gemstone 512x13 (103M),102643200,13,4,13,7,1,8.881250687409192e-05,0.8799999952316284,25.440000534057617
Gemstone-Models/Gemstone-512x13,Gemstone 512x13 (103M),102643200,13,4,13,7,2,0.00020563550060614944,0.8799999952316284,25.440000534057617
Gemstone-Models/Gemstone-512x13,Gemstone 512x13 (103M),102643200,13,4,13,7,3,0.0005392383900471032,0.8799999952316284,25.440000534057617
Gemstone-Models/Gemstone-512x13,Gemstone 512x13 (103M),102643200,13,4,13,8,0,0.003299574600532651,0.8799999952316284,25.440000534057617
Gemstone-Models/Gemstone-512x13,Gemstone 512x13 (103M),102643200,13,4,13,8,1,0.0017799650086089969,0.8799999952316284,25.440000534057617
Gemstone-Models/Gemstone-512x13,Gemstone 512x13 (103M),102643200,13,4,13,8,2,0.00029681494925171137,0.8799999952316284,25.440000534057617
Gemstone-Models/Gemstone-512x13,Gemstone 512x13 (103M),102643200,13,4,13,8,3,0.04576478898525238,0.8799999952316284,25.440000534057617
Gemstone-Models/Gemstone-512x13,Gemstone 512x13 (103M),102643200,13,4,13,9,0,1.4492818500855265e-08,0.8799999952316284,25.440000534057617
Gemstone-Models/Gemstone-512x13,Gemstone 512x13 (103M),102643200,13,4,13,9,1,0.000321568368235603,0.8799999952316284,25.440000534057617
Gemstone-Models/Gemstone-512x13,Gemstone 512x13 (103M),102643200,13,4,13,9,2,0.0022243866696953773,0.8799999952316284,25.440000534057617
Gemstone-Models/Gemstone-512x13,Gemstone 512x13 (103M),102643200,13,4,13,9,3,0.023922910913825035,0.8799999952316284,25.440000534057617
Gemstone-Models/Gemstone-512x13,Gemstone 512x13 (103M),102643200,13,4,13,10,0,0.9237144589424133,0.8799999952316284,25.440000534057617
Gemstone-Models/Gemstone-512x13,Gemstone 512x13 (103M),102643200,13,4,13,10,1,0.24802297353744507,0.8799999952316284,25.440000534057617
Gemstone-Models/Gemstone-512x13,Gemstone 512x13 (103M),102643200,13,4,13,10,2,0.004695362877100706,0.8799999952316284,25.440000534057617
Gemstone-Models/Gemstone-512x13,Gemstone 512x13 (103M),102643200,13,4,13,10,3,0.20172719657421112,0.8799999952316284,25.440000534057617
Gemstone-Models/Gemstone-512x13,Gemstone 512x13 (103M),102643200,13,4,13,11,0,0.05532601848244667,0.8799999952316284,25.440000534057617
Gemstone-Models/Gemstone-512x13,Gemstone 512x13 (103M),102643200,13,4,13,11,1,0.05925184115767479,0.8799999952316284,25.440000534057617
Gemstone-Models/Gemstone-512x13,Gemstone 512x13 (103M),102643200,13,4,13,11,2,0.6087146997451782,0.8799999952316284,25.440000534057617
Gemstone-Models/Gemstone-512x13,Gemstone 512x13 (103M),102643200,13,4,13,11,3,0.4357800781726837,0.8799999952316284,25.440000534057617
Gemstone-Models/Gemstone-512x13,Gemstone 512x13 (103M),102643200,13,4,13,12,0,0.005486369598656893,0.8799999952316284,25.440000534057617
Gemstone-Models/Gemstone-512x13,Gemstone 512x13 (103M),102643200,13,4,13,12,1,0.002224450930953026,0.8799999952316284,25.440000534057617
Gemstone-Models/Gemstone-512x13,Gemstone 512x13 (103M),102643200,13,4,13,12,2,0.02969598025083542,0.8799999952316284,25.440000534057617
Gemstone-Models/Gemstone-512x13,Gemstone 512x13 (103M),102643200,13,4,13,12,3,0.004525573458522558,0.8799999952316284,25.440000534057617
Gemstone-Models/Gemstone-512x13,Gemstone 512x13 (103M),102643200,13,4,14,0,0,4.04473757953383e-05,0.7599999904632568,193.5
Gemstone-Models/Gemstone-512x13,Gemstone 512x13 (103M),102643200,13,4,14,0,1,0.003622849006205797,0.7599999904632568,193.5
Gemstone-Models/Gemstone-512x13,Gemstone 512x13 (103M),102643200,13,4,14,0,2,0.014737119898200035,0.7599999904632568,193.5
Gemstone-Models/Gemstone-512x13,Gemstone 512x13 (103M),102643200,13,4,14,0,3,0.006973172537982464,0.7599999904632568,193.5
Gemstone-Models/Gemstone-512x13,Gemstone 512x13 (103M),102643200,13,4,14,1,0,0.0006997728487476707,0.7599999904632568,193.5
Gemstone-Models/Gemstone-512x13,Gemstone 512x13 (103M),102643200,13,4,14,1,1,0.009714619256556034,0.7599999904632568,193.5
Gemstone-Models/Gemstone-512x13,Gemstone 512x13 (103M),102643200,13,4,14,1,2,0.000204696407308802,0.7599999904632568,193.5
Gemstone-Models/Gemstone-512x13,Gemstone 512x13 (103M),102643200,13,4,14,1,3,0.0019658030942082405,0.7599999904632568,193.5
Gemstone-Models/Gemstone-512x13,Gemstone 512x13 (103M),102643200,13,4,14,2,0,0.010610226541757584,0.7599999904632568,193.5
Gemstone-Models/Gemstone-512x13,Gemstone 512x13 (103M),102643200,13,4,14,2,1,0.0018471465446054935,0.7599999904632568,193.5
Gemstone-Models/Gemstone-512x13,Gemstone 512x13 (103M),102643200,13,4,14,2,2,0.011153016239404678,0.7599999904632568,193.5
Gemstone-Models/Gemstone-512x13,Gemstone 512x13 (103M),102643200,13,4,14,2,3,0.010068398900330067,0.7599999904632568,193.5
Gemstone-Models/Gemstone-512x13,Gemstone 512x13 (103M),102643200,13,4,14,3,0,0.005094890017062426,0.7599999904632568,193.5
Gemstone-Models/Gemstone-512x13,Gemstone 512x13 (103M),102643200,13,4,14,3,1,0.0008282046765089035,0.7599999904632568,193.5
Gemstone-Models/Gemstone-512x13,Gemstone 512x13 (103M),102643200,13,4,14,3,2,0.007112669292837381,0.7599999904632568,193.5
Gemstone-Models/Gemstone-512x13,Gemstone 512x13 (103M),102643200,13,4,14,3,3,0.007916513830423355,0.7599999904632568,193.5
Gemstone-Models/Gemstone-512x13,Gemstone 512x13 (103M),102643200,13,4,14,4,0,0.018573587760329247,0.7599999904632568,193.5
Gemstone-Models/Gemstone-512x13,Gemstone 512x13 (103M),102643200,13,4,14,4,1,0.003730127587914467,0.7599999904632568,193.5
Gemstone-Models/Gemstone-512x13,Gemstone 512x13 (103M),102643200,13,4,14,4,2,0.008175944909453392,0.7599999904632568,193.5
Gemstone-Models/Gemstone-512x13,Gemstone 512x13 (103M),102643200,13,4,14,4,3,0.0012594385771080852,0.7599999904632568,193.5
Gemstone-Models/Gemstone-512x13,Gemstone 512x13 (103M),102643200,13,4,14,5,0,0.009379604831337929,0.7599999904632568,193.5
Gemstone-Models/Gemstone-512x13,Gemstone 512x13 (103M),102643200,13,4,14,5,1,0.013978948816657066,0.7599999904632568,193.5
Gemstone-Models/Gemstone-512x13,Gemstone 512x13 (103M),102643200,13,4,14,5,2,1.0858701671168092e-06,0.7599999904632568,193.5
Gemstone-Models/Gemstone-512x13,Gemstone 512x13 (103M),102643200,13,4,14,5,3,0.00011472047481220216,0.7599999904632568,193.5
Gemstone-Models/Gemstone-512x13,Gemstone 512x13 (103M),102643200,13,4,14,6,0,0.0009759415406733751,0.7599999904632568,193.5
Gemstone-Models/Gemstone-512x13,Gemstone 512x13 (103M),102643200,13,4,14,6,1,0.8691327571868896,0.7599999904632568,193.5
Gemstone-Models/Gemstone-512x13,Gemstone 512x13 (103M),102643200,13,4,14,6,2,0.005236853379756212,0.7599999904632568,193.5
Gemstone-Models/Gemstone-512x13,Gemstone 512x13 (103M),102643200,13,4,14,6,3,0.005311118438839912,0.7599999904632568,193.5
Gemstone-Models/Gemstone-512x13,Gemstone 512x13 (103M),102643200,13,4,14,7,0,0.0032948243897408247,0.7599999904632568,193.5
Gemstone-Models/Gemstone-512x13,Gemstone 512x13 (103M),102643200,13,4,14,7,1,0.00010013578139478341,0.7599999904632568,193.5
Gemstone-Models/Gemstone-512x13,Gemstone 512x13 (103M),102643200,13,4,14,7,2,0.00028992013540118933,0.7599999904632568,193.5
Gemstone-Models/Gemstone-512x13,Gemstone 512x13 (103M),102643200,13,4,14,7,3,0.0004860818153247237,0.7599999904632568,193.5
Gemstone-Models/Gemstone-512x13,Gemstone 512x13 (103M),102643200,13,4,14,8,0,0.0033432075288146734,0.7599999904632568,193.5
Gemstone-Models/Gemstone-512x13,Gemstone 512x13 (103M),102643200,13,4,14,8,1,0.0032990595791488886,0.7599999904632568,193.5
Gemstone-Models/Gemstone-512x13,Gemstone 512x13 (103M),102643200,13,4,14,8,2,0.00027959421277046204,0.7599999904632568,193.5
Gemstone-Models/Gemstone-512x13,Gemstone 512x13 (103M),102643200,13,4,14,8,3,0.03327925130724907,0.7599999904632568,193.5
Gemstone-Models/Gemstone-512x13,Gemstone 512x13 (103M),102643200,13,4,14,9,0,3.085953181880541e-08,0.7599999904632568,193.5
Gemstone-Models/Gemstone-512x13,Gemstone 512x13 (103M),102643200,13,4,14,9,1,0.00025566539261490107,0.7599999904632568,193.5
Gemstone-Models/Gemstone-512x13,Gemstone 512x13 (103M),102643200,13,4,14,9,2,0.002861902816221118,0.7599999904632568,193.5
Gemstone-Models/Gemstone-512x13,Gemstone 512x13 (103M),102643200,13,4,14,9,3,0.019711090251803398,0.7599999904632568,193.5
Gemstone-Models/Gemstone-512x13,Gemstone 512x13 (103M),102643200,13,4,14,10,0,0.9054752588272095,0.7599999904632568,193.5
Gemstone-Models/Gemstone-512x13,Gemstone 512x13 (103M),102643200,13,4,14,10,1,0.235000878572464,0.7599999904632568,193.5
Gemstone-Models/Gemstone-512x13,Gemstone 512x13 (103M),102643200,13,4,14,10,2,0.00349488970823586,0.7599999904632568,193.5
Gemstone-Models/Gemstone-512x13,Gemstone 512x13 (103M),102643200,13,4,14,10,3,0.2200775146484375,0.7599999904632568,193.5
Gemstone-Models/Gemstone-512x13,Gemstone 512x13 (103M),102643200,13,4,14,11,0,0.06144074350595474,0.7599999904632568,193.5
Gemstone-Models/Gemstone-512x13,Gemstone 512x13 (103M),102643200,13,4,14,11,1,0.04479135572910309,0.7599999904632568,193.5
Gemstone-Models/Gemstone-512x13,Gemstone 512x13 (103M),102643200,13,4,14,11,2,0.5017750263214111,0.7599999904632568,193.5
Gemstone-Models/Gemstone-512x13,Gemstone 512x13 (103M),102643200,13,4,14,11,3,0.4127722978591919,0.7599999904632568,193.5
Gemstone-Models/Gemstone-512x13,Gemstone 512x13 (103M),102643200,13,4,14,12,0,0.004498929716646671,0.7599999904632568,193.5
Gemstone-Models/Gemstone-512x13,Gemstone 512x13 (103M),102643200,13,4,14,12,1,0.002508004894480109,0.7599999904632568,193.5
Gemstone-Models/Gemstone-512x13,Gemstone 512x13 (103M),102643200,13,4,14,12,2,0.02807735837996006,0.7599999904632568,193.5
Gemstone-Models/Gemstone-512x13,Gemstone 512x13 (103M),102643200,13,4,14,12,3,0.0065347133204340935,0.7599999904632568,193.5
Gemstone-Models/Gemstone-512x13,Gemstone 512x13 (103M),102643200,13,4,15,0,0,0.001011526444926858,0.8600000143051147,1230.0
Gemstone-Models/Gemstone-512x13,Gemstone 512x13 (103M),102643200,13,4,15,0,1,0.004518959671258926,0.8600000143051147,1230.0
Gemstone-Models/Gemstone-512x13,Gemstone 512x13 (103M),102643200,13,4,15,0,2,0.015661727637052536,0.8600000143051147,1230.0
Gemstone-Models/Gemstone-512x13,Gemstone 512x13 (103M),102643200,13,4,15,0,3,0.013263542205095291,0.8600000143051147,1230.0
Gemstone-Models/Gemstone-512x13,Gemstone 512x13 (103M),102643200,13,4,15,1,0,0.0012968155788257718,0.8600000143051147,1230.0
Gemstone-Models/Gemstone-512x13,Gemstone 512x13 (103M),102643200,13,4,15,1,1,0.011942223645746708,0.8600000143051147,1230.0
Gemstone-Models/Gemstone-512x13,Gemstone 512x13 (103M),102643200,13,4,15,1,2,0.00017768000543583184,0.8600000143051147,1230.0
Gemstone-Models/Gemstone-512x13,Gemstone 512x13 (103M),102643200,13,4,15,1,3,0.01131518092006445,0.8600000143051147,1230.0
Gemstone-Models/Gemstone-512x13,Gemstone 512x13 (103M),102643200,13,4,15,2,0,0.011078859679400921,0.8600000143051147,1230.0
Gemstone-Models/Gemstone-512x13,Gemstone 512x13 (103M),102643200,13,4,15,2,1,0.0034804046154022217,0.8600000143051147,1230.0
Gemstone-Models/Gemstone-512x13,Gemstone 512x13 (103M),102643200,13,4,15,2,2,0.02042182721197605,0.8600000143051147,1230.0
Gemstone-Models/Gemstone-512x13,Gemstone 512x13 (103M),102643200,13,4,15,2,3,0.011576969176530838,0.8600000143051147,1230.0
Gemstone-Models/Gemstone-512x13,Gemstone 512x13 (103M),102643200,13,4,15,3,0,0.005860686767846346,0.8600000143051147,1230.0
Gemstone-Models/Gemstone-512x13,Gemstone 512x13 (103M),102643200,13,4,15,3,1,0.0006019120919518173,0.8600000143051147,1230.0
Gemstone-Models/Gemstone-512x13,Gemstone 512x13 (103M),102643200,13,4,15,3,2,0.007290089502930641,0.8600000143051147,1230.0
Gemstone-Models/Gemstone-512x13,Gemstone 512x13 (103M),102643200,13,4,15,3,3,0.01141637284308672,0.8600000143051147,1230.0
Gemstone-Models/Gemstone-512x13,Gemstone 512x13 (103M),102643200,13,4,15,4,0,0.016225464642047882,0.8600000143051147,1230.0
Gemstone-Models/Gemstone-512x13,Gemstone 512x13 (103M),102643200,13,4,15,4,1,0.006120975594967604,0.8600000143051147,1230.0
Gemstone-Models/Gemstone-512x13,Gemstone 512x13 (103M),102643200,13,4,15,4,2,0.010408357717096806,0.8600000143051147,1230.0
Gemstone-Models/Gemstone-512x13,Gemstone 512x13 (103M),102643200,13,4,15,4,3,0.001213571522384882,0.8600000143051147,1230.0
Gemstone-Models/Gemstone-512x13,Gemstone 512x13 (103M),102643200,13,4,15,5,0,0.014093074016273022,0.8600000143051147,1230.0
Gemstone-Models/Gemstone-512x13,Gemstone 512x13 (103M),102643200,13,4,15,5,1,0.014650809578597546,0.8600000143051147,1230.0
Gemstone-Models/Gemstone-512x13,Gemstone 512x13 (103M),102643200,13,4,15,5,2,8.183292834473832e-07,0.8600000143051147,1230.0
Gemstone-Models/Gemstone-512x13,Gemstone 512x13 (103M),102643200,13,4,15,5,3,0.00019781036826316267,0.8600000143051147,1230.0
Gemstone-Models/Gemstone-512x13,Gemstone 512x13 (103M),102643200,13,4,15,6,0,0.0008040870889090002,0.8600000143051147,1230.0
Gemstone-Models/Gemstone-512x13,Gemstone 512x13 (103M),102643200,13,4,15,6,1,0.8585972785949707,0.8600000143051147,1230.0
Gemstone-Models/Gemstone-512x13,Gemstone 512x13 (103M),102643200,13,4,15,6,2,0.0054640998132526875,0.8600000143051147,1230.0
Gemstone-Models/Gemstone-512x13,Gemstone 512x13 (103M),102643200,13,4,15,6,3,0.006194126792252064,0.8600000143051147,1230.0
Gemstone-Models/Gemstone-512x13,Gemstone 512x13 (103M),102643200,13,4,15,7,0,0.0019951905123889446,0.8600000143051147,1230.0
Gemstone-Models/Gemstone-512x13,Gemstone 512x13 (103M),102643200,13,4,15,7,1,9.897155541693792e-05,0.8600000143051147,1230.0
Gemstone-Models/Gemstone-512x13,Gemstone 512x13 (103M),102643200,13,4,15,7,2,0.00023783789947628975,0.8600000143051147,1230.0
Gemstone-Models/Gemstone-512x13,Gemstone 512x13 (103M),102643200,13,4,15,7,3,0.0007993648760020733,0.8600000143051147,1230.0
Gemstone-Models/Gemstone-512x13,Gemstone 512x13 (103M),102643200,13,4,15,8,0,0.005004225764423609,0.8600000143051147,1230.0
Gemstone-Models/Gemstone-512x13,Gemstone 512x13 (103M),102643200,13,4,15,8,1,0.004047591704875231,0.8600000143051147,1230.0
Gemstone-Models/Gemstone-512x13,Gemstone 512x13 (103M),102643200,13,4,15,8,2,0.00046602360089309514,0.8600000143051147,1230.0
Gemstone-Models/Gemstone-512x13,Gemstone 512x13 (103M),102643200,13,4,15,8,3,0.051955584436655045,0.8600000143051147,1230.0
Gemstone-Models/Gemstone-512x13,Gemstone 512x13 (103M),102643200,13,4,15,9,0,8.923883854095038e-09,0.8600000143051147,1230.0
Gemstone-Models/Gemstone-512x13,Gemstone 512x13 (103M),102643200,13,4,15,9,1,0.0002253644197480753,0.8600000143051147,1230.0
Gemstone-Models/Gemstone-512x13,Gemstone 512x13 (103M),102643200,13,4,15,9,2,0.0024994006380438805,0.8600000143051147,1230.0
Gemstone-Models/Gemstone-512x13,Gemstone 512x13 (103M),102643200,13,4,15,9,3,0.024815525859594345,0.8600000143051147,1230.0
Gemstone-Models/Gemstone-512x13,Gemstone 512x13 (103M),102643200,13,4,15,10,0,0.9175750613212585,0.8600000143051147,1230.0
Gemstone-Models/Gemstone-512x13,Gemstone 512x13 (103M),102643200,13,4,15,10,1,0.2673150599002838,0.8600000143051147,1230.0
Gemstone-Models/Gemstone-512x13,Gemstone 512x13 (103M),102643200,13,4,15,10,2,0.006772912573069334,0.8600000143051147,1230.0
Gemstone-Models/Gemstone-512x13,Gemstone 512x13 (103M),102643200,13,4,15,10,3,0.22695480287075043,0.8600000143051147,1230.0
Gemstone-Models/Gemstone-512x13,Gemstone 512x13 (103M),102643200,13,4,15,11,0,0.05499359965324402,0.8600000143051147,1230.0
Gemstone-Models/Gemstone-512x13,Gemstone 512x13 (103M),102643200,13,4,15,11,1,0.0725393071770668,0.8600000143051147,1230.0
Gemstone-Models/Gemstone-512x13,Gemstone 512x13 (103M),102643200,13,4,15,11,2,0.49316859245300293,0.8600000143051147,1230.0
Gemstone-Models/Gemstone-512x13,Gemstone 512x13 (103M),102643200,13,4,15,11,3,0.3807717263698578,0.8600000143051147,1230.0
Gemstone-Models/Gemstone-512x13,Gemstone 512x13 (103M),102643200,13,4,15,12,0,0.0044561224058270454,0.8600000143051147,1230.0
Gemstone-Models/Gemstone-512x13,Gemstone 512x13 (103M),102643200,13,4,15,12,1,0.0025369080249220133,0.8600000143051147,1230.0
Gemstone-Models/Gemstone-512x13,Gemstone 512x13 (103M),102643200,13,4,15,12,2,0.01859545148909092,0.8600000143051147,1230.0
Gemstone-Models/Gemstone-512x13,Gemstone 512x13 (103M),102643200,13,4,15,12,3,0.007670191116631031,0.8600000143051147,1230.0
Gemstone-Models/Gemstone-512x13,Gemstone 512x13 (103M),102643200,13,4,16,0,0,2.716773269639816e-05,0.6000000238418579,732.739990234375
Gemstone-Models/Gemstone-512x13,Gemstone 512x13 (103M),102643200,13,4,16,0,1,0.00408163433894515,0.6000000238418579,732.739990234375
Gemstone-Models/Gemstone-512x13,Gemstone 512x13 (103M),102643200,13,4,16,0,2,0.014694883488118649,0.6000000238418579,732.739990234375
Gemstone-Models/Gemstone-512x13,Gemstone 512x13 (103M),102643200,13,4,16,0,3,0.006543287076056004,0.6000000238418579,732.739990234375
Gemstone-Models/Gemstone-512x13,Gemstone 512x13 (103M),102643200,13,4,16,1,0,0.0007565798587165773,0.6000000238418579,732.739990234375
Gemstone-Models/Gemstone-512x13,Gemstone 512x13 (103M),102643200,13,4,16,1,1,0.00800737552344799,0.6000000238418579,732.739990234375
Gemstone-Models/Gemstone-512x13,Gemstone 512x13 (103M),102643200,13,4,16,1,2,0.00011481627734610811,0.6000000238418579,732.739990234375
Gemstone-Models/Gemstone-512x13,Gemstone 512x13 (103M),102643200,13,4,16,1,3,0.0016479300102218986,0.6000000238418579,732.739990234375
Gemstone-Models/Gemstone-512x13,Gemstone 512x13 (103M),102643200,13,4,16,2,0,0.009156877174973488,0.6000000238418579,732.739990234375
Gemstone-Models/Gemstone-512x13,Gemstone 512x13 (103M),102643200,13,4,16,2,1,0.0013356948038563132,0.6000000238418579,732.739990234375
Gemstone-Models/Gemstone-512x13,Gemstone 512x13 (103M),102643200,13,4,16,2,2,0.013392285443842411,0.6000000238418579,732.739990234375
Gemstone-Models/Gemstone-512x13,Gemstone 512x13 (103M),102643200,13,4,16,2,3,0.008556488901376724,0.6000000238418579,732.739990234375
Gemstone-Models/Gemstone-512x13,Gemstone 512x13 (103M),102643200,13,4,16,3,0,0.006503108888864517,0.6000000238418579,732.739990234375
Gemstone-Models/Gemstone-512x13,Gemstone 512x13 (103M),102643200,13,4,16,3,1,0.0004322746826801449,0.6000000238418579,732.739990234375
Gemstone-Models/Gemstone-512x13,Gemstone 512x13 (103M),102643200,13,4,16,3,2,0.005959788337349892,0.6000000238418579,732.739990234375
Gemstone-Models/Gemstone-512x13,Gemstone 512x13 (103M),102643200,13,4,16,3,3,0.011792524717748165,0.6000000238418579,732.739990234375
Gemstone-Models/Gemstone-512x13,Gemstone 512x13 (103M),102643200,13,4,16,4,0,0.024753358215093613,0.6000000238418579,732.739990234375
Gemstone-Models/Gemstone-512x13,Gemstone 512x13 (103M),102643200,13,4,16,4,1,0.004913232289254665,0.6000000238418579,732.739990234375
Gemstone-Models/Gemstone-512x13,Gemstone 512x13 (103M),102643200,13,4,16,4,2,0.009112617000937462,0.6000000238418579,732.739990234375
Gemstone-Models/Gemstone-512x13,Gemstone 512x13 (103M),102643200,13,4,16,4,3,0.001332600018940866,0.6000000238418579,732.739990234375
Gemstone-Models/Gemstone-512x13,Gemstone 512x13 (103M),102643200,13,4,16,5,0,0.009077634662389755,0.6000000238418579,732.739990234375
Gemstone-Models/Gemstone-512x13,Gemstone 512x13 (103M),102643200,13,4,16,5,1,0.015569142997264862,0.6000000238418579,732.739990234375
Gemstone-Models/Gemstone-512x13,Gemstone 512x13 (103M),102643200,13,4,16,5,2,4.5509983692682e-07,0.6000000238418579,732.739990234375
Gemstone-Models/Gemstone-512x13,Gemstone 512x13 (103M),102643200,13,4,16,5,3,0.00016855436842888594,0.6000000238418579,732.739990234375
Gemstone-Models/Gemstone-512x13,Gemstone 512x13 (103M),102643200,13,4,16,6,0,0.00031607827986590564,0.6000000238418579,732.739990234375
Gemstone-Models/Gemstone-512x13,Gemstone 512x13 (103M),102643200,13,4,16,6,1,0.8136669993400574,0.6000000238418579,732.739990234375
Gemstone-Models/Gemstone-512x13,Gemstone 512x13 (103M),102643200,13,4,16,6,2,0.00277036358602345,0.6000000238418579,732.739990234375
Gemstone-Models/Gemstone-512x13,Gemstone 512x13 (103M),102643200,13,4,16,6,3,0.0038615951780229807,0.6000000238418579,732.739990234375
Gemstone-Models/Gemstone-512x13,Gemstone 512x13 (103M),102643200,13,4,16,7,0,0.0017754886066541076,0.6000000238418579,732.739990234375
Gemstone-Models/Gemstone-512x13,Gemstone 512x13 (103M),102643200,13,4,16,7,1,8.969238842837512e-05,0.6000000238418579,732.739990234375
Gemstone-Models/Gemstone-512x13,Gemstone 512x13 (103M),102643200,13,4,16,7,2,0.0005995168467052281,0.6000000238418579,732.739990234375
Gemstone-Models/Gemstone-512x13,Gemstone 512x13 (103M),102643200,13,4,16,7,3,0.0003321475232951343,0.6000000238418579,732.739990234375
Gemstone-Models/Gemstone-512x13,Gemstone 512x13 (103M),102643200,13,4,16,8,0,0.0034123293589800596,0.6000000238418579,732.739990234375
Gemstone-Models/Gemstone-512x13,Gemstone 512x13 (103M),102643200,13,4,16,8,1,0.0048430366441607475,0.6000000238418579,732.739990234375
Gemstone-Models/Gemstone-512x13,Gemstone 512x13 (103M),102643200,13,4,16,8,2,0.0003767709422390908,0.6000000238418579,732.739990234375
Gemstone-Models/Gemstone-512x13,Gemstone 512x13 (103M),102643200,13,4,16,8,3,0.0393257699906826,0.6000000238418579,732.739990234375
Gemstone-Models/Gemstone-512x13,Gemstone 512x13 (103M),102643200,13,4,16,9,0,2.0052468130415946e-08,0.6000000238418579,732.739990234375
Gemstone-Models/Gemstone-512x13,Gemstone 512x13 (103M),102643200,13,4,16,9,1,0.00019556778715923429,0.6000000238418579,732.739990234375
Gemstone-Models/Gemstone-512x13,Gemstone 512x13 (103M),102643200,13,4,16,9,2,0.002870233030989766,0.6000000238418579,732.739990234375
Gemstone-Models/Gemstone-512x13,Gemstone 512x13 (103M),102643200,13,4,16,9,3,0.01385367289185524,0.6000000238418579,732.739990234375
Gemstone-Models/Gemstone-512x13,Gemstone 512x13 (103M),102643200,13,4,16,10,0,0.8400243520736694,0.6000000238418579,732.739990234375
Gemstone-Models/Gemstone-512x13,Gemstone 512x13 (103M),102643200,13,4,16,10,1,0.19898326694965363,0.6000000238418579,732.739990234375
Gemstone-Models/Gemstone-512x13,Gemstone 512x13 (103M),102643200,13,4,16,10,2,0.003997673746198416,0.6000000238418579,732.739990234375
Gemstone-Models/Gemstone-512x13,Gemstone 512x13 (103M),102643200,13,4,16,10,3,0.20676998794078827,0.6000000238418579,732.739990234375
Gemstone-Models/Gemstone-512x13,Gemstone 512x13 (103M),102643200,13,4,16,11,0,0.040620867162942886,0.6000000238418579,732.739990234375
Gemstone-Models/Gemstone-512x13,Gemstone 512x13 (103M),102643200,13,4,16,11,1,0.049444425851106644,0.6000000238418579,732.739990234375
Gemstone-Models/Gemstone-512x13,Gemstone 512x13 (103M),102643200,13,4,16,11,2,0.34268707036972046,0.6000000238418579,732.739990234375
Gemstone-Models/Gemstone-512x13,Gemstone 512x13 (103M),102643200,13,4,16,11,3,0.28779029846191406,0.6000000238418579,732.739990234375
Gemstone-Models/Gemstone-512x13,Gemstone 512x13 (103M),102643200,13,4,16,12,0,0.006390294060111046,0.6000000238418579,732.739990234375
Gemstone-Models/Gemstone-512x13,Gemstone 512x13 (103M),102643200,13,4,16,12,1,0.0029588318429887295,0.6000000238418579,732.739990234375
Gemstone-Models/Gemstone-512x13,Gemstone 512x13 (103M),102643200,13,4,16,12,2,0.01641155034303665,0.6000000238418579,732.739990234375
Gemstone-Models/Gemstone-512x13,Gemstone 512x13 (103M),102643200,13,4,16,12,3,0.008820174261927605,0.6000000238418579,732.739990234375
Gemstone-Models/Gemstone-512x13,Gemstone 512x13 (103M),102643200,13,4,17,0,0,0.0001073551393346861,0.3799999952316284,1111.1400146484375
Gemstone-Models/Gemstone-512x13,Gemstone 512x13 (103M),102643200,13,4,17,0,1,0.0036506864707916975,0.3799999952316284,1111.1400146484375
Gemstone-Models/Gemstone-512x13,Gemstone 512x13 (103M),102643200,13,4,17,0,2,0.014520646072924137,0.3799999952316284,1111.1400146484375
Gemstone-Models/Gemstone-512x13,Gemstone 512x13 (103M),102643200,13,4,17,0,3,0.0063417530618608,0.3799999952316284,1111.1400146484375
Gemstone-Models/Gemstone-512x13,Gemstone 512x13 (103M),102643200,13,4,17,1,0,0.0008040068787522614,0.3799999952316284,1111.1400146484375
Gemstone-Models/Gemstone-512x13,Gemstone 512x13 (103M),102643200,13,4,17,1,1,0.0062202042900025845,0.3799999952316284,1111.1400146484375
Gemstone-Models/Gemstone-512x13,Gemstone 512x13 (103M),102643200,13,4,17,1,2,0.0003559421456884593,0.3799999952316284,1111.1400146484375
Gemstone-Models/Gemstone-512x13,Gemstone 512x13 (103M),102643200,13,4,17,1,3,0.0037881601601839066,0.3799999952316284,1111.1400146484375
Gemstone-Models/Gemstone-512x13,Gemstone 512x13 (103M),102643200,13,4,17,2,0,0.008777669630944729,0.3799999952316284,1111.1400146484375
Gemstone-Models/Gemstone-512x13,Gemstone 512x13 (103M),102643200,13,4,17,2,1,0.001068584038875997,0.3799999952316284,1111.1400146484375
Gemstone-Models/Gemstone-512x13,Gemstone 512x13 (103M),102643200,13,4,17,2,2,0.009121645241975784,0.3799999952316284,1111.1400146484375
Gemstone-Models/Gemstone-512x13,Gemstone 512x13 (103M),102643200,13,4,17,2,3,0.005888199899345636,0.3799999952316284,1111.1400146484375
Gemstone-Models/Gemstone-512x13,Gemstone 512x13 (103M),102643200,13,4,17,3,0,0.0046205478720366955,0.3799999952316284,1111.1400146484375
Gemstone-Models/Gemstone-512x13,Gemstone 512x13 (103M),102643200,13,4,17,3,1,0.00034828027128241956,0.3799999952316284,1111.1400146484375
Gemstone-Models/Gemstone-512x13,Gemstone 512x13 (103M),102643200,13,4,17,3,2,0.006673930212855339,0.3799999952316284,1111.1400146484375
Gemstone-Models/Gemstone-512x13,Gemstone 512x13 (103M),102643200,13,4,17,3,3,0.009807760827243328,0.3799999952316284,1111.1400146484375
Gemstone-Models/Gemstone-512x13,Gemstone 512x13 (103M),102643200,13,4,17,4,0,0.018588703125715256,0.3799999952316284,1111.1400146484375
Gemstone-Models/Gemstone-512x13,Gemstone 512x13 (103M),102643200,13,4,17,4,1,0.0033901273272931576,0.3799999952316284,1111.1400146484375
Gemstone-Models/Gemstone-512x13,Gemstone 512x13 (103M),102643200,13,4,17,4,2,0.006887929979711771,0.3799999952316284,1111.1400146484375
Gemstone-Models/Gemstone-512x13,Gemstone 512x13 (103M),102643200,13,4,17,4,3,0.0011030243476852775,0.3799999952316284,1111.1400146484375
Gemstone-Models/Gemstone-512x13,Gemstone 512x13 (103M),102643200,13,4,17,5,0,0.006824886426329613,0.3799999952316284,1111.1400146484375
Gemstone-Models/Gemstone-512x13,Gemstone 512x13 (103M),102643200,13,4,17,5,1,0.012316315434873104,0.3799999952316284,1111.1400146484375
Gemstone-Models/Gemstone-512x13,Gemstone 512x13 (103M),102643200,13,4,17,5,2,3.136204327347514e-07,0.3799999952316284,1111.1400146484375
Gemstone-Models/Gemstone-512x13,Gemstone 512x13 (103M),102643200,13,4,17,5,3,0.00016998592764139175,0.3799999952316284,1111.1400146484375
Gemstone-Models/Gemstone-512x13,Gemstone 512x13 (103M),102643200,13,4,17,6,0,0.0003631283761933446,0.3799999952316284,1111.1400146484375
Gemstone-Models/Gemstone-512x13,Gemstone 512x13 (103M),102643200,13,4,17,6,1,0.7382814884185791,0.3799999952316284,1111.1400146484375
Gemstone-Models/Gemstone-512x13,Gemstone 512x13 (103M),102643200,13,4,17,6,2,0.004263950977474451,0.3799999952316284,1111.1400146484375
Gemstone-Models/Gemstone-512x13,Gemstone 512x13 (103M),102643200,13,4,17,6,3,0.003330839332193136,0.3799999952316284,1111.1400146484375
Gemstone-Models/Gemstone-512x13,Gemstone 512x13 (103M),102643200,13,4,17,7,0,0.0022334784734994173,0.3799999952316284,1111.1400146484375
Gemstone-Models/Gemstone-512x13,Gemstone 512x13 (103M),102643200,13,4,17,7,1,0.00011726999946404248,0.3799999952316284,1111.1400146484375
Gemstone-Models/Gemstone-512x13,Gemstone 512x13 (103M),102643200,13,4,17,7,2,0.0007591652683913708,0.3799999952316284,1111.1400146484375
Gemstone-Models/Gemstone-512x13,Gemstone 512x13 (103M),102643200,13,4,17,7,3,0.0006061271415092051,0.3799999952316284,1111.1400146484375
Gemstone-Models/Gemstone-512x13,Gemstone 512x13 (103M),102643200,13,4,17,8,0,0.0033588046208024025,0.3799999952316284,1111.1400146484375
Gemstone-Models/Gemstone-512x13,Gemstone 512x13 (103M),102643200,13,4,17,8,1,0.0036941959988325834,0.3799999952316284,1111.1400146484375
Gemstone-Models/Gemstone-512x13,Gemstone 512x13 (103M),102643200,13,4,17,8,2,0.0001845985825639218,0.3799999952316284,1111.1400146484375
Gemstone-Models/Gemstone-512x13,Gemstone 512x13 (103M),102643200,13,4,17,8,3,0.025908323004841805,0.3799999952316284,1111.1400146484375
Gemstone-Models/Gemstone-512x13,Gemstone 512x13 (103M),102643200,13,4,17,9,0,2.091203832321753e-08,0.3799999952316284,1111.1400146484375
Gemstone-Models/Gemstone-512x13,Gemstone 512x13 (103M),102643200,13,4,17,9,1,0.00020917371148243546,0.3799999952316284,1111.1400146484375
Gemstone-Models/Gemstone-512x13,Gemstone 512x13 (103M),102643200,13,4,17,9,2,0.0017012375174090266,0.3799999952316284,1111.1400146484375
Gemstone-Models/Gemstone-512x13,Gemstone 512x13 (103M),102643200,13,4,17,9,3,0.009976629167795181,0.3799999952316284,1111.1400146484375
Gemstone-Models/Gemstone-512x13,Gemstone 512x13 (103M),102643200,13,4,17,10,0,0.8616558313369751,0.3799999952316284,1111.1400146484375
Gemstone-Models/Gemstone-512x13,Gemstone 512x13 (103M),102643200,13,4,17,10,1,0.13668029010295868,0.3799999952316284,1111.1400146484375
Gemstone-Models/Gemstone-512x13,Gemstone 512x13 (103M),102643200,13,4,17,10,2,0.003180828643962741,0.3799999952316284,1111.1400146484375
Gemstone-Models/Gemstone-512x13,Gemstone 512x13 (103M),102643200,13,4,17,10,3,0.16772358119487762,0.3799999952316284,1111.1400146484375
Gemstone-Models/Gemstone-512x13,Gemstone 512x13 (103M),102643200,13,4,17,11,0,0.02497502975165844,0.3799999952316284,1111.1400146484375
Gemstone-Models/Gemstone-512x13,Gemstone 512x13 (103M),102643200,13,4,17,11,1,0.021962299942970276,0.3799999952316284,1111.1400146484375
Gemstone-Models/Gemstone-512x13,Gemstone 512x13 (103M),102643200,13,4,17,11,2,0.29926228523254395,0.3799999952316284,1111.1400146484375
Gemstone-Models/Gemstone-512x13,Gemstone 512x13 (103M),102643200,13,4,17,11,3,0.24678069353103638,0.3799999952316284,1111.1400146484375
Gemstone-Models/Gemstone-512x13,Gemstone 512x13 (103M),102643200,13,4,17,12,0,0.0034998739138245583,0.3799999952316284,1111.1400146484375
Gemstone-Models/Gemstone-512x13,Gemstone 512x13 (103M),102643200,13,4,17,12,1,0.0025687911547720432,0.3799999952316284,1111.1400146484375
Gemstone-Models/Gemstone-512x13,Gemstone 512x13 (103M),102643200,13,4,17,12,2,0.007646961137652397,0.3799999952316284,1111.1400146484375
Gemstone-Models/Gemstone-512x13,Gemstone 512x13 (103M),102643200,13,4,17,12,3,0.004776481539011002,0.3799999952316284,1111.1400146484375
Gemstone-Models/Gemstone-512x13,Gemstone 512x13 (103M),102643200,13,4,18,0,0,2.7753927497542463e-05,0.5400000214576721,55.86000061035156
Gemstone-Models/Gemstone-512x13,Gemstone 512x13 (103M),102643200,13,4,18,0,1,0.0031551653519272804,0.5400000214576721,55.86000061035156
Gemstone-Models/Gemstone-512x13,Gemstone 512x13 (103M),102643200,13,4,18,0,2,0.014122026972472668,0.5400000214576721,55.86000061035156
Gemstone-Models/Gemstone-512x13,Gemstone 512x13 (103M),102643200,13,4,18,0,3,0.006370216608047485,0.5400000214576721,55.86000061035156
Gemstone-Models/Gemstone-512x13,Gemstone 512x13 (103M),102643200,13,4,18,1,0,0.0007340440060943365,0.5400000214576721,55.86000061035156
Gemstone-Models/Gemstone-512x13,Gemstone 512x13 (103M),102643200,13,4,18,1,1,0.006770918145775795,0.5400000214576721,55.86000061035156
Gemstone-Models/Gemstone-512x13,Gemstone 512x13 (103M),102643200,13,4,18,1,2,0.00014204654144123197,0.5400000214576721,55.86000061035156
Gemstone-Models/Gemstone-512x13,Gemstone 512x13 (103M),102643200,13,4,18,1,3,0.0034232097677886486,0.5400000214576721,55.86000061035156
Gemstone-Models/Gemstone-512x13,Gemstone 512x13 (103M),102643200,13,4,18,2,0,0.009048834443092346,0.5400000214576721,55.86000061035156
Gemstone-Models/Gemstone-512x13,Gemstone 512x13 (103M),102643200,13,4,18,2,1,0.00160300696734339,0.5400000214576721,55.86000061035156
Gemstone-Models/Gemstone-512x13,Gemstone 512x13 (103M),102643200,13,4,18,2,2,0.007273754570633173,0.5400000214576721,55.86000061035156
Gemstone-Models/Gemstone-512x13,Gemstone 512x13 (103M),102643200,13,4,18,2,3,0.006408029235899448,0.5400000214576721,55.86000061035156
Gemstone-Models/Gemstone-512x13,Gemstone 512x13 (103M),102643200,13,4,18,3,0,0.005203119944781065,0.5400000214576721,55.86000061035156
Gemstone-Models/Gemstone-512x13,Gemstone 512x13 (103M),102643200,13,4,18,3,1,0.0003667122800834477,0.5400000214576721,55.86000061035156
Gemstone-Models/Gemstone-512x13,Gemstone 512x13 (103M),102643200,13,4,18,3,2,0.004843364469707012,0.5400000214576721,55.86000061035156
Gemstone-Models/Gemstone-512x13,Gemstone 512x13 (103M),102643200,13,4,18,3,3,0.009373593144118786,0.5400000214576721,55.86000061035156
Gemstone-Models/Gemstone-512x13,Gemstone 512x13 (103M),102643200,13,4,18,4,0,0.015689797699451447,0.5400000214576721,55.86000061035156
Gemstone-Models/Gemstone-512x13,Gemstone 512x13 (103M),102643200,13,4,18,4,1,0.0038665970787405968,0.5400000214576721,55.86000061035156
Gemstone-Models/Gemstone-512x13,Gemstone 512x13 (103M),102643200,13,4,18,4,2,0.007932637818157673,0.5400000214576721,55.86000061035156
Gemstone-Models/Gemstone-512x13,Gemstone 512x13 (103M),102643200,13,4,18,4,3,0.001613066648133099,0.5400000214576721,55.86000061035156
Gemstone-Models/Gemstone-512x13,Gemstone 512x13 (103M),102643200,13,4,18,5,0,0.009855113923549652,0.5400000214576721,55.86000061035156
Gemstone-Models/Gemstone-512x13,Gemstone 512x13 (103M),102643200,13,4,18,5,1,0.013552818447351456,0.5400000214576721,55.86000061035156
Gemstone-Models/Gemstone-512x13,Gemstone 512x13 (103M),102643200,13,4,18,5,2,8.165876579369069e-07,0.5400000214576721,55.86000061035156
Gemstone-Models/Gemstone-512x13,Gemstone 512x13 (103M),102643200,13,4,18,5,3,0.0001670907367952168,0.5400000214576721,55.86000061035156
Gemstone-Models/Gemstone-512x13,Gemstone 512x13 (103M),102643200,13,4,18,6,0,0.0002929425972979516,0.5400000214576721,55.86000061035156
Gemstone-Models/Gemstone-512x13,Gemstone 512x13 (103M),102643200,13,4,18,6,1,0.8099324107170105,0.5400000214576721,55.86000061035156
Gemstone-Models/Gemstone-512x13,Gemstone 512x13 (103M),102643200,13,4,18,6,2,0.004469515755772591,0.5400000214576721,55.86000061035156
Gemstone-Models/Gemstone-512x13,Gemstone 512x13 (103M),102643200,13,4,18,6,3,0.0035938203800469637,0.5400000214576721,55.86000061035156
Gemstone-Models/Gemstone-512x13,Gemstone 512x13 (103M),102643200,13,4,18,7,0,0.0016883894568309188,0.5400000214576721,55.86000061035156
Gemstone-Models/Gemstone-512x13,Gemstone 512x13 (103M),102643200,13,4,18,7,1,9.678736387286335e-05,0.5400000214576721,55.86000061035156
Gemstone-Models/Gemstone-512x13,Gemstone 512x13 (103M),102643200,13,4,18,7,2,0.0005209783557802439,0.5400000214576721,55.86000061035156
Gemstone-Models/Gemstone-512x13,Gemstone 512x13 (103M),102643200,13,4,18,7,3,0.0004454752488527447,0.5400000214576721,55.86000061035156
Gemstone-Models/Gemstone-512x13,Gemstone 512x13 (103M),102643200,13,4,18,8,0,0.0027121277526021004,0.5400000214576721,55.86000061035156
Gemstone-Models/Gemstone-512x13,Gemstone 512x13 (103M),102643200,13,4,18,8,1,0.0032392474822700024,0.5400000214576721,55.86000061035156
Gemstone-Models/Gemstone-512x13,Gemstone 512x13 (103M),102643200,13,4,18,8,2,0.0002642979961819947,0.5400000214576721,55.86000061035156
Gemstone-Models/Gemstone-512x13,Gemstone 512x13 (103M),102643200,13,4,18,8,3,0.034105535596609116,0.5400000214576721,55.86000061035156
Gemstone-Models/Gemstone-512x13,Gemstone 512x13 (103M),102643200,13,4,18,9,0,1.6043065542703516e-08,0.5400000214576721,55.86000061035156
Gemstone-Models/Gemstone-512x13,Gemstone 512x13 (103M),102643200,13,4,18,9,1,0.00017671591194812208,0.5400000214576721,55.86000061035156
Gemstone-Models/Gemstone-512x13,Gemstone 512x13 (103M),102643200,13,4,18,9,2,0.0017872261814773083,0.5400000214576721,55.86000061035156
Gemstone-Models/Gemstone-512x13,Gemstone 512x13 (103M),102643200,13,4,18,9,3,0.012884792871773243,0.5400000214576721,55.86000061035156
Gemstone-Models/Gemstone-512x13,Gemstone 512x13 (103M),102643200,13,4,18,10,0,0.8797791004180908,0.5400000214576721,55.86000061035156
Gemstone-Models/Gemstone-512x13,Gemstone 512x13 (103M),102643200,13,4,18,10,1,0.18330934643745422,0.5400000214576721,55.86000061035156
Gemstone-Models/Gemstone-512x13,Gemstone 512x13 (103M),102643200,13,4,18,10,2,0.003426553914323449,0.5400000214576721,55.86000061035156
Gemstone-Models/Gemstone-512x13,Gemstone 512x13 (103M),102643200,13,4,18,10,3,0.2421521246433258,0.5400000214576721,55.86000061035156
Gemstone-Models/Gemstone-512x13,Gemstone 512x13 (103M),102643200,13,4,18,11,0,0.03815709799528122,0.5400000214576721,55.86000061035156
Gemstone-Models/Gemstone-512x13,Gemstone 512x13 (103M),102643200,13,4,18,11,1,0.0393943227827549,0.5400000214576721,55.86000061035156
Gemstone-Models/Gemstone-512x13,Gemstone 512x13 (103M),102643200,13,4,18,11,2,0.42386385798454285,0.5400000214576721,55.86000061035156
Gemstone-Models/Gemstone-512x13,Gemstone 512x13 (103M),102643200,13,4,18,11,3,0.3080739676952362,0.5400000214576721,55.86000061035156
Gemstone-Models/Gemstone-512x13,Gemstone 512x13 (103M),102643200,13,4,18,12,0,0.0033580728340893984,0.5400000214576721,55.86000061035156
Gemstone-Models/Gemstone-512x13,Gemstone 512x13 (103M),102643200,13,4,18,12,1,0.0019526950782164931,0.5400000214576721,55.86000061035156
Gemstone-Models/Gemstone-512x13,Gemstone 512x13 (103M),102643200,13,4,18,12,2,0.009412585757672787,0.5400000214576721,55.86000061035156
Gemstone-Models/Gemstone-512x13,Gemstone 512x13 (103M),102643200,13,4,18,12,3,0.005840094294399023,0.5400000214576721,55.86000061035156
Gemstone-Models/Gemstone-512x13,Gemstone 512x13 (103M),102643200,13,4,19,0,0,4.0867525967769325e-05,0.46000000834465027,441.1600036621094
Gemstone-Models/Gemstone-512x13,Gemstone 512x13 (103M),102643200,13,4,19,0,1,0.0027738737408071756,0.46000000834465027,441.1600036621094
Gemstone-Models/Gemstone-512x13,Gemstone 512x13 (103M),102643200,13,4,19,0,2,0.017697423696517944,0.46000000834465027,441.1600036621094
Gemstone-Models/Gemstone-512x13,Gemstone 512x13 (103M),102643200,13,4,19,0,3,0.006789652165025473,0.46000000834465027,441.1600036621094
Gemstone-Models/Gemstone-512x13,Gemstone 512x13 (103M),102643200,13,4,19,1,0,0.0008159583667293191,0.46000000834465027,441.1600036621094
Gemstone-Models/Gemstone-512x13,Gemstone 512x13 (103M),102643200,13,4,19,1,1,0.007138407323509455,0.46000000834465027,441.1600036621094
Gemstone-Models/Gemstone-512x13,Gemstone 512x13 (103M),102643200,13,4,19,1,2,0.00012040061847073957,0.46000000834465027,441.1600036621094
Gemstone-Models/Gemstone-512x13,Gemstone 512x13 (103M),102643200,13,4,19,1,3,0.0012497493298724294,0.46000000834465027,441.1600036621094
Gemstone-Models/Gemstone-512x13,Gemstone 512x13 (103M),102643200,13,4,19,2,0,0.006780935451388359,0.46000000834465027,441.1600036621094
Gemstone-Models/Gemstone-512x13,Gemstone 512x13 (103M),102643200,13,4,19,2,1,0.0012712357565760612,0.46000000834465027,441.1600036621094
Gemstone-Models/Gemstone-512x13,Gemstone 512x13 (103M),102643200,13,4,19,2,2,0.008425639010965824,0.46000000834465027,441.1600036621094
Gemstone-Models/Gemstone-512x13,Gemstone 512x13 (103M),102643200,13,4,19,2,3,0.00930818822234869,0.46000000834465027,441.1600036621094
Gemstone-Models/Gemstone-512x13,Gemstone 512x13 (103M),102643200,13,4,19,3,0,0.004529385361820459,0.46000000834465027,441.1600036621094
Gemstone-Models/Gemstone-512x13,Gemstone 512x13 (103M),102643200,13,4,19,3,1,0.0004065808025188744,0.46000000834465027,441.1600036621094
Gemstone-Models/Gemstone-512x13,Gemstone 512x13 (103M),102643200,13,4,19,3,2,0.006888395640999079,0.46000000834465027,441.1600036621094
Gemstone-Models/Gemstone-512x13,Gemstone 512x13 (103M),102643200,13,4,19,3,3,0.008959054946899414,0.46000000834465027,441.1600036621094
Gemstone-Models/Gemstone-512x13,Gemstone 512x13 (103M),102643200,13,4,19,4,0,0.018328877165913582,0.46000000834465027,441.1600036621094
Gemstone-Models/Gemstone-512x13,Gemstone 512x13 (103M),102643200,13,4,19,4,1,0.003488424699753523,0.46000000834465027,441.1600036621094
Gemstone-Models/Gemstone-512x13,Gemstone 512x13 (103M),102643200,13,4,19,4,2,0.008282230235636234,0.46000000834465027,441.1600036621094
Gemstone-Models/Gemstone-512x13,Gemstone 512x13 (103M),102643200,13,4,19,4,3,0.0006549789104610682,0.46000000834465027,441.1600036621094
Gemstone-Models/Gemstone-512x13,Gemstone 512x13 (103M),102643200,13,4,19,5,0,0.010239631868898869,0.46000000834465027,441.1600036621094
Gemstone-Models/Gemstone-512x13,Gemstone 512x13 (103M),102643200,13,4,19,5,1,0.014416511170566082,0.46000000834465027,441.1600036621094
Gemstone-Models/Gemstone-512x13,Gemstone 512x13 (103M),102643200,13,4,19,5,2,5.707313448510831e-07,0.46000000834465027,441.1600036621094
Gemstone-Models/Gemstone-512x13,Gemstone 512x13 (103M),102643200,13,4,19,5,3,9.444802708458155e-05,0.46000000834465027,441.1600036621094
Gemstone-Models/Gemstone-512x13,Gemstone 512x13 (103M),102643200,13,4,19,6,0,0.0003926327044609934,0.46000000834465027,441.1600036621094
Gemstone-Models/Gemstone-512x13,Gemstone 512x13 (103M),102643200,13,4,19,6,1,0.8306512236595154,0.46000000834465027,441.1600036621094
Gemstone-Models/Gemstone-512x13,Gemstone 512x13 (103M),102643200,13,4,19,6,2,0.002559928921982646,0.46000000834465027,441.1600036621094
Gemstone-Models/Gemstone-512x13,Gemstone 512x13 (103M),102643200,13,4,19,6,3,0.0036021985579282045,0.46000000834465027,441.1600036621094
Gemstone-Models/Gemstone-512x13,Gemstone 512x13 (103M),102643200,13,4,19,7,0,0.0013690587365999818,0.46000000834465027,441.1600036621094
Gemstone-Models/Gemstone-512x13,Gemstone 512x13 (103M),102643200,13,4,19,7,1,5.9204805438639596e-05,0.46000000834465027,441.1600036621094
Gemstone-Models/Gemstone-512x13,Gemstone 512x13 (103M),102643200,13,4,19,7,2,0.0005233180127106607,0.46000000834465027,441.1600036621094
Gemstone-Models/Gemstone-512x13,Gemstone 512x13 (103M),102643200,13,4,19,7,3,0.0003505677741486579,0.46000000834465027,441.1600036621094
Gemstone-Models/Gemstone-512x13,Gemstone 512x13 (103M),102643200,13,4,19,8,0,0.003938453737646341,0.46000000834465027,441.1600036621094
Gemstone-Models/Gemstone-512x13,Gemstone 512x13 (103M),102643200,13,4,19,8,1,0.004786381963640451,0.46000000834465027,441.1600036621094
Gemstone-Models/Gemstone-512x13,Gemstone 512x13 (103M),102643200,13,4,19,8,2,0.00022670149337500334,0.46000000834465027,441.1600036621094
Gemstone-Models/Gemstone-512x13,Gemstone 512x13 (103M),102643200,13,4,19,8,3,0.03386543691158295,0.46000000834465027,441.1600036621094
Gemstone-Models/Gemstone-512x13,Gemstone 512x13 (103M),102643200,13,4,19,9,0,9.097328224072498e-09,0.46000000834465027,441.1600036621094
Gemstone-Models/Gemstone-512x13,Gemstone 512x13 (103M),102643200,13,4,19,9,1,0.00016233943460974842,0.46000000834465027,441.1600036621094
Gemstone-Models/Gemstone-512x13,Gemstone 512x13 (103M),102643200,13,4,19,9,2,0.001967222662642598,0.46000000834465027,441.1600036621094
Gemstone-Models/Gemstone-512x13,Gemstone 512x13 (103M),102643200,13,4,19,9,3,0.01101757399737835,0.46000000834465027,441.1600036621094
Gemstone-Models/Gemstone-512x13,Gemstone 512x13 (103M),102643200,13,4,19,10,0,0.8522971868515015,0.46000000834465027,441.1600036621094
Gemstone-Models/Gemstone-512x13,Gemstone 512x13 (103M),102643200,13,4,19,10,1,0.212489515542984,0.46000000834465027,441.1600036621094
Gemstone-Models/Gemstone-512x13,Gemstone 512x13 (103M),102643200,13,4,19,10,2,0.004361446481198072,0.46000000834465027,441.1600036621094
Gemstone-Models/Gemstone-512x13,Gemstone 512x13 (103M),102643200,13,4,19,10,3,0.24726974964141846,0.46000000834465027,441.1600036621094
Gemstone-Models/Gemstone-512x13,Gemstone 512x13 (103M),102643200,13,4,19,11,0,0.04338770732283592,0.46000000834465027,441.1600036621094
Gemstone-Models/Gemstone-512x13,Gemstone 512x13 (103M),102643200,13,4,19,11,1,0.048798151314258575,0.46000000834465027,441.1600036621094
Gemstone-Models/Gemstone-512x13,Gemstone 512x13 (103M),102643200,13,4,19,11,2,0.30996790528297424,0.46000000834465027,441.1600036621094
Gemstone-Models/Gemstone-512x13,Gemstone 512x13 (103M),102643200,13,4,19,11,3,0.2565769851207733,0.46000000834465027,441.1600036621094
Gemstone-Models/Gemstone-512x13,Gemstone 512x13 (103M),102643200,13,4,19,12,0,0.0031087237875908613,0.46000000834465027,441.1600036621094
Gemstone-Models/Gemstone-512x13,Gemstone 512x13 (103M),102643200,13,4,19,12,1,0.0027960946317762136,0.46000000834465027,441.1600036621094
Gemstone-Models/Gemstone-512x13,Gemstone 512x13 (103M),102643200,13,4,19,12,2,0.008730089291930199,0.46000000834465027,441.1600036621094
Gemstone-Models/Gemstone-512x13,Gemstone 512x13 (103M),102643200,13,4,19,12,3,0.00685243122279644,0.46000000834465027,441.1600036621094
Gemstone-Models/Gemstone-512x13,Gemstone 512x13 (103M),102643200,13,4,20,0,0,5.497272650245577e-05,0.7400000095367432,162.6999969482422
Gemstone-Models/Gemstone-512x13,Gemstone 512x13 (103M),102643200,13,4,20,0,1,0.003082082374021411,0.7400000095367432,162.6999969482422
Gemstone-Models/Gemstone-512x13,Gemstone 512x13 (103M),102643200,13,4,20,0,2,0.01447200682014227,0.7400000095367432,162.6999969482422
Gemstone-Models/Gemstone-512x13,Gemstone 512x13 (103M),102643200,13,4,20,0,3,0.007842052727937698,0.7400000095367432,162.6999969482422
Gemstone-Models/Gemstone-512x13,Gemstone 512x13 (103M),102643200,13,4,20,1,0,0.0006564150098711252,0.7400000095367432,162.6999969482422
Gemstone-Models/Gemstone-512x13,Gemstone 512x13 (103M),102643200,13,4,20,1,1,0.007925867103040218,0.7400000095367432,162.6999969482422
Gemstone-Models/Gemstone-512x13,Gemstone 512x13 (103M),102643200,13,4,20,1,2,0.0023278549779206514,0.7400000095367432,162.6999969482422
Gemstone-Models/Gemstone-512x13,Gemstone 512x13 (103M),102643200,13,4,20,1,3,0.001572326524183154,0.7400000095367432,162.6999969482422
Gemstone-Models/Gemstone-512x13,Gemstone 512x13 (103M),102643200,13,4,20,2,0,0.008450504392385483,0.7400000095367432,162.6999969482422
Gemstone-Models/Gemstone-512x13,Gemstone 512x13 (103M),102643200,13,4,20,2,1,0.001771683688275516,0.7400000095367432,162.6999969482422
Gemstone-Models/Gemstone-512x13,Gemstone 512x13 (103M),102643200,13,4,20,2,2,0.00859740935266018,0.7400000095367432,162.6999969482422
Gemstone-Models/Gemstone-512x13,Gemstone 512x13 (103M),102643200,13,4,20,2,3,0.009270980022847652,0.7400000095367432,162.6999969482422
Gemstone-Models/Gemstone-512x13,Gemstone 512x13 (103M),102643200,13,4,20,3,0,0.007407208904623985,0.7400000095367432,162.6999969482422
Gemstone-Models/Gemstone-512x13,Gemstone 512x13 (103M),102643200,13,4,20,3,1,0.0004029291740152985,0.7400000095367432,162.6999969482422
Gemstone-Models/Gemstone-512x13,Gemstone 512x13 (103M),102643200,13,4,20,3,2,0.008132201619446278,0.7400000095367432,162.6999969482422
Gemstone-Models/Gemstone-512x13,Gemstone 512x13 (103M),102643200,13,4,20,3,3,0.008294200524687767,0.7400000095367432,162.6999969482422
Gemstone-Models/Gemstone-512x13,Gemstone 512x13 (103M),102643200,13,4,20,4,0,0.015486134216189384,0.7400000095367432,162.6999969482422
Gemstone-Models/Gemstone-512x13,Gemstone 512x13 (103M),102643200,13,4,20,4,1,0.004597810097038746,0.7400000095367432,162.6999969482422
Gemstone-Models/Gemstone-512x13,Gemstone 512x13 (103M),102643200,13,4,20,4,2,0.008502780459821224,0.7400000095367432,162.6999969482422
Gemstone-Models/Gemstone-512x13,Gemstone 512x13 (103M),102643200,13,4,20,4,3,0.0011847710702568293,0.7400000095367432,162.6999969482422
Gemstone-Models/Gemstone-512x13,Gemstone 512x13 (103M),102643200,13,4,20,5,0,0.006504738237708807,0.7400000095367432,162.6999969482422
Gemstone-Models/Gemstone-512x13,Gemstone 512x13 (103M),102643200,13,4,20,5,1,0.011876544915139675,0.7400000095367432,162.6999969482422
Gemstone-Models/Gemstone-512x13,Gemstone 512x13 (103M),102643200,13,4,20,5,2,1.4395581615644915e-07,0.7400000095367432,162.6999969482422
Gemstone-Models/Gemstone-512x13,Gemstone 512x13 (103M),102643200,13,4,20,5,3,7.40109826438129e-05,0.7400000095367432,162.6999969482422
Gemstone-Models/Gemstone-512x13,Gemstone 512x13 (103M),102643200,13,4,20,6,0,0.00042793567990884185,0.7400000095367432,162.6999969482422
Gemstone-Models/Gemstone-512x13,Gemstone 512x13 (103M),102643200,13,4,20,6,1,0.8031785488128662,0.7400000095367432,162.6999969482422
Gemstone-Models/Gemstone-512x13,Gemstone 512x13 (103M),102643200,13,4,20,6,2,0.003190285060554743,0.7400000095367432,162.6999969482422
Gemstone-Models/Gemstone-512x13,Gemstone 512x13 (103M),102643200,13,4,20,6,3,0.00355483777821064,0.7400000095367432,162.6999969482422
Gemstone-Models/Gemstone-512x13,Gemstone 512x13 (103M),102643200,13,4,20,7,0,0.0021692709997296333,0.7400000095367432,162.6999969482422
Gemstone-Models/Gemstone-512x13,Gemstone 512x13 (103M),102643200,13,4,20,7,1,0.00012041597801726311,0.7400000095367432,162.6999969482422
Gemstone-Models/Gemstone-512x13,Gemstone 512x13 (103M),102643200,13,4,20,7,2,0.0005509869661182165,0.7400000095367432,162.6999969482422
Gemstone-Models/Gemstone-512x13,Gemstone 512x13 (103M),102643200,13,4,20,7,3,0.00038365781074389815,0.7400000095367432,162.6999969482422
Gemstone-Models/Gemstone-512x13,Gemstone 512x13 (103M),102643200,13,4,20,8,0,0.001777159865014255,0.7400000095367432,162.6999969482422
Gemstone-Models/Gemstone-512x13,Gemstone 512x13 (103M),102643200,13,4,20,8,1,0.003219899022951722,0.7400000095367432,162.6999969482422
Gemstone-Models/Gemstone-512x13,Gemstone 512x13 (103M),102643200,13,4,20,8,2,0.00032480285153724253,0.7400000095367432,162.6999969482422
Gemstone-Models/Gemstone-512x13,Gemstone 512x13 (103M),102643200,13,4,20,8,3,0.025308122858405113,0.7400000095367432,162.6999969482422
Gemstone-Models/Gemstone-512x13,Gemstone 512x13 (103M),102643200,13,4,20,9,0,1.0075050127511531e-08,0.7400000095367432,162.6999969482422
Gemstone-Models/Gemstone-512x13,Gemstone 512x13 (103M),102643200,13,4,20,9,1,0.00014076693332754076,0.7400000095367432,162.6999969482422
Gemstone-Models/Gemstone-512x13,Gemstone 512x13 (103M),102643200,13,4,20,9,2,0.002214776584878564,0.7400000095367432,162.6999969482422
Gemstone-Models/Gemstone-512x13,Gemstone 512x13 (103M),102643200,13,4,20,9,3,0.013211342506110668,0.7400000095367432,162.6999969482422
Gemstone-Models/Gemstone-512x13,Gemstone 512x13 (103M),102643200,13,4,20,10,0,0.8853223919868469,0.7400000095367432,162.6999969482422
Gemstone-Models/Gemstone-512x13,Gemstone 512x13 (103M),102643200,13,4,20,10,1,0.17884708940982819,0.7400000095367432,162.6999969482422
Gemstone-Models/Gemstone-512x13,Gemstone 512x13 (103M),102643200,13,4,20,10,2,0.004227345809340477,0.7400000095367432,162.6999969482422
Gemstone-Models/Gemstone-512x13,Gemstone 512x13 (103M),102643200,13,4,20,10,3,0.15472173690795898,0.7400000095367432,162.6999969482422
Gemstone-Models/Gemstone-512x13,Gemstone 512x13 (103M),102643200,13,4,20,11,0,0.04385064169764519,0.7400000095367432,162.6999969482422
Gemstone-Models/Gemstone-512x13,Gemstone 512x13 (103M),102643200,13,4,20,11,1,0.04584678262472153,0.7400000095367432,162.6999969482422
Gemstone-Models/Gemstone-512x13,Gemstone 512x13 (103M),102643200,13,4,20,11,2,0.42306801676750183,0.7400000095367432,162.6999969482422
Gemstone-Models/Gemstone-512x13,Gemstone 512x13 (103M),102643200,13,4,20,11,3,0.3243488073348999,0.7400000095367432,162.6999969482422
Gemstone-Models/Gemstone-512x13,Gemstone 512x13 (103M),102643200,13,4,20,12,0,0.004493283107876778,0.7400000095367432,162.6999969482422
Gemstone-Models/Gemstone-512x13,Gemstone 512x13 (103M),102643200,13,4,20,12,1,0.0012987330555915833,0.7400000095367432,162.6999969482422
Gemstone-Models/Gemstone-512x13,Gemstone 512x13 (103M),102643200,13,4,20,12,2,0.014878649264574051,0.7400000095367432,162.6999969482422
Gemstone-Models/Gemstone-512x13,Gemstone 512x13 (103M),102643200,13,4,20,12,3,0.006295918021351099,0.7400000095367432,162.6999969482422
Gemstone-Models/Gemstone-512x13,Gemstone 512x13 (103M),102643200,13,4,21,0,0,6.367568130372092e-05,0.6399999856948853,359.4800109863281
Gemstone-Models/Gemstone-512x13,Gemstone 512x13 (103M),102643200,13,4,21,0,1,0.003357050009071827,0.6399999856948853,359.4800109863281
Gemstone-Models/Gemstone-512x13,Gemstone 512x13 (103M),102643200,13,4,21,0,2,0.01468489971011877,0.6399999856948853,359.4800109863281
Gemstone-Models/Gemstone-512x13,Gemstone 512x13 (103M),102643200,13,4,21,0,3,0.007237044163048267,0.6399999856948853,359.4800109863281
Gemstone-Models/Gemstone-512x13,Gemstone 512x13 (103M),102643200,13,4,21,1,0,0.001220470992848277,0.6399999856948853,359.4800109863281
Gemstone-Models/Gemstone-512x13,Gemstone 512x13 (103M),102643200,13,4,21,1,1,0.013402729295194149,0.6399999856948853,359.4800109863281
Gemstone-Models/Gemstone-512x13,Gemstone 512x13 (103M),102643200,13,4,21,1,2,0.00016234099166467786,0.6399999856948853,359.4800109863281
Gemstone-Models/Gemstone-512x13,Gemstone 512x13 (103M),102643200,13,4,21,1,3,0.0009194324375130236,0.6399999856948853,359.4800109863281
Gemstone-Models/Gemstone-512x13,Gemstone 512x13 (103M),102643200,13,4,21,2,0,0.009742014110088348,0.6399999856948853,359.4800109863281
Gemstone-Models/Gemstone-512x13,Gemstone 512x13 (103M),102643200,13,4,21,2,1,0.0016390318050980568,0.6399999856948853,359.4800109863281
Gemstone-Models/Gemstone-512x13,Gemstone 512x13 (103M),102643200,13,4,21,2,2,0.021004492416977882,0.6399999856948853,359.4800109863281
Gemstone-Models/Gemstone-512x13,Gemstone 512x13 (103M),102643200,13,4,21,2,3,0.0060523496940732,0.6399999856948853,359.4800109863281
Gemstone-Models/Gemstone-512x13,Gemstone 512x13 (103M),102643200,13,4,21,3,0,0.004445482976734638,0.6399999856948853,359.4800109863281
Gemstone-Models/Gemstone-512x13,Gemstone 512x13 (103M),102643200,13,4,21,3,1,0.0008788311970420182,0.6399999856948853,359.4800109863281
Gemstone-Models/Gemstone-512x13,Gemstone 512x13 (103M),102643200,13,4,21,3,2,0.005264794919639826,0.6399999856948853,359.4800109863281
Gemstone-Models/Gemstone-512x13,Gemstone 512x13 (103M),102643200,13,4,21,3,3,0.008896139450371265,0.6399999856948853,359.4800109863281
Gemstone-Models/Gemstone-512x13,Gemstone 512x13 (103M),102643200,13,4,21,4,0,0.017925502732396126,0.6399999856948853,359.4800109863281
Gemstone-Models/Gemstone-512x13,Gemstone 512x13 (103M),102643200,13,4,21,4,1,0.006726669147610664,0.6399999856948853,359.4800109863281
Gemstone-Models/Gemstone-512x13,Gemstone 512x13 (103M),102643200,13,4,21,4,2,0.012201685458421707,0.6399999856948853,359.4800109863281
Gemstone-Models/Gemstone-512x13,Gemstone 512x13 (103M),102643200,13,4,21,4,3,0.0018828983884304762,0.6399999856948853,359.4800109863281
Gemstone-Models/Gemstone-512x13,Gemstone 512x13 (103M),102643200,13,4,21,5,0,0.010050909593701363,0.6399999856948853,359.4800109863281
Gemstone-Models/Gemstone-512x13,Gemstone 512x13 (103M),102643200,13,4,21,5,1,0.01308746449649334,0.6399999856948853,359.4800109863281
Gemstone-Models/Gemstone-512x13,Gemstone 512x13 (103M),102643200,13,4,21,5,2,1.0815647328854539e-06,0.6399999856948853,359.4800109863281
Gemstone-Models/Gemstone-512x13,Gemstone 512x13 (103M),102643200,13,4,21,5,3,0.00028498342726379633,0.6399999856948853,359.4800109863281
Gemstone-Models/Gemstone-512x13,Gemstone 512x13 (103M),102643200,13,4,21,6,0,0.00036112830275669694,0.6399999856948853,359.4800109863281
Gemstone-Models/Gemstone-512x13,Gemstone 512x13 (103M),102643200,13,4,21,6,1,0.8033871650695801,0.6399999856948853,359.4800109863281
Gemstone-Models/Gemstone-512x13,Gemstone 512x13 (103M),102643200,13,4,21,6,2,0.004908785689622164,0.6399999856948853,359.4800109863281
Gemstone-Models/Gemstone-512x13,Gemstone 512x13 (103M),102643200,13,4,21,6,3,0.004791976418346167,0.6399999856948853,359.4800109863281
Gemstone-Models/Gemstone-512x13,Gemstone 512x13 (103M),102643200,13,4,21,7,0,0.0020614461973309517,0.6399999856948853,359.4800109863281
Gemstone-Models/Gemstone-512x13,Gemstone 512x13 (103M),102643200,13,4,21,7,1,0.0001342712639598176,0.6399999856948853,359.4800109863281
Gemstone-Models/Gemstone-512x13,Gemstone 512x13 (103M),102643200,13,4,21,7,2,0.0006683648098260164,0.6399999856948853,359.4800109863281
Gemstone-Models/Gemstone-512x13,Gemstone 512x13 (103M),102643200,13,4,21,7,3,0.0005801235092803836,0.6399999856948853,359.4800109863281
Gemstone-Models/Gemstone-512x13,Gemstone 512x13 (103M),102643200,13,4,21,8,0,0.002240903675556183,0.6399999856948853,359.4800109863281
Gemstone-Models/Gemstone-512x13,Gemstone 512x13 (103M),102643200,13,4,21,8,1,0.0022868774831295013,0.6399999856948853,359.4800109863281
Gemstone-Models/Gemstone-512x13,Gemstone 512x13 (103M),102643200,13,4,21,8,2,0.0004211961349938065,0.6399999856948853,359.4800109863281
Gemstone-Models/Gemstone-512x13,Gemstone 512x13 (103M),102643200,13,4,21,8,3,0.028108803555369377,0.6399999856948853,359.4800109863281
Gemstone-Models/Gemstone-512x13,Gemstone 512x13 (103M),102643200,13,4,21,9,0,5.190883811678759e-08,0.6399999856948853,359.4800109863281
Gemstone-Models/Gemstone-512x13,Gemstone 512x13 (103M),102643200,13,4,21,9,1,0.0002523084986023605,0.6399999856948853,359.4800109863281
Gemstone-Models/Gemstone-512x13,Gemstone 512x13 (103M),102643200,13,4,21,9,2,0.002120149089023471,0.6399999856948853,359.4800109863281
Gemstone-Models/Gemstone-512x13,Gemstone 512x13 (103M),102643200,13,4,21,9,3,0.01565854623913765,0.6399999856948853,359.4800109863281
Gemstone-Models/Gemstone-512x13,Gemstone 512x13 (103M),102643200,13,4,21,10,0,0.9250560998916626,0.6399999856948853,359.4800109863281
Gemstone-Models/Gemstone-512x13,Gemstone 512x13 (103M),102643200,13,4,21,10,1,0.278064489364624,0.6399999856948853,359.4800109863281
Gemstone-Models/Gemstone-512x13,Gemstone 512x13 (103M),102643200,13,4,21,10,2,0.004352237097918987,0.6399999856948853,359.4800109863281
Gemstone-Models/Gemstone-512x13,Gemstone 512x13 (103M),102643200,13,4,21,10,3,0.19568824768066406,0.6399999856948853,359.4800109863281
Gemstone-Models/Gemstone-512x13,Gemstone 512x13 (103M),102643200,13,4,21,11,0,0.0449979342520237,0.6399999856948853,359.4800109863281
Gemstone-Models/Gemstone-512x13,Gemstone 512x13 (103M),102643200,13,4,21,11,1,0.05606118217110634,0.6399999856948853,359.4800109863281
Gemstone-Models/Gemstone-512x13,Gemstone 512x13 (103M),102643200,13,4,21,11,2,0.5235995650291443,0.6399999856948853,359.4800109863281
Gemstone-Models/Gemstone-512x13,Gemstone 512x13 (103M),102643200,13,4,21,11,3,0.45430099964141846,0.6399999856948853,359.4800109863281
Gemstone-Models/Gemstone-512x13,Gemstone 512x13 (103M),102643200,13,4,21,12,0,0.002497939858585596,0.6399999856948853,359.4800109863281
Gemstone-Models/Gemstone-512x13,Gemstone 512x13 (103M),102643200,13,4,21,12,1,0.0015316050266847014,0.6399999856948853,359.4800109863281
Gemstone-Models/Gemstone-512x13,Gemstone 512x13 (103M),102643200,13,4,21,12,2,0.010568647645413876,0.6399999856948853,359.4800109863281
Gemstone-Models/Gemstone-512x13,Gemstone 512x13 (103M),102643200,13,4,21,12,3,0.005253479350358248,0.6399999856948853,359.4800109863281
Gemstone-Models/Gemstone-512x13,Gemstone 512x13 (103M),102643200,13,4,22,0,0,0.00019999119103886187,0.41999998688697815,506.4599914550781
Gemstone-Models/Gemstone-512x13,Gemstone 512x13 (103M),102643200,13,4,22,0,1,0.003180386032909155,0.41999998688697815,506.4599914550781
Gemstone-Models/Gemstone-512x13,Gemstone 512x13 (103M),102643200,13,4,22,0,2,0.014952272176742554,0.41999998688697815,506.4599914550781
Gemstone-Models/Gemstone-512x13,Gemstone 512x13 (103M),102643200,13,4,22,0,3,0.007989033125340939,0.41999998688697815,506.4599914550781
Gemstone-Models/Gemstone-512x13,Gemstone 512x13 (103M),102643200,13,4,22,1,0,0.0009037722484208643,0.41999998688697815,506.4599914550781
Gemstone-Models/Gemstone-512x13,Gemstone 512x13 (103M),102643200,13,4,22,1,1,0.008116740733385086,0.41999998688697815,506.4599914550781
Gemstone-Models/Gemstone-512x13,Gemstone 512x13 (103M),102643200,13,4,22,1,2,0.000309425697196275,0.41999998688697815,506.4599914550781
Gemstone-Models/Gemstone-512x13,Gemstone 512x13 (103M),102643200,13,4,22,1,3,0.0013430920662358403,0.41999998688697815,506.4599914550781
Gemstone-Models/Gemstone-512x13,Gemstone 512x13 (103M),102643200,13,4,22,2,0,0.007102073635905981,0.41999998688697815,506.4599914550781
Gemstone-Models/Gemstone-512x13,Gemstone 512x13 (103M),102643200,13,4,22,2,1,0.0013409263920038939,0.41999998688697815,506.4599914550781
Gemstone-Models/Gemstone-512x13,Gemstone 512x13 (103M),102643200,13,4,22,2,2,0.008261984214186668,0.41999998688697815,506.4599914550781
Gemstone-Models/Gemstone-512x13,Gemstone 512x13 (103M),102643200,13,4,22,2,3,0.008585038594901562,0.41999998688697815,506.4599914550781
Gemstone-Models/Gemstone-512x13,Gemstone 512x13 (103M),102643200,13,4,22,3,0,0.0068792724050581455,0.41999998688697815,506.4599914550781
Gemstone-Models/Gemstone-512x13,Gemstone 512x13 (103M),102643200,13,4,22,3,1,0.00033432405325584114,0.41999998688697815,506.4599914550781
Gemstone-Models/Gemstone-512x13,Gemstone 512x13 (103M),102643200,13,4,22,3,2,0.006076183170080185,0.41999998688697815,506.4599914550781
Gemstone-Models/Gemstone-512x13,Gemstone 512x13 (103M),102643200,13,4,22,3,3,0.007759683765470982,0.41999998688697815,506.4599914550781
Gemstone-Models/Gemstone-512x13,Gemstone 512x13 (103M),102643200,13,4,22,4,0,0.018862010911107063,0.41999998688697815,506.4599914550781
Gemstone-Models/Gemstone-512x13,Gemstone 512x13 (103M),102643200,13,4,22,4,1,0.003523974446579814,0.41999998688697815,506.4599914550781
Gemstone-Models/Gemstone-512x13,Gemstone 512x13 (103M),102643200,13,4,22,4,2,0.006419851910322905,0.41999998688697815,506.4599914550781
Gemstone-Models/Gemstone-512x13,Gemstone 512x13 (103M),102643200,13,4,22,4,3,0.0009980484610423446,0.41999998688697815,506.4599914550781
Gemstone-Models/Gemstone-512x13,Gemstone 512x13 (103M),102643200,13,4,22,5,0,0.006234711967408657,0.41999998688697815,506.4599914550781
Gemstone-Models/Gemstone-512x13,Gemstone 512x13 (103M),102643200,13,4,22,5,1,0.012206911109387875,0.41999998688697815,506.4599914550781
Gemstone-Models/Gemstone-512x13,Gemstone 512x13 (103M),102643200,13,4,22,5,2,1.416567130263502e-07,0.41999998688697815,506.4599914550781
Gemstone-Models/Gemstone-512x13,Gemstone 512x13 (103M),102643200,13,4,22,5,3,9.448204946238548e-05,0.41999998688697815,506.4599914550781
Gemstone-Models/Gemstone-512x13,Gemstone 512x13 (103M),102643200,13,4,22,6,0,0.00029308960074558854,0.41999998688697815,506.4599914550781
Gemstone-Models/Gemstone-512x13,Gemstone 512x13 (103M),102643200,13,4,22,6,1,0.761314868927002,0.41999998688697815,506.4599914550781
Gemstone-Models/Gemstone-512x13,Gemstone 512x13 (103M),102643200,13,4,22,6,2,0.004892001859843731,0.41999998688697815,506.4599914550781
Gemstone-Models/Gemstone-512x13,Gemstone 512x13 (103M),102643200,13,4,22,6,3,0.0031723142601549625,0.41999998688697815,506.4599914550781
Gemstone-Models/Gemstone-512x13,Gemstone 512x13 (103M),102643200,13,4,22,7,0,0.0015174588188529015,0.41999998688697815,506.4599914550781
Gemstone-Models/Gemstone-512x13,Gemstone 512x13 (103M),102643200,13,4,22,7,1,5.8099074522033334e-05,0.41999998688697815,506.4599914550781
Gemstone-Models/Gemstone-512x13,Gemstone 512x13 (103M),102643200,13,4,22,7,2,0.00047115160850808024,0.41999998688697815,506.4599914550781
Gemstone-Models/Gemstone-512x13,Gemstone 512x13 (103M),102643200,13,4,22,7,3,0.0005658240406773984,0.41999998688697815,506.4599914550781
Gemstone-Models/Gemstone-512x13,Gemstone 512x13 (103M),102643200,13,4,22,8,0,0.0033112431410700083,0.41999998688697815,506.4599914550781
Gemstone-Models/Gemstone-512x13,Gemstone 512x13 (103M),102643200,13,4,22,8,1,0.003967431373894215,0.41999998688697815,506.4599914550781
Gemstone-Models/Gemstone-512x13,Gemstone 512x13 (103M),102643200,13,4,22,8,2,0.00015461583097930998,0.41999998688697815,506.4599914550781
Gemstone-Models/Gemstone-512x13,Gemstone 512x13 (103M),102643200,13,4,22,8,3,0.02489239163696766,0.41999998688697815,506.4599914550781
Gemstone-Models/Gemstone-512x13,Gemstone 512x13 (103M),102643200,13,4,22,9,0,9.211788665197673e-09,0.41999998688697815,506.4599914550781
Gemstone-Models/Gemstone-512x13,Gemstone 512x13 (103M),102643200,13,4,22,9,1,0.0002244403149234131,0.41999998688697815,506.4599914550781
Gemstone-Models/Gemstone-512x13,Gemstone 512x13 (103M),102643200,13,4,22,9,2,0.001572032575495541,0.41999998688697815,506.4599914550781
Gemstone-Models/Gemstone-512x13,Gemstone 512x13 (103M),102643200,13,4,22,9,3,0.01018548384308815,0.41999998688697815,506.4599914550781
Gemstone-Models/Gemstone-512x13,Gemstone 512x13 (103M),102643200,13,4,22,10,0,0.836334228515625,0.41999998688697815,506.4599914550781
Gemstone-Models/Gemstone-512x13,Gemstone 512x13 (103M),102643200,13,4,22,10,1,0.1491628736257553,0.41999998688697815,506.4599914550781
Gemstone-Models/Gemstone-512x13,Gemstone 512x13 (103M),102643200,13,4,22,10,2,0.004453130532056093,0.41999998688697815,506.4599914550781
Gemstone-Models/Gemstone-512x13,Gemstone 512x13 (103M),102643200,13,4,22,10,3,0.15965084731578827,0.41999998688697815,506.4599914550781
Gemstone-Models/Gemstone-512x13,Gemstone 512x13 (103M),102643200,13,4,22,11,0,0.026637401431798935,0.41999998688697815,506.4599914550781
Gemstone-Models/Gemstone-512x13,Gemstone 512x13 (103M),102643200,13,4,22,11,1,0.031058959662914276,0.41999998688697815,506.4599914550781
Gemstone-Models/Gemstone-512x13,Gemstone 512x13 (103M),102643200,13,4,22,11,2,0.26304513216018677,0.41999998688697815,506.4599914550781
Gemstone-Models/Gemstone-512x13,Gemstone 512x13 (103M),102643200,13,4,22,11,3,0.21706533432006836,0.41999998688697815,506.4599914550781
Gemstone-Models/Gemstone-512x13,Gemstone 512x13 (103M),102643200,13,4,22,12,0,0.0035396218299865723,0.41999998688697815,506.4599914550781
Gemstone-Models/Gemstone-512x13,Gemstone 512x13 (103M),102643200,13,4,22,12,1,0.002657263306900859,0.41999998688697815,506.4599914550781
Gemstone-Models/Gemstone-512x13,Gemstone 512x13 (103M),102643200,13,4,22,12,2,0.008353875018656254,0.41999998688697815,506.4599914550781
Gemstone-Models/Gemstone-512x13,Gemstone 512x13 (103M),102643200,13,4,22,12,3,0.005345902405679226,0.41999998688697815,506.4599914550781
Gemstone-Models/Gemstone-512x13,Gemstone 512x13 (103M),102643200,13,4,23,0,0,3.5673197999130934e-05,0.47999998927116394,833.219970703125
Gemstone-Models/Gemstone-512x13,Gemstone 512x13 (103M),102643200,13,4,23,0,1,0.003414012724533677,0.47999998927116394,833.219970703125
Gemstone-Models/Gemstone-512x13,Gemstone 512x13 (103M),102643200,13,4,23,0,2,0.016954446211457253,0.47999998927116394,833.219970703125
Gemstone-Models/Gemstone-512x13,Gemstone 512x13 (103M),102643200,13,4,23,0,3,0.0074684168212115765,0.47999998927116394,833.219970703125
Gemstone-Models/Gemstone-512x13,Gemstone 512x13 (103M),102643200,13,4,23,1,0,0.0013753555249422789,0.47999998927116394,833.219970703125
Gemstone-Models/Gemstone-512x13,Gemstone 512x13 (103M),102643200,13,4,23,1,1,0.009132654406130314,0.47999998927116394,833.219970703125
Gemstone-Models/Gemstone-512x13,Gemstone 512x13 (103M),102643200,13,4,23,1,2,0.00021682737860828638,0.47999998927116394,833.219970703125
Gemstone-Models/Gemstone-512x13,Gemstone 512x13 (103M),102643200,13,4,23,1,3,0.005459032021462917,0.47999998927116394,833.219970703125
Gemstone-Models/Gemstone-512x13,Gemstone 512x13 (103M),102643200,13,4,23,2,0,0.007473265752196312,0.47999998927116394,833.219970703125
Gemstone-Models/Gemstone-512x13,Gemstone 512x13 (103M),102643200,13,4,23,2,1,0.0010987280402332544,0.47999998927116394,833.219970703125
Gemstone-Models/Gemstone-512x13,Gemstone 512x13 (103M),102643200,13,4,23,2,2,0.005918570794165134,0.47999998927116394,833.219970703125
Gemstone-Models/Gemstone-512x13,Gemstone 512x13 (103M),102643200,13,4,23,2,3,0.00615233788266778,0.47999998927116394,833.219970703125
Gemstone-Models/Gemstone-512x13,Gemstone 512x13 (103M),102643200,13,4,23,3,0,0.004721914418041706,0.47999998927116394,833.219970703125
Gemstone-Models/Gemstone-512x13,Gemstone 512x13 (103M),102643200,13,4,23,3,1,0.0008512373315170407,0.47999998927116394,833.219970703125
Gemstone-Models/Gemstone-512x13,Gemstone 512x13 (103M),102643200,13,4,23,3,2,0.005490257870405912,0.47999998927116394,833.219970703125
Gemstone-Models/Gemstone-512x13,Gemstone 512x13 (103M),102643200,13,4,23,3,3,0.00616143923252821,0.47999998927116394,833.219970703125
Gemstone-Models/Gemstone-512x13,Gemstone 512x13 (103M),102643200,13,4,23,4,0,0.018703173846006393,0.47999998927116394,833.219970703125
Gemstone-Models/Gemstone-512x13,Gemstone 512x13 (103M),102643200,13,4,23,4,1,0.005579832941293716,0.47999998927116394,833.219970703125
Gemstone-Models/Gemstone-512x13,Gemstone 512x13 (103M),102643200,13,4,23,4,2,0.008966023102402687,0.47999998927116394,833.219970703125
Gemstone-Models/Gemstone-512x13,Gemstone 512x13 (103M),102643200,13,4,23,4,3,0.0018040926661342382,0.47999998927116394,833.219970703125
Gemstone-Models/Gemstone-512x13,Gemstone 512x13 (103M),102643200,13,4,23,5,0,0.010537752881646156,0.47999998927116394,833.219970703125
Gemstone-Models/Gemstone-512x13,Gemstone 512x13 (103M),102643200,13,4,23,5,1,0.01648554392158985,0.47999998927116394,833.219970703125
Gemstone-Models/Gemstone-512x13,Gemstone 512x13 (103M),102643200,13,4,23,5,2,1.8029372483852057e-07,0.47999998927116394,833.219970703125
Gemstone-Models/Gemstone-512x13,Gemstone 512x13 (103M),102643200,13,4,23,5,3,0.00015440421702805907,0.47999998927116394,833.219970703125
Gemstone-Models/Gemstone-512x13,Gemstone 512x13 (103M),102643200,13,4,23,6,0,0.0005182728637009859,0.47999998927116394,833.219970703125
Gemstone-Models/Gemstone-512x13,Gemstone 512x13 (103M),102643200,13,4,23,6,1,0.763119637966156,0.47999998927116394,833.219970703125
Gemstone-Models/Gemstone-512x13,Gemstone 512x13 (103M),102643200,13,4,23,6,2,0.0020698588341474533,0.47999998927116394,833.219970703125
Gemstone-Models/Gemstone-512x13,Gemstone 512x13 (103M),102643200,13,4,23,6,3,0.003610283136367798,0.47999998927116394,833.219970703125
Gemstone-Models/Gemstone-512x13,Gemstone 512x13 (103M),102643200,13,4,23,7,0,0.0015064976178109646,0.47999998927116394,833.219970703125
Gemstone-Models/Gemstone-512x13,Gemstone 512x13 (103M),102643200,13,4,23,7,1,6.9640256697312e-05,0.47999998927116394,833.219970703125
Gemstone-Models/Gemstone-512x13,Gemstone 512x13 (103M),102643200,13,4,23,7,2,0.00037924881326034665,0.47999998927116394,833.219970703125
Gemstone-Models/Gemstone-512x13,Gemstone 512x13 (103M),102643200,13,4,23,7,3,0.000604629167355597,0.47999998927116394,833.219970703125
Gemstone-Models/Gemstone-512x13,Gemstone 512x13 (103M),102643200,13,4,23,8,0,0.0037599587813019753,0.47999998927116394,833.219970703125
Gemstone-Models/Gemstone-512x13,Gemstone 512x13 (103M),102643200,13,4,23,8,1,0.0029389960691332817,0.47999998927116394,833.219970703125
Gemstone-Models/Gemstone-512x13,Gemstone 512x13 (103M),102643200,13,4,23,8,2,0.0002446903381496668,0.47999998927116394,833.219970703125
Gemstone-Models/Gemstone-512x13,Gemstone 512x13 (103M),102643200,13,4,23,8,3,0.02634802646934986,0.47999998927116394,833.219970703125
Gemstone-Models/Gemstone-512x13,Gemstone 512x13 (103M),102643200,13,4,23,9,0,1.3067872117744628e-08,0.47999998927116394,833.219970703125
Gemstone-Models/Gemstone-512x13,Gemstone 512x13 (103M),102643200,13,4,23,9,1,0.00019550030992832035,0.47999998927116394,833.219970703125
Gemstone-Models/Gemstone-512x13,Gemstone 512x13 (103M),102643200,13,4,23,9,2,0.001794454175978899,0.47999998927116394,833.219970703125
Gemstone-Models/Gemstone-512x13,Gemstone 512x13 (103M),102643200,13,4,23,9,3,0.00972205214202404,0.47999998927116394,833.219970703125
Gemstone-Models/Gemstone-512x13,Gemstone 512x13 (103M),102643200,13,4,23,10,0,0.8573769330978394,0.47999998927116394,833.219970703125
Gemstone-Models/Gemstone-512x13,Gemstone 512x13 (103M),102643200,13,4,23,10,1,0.14763551950454712,0.47999998927116394,833.219970703125
Gemstone-Models/Gemstone-512x13,Gemstone 512x13 (103M),102643200,13,4,23,10,2,0.006170657929033041,0.47999998927116394,833.219970703125
Gemstone-Models/Gemstone-512x13,Gemstone 512x13 (103M),102643200,13,4,23,10,3,0.15204043686389923,0.47999998927116394,833.219970703125
Gemstone-Models/Gemstone-512x13,Gemstone 512x13 (103M),102643200,13,4,23,11,0,0.02826378308236599,0.47999998927116394,833.219970703125
Gemstone-Models/Gemstone-512x13,Gemstone 512x13 (103M),102643200,13,4,23,11,1,0.03995579853653908,0.47999998927116394,833.219970703125
Gemstone-Models/Gemstone-512x13,Gemstone 512x13 (103M),102643200,13,4,23,11,2,0.37311163544654846,0.47999998927116394,833.219970703125
Gemstone-Models/Gemstone-512x13,Gemstone 512x13 (103M),102643200,13,4,23,11,3,0.2660160958766937,0.47999998927116394,833.219970703125
Gemstone-Models/Gemstone-512x13,Gemstone 512x13 (103M),102643200,13,4,23,12,0,0.00519234174862504,0.47999998927116394,833.219970703125
Gemstone-Models/Gemstone-512x13,Gemstone 512x13 (103M),102643200,13,4,23,12,1,0.0034588640555739403,0.47999998927116394,833.219970703125
Gemstone-Models/Gemstone-512x13,Gemstone 512x13 (103M),102643200,13,4,23,12,2,0.010410415939986706,0.47999998927116394,833.219970703125
Gemstone-Models/Gemstone-512x13,Gemstone 512x13 (103M),102643200,13,4,23,12,3,0.00552211981266737,0.47999998927116394,833.219970703125
Gemstone-Models/Gemstone-512x13,Gemstone 512x13 (103M),102643200,13,4,24,0,0,1.8966056813951582e-05,0.41999998688697815,162.16000366210938
Gemstone-Models/Gemstone-512x13,Gemstone 512x13 (103M),102643200,13,4,24,0,1,0.002820406574755907,0.41999998688697815,162.16000366210938
Gemstone-Models/Gemstone-512x13,Gemstone 512x13 (103M),102643200,13,4,24,0,2,0.015954582020640373,0.41999998688697815,162.16000366210938
Gemstone-Models/Gemstone-512x13,Gemstone 512x13 (103M),102643200,13,4,24,0,3,0.005973251536488533,0.41999998688697815,162.16000366210938
Gemstone-Models/Gemstone-512x13,Gemstone 512x13 (103M),102643200,13,4,24,1,0,0.0009021208970807493,0.41999998688697815,162.16000366210938
Gemstone-Models/Gemstone-512x13,Gemstone 512x13 (103M),102643200,13,4,24,1,1,0.00751143554225564,0.41999998688697815,162.16000366210938
Gemstone-Models/Gemstone-512x13,Gemstone 512x13 (103M),102643200,13,4,24,1,2,0.0009763462003320456,0.41999998688697815,162.16000366210938
Gemstone-Models/Gemstone-512x13,Gemstone 512x13 (103M),102643200,13,4,24,1,3,0.0013768988428637385,0.41999998688697815,162.16000366210938
Gemstone-Models/Gemstone-512x13,Gemstone 512x13 (103M),102643200,13,4,24,2,0,0.007211357355117798,0.41999998688697815,162.16000366210938
Gemstone-Models/Gemstone-512x13,Gemstone 512x13 (103M),102643200,13,4,24,2,1,0.00130062410607934,0.41999998688697815,162.16000366210938
Gemstone-Models/Gemstone-512x13,Gemstone 512x13 (103M),102643200,13,4,24,2,2,0.0058602201752364635,0.41999998688697815,162.16000366210938
Gemstone-Models/Gemstone-512x13,Gemstone 512x13 (103M),102643200,13,4,24,2,3,0.008216725662350655,0.41999998688697815,162.16000366210938
Gemstone-Models/Gemstone-512x13,Gemstone 512x13 (103M),102643200,13,4,24,3,0,0.006133671849966049,0.41999998688697815,162.16000366210938
Gemstone-Models/Gemstone-512x13,Gemstone 512x13 (103M),102643200,13,4,24,3,1,0.0003440140571910888,0.41999998688697815,162.16000366210938
Gemstone-Models/Gemstone-512x13,Gemstone 512x13 (103M),102643200,13,4,24,3,2,0.006638331338763237,0.41999998688697815,162.16000366210938
Gemstone-Models/Gemstone-512x13,Gemstone 512x13 (103M),102643200,13,4,24,3,3,0.007116612046957016,0.41999998688697815,162.16000366210938
Gemstone-Models/Gemstone-512x13,Gemstone 512x13 (103M),102643200,13,4,24,4,0,0.02205033227801323,0.41999998688697815,162.16000366210938
Gemstone-Models/Gemstone-512x13,Gemstone 512x13 (103M),102643200,13,4,24,4,1,0.007495391182601452,0.41999998688697815,162.16000366210938
Gemstone-Models/Gemstone-512x13,Gemstone 512x13 (103M),102643200,13,4,24,4,2,0.011529591865837574,0.41999998688697815,162.16000366210938
Gemstone-Models/Gemstone-512x13,Gemstone 512x13 (103M),102643200,13,4,24,4,3,0.0012409175978973508,0.41999998688697815,162.16000366210938
Gemstone-Models/Gemstone-512x13,Gemstone 512x13 (103M),102643200,13,4,24,5,0,0.006532264407724142,0.41999998688697815,162.16000366210938
Gemstone-Models/Gemstone-512x13,Gemstone 512x13 (103M),102643200,13,4,24,5,1,0.011751361191272736,0.41999998688697815,162.16000366210938
Gemstone-Models/Gemstone-512x13,Gemstone 512x13 (103M),102643200,13,4,24,5,2,2.572212451923406e-07,0.41999998688697815,162.16000366210938
Gemstone-Models/Gemstone-512x13,Gemstone 512x13 (103M),102643200,13,4,24,5,3,8.148077176883817e-05,0.41999998688697815,162.16000366210938
Gemstone-Models/Gemstone-512x13,Gemstone 512x13 (103M),102643200,13,4,24,6,0,0.0003281003737356514,0.41999998688697815,162.16000366210938
Gemstone-Models/Gemstone-512x13,Gemstone 512x13 (103M),102643200,13,4,24,6,1,0.7568061947822571,0.41999998688697815,162.16000366210938
Gemstone-Models/Gemstone-512x13,Gemstone 512x13 (103M),102643200,13,4,24,6,2,0.003988164477050304,0.41999998688697815,162.16000366210938
Gemstone-Models/Gemstone-512x13,Gemstone 512x13 (103M),102643200,13,4,24,6,3,0.0035793548449873924,0.41999998688697815,162.16000366210938
Gemstone-Models/Gemstone-512x13,Gemstone 512x13 (103M),102643200,13,4,24,7,0,0.00202761753462255,0.41999998688697815,162.16000366210938
Gemstone-Models/Gemstone-512x13,Gemstone 512x13 (103M),102643200,13,4,24,7,1,6.989267421886325e-05,0.41999998688697815,162.16000366210938
Gemstone-Models/Gemstone-512x13,Gemstone 512x13 (103M),102643200,13,4,24,7,2,0.0009819593979045749,0.41999998688697815,162.16000366210938
Gemstone-Models/Gemstone-512x13,Gemstone 512x13 (103M),102643200,13,4,24,7,3,0.0007361541502177715,0.41999998688697815,162.16000366210938
Gemstone-Models/Gemstone-512x13,Gemstone 512x13 (103M),102643200,13,4,24,8,0,0.00395845016464591,0.41999998688697815,162.16000366210938
Gemstone-Models/Gemstone-512x13,Gemstone 512x13 (103M),102643200,13,4,24,8,1,0.0030465058516710997,0.41999998688697815,162.16000366210938
Gemstone-Models/Gemstone-512x13,Gemstone 512x13 (103M),102643200,13,4,24,8,2,0.0002490534679964185,0.41999998688697815,162.16000366210938
Gemstone-Models/Gemstone-512x13,Gemstone 512x13 (103M),102643200,13,4,24,8,3,0.024342618882656097,0.41999998688697815,162.16000366210938
Gemstone-Models/Gemstone-512x13,Gemstone 512x13 (103M),102643200,13,4,24,9,0,5.9308487010412136e-08,0.41999998688697815,162.16000366210938
Gemstone-Models/Gemstone-512x13,Gemstone 512x13 (103M),102643200,13,4,24,9,1,0.0005105355521664023,0.41999998688697815,162.16000366210938
Gemstone-Models/Gemstone-512x13,Gemstone 512x13 (103M),102643200,13,4,24,9,2,0.0018527322681620717,0.41999998688697815,162.16000366210938
Gemstone-Models/Gemstone-512x13,Gemstone 512x13 (103M),102643200,13,4,24,9,3,0.011919290758669376,0.41999998688697815,162.16000366210938
Gemstone-Models/Gemstone-512x13,Gemstone 512x13 (103M),102643200,13,4,24,10,0,0.8541927337646484,0.41999998688697815,162.16000366210938
Gemstone-Models/Gemstone-512x13,Gemstone 512x13 (103M),102643200,13,4,24,10,1,0.13749393820762634,0.41999998688697815,162.16000366210938
Gemstone-Models/Gemstone-512x13,Gemstone 512x13 (103M),102643200,13,4,24,10,2,0.003977564163506031,0.41999998688697815,162.16000366210938
Gemstone-Models/Gemstone-512x13,Gemstone 512x13 (103M),102643200,13,4,24,10,3,0.15195231139659882,0.41999998688697815,162.16000366210938
Gemstone-Models/Gemstone-512x13,Gemstone 512x13 (103M),102643200,13,4,24,11,0,0.031012751162052155,0.41999998688697815,162.16000366210938
Gemstone-Models/Gemstone-512x13,Gemstone 512x13 (103M),102643200,13,4,24,11,1,0.028193984180688858,0.41999998688697815,162.16000366210938
Gemstone-Models/Gemstone-512x13,Gemstone 512x13 (103M),102643200,13,4,24,11,2,0.3118165135383606,0.41999998688697815,162.16000366210938
Gemstone-Models/Gemstone-512x13,Gemstone 512x13 (103M),102643200,13,4,24,11,3,0.25655853748321533,0.41999998688697815,162.16000366210938
Gemstone-Models/Gemstone-512x13,Gemstone 512x13 (103M),102643200,13,4,24,12,0,0.0021298243664205074,0.41999998688697815,162.16000366210938
Gemstone-Models/Gemstone-512x13,Gemstone 512x13 (103M),102643200,13,4,24,12,1,0.002328538568690419,0.41999998688697815,162.16000366210938
Gemstone-Models/Gemstone-512x13,Gemstone 512x13 (103M),102643200,13,4,24,12,2,0.012581667862832546,0.41999998688697815,162.16000366210938
Gemstone-Models/Gemstone-512x13,Gemstone 512x13 (103M),102643200,13,4,24,12,3,0.004196171183139086,0.41999998688697815,162.16000366210938
Gemstone-Models/Gemstone-512x13,Gemstone 512x13 (103M),102643200,13,4,25,0,0,0.00015761649410706013,0.9200000166893005,0.10000000149011612
Gemstone-Models/Gemstone-512x13,Gemstone 512x13 (103M),102643200,13,4,25,0,1,0.003738571424037218,0.9200000166893005,0.10000000149011612
Gemstone-Models/Gemstone-512x13,Gemstone 512x13 (103M),102643200,13,4,25,0,2,0.013821692205965519,0.9200000166893005,0.10000000149011612
Gemstone-Models/Gemstone-512x13,Gemstone 512x13 (103M),102643200,13,4,25,0,3,0.007101919502019882,0.9200000166893005,0.10000000149011612
Gemstone-Models/Gemstone-512x13,Gemstone 512x13 (103M),102643200,13,4,25,1,0,0.002018955536186695,0.9200000166893005,0.10000000149011612
Gemstone-Models/Gemstone-512x13,Gemstone 512x13 (103M),102643200,13,4,25,1,1,0.012264792807400227,0.9200000166893005,0.10000000149011612
Gemstone-Models/Gemstone-512x13,Gemstone 512x13 (103M),102643200,13,4,25,1,2,0.0001606140867806971,0.9200000166893005,0.10000000149011612
Gemstone-Models/Gemstone-512x13,Gemstone 512x13 (103M),102643200,13,4,25,1,3,0.0016816775314509869,0.9200000166893005,0.10000000149011612
Gemstone-Models/Gemstone-512x13,Gemstone 512x13 (103M),102643200,13,4,25,2,0,0.013051558285951614,0.9200000166893005,0.10000000149011612
Gemstone-Models/Gemstone-512x13,Gemstone 512x13 (103M),102643200,13,4,25,2,1,0.002773950109258294,0.9200000166893005,0.10000000149011612
Gemstone-Models/Gemstone-512x13,Gemstone 512x13 (103M),102643200,13,4,25,2,2,0.00529120210558176,0.9200000166893005,0.10000000149011612
Gemstone-Models/Gemstone-512x13,Gemstone 512x13 (103M),102643200,13,4,25,2,3,0.007902558892965317,0.9200000166893005,0.10000000149011612
Gemstone-Models/Gemstone-512x13,Gemstone 512x13 (103M),102643200,13,4,25,3,0,0.0065068588592112064,0.9200000166893005,0.10000000149011612
Gemstone-Models/Gemstone-512x13,Gemstone 512x13 (103M),102643200,13,4,25,3,1,0.0005290525150485337,0.9200000166893005,0.10000000149011612
Gemstone-Models/Gemstone-512x13,Gemstone 512x13 (103M),102643200,13,4,25,3,2,0.007743915542960167,0.9200000166893005,0.10000000149011612
Gemstone-Models/Gemstone-512x13,Gemstone 512x13 (103M),102643200,13,4,25,3,3,0.011056878603994846,0.9200000166893005,0.10000000149011612
Gemstone-Models/Gemstone-512x13,Gemstone 512x13 (103M),102643200,13,4,25,4,0,0.018480759114027023,0.9200000166893005,0.10000000149011612
Gemstone-Models/Gemstone-512x13,Gemstone 512x13 (103M),102643200,13,4,25,4,1,0.006351721938699484,0.9200000166893005,0.10000000149011612
Gemstone-Models/Gemstone-512x13,Gemstone 512x13 (103M),102643200,13,4,25,4,2,0.0073309908621013165,0.9200000166893005,0.10000000149011612
Gemstone-Models/Gemstone-512x13,Gemstone 512x13 (103M),102643200,13,4,25,4,3,0.0014455809723585844,0.9200000166893005,0.10000000149011612
Gemstone-Models/Gemstone-512x13,Gemstone 512x13 (103M),102643200,13,4,25,5,0,0.013645248487591743,0.9200000166893005,0.10000000149011612
Gemstone-Models/Gemstone-512x13,Gemstone 512x13 (103M),102643200,13,4,25,5,1,0.014757746830582619,0.9200000166893005,0.10000000149011612
Gemstone-Models/Gemstone-512x13,Gemstone 512x13 (103M),102643200,13,4,25,5,2,3.3191736292792484e-07,0.9200000166893005,0.10000000149011612
Gemstone-Models/Gemstone-512x13,Gemstone 512x13 (103M),102643200,13,4,25,5,3,8.873808110365644e-05,0.9200000166893005,0.10000000149011612
Gemstone-Models/Gemstone-512x13,Gemstone 512x13 (103M),102643200,13,4,25,6,0,0.0021777567453682423,0.9200000166893005,0.10000000149011612
Gemstone-Models/Gemstone-512x13,Gemstone 512x13 (103M),102643200,13,4,25,6,1,0.907671332359314,0.9200000166893005,0.10000000149011612
Gemstone-Models/Gemstone-512x13,Gemstone 512x13 (103M),102643200,13,4,25,6,2,0.005797298159450293,0.9200000166893005,0.10000000149011612
Gemstone-Models/Gemstone-512x13,Gemstone 512x13 (103M),102643200,13,4,25,6,3,0.007826016284525394,0.9200000166893005,0.10000000149011612
Gemstone-Models/Gemstone-512x13,Gemstone 512x13 (103M),102643200,13,4,25,7,0,0.002131510991603136,0.9200000166893005,0.10000000149011612
Gemstone-Models/Gemstone-512x13,Gemstone 512x13 (103M),102643200,13,4,25,7,1,7.538968930020928e-05,0.9200000166893005,0.10000000149011612
Gemstone-Models/Gemstone-512x13,Gemstone 512x13 (103M),102643200,13,4,25,7,2,0.0001962797687156126,0.9200000166893005,0.10000000149011612
Gemstone-Models/Gemstone-512x13,Gemstone 512x13 (103M),102643200,13,4,25,7,3,0.0003764393914025277,0.9200000166893005,0.10000000149011612
Gemstone-Models/Gemstone-512x13,Gemstone 512x13 (103M),102643200,13,4,25,8,0,0.005103642120957375,0.9200000166893005,0.10000000149011612
Gemstone-Models/Gemstone-512x13,Gemstone 512x13 (103M),102643200,13,4,25,8,1,0.00304779433645308,0.9200000166893005,0.10000000149011612
Gemstone-Models/Gemstone-512x13,Gemstone 512x13 (103M),102643200,13,4,25,8,2,0.0007290575886145234,0.9200000166893005,0.10000000149011612
Gemstone-Models/Gemstone-512x13,Gemstone 512x13 (103M),102643200,13,4,25,8,3,0.046566132456064224,0.9200000166893005,0.10000000149011612
Gemstone-Models/Gemstone-512x13,Gemstone 512x13 (103M),102643200,13,4,25,9,0,1.2557893391829111e-08,0.9200000166893005,0.10000000149011612
Gemstone-Models/Gemstone-512x13,Gemstone 512x13 (103M),102643200,13,4,25,9,1,0.00020329725521150976,0.9200000166893005,0.10000000149011612
Gemstone-Models/Gemstone-512x13,Gemstone 512x13 (103M),102643200,13,4,25,9,2,0.002946277614682913,0.9200000166893005,0.10000000149011612
Gemstone-Models/Gemstone-512x13,Gemstone 512x13 (103M),102643200,13,4,25,9,3,0.017908090725541115,0.9200000166893005,0.10000000149011612
Gemstone-Models/Gemstone-512x13,Gemstone 512x13 (103M),102643200,13,4,25,10,0,0.9048429727554321,0.9200000166893005,0.10000000149011612
Gemstone-Models/Gemstone-512x13,Gemstone 512x13 (103M),102643200,13,4,25,10,1,0.31592556834220886,0.9200000166893005,0.10000000149011612
Gemstone-Models/Gemstone-512x13,Gemstone 512x13 (103M),102643200,13,4,25,10,2,0.004103587940335274,0.9200000166893005,0.10000000149011612
Gemstone-Models/Gemstone-512x13,Gemstone 512x13 (103M),102643200,13,4,25,10,3,0.19881588220596313,0.9200000166893005,0.10000000149011612
Gemstone-Models/Gemstone-512x13,Gemstone 512x13 (103M),102643200,13,4,25,11,0,0.05734008923172951,0.9200000166893005,0.10000000149011612
Gemstone-Models/Gemstone-512x13,Gemstone 512x13 (103M),102643200,13,4,25,11,1,0.05243106931447983,0.9200000166893005,0.10000000149011612
Gemstone-Models/Gemstone-512x13,Gemstone 512x13 (103M),102643200,13,4,25,11,2,0.5629161596298218,0.9200000166893005,0.10000000149011612
Gemstone-Models/Gemstone-512x13,Gemstone 512x13 (103M),102643200,13,4,25,11,3,0.4492146968841553,0.9200000166893005,0.10000000149011612
Gemstone-Models/Gemstone-512x13,Gemstone 512x13 (103M),102643200,13,4,25,12,0,0.004202691372483969,0.9200000166893005,0.10000000149011612
Gemstone-Models/Gemstone-512x13,Gemstone 512x13 (103M),102643200,13,4,25,12,1,0.00451833289116621,0.9200000166893005,0.10000000149011612
Gemstone-Models/Gemstone-512x13,Gemstone 512x13 (103M),102643200,13,4,25,12,2,0.026961827650666237,0.9200000166893005,0.10000000149011612
Gemstone-Models/Gemstone-512x13,Gemstone 512x13 (103M),102643200,13,4,25,12,3,0.006658423691987991,0.9200000166893005,0.10000000149011612
Gemstone-Models/Gemstone-512x13,Gemstone 512x13 (103M),102643200,13,4,26,0,0,3.56233176717069e-05,0.7200000286102295,479.55999755859375
Gemstone-Models/Gemstone-512x13,Gemstone 512x13 (103M),102643200,13,4,26,0,1,0.004327918402850628,0.7200000286102295,479.55999755859375
Gemstone-Models/Gemstone-512x13,Gemstone 512x13 (103M),102643200,13,4,26,0,2,0.017778417095541954,0.7200000286102295,479.55999755859375
Gemstone-Models/Gemstone-512x13,Gemstone 512x13 (103M),102643200,13,4,26,0,3,0.005823284853249788,0.7200000286102295,479.55999755859375
Gemstone-Models/Gemstone-512x13,Gemstone 512x13 (103M),102643200,13,4,26,1,0,0.0007940155337564647,0.7200000286102295,479.55999755859375
Gemstone-Models/Gemstone-512x13,Gemstone 512x13 (103M),102643200,13,4,26,1,1,0.00865246169269085,0.7200000286102295,479.55999755859375
Gemstone-Models/Gemstone-512x13,Gemstone 512x13 (103M),102643200,13,4,26,1,2,0.00028342491714283824,0.7200000286102295,479.55999755859375
Gemstone-Models/Gemstone-512x13,Gemstone 512x13 (103M),102643200,13,4,26,1,3,0.0029136999510228634,0.7200000286102295,479.55999755859375
Gemstone-Models/Gemstone-512x13,Gemstone 512x13 (103M),102643200,13,4,26,2,0,0.00896862056106329,0.7200000286102295,479.55999755859375
Gemstone-Models/Gemstone-512x13,Gemstone 512x13 (103M),102643200,13,4,26,2,1,0.0024025151506066322,0.7200000286102295,479.55999755859375
Gemstone-Models/Gemstone-512x13,Gemstone 512x13 (103M),102643200,13,4,26,2,2,0.014322771690785885,0.7200000286102295,479.55999755859375
Gemstone-Models/Gemstone-512x13,Gemstone 512x13 (103M),102643200,13,4,26,2,3,0.014067023061215878,0.7200000286102295,479.55999755859375
Gemstone-Models/Gemstone-512x13,Gemstone 512x13 (103M),102643200,13,4,26,3,0,0.005366819445043802,0.7200000286102295,479.55999755859375
Gemstone-Models/Gemstone-512x13,Gemstone 512x13 (103M),102643200,13,4,26,3,1,0.0004502726951614022,0.7200000286102295,479.55999755859375
Gemstone-Models/Gemstone-512x13,Gemstone 512x13 (103M),102643200,13,4,26,3,2,0.006697228644043207,0.7200000286102295,479.55999755859375
Gemstone-Models/Gemstone-512x13,Gemstone 512x13 (103M),102643200,13,4,26,3,3,0.00999208353459835,0.7200000286102295,479.55999755859375
Gemstone-Models/Gemstone-512x13,Gemstone 512x13 (103M),102643200,13,4,26,4,0,0.01791987381875515,0.7200000286102295,479.55999755859375
Gemstone-Models/Gemstone-512x13,Gemstone 512x13 (103M),102643200,13,4,26,4,1,0.005164711270481348,0.7200000286102295,479.55999755859375
Gemstone-Models/Gemstone-512x13,Gemstone 512x13 (103M),102643200,13,4,26,4,2,0.006837168708443642,0.7200000286102295,479.55999755859375
Gemstone-Models/Gemstone-512x13,Gemstone 512x13 (103M),102643200,13,4,26,4,3,0.00115057488437742,0.7200000286102295,479.55999755859375
Gemstone-Models/Gemstone-512x13,Gemstone 512x13 (103M),102643200,13,4,26,5,0,0.007607170380651951,0.7200000286102295,479.55999755859375
Gemstone-Models/Gemstone-512x13,Gemstone 512x13 (103M),102643200,13,4,26,5,1,0.010067143477499485,0.7200000286102295,479.55999755859375
Gemstone-Models/Gemstone-512x13,Gemstone 512x13 (103M),102643200,13,4,26,5,2,2.1968760393065168e-06,0.7200000286102295,479.55999755859375
Gemstone-Models/Gemstone-512x13,Gemstone 512x13 (103M),102643200,13,4,26,5,3,8.727572276256979e-05,0.7200000286102295,479.55999755859375
Gemstone-Models/Gemstone-512x13,Gemstone 512x13 (103M),102643200,13,4,26,6,0,0.0004082742379978299,0.7200000286102295,479.55999755859375
Gemstone-Models/Gemstone-512x13,Gemstone 512x13 (103M),102643200,13,4,26,6,1,0.8430110812187195,0.7200000286102295,479.55999755859375
Gemstone-Models/Gemstone-512x13,Gemstone 512x13 (103M),102643200,13,4,26,6,2,0.005215873941779137,0.7200000286102295,479.55999755859375
Gemstone-Models/Gemstone-512x13,Gemstone 512x13 (103M),102643200,13,4,26,6,3,0.004106711596250534,0.7200000286102295,479.55999755859375
Gemstone-Models/Gemstone-512x13,Gemstone 512x13 (103M),102643200,13,4,26,7,0,0.0016552807064726949,0.7200000286102295,479.55999755859375
Gemstone-Models/Gemstone-512x13,Gemstone 512x13 (103M),102643200,13,4,26,7,1,7.812885451130569e-05,0.7200000286102295,479.55999755859375
Gemstone-Models/Gemstone-512x13,Gemstone 512x13 (103M),102643200,13,4,26,7,2,0.0004289048083592206,0.7200000286102295,479.55999755859375
Gemstone-Models/Gemstone-512x13,Gemstone 512x13 (103M),102643200,13,4,26,7,3,0.0005367844714783132,0.7200000286102295,479.55999755859375
Gemstone-Models/Gemstone-512x13,Gemstone 512x13 (103M),102643200,13,4,26,8,0,0.0026056384667754173,0.7200000286102295,479.55999755859375
Gemstone-Models/Gemstone-512x13,Gemstone 512x13 (103M),102643200,13,4,26,8,1,0.005090001970529556,0.7200000286102295,479.55999755859375
Gemstone-Models/Gemstone-512x13,Gemstone 512x13 (103M),102643200,13,4,26,8,2,0.00028831735835410655,0.7200000286102295,479.55999755859375
Gemstone-Models/Gemstone-512x13,Gemstone 512x13 (103M),102643200,13,4,26,8,3,0.044129420071840286,0.7200000286102295,479.55999755859375
Gemstone-Models/Gemstone-512x13,Gemstone 512x13 (103M),102643200,13,4,26,9,0,2.249748121130324e-08,0.7200000286102295,479.55999755859375
Gemstone-Models/Gemstone-512x13,Gemstone 512x13 (103M),102643200,13,4,26,9,1,0.0001390983525197953,0.7200000286102295,479.55999755859375
Gemstone-Models/Gemstone-512x13,Gemstone 512x13 (103M),102643200,13,4,26,9,2,0.002538628876209259,0.7200000286102295,479.55999755859375
Gemstone-Models/Gemstone-512x13,Gemstone 512x13 (103M),102643200,13,4,26,9,3,0.022161876782774925,0.7200000286102295,479.55999755859375
Gemstone-Models/Gemstone-512x13,Gemstone 512x13 (103M),102643200,13,4,26,10,0,0.8564964532852173,0.7200000286102295,479.55999755859375
Gemstone-Models/Gemstone-512x13,Gemstone 512x13 (103M),102643200,13,4,26,10,1,0.2567518949508667,0.7200000286102295,479.55999755859375
Gemstone-Models/Gemstone-512x13,Gemstone 512x13 (103M),102643200,13,4,26,10,2,0.003712662262842059,0.7200000286102295,479.55999755859375
Gemstone-Models/Gemstone-512x13,Gemstone 512x13 (103M),102643200,13,4,26,10,3,0.24122701585292816,0.7200000286102295,479.55999755859375
Gemstone-Models/Gemstone-512x13,Gemstone 512x13 (103M),102643200,13,4,26,11,0,0.05796138197183609,0.7200000286102295,479.55999755859375
Gemstone-Models/Gemstone-512x13,Gemstone 512x13 (103M),102643200,13,4,26,11,1,0.05315732955932617,0.7200000286102295,479.55999755859375
Gemstone-Models/Gemstone-512x13,Gemstone 512x13 (103M),102643200,13,4,26,11,2,0.4785554111003876,0.7200000286102295,479.55999755859375
Gemstone-Models/Gemstone-512x13,Gemstone 512x13 (103M),102643200,13,4,26,11,3,0.4000347852706909,0.7200000286102295,479.55999755859375
Gemstone-Models/Gemstone-512x13,Gemstone 512x13 (103M),102643200,13,4,26,12,0,0.004379632882773876,0.7200000286102295,479.55999755859375
Gemstone-Models/Gemstone-512x13,Gemstone 512x13 (103M),102643200,13,4,26,12,1,0.0037251203320920467,0.7200000286102295,479.55999755859375
Gemstone-Models/Gemstone-512x13,Gemstone 512x13 (103M),102643200,13,4,26,12,2,0.020528580993413925,0.7200000286102295,479.55999755859375
Gemstone-Models/Gemstone-512x13,Gemstone 512x13 (103M),102643200,13,4,26,12,3,0.007956409826874733,0.7200000286102295,479.55999755859375
Gemstone-Models/Gemstone-512x13,Gemstone 512x13 (103M),102643200,13,4,27,0,0,0.01998303271830082,0.46000000834465027,3006.820068359375
Gemstone-Models/Gemstone-512x13,Gemstone 512x13 (103M),102643200,13,4,27,0,1,0.003824615152552724,0.46000000834465027,3006.820068359375
Gemstone-Models/Gemstone-512x13,Gemstone 512x13 (103M),102643200,13,4,27,0,2,0.017362050712108612,0.46000000834465027,3006.820068359375
Gemstone-Models/Gemstone-512x13,Gemstone 512x13 (103M),102643200,13,4,27,0,3,0.008846143260598183,0.46000000834465027,3006.820068359375
Gemstone-Models/Gemstone-512x13,Gemstone 512x13 (103M),102643200,13,4,27,1,0,0.004787868354469538,0.46000000834465027,3006.820068359375
Gemstone-Models/Gemstone-512x13,Gemstone 512x13 (103M),102643200,13,4,27,1,1,0.014097855426371098,0.46000000834465027,3006.820068359375
Gemstone-Models/Gemstone-512x13,Gemstone 512x13 (103M),102643200,13,4,27,1,2,0.0018677667248994112,0.46000000834465027,3006.820068359375
Gemstone-Models/Gemstone-512x13,Gemstone 512x13 (103M),102643200,13,4,27,1,3,0.009848826564848423,0.46000000834465027,3006.820068359375
Gemstone-Models/Gemstone-512x13,Gemstone 512x13 (103M),102643200,13,4,27,2,0,0.012103513814508915,0.46000000834465027,3006.820068359375
Gemstone-Models/Gemstone-512x13,Gemstone 512x13 (103M),102643200,13,4,27,2,1,0.001416826737113297,0.46000000834465027,3006.820068359375
Gemstone-Models/Gemstone-512x13,Gemstone 512x13 (103M),102643200,13,4,27,2,2,0.01935974322259426,0.46000000834465027,3006.820068359375
Gemstone-Models/Gemstone-512x13,Gemstone 512x13 (103M),102643200,13,4,27,2,3,0.009883884340524673,0.46000000834465027,3006.820068359375
Gemstone-Models/Gemstone-512x13,Gemstone 512x13 (103M),102643200,13,4,27,3,0,0.012163529172539711,0.46000000834465027,3006.820068359375
Gemstone-Models/Gemstone-512x13,Gemstone 512x13 (103M),102643200,13,4,27,3,1,0.0008148053893819451,0.46000000834465027,3006.820068359375
Gemstone-Models/Gemstone-512x13,Gemstone 512x13 (103M),102643200,13,4,27,3,2,0.006602346431463957,0.46000000834465027,3006.820068359375
Gemstone-Models/Gemstone-512x13,Gemstone 512x13 (103M),102643200,13,4,27,3,3,0.011823110282421112,0.46000000834465027,3006.820068359375
Gemstone-Models/Gemstone-512x13,Gemstone 512x13 (103M),102643200,13,4,27,4,0,0.011239244602620602,0.46000000834465027,3006.820068359375
Gemstone-Models/Gemstone-512x13,Gemstone 512x13 (103M),102643200,13,4,27,4,1,0.0069071282632648945,0.46000000834465027,3006.820068359375
Gemstone-Models/Gemstone-512x13,Gemstone 512x13 (103M),102643200,13,4,27,4,2,0.007387278135865927,0.46000000834465027,3006.820068359375
Gemstone-Models/Gemstone-512x13,Gemstone 512x13 (103M),102643200,13,4,27,4,3,0.0018538475269451737,0.46000000834465027,3006.820068359375
Gemstone-Models/Gemstone-512x13,Gemstone 512x13 (103M),102643200,13,4,27,5,0,0.00687284953892231,0.46000000834465027,3006.820068359375
Gemstone-Models/Gemstone-512x13,Gemstone 512x13 (103M),102643200,13,4,27,5,1,0.010343394242227077,0.46000000834465027,3006.820068359375
Gemstone-Models/Gemstone-512x13,Gemstone 512x13 (103M),102643200,13,4,27,5,2,1.0586809651158546e-07,0.46000000834465027,3006.820068359375
Gemstone-Models/Gemstone-512x13,Gemstone 512x13 (103M),102643200,13,4,27,5,3,0.000355205760570243,0.46000000834465027,3006.820068359375
Gemstone-Models/Gemstone-512x13,Gemstone 512x13 (103M),102643200,13,4,27,6,0,0.0003040638694074005,0.46000000834465027,3006.820068359375
Gemstone-Models/Gemstone-512x13,Gemstone 512x13 (103M),102643200,13,4,27,6,1,0.7804678082466125,0.46000000834465027,3006.820068359375
Gemstone-Models/Gemstone-512x13,Gemstone 512x13 (103M),102643200,13,4,27,6,2,0.0034225936979055405,0.46000000834465027,3006.820068359375
Gemstone-Models/Gemstone-512x13,Gemstone 512x13 (103M),102643200,13,4,27,6,3,0.004537251312285662,0.46000000834465027,3006.820068359375
Gemstone-Models/Gemstone-512x13,Gemstone 512x13 (103M),102643200,13,4,27,7,0,0.0016478155739605427,0.46000000834465027,3006.820068359375
Gemstone-Models/Gemstone-512x13,Gemstone 512x13 (103M),102643200,13,4,27,7,1,8.881319081410766e-05,0.46000000834465027,3006.820068359375
Gemstone-Models/Gemstone-512x13,Gemstone 512x13 (103M),102643200,13,4,27,7,2,0.0008098278776742518,0.46000000834465027,3006.820068359375
Gemstone-Models/Gemstone-512x13,Gemstone 512x13 (103M),102643200,13,4,27,7,3,0.0008828818681649864,0.46000000834465027,3006.820068359375
Gemstone-Models/Gemstone-512x13,Gemstone 512x13 (103M),102643200,13,4,27,8,0,0.004422436468303204,0.46000000834465027,3006.820068359375
Gemstone-Models/Gemstone-512x13,Gemstone 512x13 (103M),102643200,13,4,27,8,1,0.004250108730047941,0.46000000834465027,3006.820068359375
Gemstone-Models/Gemstone-512x13,Gemstone 512x13 (103M),102643200,13,4,27,8,2,0.000395236536860466,0.46000000834465027,3006.820068359375
Gemstone-Models/Gemstone-512x13,Gemstone 512x13 (103M),102643200,13,4,27,8,3,0.034027229994535446,0.46000000834465027,3006.820068359375
Gemstone-Models/Gemstone-512x13,Gemstone 512x13 (103M),102643200,13,4,27,9,0,9.578133841614545e-09,0.46000000834465027,3006.820068359375
Gemstone-Models/Gemstone-512x13,Gemstone 512x13 (103M),102643200,13,4,27,9,1,0.0002495598455425352,0.46000000834465027,3006.820068359375
Gemstone-Models/Gemstone-512x13,Gemstone 512x13 (103M),102643200,13,4,27,9,2,0.0021248937118798494,0.46000000834465027,3006.820068359375
Gemstone-Models/Gemstone-512x13,Gemstone 512x13 (103M),102643200,13,4,27,9,3,0.012727003544569016,0.46000000834465027,3006.820068359375
Gemstone-Models/Gemstone-512x13,Gemstone 512x13 (103M),102643200,13,4,27,10,0,0.7944769263267517,0.46000000834465027,3006.820068359375
Gemstone-Models/Gemstone-512x13,Gemstone 512x13 (103M),102643200,13,4,27,10,1,0.11929517984390259,0.46000000834465027,3006.820068359375
Gemstone-Models/Gemstone-512x13,Gemstone 512x13 (103M),102643200,13,4,27,10,2,0.003027538303285837,0.46000000834465027,3006.820068359375
Gemstone-Models/Gemstone-512x13,Gemstone 512x13 (103M),102643200,13,4,27,10,3,0.11082877963781357,0.46000000834465027,3006.820068359375
Gemstone-Models/Gemstone-512x13,Gemstone 512x13 (103M),102643200,13,4,27,11,0,0.02972475439310074,0.46000000834465027,3006.820068359375
Gemstone-Models/Gemstone-512x13,Gemstone 512x13 (103M),102643200,13,4,27,11,1,0.029360348358750343,0.46000000834465027,3006.820068359375
Gemstone-Models/Gemstone-512x13,Gemstone 512x13 (103M),102643200,13,4,27,11,2,0.3060376048088074,0.46000000834465027,3006.820068359375
Gemstone-Models/Gemstone-512x13,Gemstone 512x13 (103M),102643200,13,4,27,11,3,0.28104326128959656,0.46000000834465027,3006.820068359375
Gemstone-Models/Gemstone-512x13,Gemstone 512x13 (103M),102643200,13,4,27,12,0,0.0032569272443652153,0.46000000834465027,3006.820068359375
Gemstone-Models/Gemstone-512x13,Gemstone 512x13 (103M),102643200,13,4,27,12,1,0.002001972636207938,0.46000000834465027,3006.820068359375
Gemstone-Models/Gemstone-512x13,Gemstone 512x13 (103M),102643200,13,4,27,12,2,0.010041836649179459,0.46000000834465027,3006.820068359375
Gemstone-Models/Gemstone-512x13,Gemstone 512x13 (103M),102643200,13,4,27,12,3,0.004729787819087505,0.46000000834465027,3006.820068359375
Gemstone-Models/Gemstone-512x13,Gemstone 512x13 (103M),102643200,13,4,28,0,0,0.00014465520507656038,0.8199999928474426,414.1400146484375
Gemstone-Models/Gemstone-512x13,Gemstone 512x13 (103M),102643200,13,4,28,0,1,0.003575809532776475,0.8199999928474426,414.1400146484375
Gemstone-Models/Gemstone-512x13,Gemstone 512x13 (103M),102643200,13,4,28,0,2,0.014217094518244267,0.8199999928474426,414.1400146484375
Gemstone-Models/Gemstone-512x13,Gemstone 512x13 (103M),102643200,13,4,28,0,3,0.005406844429671764,0.8199999928474426,414.1400146484375
Gemstone-Models/Gemstone-512x13,Gemstone 512x13 (103M),102643200,13,4,28,1,0,0.000806226977147162,0.8199999928474426,414.1400146484375
Gemstone-Models/Gemstone-512x13,Gemstone 512x13 (103M),102643200,13,4,28,1,1,0.007808533962816,0.8199999928474426,414.1400146484375
Gemstone-Models/Gemstone-512x13,Gemstone 512x13 (103M),102643200,13,4,28,1,2,0.0015152879059314728,0.8199999928474426,414.1400146484375
Gemstone-Models/Gemstone-512x13,Gemstone 512x13 (103M),102643200,13,4,28,1,3,0.013957015238702297,0.8199999928474426,414.1400146484375
Gemstone-Models/Gemstone-512x13,Gemstone 512x13 (103M),102643200,13,4,28,2,0,0.012228021398186684,0.8199999928474426,414.1400146484375
Gemstone-Models/Gemstone-512x13,Gemstone 512x13 (103M),102643200,13,4,28,2,1,0.006332687102258205,0.8199999928474426,414.1400146484375
Gemstone-Models/Gemstone-512x13,Gemstone 512x13 (103M),102643200,13,4,28,2,2,0.015241560526192188,0.8199999928474426,414.1400146484375
Gemstone-Models/Gemstone-512x13,Gemstone 512x13 (103M),102643200,13,4,28,2,3,0.015795346349477768,0.8199999928474426,414.1400146484375
Gemstone-Models/Gemstone-512x13,Gemstone 512x13 (103M),102643200,13,4,28,3,0,0.004039469640702009,0.8199999928474426,414.1400146484375
Gemstone-Models/Gemstone-512x13,Gemstone 512x13 (103M),102643200,13,4,28,3,1,0.0008498824900016189,0.8199999928474426,414.1400146484375
Gemstone-Models/Gemstone-512x13,Gemstone 512x13 (103M),102643200,13,4,28,3,2,0.01017056219279766,0.8199999928474426,414.1400146484375
Gemstone-Models/Gemstone-512x13,Gemstone 512x13 (103M),102643200,13,4,28,3,3,0.013749366626143456,0.8199999928474426,414.1400146484375
Gemstone-Models/Gemstone-512x13,Gemstone 512x13 (103M),102643200,13,4,28,4,0,0.02029339037835598,0.8199999928474426,414.1400146484375
Gemstone-Models/Gemstone-512x13,Gemstone 512x13 (103M),102643200,13,4,28,4,1,0.005576951429247856,0.8199999928474426,414.1400146484375
Gemstone-Models/Gemstone-512x13,Gemstone 512x13 (103M),102643200,13,4,28,4,2,0.011546137742698193,0.8199999928474426,414.1400146484375
Gemstone-Models/Gemstone-512x13,Gemstone 512x13 (103M),102643200,13,4,28,4,3,0.0023497885558754206,0.8199999928474426,414.1400146484375
Gemstone-Models/Gemstone-512x13,Gemstone 512x13 (103M),102643200,13,4,28,5,0,0.020977811887860298,0.8199999928474426,414.1400146484375
Gemstone-Models/Gemstone-512x13,Gemstone 512x13 (103M),102643200,13,4,28,5,1,0.015947416424751282,0.8199999928474426,414.1400146484375
Gemstone-Models/Gemstone-512x13,Gemstone 512x13 (103M),102643200,13,4,28,5,2,1.567799472468323e-06,0.8199999928474426,414.1400146484375
Gemstone-Models/Gemstone-512x13,Gemstone 512x13 (103M),102643200,13,4,28,5,3,9.313948248745874e-05,0.8199999928474426,414.1400146484375
Gemstone-Models/Gemstone-512x13,Gemstone 512x13 (103M),102643200,13,4,28,6,0,0.0007746930932626128,0.8199999928474426,414.1400146484375
Gemstone-Models/Gemstone-512x13,Gemstone 512x13 (103M),102643200,13,4,28,6,1,0.8539489507675171,0.8199999928474426,414.1400146484375
Gemstone-Models/Gemstone-512x13,Gemstone 512x13 (103M),102643200,13,4,28,6,2,0.007423507049679756,0.8199999928474426,414.1400146484375
Gemstone-Models/Gemstone-512x13,Gemstone 512x13 (103M),102643200,13,4,28,6,3,0.009402117691934109,0.8199999928474426,414.1400146484375
Gemstone-Models/Gemstone-512x13,Gemstone 512x13 (103M),102643200,13,4,28,7,0,0.002895651152357459,0.8199999928474426,414.1400146484375
Gemstone-Models/Gemstone-512x13,Gemstone 512x13 (103M),102643200,13,4,28,7,1,0.00019632601470220834,0.8199999928474426,414.1400146484375
Gemstone-Models/Gemstone-512x13,Gemstone 512x13 (103M),102643200,13,4,28,7,2,0.0001372331753373146,0.8199999928474426,414.1400146484375
Gemstone-Models/Gemstone-512x13,Gemstone 512x13 (103M),102643200,13,4,28,7,3,0.0007559083169326186,0.8199999928474426,414.1400146484375
Gemstone-Models/Gemstone-512x13,Gemstone 512x13 (103M),102643200,13,4,28,8,0,0.003351380815729499,0.8199999928474426,414.1400146484375
Gemstone-Models/Gemstone-512x13,Gemstone 512x13 (103M),102643200,13,4,28,8,1,0.0027072173543274403,0.8199999928474426,414.1400146484375
Gemstone-Models/Gemstone-512x13,Gemstone 512x13 (103M),102643200,13,4,28,8,2,0.0005184340989217162,0.8199999928474426,414.1400146484375
Gemstone-Models/Gemstone-512x13,Gemstone 512x13 (103M),102643200,13,4,28,8,3,0.0392327643930912,0.8199999928474426,414.1400146484375
Gemstone-Models/Gemstone-512x13,Gemstone 512x13 (103M),102643200,13,4,28,9,0,2.2425730605846184e-08,0.8199999928474426,414.1400146484375
Gemstone-Models/Gemstone-512x13,Gemstone 512x13 (103M),102643200,13,4,28,9,1,0.00039959343848749995,0.8199999928474426,414.1400146484375
Gemstone-Models/Gemstone-512x13,Gemstone 512x13 (103M),102643200,13,4,28,9,2,0.002887149341404438,0.8199999928474426,414.1400146484375
Gemstone-Models/Gemstone-512x13,Gemstone 512x13 (103M),102643200,13,4,28,9,3,0.02368657849729061,0.8199999928474426,414.1400146484375
Gemstone-Models/Gemstone-512x13,Gemstone 512x13 (103M),102643200,13,4,28,10,0,0.9038391709327698,0.8199999928474426,414.1400146484375
Gemstone-Models/Gemstone-512x13,Gemstone 512x13 (103M),102643200,13,4,28,10,1,0.23728324472904205,0.8199999928474426,414.1400146484375
Gemstone-Models/Gemstone-512x13,Gemstone 512x13 (103M),102643200,13,4,28,10,2,0.0026303690392524004,0.8199999928474426,414.1400146484375
Gemstone-Models/Gemstone-512x13,Gemstone 512x13 (103M),102643200,13,4,28,10,3,0.17053453624248505,0.8199999928474426,414.1400146484375
Gemstone-Models/Gemstone-512x13,Gemstone 512x13 (103M),102643200,13,4,28,11,0,0.0569835901260376,0.8199999928474426,414.1400146484375
Gemstone-Models/Gemstone-512x13,Gemstone 512x13 (103M),102643200,13,4,28,11,1,0.05230879411101341,0.8199999928474426,414.1400146484375
Gemstone-Models/Gemstone-512x13,Gemstone 512x13 (103M),102643200,13,4,28,11,2,0.48240911960601807,0.8199999928474426,414.1400146484375
Gemstone-Models/Gemstone-512x13,Gemstone 512x13 (103M),102643200,13,4,28,11,3,0.4408377408981323,0.8199999928474426,414.1400146484375
Gemstone-Models/Gemstone-512x13,Gemstone 512x13 (103M),102643200,13,4,28,12,0,0.0045227427035570145,0.8199999928474426,414.1400146484375
Gemstone-Models/Gemstone-512x13,Gemstone 512x13 (103M),102643200,13,4,28,12,1,0.0019549645949155092,0.8199999928474426,414.1400146484375
Gemstone-Models/Gemstone-512x13,Gemstone 512x13 (103M),102643200,13,4,28,12,2,0.02183184213936329,0.8199999928474426,414.1400146484375
Gemstone-Models/Gemstone-512x13,Gemstone 512x13 (103M),102643200,13,4,28,12,3,0.011113697662949562,0.8199999928474426,414.1400146484375
Gemstone-Models/Gemstone-512x13,Gemstone 512x13 (103M),102643200,13,4,29,0,0,1.6825320926727727e-05,0.3199999928474426,162.0
Gemstone-Models/Gemstone-512x13,Gemstone 512x13 (103M),102643200,13,4,29,0,1,0.0035841891076415777,0.3199999928474426,162.0
Gemstone-Models/Gemstone-512x13,Gemstone 512x13 (103M),102643200,13,4,29,0,2,0.016043154522776604,0.3199999928474426,162.0
Gemstone-Models/Gemstone-512x13,Gemstone 512x13 (103M),102643200,13,4,29,0,3,0.00861527118831873,0.3199999928474426,162.0
Gemstone-Models/Gemstone-512x13,Gemstone 512x13 (103M),102643200,13,4,29,1,0,0.0009956849971786141,0.3199999928474426,162.0
Gemstone-Models/Gemstone-512x13,Gemstone 512x13 (103M),102643200,13,4,29,1,1,0.007646326441317797,0.3199999928474426,162.0
Gemstone-Models/Gemstone-512x13,Gemstone 512x13 (103M),102643200,13,4,29,1,2,0.0005229426315054297,0.3199999928474426,162.0
Gemstone-Models/Gemstone-512x13,Gemstone 512x13 (103M),102643200,13,4,29,1,3,0.002311598975211382,0.3199999928474426,162.0
Gemstone-Models/Gemstone-512x13,Gemstone 512x13 (103M),102643200,13,4,29,2,0,0.006949630565941334,0.3199999928474426,162.0
Gemstone-Models/Gemstone-512x13,Gemstone 512x13 (103M),102643200,13,4,29,2,1,0.0011347112013027072,0.3199999928474426,162.0
Gemstone-Models/Gemstone-512x13,Gemstone 512x13 (103M),102643200,13,4,29,2,2,0.008164250291883945,0.3199999928474426,162.0
Gemstone-Models/Gemstone-512x13,Gemstone 512x13 (103M),102643200,13,4,29,2,3,0.00697398791089654,0.3199999928474426,162.0
Gemstone-Models/Gemstone-512x13,Gemstone 512x13 (103M),102643200,13,4,29,3,0,0.005899278912693262,0.3199999928474426,162.0
Gemstone-Models/Gemstone-512x13,Gemstone 512x13 (103M),102643200,13,4,29,3,1,0.00023618493287358433,0.3199999928474426,162.0
Gemstone-Models/Gemstone-512x13,Gemstone 512x13 (103M),102643200,13,4,29,3,2,0.00585178891196847,0.3199999928474426,162.0
Gemstone-Models/Gemstone-512x13,Gemstone 512x13 (103M),102643200,13,4,29,3,3,0.006384931970387697,0.3199999928474426,162.0
Gemstone-Models/Gemstone-512x13,Gemstone 512x13 (103M),102643200,13,4,29,4,0,0.013919861055910587,0.3199999928474426,162.0
Gemstone-Models/Gemstone-512x13,Gemstone 512x13 (103M),102643200,13,4,29,4,1,0.00612732395529747,0.3199999928474426,162.0
Gemstone-Models/Gemstone-512x13,Gemstone 512x13 (103M),102643200,13,4,29,4,2,0.005171170923858881,0.3199999928474426,162.0
Gemstone-Models/Gemstone-512x13,Gemstone 512x13 (103M),102643200,13,4,29,4,3,0.001142952241934836,0.3199999928474426,162.0
Gemstone-Models/Gemstone-512x13,Gemstone 512x13 (103M),102643200,13,4,29,5,0,0.0064334990456700325,0.3199999928474426,162.0
Gemstone-Models/Gemstone-512x13,Gemstone 512x13 (103M),102643200,13,4,29,5,1,0.011277438141405582,0.3199999928474426,162.0
Gemstone-Models/Gemstone-512x13,Gemstone 512x13 (103M),102643200,13,4,29,5,2,2.238135152765608e-07,0.3199999928474426,162.0
Gemstone-Models/Gemstone-512x13,Gemstone 512x13 (103M),102643200,13,4,29,5,3,9.781422704691067e-05,0.3199999928474426,162.0
Gemstone-Models/Gemstone-512x13,Gemstone 512x13 (103M),102643200,13,4,29,6,0,0.00040468989755026996,0.3199999928474426,162.0
Gemstone-Models/Gemstone-512x13,Gemstone 512x13 (103M),102643200,13,4,29,6,1,0.7823325991630554,0.3199999928474426,162.0
Gemstone-Models/Gemstone-512x13,Gemstone 512x13 (103M),102643200,13,4,29,6,2,0.00351826217956841,0.3199999928474426,162.0
Gemstone-Models/Gemstone-512x13,Gemstone 512x13 (103M),102643200,13,4,29,6,3,0.0037215477786958218,0.3199999928474426,162.0
Gemstone-Models/Gemstone-512x13,Gemstone 512x13 (103M),102643200,13,4,29,7,0,0.0013081618817523122,0.3199999928474426,162.0
Gemstone-Models/Gemstone-512x13,Gemstone 512x13 (103M),102643200,13,4,29,7,1,6.270591984502971e-05,0.3199999928474426,162.0
Gemstone-Models/Gemstone-512x13,Gemstone 512x13 (103M),102643200,13,4,29,7,2,0.00033592115505598485,0.3199999928474426,162.0
Gemstone-Models/Gemstone-512x13,Gemstone 512x13 (103M),102643200,13,4,29,7,3,0.0005742476787418127,0.3199999928474426,162.0
Gemstone-Models/Gemstone-512x13,Gemstone 512x13 (103M),102643200,13,4,29,8,0,0.003039920935407281,0.3199999928474426,162.0
Gemstone-Models/Gemstone-512x13,Gemstone 512x13 (103M),102643200,13,4,29,8,1,0.003098708111792803,0.3199999928474426,162.0
Gemstone-Models/Gemstone-512x13,Gemstone 512x13 (103M),102643200,13,4,29,8,2,0.00016006093937903643,0.3199999928474426,162.0
Gemstone-Models/Gemstone-512x13,Gemstone 512x13 (103M),102643200,13,4,29,8,3,0.02759012207388878,0.3199999928474426,162.0
Gemstone-Models/Gemstone-512x13,Gemstone 512x13 (103M),102643200,13,4,29,9,0,6.389807793993896e-09,0.3199999928474426,162.0
Gemstone-Models/Gemstone-512x13,Gemstone 512x13 (103M),102643200,13,4,29,9,1,0.0002587648341432214,0.3199999928474426,162.0
Gemstone-Models/Gemstone-512x13,Gemstone 512x13 (103M),102643200,13,4,29,9,2,0.001824993989430368,0.3199999928474426,162.0
Gemstone-Models/Gemstone-512x13,Gemstone 512x13 (103M),102643200,13,4,29,9,3,0.011627583764493465,0.3199999928474426,162.0
Gemstone-Models/Gemstone-512x13,Gemstone 512x13 (103M),102643200,13,4,29,10,0,0.8231152296066284,0.3199999928474426,162.0
Gemstone-Models/Gemstone-512x13,Gemstone 512x13 (103M),102643200,13,4,29,10,1,0.14836224913597107,0.3199999928474426,162.0
Gemstone-Models/Gemstone-512x13,Gemstone 512x13 (103M),102643200,13,4,29,10,2,0.003217996098101139,0.3199999928474426,162.0
Gemstone-Models/Gemstone-512x13,Gemstone 512x13 (103M),102643200,13,4,29,10,3,0.115983746945858,0.3199999928474426,162.0
Gemstone-Models/Gemstone-512x13,Gemstone 512x13 (103M),102643200,13,4,29,11,0,0.02996242791414261,0.3199999928474426,162.0
Gemstone-Models/Gemstone-512x13,Gemstone 512x13 (103M),102643200,13,4,29,11,1,0.029994238168001175,0.3199999928474426,162.0
Gemstone-Models/Gemstone-512x13,Gemstone 512x13 (103M),102643200,13,4,29,11,2,0.30001479387283325,0.3199999928474426,162.0
Gemstone-Models/Gemstone-512x13,Gemstone 512x13 (103M),102643200,13,4,29,11,3,0.27094775438308716,0.3199999928474426,162.0
Gemstone-Models/Gemstone-512x13,Gemstone 512x13 (103M),102643200,13,4,29,12,0,0.002692987909540534,0.3199999928474426,162.0
Gemstone-Models/Gemstone-512x13,Gemstone 512x13 (103M),102643200,13,4,29,12,1,0.001599548733793199,0.3199999928474426,162.0
Gemstone-Models/Gemstone-512x13,Gemstone 512x13 (103M),102643200,13,4,29,12,2,0.013394106179475784,0.3199999928474426,162.0
Gemstone-Models/Gemstone-512x13,Gemstone 512x13 (103M),102643200,13,4,29,12,3,0.004719808232039213,0.3199999928474426,162.0
Gemstone-Models/Gemstone-512x13,Gemstone 512x13 (103M),102643200,13,4,30,0,0,0.0035982923582196236,0.5400000214576721,1108.9200439453125
Gemstone-Models/Gemstone-512x13,Gemstone 512x13 (103M),102643200,13,4,30,0,1,0.004834858700633049,0.5400000214576721,1108.9200439453125
Gemstone-Models/Gemstone-512x13,Gemstone 512x13 (103M),102643200,13,4,30,0,2,0.015953246504068375,0.5400000214576721,1108.9200439453125
Gemstone-Models/Gemstone-512x13,Gemstone 512x13 (103M),102643200,13,4,30,0,3,0.007430783472955227,0.5400000214576721,1108.9200439453125
Gemstone-Models/Gemstone-512x13,Gemstone 512x13 (103M),102643200,13,4,30,1,0,0.0006950430106371641,0.5400000214576721,1108.9200439453125
Gemstone-Models/Gemstone-512x13,Gemstone 512x13 (103M),102643200,13,4,30,1,1,0.00817264337092638,0.5400000214576721,1108.9200439453125
Gemstone-Models/Gemstone-512x13,Gemstone 512x13 (103M),102643200,13,4,30,1,2,0.00037330889608711004,0.5400000214576721,1108.9200439453125
Gemstone-Models/Gemstone-512x13,Gemstone 512x13 (103M),102643200,13,4,30,1,3,0.01688479632139206,0.5400000214576721,1108.9200439453125
Gemstone-Models/Gemstone-512x13,Gemstone 512x13 (103M),102643200,13,4,30,2,0,0.00898768100887537,0.5400000214576721,1108.9200439453125
Gemstone-Models/Gemstone-512x13,Gemstone 512x13 (103M),102643200,13,4,30,2,1,0.0014224478509277105,0.5400000214576721,1108.9200439453125
Gemstone-Models/Gemstone-512x13,Gemstone 512x13 (103M),102643200,13,4,30,2,2,0.005863888189196587,0.5400000214576721,1108.9200439453125
Gemstone-Models/Gemstone-512x13,Gemstone 512x13 (103M),102643200,13,4,30,2,3,0.012383329682052135,0.5400000214576721,1108.9200439453125
Gemstone-Models/Gemstone-512x13,Gemstone 512x13 (103M),102643200,13,4,30,3,0,0.007687930017709732,0.5400000214576721,1108.9200439453125
Gemstone-Models/Gemstone-512x13,Gemstone 512x13 (103M),102643200,13,4,30,3,1,0.0003204538661520928,0.5400000214576721,1108.9200439453125
Gemstone-Models/Gemstone-512x13,Gemstone 512x13 (103M),102643200,13,4,30,3,2,0.006275069899857044,0.5400000214576721,1108.9200439453125
Gemstone-Models/Gemstone-512x13,Gemstone 512x13 (103M),102643200,13,4,30,3,3,0.012030077166855335,0.5400000214576721,1108.9200439453125
Gemstone-Models/Gemstone-512x13,Gemstone 512x13 (103M),102643200,13,4,30,4,0,0.018091263249516487,0.5400000214576721,1108.9200439453125
Gemstone-Models/Gemstone-512x13,Gemstone 512x13 (103M),102643200,13,4,30,4,1,0.006293687038123608,0.5400000214576721,1108.9200439453125
Gemstone-Models/Gemstone-512x13,Gemstone 512x13 (103M),102643200,13,4,30,4,2,0.005714327096939087,0.5400000214576721,1108.9200439453125
Gemstone-Models/Gemstone-512x13,Gemstone 512x13 (103M),102643200,13,4,30,4,3,0.0007870759000070393,0.5400000214576721,1108.9200439453125
Gemstone-Models/Gemstone-512x13,Gemstone 512x13 (103M),102643200,13,4,30,5,0,0.00766802066937089,0.5400000214576721,1108.9200439453125
Gemstone-Models/Gemstone-512x13,Gemstone 512x13 (103M),102643200,13,4,30,5,1,0.012733283452689648,0.5400000214576721,1108.9200439453125
Gemstone-Models/Gemstone-512x13,Gemstone 512x13 (103M),102643200,13,4,30,5,2,2.0798024991108832e-07,0.5400000214576721,1108.9200439453125
Gemstone-Models/Gemstone-512x13,Gemstone 512x13 (103M),102643200,13,4,30,5,3,9.014099487103522e-05,0.5400000214576721,1108.9200439453125
Gemstone-Models/Gemstone-512x13,Gemstone 512x13 (103M),102643200,13,4,30,6,0,0.0003101668262388557,0.5400000214576721,1108.9200439453125
Gemstone-Models/Gemstone-512x13,Gemstone 512x13 (103M),102643200,13,4,30,6,1,0.7541115283966064,0.5400000214576721,1108.9200439453125
Gemstone-Models/Gemstone-512x13,Gemstone 512x13 (103M),102643200,13,4,30,6,2,0.00447935750707984,0.5400000214576721,1108.9200439453125
Gemstone-Models/Gemstone-512x13,Gemstone 512x13 (103M),102643200,13,4,30,6,3,0.0036382980179041624,0.5400000214576721,1108.9200439453125
Gemstone-Models/Gemstone-512x13,Gemstone 512x13 (103M),102643200,13,4,30,7,0,0.0023246356286108494,0.5400000214576721,1108.9200439453125
Gemstone-Models/Gemstone-512x13,Gemstone 512x13 (103M),102643200,13,4,30,7,1,7.294370152521878e-05,0.5400000214576721,1108.9200439453125
Gemstone-Models/Gemstone-512x13,Gemstone 512x13 (103M),102643200,13,4,30,7,2,0.00107019511051476,0.5400000214576721,1108.9200439453125
Gemstone-Models/Gemstone-512x13,Gemstone 512x13 (103M),102643200,13,4,30,7,3,0.0006344871362671256,0.5400000214576721,1108.9200439453125
Gemstone-Models/Gemstone-512x13,Gemstone 512x13 (103M),102643200,13,4,30,8,0,0.00399754848331213,0.5400000214576721,1108.9200439453125
Gemstone-Models/Gemstone-512x13,Gemstone 512x13 (103M),102643200,13,4,30,8,1,0.0037239957600831985,0.5400000214576721,1108.9200439453125
Gemstone-Models/Gemstone-512x13,Gemstone 512x13 (103M),102643200,13,4,30,8,2,0.0003339873510412872,0.5400000214576721,1108.9200439453125
Gemstone-Models/Gemstone-512x13,Gemstone 512x13 (103M),102643200,13,4,30,8,3,0.030284876003861427,0.5400000214576721,1108.9200439453125
Gemstone-Models/Gemstone-512x13,Gemstone 512x13 (103M),102643200,13,4,30,9,0,9.117220756138522e-09,0.5400000214576721,1108.9200439453125
Gemstone-Models/Gemstone-512x13,Gemstone 512x13 (103M),102643200,13,4,30,9,1,0.0003249596047680825,0.5400000214576721,1108.9200439453125
Gemstone-Models/Gemstone-512x13,Gemstone 512x13 (103M),102643200,13,4,30,9,2,0.0016357051208615303,0.5400000214576721,1108.9200439453125
Gemstone-Models/Gemstone-512x13,Gemstone 512x13 (103M),102643200,13,4,30,9,3,0.013258767314255238,0.5400000214576721,1108.9200439453125
Gemstone-Models/Gemstone-512x13,Gemstone 512x13 (103M),102643200,13,4,30,10,0,0.8305520415306091,0.5400000214576721,1108.9200439453125
Gemstone-Models/Gemstone-512x13,Gemstone 512x13 (103M),102643200,13,4,30,10,1,0.15285617113113403,0.5400000214576721,1108.9200439453125
Gemstone-Models/Gemstone-512x13,Gemstone 512x13 (103M),102643200,13,4,30,10,2,0.0033839235547930002,0.5400000214576721,1108.9200439453125
Gemstone-Models/Gemstone-512x13,Gemstone 512x13 (103M),102643200,13,4,30,10,3,0.19276197254657745,0.5400000214576721,1108.9200439453125
Gemstone-Models/Gemstone-512x13,Gemstone 512x13 (103M),102643200,13,4,30,11,0,0.029608167707920074,0.5400000214576721,1108.9200439453125
Gemstone-Models/Gemstone-512x13,Gemstone 512x13 (103M),102643200,13,4,30,11,1,0.04269615188241005,0.5400000214576721,1108.9200439453125
Gemstone-Models/Gemstone-512x13,Gemstone 512x13 (103M),102643200,13,4,30,11,2,0.3215714991092682,0.5400000214576721,1108.9200439453125
Gemstone-Models/Gemstone-512x13,Gemstone 512x13 (103M),102643200,13,4,30,11,3,0.22520798444747925,0.5400000214576721,1108.9200439453125
Gemstone-Models/Gemstone-512x13,Gemstone 512x13 (103M),102643200,13,4,30,12,0,0.0027716299518942833,0.5400000214576721,1108.9200439453125
Gemstone-Models/Gemstone-512x13,Gemstone 512x13 (103M),102643200,13,4,30,12,1,0.0019972743466496468,0.5400000214576721,1108.9200439453125
Gemstone-Models/Gemstone-512x13,Gemstone 512x13 (103M),102643200,13,4,30,12,2,0.010935711674392223,0.5400000214576721,1108.9200439453125
Gemstone-Models/Gemstone-512x13,Gemstone 512x13 (103M),102643200,13,4,30,12,3,0.0036646497901529074,0.5400000214576721,1108.9200439453125
Gemstone-Models/Gemstone-512x13,Gemstone 512x13 (103M),102643200,13,4,31,0,0,4.261803405825049e-05,0.4000000059604645,640.9199829101562
Gemstone-Models/Gemstone-512x13,Gemstone 512x13 (103M),102643200,13,4,31,0,1,0.003948635421693325,0.4000000059604645,640.9199829101562
Gemstone-Models/Gemstone-512x13,Gemstone 512x13 (103M),102643200,13,4,31,0,2,0.016943611204624176,0.4000000059604645,640.9199829101562
Gemstone-Models/Gemstone-512x13,Gemstone 512x13 (103M),102643200,13,4,31,0,3,0.00657019205391407,0.4000000059604645,640.9199829101562
Gemstone-Models/Gemstone-512x13,Gemstone 512x13 (103M),102643200,13,4,31,1,0,0.0007680309354327619,0.4000000059604645,640.9199829101562
Gemstone-Models/Gemstone-512x13,Gemstone 512x13 (103M),102643200,13,4,31,1,1,0.009268134832382202,0.4000000059604645,640.9199829101562
Gemstone-Models/Gemstone-512x13,Gemstone 512x13 (103M),102643200,13,4,31,1,2,0.0005574934766627848,0.4000000059604645,640.9199829101562
Gemstone-Models/Gemstone-512x13,Gemstone 512x13 (103M),102643200,13,4,31,1,3,0.0016766838962212205,0.4000000059604645,640.9199829101562
Gemstone-Models/Gemstone-512x13,Gemstone 512x13 (103M),102643200,13,4,31,2,0,0.008286938071250916,0.4000000059604645,640.9199829101562
Gemstone-Models/Gemstone-512x13,Gemstone 512x13 (103M),102643200,13,4,31,2,1,0.0016121790977194905,0.4000000059604645,640.9199829101562
Gemstone-Models/Gemstone-512x13,Gemstone 512x13 (103M),102643200,13,4,31,2,2,0.009326682426035404,0.4000000059604645,640.9199829101562
Gemstone-Models/Gemstone-512x13,Gemstone 512x13 (103M),102643200,13,4,31,2,3,0.011306334286928177,0.4000000059604645,640.9199829101562
Gemstone-Models/Gemstone-512x13,Gemstone 512x13 (103M),102643200,13,4,31,3,0,0.005157877691090107,0.4000000059604645,640.9199829101562
Gemstone-Models/Gemstone-512x13,Gemstone 512x13 (103M),102643200,13,4,31,3,1,0.00034615397453308105,0.4000000059604645,640.9199829101562
Gemstone-Models/Gemstone-512x13,Gemstone 512x13 (103M),102643200,13,4,31,3,2,0.006516464985907078,0.4000000059604645,640.9199829101562
Gemstone-Models/Gemstone-512x13,Gemstone 512x13 (103M),102643200,13,4,31,3,3,0.008844091556966305,0.4000000059604645,640.9199829101562
Gemstone-Models/Gemstone-512x13,Gemstone 512x13 (103M),102643200,13,4,31,4,0,0.017449794337153435,0.4000000059604645,640.9199829101562
Gemstone-Models/Gemstone-512x13,Gemstone 512x13 (103M),102643200,13,4,31,4,1,0.002945513930171728,0.4000000059604645,640.9199829101562
Gemstone-Models/Gemstone-512x13,Gemstone 512x13 (103M),102643200,13,4,31,4,2,0.009388444013893604,0.4000000059604645,640.9199829101562
Gemstone-Models/Gemstone-512x13,Gemstone 512x13 (103M),102643200,13,4,31,4,3,0.0012884086463600397,0.4000000059604645,640.9199829101562
Gemstone-Models/Gemstone-512x13,Gemstone 512x13 (103M),102643200,13,4,31,5,0,0.007459086831659079,0.4000000059604645,640.9199829101562
Gemstone-Models/Gemstone-512x13,Gemstone 512x13 (103M),102643200,13,4,31,5,1,0.01331547275185585,0.4000000059604645,640.9199829101562
Gemstone-Models/Gemstone-512x13,Gemstone 512x13 (103M),102643200,13,4,31,5,2,4.594528490997618e-07,0.4000000059604645,640.9199829101562
Gemstone-Models/Gemstone-512x13,Gemstone 512x13 (103M),102643200,13,4,31,5,3,0.00010354811092838645,0.4000000059604645,640.9199829101562
Gemstone-Models/Gemstone-512x13,Gemstone 512x13 (103M),102643200,13,4,31,6,0,0.0003493829572107643,0.4000000059604645,640.9199829101562
Gemstone-Models/Gemstone-512x13,Gemstone 512x13 (103M),102643200,13,4,31,6,1,0.8090198040008545,0.4000000059604645,640.9199829101562
Gemstone-Models/Gemstone-512x13,Gemstone 512x13 (103M),102643200,13,4,31,6,2,0.0028478773310780525,0.4000000059604645,640.9199829101562
Gemstone-Models/Gemstone-512x13,Gemstone 512x13 (103M),102643200,13,4,31,6,3,0.003300831886008382,0.4000000059604645,640.9199829101562
Gemstone-Models/Gemstone-512x13,Gemstone 512x13 (103M),102643200,13,4,31,7,0,0.0016440795734524727,0.4000000059604645,640.9199829101562
Gemstone-Models/Gemstone-512x13,Gemstone 512x13 (103M),102643200,13,4,31,7,1,6.32267547189258e-05,0.4000000059604645,640.9199829101562
Gemstone-Models/Gemstone-512x13,Gemstone 512x13 (103M),102643200,13,4,31,7,2,0.0005197219434194267,0.4000000059604645,640.9199829101562
Gemstone-Models/Gemstone-512x13,Gemstone 512x13 (103M),102643200,13,4,31,7,3,0.0011658570729196072,0.4000000059604645,640.9199829101562
Gemstone-Models/Gemstone-512x13,Gemstone 512x13 (103M),102643200,13,4,31,8,0,0.003608809784054756,0.4000000059604645,640.9199829101562
Gemstone-Models/Gemstone-512x13,Gemstone 512x13 (103M),102643200,13,4,31,8,1,0.0030717342160642147,0.4000000059604645,640.9199829101562
Gemstone-Models/Gemstone-512x13,Gemstone 512x13 (103M),102643200,13,4,31,8,2,0.00025876061408780515,0.4000000059604645,640.9199829101562
Gemstone-Models/Gemstone-512x13,Gemstone 512x13 (103M),102643200,13,4,31,8,3,0.03159911185503006,0.4000000059604645,640.9199829101562
Gemstone-Models/Gemstone-512x13,Gemstone 512x13 (103M),102643200,13,4,31,9,0,1.8271961721438856e-08,0.4000000059604645,640.9199829101562
Gemstone-Models/Gemstone-512x13,Gemstone 512x13 (103M),102643200,13,4,31,9,1,0.00016691531345713884,0.4000000059604645,640.9199829101562
Gemstone-Models/Gemstone-512x13,Gemstone 512x13 (103M),102643200,13,4,31,9,2,0.001829570042900741,0.4000000059604645,640.9199829101562
Gemstone-Models/Gemstone-512x13,Gemstone 512x13 (103M),102643200,13,4,31,9,3,0.01140531525015831,0.4000000059604645,640.9199829101562
Gemstone-Models/Gemstone-512x13,Gemstone 512x13 (103M),102643200,13,4,31,10,0,0.8766359090805054,0.4000000059604645,640.9199829101562
Gemstone-Models/Gemstone-512x13,Gemstone 512x13 (103M),102643200,13,4,31,10,1,0.19908010959625244,0.4000000059604645,640.9199829101562
Gemstone-Models/Gemstone-512x13,Gemstone 512x13 (103M),102643200,13,4,31,10,2,0.004912554752081633,0.4000000059604645,640.9199829101562
Gemstone-Models/Gemstone-512x13,Gemstone 512x13 (103M),102643200,13,4,31,10,3,0.2469981610774994,0.4000000059604645,640.9199829101562
Gemstone-Models/Gemstone-512x13,Gemstone 512x13 (103M),102643200,13,4,31,11,0,0.033642660826444626,0.4000000059604645,640.9199829101562
Gemstone-Models/Gemstone-512x13,Gemstone 512x13 (103M),102643200,13,4,31,11,1,0.032249633222818375,0.4000000059604645,640.9199829101562
Gemstone-Models/Gemstone-512x13,Gemstone 512x13 (103M),102643200,13,4,31,11,2,0.3491375744342804,0.4000000059604645,640.9199829101562
Gemstone-Models/Gemstone-512x13,Gemstone 512x13 (103M),102643200,13,4,31,11,3,0.29422426223754883,0.4000000059604645,640.9199829101562
Gemstone-Models/Gemstone-512x13,Gemstone 512x13 (103M),102643200,13,4,31,12,0,0.0055398703552782536,0.4000000059604645,640.9199829101562
Gemstone-Models/Gemstone-512x13,Gemstone 512x13 (103M),102643200,13,4,31,12,1,0.0025610520970076323,0.4000000059604645,640.9199829101562
Gemstone-Models/Gemstone-512x13,Gemstone 512x13 (103M),102643200,13,4,31,12,2,0.011373463086783886,0.4000000059604645,640.9199829101562
Gemstone-Models/Gemstone-512x13,Gemstone 512x13 (103M),102643200,13,4,31,12,3,0.006090216804295778,0.4000000059604645,640.9199829101562
Gemstone-Models/Gemstone-512x13,Gemstone 512x13 (103M),102643200,13,4,32,0,0,0.0028900038450956345,0.30000001192092896,3099.60009765625
Gemstone-Models/Gemstone-512x13,Gemstone 512x13 (103M),102643200,13,4,32,0,1,0.003004959551617503,0.30000001192092896,3099.60009765625
Gemstone-Models/Gemstone-512x13,Gemstone 512x13 (103M),102643200,13,4,32,0,2,0.01491502020508051,0.30000001192092896,3099.60009765625
Gemstone-Models/Gemstone-512x13,Gemstone 512x13 (103M),102643200,13,4,32,0,3,0.007256524171680212,0.30000001192092896,3099.60009765625
Gemstone-Models/Gemstone-512x13,Gemstone 512x13 (103M),102643200,13,4,32,1,0,0.0010058160405606031,0.30000001192092896,3099.60009765625
Gemstone-Models/Gemstone-512x13,Gemstone 512x13 (103M),102643200,13,4,32,1,1,0.007572806905955076,0.30000001192092896,3099.60009765625
Gemstone-Models/Gemstone-512x13,Gemstone 512x13 (103M),102643200,13,4,32,1,2,0.007070763502269983,0.30000001192092896,3099.60009765625
Gemstone-Models/Gemstone-512x13,Gemstone 512x13 (103M),102643200,13,4,32,1,3,0.014572921209037304,0.30000001192092896,3099.60009765625
Gemstone-Models/Gemstone-512x13,Gemstone 512x13 (103M),102643200,13,4,32,2,0,0.007557268254458904,0.30000001192092896,3099.60009765625
Gemstone-Models/Gemstone-512x13,Gemstone 512x13 (103M),102643200,13,4,32,2,1,0.001790652982890606,0.30000001192092896,3099.60009765625
Gemstone-Models/Gemstone-512x13,Gemstone 512x13 (103M),102643200,13,4,32,2,2,0.006443841382861137,0.30000001192092896,3099.60009765625
Gemstone-Models/Gemstone-512x13,Gemstone 512x13 (103M),102643200,13,4,32,2,3,0.011294875293970108,0.30000001192092896,3099.60009765625
Gemstone-Models/Gemstone-512x13,Gemstone 512x13 (103M),102643200,13,4,32,3,0,0.0054230038076639175,0.30000001192092896,3099.60009765625
Gemstone-Models/Gemstone-512x13,Gemstone 512x13 (103M),102643200,13,4,32,3,1,0.0006065807538107038,0.30000001192092896,3099.60009765625
Gemstone-Models/Gemstone-512x13,Gemstone 512x13 (103M),102643200,13,4,32,3,2,0.0064104171469807625,0.30000001192092896,3099.60009765625
Gemstone-Models/Gemstone-512x13,Gemstone 512x13 (103M),102643200,13,4,32,3,3,0.008695462718605995,0.30000001192092896,3099.60009765625
Gemstone-Models/Gemstone-512x13,Gemstone 512x13 (103M),102643200,13,4,32,4,0,0.014724967069923878,0.30000001192092896,3099.60009765625
Gemstone-Models/Gemstone-512x13,Gemstone 512x13 (103M),102643200,13,4,32,4,1,0.006218373775482178,0.30000001192092896,3099.60009765625
Gemstone-Models/Gemstone-512x13,Gemstone 512x13 (103M),102643200,13,4,32,4,2,0.005663186777383089,0.30000001192092896,3099.60009765625
Gemstone-Models/Gemstone-512x13,Gemstone 512x13 (103M),102643200,13,4,32,4,3,0.0010724507737904787,0.30000001192092896,3099.60009765625
Gemstone-Models/Gemstone-512x13,Gemstone 512x13 (103M),102643200,13,4,32,5,0,0.0067289648577570915,0.30000001192092896,3099.60009765625
Gemstone-Models/Gemstone-512x13,Gemstone 512x13 (103M),102643200,13,4,32,5,1,0.010387947782874107,0.30000001192092896,3099.60009765625
Gemstone-Models/Gemstone-512x13,Gemstone 512x13 (103M),102643200,13,4,32,5,2,1.4581249274669972e-07,0.30000001192092896,3099.60009765625
Gemstone-Models/Gemstone-512x13,Gemstone 512x13 (103M),102643200,13,4,32,5,3,7.873358117649332e-05,0.30000001192092896,3099.60009765625
Gemstone-Models/Gemstone-512x13,Gemstone 512x13 (103M),102643200,13,4,32,6,0,0.00029582460410892963,0.30000001192092896,3099.60009765625
Gemstone-Models/Gemstone-512x13,Gemstone 512x13 (103M),102643200,13,4,32,6,1,0.7360562086105347,0.30000001192092896,3099.60009765625
Gemstone-Models/Gemstone-512x13,Gemstone 512x13 (103M),102643200,13,4,32,6,2,0.0019201269606128335,0.30000001192092896,3099.60009765625
Gemstone-Models/Gemstone-512x13,Gemstone 512x13 (103M),102643200,13,4,32,6,3,0.004045803565531969,0.30000001192092896,3099.60009765625
Gemstone-Models/Gemstone-512x13,Gemstone 512x13 (103M),102643200,13,4,32,7,0,0.0018017309485003352,0.30000001192092896,3099.60009765625
Gemstone-Models/Gemstone-512x13,Gemstone 512x13 (103M),102643200,13,4,32,7,1,9.914673864841461e-05,0.30000001192092896,3099.60009765625
Gemstone-Models/Gemstone-512x13,Gemstone 512x13 (103M),102643200,13,4,32,7,2,0.00039254463627003133,0.30000001192092896,3099.60009765625
Gemstone-Models/Gemstone-512x13,Gemstone 512x13 (103M),102643200,13,4,32,7,3,0.0007735799881629646,0.30000001192092896,3099.60009765625
Gemstone-Models/Gemstone-512x13,Gemstone 512x13 (103M),102643200,13,4,32,8,0,0.002629184629768133,0.30000001192092896,3099.60009765625
Gemstone-Models/Gemstone-512x13,Gemstone 512x13 (103M),102643200,13,4,32,8,1,0.0027954746037721634,0.30000001192092896,3099.60009765625
Gemstone-Models/Gemstone-512x13,Gemstone 512x13 (103M),102643200,13,4,32,8,2,0.00023995926312636584,0.30000001192092896,3099.60009765625
Gemstone-Models/Gemstone-512x13,Gemstone 512x13 (103M),102643200,13,4,32,8,3,0.018627487123012543,0.30000001192092896,3099.60009765625
Gemstone-Models/Gemstone-512x13,Gemstone 512x13 (103M),102643200,13,4,32,9,0,3.022732641966286e-08,0.30000001192092896,3099.60009765625
Gemstone-Models/Gemstone-512x13,Gemstone 512x13 (103M),102643200,13,4,32,9,1,0.0003411575744394213,0.30000001192092896,3099.60009765625
Gemstone-Models/Gemstone-512x13,Gemstone 512x13 (103M),102643200,13,4,32,9,2,0.0016280105337500572,0.30000001192092896,3099.60009765625
Gemstone-Models/Gemstone-512x13,Gemstone 512x13 (103M),102643200,13,4,32,9,3,0.0076215676963329315,0.30000001192092896,3099.60009765625
Gemstone-Models/Gemstone-512x13,Gemstone 512x13 (103M),102643200,13,4,32,10,0,0.7896761298179626,0.30000001192092896,3099.60009765625
Gemstone-Models/Gemstone-512x13,Gemstone 512x13 (103M),102643200,13,4,32,10,1,0.09878280758857727,0.30000001192092896,3099.60009765625
Gemstone-Models/Gemstone-512x13,Gemstone 512x13 (103M),102643200,13,4,32,10,2,0.0032761951442807913,0.30000001192092896,3099.60009765625
Gemstone-Models/Gemstone-512x13,Gemstone 512x13 (103M),102643200,13,4,32,10,3,0.11857148259878159,0.30000001192092896,3099.60009765625
Gemstone-Models/Gemstone-512x13,Gemstone 512x13 (103M),102643200,13,4,32,11,0,0.018161149695515633,0.30000001192092896,3099.60009765625
Gemstone-Models/Gemstone-512x13,Gemstone 512x13 (103M),102643200,13,4,32,11,1,0.02667190134525299,0.30000001192092896,3099.60009765625
Gemstone-Models/Gemstone-512x13,Gemstone 512x13 (103M),102643200,13,4,32,11,2,0.2586153447628021,0.30000001192092896,3099.60009765625
Gemstone-Models/Gemstone-512x13,Gemstone 512x13 (103M),102643200,13,4,32,11,3,0.18786993622779846,0.30000001192092896,3099.60009765625
Gemstone-Models/Gemstone-512x13,Gemstone 512x13 (103M),102643200,13,4,32,12,0,0.0027647376991808414,0.30000001192092896,3099.60009765625
Gemstone-Models/Gemstone-512x13,Gemstone 512x13 (103M),102643200,13,4,32,12,1,0.00122456019744277,0.30000001192092896,3099.60009765625
Gemstone-Models/Gemstone-512x13,Gemstone 512x13 (103M),102643200,13,4,32,12,2,0.007389502599835396,0.30000001192092896,3099.60009765625
Gemstone-Models/Gemstone-512x13,Gemstone 512x13 (103M),102643200,13,4,32,12,3,0.003923026379197836,0.30000001192092896,3099.60009765625
Gemstone-Models/Gemstone-512x13,Gemstone 512x13 (103M),102643200,13,4,33,0,0,0.00011729564721463248,0.7400000095367432,167.5800018310547
Gemstone-Models/Gemstone-512x13,Gemstone 512x13 (103M),102643200,13,4,33,0,1,0.004577173385769129,0.7400000095367432,167.5800018310547
Gemstone-Models/Gemstone-512x13,Gemstone 512x13 (103M),102643200,13,4,33,0,2,0.016442522406578064,0.7400000095367432,167.5800018310547
Gemstone-Models/Gemstone-512x13,Gemstone 512x13 (103M),102643200,13,4,33,0,3,0.009786132723093033,0.7400000095367432,167.5800018310547
Gemstone-Models/Gemstone-512x13,Gemstone 512x13 (103M),102643200,13,4,33,1,0,0.0015565657522529364,0.7400000095367432,167.5800018310547
Gemstone-Models/Gemstone-512x13,Gemstone 512x13 (103M),102643200,13,4,33,1,1,0.012206215411424637,0.7400000095367432,167.5800018310547
Gemstone-Models/Gemstone-512x13,Gemstone 512x13 (103M),102643200,13,4,33,1,2,0.00023374249576590955,0.7400000095367432,167.5800018310547
Gemstone-Models/Gemstone-512x13,Gemstone 512x13 (103M),102643200,13,4,33,1,3,0.004309086129069328,0.7400000095367432,167.5800018310547
Gemstone-Models/Gemstone-512x13,Gemstone 512x13 (103M),102643200,13,4,33,2,0,0.014238899573683739,0.7400000095367432,167.5800018310547
Gemstone-Models/Gemstone-512x13,Gemstone 512x13 (103M),102643200,13,4,33,2,1,0.003937076777219772,0.7400000095367432,167.5800018310547
Gemstone-Models/Gemstone-512x13,Gemstone 512x13 (103M),102643200,13,4,33,2,2,0.018570689484477043,0.7400000095367432,167.5800018310547
Gemstone-Models/Gemstone-512x13,Gemstone 512x13 (103M),102643200,13,4,33,2,3,0.015117865055799484,0.7400000095367432,167.5800018310547
Gemstone-Models/Gemstone-512x13,Gemstone 512x13 (103M),102643200,13,4,33,3,0,0.011824117042124271,0.7400000095367432,167.5800018310547
Gemstone-Models/Gemstone-512x13,Gemstone 512x13 (103M),102643200,13,4,33,3,1,0.0013405476929619908,0.7400000095367432,167.5800018310547
Gemstone-Models/Gemstone-512x13,Gemstone 512x13 (103M),102643200,13,4,33,3,2,0.0061532617546617985,0.7400000095367432,167.5800018310547
Gemstone-Models/Gemstone-512x13,Gemstone 512x13 (103M),102643200,13,4,33,3,3,0.013780775479972363,0.7400000095367432,167.5800018310547
Gemstone-Models/Gemstone-512x13,Gemstone 512x13 (103M),102643200,13,4,33,4,0,0.024990525096654892,0.7400000095367432,167.5800018310547
Gemstone-Models/Gemstone-512x13,Gemstone 512x13 (103M),102643200,13,4,33,4,1,0.005947187542915344,0.7400000095367432,167.5800018310547
Gemstone-Models/Gemstone-512x13,Gemstone 512x13 (103M),102643200,13,4,33,4,2,0.0064598978497087955,0.7400000095367432,167.5800018310547
Gemstone-Models/Gemstone-512x13,Gemstone 512x13 (103M),102643200,13,4,33,4,3,0.0012084650807082653,0.7400000095367432,167.5800018310547
Gemstone-Models/Gemstone-512x13,Gemstone 512x13 (103M),102643200,13,4,33,5,0,0.014415983110666275,0.7400000095367432,167.5800018310547
Gemstone-Models/Gemstone-512x13,Gemstone 512x13 (103M),102643200,13,4,33,5,1,0.015021272003650665,0.7400000095367432,167.5800018310547
Gemstone-Models/Gemstone-512x13,Gemstone 512x13 (103M),102643200,13,4,33,5,2,2.5813153570197755e-06,0.7400000095367432,167.5800018310547
Gemstone-Models/Gemstone-512x13,Gemstone 512x13 (103M),102643200,13,4,33,5,3,7.040407217573375e-05,0.7400000095367432,167.5800018310547
Gemstone-Models/Gemstone-512x13,Gemstone 512x13 (103M),102643200,13,4,33,6,0,0.00131133827380836,0.7400000095367432,167.5800018310547
Gemstone-Models/Gemstone-512x13,Gemstone 512x13 (103M),102643200,13,4,33,6,1,0.893833339214325,0.7400000095367432,167.5800018310547
Gemstone-Models/Gemstone-512x13,Gemstone 512x13 (103M),102643200,13,4,33,6,2,0.009727772325277328,0.7400000095367432,167.5800018310547
Gemstone-Models/Gemstone-512x13,Gemstone 512x13 (103M),102643200,13,4,33,6,3,0.00767421955242753,0.7400000095367432,167.5800018310547
Gemstone-Models/Gemstone-512x13,Gemstone 512x13 (103M),102643200,13,4,33,7,0,0.002183992648497224,0.7400000095367432,167.5800018310547
Gemstone-Models/Gemstone-512x13,Gemstone 512x13 (103M),102643200,13,4,33,7,1,0.00011032470501959324,0.7400000095367432,167.5800018310547
Gemstone-Models/Gemstone-512x13,Gemstone 512x13 (103M),102643200,13,4,33,7,2,0.00023363862419500947,0.7400000095367432,167.5800018310547
Gemstone-Models/Gemstone-512x13,Gemstone 512x13 (103M),102643200,13,4,33,7,3,0.0005416153580881655,0.7400000095367432,167.5800018310547
Gemstone-Models/Gemstone-512x13,Gemstone 512x13 (103M),102643200,13,4,33,8,0,0.004102907609194517,0.7400000095367432,167.5800018310547
Gemstone-Models/Gemstone-512x13,Gemstone 512x13 (103M),102643200,13,4,33,8,1,0.003016249043866992,0.7400000095367432,167.5800018310547
Gemstone-Models/Gemstone-512x13,Gemstone 512x13 (103M),102643200,13,4,33,8,2,0.00034318515099585056,0.7400000095367432,167.5800018310547
Gemstone-Models/Gemstone-512x13,Gemstone 512x13 (103M),102643200,13,4,33,8,3,0.03716796264052391,0.7400000095367432,167.5800018310547
Gemstone-Models/Gemstone-512x13,Gemstone 512x13 (103M),102643200,13,4,33,9,0,4.974795331236237e-08,0.7400000095367432,167.5800018310547
Gemstone-Models/Gemstone-512x13,Gemstone 512x13 (103M),102643200,13,4,33,9,1,0.0003610927960835397,0.7400000095367432,167.5800018310547
Gemstone-Models/Gemstone-512x13,Gemstone 512x13 (103M),102643200,13,4,33,9,2,0.003980203997343779,0.7400000095367432,167.5800018310547
Gemstone-Models/Gemstone-512x13,Gemstone 512x13 (103M),102643200,13,4,33,9,3,0.021625185385346413,0.7400000095367432,167.5800018310547
Gemstone-Models/Gemstone-512x13,Gemstone 512x13 (103M),102643200,13,4,33,10,0,0.9181054830551147,0.7400000095367432,167.5800018310547
Gemstone-Models/Gemstone-512x13,Gemstone 512x13 (103M),102643200,13,4,33,10,1,0.26291632652282715,0.7400000095367432,167.5800018310547
Gemstone-Models/Gemstone-512x13,Gemstone 512x13 (103M),102643200,13,4,33,10,2,0.004482557997107506,0.7400000095367432,167.5800018310547
Gemstone-Models/Gemstone-512x13,Gemstone 512x13 (103M),102643200,13,4,33,10,3,0.2008649706840515,0.7400000095367432,167.5800018310547
Gemstone-Models/Gemstone-512x13,Gemstone 512x13 (103M),102643200,13,4,33,11,0,0.05176682770252228,0.7400000095367432,167.5800018310547
Gemstone-Models/Gemstone-512x13,Gemstone 512x13 (103M),102643200,13,4,33,11,1,0.04707188531756401,0.7400000095367432,167.5800018310547
Gemstone-Models/Gemstone-512x13,Gemstone 512x13 (103M),102643200,13,4,33,11,2,0.49335870146751404,0.7400000095367432,167.5800018310547
Gemstone-Models/Gemstone-512x13,Gemstone 512x13 (103M),102643200,13,4,33,11,3,0.3898847699165344,0.7400000095367432,167.5800018310547
Gemstone-Models/Gemstone-512x13,Gemstone 512x13 (103M),102643200,13,4,33,12,0,0.00475215632468462,0.7400000095367432,167.5800018310547
Gemstone-Models/Gemstone-512x13,Gemstone 512x13 (103M),102643200,13,4,33,12,1,0.004337690304964781,0.7400000095367432,167.5800018310547
Gemstone-Models/Gemstone-512x13,Gemstone 512x13 (103M),102643200,13,4,33,12,2,0.011861663311719894,0.7400000095367432,167.5800018310547
Gemstone-Models/Gemstone-512x13,Gemstone 512x13 (103M),102643200,13,4,33,12,3,0.008251065388321877,0.7400000095367432,167.5800018310547
Gemstone-Models/Gemstone-512x13,Gemstone 512x13 (103M),102643200,13,4,34,0,0,9.250311268260702e-05,0.8999999761581421,894.5599975585938
Gemstone-Models/Gemstone-512x13,Gemstone 512x13 (103M),102643200,13,4,34,0,1,0.002832255093380809,0.8999999761581421,894.5599975585938
Gemstone-Models/Gemstone-512x13,Gemstone 512x13 (103M),102643200,13,4,34,0,2,0.01441714633256197,0.8999999761581421,894.5599975585938
Gemstone-Models/Gemstone-512x13,Gemstone 512x13 (103M),102643200,13,4,34,0,3,0.009557006880640984,0.8999999761581421,894.5599975585938
Gemstone-Models/Gemstone-512x13,Gemstone 512x13 (103M),102643200,13,4,34,1,0,0.0009239884675480425,0.8999999761581421,894.5599975585938
Gemstone-Models/Gemstone-512x13,Gemstone 512x13 (103M),102643200,13,4,34,1,1,0.013974742963910103,0.8999999761581421,894.5599975585938
Gemstone-Models/Gemstone-512x13,Gemstone 512x13 (103M),102643200,13,4,34,1,2,0.0002141781005775556,0.8999999761581421,894.5599975585938
Gemstone-Models/Gemstone-512x13,Gemstone 512x13 (103M),102643200,13,4,34,1,3,0.002463592914864421,0.8999999761581421,894.5599975585938
Gemstone-Models/Gemstone-512x13,Gemstone 512x13 (103M),102643200,13,4,34,2,0,0.011174466460943222,0.8999999761581421,894.5599975585938
Gemstone-Models/Gemstone-512x13,Gemstone 512x13 (103M),102643200,13,4,34,2,1,0.002498595044016838,0.8999999761581421,894.5599975585938
Gemstone-Models/Gemstone-512x13,Gemstone 512x13 (103M),102643200,13,4,34,2,2,0.01224574539810419,0.8999999761581421,894.5599975585938
Gemstone-Models/Gemstone-512x13,Gemstone 512x13 (103M),102643200,13,4,34,2,3,0.011414816603064537,0.8999999761581421,894.5599975585938
Gemstone-Models/Gemstone-512x13,Gemstone 512x13 (103M),102643200,13,4,34,3,0,0.008089677430689335,0.8999999761581421,894.5599975585938
Gemstone-Models/Gemstone-512x13,Gemstone 512x13 (103M),102643200,13,4,34,3,1,0.00047362037003040314,0.8999999761581421,894.5599975585938
Gemstone-Models/Gemstone-512x13,Gemstone 512x13 (103M),102643200,13,4,34,3,2,0.006574603728950024,0.8999999761581421,894.5599975585938
Gemstone-Models/Gemstone-512x13,Gemstone 512x13 (103M),102643200,13,4,34,3,3,0.01291040051728487,0.8999999761581421,894.5599975585938
Gemstone-Models/Gemstone-512x13,Gemstone 512x13 (103M),102643200,13,4,34,4,0,0.0234097670763731,0.8999999761581421,894.5599975585938
Gemstone-Models/Gemstone-512x13,Gemstone 512x13 (103M),102643200,13,4,34,4,1,0.007024964317679405,0.8999999761581421,894.5599975585938
Gemstone-Models/Gemstone-512x13,Gemstone 512x13 (103M),102643200,13,4,34,4,2,0.011646303348243237,0.8999999761581421,894.5599975585938
Gemstone-Models/Gemstone-512x13,Gemstone 512x13 (103M),102643200,13,4,34,4,3,0.0010450626723468304,0.8999999761581421,894.5599975585938
Gemstone-Models/Gemstone-512x13,Gemstone 512x13 (103M),102643200,13,4,34,5,0,0.013302202336490154,0.8999999761581421,894.5599975585938
Gemstone-Models/Gemstone-512x13,Gemstone 512x13 (103M),102643200,13,4,34,5,1,0.013666572980582714,0.8999999761581421,894.5599975585938
Gemstone-Models/Gemstone-512x13,Gemstone 512x13 (103M),102643200,13,4,34,5,2,6.359771759889554e-06,0.8999999761581421,894.5599975585938
Gemstone-Models/Gemstone-512x13,Gemstone 512x13 (103M),102643200,13,4,34,5,3,7.074107998050749e-05,0.8999999761581421,894.5599975585938
Gemstone-Models/Gemstone-512x13,Gemstone 512x13 (103M),102643200,13,4,34,6,0,0.0007007058011367917,0.8999999761581421,894.5599975585938
Gemstone-Models/Gemstone-512x13,Gemstone 512x13 (103M),102643200,13,4,34,6,1,0.905140221118927,0.8999999761581421,894.5599975585938
Gemstone-Models/Gemstone-512x13,Gemstone 512x13 (103M),102643200,13,4,34,6,2,0.008862044662237167,0.8999999761581421,894.5599975585938
Gemstone-Models/Gemstone-512x13,Gemstone 512x13 (103M),102643200,13,4,34,6,3,0.0059302025474607944,0.8999999761581421,894.5599975585938
Gemstone-Models/Gemstone-512x13,Gemstone 512x13 (103M),102643200,13,4,34,7,0,0.001584317535161972,0.8999999761581421,894.5599975585938
Gemstone-Models/Gemstone-512x13,Gemstone 512x13 (103M),102643200,13,4,34,7,1,0.0001060889771906659,0.8999999761581421,894.5599975585938
Gemstone-Models/Gemstone-512x13,Gemstone 512x13 (103M),102643200,13,4,34,7,2,0.00026117259403690696,0.8999999761581421,894.5599975585938
Gemstone-Models/Gemstone-512x13,Gemstone 512x13 (103M),102643200,13,4,34,7,3,0.0004631586489267647,0.8999999761581421,894.5599975585938
Gemstone-Models/Gemstone-512x13,Gemstone 512x13 (103M),102643200,13,4,34,8,0,0.0025749867781996727,0.8999999761581421,894.5599975585938
Gemstone-Models/Gemstone-512x13,Gemstone 512x13 (103M),102643200,13,4,34,8,1,0.0032554641366004944,0.8999999761581421,894.5599975585938
Gemstone-Models/Gemstone-512x13,Gemstone 512x13 (103M),102643200,13,4,34,8,2,0.0005929996259510517,0.8999999761581421,894.5599975585938
Gemstone-Models/Gemstone-512x13,Gemstone 512x13 (103M),102643200,13,4,34,8,3,0.055817026644945145,0.8999999761581421,894.5599975585938
Gemstone-Models/Gemstone-512x13,Gemstone 512x13 (103M),102643200,13,4,34,9,0,1.1572868885423304e-08,0.8999999761581421,894.5599975585938
Gemstone-Models/Gemstone-512x13,Gemstone 512x13 (103M),102643200,13,4,34,9,1,0.00026522099506109953,0.8999999761581421,894.5599975585938
Gemstone-Models/Gemstone-512x13,Gemstone 512x13 (103M),102643200,13,4,34,9,2,0.0029408747795969248,0.8999999761581421,894.5599975585938
Gemstone-Models/Gemstone-512x13,Gemstone 512x13 (103M),102643200,13,4,34,9,3,0.024668430909514427,0.8999999761581421,894.5599975585938
Gemstone-Models/Gemstone-512x13,Gemstone 512x13 (103M),102643200,13,4,34,10,0,0.905718982219696,0.8999999761581421,894.5599975585938
Gemstone-Models/Gemstone-512x13,Gemstone 512x13 (103M),102643200,13,4,34,10,1,0.2552907168865204,0.8999999761581421,894.5599975585938
Gemstone-Models/Gemstone-512x13,Gemstone 512x13 (103M),102643200,13,4,34,10,2,0.0051442463882267475,0.8999999761581421,894.5599975585938
Gemstone-Models/Gemstone-512x13,Gemstone 512x13 (103M),102643200,13,4,34,10,3,0.20842327177524567,0.8999999761581421,894.5599975585938
Gemstone-Models/Gemstone-512x13,Gemstone 512x13 (103M),102643200,13,4,34,11,0,0.07926119863986969,0.8999999761581421,894.5599975585938
Gemstone-Models/Gemstone-512x13,Gemstone 512x13 (103M),102643200,13,4,34,11,1,0.06584664434194565,0.8999999761581421,894.5599975585938
Gemstone-Models/Gemstone-512x13,Gemstone 512x13 (103M),102643200,13,4,34,11,2,0.6200247406959534,0.8999999761581421,894.5599975585938
Gemstone-Models/Gemstone-512x13,Gemstone 512x13 (103M),102643200,13,4,34,11,3,0.46057194471359253,0.8999999761581421,894.5599975585938
Gemstone-Models/Gemstone-512x13,Gemstone 512x13 (103M),102643200,13,4,34,12,0,0.00501151941716671,0.8999999761581421,894.5599975585938
Gemstone-Models/Gemstone-512x13,Gemstone 512x13 (103M),102643200,13,4,34,12,1,0.0023398485500365496,0.8999999761581421,894.5599975585938
Gemstone-Models/Gemstone-512x13,Gemstone 512x13 (103M),102643200,13,4,34,12,2,0.017205514013767242,0.8999999761581421,894.5599975585938
Gemstone-Models/Gemstone-512x13,Gemstone 512x13 (103M),102643200,13,4,34,12,3,0.007514243014156818,0.8999999761581421,894.5599975585938
Gemstone-Models/Gemstone-512x13,Gemstone 512x13 (103M),102643200,13,4,35,0,0,3.995904990006238e-05,0.8199999928474426,523.3599853515625
Gemstone-Models/Gemstone-512x13,Gemstone 512x13 (103M),102643200,13,4,35,0,1,0.0036532795056700706,0.8199999928474426,523.3599853515625
Gemstone-Models/Gemstone-512x13,Gemstone 512x13 (103M),102643200,13,4,35,0,2,0.017453748732805252,0.8199999928474426,523.3599853515625
Gemstone-Models/Gemstone-512x13,Gemstone 512x13 (103M),102643200,13,4,35,0,3,0.011950140818953514,0.8199999928474426,523.3599853515625
Gemstone-Models/Gemstone-512x13,Gemstone 512x13 (103M),102643200,13,4,35,1,0,0.0012113474076613784,0.8199999928474426,523.3599853515625
Gemstone-Models/Gemstone-512x13,Gemstone 512x13 (103M),102643200,13,4,35,1,1,0.011788384057581425,0.8199999928474426,523.3599853515625
Gemstone-Models/Gemstone-512x13,Gemstone 512x13 (103M),102643200,13,4,35,1,2,9.328998567070812e-05,0.8199999928474426,523.3599853515625
Gemstone-Models/Gemstone-512x13,Gemstone 512x13 (103M),102643200,13,4,35,1,3,0.0012035371037200093,0.8199999928474426,523.3599853515625
Gemstone-Models/Gemstone-512x13,Gemstone 512x13 (103M),102643200,13,4,35,2,0,0.00799571257084608,0.8199999928474426,523.3599853515625
Gemstone-Models/Gemstone-512x13,Gemstone 512x13 (103M),102643200,13,4,35,2,1,0.0011084761936217546,0.8199999928474426,523.3599853515625
Gemstone-Models/Gemstone-512x13,Gemstone 512x13 (103M),102643200,13,4,35,2,2,0.00903112068772316,0.8199999928474426,523.3599853515625
Gemstone-Models/Gemstone-512x13,Gemstone 512x13 (103M),102643200,13,4,35,2,3,0.006418047938495874,0.8199999928474426,523.3599853515625
Gemstone-Models/Gemstone-512x13,Gemstone 512x13 (103M),102643200,13,4,35,3,0,0.009015174582600594,0.8199999928474426,523.3599853515625
Gemstone-Models/Gemstone-512x13,Gemstone 512x13 (103M),102643200,13,4,35,3,1,0.0006979276076890528,0.8199999928474426,523.3599853515625
Gemstone-Models/Gemstone-512x13,Gemstone 512x13 (103M),102643200,13,4,35,3,2,0.005672783125191927,0.8199999928474426,523.3599853515625
Gemstone-Models/Gemstone-512x13,Gemstone 512x13 (103M),102643200,13,4,35,3,3,0.008749396540224552,0.8199999928474426,523.3599853515625
Gemstone-Models/Gemstone-512x13,Gemstone 512x13 (103M),102643200,13,4,35,4,0,0.0163413118571043,0.8199999928474426,523.3599853515625
Gemstone-Models/Gemstone-512x13,Gemstone 512x13 (103M),102643200,13,4,35,4,1,0.004132373258471489,0.8199999928474426,523.3599853515625
Gemstone-Models/Gemstone-512x13,Gemstone 512x13 (103M),102643200,13,4,35,4,2,0.011668616905808449,0.8199999928474426,523.3599853515625
Gemstone-Models/Gemstone-512x13,Gemstone 512x13 (103M),102643200,13,4,35,4,3,0.0017023220425471663,0.8199999928474426,523.3599853515625
Gemstone-Models/Gemstone-512x13,Gemstone 512x13 (103M),102643200,13,4,35,5,0,0.013699334114789963,0.8199999928474426,523.3599853515625
Gemstone-Models/Gemstone-512x13,Gemstone 512x13 (103M),102643200,13,4,35,5,1,0.015194395557045937,0.8199999928474426,523.3599853515625
Gemstone-Models/Gemstone-512x13,Gemstone 512x13 (103M),102643200,13,4,35,5,2,1.3653447012984543e-06,0.8199999928474426,523.3599853515625
Gemstone-Models/Gemstone-512x13,Gemstone 512x13 (103M),102643200,13,4,35,5,3,0.00016537141345907003,0.8199999928474426,523.3599853515625
Gemstone-Models/Gemstone-512x13,Gemstone 512x13 (103M),102643200,13,4,35,6,0,0.00037079863250255585,0.8199999928474426,523.3599853515625
Gemstone-Models/Gemstone-512x13,Gemstone 512x13 (103M),102643200,13,4,35,6,1,0.8479559421539307,0.8199999928474426,523.3599853515625
Gemstone-Models/Gemstone-512x13,Gemstone 512x13 (103M),102643200,13,4,35,6,2,0.0055893659591674805,0.8199999928474426,523.3599853515625
Gemstone-Models/Gemstone-512x13,Gemstone 512x13 (103M),102643200,13,4,35,6,3,0.005123336333781481,0.8199999928474426,523.3599853515625
Gemstone-Models/Gemstone-512x13,Gemstone 512x13 (103M),102643200,13,4,35,7,0,0.0016542412340641022,0.8199999928474426,523.3599853515625
Gemstone-Models/Gemstone-512x13,Gemstone 512x13 (103M),102643200,13,4,35,7,1,0.00012413447257131338,0.8199999928474426,523.3599853515625
Gemstone-Models/Gemstone-512x13,Gemstone 512x13 (103M),102643200,13,4,35,7,2,0.0004363476182334125,0.8199999928474426,523.3599853515625
Gemstone-Models/Gemstone-512x13,Gemstone 512x13 (103M),102643200,13,4,35,7,3,0.0005768935661762953,0.8199999928474426,523.3599853515625
Gemstone-Models/Gemstone-512x13,Gemstone 512x13 (103M),102643200,13,4,35,8,0,0.00310151488520205,0.8199999928474426,523.3599853515625
Gemstone-Models/Gemstone-512x13,Gemstone 512x13 (103M),102643200,13,4,35,8,1,0.004153173416852951,0.8199999928474426,523.3599853515625
Gemstone-Models/Gemstone-512x13,Gemstone 512x13 (103M),102643200,13,4,35,8,2,0.00038133986527100205,0.8199999928474426,523.3599853515625
Gemstone-Models/Gemstone-512x13,Gemstone 512x13 (103M),102643200,13,4,35,8,3,0.042076826095581055,0.8199999928474426,523.3599853515625
Gemstone-Models/Gemstone-512x13,Gemstone 512x13 (103M),102643200,13,4,35,9,0,6.46446949303936e-08,0.8199999928474426,523.3599853515625
Gemstone-Models/Gemstone-512x13,Gemstone 512x13 (103M),102643200,13,4,35,9,1,0.0004405690706335008,0.8199999928474426,523.3599853515625
Gemstone-Models/Gemstone-512x13,Gemstone 512x13 (103M),102643200,13,4,35,9,2,0.0025214257184416056,0.8199999928474426,523.3599853515625
Gemstone-Models/Gemstone-512x13,Gemstone 512x13 (103M),102643200,13,4,35,9,3,0.01820177026093006,0.8199999928474426,523.3599853515625
Gemstone-Models/Gemstone-512x13,Gemstone 512x13 (103M),102643200,13,4,35,10,0,0.8769686818122864,0.8199999928474426,523.3599853515625
Gemstone-Models/Gemstone-512x13,Gemstone 512x13 (103M),102643200,13,4,35,10,1,0.23426833748817444,0.8199999928474426,523.3599853515625
Gemstone-Models/Gemstone-512x13,Gemstone 512x13 (103M),102643200,13,4,35,10,2,0.004976979922503233,0.8199999928474426,523.3599853515625
Gemstone-Models/Gemstone-512x13,Gemstone 512x13 (103M),102643200,13,4,35,10,3,0.19121761620044708,0.8199999928474426,523.3599853515625
Gemstone-Models/Gemstone-512x13,Gemstone 512x13 (103M),102643200,13,4,35,11,0,0.05731708183884621,0.8199999928474426,523.3599853515625
Gemstone-Models/Gemstone-512x13,Gemstone 512x13 (103M),102643200,13,4,35,11,1,0.05897901579737663,0.8199999928474426,523.3599853515625
Gemstone-Models/Gemstone-512x13,Gemstone 512x13 (103M),102643200,13,4,35,11,2,0.4725532531738281,0.8199999928474426,523.3599853515625
Gemstone-Models/Gemstone-512x13,Gemstone 512x13 (103M),102643200,13,4,35,11,3,0.380267858505249,0.8199999928474426,523.3599853515625
Gemstone-Models/Gemstone-512x13,Gemstone 512x13 (103M),102643200,13,4,35,12,0,0.005829549860209227,0.8199999928474426,523.3599853515625
Gemstone-Models/Gemstone-512x13,Gemstone 512x13 (103M),102643200,13,4,35,12,1,0.004522521048784256,0.8199999928474426,523.3599853515625
Gemstone-Models/Gemstone-512x13,Gemstone 512x13 (103M),102643200,13,4,35,12,2,0.01884409226477146,0.8199999928474426,523.3599853515625
Gemstone-Models/Gemstone-512x13,Gemstone 512x13 (103M),102643200,13,4,35,12,3,0.006366344168782234,0.8199999928474426,523.3599853515625
Gemstone-Models/Gemstone-512x13,Gemstone 512x13 (103M),102643200,13,4,36,0,0,8.165469625964761e-05,0.8600000143051147,30.079999923706055
Gemstone-Models/Gemstone-512x13,Gemstone 512x13 (103M),102643200,13,4,36,0,1,0.0031945123337209225,0.8600000143051147,30.079999923706055
Gemstone-Models/Gemstone-512x13,Gemstone 512x13 (103M),102643200,13,4,36,0,2,0.01423055399209261,0.8600000143051147,30.079999923706055
Gemstone-Models/Gemstone-512x13,Gemstone 512x13 (103M),102643200,13,4,36,0,3,0.0064457799308001995,0.8600000143051147,30.079999923706055
Gemstone-Models/Gemstone-512x13,Gemstone 512x13 (103M),102643200,13,4,36,1,0,0.001223880099132657,0.8600000143051147,30.079999923706055
Gemstone-Models/Gemstone-512x13,Gemstone 512x13 (103M),102643200,13,4,36,1,1,0.011377556249499321,0.8600000143051147,30.079999923706055
Gemstone-Models/Gemstone-512x13,Gemstone 512x13 (103M),102643200,13,4,36,1,2,0.00023576925741508603,0.8600000143051147,30.079999923706055
Gemstone-Models/Gemstone-512x13,Gemstone 512x13 (103M),102643200,13,4,36,1,3,0.0026324307546019554,0.8600000143051147,30.079999923706055
Gemstone-Models/Gemstone-512x13,Gemstone 512x13 (103M),102643200,13,4,36,2,0,0.013811073265969753,0.8600000143051147,30.079999923706055
Gemstone-Models/Gemstone-512x13,Gemstone 512x13 (103M),102643200,13,4,36,2,1,0.0018406695453450084,0.8600000143051147,30.079999923706055
Gemstone-Models/Gemstone-512x13,Gemstone 512x13 (103M),102643200,13,4,36,2,2,0.009596819058060646,0.8600000143051147,30.079999923706055
Gemstone-Models/Gemstone-512x13,Gemstone 512x13 (103M),102643200,13,4,36,2,3,0.011203506030142307,0.8600000143051147,30.079999923706055
Gemstone-Models/Gemstone-512x13,Gemstone 512x13 (103M),102643200,13,4,36,3,0,0.005878557451069355,0.8600000143051147,30.079999923706055
Gemstone-Models/Gemstone-512x13,Gemstone 512x13 (103M),102643200,13,4,36,3,1,0.0006341342814266682,0.8600000143051147,30.079999923706055
Gemstone-Models/Gemstone-512x13,Gemstone 512x13 (103M),102643200,13,4,36,3,2,0.00767474016174674,0.8600000143051147,30.079999923706055
Gemstone-Models/Gemstone-512x13,Gemstone 512x13 (103M),102643200,13,4,36,3,3,0.01020807959139347,0.8600000143051147,30.079999923706055
Gemstone-Models/Gemstone-512x13,Gemstone 512x13 (103M),102643200,13,4,36,4,0,0.020518558099865913,0.8600000143051147,30.079999923706055
Gemstone-Models/Gemstone-512x13,Gemstone 512x13 (103M),102643200,13,4,36,4,1,0.005896497517824173,0.8600000143051147,30.079999923706055
Gemstone-Models/Gemstone-512x13,Gemstone 512x13 (103M),102643200,13,4,36,4,2,0.013054880313575268,0.8600000143051147,30.079999923706055
Gemstone-Models/Gemstone-512x13,Gemstone 512x13 (103M),102643200,13,4,36,4,3,0.0017196048283949494,0.8600000143051147,30.079999923706055
Gemstone-Models/Gemstone-512x13,Gemstone 512x13 (103M),102643200,13,4,36,5,0,0.012481180019676685,0.8600000143051147,30.079999923706055
Gemstone-Models/Gemstone-512x13,Gemstone 512x13 (103M),102643200,13,4,36,5,1,0.01566586270928383,0.8600000143051147,30.079999923706055
Gemstone-Models/Gemstone-512x13,Gemstone 512x13 (103M),102643200,13,4,36,5,2,1.3476493450070848e-06,0.8600000143051147,30.079999923706055
Gemstone-Models/Gemstone-512x13,Gemstone 512x13 (103M),102643200,13,4,36,5,3,6.329002644633874e-05,0.8600000143051147,30.079999923706055
Gemstone-Models/Gemstone-512x13,Gemstone 512x13 (103M),102643200,13,4,36,6,0,0.0008218927541747689,0.8600000143051147,30.079999923706055
Gemstone-Models/Gemstone-512x13,Gemstone 512x13 (103M),102643200,13,4,36,6,1,0.9217914342880249,0.8600000143051147,30.079999923706055
Gemstone-Models/Gemstone-512x13,Gemstone 512x13 (103M),102643200,13,4,36,6,2,0.00764504773542285,0.8600000143051147,30.079999923706055
Gemstone-Models/Gemstone-512x13,Gemstone 512x13 (103M),102643200,13,4,36,6,3,0.009035924449563026,0.8600000143051147,30.079999923706055
Gemstone-Models/Gemstone-512x13,Gemstone 512x13 (103M),102643200,13,4,36,7,0,0.001749228686094284,0.8600000143051147,30.079999923706055
Gemstone-Models/Gemstone-512x13,Gemstone 512x13 (103M),102643200,13,4,36,7,1,0.00015212493599392474,0.8600000143051147,30.079999923706055
Gemstone-Models/Gemstone-512x13,Gemstone 512x13 (103M),102643200,13,4,36,7,2,0.00020551453053485602,0.8600000143051147,30.079999923706055
Gemstone-Models/Gemstone-512x13,Gemstone 512x13 (103M),102643200,13,4,36,7,3,0.0006764590507373214,0.8600000143051147,30.079999923706055
Gemstone-Models/Gemstone-512x13,Gemstone 512x13 (103M),102643200,13,4,36,8,0,0.004031681921333075,0.8600000143051147,30.079999923706055
Gemstone-Models/Gemstone-512x13,Gemstone 512x13 (103M),102643200,13,4,36,8,1,0.0027747221756726503,0.8600000143051147,30.079999923706055
Gemstone-Models/Gemstone-512x13,Gemstone 512x13 (103M),102643200,13,4,36,8,2,0.0004609182069543749,0.8600000143051147,30.079999923706055
Gemstone-Models/Gemstone-512x13,Gemstone 512x13 (103M),102643200,13,4,36,8,3,0.06923815608024597,0.8600000143051147,30.079999923706055
Gemstone-Models/Gemstone-512x13,Gemstone 512x13 (103M),102643200,13,4,36,9,0,2.7203244101769997e-08,0.8600000143051147,30.079999923706055
Gemstone-Models/Gemstone-512x13,Gemstone 512x13 (103M),102643200,13,4,36,9,1,0.00040024943882599473,0.8600000143051147,30.079999923706055
Gemstone-Models/Gemstone-512x13,Gemstone 512x13 (103M),102643200,13,4,36,9,2,0.004413840360939503,0.8600000143051147,30.079999923706055
Gemstone-Models/Gemstone-512x13,Gemstone 512x13 (103M),102643200,13,4,36,9,3,0.03540096431970596,0.8600000143051147,30.079999923706055
Gemstone-Models/Gemstone-512x13,Gemstone 512x13 (103M),102643200,13,4,36,10,0,0.9151765704154968,0.8600000143051147,30.079999923706055
Gemstone-Models/Gemstone-512x13,Gemstone 512x13 (103M),102643200,13,4,36,10,1,0.27576857805252075,0.8600000143051147,30.079999923706055
Gemstone-Models/Gemstone-512x13,Gemstone 512x13 (103M),102643200,13,4,36,10,2,0.005302686244249344,0.8600000143051147,30.079999923706055
Gemstone-Models/Gemstone-512x13,Gemstone 512x13 (103M),102643200,13,4,36,10,3,0.2535804808139801,0.8600000143051147,30.079999923706055
Gemstone-Models/Gemstone-512x13,Gemstone 512x13 (103M),102643200,13,4,36,11,0,0.08740316331386566,0.8600000143051147,30.079999923706055
Gemstone-Models/Gemstone-512x13,Gemstone 512x13 (103M),102643200,13,4,36,11,1,0.08650785684585571,0.8600000143051147,30.079999923706055
Gemstone-Models/Gemstone-512x13,Gemstone 512x13 (103M),102643200,13,4,36,11,2,0.6010335683822632,0.8600000143051147,30.079999923706055
Gemstone-Models/Gemstone-512x13,Gemstone 512x13 (103M),102643200,13,4,36,11,3,0.4236593544483185,0.8600000143051147,30.079999923706055
Gemstone-Models/Gemstone-512x13,Gemstone 512x13 (103M),102643200,13,4,36,12,0,0.006452759727835655,0.8600000143051147,30.079999923706055
Gemstone-Models/Gemstone-512x13,Gemstone 512x13 (103M),102643200,13,4,36,12,1,0.003009085077792406,0.8600000143051147,30.079999923706055
Gemstone-Models/Gemstone-512x13,Gemstone 512x13 (103M),102643200,13,4,36,12,2,0.02149462141096592,0.8600000143051147,30.079999923706055
Gemstone-Models/Gemstone-512x13,Gemstone 512x13 (103M),102643200,13,4,36,12,3,0.00883113220334053,0.8600000143051147,30.079999923706055
Gemstone-Models/Gemstone-512x13,Gemstone 512x13 (103M),102643200,13,4,37,0,0,2.7620219043456018e-05,0.47999998927116394,61.2400016784668
Gemstone-Models/Gemstone-512x13,Gemstone 512x13 (103M),102643200,13,4,37,0,1,0.0029183421283960342,0.47999998927116394,61.2400016784668
Gemstone-Models/Gemstone-512x13,Gemstone 512x13 (103M),102643200,13,4,37,0,2,0.01728782244026661,0.47999998927116394,61.2400016784668
Gemstone-Models/Gemstone-512x13,Gemstone 512x13 (103M),102643200,13,4,37,0,3,0.006758466828614473,0.47999998927116394,61.2400016784668
Gemstone-Models/Gemstone-512x13,Gemstone 512x13 (103M),102643200,13,4,37,1,0,0.000629873713478446,0.47999998927116394,61.2400016784668
Gemstone-Models/Gemstone-512x13,Gemstone 512x13 (103M),102643200,13,4,37,1,1,0.010068382136523724,0.47999998927116394,61.2400016784668
Gemstone-Models/Gemstone-512x13,Gemstone 512x13 (103M),102643200,13,4,37,1,2,0.00023831694852560759,0.47999998927116394,61.2400016784668
Gemstone-Models/Gemstone-512x13,Gemstone 512x13 (103M),102643200,13,4,37,1,3,0.0030634207651019096,0.47999998927116394,61.2400016784668
Gemstone-Models/Gemstone-512x13,Gemstone 512x13 (103M),102643200,13,4,37,2,0,0.008255211636424065,0.47999998927116394,61.2400016784668
Gemstone-Models/Gemstone-512x13,Gemstone 512x13 (103M),102643200,13,4,37,2,1,0.0011760760098695755,0.47999998927116394,61.2400016784668
Gemstone-Models/Gemstone-512x13,Gemstone 512x13 (103M),102643200,13,4,37,2,2,0.00807812437415123,0.47999998927116394,61.2400016784668
Gemstone-Models/Gemstone-512x13,Gemstone 512x13 (103M),102643200,13,4,37,2,3,0.01019375678151846,0.47999998927116394,61.2400016784668
Gemstone-Models/Gemstone-512x13,Gemstone 512x13 (103M),102643200,13,4,37,3,0,0.005541925318539143,0.47999998927116394,61.2400016784668
Gemstone-Models/Gemstone-512x13,Gemstone 512x13 (103M),102643200,13,4,37,3,1,0.0005325246602296829,0.47999998927116394,61.2400016784668
Gemstone-Models/Gemstone-512x13,Gemstone 512x13 (103M),102643200,13,4,37,3,2,0.006476998329162598,0.47999998927116394,61.2400016784668
Gemstone-Models/Gemstone-512x13,Gemstone 512x13 (103M),102643200,13,4,37,3,3,0.00953361950814724,0.47999998927116394,61.2400016784668
Gemstone-Models/Gemstone-512x13,Gemstone 512x13 (103M),102643200,13,4,37,4,0,0.015321415849030018,0.47999998927116394,61.2400016784668
Gemstone-Models/Gemstone-512x13,Gemstone 512x13 (103M),102643200,13,4,37,4,1,0.005286448169499636,0.47999998927116394,61.2400016784668
Gemstone-Models/Gemstone-512x13,Gemstone 512x13 (103M),102643200,13,4,37,4,2,0.00805146899074316,0.47999998927116394,61.2400016784668
Gemstone-Models/Gemstone-512x13,Gemstone 512x13 (103M),102643200,13,4,37,4,3,0.001093518454581499,0.47999998927116394,61.2400016784668
Gemstone-Models/Gemstone-512x13,Gemstone 512x13 (103M),102643200,13,4,37,5,0,0.0071601723320782185,0.47999998927116394,61.2400016784668
Gemstone-Models/Gemstone-512x13,Gemstone 512x13 (103M),102643200,13,4,37,5,1,0.012892511673271656,0.47999998927116394,61.2400016784668
Gemstone-Models/Gemstone-512x13,Gemstone 512x13 (103M),102643200,13,4,37,5,2,7.496616660773725e-08,0.47999998927116394,61.2400016784668
Gemstone-Models/Gemstone-512x13,Gemstone 512x13 (103M),102643200,13,4,37,5,3,6.456985283875838e-05,0.47999998927116394,61.2400016784668
Gemstone-Models/Gemstone-512x13,Gemstone 512x13 (103M),102643200,13,4,37,6,0,0.00023529527243226767,0.47999998927116394,61.2400016784668
Gemstone-Models/Gemstone-512x13,Gemstone 512x13 (103M),102643200,13,4,37,6,1,0.7700568437576294,0.47999998927116394,61.2400016784668
Gemstone-Models/Gemstone-512x13,Gemstone 512x13 (103M),102643200,13,4,37,6,2,0.0030648312531411648,0.47999998927116394,61.2400016784668
Gemstone-Models/Gemstone-512x13,Gemstone 512x13 (103M),102643200,13,4,37,6,3,0.003749188734218478,0.47999998927116394,61.2400016784668
Gemstone-Models/Gemstone-512x13,Gemstone 512x13 (103M),102643200,13,4,37,7,0,0.0013074816670268774,0.47999998927116394,61.2400016784668
Gemstone-Models/Gemstone-512x13,Gemstone 512x13 (103M),102643200,13,4,37,7,1,5.9881069319089875e-05,0.47999998927116394,61.2400016784668
Gemstone-Models/Gemstone-512x13,Gemstone 512x13 (103M),102643200,13,4,37,7,2,0.00025791983352974057,0.47999998927116394,61.2400016784668
Gemstone-Models/Gemstone-512x13,Gemstone 512x13 (103M),102643200,13,4,37,7,3,0.00044754467671737075,0.47999998927116394,61.2400016784668
Gemstone-Models/Gemstone-512x13,Gemstone 512x13 (103M),102643200,13,4,37,8,0,0.004169295076280832,0.47999998927116394,61.2400016784668
Gemstone-Models/Gemstone-512x13,Gemstone 512x13 (103M),102643200,13,4,37,8,1,0.0033325711265206337,0.47999998927116394,61.2400016784668
Gemstone-Models/Gemstone-512x13,Gemstone 512x13 (103M),102643200,13,4,37,8,2,0.00027400831459090114,0.47999998927116394,61.2400016784668
Gemstone-Models/Gemstone-512x13,Gemstone 512x13 (103M),102643200,13,4,37,8,3,0.03381829336285591,0.47999998927116394,61.2400016784668
Gemstone-Models/Gemstone-512x13,Gemstone 512x13 (103M),102643200,13,4,37,9,0,1.0828531848972034e-08,0.47999998927116394,61.2400016784668
Gemstone-Models/Gemstone-512x13,Gemstone 512x13 (103M),102643200,13,4,37,9,1,0.00021266244584694505,0.47999998927116394,61.2400016784668
Gemstone-Models/Gemstone-512x13,Gemstone 512x13 (103M),102643200,13,4,37,9,2,0.0016123345121741295,0.47999998927116394,61.2400016784668
Gemstone-Models/Gemstone-512x13,Gemstone 512x13 (103M),102643200,13,4,37,9,3,0.014509078115224838,0.47999998927116394,61.2400016784668
Gemstone-Models/Gemstone-512x13,Gemstone 512x13 (103M),102643200,13,4,37,10,0,0.8491098284721375,0.47999998927116394,61.2400016784668
Gemstone-Models/Gemstone-512x13,Gemstone 512x13 (103M),102643200,13,4,37,10,1,0.16022996604442596,0.47999998927116394,61.2400016784668
Gemstone-Models/Gemstone-512x13,Gemstone 512x13 (103M),102643200,13,4,37,10,2,0.00374625064432621,0.47999998927116394,61.2400016784668
Gemstone-Models/Gemstone-512x13,Gemstone 512x13 (103M),102643200,13,4,37,10,3,0.17086158692836761,0.47999998927116394,61.2400016784668
Gemstone-Models/Gemstone-512x13,Gemstone 512x13 (103M),102643200,13,4,37,11,0,0.03339074179530144,0.47999998927116394,61.2400016784668
Gemstone-Models/Gemstone-512x13,Gemstone 512x13 (103M),102643200,13,4,37,11,1,0.046467795968055725,0.47999998927116394,61.2400016784668
Gemstone-Models/Gemstone-512x13,Gemstone 512x13 (103M),102643200,13,4,37,11,2,0.3302552103996277,0.47999998927116394,61.2400016784668
Gemstone-Models/Gemstone-512x13,Gemstone 512x13 (103M),102643200,13,4,37,11,3,0.25338423252105713,0.47999998927116394,61.2400016784668
Gemstone-Models/Gemstone-512x13,Gemstone 512x13 (103M),102643200,13,4,37,12,0,0.004446921870112419,0.47999998927116394,61.2400016784668
Gemstone-Models/Gemstone-512x13,Gemstone 512x13 (103M),102643200,13,4,37,12,1,0.003489111550152302,0.47999998927116394,61.2400016784668
Gemstone-Models/Gemstone-512x13,Gemstone 512x13 (103M),102643200,13,4,37,12,2,0.013800143264234066,0.47999998927116394,61.2400016784668
Gemstone-Models/Gemstone-512x13,Gemstone 512x13 (103M),102643200,13,4,37,12,3,0.007269788533449173,0.47999998927116394,61.2400016784668
Gemstone-Models/Gemstone-512x13,Gemstone 512x13 (103M),102643200,13,4,38,0,0,2.1848269170732237e-05,0.8399999737739563,666.8800048828125
Gemstone-Models/Gemstone-512x13,Gemstone 512x13 (103M),102643200,13,4,38,0,1,0.0028203066904097795,0.8399999737739563,666.8800048828125
Gemstone-Models/Gemstone-512x13,Gemstone 512x13 (103M),102643200,13,4,38,0,2,0.015091261826455593,0.8399999737739563,666.8800048828125
Gemstone-Models/Gemstone-512x13,Gemstone 512x13 (103M),102643200,13,4,38,0,3,0.0061620683409273624,0.8399999737739563,666.8800048828125
Gemstone-Models/Gemstone-512x13,Gemstone 512x13 (103M),102643200,13,4,38,1,0,0.001107498537749052,0.8399999737739563,666.8800048828125
Gemstone-Models/Gemstone-512x13,Gemstone 512x13 (103M),102643200,13,4,38,1,1,0.011438030749559402,0.8399999737739563,666.8800048828125
Gemstone-Models/Gemstone-512x13,Gemstone 512x13 (103M),102643200,13,4,38,1,2,0.00025017696316353977,0.8399999737739563,666.8800048828125
Gemstone-Models/Gemstone-512x13,Gemstone 512x13 (103M),102643200,13,4,38,1,3,0.0012946639908477664,0.8399999737739563,666.8800048828125
Gemstone-Models/Gemstone-512x13,Gemstone 512x13 (103M),102643200,13,4,38,2,0,0.009593834169209003,0.8399999737739563,666.8800048828125
Gemstone-Models/Gemstone-512x13,Gemstone 512x13 (103M),102643200,13,4,38,2,1,0.0016343849711120129,0.8399999737739563,666.8800048828125
Gemstone-Models/Gemstone-512x13,Gemstone 512x13 (103M),102643200,13,4,38,2,2,0.00847535114735365,0.8399999737739563,666.8800048828125
Gemstone-Models/Gemstone-512x13,Gemstone 512x13 (103M),102643200,13,4,38,2,3,0.004986071027815342,0.8399999737739563,666.8800048828125
Gemstone-Models/Gemstone-512x13,Gemstone 512x13 (103M),102643200,13,4,38,3,0,0.008577121421694756,0.8399999737739563,666.8800048828125
Gemstone-Models/Gemstone-512x13,Gemstone 512x13 (103M),102643200,13,4,38,3,1,0.0010270816273987293,0.8399999737739563,666.8800048828125
Gemstone-Models/Gemstone-512x13,Gemstone 512x13 (103M),102643200,13,4,38,3,2,0.0070203328505158424,0.8399999737739563,666.8800048828125
Gemstone-Models/Gemstone-512x13,Gemstone 512x13 (103M),102643200,13,4,38,3,3,0.008330654352903366,0.8399999737739563,666.8800048828125
Gemstone-Models/Gemstone-512x13,Gemstone 512x13 (103M),102643200,13,4,38,4,0,0.026295766234397888,0.8399999737739563,666.8800048828125
Gemstone-Models/Gemstone-512x13,Gemstone 512x13 (103M),102643200,13,4,38,4,1,0.00425942474976182,0.8399999737739563,666.8800048828125
Gemstone-Models/Gemstone-512x13,Gemstone 512x13 (103M),102643200,13,4,38,4,2,0.008973633870482445,0.8399999737739563,666.8800048828125
Gemstone-Models/Gemstone-512x13,Gemstone 512x13 (103M),102643200,13,4,38,4,3,0.002561683999374509,0.8399999737739563,666.8800048828125
Gemstone-Models/Gemstone-512x13,Gemstone 512x13 (103M),102643200,13,4,38,5,0,0.009568341076374054,0.8399999737739563,666.8800048828125
Gemstone-Models/Gemstone-512x13,Gemstone 512x13 (103M),102643200,13,4,38,5,1,0.013445534743368626,0.8399999737739563,666.8800048828125
Gemstone-Models/Gemstone-512x13,Gemstone 512x13 (103M),102643200,13,4,38,5,2,9.142694779029625e-08,0.8399999737739563,666.8800048828125
Gemstone-Models/Gemstone-512x13,Gemstone 512x13 (103M),102643200,13,4,38,5,3,0.00010749946522992104,0.8399999737739563,666.8800048828125
Gemstone-Models/Gemstone-512x13,Gemstone 512x13 (103M),102643200,13,4,38,6,0,0.0003839884593617171,0.8399999737739563,666.8800048828125
Gemstone-Models/Gemstone-512x13,Gemstone 512x13 (103M),102643200,13,4,38,6,1,0.8686379790306091,0.8399999737739563,666.8800048828125
Gemstone-Models/Gemstone-512x13,Gemstone 512x13 (103M),102643200,13,4,38,6,2,0.002836822299286723,0.8399999737739563,666.8800048828125
Gemstone-Models/Gemstone-512x13,Gemstone 512x13 (103M),102643200,13,4,38,6,3,0.004540756810456514,0.8399999737739563,666.8800048828125
Gemstone-Models/Gemstone-512x13,Gemstone 512x13 (103M),102643200,13,4,38,7,0,0.002567967865616083,0.8399999737739563,666.8800048828125
Gemstone-Models/Gemstone-512x13,Gemstone 512x13 (103M),102643200,13,4,38,7,1,0.00010129846486961469,0.8399999737739563,666.8800048828125
Gemstone-Models/Gemstone-512x13,Gemstone 512x13 (103M),102643200,13,4,38,7,2,0.00029747874941676855,0.8399999737739563,666.8800048828125
Gemstone-Models/Gemstone-512x13,Gemstone 512x13 (103M),102643200,13,4,38,7,3,0.0003819969715550542,0.8399999737739563,666.8800048828125
Gemstone-Models/Gemstone-512x13,Gemstone 512x13 (103M),102643200,13,4,38,8,0,0.004500446375459433,0.8399999737739563,666.8800048828125
Gemstone-Models/Gemstone-512x13,Gemstone 512x13 (103M),102643200,13,4,38,8,1,0.005014077294617891,0.8399999737739563,666.8800048828125
Gemstone-Models/Gemstone-512x13,Gemstone 512x13 (103M),102643200,13,4,38,8,2,0.00024225821834988892,0.8399999737739563,666.8800048828125
Gemstone-Models/Gemstone-512x13,Gemstone 512x13 (103M),102643200,13,4,38,8,3,0.02980378083884716,0.8399999737739563,666.8800048828125
Gemstone-Models/Gemstone-512x13,Gemstone 512x13 (103M),102643200,13,4,38,9,0,6.6262604292433025e-09,0.8399999737739563,666.8800048828125
Gemstone-Models/Gemstone-512x13,Gemstone 512x13 (103M),102643200,13,4,38,9,1,0.0002374946343479678,0.8399999737739563,666.8800048828125
Gemstone-Models/Gemstone-512x13,Gemstone 512x13 (103M),102643200,13,4,38,9,2,0.002037883037701249,0.8399999737739563,666.8800048828125
Gemstone-Models/Gemstone-512x13,Gemstone 512x13 (103M),102643200,13,4,38,9,3,0.015361697413027287,0.8399999737739563,666.8800048828125
Gemstone-Models/Gemstone-512x13,Gemstone 512x13 (103M),102643200,13,4,38,10,0,0.8552646040916443,0.8399999737739563,666.8800048828125
Gemstone-Models/Gemstone-512x13,Gemstone 512x13 (103M),102643200,13,4,38,10,1,0.22406750917434692,0.8399999737739563,666.8800048828125
Gemstone-Models/Gemstone-512x13,Gemstone 512x13 (103M),102643200,13,4,38,10,2,0.0039003014098852873,0.8399999737739563,666.8800048828125
Gemstone-Models/Gemstone-512x13,Gemstone 512x13 (103M),102643200,13,4,38,10,3,0.16833621263504028,0.8399999737739563,666.8800048828125
Gemstone-Models/Gemstone-512x13,Gemstone 512x13 (103M),102643200,13,4,38,11,0,0.036518555134534836,0.8399999737739563,666.8800048828125
Gemstone-Models/Gemstone-512x13,Gemstone 512x13 (103M),102643200,13,4,38,11,1,0.04613308981060982,0.8399999737739563,666.8800048828125
Gemstone-Models/Gemstone-512x13,Gemstone 512x13 (103M),102643200,13,4,38,11,2,0.4641798138618469,0.8399999737739563,666.8800048828125
Gemstone-Models/Gemstone-512x13,Gemstone 512x13 (103M),102643200,13,4,38,11,3,0.3202429711818695,0.8399999737739563,666.8800048828125
Gemstone-Models/Gemstone-512x13,Gemstone 512x13 (103M),102643200,13,4,38,12,0,0.0036485830787569284,0.8399999737739563,666.8800048828125
Gemstone-Models/Gemstone-512x13,Gemstone 512x13 (103M),102643200,13,4,38,12,1,0.004580819513648748,0.8399999737739563,666.8800048828125
Gemstone-Models/Gemstone-512x13,Gemstone 512x13 (103M),102643200,13,4,38,12,2,0.027737043797969818,0.8399999737739563,666.8800048828125
Gemstone-Models/Gemstone-512x13,Gemstone 512x13 (103M),102643200,13,4,38,12,3,0.006327993702143431,0.8399999737739563,666.8800048828125
Gemstone-Models/Gemstone-512x13,Gemstone 512x13 (103M),102643200,13,4,39,0,0,0.0056866854429244995,0.7200000286102295,1622.9200439453125
Gemstone-Models/Gemstone-512x13,Gemstone 512x13 (103M),102643200,13,4,39,0,1,0.0031104872468858957,0.7200000286102295,1622.9200439453125
Gemstone-Models/Gemstone-512x13,Gemstone 512x13 (103M),102643200,13,4,39,0,2,0.014772627502679825,0.7200000286102295,1622.9200439453125
Gemstone-Models/Gemstone-512x13,Gemstone 512x13 (103M),102643200,13,4,39,0,3,0.005149506963789463,0.7200000286102295,1622.9200439453125
Gemstone-Models/Gemstone-512x13,Gemstone 512x13 (103M),102643200,13,4,39,1,0,0.0013266372261568904,0.7200000286102295,1622.9200439453125
Gemstone-Models/Gemstone-512x13,Gemstone 512x13 (103M),102643200,13,4,39,1,1,0.016709353774785995,0.7200000286102295,1622.9200439453125
Gemstone-Models/Gemstone-512x13,Gemstone 512x13 (103M),102643200,13,4,39,1,2,0.00023794983280822635,0.7200000286102295,1622.9200439453125
Gemstone-Models/Gemstone-512x13,Gemstone 512x13 (103M),102643200,13,4,39,1,3,0.017186708748340607,0.7200000286102295,1622.9200439453125
Gemstone-Models/Gemstone-512x13,Gemstone 512x13 (103M),102643200,13,4,39,2,0,0.011902633123099804,0.7200000286102295,1622.9200439453125
Gemstone-Models/Gemstone-512x13,Gemstone 512x13 (103M),102643200,13,4,39,2,1,0.001984573667868972,0.7200000286102295,1622.9200439453125
Gemstone-Models/Gemstone-512x13,Gemstone 512x13 (103M),102643200,13,4,39,2,2,0.010295910760760307,0.7200000286102295,1622.9200439453125
Gemstone-Models/Gemstone-512x13,Gemstone 512x13 (103M),102643200,13,4,39,2,3,0.009161451831459999,0.7200000286102295,1622.9200439453125
Gemstone-Models/Gemstone-512x13,Gemstone 512x13 (103M),102643200,13,4,39,3,0,0.008332001976668835,0.7200000286102295,1622.9200439453125
Gemstone-Models/Gemstone-512x13,Gemstone 512x13 (103M),102643200,13,4,39,3,1,0.0008199914591386914,0.7200000286102295,1622.9200439453125
Gemstone-Models/Gemstone-512x13,Gemstone 512x13 (103M),102643200,13,4,39,3,2,0.007725964765995741,0.7200000286102295,1622.9200439453125
Gemstone-Models/Gemstone-512x13,Gemstone 512x13 (103M),102643200,13,4,39,3,3,0.007382893469184637,0.7200000286102295,1622.9200439453125
Gemstone-Models/Gemstone-512x13,Gemstone 512x13 (103M),102643200,13,4,39,4,0,0.018500247970223427,0.7200000286102295,1622.9200439453125
Gemstone-Models/Gemstone-512x13,Gemstone 512x13 (103M),102643200,13,4,39,4,1,0.003726425813511014,0.7200000286102295,1622.9200439453125
Gemstone-Models/Gemstone-512x13,Gemstone 512x13 (103M),102643200,13,4,39,4,2,0.0066085997968912125,0.7200000286102295,1622.9200439453125
Gemstone-Models/Gemstone-512x13,Gemstone 512x13 (103M),102643200,13,4,39,4,3,0.0017595967510715127,0.7200000286102295,1622.9200439453125
Gemstone-Models/Gemstone-512x13,Gemstone 512x13 (103M),102643200,13,4,39,5,0,0.00940768327564001,0.7200000286102295,1622.9200439453125
Gemstone-Models/Gemstone-512x13,Gemstone 512x13 (103M),102643200,13,4,39,5,1,0.013268287293612957,0.7200000286102295,1622.9200439453125
Gemstone-Models/Gemstone-512x13,Gemstone 512x13 (103M),102643200,13,4,39,5,2,1.310706494450642e-07,0.7200000286102295,1622.9200439453125
Gemstone-Models/Gemstone-512x13,Gemstone 512x13 (103M),102643200,13,4,39,5,3,8.204150071833283e-05,0.7200000286102295,1622.9200439453125
Gemstone-Models/Gemstone-512x13,Gemstone 512x13 (103M),102643200,13,4,39,6,0,0.0005093678482808173,0.7200000286102295,1622.9200439453125
Gemstone-Models/Gemstone-512x13,Gemstone 512x13 (103M),102643200,13,4,39,6,1,0.8343605995178223,0.7200000286102295,1622.9200439453125
Gemstone-Models/Gemstone-512x13,Gemstone 512x13 (103M),102643200,13,4,39,6,2,0.003967954311519861,0.7200000286102295,1622.9200439453125
Gemstone-Models/Gemstone-512x13,Gemstone 512x13 (103M),102643200,13,4,39,6,3,0.005312327761203051,0.7200000286102295,1622.9200439453125
Gemstone-Models/Gemstone-512x13,Gemstone 512x13 (103M),102643200,13,4,39,7,0,0.0017667206702753901,0.7200000286102295,1622.9200439453125
Gemstone-Models/Gemstone-512x13,Gemstone 512x13 (103M),102643200,13,4,39,7,1,0.00016022598720155656,0.7200000286102295,1622.9200439453125
Gemstone-Models/Gemstone-512x13,Gemstone 512x13 (103M),102643200,13,4,39,7,2,0.00039763571112416685,0.7200000286102295,1622.9200439453125
Gemstone-Models/Gemstone-512x13,Gemstone 512x13 (103M),102643200,13,4,39,7,3,0.0003730866010300815,0.7200000286102295,1622.9200439453125
Gemstone-Models/Gemstone-512x13,Gemstone 512x13 (103M),102643200,13,4,39,8,0,0.0029769614338874817,0.7200000286102295,1622.9200439453125
Gemstone-Models/Gemstone-512x13,Gemstone 512x13 (103M),102643200,13,4,39,8,1,0.0021175930742174387,0.7200000286102295,1622.9200439453125
Gemstone-Models/Gemstone-512x13,Gemstone 512x13 (103M),102643200,13,4,39,8,2,0.0003074149426538497,0.7200000286102295,1622.9200439453125
Gemstone-Models/Gemstone-512x13,Gemstone 512x13 (103M),102643200,13,4,39,8,3,0.026157326996326447,0.7200000286102295,1622.9200439453125
Gemstone-Models/Gemstone-512x13,Gemstone 512x13 (103M),102643200,13,4,39,9,0,1.7271599261903248e-08,0.7200000286102295,1622.9200439453125
Gemstone-Models/Gemstone-512x13,Gemstone 512x13 (103M),102643200,13,4,39,9,1,0.0003326757869217545,0.7200000286102295,1622.9200439453125
Gemstone-Models/Gemstone-512x13,Gemstone 512x13 (103M),102643200,13,4,39,9,2,0.002312404103577137,0.7200000286102295,1622.9200439453125
Gemstone-Models/Gemstone-512x13,Gemstone 512x13 (103M),102643200,13,4,39,9,3,0.014179927296936512,0.7200000286102295,1622.9200439453125
Gemstone-Models/Gemstone-512x13,Gemstone 512x13 (103M),102643200,13,4,39,10,0,0.8709701299667358,0.7200000286102295,1622.9200439453125
Gemstone-Models/Gemstone-512x13,Gemstone 512x13 (103M),102643200,13,4,39,10,1,0.23203788697719574,0.7200000286102295,1622.9200439453125
Gemstone-Models/Gemstone-512x13,Gemstone 512x13 (103M),102643200,13,4,39,10,2,0.0050229220651090145,0.7200000286102295,1622.9200439453125
Gemstone-Models/Gemstone-512x13,Gemstone 512x13 (103M),102643200,13,4,39,10,3,0.16556686162948608,0.7200000286102295,1622.9200439453125
Gemstone-Models/Gemstone-512x13,Gemstone 512x13 (103M),102643200,13,4,39,11,0,0.039264943450689316,0.7200000286102295,1622.9200439453125
Gemstone-Models/Gemstone-512x13,Gemstone 512x13 (103M),102643200,13,4,39,11,1,0.041635677218437195,0.7200000286102295,1622.9200439453125
Gemstone-Models/Gemstone-512x13,Gemstone 512x13 (103M),102643200,13,4,39,11,2,0.4712088108062744,0.7200000286102295,1622.9200439453125
Gemstone-Models/Gemstone-512x13,Gemstone 512x13 (103M),102643200,13,4,39,11,3,0.3568887710571289,0.7200000286102295,1622.9200439453125
Gemstone-Models/Gemstone-512x13,Gemstone 512x13 (103M),102643200,13,4,39,12,0,0.004379842896014452,0.7200000286102295,1622.9200439453125
Gemstone-Models/Gemstone-512x13,Gemstone 512x13 (103M),102643200,13,4,39,12,1,0.0018468375783413649,0.7200000286102295,1622.9200439453125
Gemstone-Models/Gemstone-512x13,Gemstone 512x13 (103M),102643200,13,4,39,12,2,0.021713929250836372,0.7200000286102295,1622.9200439453125
Gemstone-Models/Gemstone-512x13,Gemstone 512x13 (103M),102643200,13,4,39,12,3,0.0059973448514938354,0.7200000286102295,1622.9200439453125
Gemstone-Models/Gemstone-512x13,Gemstone 512x13 (103M),102643200,13,4,40,0,0,0.00020606667385436594,0.46000000834465027,3726.800048828125
Gemstone-Models/Gemstone-512x13,Gemstone 512x13 (103M),102643200,13,4,40,0,1,0.0035508021246641874,0.46000000834465027,3726.800048828125
Gemstone-Models/Gemstone-512x13,Gemstone 512x13 (103M),102643200,13,4,40,0,2,0.015618677251040936,0.46000000834465027,3726.800048828125
Gemstone-Models/Gemstone-512x13,Gemstone 512x13 (103M),102643200,13,4,40,0,3,0.007224922999739647,0.46000000834465027,3726.800048828125
Gemstone-Models/Gemstone-512x13,Gemstone 512x13 (103M),102643200,13,4,40,1,0,0.0007851875852793455,0.46000000834465027,3726.800048828125
Gemstone-Models/Gemstone-512x13,Gemstone 512x13 (103M),102643200,13,4,40,1,1,0.007062428630888462,0.46000000834465027,3726.800048828125
Gemstone-Models/Gemstone-512x13,Gemstone 512x13 (103M),102643200,13,4,40,1,2,0.00015468501078430563,0.46000000834465027,3726.800048828125
Gemstone-Models/Gemstone-512x13,Gemstone 512x13 (103M),102643200,13,4,40,1,3,0.017190292477607727,0.46000000834465027,3726.800048828125
Gemstone-Models/Gemstone-512x13,Gemstone 512x13 (103M),102643200,13,4,40,2,0,0.008115573786199093,0.46000000834465027,3726.800048828125
Gemstone-Models/Gemstone-512x13,Gemstone 512x13 (103M),102643200,13,4,40,2,1,0.0020827564876526594,0.46000000834465027,3726.800048828125
Gemstone-Models/Gemstone-512x13,Gemstone 512x13 (103M),102643200,13,4,40,2,2,0.009898185729980469,0.46000000834465027,3726.800048828125
Gemstone-Models/Gemstone-512x13,Gemstone 512x13 (103M),102643200,13,4,40,2,3,0.009732894599437714,0.46000000834465027,3726.800048828125
Gemstone-Models/Gemstone-512x13,Gemstone 512x13 (103M),102643200,13,4,40,3,0,0.00685068778693676,0.46000000834465027,3726.800048828125
Gemstone-Models/Gemstone-512x13,Gemstone 512x13 (103M),102643200,13,4,40,3,1,0.0006495022680610418,0.46000000834465027,3726.800048828125
Gemstone-Models/Gemstone-512x13,Gemstone 512x13 (103M),102643200,13,4,40,3,2,0.005753691308200359,0.46000000834465027,3726.800048828125
Gemstone-Models/Gemstone-512x13,Gemstone 512x13 (103M),102643200,13,4,40,3,3,0.009072109125554562,0.46000000834465027,3726.800048828125
Gemstone-Models/Gemstone-512x13,Gemstone 512x13 (103M),102643200,13,4,40,4,0,0.01794588752090931,0.46000000834465027,3726.800048828125
Gemstone-Models/Gemstone-512x13,Gemstone 512x13 (103M),102643200,13,4,40,4,1,0.0059496331959962845,0.46000000834465027,3726.800048828125
Gemstone-Models/Gemstone-512x13,Gemstone 512x13 (103M),102643200,13,4,40,4,2,0.010301010683178902,0.46000000834465027,3726.800048828125
Gemstone-Models/Gemstone-512x13,Gemstone 512x13 (103M),102643200,13,4,40,4,3,0.0018346015131101012,0.46000000834465027,3726.800048828125
Gemstone-Models/Gemstone-512x13,Gemstone 512x13 (103M),102643200,13,4,40,5,0,0.007690034341067076,0.46000000834465027,3726.800048828125
Gemstone-Models/Gemstone-512x13,Gemstone 512x13 (103M),102643200,13,4,40,5,1,0.01260782964527607,0.46000000834465027,3726.800048828125
Gemstone-Models/Gemstone-512x13,Gemstone 512x13 (103M),102643200,13,4,40,5,2,2.617958898554207e-07,0.46000000834465027,3726.800048828125
Gemstone-Models/Gemstone-512x13,Gemstone 512x13 (103M),102643200,13,4,40,5,3,0.00010990360897267237,0.46000000834465027,3726.800048828125
Gemstone-Models/Gemstone-512x13,Gemstone 512x13 (103M),102643200,13,4,40,6,0,0.0003468342183623463,0.46000000834465027,3726.800048828125
Gemstone-Models/Gemstone-512x13,Gemstone 512x13 (103M),102643200,13,4,40,6,1,0.7320239543914795,0.46000000834465027,3726.800048828125
Gemstone-Models/Gemstone-512x13,Gemstone 512x13 (103M),102643200,13,4,40,6,2,0.0028870729729533195,0.46000000834465027,3726.800048828125
Gemstone-Models/Gemstone-512x13,Gemstone 512x13 (103M),102643200,13,4,40,6,3,0.004020931664854288,0.46000000834465027,3726.800048828125
Gemstone-Models/Gemstone-512x13,Gemstone 512x13 (103M),102643200,13,4,40,7,0,0.0023494854103773832,0.46000000834465027,3726.800048828125
Gemstone-Models/Gemstone-512x13,Gemstone 512x13 (103M),102643200,13,4,40,7,1,0.0001685296301729977,0.46000000834465027,3726.800048828125
Gemstone-Models/Gemstone-512x13,Gemstone 512x13 (103M),102643200,13,4,40,7,2,0.00042780902003869414,0.46000000834465027,3726.800048828125
Gemstone-Models/Gemstone-512x13,Gemstone 512x13 (103M),102643200,13,4,40,7,3,0.0007271008798852563,0.46000000834465027,3726.800048828125
Gemstone-Models/Gemstone-512x13,Gemstone 512x13 (103M),102643200,13,4,40,8,0,0.003286283230409026,0.46000000834465027,3726.800048828125
Gemstone-Models/Gemstone-512x13,Gemstone 512x13 (103M),102643200,13,4,40,8,1,0.0037707495503127575,0.46000000834465027,3726.800048828125
Gemstone-Models/Gemstone-512x13,Gemstone 512x13 (103M),102643200,13,4,40,8,2,0.00020832747395616025,0.46000000834465027,3726.800048828125
Gemstone-Models/Gemstone-512x13,Gemstone 512x13 (103M),102643200,13,4,40,8,3,0.027088990435004234,0.46000000834465027,3726.800048828125
Gemstone-Models/Gemstone-512x13,Gemstone 512x13 (103M),102643200,13,4,40,9,0,2.4446341839734487e-08,0.46000000834465027,3726.800048828125
Gemstone-Models/Gemstone-512x13,Gemstone 512x13 (103M),102643200,13,4,40,9,1,0.0006837829132564366,0.46000000834465027,3726.800048828125
Gemstone-Models/Gemstone-512x13,Gemstone 512x13 (103M),102643200,13,4,40,9,2,0.0015752550680190325,0.46000000834465027,3726.800048828125
Gemstone-Models/Gemstone-512x13,Gemstone 512x13 (103M),102643200,13,4,40,9,3,0.010027352720499039,0.46000000834465027,3726.800048828125
Gemstone-Models/Gemstone-512x13,Gemstone 512x13 (103M),102643200,13,4,40,10,0,0.7956591844558716,0.46000000834465027,3726.800048828125
Gemstone-Models/Gemstone-512x13,Gemstone 512x13 (103M),102643200,13,4,40,10,1,0.1511235237121582,0.46000000834465027,3726.800048828125
Gemstone-Models/Gemstone-512x13,Gemstone 512x13 (103M),102643200,13,4,40,10,2,0.0026539640966802835,0.46000000834465027,3726.800048828125
Gemstone-Models/Gemstone-512x13,Gemstone 512x13 (103M),102643200,13,4,40,10,3,0.11196961998939514,0.46000000834465027,3726.800048828125
Gemstone-Models/Gemstone-512x13,Gemstone 512x13 (103M),102643200,13,4,40,11,0,0.027867842465639114,0.46000000834465027,3726.800048828125
Gemstone-Models/Gemstone-512x13,Gemstone 512x13 (103M),102643200,13,4,40,11,1,0.027761491015553474,0.46000000834465027,3726.800048828125
Gemstone-Models/Gemstone-512x13,Gemstone 512x13 (103M),102643200,13,4,40,11,2,0.33522874116897583,0.46000000834465027,3726.800048828125
Gemstone-Models/Gemstone-512x13,Gemstone 512x13 (103M),102643200,13,4,40,11,3,0.2723451256752014,0.46000000834465027,3726.800048828125
Gemstone-Models/Gemstone-512x13,Gemstone 512x13 (103M),102643200,13,4,40,12,0,0.0034622957464307547,0.46000000834465027,3726.800048828125
Gemstone-Models/Gemstone-512x13,Gemstone 512x13 (103M),102643200,13,4,40,12,1,0.002413166454061866,0.46000000834465027,3726.800048828125
Gemstone-Models/Gemstone-512x13,Gemstone 512x13 (103M),102643200,13,4,40,12,2,0.007906889542937279,0.46000000834465027,3726.800048828125
Gemstone-Models/Gemstone-512x13,Gemstone 512x13 (103M),102643200,13,4,40,12,3,0.003718313528224826,0.46000000834465027,3726.800048828125
Gemstone-Models/Gemstone-512x13,Gemstone 512x13 (103M),102643200,13,4,41,0,0,4.0178052586270496e-05,0.5600000023841858,479.17999267578125
Gemstone-Models/Gemstone-512x13,Gemstone 512x13 (103M),102643200,13,4,41,0,1,0.0028577279299497604,0.5600000023841858,479.17999267578125
Gemstone-Models/Gemstone-512x13,Gemstone 512x13 (103M),102643200,13,4,41,0,2,0.015909558162093163,0.5600000023841858,479.17999267578125
Gemstone-Models/Gemstone-512x13,Gemstone 512x13 (103M),102643200,13,4,41,0,3,0.007420508656650782,0.5600000023841858,479.17999267578125
Gemstone-Models/Gemstone-512x13,Gemstone 512x13 (103M),102643200,13,4,41,1,0,0.0010220312979072332,0.5600000023841858,479.17999267578125
Gemstone-Models/Gemstone-512x13,Gemstone 512x13 (103M),102643200,13,4,41,1,1,0.006792428437620401,0.5600000023841858,479.17999267578125
Gemstone-Models/Gemstone-512x13,Gemstone 512x13 (103M),102643200,13,4,41,1,2,0.0002936969685833901,0.5600000023841858,479.17999267578125
Gemstone-Models/Gemstone-512x13,Gemstone 512x13 (103M),102643200,13,4,41,1,3,0.001038996852003038,0.5600000023841858,479.17999267578125
Gemstone-Models/Gemstone-512x13,Gemstone 512x13 (103M),102643200,13,4,41,2,0,0.007864143699407578,0.5600000023841858,479.17999267578125
Gemstone-Models/Gemstone-512x13,Gemstone 512x13 (103M),102643200,13,4,41,2,1,0.0011252221884205937,0.5600000023841858,479.17999267578125
Gemstone-Models/Gemstone-512x13,Gemstone 512x13 (103M),102643200,13,4,41,2,2,0.01207999512553215,0.5600000023841858,479.17999267578125
Gemstone-Models/Gemstone-512x13,Gemstone 512x13 (103M),102643200,13,4,41,2,3,0.007151312660425901,0.5600000023841858,479.17999267578125
Gemstone-Models/Gemstone-512x13,Gemstone 512x13 (103M),102643200,13,4,41,3,0,0.007016162388026714,0.5600000023841858,479.17999267578125
Gemstone-Models/Gemstone-512x13,Gemstone 512x13 (103M),102643200,13,4,41,3,1,0.0004822300688829273,0.5600000023841858,479.17999267578125
Gemstone-Models/Gemstone-512x13,Gemstone 512x13 (103M),102643200,13,4,41,3,2,0.006038681138306856,0.5600000023841858,479.17999267578125
Gemstone-Models/Gemstone-512x13,Gemstone 512x13 (103M),102643200,13,4,41,3,3,0.007099466398358345,0.5600000023841858,479.17999267578125
Gemstone-Models/Gemstone-512x13,Gemstone 512x13 (103M),102643200,13,4,41,4,0,0.016794543713331223,0.5600000023841858,479.17999267578125
Gemstone-Models/Gemstone-512x13,Gemstone 512x13 (103M),102643200,13,4,41,4,1,0.006589486729353666,0.5600000023841858,479.17999267578125
Gemstone-Models/Gemstone-512x13,Gemstone 512x13 (103M),102643200,13,4,41,4,2,0.006745059043169022,0.5600000023841858,479.17999267578125
Gemstone-Models/Gemstone-512x13,Gemstone 512x13 (103M),102643200,13,4,41,4,3,0.001373759238049388,0.5600000023841858,479.17999267578125
Gemstone-Models/Gemstone-512x13,Gemstone 512x13 (103M),102643200,13,4,41,5,0,0.007602353114634752,0.5600000023841858,479.17999267578125
Gemstone-Models/Gemstone-512x13,Gemstone 512x13 (103M),102643200,13,4,41,5,1,0.014823882840573788,0.5600000023841858,479.17999267578125
Gemstone-Models/Gemstone-512x13,Gemstone 512x13 (103M),102643200,13,4,41,5,2,2.7714006023416005e-07,0.5600000023841858,479.17999267578125
Gemstone-Models/Gemstone-512x13,Gemstone 512x13 (103M),102643200,13,4,41,5,3,0.00011727637320291251,0.5600000023841858,479.17999267578125
Gemstone-Models/Gemstone-512x13,Gemstone 512x13 (103M),102643200,13,4,41,6,0,0.0004897211911156774,0.5600000023841858,479.17999267578125
Gemstone-Models/Gemstone-512x13,Gemstone 512x13 (103M),102643200,13,4,41,6,1,0.802262544631958,0.5600000023841858,479.17999267578125
Gemstone-Models/Gemstone-512x13,Gemstone 512x13 (103M),102643200,13,4,41,6,2,0.0022340205032378435,0.5600000023841858,479.17999267578125
Gemstone-Models/Gemstone-512x13,Gemstone 512x13 (103M),102643200,13,4,41,6,3,0.004075817298144102,0.5600000023841858,479.17999267578125
Gemstone-Models/Gemstone-512x13,Gemstone 512x13 (103M),102643200,13,4,41,7,0,0.001658276654779911,0.5600000023841858,479.17999267578125
Gemstone-Models/Gemstone-512x13,Gemstone 512x13 (103M),102643200,13,4,41,7,1,0.0001484670356148854,0.5600000023841858,479.17999267578125
Gemstone-Models/Gemstone-512x13,Gemstone 512x13 (103M),102643200,13,4,41,7,2,0.00046650192234665155,0.5600000023841858,479.17999267578125
Gemstone-Models/Gemstone-512x13,Gemstone 512x13 (103M),102643200,13,4,41,7,3,0.00038138593663461506,0.5600000023841858,479.17999267578125
Gemstone-Models/Gemstone-512x13,Gemstone 512x13 (103M),102643200,13,4,41,8,0,0.003269281703978777,0.5600000023841858,479.17999267578125
Gemstone-Models/Gemstone-512x13,Gemstone 512x13 (103M),102643200,13,4,41,8,1,0.004454785492271185,0.5600000023841858,479.17999267578125
Gemstone-Models/Gemstone-512x13,Gemstone 512x13 (103M),102643200,13,4,41,8,2,0.00026807968970388174,0.5600000023841858,479.17999267578125
Gemstone-Models/Gemstone-512x13,Gemstone 512x13 (103M),102643200,13,4,41,8,3,0.025555310770869255,0.5600000023841858,479.17999267578125
Gemstone-Models/Gemstone-512x13,Gemstone 512x13 (103M),102643200,13,4,41,9,0,1.700191809561602e-08,0.5600000023841858,479.17999267578125
Gemstone-Models/Gemstone-512x13,Gemstone 512x13 (103M),102643200,13,4,41,9,1,0.000215355830732733,0.5600000023841858,479.17999267578125
Gemstone-Models/Gemstone-512x13,Gemstone 512x13 (103M),102643200,13,4,41,9,2,0.001301016192883253,0.5600000023841858,479.17999267578125
Gemstone-Models/Gemstone-512x13,Gemstone 512x13 (103M),102643200,13,4,41,9,3,0.013855393044650555,0.5600000023841858,479.17999267578125
Gemstone-Models/Gemstone-512x13,Gemstone 512x13 (103M),102643200,13,4,41,10,0,0.8307124376296997,0.5600000023841858,479.17999267578125
Gemstone-Models/Gemstone-512x13,Gemstone 512x13 (103M),102643200,13,4,41,10,1,0.14003506302833557,0.5600000023841858,479.17999267578125
Gemstone-Models/Gemstone-512x13,Gemstone 512x13 (103M),102643200,13,4,41,10,2,0.0033035820815712214,0.5600000023841858,479.17999267578125
Gemstone-Models/Gemstone-512x13,Gemstone 512x13 (103M),102643200,13,4,41,10,3,0.17136532068252563,0.5600000023841858,479.17999267578125
Gemstone-Models/Gemstone-512x13,Gemstone 512x13 (103M),102643200,13,4,41,11,0,0.04363269731402397,0.5600000023841858,479.17999267578125
Gemstone-Models/Gemstone-512x13,Gemstone 512x13 (103M),102643200,13,4,41,11,1,0.03935401886701584,0.5600000023841858,479.17999267578125
Gemstone-Models/Gemstone-512x13,Gemstone 512x13 (103M),102643200,13,4,41,11,2,0.34598374366760254,0.5600000023841858,479.17999267578125
Gemstone-Models/Gemstone-512x13,Gemstone 512x13 (103M),102643200,13,4,41,11,3,0.2600248456001282,0.5600000023841858,479.17999267578125
Gemstone-Models/Gemstone-512x13,Gemstone 512x13 (103M),102643200,13,4,41,12,0,0.005120720714330673,0.5600000023841858,479.17999267578125
Gemstone-Models/Gemstone-512x13,Gemstone 512x13 (103M),102643200,13,4,41,12,1,0.0014899778179824352,0.5600000023841858,479.17999267578125
Gemstone-Models/Gemstone-512x13,Gemstone 512x13 (103M),102643200,13,4,41,12,2,0.010366920381784439,0.5600000023841858,479.17999267578125
Gemstone-Models/Gemstone-512x13,Gemstone 512x13 (103M),102643200,13,4,41,12,3,0.005052689462900162,0.5600000023841858,479.17999267578125
Gemstone-Models/Gemstone-512x13,Gemstone 512x13 (103M),102643200,13,4,42,0,0,0.005158856511116028,0.8399999737739563,1078.1199951171875
Gemstone-Models/Gemstone-512x13,Gemstone 512x13 (103M),102643200,13,4,42,0,1,0.002879850333556533,0.8399999737739563,1078.1199951171875
Gemstone-Models/Gemstone-512x13,Gemstone 512x13 (103M),102643200,13,4,42,0,2,0.016741806641221046,0.8399999737739563,1078.1199951171875
Gemstone-Models/Gemstone-512x13,Gemstone 512x13 (103M),102643200,13,4,42,0,3,0.008325320668518543,0.8399999737739563,1078.1199951171875
Gemstone-Models/Gemstone-512x13,Gemstone 512x13 (103M),102643200,13,4,42,1,0,0.001047732075676322,0.8399999737739563,1078.1199951171875
Gemstone-Models/Gemstone-512x13,Gemstone 512x13 (103M),102643200,13,4,42,1,1,0.009511982090771198,0.8399999737739563,1078.1199951171875
Gemstone-Models/Gemstone-512x13,Gemstone 512x13 (103M),102643200,13,4,42,1,2,0.0005029419553466141,0.8399999737739563,1078.1199951171875
Gemstone-Models/Gemstone-512x13,Gemstone 512x13 (103M),102643200,13,4,42,1,3,0.01668301597237587,0.8399999737739563,1078.1199951171875
Gemstone-Models/Gemstone-512x13,Gemstone 512x13 (103M),102643200,13,4,42,2,0,0.011214093305170536,0.8399999737739563,1078.1199951171875
Gemstone-Models/Gemstone-512x13,Gemstone 512x13 (103M),102643200,13,4,42,2,1,0.002080324338749051,0.8399999737739563,1078.1199951171875
Gemstone-Models/Gemstone-512x13,Gemstone 512x13 (103M),102643200,13,4,42,2,2,0.009006869979202747,0.8399999737739563,1078.1199951171875
Gemstone-Models/Gemstone-512x13,Gemstone 512x13 (103M),102643200,13,4,42,2,3,0.011544852517545223,0.8399999737739563,1078.1199951171875
Gemstone-Models/Gemstone-512x13,Gemstone 512x13 (103M),102643200,13,4,42,3,0,0.007309956010431051,0.8399999737739563,1078.1199951171875
Gemstone-Models/Gemstone-512x13,Gemstone 512x13 (103M),102643200,13,4,42,3,1,0.0011094267247244716,0.8399999737739563,1078.1199951171875
Gemstone-Models/Gemstone-512x13,Gemstone 512x13 (103M),102643200,13,4,42,3,2,0.0062421392649412155,0.8399999737739563,1078.1199951171875
Gemstone-Models/Gemstone-512x13,Gemstone 512x13 (103M),102643200,13,4,42,3,3,0.007887049578130245,0.8399999737739563,1078.1199951171875
Gemstone-Models/Gemstone-512x13,Gemstone 512x13 (103M),102643200,13,4,42,4,0,0.01861952245235443,0.8399999737739563,1078.1199951171875
Gemstone-Models/Gemstone-512x13,Gemstone 512x13 (103M),102643200,13,4,42,4,1,0.01806599460542202,0.8399999737739563,1078.1199951171875
Gemstone-Models/Gemstone-512x13,Gemstone 512x13 (103M),102643200,13,4,42,4,2,0.007713388651609421,0.8399999737739563,1078.1199951171875
Gemstone-Models/Gemstone-512x13,Gemstone 512x13 (103M),102643200,13,4,42,4,3,0.0014052791520953178,0.8399999737739563,1078.1199951171875
Gemstone-Models/Gemstone-512x13,Gemstone 512x13 (103M),102643200,13,4,42,5,0,0.012388019822537899,0.8399999737739563,1078.1199951171875
Gemstone-Models/Gemstone-512x13,Gemstone 512x13 (103M),102643200,13,4,42,5,1,0.013384992256760597,0.8399999737739563,1078.1199951171875
Gemstone-Models/Gemstone-512x13,Gemstone 512x13 (103M),102643200,13,4,42,5,2,3.3671772143861745e-06,0.8399999737739563,1078.1199951171875
Gemstone-Models/Gemstone-512x13,Gemstone 512x13 (103M),102643200,13,4,42,5,3,0.0004638370010070503,0.8399999737739563,1078.1199951171875
Gemstone-Models/Gemstone-512x13,Gemstone 512x13 (103M),102643200,13,4,42,6,0,0.0005009740125387907,0.8399999737739563,1078.1199951171875
Gemstone-Models/Gemstone-512x13,Gemstone 512x13 (103M),102643200,13,4,42,6,1,0.855743408203125,0.8399999737739563,1078.1199951171875
Gemstone-Models/Gemstone-512x13,Gemstone 512x13 (103M),102643200,13,4,42,6,2,0.003036709502339363,0.8399999737739563,1078.1199951171875
Gemstone-Models/Gemstone-512x13,Gemstone 512x13 (103M),102643200,13,4,42,6,3,0.004408370237797499,0.8399999737739563,1078.1199951171875
Gemstone-Models/Gemstone-512x13,Gemstone 512x13 (103M),102643200,13,4,42,7,0,0.002233319217339158,0.8399999737739563,1078.1199951171875
Gemstone-Models/Gemstone-512x13,Gemstone 512x13 (103M),102643200,13,4,42,7,1,8.48551862873137e-05,0.8399999737739563,1078.1199951171875
Gemstone-Models/Gemstone-512x13,Gemstone 512x13 (103M),102643200,13,4,42,7,2,0.0002466414007358253,0.8399999737739563,1078.1199951171875
Gemstone-Models/Gemstone-512x13,Gemstone 512x13 (103M),102643200,13,4,42,7,3,0.0003413407248444855,0.8399999737739563,1078.1199951171875
Gemstone-Models/Gemstone-512x13,Gemstone 512x13 (103M),102643200,13,4,42,8,0,0.0022332638036459684,0.8399999737739563,1078.1199951171875
Gemstone-Models/Gemstone-512x13,Gemstone 512x13 (103M),102643200,13,4,42,8,1,0.004519004374742508,0.8399999737739563,1078.1199951171875
Gemstone-Models/Gemstone-512x13,Gemstone 512x13 (103M),102643200,13,4,42,8,2,0.0003684353141579777,0.8399999737739563,1078.1199951171875
Gemstone-Models/Gemstone-512x13,Gemstone 512x13 (103M),102643200,13,4,42,8,3,0.038333818316459656,0.8399999737739563,1078.1199951171875
Gemstone-Models/Gemstone-512x13,Gemstone 512x13 (103M),102643200,13,4,42,9,0,2.514331498559841e-08,0.8399999737739563,1078.1199951171875
Gemstone-Models/Gemstone-512x13,Gemstone 512x13 (103M),102643200,13,4,42,9,1,0.00032723843469284475,0.8399999737739563,1078.1199951171875
Gemstone-Models/Gemstone-512x13,Gemstone 512x13 (103M),102643200,13,4,42,9,2,0.0017934296047315001,0.8399999737739563,1078.1199951171875
Gemstone-Models/Gemstone-512x13,Gemstone 512x13 (103M),102643200,13,4,42,9,3,0.022410446777939796,0.8399999737739563,1078.1199951171875
Gemstone-Models/Gemstone-512x13,Gemstone 512x13 (103M),102643200,13,4,42,10,0,0.917788028717041,0.8399999737739563,1078.1199951171875
Gemstone-Models/Gemstone-512x13,Gemstone 512x13 (103M),102643200,13,4,42,10,1,0.21283979713916779,0.8399999737739563,1078.1199951171875
Gemstone-Models/Gemstone-512x13,Gemstone 512x13 (103M),102643200,13,4,42,10,2,0.00456158397719264,0.8399999737739563,1078.1199951171875
Gemstone-Models/Gemstone-512x13,Gemstone 512x13 (103M),102643200,13,4,42,10,3,0.16989484429359436,0.8399999737739563,1078.1199951171875
Gemstone-Models/Gemstone-512x13,Gemstone 512x13 (103M),102643200,13,4,42,11,0,0.061988819390535355,0.8399999737739563,1078.1199951171875
Gemstone-Models/Gemstone-512x13,Gemstone 512x13 (103M),102643200,13,4,42,11,1,0.04478070139884949,0.8399999737739563,1078.1199951171875
Gemstone-Models/Gemstone-512x13,Gemstone 512x13 (103M),102643200,13,4,42,11,2,0.564537763595581,0.8399999737739563,1078.1199951171875
Gemstone-Models/Gemstone-512x13,Gemstone 512x13 (103M),102643200,13,4,42,11,3,0.4264317452907562,0.8399999737739563,1078.1199951171875
Gemstone-Models/Gemstone-512x13,Gemstone 512x13 (103M),102643200,13,4,42,12,0,0.005032240878790617,0.8399999737739563,1078.1199951171875
Gemstone-Models/Gemstone-512x13,Gemstone 512x13 (103M),102643200,13,4,42,12,1,0.002045216504484415,0.8399999737739563,1078.1199951171875
Gemstone-Models/Gemstone-512x13,Gemstone 512x13 (103M),102643200,13,4,42,12,2,0.022488918155431747,0.8399999737739563,1078.1199951171875
Gemstone-Models/Gemstone-512x13,Gemstone 512x13 (103M),102643200,13,4,42,12,3,0.011084035970270634,0.8399999737739563,1078.1199951171875
Gemstone-Models/Gemstone-512x13,Gemstone 512x13 (103M),102643200,13,4,43,0,0,8.748494110477623e-06,0.6600000262260437,87.5
Gemstone-Models/Gemstone-512x13,Gemstone 512x13 (103M),102643200,13,4,43,0,1,0.0022061923518776894,0.6600000262260437,87.5
Gemstone-Models/Gemstone-512x13,Gemstone 512x13 (103M),102643200,13,4,43,0,2,0.014261181466281414,0.6600000262260437,87.5
Gemstone-Models/Gemstone-512x13,Gemstone 512x13 (103M),102643200,13,4,43,0,3,0.00963431503623724,0.6600000262260437,87.5
Gemstone-Models/Gemstone-512x13,Gemstone 512x13 (103M),102643200,13,4,43,1,0,0.000685906270518899,0.6600000262260437,87.5
Gemstone-Models/Gemstone-512x13,Gemstone 512x13 (103M),102643200,13,4,43,1,1,0.008785372599959373,0.6600000262260437,87.5
Gemstone-Models/Gemstone-512x13,Gemstone 512x13 (103M),102643200,13,4,43,1,2,0.0001152617551269941,0.6600000262260437,87.5
Gemstone-Models/Gemstone-512x13,Gemstone 512x13 (103M),102643200,13,4,43,1,3,0.005889127962291241,0.6600000262260437,87.5
Gemstone-Models/Gemstone-512x13,Gemstone 512x13 (103M),102643200,13,4,43,2,0,0.007732701487839222,0.6600000262260437,87.5
Gemstone-Models/Gemstone-512x13,Gemstone 512x13 (103M),102643200,13,4,43,2,1,0.0010412931442260742,0.6600000262260437,87.5
Gemstone-Models/Gemstone-512x13,Gemstone 512x13 (103M),102643200,13,4,43,2,2,0.005484985653311014,0.6600000262260437,87.5
Gemstone-Models/Gemstone-512x13,Gemstone 512x13 (103M),102643200,13,4,43,2,3,0.010422825813293457,0.6600000262260437,87.5
Gemstone-Models/Gemstone-512x13,Gemstone 512x13 (103M),102643200,13,4,43,3,0,0.006078433245420456,0.6600000262260437,87.5
Gemstone-Models/Gemstone-512x13,Gemstone 512x13 (103M),102643200,13,4,43,3,1,0.0003776728408411145,0.6600000262260437,87.5
Gemstone-Models/Gemstone-512x13,Gemstone 512x13 (103M),102643200,13,4,43,3,2,0.005964104551821947,0.6600000262260437,87.5
Gemstone-Models/Gemstone-512x13,Gemstone 512x13 (103M),102643200,13,4,43,3,3,0.007821112871170044,0.6600000262260437,87.5
Gemstone-Models/Gemstone-512x13,Gemstone 512x13 (103M),102643200,13,4,43,4,0,0.021313119679689407,0.6600000262260437,87.5
Gemstone-Models/Gemstone-512x13,Gemstone 512x13 (103M),102643200,13,4,43,4,1,0.005041192751377821,0.6600000262260437,87.5
Gemstone-Models/Gemstone-512x13,Gemstone 512x13 (103M),102643200,13,4,43,4,2,0.006570107769221067,0.6600000262260437,87.5
Gemstone-Models/Gemstone-512x13,Gemstone 512x13 (103M),102643200,13,4,43,4,3,0.0011820592917501926,0.6600000262260437,87.5
Gemstone-Models/Gemstone-512x13,Gemstone 512x13 (103M),102643200,13,4,43,5,0,0.006774674169719219,0.6600000262260437,87.5
Gemstone-Models/Gemstone-512x13,Gemstone 512x13 (103M),102643200,13,4,43,5,1,0.012873955070972443,0.6600000262260437,87.5
Gemstone-Models/Gemstone-512x13,Gemstone 512x13 (103M),102643200,13,4,43,5,2,1.0078716741190874e-06,0.6600000262260437,87.5
Gemstone-Models/Gemstone-512x13,Gemstone 512x13 (103M),102643200,13,4,43,5,3,0.00020176084944978356,0.6600000262260437,87.5
Gemstone-Models/Gemstone-512x13,Gemstone 512x13 (103M),102643200,13,4,43,6,0,0.0005329173291102052,0.6600000262260437,87.5
Gemstone-Models/Gemstone-512x13,Gemstone 512x13 (103M),102643200,13,4,43,6,1,0.830583930015564,0.6600000262260437,87.5
Gemstone-Models/Gemstone-512x13,Gemstone 512x13 (103M),102643200,13,4,43,6,2,0.003197312355041504,0.6600000262260437,87.5
Gemstone-Models/Gemstone-512x13,Gemstone 512x13 (103M),102643200,13,4,43,6,3,0.0031753701623529196,0.6600000262260437,87.5
Gemstone-Models/Gemstone-512x13,Gemstone 512x13 (103M),102643200,13,4,43,7,0,0.002205205149948597,0.6600000262260437,87.5
Gemstone-Models/Gemstone-512x13,Gemstone 512x13 (103M),102643200,13,4,43,7,1,9.394623339176178e-05,0.6600000262260437,87.5
Gemstone-Models/Gemstone-512x13,Gemstone 512x13 (103M),102643200,13,4,43,7,2,0.0005440980312414467,0.6600000262260437,87.5
Gemstone-Models/Gemstone-512x13,Gemstone 512x13 (103M),102643200,13,4,43,7,3,0.0005985117168165743,0.6600000262260437,87.5
Gemstone-Models/Gemstone-512x13,Gemstone 512x13 (103M),102643200,13,4,43,8,0,0.0023758707102388144,0.6600000262260437,87.5
Gemstone-Models/Gemstone-512x13,Gemstone 512x13 (103M),102643200,13,4,43,8,1,0.0023772623389959335,0.6600000262260437,87.5
Gemstone-Models/Gemstone-512x13,Gemstone 512x13 (103M),102643200,13,4,43,8,2,0.00022342815645970404,0.6600000262260437,87.5
Gemstone-Models/Gemstone-512x13,Gemstone 512x13 (103M),102643200,13,4,43,8,3,0.029518840834498405,0.6600000262260437,87.5
Gemstone-Models/Gemstone-512x13,Gemstone 512x13 (103M),102643200,13,4,43,9,0,1.2699508999958198e-08,0.6600000262260437,87.5
Gemstone-Models/Gemstone-512x13,Gemstone 512x13 (103M),102643200,13,4,43,9,1,0.00019080193305853754,0.6600000262260437,87.5
Gemstone-Models/Gemstone-512x13,Gemstone 512x13 (103M),102643200,13,4,43,9,2,0.0019659525714814663,0.6600000262260437,87.5
Gemstone-Models/Gemstone-512x13,Gemstone 512x13 (103M),102643200,13,4,43,9,3,0.014708051458001137,0.6600000262260437,87.5
Gemstone-Models/Gemstone-512x13,Gemstone 512x13 (103M),102643200,13,4,43,10,0,0.868241548538208,0.6600000262260437,87.5
Gemstone-Models/Gemstone-512x13,Gemstone 512x13 (103M),102643200,13,4,43,10,1,0.15843352675437927,0.6600000262260437,87.5
Gemstone-Models/Gemstone-512x13,Gemstone 512x13 (103M),102643200,13,4,43,10,2,0.0028827181085944176,0.6600000262260437,87.5
Gemstone-Models/Gemstone-512x13,Gemstone 512x13 (103M),102643200,13,4,43,10,3,0.16789279878139496,0.6600000262260437,87.5
Gemstone-Models/Gemstone-512x13,Gemstone 512x13 (103M),102643200,13,4,43,11,0,0.030092887580394745,0.6600000262260437,87.5
Gemstone-Models/Gemstone-512x13,Gemstone 512x13 (103M),102643200,13,4,43,11,1,0.035308945924043655,0.6600000262260437,87.5
Gemstone-Models/Gemstone-512x13,Gemstone 512x13 (103M),102643200,13,4,43,11,2,0.45458102226257324,0.6600000262260437,87.5
Gemstone-Models/Gemstone-512x13,Gemstone 512x13 (103M),102643200,13,4,43,11,3,0.3554450571537018,0.6600000262260437,87.5
Gemstone-Models/Gemstone-512x13,Gemstone 512x13 (103M),102643200,13,4,43,12,0,0.0032195013482123613,0.6600000262260437,87.5
Gemstone-Models/Gemstone-512x13,Gemstone 512x13 (103M),102643200,13,4,43,12,1,0.0020277616567909718,0.6600000262260437,87.5
Gemstone-Models/Gemstone-512x13,Gemstone 512x13 (103M),102643200,13,4,43,12,2,0.014971989206969738,0.6600000262260437,87.5
Gemstone-Models/Gemstone-512x13,Gemstone 512x13 (103M),102643200,13,4,43,12,3,0.004371935967355967,0.6600000262260437,87.5
Gemstone-Models/Gemstone-512x13,Gemstone 512x13 (103M),102643200,13,4,44,0,0,0.0066489242017269135,0.18000000715255737,2651.9599609375
Gemstone-Models/Gemstone-512x13,Gemstone 512x13 (103M),102643200,13,4,44,0,1,0.0023895821068435907,0.18000000715255737,2651.9599609375
Gemstone-Models/Gemstone-512x13,Gemstone 512x13 (103M),102643200,13,4,44,0,2,0.01677708886563778,0.18000000715255737,2651.9599609375
Gemstone-Models/Gemstone-512x13,Gemstone 512x13 (103M),102643200,13,4,44,0,3,0.010028243064880371,0.18000000715255737,2651.9599609375
Gemstone-Models/Gemstone-512x13,Gemstone 512x13 (103M),102643200,13,4,44,1,0,0.0005292829009704292,0.18000000715255737,2651.9599609375
Gemstone-Models/Gemstone-512x13,Gemstone 512x13 (103M),102643200,13,4,44,1,1,0.007885053753852844,0.18000000715255737,2651.9599609375
Gemstone-Models/Gemstone-512x13,Gemstone 512x13 (103M),102643200,13,4,44,1,2,0.002733297413215041,0.18000000715255737,2651.9599609375
Gemstone-Models/Gemstone-512x13,Gemstone 512x13 (103M),102643200,13,4,44,1,3,0.017768019810318947,0.18000000715255737,2651.9599609375
Gemstone-Models/Gemstone-512x13,Gemstone 512x13 (103M),102643200,13,4,44,2,0,0.007067197933793068,0.18000000715255737,2651.9599609375
Gemstone-Models/Gemstone-512x13,Gemstone 512x13 (103M),102643200,13,4,44,2,1,0.001539096119813621,0.18000000715255737,2651.9599609375
Gemstone-Models/Gemstone-512x13,Gemstone 512x13 (103M),102643200,13,4,44,2,2,0.012602919712662697,0.18000000715255737,2651.9599609375
Gemstone-Models/Gemstone-512x13,Gemstone 512x13 (103M),102643200,13,4,44,2,3,0.015461456961929798,0.18000000715255737,2651.9599609375
Gemstone-Models/Gemstone-512x13,Gemstone 512x13 (103M),102643200,13,4,44,3,0,0.003858644748106599,0.18000000715255737,2651.9599609375
Gemstone-Models/Gemstone-512x13,Gemstone 512x13 (103M),102643200,13,4,44,3,1,0.0006489833467639983,0.18000000715255737,2651.9599609375
Gemstone-Models/Gemstone-512x13,Gemstone 512x13 (103M),102643200,13,4,44,3,2,0.006233223248273134,0.18000000715255737,2651.9599609375
Gemstone-Models/Gemstone-512x13,Gemstone 512x13 (103M),102643200,13,4,44,3,3,0.008579225279390812,0.18000000715255737,2651.9599609375
Gemstone-Models/Gemstone-512x13,Gemstone 512x13 (103M),102643200,13,4,44,4,0,0.013920892030000687,0.18000000715255737,2651.9599609375
Gemstone-Models/Gemstone-512x13,Gemstone 512x13 (103M),102643200,13,4,44,4,1,0.007375914603471756,0.18000000715255737,2651.9599609375
Gemstone-Models/Gemstone-512x13,Gemstone 512x13 (103M),102643200,13,4,44,4,2,0.008734420873224735,0.18000000715255737,2651.9599609375
Gemstone-Models/Gemstone-512x13,Gemstone 512x13 (103M),102643200,13,4,44,4,3,0.001401767716743052,0.18000000715255737,2651.9599609375
Gemstone-Models/Gemstone-512x13,Gemstone 512x13 (103M),102643200,13,4,44,5,0,0.004365784581750631,0.18000000715255737,2651.9599609375
Gemstone-Models/Gemstone-512x13,Gemstone 512x13 (103M),102643200,13,4,44,5,1,0.011823868378996849,0.18000000715255737,2651.9599609375
Gemstone-Models/Gemstone-512x13,Gemstone 512x13 (103M),102643200,13,4,44,5,2,3.1675824629928684e-07,0.18000000715255737,2651.9599609375
Gemstone-Models/Gemstone-512x13,Gemstone 512x13 (103M),102643200,13,4,44,5,3,9.28500885493122e-05,0.18000000715255737,2651.9599609375
Gemstone-Models/Gemstone-512x13,Gemstone 512x13 (103M),102643200,13,4,44,6,0,0.000475199893116951,0.18000000715255737,2651.9599609375
Gemstone-Models/Gemstone-512x13,Gemstone 512x13 (103M),102643200,13,4,44,6,1,0.6390135288238525,0.18000000715255737,2651.9599609375
Gemstone-Models/Gemstone-512x13,Gemstone 512x13 (103M),102643200,13,4,44,6,2,0.002576958853751421,0.18000000715255737,2651.9599609375
Gemstone-Models/Gemstone-512x13,Gemstone 512x13 (103M),102643200,13,4,44,6,3,0.0036253281868994236,0.18000000715255737,2651.9599609375
Gemstone-Models/Gemstone-512x13,Gemstone 512x13 (103M),102643200,13,4,44,7,0,0.0023960424587130547,0.18000000715255737,2651.9599609375
Gemstone-Models/Gemstone-512x13,Gemstone 512x13 (103M),102643200,13,4,44,7,1,0.00010797624418046325,0.18000000715255737,2651.9599609375
Gemstone-Models/Gemstone-512x13,Gemstone 512x13 (103M),102643200,13,4,44,7,2,0.0004582419933285564,0.18000000715255737,2651.9599609375
Gemstone-Models/Gemstone-512x13,Gemstone 512x13 (103M),102643200,13,4,44,7,3,0.0006136883166618645,0.18000000715255737,2651.9599609375
Gemstone-Models/Gemstone-512x13,Gemstone 512x13 (103M),102643200,13,4,44,8,0,0.0021816652733832598,0.18000000715255737,2651.9599609375
Gemstone-Models/Gemstone-512x13,Gemstone 512x13 (103M),102643200,13,4,44,8,1,0.0021785397548228502,0.18000000715255737,2651.9599609375
Gemstone-Models/Gemstone-512x13,Gemstone 512x13 (103M),102643200,13,4,44,8,2,0.0002479511022102088,0.18000000715255737,2651.9599609375
Gemstone-Models/Gemstone-512x13,Gemstone 512x13 (103M),102643200,13,4,44,8,3,0.021763520315289497,0.18000000715255737,2651.9599609375
Gemstone-Models/Gemstone-512x13,Gemstone 512x13 (103M),102643200,13,4,44,9,0,1.7581680111788955e-08,0.18000000715255737,2651.9599609375
Gemstone-Models/Gemstone-512x13,Gemstone 512x13 (103M),102643200,13,4,44,9,1,0.00037269911263138056,0.18000000715255737,2651.9599609375
Gemstone-Models/Gemstone-512x13,Gemstone 512x13 (103M),102643200,13,4,44,9,2,0.0014841359807178378,0.18000000715255737,2651.9599609375
Gemstone-Models/Gemstone-512x13,Gemstone 512x13 (103M),102643200,13,4,44,9,3,0.007315824739634991,0.18000000715255737,2651.9599609375
Gemstone-Models/Gemstone-512x13,Gemstone 512x13 (103M),102643200,13,4,44,10,0,0.7415862083435059,0.18000000715255737,2651.9599609375
Gemstone-Models/Gemstone-512x13,Gemstone 512x13 (103M),102643200,13,4,44,10,1,0.07872098684310913,0.18000000715255737,2651.9599609375
Gemstone-Models/Gemstone-512x13,Gemstone 512x13 (103M),102643200,13,4,44,10,2,0.00302016269415617,0.18000000715255737,2651.9599609375
Gemstone-Models/Gemstone-512x13,Gemstone 512x13 (103M),102643200,13,4,44,10,3,0.0956755056977272,0.18000000715255737,2651.9599609375
Gemstone-Models/Gemstone-512x13,Gemstone 512x13 (103M),102643200,13,4,44,11,0,0.019340377300977707,0.18000000715255737,2651.9599609375
Gemstone-Models/Gemstone-512x13,Gemstone 512x13 (103M),102643200,13,4,44,11,1,0.022772863507270813,0.18000000715255737,2651.9599609375
Gemstone-Models/Gemstone-512x13,Gemstone 512x13 (103M),102643200,13,4,44,11,2,0.22092649340629578,0.18000000715255737,2651.9599609375
Gemstone-Models/Gemstone-512x13,Gemstone 512x13 (103M),102643200,13,4,44,11,3,0.1450159102678299,0.18000000715255737,2651.9599609375
Gemstone-Models/Gemstone-512x13,Gemstone 512x13 (103M),102643200,13,4,44,12,0,0.002646535402163863,0.18000000715255737,2651.9599609375
Gemstone-Models/Gemstone-512x13,Gemstone 512x13 (103M),102643200,13,4,44,12,1,0.0022439167369157076,0.18000000715255737,2651.9599609375
Gemstone-Models/Gemstone-512x13,Gemstone 512x13 (103M),102643200,13,4,44,12,2,0.007565257605165243,0.18000000715255737,2651.9599609375
Gemstone-Models/Gemstone-512x13,Gemstone 512x13 (103M),102643200,13,4,44,12,3,0.004781343508511782,0.18000000715255737,2651.9599609375
Gemstone-Models/Gemstone-512x13,Gemstone 512x13 (103M),102643200,13,4,45,0,0,4.350356903159991e-05,0.46000000834465027,185.0399932861328
Gemstone-Models/Gemstone-512x13,Gemstone 512x13 (103M),102643200,13,4,45,0,1,0.0023063465487211943,0.46000000834465027,185.0399932861328
Gemstone-Models/Gemstone-512x13,Gemstone 512x13 (103M),102643200,13,4,45,0,2,0.01472834125161171,0.46000000834465027,185.0399932861328
Gemstone-Models/Gemstone-512x13,Gemstone 512x13 (103M),102643200,13,4,45,0,3,0.005216491408646107,0.46000000834465027,185.0399932861328
Gemstone-Models/Gemstone-512x13,Gemstone 512x13 (103M),102643200,13,4,45,1,0,0.0009636112954467535,0.46000000834465027,185.0399932861328
Gemstone-Models/Gemstone-512x13,Gemstone 512x13 (103M),102643200,13,4,45,1,1,0.008218557573854923,0.46000000834465027,185.0399932861328
Gemstone-Models/Gemstone-512x13,Gemstone 512x13 (103M),102643200,13,4,45,1,2,0.005270012188702822,0.46000000834465027,185.0399932861328
Gemstone-Models/Gemstone-512x13,Gemstone 512x13 (103M),102643200,13,4,45,1,3,0.0035168356262147427,0.46000000834465027,185.0399932861328
Gemstone-Models/Gemstone-512x13,Gemstone 512x13 (103M),102643200,13,4,45,2,0,0.00961101334542036,0.46000000834465027,185.0399932861328
Gemstone-Models/Gemstone-512x13,Gemstone 512x13 (103M),102643200,13,4,45,2,1,0.0022644842974841595,0.46000000834465027,185.0399932861328
Gemstone-Models/Gemstone-512x13,Gemstone 512x13 (103M),102643200,13,4,45,2,2,0.009530322626233101,0.46000000834465027,185.0399932861328
Gemstone-Models/Gemstone-512x13,Gemstone 512x13 (103M),102643200,13,4,45,2,3,0.01771286129951477,0.46000000834465027,185.0399932861328
Gemstone-Models/Gemstone-512x13,Gemstone 512x13 (103M),102643200,13,4,45,3,0,0.0075150649063289165,0.46000000834465027,185.0399932861328
Gemstone-Models/Gemstone-512x13,Gemstone 512x13 (103M),102643200,13,4,45,3,1,0.0007625498110428452,0.46000000834465027,185.0399932861328
Gemstone-Models/Gemstone-512x13,Gemstone 512x13 (103M),102643200,13,4,45,3,2,0.005382014438509941,0.46000000834465027,185.0399932861328
Gemstone-Models/Gemstone-512x13,Gemstone 512x13 (103M),102643200,13,4,45,3,3,0.009505326859652996,0.46000000834465027,185.0399932861328
Gemstone-Models/Gemstone-512x13,Gemstone 512x13 (103M),102643200,13,4,45,4,0,0.016690963879227638,0.46000000834465027,185.0399932861328
Gemstone-Models/Gemstone-512x13,Gemstone 512x13 (103M),102643200,13,4,45,4,1,0.006582402624189854,0.46000000834465027,185.0399932861328
Gemstone-Models/Gemstone-512x13,Gemstone 512x13 (103M),102643200,13,4,45,4,2,0.010692162439227104,0.46000000834465027,185.0399932861328
Gemstone-Models/Gemstone-512x13,Gemstone 512x13 (103M),102643200,13,4,45,4,3,0.0012135541765019298,0.46000000834465027,185.0399932861328
Gemstone-Models/Gemstone-512x13,Gemstone 512x13 (103M),102643200,13,4,45,5,0,0.008371252566576004,0.46000000834465027,185.0399932861328
Gemstone-Models/Gemstone-512x13,Gemstone 512x13 (103M),102643200,13,4,45,5,1,0.015659267082810402,0.46000000834465027,185.0399932861328
Gemstone-Models/Gemstone-512x13,Gemstone 512x13 (103M),102643200,13,4,45,5,2,1.5105293016404175e-07,0.46000000834465027,185.0399932861328
Gemstone-Models/Gemstone-512x13,Gemstone 512x13 (103M),102643200,13,4,45,5,3,9.796205995371565e-05,0.46000000834465027,185.0399932861328
Gemstone-Models/Gemstone-512x13,Gemstone 512x13 (103M),102643200,13,4,45,6,0,0.0005162407760508358,0.46000000834465027,185.0399932861328
Gemstone-Models/Gemstone-512x13,Gemstone 512x13 (103M),102643200,13,4,45,6,1,0.8511374592781067,0.46000000834465027,185.0399932861328
Gemstone-Models/Gemstone-512x13,Gemstone 512x13 (103M),102643200,13,4,45,6,2,0.005291210021823645,0.46000000834465027,185.0399932861328
Gemstone-Models/Gemstone-512x13,Gemstone 512x13 (103M),102643200,13,4,45,6,3,0.0036713904701173306,0.46000000834465027,185.0399932861328
Gemstone-Models/Gemstone-512x13,Gemstone 512x13 (103M),102643200,13,4,45,7,0,0.002199613954871893,0.46000000834465027,185.0399932861328
Gemstone-Models/Gemstone-512x13,Gemstone 512x13 (103M),102643200,13,4,45,7,1,8.215798152377829e-05,0.46000000834465027,185.0399932861328
Gemstone-Models/Gemstone-512x13,Gemstone 512x13 (103M),102643200,13,4,45,7,2,0.0005869037704542279,0.46000000834465027,185.0399932861328
Gemstone-Models/Gemstone-512x13,Gemstone 512x13 (103M),102643200,13,4,45,7,3,0.0004957307828590274,0.46000000834465027,185.0399932861328
Gemstone-Models/Gemstone-512x13,Gemstone 512x13 (103M),102643200,13,4,45,8,0,0.004346555098891258,0.46000000834465027,185.0399932861328
Gemstone-Models/Gemstone-512x13,Gemstone 512x13 (103M),102643200,13,4,45,8,1,0.004595276899635792,0.46000000834465027,185.0399932861328
Gemstone-Models/Gemstone-512x13,Gemstone 512x13 (103M),102643200,13,4,45,8,2,0.00024612684501335025,0.46000000834465027,185.0399932861328
Gemstone-Models/Gemstone-512x13,Gemstone 512x13 (103M),102643200,13,4,45,8,3,0.030440449714660645,0.46000000834465027,185.0399932861328
Gemstone-Models/Gemstone-512x13,Gemstone 512x13 (103M),102643200,13,4,45,9,0,1.2216622380378794e-08,0.46000000834465027,185.0399932861328
Gemstone-Models/Gemstone-512x13,Gemstone 512x13 (103M),102643200,13,4,45,9,1,0.0002222155744675547,0.46000000834465027,185.0399932861328
Gemstone-Models/Gemstone-512x13,Gemstone 512x13 (103M),102643200,13,4,45,9,2,0.002052272902801633,0.46000000834465027,185.0399932861328
Gemstone-Models/Gemstone-512x13,Gemstone 512x13 (103M),102643200,13,4,45,9,3,0.013235468417406082,0.46000000834465027,185.0399932861328
Gemstone-Models/Gemstone-512x13,Gemstone 512x13 (103M),102643200,13,4,45,10,0,0.8655173778533936,0.46000000834465027,185.0399932861328
Gemstone-Models/Gemstone-512x13,Gemstone 512x13 (103M),102643200,13,4,45,10,1,0.1636163741350174,0.46000000834465027,185.0399932861328
Gemstone-Models/Gemstone-512x13,Gemstone 512x13 (103M),102643200,13,4,45,10,2,0.006526215001940727,0.46000000834465027,185.0399932861328
Gemstone-Models/Gemstone-512x13,Gemstone 512x13 (103M),102643200,13,4,45,10,3,0.15908515453338623,0.46000000834465027,185.0399932861328
Gemstone-Models/Gemstone-512x13,Gemstone 512x13 (103M),102643200,13,4,45,11,0,0.038950368762016296,0.46000000834465027,185.0399932861328
Gemstone-Models/Gemstone-512x13,Gemstone 512x13 (103M),102643200,13,4,45,11,1,0.04550361633300781,0.46000000834465027,185.0399932861328
Gemstone-Models/Gemstone-512x13,Gemstone 512x13 (103M),102643200,13,4,45,11,2,0.32936111092567444,0.46000000834465027,185.0399932861328
Gemstone-Models/Gemstone-512x13,Gemstone 512x13 (103M),102643200,13,4,45,11,3,0.25324514508247375,0.46000000834465027,185.0399932861328
Gemstone-Models/Gemstone-512x13,Gemstone 512x13 (103M),102643200,13,4,45,12,0,0.005503141321241856,0.46000000834465027,185.0399932861328
Gemstone-Models/Gemstone-512x13,Gemstone 512x13 (103M),102643200,13,4,45,12,1,0.0031495399307459593,0.46000000834465027,185.0399932861328
Gemstone-Models/Gemstone-512x13,Gemstone 512x13 (103M),102643200,13,4,45,12,2,0.014024417847394943,0.46000000834465027,185.0399932861328
Gemstone-Models/Gemstone-512x13,Gemstone 512x13 (103M),102643200,13,4,45,12,3,0.005412318743765354,0.46000000834465027,185.0399932861328
Gemstone-Models/Gemstone-512x13,Gemstone 512x13 (103M),102643200,13,4,46,0,0,2.0665214833570644e-05,0.8399999737739563,1.9800000190734863
Gemstone-Models/Gemstone-512x13,Gemstone 512x13 (103M),102643200,13,4,46,0,1,0.002584124216809869,0.8399999737739563,1.9800000190734863
Gemstone-Models/Gemstone-512x13,Gemstone 512x13 (103M),102643200,13,4,46,0,2,0.013586802408099174,0.8399999737739563,1.9800000190734863
Gemstone-Models/Gemstone-512x13,Gemstone 512x13 (103M),102643200,13,4,46,0,3,0.00827138964086771,0.8399999737739563,1.9800000190734863
Gemstone-Models/Gemstone-512x13,Gemstone 512x13 (103M),102643200,13,4,46,1,0,0.0009495177655480802,0.8399999737739563,1.9800000190734863
Gemstone-Models/Gemstone-512x13,Gemstone 512x13 (103M),102643200,13,4,46,1,1,0.00818372331559658,0.8399999737739563,1.9800000190734863
Gemstone-Models/Gemstone-512x13,Gemstone 512x13 (103M),102643200,13,4,46,1,2,0.00016831739048939198,0.8399999737739563,1.9800000190734863
Gemstone-Models/Gemstone-512x13,Gemstone 512x13 (103M),102643200,13,4,46,1,3,0.0017145979218184948,0.8399999737739563,1.9800000190734863
Gemstone-Models/Gemstone-512x13,Gemstone 512x13 (103M),102643200,13,4,46,2,0,0.007848183624446392,0.8399999737739563,1.9800000190734863
Gemstone-Models/Gemstone-512x13,Gemstone 512x13 (103M),102643200,13,4,46,2,1,0.000963300175499171,0.8399999737739563,1.9800000190734863
Gemstone-Models/Gemstone-512x13,Gemstone 512x13 (103M),102643200,13,4,46,2,2,0.01043232437223196,0.8399999737739563,1.9800000190734863
Gemstone-Models/Gemstone-512x13,Gemstone 512x13 (103M),102643200,13,4,46,2,3,0.006741520948708057,0.8399999737739563,1.9800000190734863
Gemstone-Models/Gemstone-512x13,Gemstone 512x13 (103M),102643200,13,4,46,3,0,0.00601044250652194,0.8399999737739563,1.9800000190734863
Gemstone-Models/Gemstone-512x13,Gemstone 512x13 (103M),102643200,13,4,46,3,1,0.0005698916502296925,0.8399999737739563,1.9800000190734863
Gemstone-Models/Gemstone-512x13,Gemstone 512x13 (103M),102643200,13,4,46,3,2,0.00489705940708518,0.8399999737739563,1.9800000190734863
Gemstone-Models/Gemstone-512x13,Gemstone 512x13 (103M),102643200,13,4,46,3,3,0.005350081715732813,0.8399999737739563,1.9800000190734863
Gemstone-Models/Gemstone-512x13,Gemstone 512x13 (103M),102643200,13,4,46,4,0,0.01844075135886669,0.8399999737739563,1.9800000190734863
Gemstone-Models/Gemstone-512x13,Gemstone 512x13 (103M),102643200,13,4,46,4,1,0.004381273407489061,0.8399999737739563,1.9800000190734863
Gemstone-Models/Gemstone-512x13,Gemstone 512x13 (103M),102643200,13,4,46,4,2,0.007054056040942669,0.8399999737739563,1.9800000190734863
Gemstone-Models/Gemstone-512x13,Gemstone 512x13 (103M),102643200,13,4,46,4,3,0.001720199128612876,0.8399999737739563,1.9800000190734863
Gemstone-Models/Gemstone-512x13,Gemstone 512x13 (103M),102643200,13,4,46,5,0,0.00922954548150301,0.8399999737739563,1.9800000190734863
Gemstone-Models/Gemstone-512x13,Gemstone 512x13 (103M),102643200,13,4,46,5,1,0.012777534313499928,0.8399999737739563,1.9800000190734863
Gemstone-Models/Gemstone-512x13,Gemstone 512x13 (103M),102643200,13,4,46,5,2,1.7817299635680683e-07,0.8399999737739563,1.9800000190734863
Gemstone-Models/Gemstone-512x13,Gemstone 512x13 (103M),102643200,13,4,46,5,3,0.00014477521472144872,0.8399999737739563,1.9800000190734863
Gemstone-Models/Gemstone-512x13,Gemstone 512x13 (103M),102643200,13,4,46,6,0,0.0006855701794847846,0.8399999737739563,1.9800000190734863
Gemstone-Models/Gemstone-512x13,Gemstone 512x13 (103M),102643200,13,4,46,6,1,0.8532156348228455,0.8399999737739563,1.9800000190734863
Gemstone-Models/Gemstone-512x13,Gemstone 512x13 (103M),102643200,13,4,46,6,2,0.0038466164842247963,0.8399999737739563,1.9800000190734863
Gemstone-Models/Gemstone-512x13,Gemstone 512x13 (103M),102643200,13,4,46,6,3,0.005531641189008951,0.8399999737739563,1.9800000190734863
Gemstone-Models/Gemstone-512x13,Gemstone 512x13 (103M),102643200,13,4,46,7,0,0.001631327555514872,0.8399999737739563,1.9800000190734863
Gemstone-Models/Gemstone-512x13,Gemstone 512x13 (103M),102643200,13,4,46,7,1,0.00011338791955495253,0.8399999737739563,1.9800000190734863
Gemstone-Models/Gemstone-512x13,Gemstone 512x13 (103M),102643200,13,4,46,7,2,0.0005613478715531528,0.8399999737739563,1.9800000190734863
Gemstone-Models/Gemstone-512x13,Gemstone 512x13 (103M),102643200,13,4,46,7,3,0.000500237219966948,0.8399999737739563,1.9800000190734863
Gemstone-Models/Gemstone-512x13,Gemstone 512x13 (103M),102643200,13,4,46,8,0,0.0035410355776548386,0.8399999737739563,1.9800000190734863
Gemstone-Models/Gemstone-512x13,Gemstone 512x13 (103M),102643200,13,4,46,8,1,0.003424271708354354,0.8399999737739563,1.9800000190734863
Gemstone-Models/Gemstone-512x13,Gemstone 512x13 (103M),102643200,13,4,46,8,2,0.0003307319711893797,0.8399999737739563,1.9800000190734863
Gemstone-Models/Gemstone-512x13,Gemstone 512x13 (103M),102643200,13,4,46,8,3,0.0400555282831192,0.8399999737739563,1.9800000190734863
Gemstone-Models/Gemstone-512x13,Gemstone 512x13 (103M),102643200,13,4,46,9,0,6.368045646354403e-09,0.8399999737739563,1.9800000190734863
Gemstone-Models/Gemstone-512x13,Gemstone 512x13 (103M),102643200,13,4,46,9,1,0.00014191042282618582,0.8399999737739563,1.9800000190734863
Gemstone-Models/Gemstone-512x13,Gemstone 512x13 (103M),102643200,13,4,46,9,2,0.002465780358761549,0.8399999737739563,1.9800000190734863
Gemstone-Models/Gemstone-512x13,Gemstone 512x13 (103M),102643200,13,4,46,9,3,0.017291458323597908,0.8399999737739563,1.9800000190734863
Gemstone-Models/Gemstone-512x13,Gemstone 512x13 (103M),102643200,13,4,46,10,0,0.885891318321228,0.8399999737739563,1.9800000190734863
Gemstone-Models/Gemstone-512x13,Gemstone 512x13 (103M),102643200,13,4,46,10,1,0.28770411014556885,0.8399999737739563,1.9800000190734863
Gemstone-Models/Gemstone-512x13,Gemstone 512x13 (103M),102643200,13,4,46,10,2,0.005841113161295652,0.8399999737739563,1.9800000190734863
Gemstone-Models/Gemstone-512x13,Gemstone 512x13 (103M),102643200,13,4,46,10,3,0.2881759703159332,0.8399999737739563,1.9800000190734863
Gemstone-Models/Gemstone-512x13,Gemstone 512x13 (103M),102643200,13,4,46,11,0,0.04527803510427475,0.8399999737739563,1.9800000190734863
Gemstone-Models/Gemstone-512x13,Gemstone 512x13 (103M),102643200,13,4,46,11,1,0.059794262051582336,0.8399999737739563,1.9800000190734863
Gemstone-Models/Gemstone-512x13,Gemstone 512x13 (103M),102643200,13,4,46,11,2,0.4887333810329437,0.8399999737739563,1.9800000190734863
Gemstone-Models/Gemstone-512x13,Gemstone 512x13 (103M),102643200,13,4,46,11,3,0.3425503671169281,0.8399999737739563,1.9800000190734863
Gemstone-Models/Gemstone-512x13,Gemstone 512x13 (103M),102643200,13,4,46,12,0,0.005797890014946461,0.8399999737739563,1.9800000190734863
Gemstone-Models/Gemstone-512x13,Gemstone 512x13 (103M),102643200,13,4,46,12,1,0.005110717378556728,0.8399999737739563,1.9800000190734863
Gemstone-Models/Gemstone-512x13,Gemstone 512x13 (103M),102643200,13,4,46,12,2,0.024373602122068405,0.8399999737739563,1.9800000190734863
Gemstone-Models/Gemstone-512x13,Gemstone 512x13 (103M),102643200,13,4,46,12,3,0.007333377376198769,0.8399999737739563,1.9800000190734863
Gemstone-Models/Gemstone-512x13,Gemstone 512x13 (103M),102643200,13,4,47,0,0,4.5421071263263e-05,0.6399999856948853,139.47999572753906
Gemstone-Models/Gemstone-512x13,Gemstone 512x13 (103M),102643200,13,4,47,0,1,0.0023168325424194336,0.6399999856948853,139.47999572753906
Gemstone-Models/Gemstone-512x13,Gemstone 512x13 (103M),102643200,13,4,47,0,2,0.01320677436888218,0.6399999856948853,139.47999572753906
Gemstone-Models/Gemstone-512x13,Gemstone 512x13 (103M),102643200,13,4,47,0,3,0.00982626248151064,0.6399999856948853,139.47999572753906
Gemstone-Models/Gemstone-512x13,Gemstone 512x13 (103M),102643200,13,4,47,1,0,0.0013560015941038728,0.6399999856948853,139.47999572753906
Gemstone-Models/Gemstone-512x13,Gemstone 512x13 (103M),102643200,13,4,47,1,1,0.008614537306129932,0.6399999856948853,139.47999572753906
Gemstone-Models/Gemstone-512x13,Gemstone 512x13 (103M),102643200,13,4,47,1,2,0.0011282936902716756,0.6399999856948853,139.47999572753906
Gemstone-Models/Gemstone-512x13,Gemstone 512x13 (103M),102643200,13,4,47,1,3,0.0014236270217224956,0.6399999856948853,139.47999572753906
Gemstone-Models/Gemstone-512x13,Gemstone 512x13 (103M),102643200,13,4,47,2,0,0.007809859700500965,0.6399999856948853,139.47999572753906
Gemstone-Models/Gemstone-512x13,Gemstone 512x13 (103M),102643200,13,4,47,2,1,0.0011265610810369253,0.6399999856948853,139.47999572753906
Gemstone-Models/Gemstone-512x13,Gemstone 512x13 (103M),102643200,13,4,47,2,2,0.0060005104169249535,0.6399999856948853,139.47999572753906
Gemstone-Models/Gemstone-512x13,Gemstone 512x13 (103M),102643200,13,4,47,2,3,0.006468185689300299,0.6399999856948853,139.47999572753906
Gemstone-Models/Gemstone-512x13,Gemstone 512x13 (103M),102643200,13,4,47,3,0,0.005322892684489489,0.6399999856948853,139.47999572753906
Gemstone-Models/Gemstone-512x13,Gemstone 512x13 (103M),102643200,13,4,47,3,1,0.00038207965553738177,0.6399999856948853,139.47999572753906
Gemstone-Models/Gemstone-512x13,Gemstone 512x13 (103M),102643200,13,4,47,3,2,0.0038682580925524235,0.6399999856948853,139.47999572753906
Gemstone-Models/Gemstone-512x13,Gemstone 512x13 (103M),102643200,13,4,47,3,3,0.0056394352577626705,0.6399999856948853,139.47999572753906
Gemstone-Models/Gemstone-512x13,Gemstone 512x13 (103M),102643200,13,4,47,4,0,0.016950786113739014,0.6399999856948853,139.47999572753906
Gemstone-Models/Gemstone-512x13,Gemstone 512x13 (103M),102643200,13,4,47,4,1,0.004938452038913965,0.6399999856948853,139.47999572753906
Gemstone-Models/Gemstone-512x13,Gemstone 512x13 (103M),102643200,13,4,47,4,2,0.009775899350643158,0.6399999856948853,139.47999572753906
Gemstone-Models/Gemstone-512x13,Gemstone 512x13 (103M),102643200,13,4,47,4,3,0.002367406850680709,0.6399999856948853,139.47999572753906
Gemstone-Models/Gemstone-512x13,Gemstone 512x13 (103M),102643200,13,4,47,5,0,0.009997607208788395,0.6399999856948853,139.47999572753906
Gemstone-Models/Gemstone-512x13,Gemstone 512x13 (103M),102643200,13,4,47,5,1,0.013827033340930939,0.6399999856948853,139.47999572753906
Gemstone-Models/Gemstone-512x13,Gemstone 512x13 (103M),102643200,13,4,47,5,2,2.017511178564746e-06,0.6399999856948853,139.47999572753906
Gemstone-Models/Gemstone-512x13,Gemstone 512x13 (103M),102643200,13,4,47,5,3,0.00012023401359329,0.6399999856948853,139.47999572753906
Gemstone-Models/Gemstone-512x13,Gemstone 512x13 (103M),102643200,13,4,47,6,0,0.00035718537401407957,0.6399999856948853,139.47999572753906
Gemstone-Models/Gemstone-512x13,Gemstone 512x13 (103M),102643200,13,4,47,6,1,0.8583319187164307,0.6399999856948853,139.47999572753906
Gemstone-Models/Gemstone-512x13,Gemstone 512x13 (103M),102643200,13,4,47,6,2,0.003163438057526946,0.6399999856948853,139.47999572753906
Gemstone-Models/Gemstone-512x13,Gemstone 512x13 (103M),102643200,13,4,47,6,3,0.004110762383788824,0.6399999856948853,139.47999572753906
Gemstone-Models/Gemstone-512x13,Gemstone 512x13 (103M),102643200,13,4,47,7,0,0.0019731896463781595,0.6399999856948853,139.47999572753906
Gemstone-Models/Gemstone-512x13,Gemstone 512x13 (103M),102643200,13,4,47,7,1,0.00018469970382284373,0.6399999856948853,139.47999572753906
Gemstone-Models/Gemstone-512x13,Gemstone 512x13 (103M),102643200,13,4,47,7,2,0.0005942743737250566,0.6399999856948853,139.47999572753906
Gemstone-Models/Gemstone-512x13,Gemstone 512x13 (103M),102643200,13,4,47,7,3,0.0007276990218088031,0.6399999856948853,139.47999572753906
Gemstone-Models/Gemstone-512x13,Gemstone 512x13 (103M),102643200,13,4,47,8,0,0.0038283548783510923,0.6399999856948853,139.47999572753906
Gemstone-Models/Gemstone-512x13,Gemstone 512x13 (103M),102643200,13,4,47,8,1,0.00642768107354641,0.6399999856948853,139.47999572753906
Gemstone-Models/Gemstone-512x13,Gemstone 512x13 (103M),102643200,13,4,47,8,2,0.0003881104348693043,0.6399999856948853,139.47999572753906
Gemstone-Models/Gemstone-512x13,Gemstone 512x13 (103M),102643200,13,4,47,8,3,0.03524206578731537,0.6399999856948853,139.47999572753906
Gemstone-Models/Gemstone-512x13,Gemstone 512x13 (103M),102643200,13,4,47,9,0,2.0817097379222105e-08,0.6399999856948853,139.47999572753906
Gemstone-Models/Gemstone-512x13,Gemstone 512x13 (103M),102643200,13,4,47,9,1,0.00034863833570852876,0.6399999856948853,139.47999572753906
Gemstone-Models/Gemstone-512x13,Gemstone 512x13 (103M),102643200,13,4,47,9,2,0.002862956142053008,0.6399999856948853,139.47999572753906
Gemstone-Models/Gemstone-512x13,Gemstone 512x13 (103M),102643200,13,4,47,9,3,0.014307430014014244,0.6399999856948853,139.47999572753906
Gemstone-Models/Gemstone-512x13,Gemstone 512x13 (103M),102643200,13,4,47,10,0,0.8521681427955627,0.6399999856948853,139.47999572753906
Gemstone-Models/Gemstone-512x13,Gemstone 512x13 (103M),102643200,13,4,47,10,1,0.2066156417131424,0.6399999856948853,139.47999572753906
Gemstone-Models/Gemstone-512x13,Gemstone 512x13 (103M),102643200,13,4,47,10,2,0.005568981170654297,0.6399999856948853,139.47999572753906
Gemstone-Models/Gemstone-512x13,Gemstone 512x13 (103M),102643200,13,4,47,10,3,0.19959016144275665,0.6399999856948853,139.47999572753906
Gemstone-Models/Gemstone-512x13,Gemstone 512x13 (103M),102643200,13,4,47,11,0,0.042985960841178894,0.6399999856948853,139.47999572753906
Gemstone-Models/Gemstone-512x13,Gemstone 512x13 (103M),102643200,13,4,47,11,1,0.045571986585855484,0.6399999856948853,139.47999572753906
Gemstone-Models/Gemstone-512x13,Gemstone 512x13 (103M),102643200,13,4,47,11,2,0.38693541288375854,0.6399999856948853,139.47999572753906
Gemstone-Models/Gemstone-512x13,Gemstone 512x13 (103M),102643200,13,4,47,11,3,0.25039592385292053,0.6399999856948853,139.47999572753906
Gemstone-Models/Gemstone-512x13,Gemstone 512x13 (103M),102643200,13,4,47,12,0,0.007730704732239246,0.6399999856948853,139.47999572753906
Gemstone-Models/Gemstone-512x13,Gemstone 512x13 (103M),102643200,13,4,47,12,1,0.0027747482527047396,0.6399999856948853,139.47999572753906
Gemstone-Models/Gemstone-512x13,Gemstone 512x13 (103M),102643200,13,4,47,12,2,0.016307899728417397,0.6399999856948853,139.47999572753906
Gemstone-Models/Gemstone-512x13,Gemstone 512x13 (103M),102643200,13,4,47,12,3,0.0065764086320996284,0.6399999856948853,139.47999572753906
Gemstone-Models/Gemstone-512x13,Gemstone 512x13 (103M),102643200,13,4,48,0,0,0.005211427807807922,0.3199999928474426,1241.4599609375
Gemstone-Models/Gemstone-512x13,Gemstone 512x13 (103M),102643200,13,4,48,0,1,0.003861727425828576,0.3199999928474426,1241.4599609375
Gemstone-Models/Gemstone-512x13,Gemstone 512x13 (103M),102643200,13,4,48,0,2,0.01700918935239315,0.3199999928474426,1241.4599609375
Gemstone-Models/Gemstone-512x13,Gemstone 512x13 (103M),102643200,13,4,48,0,3,0.007469213102012873,0.3199999928474426,1241.4599609375
Gemstone-Models/Gemstone-512x13,Gemstone 512x13 (103M),102643200,13,4,48,1,0,0.0013534403406083584,0.3199999928474426,1241.4599609375
Gemstone-Models/Gemstone-512x13,Gemstone 512x13 (103M),102643200,13,4,48,1,1,0.009926442056894302,0.3199999928474426,1241.4599609375
Gemstone-Models/Gemstone-512x13,Gemstone 512x13 (103M),102643200,13,4,48,1,2,0.001058279536664486,0.3199999928474426,1241.4599609375
Gemstone-Models/Gemstone-512x13,Gemstone 512x13 (103M),102643200,13,4,48,1,3,0.020025644451379776,0.3199999928474426,1241.4599609375
Gemstone-Models/Gemstone-512x13,Gemstone 512x13 (103M),102643200,13,4,48,2,0,0.008385389111936092,0.3199999928474426,1241.4599609375
Gemstone-Models/Gemstone-512x13,Gemstone 512x13 (103M),102643200,13,4,48,2,1,0.0016300758579745889,0.3199999928474426,1241.4599609375
Gemstone-Models/Gemstone-512x13,Gemstone 512x13 (103M),102643200,13,4,48,2,2,0.009120466187596321,0.3199999928474426,1241.4599609375
Gemstone-Models/Gemstone-512x13,Gemstone 512x13 (103M),102643200,13,4,48,2,3,0.016275722533464432,0.3199999928474426,1241.4599609375
Gemstone-Models/Gemstone-512x13,Gemstone 512x13 (103M),102643200,13,4,48,3,0,0.007130865938961506,0.3199999928474426,1241.4599609375
Gemstone-Models/Gemstone-512x13,Gemstone 512x13 (103M),102643200,13,4,48,3,1,0.000482042582007125,0.3199999928474426,1241.4599609375
Gemstone-Models/Gemstone-512x13,Gemstone 512x13 (103M),102643200,13,4,48,3,2,0.005379264242947102,0.3199999928474426,1241.4599609375
Gemstone-Models/Gemstone-512x13,Gemstone 512x13 (103M),102643200,13,4,48,3,3,0.010975884273648262,0.3199999928474426,1241.4599609375
Gemstone-Models/Gemstone-512x13,Gemstone 512x13 (103M),102643200,13,4,48,4,0,0.01774231716990471,0.3199999928474426,1241.4599609375
Gemstone-Models/Gemstone-512x13,Gemstone 512x13 (103M),102643200,13,4,48,4,1,0.005001080222427845,0.3199999928474426,1241.4599609375
Gemstone-Models/Gemstone-512x13,Gemstone 512x13 (103M),102643200,13,4,48,4,2,0.007474297657608986,0.3199999928474426,1241.4599609375
Gemstone-Models/Gemstone-512x13,Gemstone 512x13 (103M),102643200,13,4,48,4,3,0.0011837295023724437,0.3199999928474426,1241.4599609375
Gemstone-Models/Gemstone-512x13,Gemstone 512x13 (103M),102643200,13,4,48,5,0,0.009633027017116547,0.3199999928474426,1241.4599609375
Gemstone-Models/Gemstone-512x13,Gemstone 512x13 (103M),102643200,13,4,48,5,1,0.010812683962285519,0.3199999928474426,1241.4599609375
Gemstone-Models/Gemstone-512x13,Gemstone 512x13 (103M),102643200,13,4,48,5,2,2.2694096912800887e-07,0.3199999928474426,1241.4599609375
Gemstone-Models/Gemstone-512x13,Gemstone 512x13 (103M),102643200,13,4,48,5,3,0.00012772930494975299,0.3199999928474426,1241.4599609375
Gemstone-Models/Gemstone-512x13,Gemstone 512x13 (103M),102643200,13,4,48,6,0,0.00023440629593096673,0.3199999928474426,1241.4599609375
Gemstone-Models/Gemstone-512x13,Gemstone 512x13 (103M),102643200,13,4,48,6,1,0.7623612880706787,0.3199999928474426,1241.4599609375
Gemstone-Models/Gemstone-512x13,Gemstone 512x13 (103M),102643200,13,4,48,6,2,0.0018975527491420507,0.3199999928474426,1241.4599609375
Gemstone-Models/Gemstone-512x13,Gemstone 512x13 (103M),102643200,13,4,48,6,3,0.0035921854432672262,0.3199999928474426,1241.4599609375
Gemstone-Models/Gemstone-512x13,Gemstone 512x13 (103M),102643200,13,4,48,7,0,0.0013283856678754091,0.3199999928474426,1241.4599609375
Gemstone-Models/Gemstone-512x13,Gemstone 512x13 (103M),102643200,13,4,48,7,1,6.435193790821359e-05,0.3199999928474426,1241.4599609375
Gemstone-Models/Gemstone-512x13,Gemstone 512x13 (103M),102643200,13,4,48,7,2,0.0003218755009584129,0.3199999928474426,1241.4599609375
Gemstone-Models/Gemstone-512x13,Gemstone 512x13 (103M),102643200,13,4,48,7,3,0.00030090840300545096,0.3199999928474426,1241.4599609375
Gemstone-Models/Gemstone-512x13,Gemstone 512x13 (103M),102643200,13,4,48,8,0,0.002827187767252326,0.3199999928474426,1241.4599609375
Gemstone-Models/Gemstone-512x13,Gemstone 512x13 (103M),102643200,13,4,48,8,1,0.0037788362242281437,0.3199999928474426,1241.4599609375
Gemstone-Models/Gemstone-512x13,Gemstone 512x13 (103M),102643200,13,4,48,8,2,0.00018537025607656687,0.3199999928474426,1241.4599609375
Gemstone-Models/Gemstone-512x13,Gemstone 512x13 (103M),102643200,13,4,48,8,3,0.025259532034397125,0.3199999928474426,1241.4599609375
Gemstone-Models/Gemstone-512x13,Gemstone 512x13 (103M),102643200,13,4,48,9,0,1.272686755982022e-08,0.3199999928474426,1241.4599609375
Gemstone-Models/Gemstone-512x13,Gemstone 512x13 (103M),102643200,13,4,48,9,1,0.00025244298740290105,0.3199999928474426,1241.4599609375
Gemstone-Models/Gemstone-512x13,Gemstone 512x13 (103M),102643200,13,4,48,9,2,0.0016157819190993905,0.3199999928474426,1241.4599609375
Gemstone-Models/Gemstone-512x13,Gemstone 512x13 (103M),102643200,13,4,48,9,3,0.009009730070829391,0.3199999928474426,1241.4599609375
Gemstone-Models/Gemstone-512x13,Gemstone 512x13 (103M),102643200,13,4,48,10,0,0.8527265787124634,0.3199999928474426,1241.4599609375
Gemstone-Models/Gemstone-512x13,Gemstone 512x13 (103M),102643200,13,4,48,10,1,0.13643549382686615,0.3199999928474426,1241.4599609375
Gemstone-Models/Gemstone-512x13,Gemstone 512x13 (103M),102643200,13,4,48,10,2,0.0038000927306711674,0.3199999928474426,1241.4599609375
Gemstone-Models/Gemstone-512x13,Gemstone 512x13 (103M),102643200,13,4,48,10,3,0.12801510095596313,0.3199999928474426,1241.4599609375
Gemstone-Models/Gemstone-512x13,Gemstone 512x13 (103M),102643200,13,4,48,11,0,0.028832273557782173,0.3199999928474426,1241.4599609375
Gemstone-Models/Gemstone-512x13,Gemstone 512x13 (103M),102643200,13,4,48,11,1,0.025011096149683,0.3199999928474426,1241.4599609375
Gemstone-Models/Gemstone-512x13,Gemstone 512x13 (103M),102643200,13,4,48,11,2,0.2809223532676697,0.3199999928474426,1241.4599609375
Gemstone-Models/Gemstone-512x13,Gemstone 512x13 (103M),102643200,13,4,48,11,3,0.23672537505626678,0.3199999928474426,1241.4599609375
Gemstone-Models/Gemstone-512x13,Gemstone 512x13 (103M),102643200,13,4,48,12,0,0.003770834766328335,0.3199999928474426,1241.4599609375
Gemstone-Models/Gemstone-512x13,Gemstone 512x13 (103M),102643200,13,4,48,12,1,0.0028588371351361275,0.3199999928474426,1241.4599609375
Gemstone-Models/Gemstone-512x13,Gemstone 512x13 (103M),102643200,13,4,48,12,2,0.011219377629458904,0.3199999928474426,1241.4599609375
Gemstone-Models/Gemstone-512x13,Gemstone 512x13 (103M),102643200,13,4,48,12,3,0.0071793971583247185,0.3199999928474426,1241.4599609375
Gemstone-Models/Gemstone-512x13,Gemstone 512x13 (103M),102643200,13,4,49,0,0,6.811564526287839e-05,0.8999999761581421,549.2999877929688
Gemstone-Models/Gemstone-512x13,Gemstone 512x13 (103M),102643200,13,4,49,0,1,0.0029255645349621773,0.8999999761581421,549.2999877929688
Gemstone-Models/Gemstone-512x13,Gemstone 512x13 (103M),102643200,13,4,49,0,2,0.014550408348441124,0.8999999761581421,549.2999877929688
Gemstone-Models/Gemstone-512x13,Gemstone 512x13 (103M),102643200,13,4,49,0,3,0.009946313686668873,0.8999999761581421,549.2999877929688
Gemstone-Models/Gemstone-512x13,Gemstone 512x13 (103M),102643200,13,4,49,1,0,0.001124251983128488,0.8999999761581421,549.2999877929688
Gemstone-Models/Gemstone-512x13,Gemstone 512x13 (103M),102643200,13,4,49,1,1,0.01725633628666401,0.8999999761581421,549.2999877929688
Gemstone-Models/Gemstone-512x13,Gemstone 512x13 (103M),102643200,13,4,49,1,2,5.8384015574119985e-05,0.8999999761581421,549.2999877929688
Gemstone-Models/Gemstone-512x13,Gemstone 512x13 (103M),102643200,13,4,49,1,3,0.0013618655502796173,0.8999999761581421,549.2999877929688
Gemstone-Models/Gemstone-512x13,Gemstone 512x13 (103M),102643200,13,4,49,2,0,0.011312930844724178,0.8999999761581421,549.2999877929688
Gemstone-Models/Gemstone-512x13,Gemstone 512x13 (103M),102643200,13,4,49,2,1,0.0021477388218045235,0.8999999761581421,549.2999877929688
Gemstone-Models/Gemstone-512x13,Gemstone 512x13 (103M),102643200,13,4,49,2,2,0.007726015988737345,0.8999999761581421,549.2999877929688
Gemstone-Models/Gemstone-512x13,Gemstone 512x13 (103M),102643200,13,4,49,2,3,0.007477954495698214,0.8999999761581421,549.2999877929688
Gemstone-Models/Gemstone-512x13,Gemstone 512x13 (103M),102643200,13,4,49,3,0,0.0057017807848751545,0.8999999761581421,549.2999877929688
Gemstone-Models/Gemstone-512x13,Gemstone 512x13 (103M),102643200,13,4,49,3,1,0.0005317074828781188,0.8999999761581421,549.2999877929688
Gemstone-Models/Gemstone-512x13,Gemstone 512x13 (103M),102643200,13,4,49,3,2,0.006336122751235962,0.8999999761581421,549.2999877929688
Gemstone-Models/Gemstone-512x13,Gemstone 512x13 (103M),102643200,13,4,49,3,3,0.010217644274234772,0.8999999761581421,549.2999877929688
Gemstone-Models/Gemstone-512x13,Gemstone 512x13 (103M),102643200,13,4,49,4,0,0.014306670054793358,0.8999999761581421,549.2999877929688
Gemstone-Models/Gemstone-512x13,Gemstone 512x13 (103M),102643200,13,4,49,4,1,0.00464206375181675,0.8999999761581421,549.2999877929688
Gemstone-Models/Gemstone-512x13,Gemstone 512x13 (103M),102643200,13,4,49,4,2,0.014203476719558239,0.8999999761581421,549.2999877929688
Gemstone-Models/Gemstone-512x13,Gemstone 512x13 (103M),102643200,13,4,49,4,3,0.0015278449282050133,0.8999999761581421,549.2999877929688
Gemstone-Models/Gemstone-512x13,Gemstone 512x13 (103M),102643200,13,4,49,5,0,0.02205151878297329,0.8999999761581421,549.2999877929688
Gemstone-Models/Gemstone-512x13,Gemstone 512x13 (103M),102643200,13,4,49,5,1,0.012859673239290714,0.8999999761581421,549.2999877929688
Gemstone-Models/Gemstone-512x13,Gemstone 512x13 (103M),102643200,13,4,49,5,2,1.306896024289017e-06,0.8999999761581421,549.2999877929688
Gemstone-Models/Gemstone-512x13,Gemstone 512x13 (103M),102643200,13,4,49,5,3,0.00015763778355903924,0.8999999761581421,549.2999877929688
Gemstone-Models/Gemstone-512x13,Gemstone 512x13 (103M),102643200,13,4,49,6,0,0.0005326441023498774,0.8999999761581421,549.2999877929688
Gemstone-Models/Gemstone-512x13,Gemstone 512x13 (103M),102643200,13,4,49,6,1,0.8982789516448975,0.8999999761581421,549.2999877929688
Gemstone-Models/Gemstone-512x13,Gemstone 512x13 (103M),102643200,13,4,49,6,2,0.004682882223278284,0.8999999761581421,549.2999877929688
Gemstone-Models/Gemstone-512x13,Gemstone 512x13 (103M),102643200,13,4,49,6,3,0.0051771472208201885,0.8999999761581421,549.2999877929688
Gemstone-Models/Gemstone-512x13,Gemstone 512x13 (103M),102643200,13,4,49,7,0,0.002154472516849637,0.8999999761581421,549.2999877929688
Gemstone-Models/Gemstone-512x13,Gemstone 512x13 (103M),102643200,13,4,49,7,1,0.00017916865181177855,0.8999999761581421,549.2999877929688
Gemstone-Models/Gemstone-512x13,Gemstone 512x13 (103M),102643200,13,4,49,7,2,0.0011353361187502742,0.8999999761581421,549.2999877929688
Gemstone-Models/Gemstone-512x13,Gemstone 512x13 (103M),102643200,13,4,49,7,3,0.0007287433836609125,0.8999999761581421,549.2999877929688
Gemstone-Models/Gemstone-512x13,Gemstone 512x13 (103M),102643200,13,4,49,8,0,0.004763373173773289,0.8999999761581421,549.2999877929688
Gemstone-Models/Gemstone-512x13,Gemstone 512x13 (103M),102643200,13,4,49,8,1,0.00701289065182209,0.8999999761581421,549.2999877929688
Gemstone-Models/Gemstone-512x13,Gemstone 512x13 (103M),102643200,13,4,49,8,2,0.0006206841208040714,0.8999999761581421,549.2999877929688
Gemstone-Models/Gemstone-512x13,Gemstone 512x13 (103M),102643200,13,4,49,8,3,0.051841262727975845,0.8999999761581421,549.2999877929688
Gemstone-Models/Gemstone-512x13,Gemstone 512x13 (103M),102643200,13,4,49,9,0,1.3736812576325974e-08,0.8999999761581421,549.2999877929688
Gemstone-Models/Gemstone-512x13,Gemstone 512x13 (103M),102643200,13,4,49,9,1,0.0002732280408963561,0.8999999761581421,549.2999877929688
Gemstone-Models/Gemstone-512x13,Gemstone 512x13 (103M),102643200,13,4,49,9,2,0.0033061597496271133,0.8999999761581421,549.2999877929688
Gemstone-Models/Gemstone-512x13,Gemstone 512x13 (103M),102643200,13,4,49,9,3,0.024894768372178078,0.8999999761581421,549.2999877929688
Gemstone-Models/Gemstone-512x13,Gemstone 512x13 (103M),102643200,13,4,49,10,0,0.9011614918708801,0.8999999761581421,549.2999877929688
Gemstone-Models/Gemstone-512x13,Gemstone 512x13 (103M),102643200,13,4,49,10,1,0.22529315948486328,0.8999999761581421,549.2999877929688
Gemstone-Models/Gemstone-512x13,Gemstone 512x13 (103M),102643200,13,4,49,10,2,0.004574004560709,0.8999999761581421,549.2999877929688
Gemstone-Models/Gemstone-512x13,Gemstone 512x13 (103M),102643200,13,4,49,10,3,0.17152290046215057,0.8999999761581421,549.2999877929688
Gemstone-Models/Gemstone-512x13,Gemstone 512x13 (103M),102643200,13,4,49,11,0,0.06768147647380829,0.8999999761581421,549.2999877929688
Gemstone-Models/Gemstone-512x13,Gemstone 512x13 (103M),102643200,13,4,49,11,1,0.04369538649916649,0.8999999761581421,549.2999877929688
Gemstone-Models/Gemstone-512x13,Gemstone 512x13 (103M),102643200,13,4,49,11,2,0.4879097640514374,0.8999999761581421,549.2999877929688
Gemstone-Models/Gemstone-512x13,Gemstone 512x13 (103M),102643200,13,4,49,11,3,0.3634018301963806,0.8999999761581421,549.2999877929688
Gemstone-Models/Gemstone-512x13,Gemstone 512x13 (103M),102643200,13,4,49,12,0,0.006662583909928799,0.8999999761581421,549.2999877929688
Gemstone-Models/Gemstone-512x13,Gemstone 512x13 (103M),102643200,13,4,49,12,1,0.0032317086588591337,0.8999999761581421,549.2999877929688
Gemstone-Models/Gemstone-512x13,Gemstone 512x13 (103M),102643200,13,4,49,12,2,0.014641008339822292,0.8999999761581421,549.2999877929688
Gemstone-Models/Gemstone-512x13,Gemstone 512x13 (103M),102643200,13,4,49,12,3,0.0077185723930597305,0.8999999761581421,549.2999877929688
Gemstone-Models/Gemstone-512x13,Gemstone 512x13 (103M),102643200,13,4,50,0,0,0.0016309372149407864,0.4399999976158142,1113.1800537109375
Gemstone-Models/Gemstone-512x13,Gemstone 512x13 (103M),102643200,13,4,50,0,1,0.0028992947190999985,0.4399999976158142,1113.1800537109375
Gemstone-Models/Gemstone-512x13,Gemstone 512x13 (103M),102643200,13,4,50,0,2,0.014361846260726452,0.4399999976158142,1113.1800537109375
Gemstone-Models/Gemstone-512x13,Gemstone 512x13 (103M),102643200,13,4,50,0,3,0.006682132370769978,0.4399999976158142,1113.1800537109375
Gemstone-Models/Gemstone-512x13,Gemstone 512x13 (103M),102643200,13,4,50,1,0,0.0008648133371025324,0.4399999976158142,1113.1800537109375
Gemstone-Models/Gemstone-512x13,Gemstone 512x13 (103M),102643200,13,4,50,1,1,0.012313205748796463,0.4399999976158142,1113.1800537109375
Gemstone-Models/Gemstone-512x13,Gemstone 512x13 (103M),102643200,13,4,50,1,2,0.0005835244082845747,0.4399999976158142,1113.1800537109375
Gemstone-Models/Gemstone-512x13,Gemstone 512x13 (103M),102643200,13,4,50,1,3,0.018847022205591202,0.4399999976158142,1113.1800537109375
Gemstone-Models/Gemstone-512x13,Gemstone 512x13 (103M),102643200,13,4,50,2,0,0.0067657288163900375,0.4399999976158142,1113.1800537109375
Gemstone-Models/Gemstone-512x13,Gemstone 512x13 (103M),102643200,13,4,50,2,1,0.0013714852975681424,0.4399999976158142,1113.1800537109375
Gemstone-Models/Gemstone-512x13,Gemstone 512x13 (103M),102643200,13,4,50,2,2,0.010675769299268723,0.4399999976158142,1113.1800537109375
Gemstone-Models/Gemstone-512x13,Gemstone 512x13 (103M),102643200,13,4,50,2,3,0.012263428419828415,0.4399999976158142,1113.1800537109375
Gemstone-Models/Gemstone-512x13,Gemstone 512x13 (103M),102643200,13,4,50,3,0,0.006886540446430445,0.4399999976158142,1113.1800537109375
Gemstone-Models/Gemstone-512x13,Gemstone 512x13 (103M),102643200,13,4,50,3,1,0.0004731641965918243,0.4399999976158142,1113.1800537109375
Gemstone-Models/Gemstone-512x13,Gemstone 512x13 (103M),102643200,13,4,50,3,2,0.004118784796446562,0.4399999976158142,1113.1800537109375
Gemstone-Models/Gemstone-512x13,Gemstone 512x13 (103M),102643200,13,4,50,3,3,0.007911557331681252,0.4399999976158142,1113.1800537109375
Gemstone-Models/Gemstone-512x13,Gemstone 512x13 (103M),102643200,13,4,50,4,0,0.01744537428021431,0.4399999976158142,1113.1800537109375
Gemstone-Models/Gemstone-512x13,Gemstone 512x13 (103M),102643200,13,4,50,4,1,0.007293126545846462,0.4399999976158142,1113.1800537109375
Gemstone-Models/Gemstone-512x13,Gemstone 512x13 (103M),102643200,13,4,50,4,2,0.009346282109618187,0.4399999976158142,1113.1800537109375
Gemstone-Models/Gemstone-512x13,Gemstone 512x13 (103M),102643200,13,4,50,4,3,0.0014922779519110918,0.4399999976158142,1113.1800537109375
Gemstone-Models/Gemstone-512x13,Gemstone 512x13 (103M),102643200,13,4,50,5,0,0.006245207041501999,0.4399999976158142,1113.1800537109375
Gemstone-Models/Gemstone-512x13,Gemstone 512x13 (103M),102643200,13,4,50,5,1,0.012285363860428333,0.4399999976158142,1113.1800537109375
Gemstone-Models/Gemstone-512x13,Gemstone 512x13 (103M),102643200,13,4,50,5,2,4.0941756651591277e-07,0.4399999976158142,1113.1800537109375
Gemstone-Models/Gemstone-512x13,Gemstone 512x13 (103M),102643200,13,4,50,5,3,0.00012336649524513632,0.4399999976158142,1113.1800537109375
Gemstone-Models/Gemstone-512x13,Gemstone 512x13 (103M),102643200,13,4,50,6,0,0.0002606105408631265,0.4399999976158142,1113.1800537109375
Gemstone-Models/Gemstone-512x13,Gemstone 512x13 (103M),102643200,13,4,50,6,1,0.7581565976142883,0.4399999976158142,1113.1800537109375
Gemstone-Models/Gemstone-512x13,Gemstone 512x13 (103M),102643200,13,4,50,6,2,0.0027205266524106264,0.4399999976158142,1113.1800537109375
Gemstone-Models/Gemstone-512x13,Gemstone 512x13 (103M),102643200,13,4,50,6,3,0.0028434002306312323,0.4399999976158142,1113.1800537109375
Gemstone-Models/Gemstone-512x13,Gemstone 512x13 (103M),102643200,13,4,50,7,0,0.0019886037334799767,0.4399999976158142,1113.1800537109375
Gemstone-Models/Gemstone-512x13,Gemstone 512x13 (103M),102643200,13,4,50,7,1,8.823864482110366e-05,0.4399999976158142,1113.1800537109375
Gemstone-Models/Gemstone-512x13,Gemstone 512x13 (103M),102643200,13,4,50,7,2,0.00031223773839883506,0.4399999976158142,1113.1800537109375
Gemstone-Models/Gemstone-512x13,Gemstone 512x13 (103M),102643200,13,4,50,7,3,0.00031273759668692946,0.4399999976158142,1113.1800537109375
Gemstone-Models/Gemstone-512x13,Gemstone 512x13 (103M),102643200,13,4,50,8,0,0.0020992117933928967,0.4399999976158142,1113.1800537109375
Gemstone-Models/Gemstone-512x13,Gemstone 512x13 (103M),102643200,13,4,50,8,1,0.0034418797586113214,0.4399999976158142,1113.1800537109375
Gemstone-Models/Gemstone-512x13,Gemstone 512x13 (103M),102643200,13,4,50,8,2,0.00013499287888407707,0.4399999976158142,1113.1800537109375
Gemstone-Models/Gemstone-512x13,Gemstone 512x13 (103M),102643200,13,4,50,8,3,0.023131512105464935,0.4399999976158142,1113.1800537109375
Gemstone-Models/Gemstone-512x13,Gemstone 512x13 (103M),102643200,13,4,50,9,0,2.7407677904989214e-08,0.4399999976158142,1113.1800537109375
Gemstone-Models/Gemstone-512x13,Gemstone 512x13 (103M),102643200,13,4,50,9,1,0.000159018425620161,0.4399999976158142,1113.1800537109375
Gemstone-Models/Gemstone-512x13,Gemstone 512x13 (103M),102643200,13,4,50,9,2,0.0015340670943260193,0.4399999976158142,1113.1800537109375
Gemstone-Models/Gemstone-512x13,Gemstone 512x13 (103M),102643200,13,4,50,9,3,0.009377292357385159,0.4399999976158142,1113.1800537109375
Gemstone-Models/Gemstone-512x13,Gemstone 512x13 (103M),102643200,13,4,50,10,0,0.853180468082428,0.4399999976158142,1113.1800537109375
Gemstone-Models/Gemstone-512x13,Gemstone 512x13 (103M),102643200,13,4,50,10,1,0.1461031287908554,0.4399999976158142,1113.1800537109375
Gemstone-Models/Gemstone-512x13,Gemstone 512x13 (103M),102643200,13,4,50,10,2,0.0030113200191408396,0.4399999976158142,1113.1800537109375
Gemstone-Models/Gemstone-512x13,Gemstone 512x13 (103M),102643200,13,4,50,10,3,0.17284031212329865,0.4399999976158142,1113.1800537109375
Gemstone-Models/Gemstone-512x13,Gemstone 512x13 (103M),102643200,13,4,50,11,0,0.024858985096216202,0.4399999976158142,1113.1800537109375
Gemstone-Models/Gemstone-512x13,Gemstone 512x13 (103M),102643200,13,4,50,11,1,0.03392719104886055,0.4399999976158142,1113.1800537109375
Gemstone-Models/Gemstone-512x13,Gemstone 512x13 (103M),102643200,13,4,50,11,2,0.2856946289539337,0.4399999976158142,1113.1800537109375
Gemstone-Models/Gemstone-512x13,Gemstone 512x13 (103M),102643200,13,4,50,11,3,0.22839687764644623,0.4399999976158142,1113.1800537109375
Gemstone-Models/Gemstone-512x13,Gemstone 512x13 (103M),102643200,13,4,50,12,0,0.0031931293196976185,0.4399999976158142,1113.1800537109375
Gemstone-Models/Gemstone-512x13,Gemstone 512x13 (103M),102643200,13,4,50,12,1,0.0014990377239882946,0.4399999976158142,1113.1800537109375
Gemstone-Models/Gemstone-512x13,Gemstone 512x13 (103M),102643200,13,4,50,12,2,0.00785793736577034,0.4399999976158142,1113.1800537109375
Gemstone-Models/Gemstone-512x13,Gemstone 512x13 (103M),102643200,13,4,50,12,3,0.0053772046230733395,0.4399999976158142,1113.1800537109375
Gemstone-Models/Gemstone-512x13,Gemstone 512x13 (103M),102643200,13,4,51,0,0,2.505379234207794e-05,0.8399999737739563,244.02000427246094
Gemstone-Models/Gemstone-512x13,Gemstone 512x13 (103M),102643200,13,4,51,0,1,0.0029795325826853514,0.8399999737739563,244.02000427246094
Gemstone-Models/Gemstone-512x13,Gemstone 512x13 (103M),102643200,13,4,51,0,2,0.014115486294031143,0.8399999737739563,244.02000427246094
Gemstone-Models/Gemstone-512x13,Gemstone 512x13 (103M),102643200,13,4,51,0,3,0.006653320975601673,0.8399999737739563,244.02000427246094
Gemstone-Models/Gemstone-512x13,Gemstone 512x13 (103M),102643200,13,4,51,1,0,0.001022603828459978,0.8399999737739563,244.02000427246094
Gemstone-Models/Gemstone-512x13,Gemstone 512x13 (103M),102643200,13,4,51,1,1,0.010208156891167164,0.8399999737739563,244.02000427246094
Gemstone-Models/Gemstone-512x13,Gemstone 512x13 (103M),102643200,13,4,51,1,2,9.090389357879758e-05,0.8399999737739563,244.02000427246094
Gemstone-Models/Gemstone-512x13,Gemstone 512x13 (103M),102643200,13,4,51,1,3,0.0013838299782946706,0.8399999737739563,244.02000427246094
Gemstone-Models/Gemstone-512x13,Gemstone 512x13 (103M),102643200,13,4,51,2,0,0.008737034164369106,0.8399999737739563,244.02000427246094
Gemstone-Models/Gemstone-512x13,Gemstone 512x13 (103M),102643200,13,4,51,2,1,0.002104341983795166,0.8399999737739563,244.02000427246094
Gemstone-Models/Gemstone-512x13,Gemstone 512x13 (103M),102643200,13,4,51,2,2,0.015327023342251778,0.8399999737739563,244.02000427246094
Gemstone-Models/Gemstone-512x13,Gemstone 512x13 (103M),102643200,13,4,51,2,3,0.012602679431438446,0.8399999737739563,244.02000427246094
Gemstone-Models/Gemstone-512x13,Gemstone 512x13 (103M),102643200,13,4,51,3,0,0.008351722732186317,0.8399999737739563,244.02000427246094
Gemstone-Models/Gemstone-512x13,Gemstone 512x13 (103M),102643200,13,4,51,3,1,0.0006240042857825756,0.8399999737739563,244.02000427246094
Gemstone-Models/Gemstone-512x13,Gemstone 512x13 (103M),102643200,13,4,51,3,2,0.007328282576054335,0.8399999737739563,244.02000427246094
Gemstone-Models/Gemstone-512x13,Gemstone 512x13 (103M),102643200,13,4,51,3,3,0.005586255807429552,0.8399999737739563,244.02000427246094
Gemstone-Models/Gemstone-512x13,Gemstone 512x13 (103M),102643200,13,4,51,4,0,0.01813495345413685,0.8399999737739563,244.02000427246094
Gemstone-Models/Gemstone-512x13,Gemstone 512x13 (103M),102643200,13,4,51,4,1,0.005833497736603022,0.8399999737739563,244.02000427246094
Gemstone-Models/Gemstone-512x13,Gemstone 512x13 (103M),102643200,13,4,51,4,2,0.008350393734872341,0.8399999737739563,244.02000427246094
Gemstone-Models/Gemstone-512x13,Gemstone 512x13 (103M),102643200,13,4,51,4,3,0.0013499456690624356,0.8399999737739563,244.02000427246094
Gemstone-Models/Gemstone-512x13,Gemstone 512x13 (103M),102643200,13,4,51,5,0,0.011747143231332302,0.8399999737739563,244.02000427246094
Gemstone-Models/Gemstone-512x13,Gemstone 512x13 (103M),102643200,13,4,51,5,1,0.015232083387672901,0.8399999737739563,244.02000427246094
Gemstone-Models/Gemstone-512x13,Gemstone 512x13 (103M),102643200,13,4,51,5,2,1.5616539030816057e-06,0.8399999737739563,244.02000427246094
Gemstone-Models/Gemstone-512x13,Gemstone 512x13 (103M),102643200,13,4,51,5,3,7.387834921246395e-05,0.8399999737739563,244.02000427246094
Gemstone-Models/Gemstone-512x13,Gemstone 512x13 (103M),102643200,13,4,51,6,0,0.00048175736446864903,0.8399999737739563,244.02000427246094
Gemstone-Models/Gemstone-512x13,Gemstone 512x13 (103M),102643200,13,4,51,6,1,0.902122974395752,0.8399999737739563,244.02000427246094
Gemstone-Models/Gemstone-512x13,Gemstone 512x13 (103M),102643200,13,4,51,6,2,0.0024835458025336266,0.8399999737739563,244.02000427246094
Gemstone-Models/Gemstone-512x13,Gemstone 512x13 (103M),102643200,13,4,51,6,3,0.004855294246226549,0.8399999737739563,244.02000427246094
Gemstone-Models/Gemstone-512x13,Gemstone 512x13 (103M),102643200,13,4,51,7,0,0.001690833130851388,0.8399999737739563,244.02000427246094
Gemstone-Models/Gemstone-512x13,Gemstone 512x13 (103M),102643200,13,4,51,7,1,0.00010492962610442191,0.8399999737739563,244.02000427246094
Gemstone-Models/Gemstone-512x13,Gemstone 512x13 (103M),102643200,13,4,51,7,2,0.0005899386014789343,0.8399999737739563,244.02000427246094
Gemstone-Models/Gemstone-512x13,Gemstone 512x13 (103M),102643200,13,4,51,7,3,0.0007317322306334972,0.8399999737739563,244.02000427246094
Gemstone-Models/Gemstone-512x13,Gemstone 512x13 (103M),102643200,13,4,51,8,0,0.002583731897175312,0.8399999737739563,244.02000427246094
Gemstone-Models/Gemstone-512x13,Gemstone 512x13 (103M),102643200,13,4,51,8,1,0.0029900255613029003,0.8399999737739563,244.02000427246094
Gemstone-Models/Gemstone-512x13,Gemstone 512x13 (103M),102643200,13,4,51,8,2,0.00028086078236810863,0.8399999737739563,244.02000427246094
Gemstone-Models/Gemstone-512x13,Gemstone 512x13 (103M),102643200,13,4,51,8,3,0.05075977370142937,0.8399999737739563,244.02000427246094
Gemstone-Models/Gemstone-512x13,Gemstone 512x13 (103M),102643200,13,4,51,9,0,5.322583263023262e-08,0.8399999737739563,244.02000427246094
Gemstone-Models/Gemstone-512x13,Gemstone 512x13 (103M),102643200,13,4,51,9,1,0.00015236911713145673,0.8399999737739563,244.02000427246094
Gemstone-Models/Gemstone-512x13,Gemstone 512x13 (103M),102643200,13,4,51,9,2,0.0028401934541761875,0.8399999737739563,244.02000427246094
Gemstone-Models/Gemstone-512x13,Gemstone 512x13 (103M),102643200,13,4,51,9,3,0.017718881368637085,0.8399999737739563,244.02000427246094
Gemstone-Models/Gemstone-512x13,Gemstone 512x13 (103M),102643200,13,4,51,10,0,0.9205989241600037,0.8399999737739563,244.02000427246094
Gemstone-Models/Gemstone-512x13,Gemstone 512x13 (103M),102643200,13,4,51,10,1,0.26009470224380493,0.8399999737739563,244.02000427246094
Gemstone-Models/Gemstone-512x13,Gemstone 512x13 (103M),102643200,13,4,51,10,2,0.005248997826129198,0.8399999737739563,244.02000427246094
Gemstone-Models/Gemstone-512x13,Gemstone 512x13 (103M),102643200,13,4,51,10,3,0.2500811219215393,0.8399999737739563,244.02000427246094
Gemstone-Models/Gemstone-512x13,Gemstone 512x13 (103M),102643200,13,4,51,11,0,0.0435255728662014,0.8399999737739563,244.02000427246094
Gemstone-Models/Gemstone-512x13,Gemstone 512x13 (103M),102643200,13,4,51,11,1,0.0530548058450222,0.8399999737739563,244.02000427246094
Gemstone-Models/Gemstone-512x13,Gemstone 512x13 (103M),102643200,13,4,51,11,2,0.5052968859672546,0.8399999737739563,244.02000427246094
Gemstone-Models/Gemstone-512x13,Gemstone 512x13 (103M),102643200,13,4,51,11,3,0.43876349925994873,0.8399999737739563,244.02000427246094
Gemstone-Models/Gemstone-512x13,Gemstone 512x13 (103M),102643200,13,4,51,12,0,0.0035956776700913906,0.8399999737739563,244.02000427246094
Gemstone-Models/Gemstone-512x13,Gemstone 512x13 (103M),102643200,13,4,51,12,1,0.0019303944427520037,0.8399999737739563,244.02000427246094
Gemstone-Models/Gemstone-512x13,Gemstone 512x13 (103M),102643200,13,4,51,12,2,0.017489634454250336,0.8399999737739563,244.02000427246094
Gemstone-Models/Gemstone-512x13,Gemstone 512x13 (103M),102643200,13,4,51,12,3,0.007191581651568413,0.8399999737739563,244.02000427246094
Gemstone-Models/Gemstone-512x13,Gemstone 512x13 (103M),102643200,13,4,52,0,0,4.944602551404387e-05,0.7599999904632568,212.3800048828125
Gemstone-Models/Gemstone-512x13,Gemstone 512x13 (103M),102643200,13,4,52,0,1,0.00329975550994277,0.7599999904632568,212.3800048828125
Gemstone-Models/Gemstone-512x13,Gemstone 512x13 (103M),102643200,13,4,52,0,2,0.01660211756825447,0.7599999904632568,212.3800048828125
Gemstone-Models/Gemstone-512x13,Gemstone 512x13 (103M),102643200,13,4,52,0,3,0.009039375931024551,0.7599999904632568,212.3800048828125
Gemstone-Models/Gemstone-512x13,Gemstone 512x13 (103M),102643200,13,4,52,1,0,0.0009912729728966951,0.7599999904632568,212.3800048828125
Gemstone-Models/Gemstone-512x13,Gemstone 512x13 (103M),102643200,13,4,52,1,1,0.012702306732535362,0.7599999904632568,212.3800048828125
Gemstone-Models/Gemstone-512x13,Gemstone 512x13 (103M),102643200,13,4,52,1,2,0.00010271666542394087,0.7599999904632568,212.3800048828125
Gemstone-Models/Gemstone-512x13,Gemstone 512x13 (103M),102643200,13,4,52,1,3,0.0018770773895084858,0.7599999904632568,212.3800048828125
Gemstone-Models/Gemstone-512x13,Gemstone 512x13 (103M),102643200,13,4,52,2,0,0.009222468361258507,0.7599999904632568,212.3800048828125
Gemstone-Models/Gemstone-512x13,Gemstone 512x13 (103M),102643200,13,4,52,2,1,0.0013069045962765813,0.7599999904632568,212.3800048828125
Gemstone-Models/Gemstone-512x13,Gemstone 512x13 (103M),102643200,13,4,52,2,2,0.0097554512321949,0.7599999904632568,212.3800048828125
Gemstone-Models/Gemstone-512x13,Gemstone 512x13 (103M),102643200,13,4,52,2,3,0.007103493437170982,0.7599999904632568,212.3800048828125
Gemstone-Models/Gemstone-512x13,Gemstone 512x13 (103M),102643200,13,4,52,3,0,0.006129799410700798,0.7599999904632568,212.3800048828125
Gemstone-Models/Gemstone-512x13,Gemstone 512x13 (103M),102643200,13,4,52,3,1,0.0002780858485493809,0.7599999904632568,212.3800048828125
Gemstone-Models/Gemstone-512x13,Gemstone 512x13 (103M),102643200,13,4,52,3,2,0.005771262105554342,0.7599999904632568,212.3800048828125
Gemstone-Models/Gemstone-512x13,Gemstone 512x13 (103M),102643200,13,4,52,3,3,0.008013363927602768,0.7599999904632568,212.3800048828125
Gemstone-Models/Gemstone-512x13,Gemstone 512x13 (103M),102643200,13,4,52,4,0,0.02014438807964325,0.7599999904632568,212.3800048828125
Gemstone-Models/Gemstone-512x13,Gemstone 512x13 (103M),102643200,13,4,52,4,1,0.004694070667028427,0.7599999904632568,212.3800048828125
Gemstone-Models/Gemstone-512x13,Gemstone 512x13 (103M),102643200,13,4,52,4,2,0.005871687084436417,0.7599999904632568,212.3800048828125
Gemstone-Models/Gemstone-512x13,Gemstone 512x13 (103M),102643200,13,4,52,4,3,0.001405323389917612,0.7599999904632568,212.3800048828125
Gemstone-Models/Gemstone-512x13,Gemstone 512x13 (103M),102643200,13,4,52,5,0,0.00858278851956129,0.7599999904632568,212.3800048828125
Gemstone-Models/Gemstone-512x13,Gemstone 512x13 (103M),102643200,13,4,52,5,1,0.011043368838727474,0.7599999904632568,212.3800048828125
Gemstone-Models/Gemstone-512x13,Gemstone 512x13 (103M),102643200,13,4,52,5,2,6.89517065666223e-08,0.7599999904632568,212.3800048828125
Gemstone-Models/Gemstone-512x13,Gemstone 512x13 (103M),102643200,13,4,52,5,3,0.00010301059228368104,0.7599999904632568,212.3800048828125
Gemstone-Models/Gemstone-512x13,Gemstone 512x13 (103M),102643200,13,4,52,6,0,0.00027843506541103125,0.7599999904632568,212.3800048828125
Gemstone-Models/Gemstone-512x13,Gemstone 512x13 (103M),102643200,13,4,52,6,1,0.8338772654533386,0.7599999904632568,212.3800048828125
Gemstone-Models/Gemstone-512x13,Gemstone 512x13 (103M),102643200,13,4,52,6,2,0.0033844690769910812,0.7599999904632568,212.3800048828125
Gemstone-Models/Gemstone-512x13,Gemstone 512x13 (103M),102643200,13,4,52,6,3,0.004299574065953493,0.7599999904632568,212.3800048828125
Gemstone-Models/Gemstone-512x13,Gemstone 512x13 (103M),102643200,13,4,52,7,0,0.0026000281795859337,0.7599999904632568,212.3800048828125
Gemstone-Models/Gemstone-512x13,Gemstone 512x13 (103M),102643200,13,4,52,7,1,8.98446814971976e-05,0.7599999904632568,212.3800048828125
Gemstone-Models/Gemstone-512x13,Gemstone 512x13 (103M),102643200,13,4,52,7,2,0.00020494995987974107,0.7599999904632568,212.3800048828125
Gemstone-Models/Gemstone-512x13,Gemstone 512x13 (103M),102643200,13,4,52,7,3,0.0004144490812905133,0.7599999904632568,212.3800048828125
Gemstone-Models/Gemstone-512x13,Gemstone 512x13 (103M),102643200,13,4,52,8,0,0.0023370764683932066,0.7599999904632568,212.3800048828125
Gemstone-Models/Gemstone-512x13,Gemstone 512x13 (103M),102643200,13,4,52,8,1,0.002525519346818328,0.7599999904632568,212.3800048828125
Gemstone-Models/Gemstone-512x13,Gemstone 512x13 (103M),102643200,13,4,52,8,2,0.00026680465089157224,0.7599999904632568,212.3800048828125
Gemstone-Models/Gemstone-512x13,Gemstone 512x13 (103M),102643200,13,4,52,8,3,0.02351279929280281,0.7599999904632568,212.3800048828125
Gemstone-Models/Gemstone-512x13,Gemstone 512x13 (103M),102643200,13,4,52,9,0,3.515824076316676e-08,0.7599999904632568,212.3800048828125
Gemstone-Models/Gemstone-512x13,Gemstone 512x13 (103M),102643200,13,4,52,9,1,0.00013391193351708353,0.7599999904632568,212.3800048828125
Gemstone-Models/Gemstone-512x13,Gemstone 512x13 (103M),102643200,13,4,52,9,2,0.002077727811411023,0.7599999904632568,212.3800048828125
Gemstone-Models/Gemstone-512x13,Gemstone 512x13 (103M),102643200,13,4,52,9,3,0.013576576486229897,0.7599999904632568,212.3800048828125
Gemstone-Models/Gemstone-512x13,Gemstone 512x13 (103M),102643200,13,4,52,10,0,0.863495945930481,0.7599999904632568,212.3800048828125
Gemstone-Models/Gemstone-512x13,Gemstone 512x13 (103M),102643200,13,4,52,10,1,0.20886699855327606,0.7599999904632568,212.3800048828125
Gemstone-Models/Gemstone-512x13,Gemstone 512x13 (103M),102643200,13,4,52,10,2,0.003695829538628459,0.7599999904632568,212.3800048828125
Gemstone-Models/Gemstone-512x13,Gemstone 512x13 (103M),102643200,13,4,52,10,3,0.1672254353761673,0.7599999904632568,212.3800048828125
Gemstone-Models/Gemstone-512x13,Gemstone 512x13 (103M),102643200,13,4,52,11,0,0.0388038344681263,0.7599999904632568,212.3800048828125
Gemstone-Models/Gemstone-512x13,Gemstone 512x13 (103M),102643200,13,4,52,11,1,0.04848736897110939,0.7599999904632568,212.3800048828125
Gemstone-Models/Gemstone-512x13,Gemstone 512x13 (103M),102643200,13,4,52,11,2,0.42609429359436035,0.7599999904632568,212.3800048828125
Gemstone-Models/Gemstone-512x13,Gemstone 512x13 (103M),102643200,13,4,52,11,3,0.3314213156700134,0.7599999904632568,212.3800048828125
Gemstone-Models/Gemstone-512x13,Gemstone 512x13 (103M),102643200,13,4,52,12,0,0.005038682837039232,0.7599999904632568,212.3800048828125
Gemstone-Models/Gemstone-512x13,Gemstone 512x13 (103M),102643200,13,4,52,12,1,0.00380375306122005,0.7599999904632568,212.3800048828125
Gemstone-Models/Gemstone-512x13,Gemstone 512x13 (103M),102643200,13,4,52,12,2,0.013933336362242699,0.7599999904632568,212.3800048828125
Gemstone-Models/Gemstone-512x13,Gemstone 512x13 (103M),102643200,13,4,52,12,3,0.006732521113008261,0.7599999904632568,212.3800048828125
Gemstone-Models/Gemstone-512x13,Gemstone 512x13 (103M),102643200,13,4,53,0,0,5.368229903979227e-05,0.8799999952316284,7.199999809265137
Gemstone-Models/Gemstone-512x13,Gemstone 512x13 (103M),102643200,13,4,53,0,1,0.0033966300543397665,0.8799999952316284,7.199999809265137
Gemstone-Models/Gemstone-512x13,Gemstone 512x13 (103M),102643200,13,4,53,0,2,0.014332728460431099,0.8799999952316284,7.199999809265137
Gemstone-Models/Gemstone-512x13,Gemstone 512x13 (103M),102643200,13,4,53,0,3,0.0094032883644104,0.8799999952316284,7.199999809265137
Gemstone-Models/Gemstone-512x13,Gemstone 512x13 (103M),102643200,13,4,53,1,0,0.0009234060416929424,0.8799999952316284,7.199999809265137
Gemstone-Models/Gemstone-512x13,Gemstone 512x13 (103M),102643200,13,4,53,1,1,0.010774846188724041,0.8799999952316284,7.199999809265137
Gemstone-Models/Gemstone-512x13,Gemstone 512x13 (103M),102643200,13,4,53,1,2,0.000225796815357171,0.8799999952316284,7.199999809265137
Gemstone-Models/Gemstone-512x13,Gemstone 512x13 (103M),102643200,13,4,53,1,3,0.0025856487918645144,0.8799999952316284,7.199999809265137
Gemstone-Models/Gemstone-512x13,Gemstone 512x13 (103M),102643200,13,4,53,2,0,0.01057332381606102,0.8799999952316284,7.199999809265137
Gemstone-Models/Gemstone-512x13,Gemstone 512x13 (103M),102643200,13,4,53,2,1,0.001669504912570119,0.8799999952316284,7.199999809265137
Gemstone-Models/Gemstone-512x13,Gemstone 512x13 (103M),102643200,13,4,53,2,2,0.018003256991505623,0.8799999952316284,7.199999809265137
Gemstone-Models/Gemstone-512x13,Gemstone 512x13 (103M),102643200,13,4,53,2,3,0.00822534877806902,0.8799999952316284,7.199999809265137
Gemstone-Models/Gemstone-512x13,Gemstone 512x13 (103M),102643200,13,4,53,3,0,0.009965691715478897,0.8799999952316284,7.199999809265137
Gemstone-Models/Gemstone-512x13,Gemstone 512x13 (103M),102643200,13,4,53,3,1,0.0007519043865613639,0.8799999952316284,7.199999809265137
Gemstone-Models/Gemstone-512x13,Gemstone 512x13 (103M),102643200,13,4,53,3,2,0.006795672699809074,0.8799999952316284,7.199999809265137
Gemstone-Models/Gemstone-512x13,Gemstone 512x13 (103M),102643200,13,4,53,3,3,0.009242010302841663,0.8799999952316284,7.199999809265137
Gemstone-Models/Gemstone-512x13,Gemstone 512x13 (103M),102643200,13,4,53,4,0,0.016817275434732437,0.8799999952316284,7.199999809265137
Gemstone-Models/Gemstone-512x13,Gemstone 512x13 (103M),102643200,13,4,53,4,1,0.0046195294708013535,0.8799999952316284,7.199999809265137
Gemstone-Models/Gemstone-512x13,Gemstone 512x13 (103M),102643200,13,4,53,4,2,0.00891850795596838,0.8799999952316284,7.199999809265137
Gemstone-Models/Gemstone-512x13,Gemstone 512x13 (103M),102643200,13,4,53,4,3,0.0014450884191319346,0.8799999952316284,7.199999809265137
Gemstone-Models/Gemstone-512x13,Gemstone 512x13 (103M),102643200,13,4,53,5,0,0.01008481066673994,0.8799999952316284,7.199999809265137
Gemstone-Models/Gemstone-512x13,Gemstone 512x13 (103M),102643200,13,4,53,5,1,0.01432220358401537,0.8799999952316284,7.199999809265137
Gemstone-Models/Gemstone-512x13,Gemstone 512x13 (103M),102643200,13,4,53,5,2,3.957518117658765e-07,0.8799999952316284,7.199999809265137
Gemstone-Models/Gemstone-512x13,Gemstone 512x13 (103M),102643200,13,4,53,5,3,0.000107723826658912,0.8799999952316284,7.199999809265137
Gemstone-Models/Gemstone-512x13,Gemstone 512x13 (103M),102643200,13,4,53,6,0,0.0007191377808339894,0.8799999952316284,7.199999809265137
Gemstone-Models/Gemstone-512x13,Gemstone 512x13 (103M),102643200,13,4,53,6,1,0.8731755018234253,0.8799999952316284,7.199999809265137
Gemstone-Models/Gemstone-512x13,Gemstone 512x13 (103M),102643200,13,4,53,6,2,0.0031261465046554804,0.8799999952316284,7.199999809265137
Gemstone-Models/Gemstone-512x13,Gemstone 512x13 (103M),102643200,13,4,53,6,3,0.006098004989326,0.8799999952316284,7.199999809265137
Gemstone-Models/Gemstone-512x13,Gemstone 512x13 (103M),102643200,13,4,53,7,0,0.001513333641923964,0.8799999952316284,7.199999809265137
Gemstone-Models/Gemstone-512x13,Gemstone 512x13 (103M),102643200,13,4,53,7,1,0.00010929589916486293,0.8799999952316284,7.199999809265137
Gemstone-Models/Gemstone-512x13,Gemstone 512x13 (103M),102643200,13,4,53,7,2,0.0002917359524872154,0.8799999952316284,7.199999809265137
Gemstone-Models/Gemstone-512x13,Gemstone 512x13 (103M),102643200,13,4,53,7,3,0.0005516385426744819,0.8799999952316284,7.199999809265137
Gemstone-Models/Gemstone-512x13,Gemstone 512x13 (103M),102643200,13,4,53,8,0,0.002314839279279113,0.8799999952316284,7.199999809265137
Gemstone-Models/Gemstone-512x13,Gemstone 512x13 (103M),102643200,13,4,53,8,1,0.0028235530480742455,0.8799999952316284,7.199999809265137
Gemstone-Models/Gemstone-512x13,Gemstone 512x13 (103M),102643200,13,4,53,8,2,0.000272145465714857,0.8799999952316284,7.199999809265137
Gemstone-Models/Gemstone-512x13,Gemstone 512x13 (103M),102643200,13,4,53,8,3,0.02538471296429634,0.8799999952316284,7.199999809265137
Gemstone-Models/Gemstone-512x13,Gemstone 512x13 (103M),102643200,13,4,53,9,0,7.060851459073092e-08,0.8799999952316284,7.199999809265137
Gemstone-Models/Gemstone-512x13,Gemstone 512x13 (103M),102643200,13,4,53,9,1,0.0002614491095300764,0.8799999952316284,7.199999809265137
Gemstone-Models/Gemstone-512x13,Gemstone 512x13 (103M),102643200,13,4,53,9,2,0.002992958528921008,0.8799999952316284,7.199999809265137
Gemstone-Models/Gemstone-512x13,Gemstone 512x13 (103M),102643200,13,4,53,9,3,0.012668158859014511,0.8799999952316284,7.199999809265137
Gemstone-Models/Gemstone-512x13,Gemstone 512x13 (103M),102643200,13,4,53,10,0,0.9172722697257996,0.8799999952316284,7.199999809265137
Gemstone-Models/Gemstone-512x13,Gemstone 512x13 (103M),102643200,13,4,53,10,1,0.2678403854370117,0.8799999952316284,7.199999809265137
Gemstone-Models/Gemstone-512x13,Gemstone 512x13 (103M),102643200,13,4,53,10,2,0.00481114536523819,0.8799999952316284,7.199999809265137
Gemstone-Models/Gemstone-512x13,Gemstone 512x13 (103M),102643200,13,4,53,10,3,0.2029995322227478,0.8799999952316284,7.199999809265137
Gemstone-Models/Gemstone-512x13,Gemstone 512x13 (103M),102643200,13,4,53,11,0,0.04325788468122482,0.8799999952316284,7.199999809265137
Gemstone-Models/Gemstone-512x13,Gemstone 512x13 (103M),102643200,13,4,53,11,1,0.0420374758541584,0.8799999952316284,7.199999809265137
Gemstone-Models/Gemstone-512x13,Gemstone 512x13 (103M),102643200,13,4,53,11,2,0.557660698890686,0.8799999952316284,7.199999809265137
Gemstone-Models/Gemstone-512x13,Gemstone 512x13 (103M),102643200,13,4,53,11,3,0.36341944336891174,0.8799999952316284,7.199999809265137
Gemstone-Models/Gemstone-512x13,Gemstone 512x13 (103M),102643200,13,4,53,12,0,0.005680643487721682,0.8799999952316284,7.199999809265137
Gemstone-Models/Gemstone-512x13,Gemstone 512x13 (103M),102643200,13,4,53,12,1,0.001760162296704948,0.8799999952316284,7.199999809265137
Gemstone-Models/Gemstone-512x13,Gemstone 512x13 (103M),102643200,13,4,53,12,2,0.01626201719045639,0.8799999952316284,7.199999809265137
Gemstone-Models/Gemstone-512x13,Gemstone 512x13 (103M),102643200,13,4,53,12,3,0.006648822221904993,0.8799999952316284,7.199999809265137
Gemstone-Models/Gemstone-512x13,Gemstone 512x13 (103M),102643200,13,4,54,0,0,2.719235089898575e-05,0.8999999761581421,201.67999267578125
Gemstone-Models/Gemstone-512x13,Gemstone 512x13 (103M),102643200,13,4,54,0,1,0.003062963718548417,0.8999999761581421,201.67999267578125
Gemstone-Models/Gemstone-512x13,Gemstone 512x13 (103M),102643200,13,4,54,0,2,0.01552293635904789,0.8999999761581421,201.67999267578125
Gemstone-Models/Gemstone-512x13,Gemstone 512x13 (103M),102643200,13,4,54,0,3,0.009794157929718494,0.8999999761581421,201.67999267578125
Gemstone-Models/Gemstone-512x13,Gemstone 512x13 (103M),102643200,13,4,54,1,0,0.0007002069032751024,0.8999999761581421,201.67999267578125
Gemstone-Models/Gemstone-512x13,Gemstone 512x13 (103M),102643200,13,4,54,1,1,0.011096290312707424,0.8999999761581421,201.67999267578125
Gemstone-Models/Gemstone-512x13,Gemstone 512x13 (103M),102643200,13,4,54,1,2,8.628104114905e-05,0.8999999761581421,201.67999267578125
Gemstone-Models/Gemstone-512x13,Gemstone 512x13 (103M),102643200,13,4,54,1,3,0.002669197041541338,0.8999999761581421,201.67999267578125
Gemstone-Models/Gemstone-512x13,Gemstone 512x13 (103M),102643200,13,4,54,2,0,0.011971457861363888,0.8999999761581421,201.67999267578125
Gemstone-Models/Gemstone-512x13,Gemstone 512x13 (103M),102643200,13,4,54,2,1,0.002288083080202341,0.8999999761581421,201.67999267578125
Gemstone-Models/Gemstone-512x13,Gemstone 512x13 (103M),102643200,13,4,54,2,2,0.0192799624055624,0.8999999761581421,201.67999267578125
Gemstone-Models/Gemstone-512x13,Gemstone 512x13 (103M),102643200,13,4,54,2,3,0.0054697501473128796,0.8999999761581421,201.67999267578125
Gemstone-Models/Gemstone-512x13,Gemstone 512x13 (103M),102643200,13,4,54,3,0,0.004196351394057274,0.8999999761581421,201.67999267578125
Gemstone-Models/Gemstone-512x13,Gemstone 512x13 (103M),102643200,13,4,54,3,1,0.0005634447443298995,0.8999999761581421,201.67999267578125
Gemstone-Models/Gemstone-512x13,Gemstone 512x13 (103M),102643200,13,4,54,3,2,0.006025555077940226,0.8999999761581421,201.67999267578125
Gemstone-Models/Gemstone-512x13,Gemstone 512x13 (103M),102643200,13,4,54,3,3,0.012702670879662037,0.8999999761581421,201.67999267578125
Gemstone-Models/Gemstone-512x13,Gemstone 512x13 (103M),102643200,13,4,54,4,0,0.019786043092608452,0.8999999761581421,201.67999267578125
Gemstone-Models/Gemstone-512x13,Gemstone 512x13 (103M),102643200,13,4,54,4,1,0.00523033132776618,0.8999999761581421,201.67999267578125
Gemstone-Models/Gemstone-512x13,Gemstone 512x13 (103M),102643200,13,4,54,4,2,0.006817936897277832,0.8999999761581421,201.67999267578125
Gemstone-Models/Gemstone-512x13,Gemstone 512x13 (103M),102643200,13,4,54,4,3,0.0013704880839213729,0.8999999761581421,201.67999267578125
Gemstone-Models/Gemstone-512x13,Gemstone 512x13 (103M),102643200,13,4,54,5,0,0.010287975892424583,0.8999999761581421,201.67999267578125
Gemstone-Models/Gemstone-512x13,Gemstone 512x13 (103M),102643200,13,4,54,5,1,0.01382027193903923,0.8999999761581421,201.67999267578125
Gemstone-Models/Gemstone-512x13,Gemstone 512x13 (103M),102643200,13,4,54,5,2,1.6331358665411244e-06,0.8999999761581421,201.67999267578125
Gemstone-Models/Gemstone-512x13,Gemstone 512x13 (103M),102643200,13,4,54,5,3,0.0001012258799164556,0.8999999761581421,201.67999267578125
Gemstone-Models/Gemstone-512x13,Gemstone 512x13 (103M),102643200,13,4,54,6,0,0.0008528427570126951,0.8999999761581421,201.67999267578125
Gemstone-Models/Gemstone-512x13,Gemstone 512x13 (103M),102643200,13,4,54,6,1,0.8840479850769043,0.8999999761581421,201.67999267578125
Gemstone-Models/Gemstone-512x13,Gemstone 512x13 (103M),102643200,13,4,54,6,2,0.003360013011842966,0.8999999761581421,201.67999267578125
Gemstone-Models/Gemstone-512x13,Gemstone 512x13 (103M),102643200,13,4,54,6,3,0.0062205176800489426,0.8999999761581421,201.67999267578125
Gemstone-Models/Gemstone-512x13,Gemstone 512x13 (103M),102643200,13,4,54,7,0,0.001380354748107493,0.8999999761581421,201.67999267578125
Gemstone-Models/Gemstone-512x13,Gemstone 512x13 (103M),102643200,13,4,54,7,1,9.050914377439767e-05,0.8999999761581421,201.67999267578125
Gemstone-Models/Gemstone-512x13,Gemstone 512x13 (103M),102643200,13,4,54,7,2,0.0007312953239306808,0.8999999761581421,201.67999267578125
Gemstone-Models/Gemstone-512x13,Gemstone 512x13 (103M),102643200,13,4,54,7,3,0.0006902228924445808,0.8999999761581421,201.67999267578125
Gemstone-Models/Gemstone-512x13,Gemstone 512x13 (103M),102643200,13,4,54,8,0,0.004216296598315239,0.8999999761581421,201.67999267578125
Gemstone-Models/Gemstone-512x13,Gemstone 512x13 (103M),102643200,13,4,54,8,1,0.0030023781582713127,0.8999999761581421,201.67999267578125
Gemstone-Models/Gemstone-512x13,Gemstone 512x13 (103M),102643200,13,4,54,8,2,0.0005862803664058447,0.8999999761581421,201.67999267578125
Gemstone-Models/Gemstone-512x13,Gemstone 512x13 (103M),102643200,13,4,54,8,3,0.05087856948375702,0.8999999761581421,201.67999267578125
Gemstone-Models/Gemstone-512x13,Gemstone 512x13 (103M),102643200,13,4,54,9,0,1.625764056711887e-08,0.8999999761581421,201.67999267578125
Gemstone-Models/Gemstone-512x13,Gemstone 512x13 (103M),102643200,13,4,54,9,1,0.0004471980792004615,0.8999999761581421,201.67999267578125
Gemstone-Models/Gemstone-512x13,Gemstone 512x13 (103M),102643200,13,4,54,9,2,0.0035837474279105663,0.8999999761581421,201.67999267578125
Gemstone-Models/Gemstone-512x13,Gemstone 512x13 (103M),102643200,13,4,54,9,3,0.022034795954823494,0.8999999761581421,201.67999267578125
Gemstone-Models/Gemstone-512x13,Gemstone 512x13 (103M),102643200,13,4,54,10,0,0.8882677555084229,0.8999999761581421,201.67999267578125
Gemstone-Models/Gemstone-512x13,Gemstone 512x13 (103M),102643200,13,4,54,10,1,0.22356539964675903,0.8999999761581421,201.67999267578125
Gemstone-Models/Gemstone-512x13,Gemstone 512x13 (103M),102643200,13,4,54,10,2,0.006307329051196575,0.8999999761581421,201.67999267578125
Gemstone-Models/Gemstone-512x13,Gemstone 512x13 (103M),102643200,13,4,54,10,3,0.18237338960170746,0.8999999761581421,201.67999267578125
Gemstone-Models/Gemstone-512x13,Gemstone 512x13 (103M),102643200,13,4,54,11,0,0.055847231298685074,0.8999999761581421,201.67999267578125
Gemstone-Models/Gemstone-512x13,Gemstone 512x13 (103M),102643200,13,4,54,11,1,0.051015328615903854,0.8999999761581421,201.67999267578125
Gemstone-Models/Gemstone-512x13,Gemstone 512x13 (103M),102643200,13,4,54,11,2,0.5249341726303101,0.8999999761581421,201.67999267578125
Gemstone-Models/Gemstone-512x13,Gemstone 512x13 (103M),102643200,13,4,54,11,3,0.38870278000831604,0.8999999761581421,201.67999267578125
Gemstone-Models/Gemstone-512x13,Gemstone 512x13 (103M),102643200,13,4,54,12,0,0.007301870733499527,0.8999999761581421,201.67999267578125
Gemstone-Models/Gemstone-512x13,Gemstone 512x13 (103M),102643200,13,4,54,12,1,0.002680474193766713,0.8999999761581421,201.67999267578125
Gemstone-Models/Gemstone-512x13,Gemstone 512x13 (103M),102643200,13,4,54,12,2,0.021021094173192978,0.8999999761581421,201.67999267578125
Gemstone-Models/Gemstone-512x13,Gemstone 512x13 (103M),102643200,13,4,54,12,3,0.009049488231539726,0.8999999761581421,201.67999267578125
Gemstone-Models/Gemstone-512x13,Gemstone 512x13 (103M),102643200,13,4,55,0,0,2.1038342310930602e-05,0.9599999785423279,312.2200012207031
Gemstone-Models/Gemstone-512x13,Gemstone 512x13 (103M),102643200,13,4,55,0,1,0.0028487059753388166,0.9599999785423279,312.2200012207031
Gemstone-Models/Gemstone-512x13,Gemstone 512x13 (103M),102643200,13,4,55,0,2,0.014961978420615196,0.9599999785423279,312.2200012207031
Gemstone-Models/Gemstone-512x13,Gemstone 512x13 (103M),102643200,13,4,55,0,3,0.007878459990024567,0.9599999785423279,312.2200012207031
Gemstone-Models/Gemstone-512x13,Gemstone 512x13 (103M),102643200,13,4,55,1,0,0.0011727059027180076,0.9599999785423279,312.2200012207031
Gemstone-Models/Gemstone-512x13,Gemstone 512x13 (103M),102643200,13,4,55,1,1,0.009150880388915539,0.9599999785423279,312.2200012207031
Gemstone-Models/Gemstone-512x13,Gemstone 512x13 (103M),102643200,13,4,55,1,2,0.00026430567959323525,0.9599999785423279,312.2200012207031
Gemstone-Models/Gemstone-512x13,Gemstone 512x13 (103M),102643200,13,4,55,1,3,0.003626228077337146,0.9599999785423279,312.2200012207031
Gemstone-Models/Gemstone-512x13,Gemstone 512x13 (103M),102643200,13,4,55,2,0,0.009234277531504631,0.9599999785423279,312.2200012207031
Gemstone-Models/Gemstone-512x13,Gemstone 512x13 (103M),102643200,13,4,55,2,1,0.002047812333330512,0.9599999785423279,312.2200012207031
Gemstone-Models/Gemstone-512x13,Gemstone 512x13 (103M),102643200,13,4,55,2,2,0.01246030442416668,0.9599999785423279,312.2200012207031
Gemstone-Models/Gemstone-512x13,Gemstone 512x13 (103M),102643200,13,4,55,2,3,0.010144279338419437,0.9599999785423279,312.2200012207031
Gemstone-Models/Gemstone-512x13,Gemstone 512x13 (103M),102643200,13,4,55,3,0,0.004749454092234373,0.9599999785423279,312.2200012207031
Gemstone-Models/Gemstone-512x13,Gemstone 512x13 (103M),102643200,13,4,55,3,1,0.0008663071203045547,0.9599999785423279,312.2200012207031
Gemstone-Models/Gemstone-512x13,Gemstone 512x13 (103M),102643200,13,4,55,3,2,0.005950527265667915,0.9599999785423279,312.2200012207031
Gemstone-Models/Gemstone-512x13,Gemstone 512x13 (103M),102643200,13,4,55,3,3,0.008622885681688786,0.9599999785423279,312.2200012207031
Gemstone-Models/Gemstone-512x13,Gemstone 512x13 (103M),102643200,13,4,55,4,0,0.018865929916501045,0.9599999785423279,312.2200012207031
Gemstone-Models/Gemstone-512x13,Gemstone 512x13 (103M),102643200,13,4,55,4,1,0.004835832864046097,0.9599999785423279,312.2200012207031
Gemstone-Models/Gemstone-512x13,Gemstone 512x13 (103M),102643200,13,4,55,4,2,0.007994910702109337,0.9599999785423279,312.2200012207031
Gemstone-Models/Gemstone-512x13,Gemstone 512x13 (103M),102643200,13,4,55,4,3,0.0015913122333586216,0.9599999785423279,312.2200012207031
Gemstone-Models/Gemstone-512x13,Gemstone 512x13 (103M),102643200,13,4,55,5,0,0.011988000944256783,0.9599999785423279,312.2200012207031
Gemstone-Models/Gemstone-512x13,Gemstone 512x13 (103M),102643200,13,4,55,5,1,0.015027268789708614,0.9599999785423279,312.2200012207031
Gemstone-Models/Gemstone-512x13,Gemstone 512x13 (103M),102643200,13,4,55,5,2,9.696274219095358e-07,0.9599999785423279,312.2200012207031
Gemstone-Models/Gemstone-512x13,Gemstone 512x13 (103M),102643200,13,4,55,5,3,9.61676996666938e-05,0.9599999785423279,312.2200012207031
Gemstone-Models/Gemstone-512x13,Gemstone 512x13 (103M),102643200,13,4,55,6,0,0.00041098211659118533,0.9599999785423279,312.2200012207031
Gemstone-Models/Gemstone-512x13,Gemstone 512x13 (103M),102643200,13,4,55,6,1,0.902701735496521,0.9599999785423279,312.2200012207031
Gemstone-Models/Gemstone-512x13,Gemstone 512x13 (103M),102643200,13,4,55,6,2,0.004195065703243017,0.9599999785423279,312.2200012207031
Gemstone-Models/Gemstone-512x13,Gemstone 512x13 (103M),102643200,13,4,55,6,3,0.00490490160882473,0.9599999785423279,312.2200012207031
Gemstone-Models/Gemstone-512x13,Gemstone 512x13 (103M),102643200,13,4,55,7,0,0.003065746510401368,0.9599999785423279,312.2200012207031
Gemstone-Models/Gemstone-512x13,Gemstone 512x13 (103M),102643200,13,4,55,7,1,0.00016993818280752748,0.9599999785423279,312.2200012207031
Gemstone-Models/Gemstone-512x13,Gemstone 512x13 (103M),102643200,13,4,55,7,2,0.00034227047581225634,0.9599999785423279,312.2200012207031
Gemstone-Models/Gemstone-512x13,Gemstone 512x13 (103M),102643200,13,4,55,7,3,0.0005409837467595935,0.9599999785423279,312.2200012207031
Gemstone-Models/Gemstone-512x13,Gemstone 512x13 (103M),102643200,13,4,55,8,0,0.004183064214885235,0.9599999785423279,312.2200012207031
Gemstone-Models/Gemstone-512x13,Gemstone 512x13 (103M),102643200,13,4,55,8,1,0.0032615410163998604,0.9599999785423279,312.2200012207031
Gemstone-Models/Gemstone-512x13,Gemstone 512x13 (103M),102643200,13,4,55,8,2,0.0005251633119769394,0.9599999785423279,312.2200012207031
Gemstone-Models/Gemstone-512x13,Gemstone 512x13 (103M),102643200,13,4,55,8,3,0.04221063107252121,0.9599999785423279,312.2200012207031
Gemstone-Models/Gemstone-512x13,Gemstone 512x13 (103M),102643200,13,4,55,9,0,7.343586361230336e-08,0.9599999785423279,312.2200012207031
Gemstone-Models/Gemstone-512x13,Gemstone 512x13 (103M),102643200,13,4,55,9,1,0.0003796021337620914,0.9599999785423279,312.2200012207031
Gemstone-Models/Gemstone-512x13,Gemstone 512x13 (103M),102643200,13,4,55,9,2,0.0026470094453543425,0.9599999785423279,312.2200012207031
Gemstone-Models/Gemstone-512x13,Gemstone 512x13 (103M),102643200,13,4,55,9,3,0.020750418305397034,0.9599999785423279,312.2200012207031
Gemstone-Models/Gemstone-512x13,Gemstone 512x13 (103M),102643200,13,4,55,10,0,0.9146926999092102,0.9599999785423279,312.2200012207031
Gemstone-Models/Gemstone-512x13,Gemstone 512x13 (103M),102643200,13,4,55,10,1,0.24704863131046295,0.9599999785423279,312.2200012207031
Gemstone-Models/Gemstone-512x13,Gemstone 512x13 (103M),102643200,13,4,55,10,2,0.005183584056794643,0.9599999785423279,312.2200012207031
Gemstone-Models/Gemstone-512x13,Gemstone 512x13 (103M),102643200,13,4,55,10,3,0.15075701475143433,0.9599999785423279,312.2200012207031
Gemstone-Models/Gemstone-512x13,Gemstone 512x13 (103M),102643200,13,4,55,11,0,0.06254324316978455,0.9599999785423279,312.2200012207031
Gemstone-Models/Gemstone-512x13,Gemstone 512x13 (103M),102643200,13,4,55,11,1,0.05019025504589081,0.9599999785423279,312.2200012207031
Gemstone-Models/Gemstone-512x13,Gemstone 512x13 (103M),102643200,13,4,55,11,2,0.6621296405792236,0.9599999785423279,312.2200012207031
Gemstone-Models/Gemstone-512x13,Gemstone 512x13 (103M),102643200,13,4,55,11,3,0.4704219698905945,0.9599999785423279,312.2200012207031
Gemstone-Models/Gemstone-512x13,Gemstone 512x13 (103M),102643200,13,4,55,12,0,0.0063336994498968124,0.9599999785423279,312.2200012207031
Gemstone-Models/Gemstone-512x13,Gemstone 512x13 (103M),102643200,13,4,55,12,1,0.003667346900328994,0.9599999785423279,312.2200012207031
Gemstone-Models/Gemstone-512x13,Gemstone 512x13 (103M),102643200,13,4,55,12,2,0.018578892573714256,0.9599999785423279,312.2200012207031
Gemstone-Models/Gemstone-512x13,Gemstone 512x13 (103M),102643200,13,4,55,12,3,0.005446476861834526,0.9599999785423279,312.2200012207031
Gemstone-Models/Gemstone-512x13,Gemstone 512x13 (103M),102643200,13,4,56,0,0,1.7183674572152086e-05,0.5799999833106995,1000.3800048828125
Gemstone-Models/Gemstone-512x13,Gemstone 512x13 (103M),102643200,13,4,56,0,1,0.00421755388379097,0.5799999833106995,1000.3800048828125
Gemstone-Models/Gemstone-512x13,Gemstone 512x13 (103M),102643200,13,4,56,0,2,0.014696402475237846,0.5799999833106995,1000.3800048828125
Gemstone-Models/Gemstone-512x13,Gemstone 512x13 (103M),102643200,13,4,56,0,3,0.007241499610245228,0.5799999833106995,1000.3800048828125
Gemstone-Models/Gemstone-512x13,Gemstone 512x13 (103M),102643200,13,4,56,1,0,0.0009358291863463819,0.5799999833106995,1000.3800048828125
Gemstone-Models/Gemstone-512x13,Gemstone 512x13 (103M),102643200,13,4,56,1,1,0.007363219279795885,0.5799999833106995,1000.3800048828125
Gemstone-Models/Gemstone-512x13,Gemstone 512x13 (103M),102643200,13,4,56,1,2,0.00016959146887529641,0.5799999833106995,1000.3800048828125
Gemstone-Models/Gemstone-512x13,Gemstone 512x13 (103M),102643200,13,4,56,1,3,0.0008638058789074421,0.5799999833106995,1000.3800048828125
Gemstone-Models/Gemstone-512x13,Gemstone 512x13 (103M),102643200,13,4,56,2,0,0.008618485182523727,0.5799999833106995,1000.3800048828125
Gemstone-Models/Gemstone-512x13,Gemstone 512x13 (103M),102643200,13,4,56,2,1,0.0013020250480622053,0.5799999833106995,1000.3800048828125
Gemstone-Models/Gemstone-512x13,Gemstone 512x13 (103M),102643200,13,4,56,2,2,0.01003999076783657,0.5799999833106995,1000.3800048828125
Gemstone-Models/Gemstone-512x13,Gemstone 512x13 (103M),102643200,13,4,56,2,3,0.0060053602792322636,0.5799999833106995,1000.3800048828125
Gemstone-Models/Gemstone-512x13,Gemstone 512x13 (103M),102643200,13,4,56,3,0,0.005581700708717108,0.5799999833106995,1000.3800048828125
Gemstone-Models/Gemstone-512x13,Gemstone 512x13 (103M),102643200,13,4,56,3,1,0.0003961829061154276,0.5799999833106995,1000.3800048828125
Gemstone-Models/Gemstone-512x13,Gemstone 512x13 (103M),102643200,13,4,56,3,2,0.006246255710721016,0.5799999833106995,1000.3800048828125
Gemstone-Models/Gemstone-512x13,Gemstone 512x13 (103M),102643200,13,4,56,3,3,0.007314654532819986,0.5799999833106995,1000.3800048828125
Gemstone-Models/Gemstone-512x13,Gemstone 512x13 (103M),102643200,13,4,56,4,0,0.014003312215209007,0.5799999833106995,1000.3800048828125
Gemstone-Models/Gemstone-512x13,Gemstone 512x13 (103M),102643200,13,4,56,4,1,0.011874479241669178,0.5799999833106995,1000.3800048828125
Gemstone-Models/Gemstone-512x13,Gemstone 512x13 (103M),102643200,13,4,56,4,2,0.0064988206140697,0.5799999833106995,1000.3800048828125
Gemstone-Models/Gemstone-512x13,Gemstone 512x13 (103M),102643200,13,4,56,4,3,0.0009609800763428211,0.5799999833106995,1000.3800048828125
Gemstone-Models/Gemstone-512x13,Gemstone 512x13 (103M),102643200,13,4,56,5,0,0.010934211313724518,0.5799999833106995,1000.3800048828125
Gemstone-Models/Gemstone-512x13,Gemstone 512x13 (103M),102643200,13,4,56,5,1,0.013278068043291569,0.5799999833106995,1000.3800048828125
Gemstone-Models/Gemstone-512x13,Gemstone 512x13 (103M),102643200,13,4,56,5,2,2.6512691420066403e-07,0.5799999833106995,1000.3800048828125
Gemstone-Models/Gemstone-512x13,Gemstone 512x13 (103M),102643200,13,4,56,5,3,9.380619303556159e-05,0.5799999833106995,1000.3800048828125
Gemstone-Models/Gemstone-512x13,Gemstone 512x13 (103M),102643200,13,4,56,6,0,0.0081268809735775,0.5799999833106995,1000.3800048828125
Gemstone-Models/Gemstone-512x13,Gemstone 512x13 (103M),102643200,13,4,56,6,1,0.7758102416992188,0.5799999833106995,1000.3800048828125
Gemstone-Models/Gemstone-512x13,Gemstone 512x13 (103M),102643200,13,4,56,6,2,0.00860016793012619,0.5799999833106995,1000.3800048828125
Gemstone-Models/Gemstone-512x13,Gemstone 512x13 (103M),102643200,13,4,56,6,3,0.007650283630937338,0.5799999833106995,1000.3800048828125
Gemstone-Models/Gemstone-512x13,Gemstone 512x13 (103M),102643200,13,4,56,7,0,0.00840818602591753,0.5799999833106995,1000.3800048828125
Gemstone-Models/Gemstone-512x13,Gemstone 512x13 (103M),102643200,13,4,56,7,1,0.003122994676232338,0.5799999833106995,1000.3800048828125
Gemstone-Models/Gemstone-512x13,Gemstone 512x13 (103M),102643200,13,4,56,7,2,0.007749870419502258,0.5799999833106995,1000.3800048828125
Gemstone-Models/Gemstone-512x13,Gemstone 512x13 (103M),102643200,13,4,56,7,3,0.004817120265215635,0.5799999833106995,1000.3800048828125
Gemstone-Models/Gemstone-512x13,Gemstone 512x13 (103M),102643200,13,4,56,8,0,0.00812097080051899,0.5799999833106995,1000.3800048828125
Gemstone-Models/Gemstone-512x13,Gemstone 512x13 (103M),102643200,13,4,56,8,1,0.008592717349529266,0.5799999833106995,1000.3800048828125
Gemstone-Models/Gemstone-512x13,Gemstone 512x13 (103M),102643200,13,4,56,8,2,0.007625820115208626,0.5799999833106995,1000.3800048828125
Gemstone-Models/Gemstone-512x13,Gemstone 512x13 (103M),102643200,13,4,56,8,3,0.03739677742123604,0.5799999833106995,1000.3800048828125
Gemstone-Models/Gemstone-512x13,Gemstone 512x13 (103M),102643200,13,4,56,9,0,0.0004342949250712991,0.5799999833106995,1000.3800048828125
Gemstone-Models/Gemstone-512x13,Gemstone 512x13 (103M),102643200,13,4,56,9,1,0.0008169689681380987,0.5799999833106995,1000.3800048828125
Gemstone-Models/Gemstone-512x13,Gemstone 512x13 (103M),102643200,13,4,56,9,2,0.00791811104863882,0.5799999833106995,1000.3800048828125
Gemstone-Models/Gemstone-512x13,Gemstone 512x13 (103M),102643200,13,4,56,9,3,0.01462213508784771,0.5799999833106995,1000.3800048828125
Gemstone-Models/Gemstone-512x13,Gemstone 512x13 (103M),102643200,13,4,56,10,0,0.833285391330719,0.5799999833106995,1000.3800048828125
Gemstone-Models/Gemstone-512x13,Gemstone 512x13 (103M),102643200,13,4,56,10,1,0.15836568176746368,0.5799999833106995,1000.3800048828125
Gemstone-Models/Gemstone-512x13,Gemstone 512x13 (103M),102643200,13,4,56,10,2,0.010765966959297657,0.5799999833106995,1000.3800048828125
Gemstone-Models/Gemstone-512x13,Gemstone 512x13 (103M),102643200,13,4,56,10,3,0.19225876033306122,0.5799999833106995,1000.3800048828125
Gemstone-Models/Gemstone-512x13,Gemstone 512x13 (103M),102643200,13,4,56,11,0,0.03844544291496277,0.5799999833106995,1000.3800048828125
Gemstone-Models/Gemstone-512x13,Gemstone 512x13 (103M),102643200,13,4,56,11,1,0.048449691385030746,0.5799999833106995,1000.3800048828125
Gemstone-Models/Gemstone-512x13,Gemstone 512x13 (103M),102643200,13,4,56,11,2,0.3608383238315582,0.5799999833106995,1000.3800048828125
Gemstone-Models/Gemstone-512x13,Gemstone 512x13 (103M),102643200,13,4,56,11,3,0.2778610289096832,0.5799999833106995,1000.3800048828125
Gemstone-Models/Gemstone-512x13,Gemstone 512x13 (103M),102643200,13,4,56,12,0,0.010712330229580402,0.5799999833106995,1000.3800048828125
Gemstone-Models/Gemstone-512x13,Gemstone 512x13 (103M),102643200,13,4,56,12,1,0.005888206418603659,0.5799999833106995,1000.3800048828125
Gemstone-Models/Gemstone-512x13,Gemstone 512x13 (103M),102643200,13,4,56,12,2,0.019744569435715675,0.5799999833106995,1000.3800048828125
Gemstone-Models/Gemstone-512x13,Gemstone 512x13 (103M),102643200,13,4,56,12,3,0.0131212268024683,0.5799999833106995,1000.3800048828125
Gemstone-Models/Gemstone-512x13,Gemstone 512x13 (103M),102643200,13,4,57,0,0,0.0036960081197321415,0.5600000023841858,1567.4200439453125
Gemstone-Models/Gemstone-512x13,Gemstone 512x13 (103M),102643200,13,4,57,0,1,0.003559083677828312,0.5600000023841858,1567.4200439453125
Gemstone-Models/Gemstone-512x13,Gemstone 512x13 (103M),102643200,13,4,57,0,2,0.016585463657975197,0.5600000023841858,1567.4200439453125
Gemstone-Models/Gemstone-512x13,Gemstone 512x13 (103M),102643200,13,4,57,0,3,0.007338590454310179,0.5600000023841858,1567.4200439453125
Gemstone-Models/Gemstone-512x13,Gemstone 512x13 (103M),102643200,13,4,57,1,0,0.0008499647956341505,0.5600000023841858,1567.4200439453125
Gemstone-Models/Gemstone-512x13,Gemstone 512x13 (103M),102643200,13,4,57,1,1,0.00937144085764885,0.5600000023841858,1567.4200439453125
Gemstone-Models/Gemstone-512x13,Gemstone 512x13 (103M),102643200,13,4,57,1,2,0.003424985334277153,0.5600000023841858,1567.4200439453125
Gemstone-Models/Gemstone-512x13,Gemstone 512x13 (103M),102643200,13,4,57,1,3,0.019190406426787376,0.5600000023841858,1567.4200439453125
Gemstone-Models/Gemstone-512x13,Gemstone 512x13 (103M),102643200,13,4,57,2,0,0.00796906091272831,0.5600000023841858,1567.4200439453125
Gemstone-Models/Gemstone-512x13,Gemstone 512x13 (103M),102643200,13,4,57,2,1,0.001704199705272913,0.5600000023841858,1567.4200439453125
Gemstone-Models/Gemstone-512x13,Gemstone 512x13 (103M),102643200,13,4,57,2,2,0.01263629924505949,0.5600000023841858,1567.4200439453125
Gemstone-Models/Gemstone-512x13,Gemstone 512x13 (103M),102643200,13,4,57,2,3,0.008151394315063953,0.5600000023841858,1567.4200439453125
Gemstone-Models/Gemstone-512x13,Gemstone 512x13 (103M),102643200,13,4,57,3,0,0.006972344592213631,0.5600000023841858,1567.4200439453125
Gemstone-Models/Gemstone-512x13,Gemstone 512x13 (103M),102643200,13,4,57,3,1,0.00031726210727356374,0.5600000023841858,1567.4200439453125
Gemstone-Models/Gemstone-512x13,Gemstone 512x13 (103M),102643200,13,4,57,3,2,0.007162673398852348,0.5600000023841858,1567.4200439453125
Gemstone-Models/Gemstone-512x13,Gemstone 512x13 (103M),102643200,13,4,57,3,3,0.00811699777841568,0.5600000023841858,1567.4200439453125
Gemstone-Models/Gemstone-512x13,Gemstone 512x13 (103M),102643200,13,4,57,4,0,0.021457253023982048,0.5600000023841858,1567.4200439453125
Gemstone-Models/Gemstone-512x13,Gemstone 512x13 (103M),102643200,13,4,57,4,1,0.007194855250418186,0.5600000023841858,1567.4200439453125
Gemstone-Models/Gemstone-512x13,Gemstone 512x13 (103M),102643200,13,4,57,4,2,0.007438193541020155,0.5600000023841858,1567.4200439453125
Gemstone-Models/Gemstone-512x13,Gemstone 512x13 (103M),102643200,13,4,57,4,3,0.0012995746219530702,0.5600000023841858,1567.4200439453125
Gemstone-Models/Gemstone-512x13,Gemstone 512x13 (103M),102643200,13,4,57,5,0,0.00798562727868557,0.5600000023841858,1567.4200439453125
Gemstone-Models/Gemstone-512x13,Gemstone 512x13 (103M),102643200,13,4,57,5,1,0.01111611258238554,0.5600000023841858,1567.4200439453125
Gemstone-Models/Gemstone-512x13,Gemstone 512x13 (103M),102643200,13,4,57,5,2,3.2048606612988806e-07,0.5600000023841858,1567.4200439453125
Gemstone-Models/Gemstone-512x13,Gemstone 512x13 (103M),102643200,13,4,57,5,3,7.372938853222877e-05,0.5600000023841858,1567.4200439453125
Gemstone-Models/Gemstone-512x13,Gemstone 512x13 (103M),102643200,13,4,57,6,0,0.0003037517599295825,0.5600000023841858,1567.4200439453125
Gemstone-Models/Gemstone-512x13,Gemstone 512x13 (103M),102643200,13,4,57,6,1,0.8047544956207275,0.5600000023841858,1567.4200439453125
Gemstone-Models/Gemstone-512x13,Gemstone 512x13 (103M),102643200,13,4,57,6,2,0.0026563098654150963,0.5600000023841858,1567.4200439453125
Gemstone-Models/Gemstone-512x13,Gemstone 512x13 (103M),102643200,13,4,57,6,3,0.0037880742456763983,0.5600000023841858,1567.4200439453125
Gemstone-Models/Gemstone-512x13,Gemstone 512x13 (103M),102643200,13,4,57,7,0,0.0019239006796851754,0.5600000023841858,1567.4200439453125
Gemstone-Models/Gemstone-512x13,Gemstone 512x13 (103M),102643200,13,4,57,7,1,0.0001176231016870588,0.5600000023841858,1567.4200439453125
Gemstone-Models/Gemstone-512x13,Gemstone 512x13 (103M),102643200,13,4,57,7,2,0.00041798525489866734,0.5600000023841858,1567.4200439453125
Gemstone-Models/Gemstone-512x13,Gemstone 512x13 (103M),102643200,13,4,57,7,3,0.0006836881511844695,0.5600000023841858,1567.4200439453125
Gemstone-Models/Gemstone-512x13,Gemstone 512x13 (103M),102643200,13,4,57,8,0,0.0025503223296254873,0.5600000023841858,1567.4200439453125
Gemstone-Models/Gemstone-512x13,Gemstone 512x13 (103M),102643200,13,4,57,8,1,0.0027263695374131203,0.5600000023841858,1567.4200439453125
Gemstone-Models/Gemstone-512x13,Gemstone 512x13 (103M),102643200,13,4,57,8,2,0.00020606252655852586,0.5600000023841858,1567.4200439453125
Gemstone-Models/Gemstone-512x13,Gemstone 512x13 (103M),102643200,13,4,57,8,3,0.04010934382677078,0.5600000023841858,1567.4200439453125
Gemstone-Models/Gemstone-512x13,Gemstone 512x13 (103M),102643200,13,4,57,9,0,8.971427156723166e-09,0.5600000023841858,1567.4200439453125
Gemstone-Models/Gemstone-512x13,Gemstone 512x13 (103M),102643200,13,4,57,9,1,0.00022470951080322266,0.5600000023841858,1567.4200439453125
Gemstone-Models/Gemstone-512x13,Gemstone 512x13 (103M),102643200,13,4,57,9,2,0.0011555979726836085,0.5600000023841858,1567.4200439453125
Gemstone-Models/Gemstone-512x13,Gemstone 512x13 (103M),102643200,13,4,57,9,3,0.009941305965185165,0.5600000023841858,1567.4200439453125
Gemstone-Models/Gemstone-512x13,Gemstone 512x13 (103M),102643200,13,4,57,10,0,0.8447556495666504,0.5600000023841858,1567.4200439453125
Gemstone-Models/Gemstone-512x13,Gemstone 512x13 (103M),102643200,13,4,57,10,1,0.18541498482227325,0.5600000023841858,1567.4200439453125
Gemstone-Models/Gemstone-512x13,Gemstone 512x13 (103M),102643200,13,4,57,10,2,0.003619780531153083,0.5600000023841858,1567.4200439453125
Gemstone-Models/Gemstone-512x13,Gemstone 512x13 (103M),102643200,13,4,57,10,3,0.19566959142684937,0.5600000023841858,1567.4200439453125
Gemstone-Models/Gemstone-512x13,Gemstone 512x13 (103M),102643200,13,4,57,11,0,0.031172465533018112,0.5600000023841858,1567.4200439453125
Gemstone-Models/Gemstone-512x13,Gemstone 512x13 (103M),102643200,13,4,57,11,1,0.029800066724419594,0.5600000023841858,1567.4200439453125
Gemstone-Models/Gemstone-512x13,Gemstone 512x13 (103M),102643200,13,4,57,11,2,0.30811432003974915,0.5600000023841858,1567.4200439453125
Gemstone-Models/Gemstone-512x13,Gemstone 512x13 (103M),102643200,13,4,57,11,3,0.23782218992710114,0.5600000023841858,1567.4200439453125
Gemstone-Models/Gemstone-512x13,Gemstone 512x13 (103M),102643200,13,4,57,12,0,0.005169415380805731,0.5600000023841858,1567.4200439453125
Gemstone-Models/Gemstone-512x13,Gemstone 512x13 (103M),102643200,13,4,57,12,1,0.001194859272800386,0.5600000023841858,1567.4200439453125
Gemstone-Models/Gemstone-512x13,Gemstone 512x13 (103M),102643200,13,4,57,12,2,0.01283526886254549,0.5600000023841858,1567.4200439453125
Gemstone-Models/Gemstone-512x13,Gemstone 512x13 (103M),102643200,13,4,57,12,3,0.0054528494365513325,0.5600000023841858,1567.4200439453125
Gemstone-Models/Gemstone-512x13,Gemstone 512x13 (103M),102643200,13,4,58,0,0,0.0001725919428281486,0.7200000286102295,1530.4000244140625
Gemstone-Models/Gemstone-512x13,Gemstone 512x13 (103M),102643200,13,4,58,0,1,0.002942137187346816,0.7200000286102295,1530.4000244140625
Gemstone-Models/Gemstone-512x13,Gemstone 512x13 (103M),102643200,13,4,58,0,2,0.016178784891963005,0.7200000286102295,1530.4000244140625
Gemstone-Models/Gemstone-512x13,Gemstone 512x13 (103M),102643200,13,4,58,0,3,0.008434096351265907,0.7200000286102295,1530.4000244140625
Gemstone-Models/Gemstone-512x13,Gemstone 512x13 (103M),102643200,13,4,58,1,0,0.0013286754256114364,0.7200000286102295,1530.4000244140625
Gemstone-Models/Gemstone-512x13,Gemstone 512x13 (103M),102643200,13,4,58,1,1,0.00746366661041975,0.7200000286102295,1530.4000244140625
Gemstone-Models/Gemstone-512x13,Gemstone 512x13 (103M),102643200,13,4,58,1,2,0.00033940517459996045,0.7200000286102295,1530.4000244140625
Gemstone-Models/Gemstone-512x13,Gemstone 512x13 (103M),102643200,13,4,58,1,3,0.0005361155490390956,0.7200000286102295,1530.4000244140625
Gemstone-Models/Gemstone-512x13,Gemstone 512x13 (103M),102643200,13,4,58,2,0,0.010901367291808128,0.7200000286102295,1530.4000244140625
Gemstone-Models/Gemstone-512x13,Gemstone 512x13 (103M),102643200,13,4,58,2,1,0.0020153308287262917,0.7200000286102295,1530.4000244140625
Gemstone-Models/Gemstone-512x13,Gemstone 512x13 (103M),102643200,13,4,58,2,2,0.006184169091284275,0.7200000286102295,1530.4000244140625
Gemstone-Models/Gemstone-512x13,Gemstone 512x13 (103M),102643200,13,4,58,2,3,0.006000506225973368,0.7200000286102295,1530.4000244140625
Gemstone-Models/Gemstone-512x13,Gemstone 512x13 (103M),102643200,13,4,58,3,0,0.005320623982697725,0.7200000286102295,1530.4000244140625
Gemstone-Models/Gemstone-512x13,Gemstone 512x13 (103M),102643200,13,4,58,3,1,0.0008975245291367173,0.7200000286102295,1530.4000244140625
Gemstone-Models/Gemstone-512x13,Gemstone 512x13 (103M),102643200,13,4,58,3,2,0.004726039245724678,0.7200000286102295,1530.4000244140625
Gemstone-Models/Gemstone-512x13,Gemstone 512x13 (103M),102643200,13,4,58,3,3,0.007290559820830822,0.7200000286102295,1530.4000244140625
Gemstone-Models/Gemstone-512x13,Gemstone 512x13 (103M),102643200,13,4,58,4,0,0.017591074109077454,0.7200000286102295,1530.4000244140625
Gemstone-Models/Gemstone-512x13,Gemstone 512x13 (103M),102643200,13,4,58,4,1,0.006279388442635536,0.7200000286102295,1530.4000244140625
Gemstone-Models/Gemstone-512x13,Gemstone 512x13 (103M),102643200,13,4,58,4,2,0.011342329904437065,0.7200000286102295,1530.4000244140625
Gemstone-Models/Gemstone-512x13,Gemstone 512x13 (103M),102643200,13,4,58,4,3,0.0014045205898582935,0.7200000286102295,1530.4000244140625
Gemstone-Models/Gemstone-512x13,Gemstone 512x13 (103M),102643200,13,4,58,5,0,0.009359341114759445,0.7200000286102295,1530.4000244140625
Gemstone-Models/Gemstone-512x13,Gemstone 512x13 (103M),102643200,13,4,58,5,1,0.015189873054623604,0.7200000286102295,1530.4000244140625
Gemstone-Models/Gemstone-512x13,Gemstone 512x13 (103M),102643200,13,4,58,5,2,2.6790917218022514e-07,0.7200000286102295,1530.4000244140625
Gemstone-Models/Gemstone-512x13,Gemstone 512x13 (103M),102643200,13,4,58,5,3,0.0001803151099011302,0.7200000286102295,1530.4000244140625
Gemstone-Models/Gemstone-512x13,Gemstone 512x13 (103M),102643200,13,4,58,6,0,0.0003377048415131867,0.7200000286102295,1530.4000244140625
Gemstone-Models/Gemstone-512x13,Gemstone 512x13 (103M),102643200,13,4,58,6,1,0.8122446537017822,0.7200000286102295,1530.4000244140625
Gemstone-Models/Gemstone-512x13,Gemstone 512x13 (103M),102643200,13,4,58,6,2,0.0031188661232590675,0.7200000286102295,1530.4000244140625
Gemstone-Models/Gemstone-512x13,Gemstone 512x13 (103M),102643200,13,4,58,6,3,0.004264926537871361,0.7200000286102295,1530.4000244140625
Gemstone-Models/Gemstone-512x13,Gemstone 512x13 (103M),102643200,13,4,58,7,0,0.002314395969733596,0.7200000286102295,1530.4000244140625
Gemstone-Models/Gemstone-512x13,Gemstone 512x13 (103M),102643200,13,4,58,7,1,9.89072141237557e-05,0.7200000286102295,1530.4000244140625
Gemstone-Models/Gemstone-512x13,Gemstone 512x13 (103M),102643200,13,4,58,7,2,0.0006061116000637412,0.7200000286102295,1530.4000244140625
Gemstone-Models/Gemstone-512x13,Gemstone 512x13 (103M),102643200,13,4,58,7,3,0.0006674448377452791,0.7200000286102295,1530.4000244140625
Gemstone-Models/Gemstone-512x13,Gemstone 512x13 (103M),102643200,13,4,58,8,0,0.0028885521460324526,0.7200000286102295,1530.4000244140625
Gemstone-Models/Gemstone-512x13,Gemstone 512x13 (103M),102643200,13,4,58,8,1,0.00410044938325882,0.7200000286102295,1530.4000244140625
Gemstone-Models/Gemstone-512x13,Gemstone 512x13 (103M),102643200,13,4,58,8,2,0.0003299920936115086,0.7200000286102295,1530.4000244140625
Gemstone-Models/Gemstone-512x13,Gemstone 512x13 (103M),102643200,13,4,58,8,3,0.03736812621355057,0.7200000286102295,1530.4000244140625
Gemstone-Models/Gemstone-512x13,Gemstone 512x13 (103M),102643200,13,4,58,9,0,1.9244462023948472e-08,0.7200000286102295,1530.4000244140625
Gemstone-Models/Gemstone-512x13,Gemstone 512x13 (103M),102643200,13,4,58,9,1,0.00015733465261291713,0.7200000286102295,1530.4000244140625
Gemstone-Models/Gemstone-512x13,Gemstone 512x13 (103M),102643200,13,4,58,9,2,0.0019612088799476624,0.7200000286102295,1530.4000244140625
Gemstone-Models/Gemstone-512x13,Gemstone 512x13 (103M),102643200,13,4,58,9,3,0.014590650796890259,0.7200000286102295,1530.4000244140625
Gemstone-Models/Gemstone-512x13,Gemstone 512x13 (103M),102643200,13,4,58,10,0,0.8818581104278564,0.7200000286102295,1530.4000244140625
Gemstone-Models/Gemstone-512x13,Gemstone 512x13 (103M),102643200,13,4,58,10,1,0.21171386539936066,0.7200000286102295,1530.4000244140625
Gemstone-Models/Gemstone-512x13,Gemstone 512x13 (103M),102643200,13,4,58,10,2,0.004538935609161854,0.7200000286102295,1530.4000244140625
Gemstone-Models/Gemstone-512x13,Gemstone 512x13 (103M),102643200,13,4,58,10,3,0.1915786862373352,0.7200000286102295,1530.4000244140625
Gemstone-Models/Gemstone-512x13,Gemstone 512x13 (103M),102643200,13,4,58,11,0,0.04922732338309288,0.7200000286102295,1530.4000244140625
Gemstone-Models/Gemstone-512x13,Gemstone 512x13 (103M),102643200,13,4,58,11,1,0.04927262291312218,0.7200000286102295,1530.4000244140625
Gemstone-Models/Gemstone-512x13,Gemstone 512x13 (103M),102643200,13,4,58,11,2,0.5012484192848206,0.7200000286102295,1530.4000244140625
Gemstone-Models/Gemstone-512x13,Gemstone 512x13 (103M),102643200,13,4,58,11,3,0.3527583181858063,0.7200000286102295,1530.4000244140625
Gemstone-Models/Gemstone-512x13,Gemstone 512x13 (103M),102643200,13,4,58,12,0,0.00422719307243824,0.7200000286102295,1530.4000244140625
Gemstone-Models/Gemstone-512x13,Gemstone 512x13 (103M),102643200,13,4,58,12,1,0.0020751971751451492,0.7200000286102295,1530.4000244140625
Gemstone-Models/Gemstone-512x13,Gemstone 512x13 (103M),102643200,13,4,58,12,2,0.016083158552646637,0.7200000286102295,1530.4000244140625
Gemstone-Models/Gemstone-512x13,Gemstone 512x13 (103M),102643200,13,4,58,12,3,0.006165551953017712,0.7200000286102295,1530.4000244140625
Gemstone-Models/Gemstone-512x13,Gemstone 512x13 (103M),102643200,13,4,59,0,0,2.496057641110383e-05,0.8600000143051147,118.18000030517578
Gemstone-Models/Gemstone-512x13,Gemstone 512x13 (103M),102643200,13,4,59,0,1,0.0034795210231095552,0.8600000143051147,118.18000030517578
Gemstone-Models/Gemstone-512x13,Gemstone 512x13 (103M),102643200,13,4,59,0,2,0.015210435725748539,0.8600000143051147,118.18000030517578
Gemstone-Models/Gemstone-512x13,Gemstone 512x13 (103M),102643200,13,4,59,0,3,0.009051726199686527,0.8600000143051147,118.18000030517578
Gemstone-Models/Gemstone-512x13,Gemstone 512x13 (103M),102643200,13,4,59,1,0,0.0007489370764233172,0.8600000143051147,118.18000030517578
Gemstone-Models/Gemstone-512x13,Gemstone 512x13 (103M),102643200,13,4,59,1,1,0.011988562531769276,0.8600000143051147,118.18000030517578
Gemstone-Models/Gemstone-512x13,Gemstone 512x13 (103M),102643200,13,4,59,1,2,0.0005108903278596699,0.8600000143051147,118.18000030517578
Gemstone-Models/Gemstone-512x13,Gemstone 512x13 (103M),102643200,13,4,59,1,3,0.003411228070035577,0.8600000143051147,118.18000030517578
Gemstone-Models/Gemstone-512x13,Gemstone 512x13 (103M),102643200,13,4,59,2,0,0.011172383092343807,0.8600000143051147,118.18000030517578
Gemstone-Models/Gemstone-512x13,Gemstone 512x13 (103M),102643200,13,4,59,2,1,0.002600993262603879,0.8600000143051147,118.18000030517578
Gemstone-Models/Gemstone-512x13,Gemstone 512x13 (103M),102643200,13,4,59,2,2,0.006197712384164333,0.8600000143051147,118.18000030517578
Gemstone-Models/Gemstone-512x13,Gemstone 512x13 (103M),102643200,13,4,59,2,3,0.0042981673032045364,0.8600000143051147,118.18000030517578
Gemstone-Models/Gemstone-512x13,Gemstone 512x13 (103M),102643200,13,4,59,3,0,0.0054152244701981544,0.8600000143051147,118.18000030517578
Gemstone-Models/Gemstone-512x13,Gemstone 512x13 (103M),102643200,13,4,59,3,1,0.0007561179809272289,0.8600000143051147,118.18000030517578
Gemstone-Models/Gemstone-512x13,Gemstone 512x13 (103M),102643200,13,4,59,3,2,0.007418929133564234,0.8600000143051147,118.18000030517578
Gemstone-Models/Gemstone-512x13,Gemstone 512x13 (103M),102643200,13,4,59,3,3,0.007111371960490942,0.8600000143051147,118.18000030517578
Gemstone-Models/Gemstone-512x13,Gemstone 512x13 (103M),102643200,13,4,59,4,0,0.0221210028976202,0.8600000143051147,118.18000030517578
Gemstone-Models/Gemstone-512x13,Gemstone 512x13 (103M),102643200,13,4,59,4,1,0.002833689097315073,0.8600000143051147,118.18000030517578
Gemstone-Models/Gemstone-512x13,Gemstone 512x13 (103M),102643200,13,4,59,4,2,0.009326674044132233,0.8600000143051147,118.18000030517578
Gemstone-Models/Gemstone-512x13,Gemstone 512x13 (103M),102643200,13,4,59,4,3,0.0013750004582107067,0.8600000143051147,118.18000030517578
Gemstone-Models/Gemstone-512x13,Gemstone 512x13 (103M),102643200,13,4,59,5,0,0.011501924134790897,0.8600000143051147,118.18000030517578
Gemstone-Models/Gemstone-512x13,Gemstone 512x13 (103M),102643200,13,4,59,5,1,0.015768392011523247,0.8600000143051147,118.18000030517578
Gemstone-Models/Gemstone-512x13,Gemstone 512x13 (103M),102643200,13,4,59,5,2,3.2076408729153627e-07,0.8600000143051147,118.18000030517578
Gemstone-Models/Gemstone-512x13,Gemstone 512x13 (103M),102643200,13,4,59,5,3,8.479555981466547e-05,0.8600000143051147,118.18000030517578
Gemstone-Models/Gemstone-512x13,Gemstone 512x13 (103M),102643200,13,4,59,6,0,0.00042089115595445037,0.8600000143051147,118.18000030517578
Gemstone-Models/Gemstone-512x13,Gemstone 512x13 (103M),102643200,13,4,59,6,1,0.8370988368988037,0.8600000143051147,118.18000030517578
Gemstone-Models/Gemstone-512x13,Gemstone 512x13 (103M),102643200,13,4,59,6,2,0.0024006194435060024,0.8600000143051147,118.18000030517578
Gemstone-Models/Gemstone-512x13,Gemstone 512x13 (103M),102643200,13,4,59,6,3,0.005230619106441736,0.8600000143051147,118.18000030517578
Gemstone-Models/Gemstone-512x13,Gemstone 512x13 (103M),102643200,13,4,59,7,0,0.001804785686545074,0.8600000143051147,118.18000030517578
Gemstone-Models/Gemstone-512x13,Gemstone 512x13 (103M),102643200,13,4,59,7,1,0.00014652061508968472,0.8600000143051147,118.18000030517578
Gemstone-Models/Gemstone-512x13,Gemstone 512x13 (103M),102643200,13,4,59,7,2,0.00028296615346334875,0.8600000143051147,118.18000030517578
Gemstone-Models/Gemstone-512x13,Gemstone 512x13 (103M),102643200,13,4,59,7,3,0.0004713340022135526,0.8600000143051147,118.18000030517578
Gemstone-Models/Gemstone-512x13,Gemstone 512x13 (103M),102643200,13,4,59,8,0,0.003691229736432433,0.8600000143051147,118.18000030517578
Gemstone-Models/Gemstone-512x13,Gemstone 512x13 (103M),102643200,13,4,59,8,1,0.003194150049239397,0.8600000143051147,118.18000030517578
Gemstone-Models/Gemstone-512x13,Gemstone 512x13 (103M),102643200,13,4,59,8,2,0.0009245203691534698,0.8600000143051147,118.18000030517578
Gemstone-Models/Gemstone-512x13,Gemstone 512x13 (103M),102643200,13,4,59,8,3,0.02380487509071827,0.8600000143051147,118.18000030517578
Gemstone-Models/Gemstone-512x13,Gemstone 512x13 (103M),102643200,13,4,59,9,0,3.1987493542828815e-08,0.8600000143051147,118.18000030517578
Gemstone-Models/Gemstone-512x13,Gemstone 512x13 (103M),102643200,13,4,59,9,1,0.0004147215804550797,0.8600000143051147,118.18000030517578
Gemstone-Models/Gemstone-512x13,Gemstone 512x13 (103M),102643200,13,4,59,9,2,0.0032929228618741035,0.8600000143051147,118.18000030517578
Gemstone-Models/Gemstone-512x13,Gemstone 512x13 (103M),102643200,13,4,59,9,3,0.015201371163129807,0.8600000143051147,118.18000030517578
Gemstone-Models/Gemstone-512x13,Gemstone 512x13 (103M),102643200,13,4,59,10,0,0.8443203568458557,0.8600000143051147,118.18000030517578
Gemstone-Models/Gemstone-512x13,Gemstone 512x13 (103M),102643200,13,4,59,10,1,0.17948606610298157,0.8600000143051147,118.18000030517578
Gemstone-Models/Gemstone-512x13,Gemstone 512x13 (103M),102643200,13,4,59,10,2,0.00531300762668252,0.8600000143051147,118.18000030517578
Gemstone-Models/Gemstone-512x13,Gemstone 512x13 (103M),102643200,13,4,59,10,3,0.12348615378141403,0.8600000143051147,118.18000030517578
Gemstone-Models/Gemstone-512x13,Gemstone 512x13 (103M),102643200,13,4,59,11,0,0.04389451816678047,0.8600000143051147,118.18000030517578
Gemstone-Models/Gemstone-512x13,Gemstone 512x13 (103M),102643200,13,4,59,11,1,0.04369420185685158,0.8600000143051147,118.18000030517578
Gemstone-Models/Gemstone-512x13,Gemstone 512x13 (103M),102643200,13,4,59,11,2,0.48272818326950073,0.8600000143051147,118.18000030517578
Gemstone-Models/Gemstone-512x13,Gemstone 512x13 (103M),102643200,13,4,59,11,3,0.34000882506370544,0.8600000143051147,118.18000030517578
Gemstone-Models/Gemstone-512x13,Gemstone 512x13 (103M),102643200,13,4,59,12,0,0.0056515769101679325,0.8600000143051147,118.18000030517578
Gemstone-Models/Gemstone-512x13,Gemstone 512x13 (103M),102643200,13,4,59,12,1,0.002802864648401737,0.8600000143051147,118.18000030517578
Gemstone-Models/Gemstone-512x13,Gemstone 512x13 (103M),102643200,13,4,59,12,2,0.015222272835671902,0.8600000143051147,118.18000030517578
Gemstone-Models/Gemstone-512x13,Gemstone 512x13 (103M),102643200,13,4,59,12,3,0.006225299090147018,0.8600000143051147,118.18000030517578
Gemstone-Models/Gemstone-512x13,Gemstone 512x13 (103M),102643200,13,4,60,0,0,0.0001735422556521371,0.5199999809265137,213.13999938964844
Gemstone-Models/Gemstone-512x13,Gemstone 512x13 (103M),102643200,13,4,60,0,1,0.0026754385326057673,0.5199999809265137,213.13999938964844
Gemstone-Models/Gemstone-512x13,Gemstone 512x13 (103M),102643200,13,4,60,0,2,0.016578705981373787,0.5199999809265137,213.13999938964844
Gemstone-Models/Gemstone-512x13,Gemstone 512x13 (103M),102643200,13,4,60,0,3,0.0072479452937841415,0.5199999809265137,213.13999938964844
Gemstone-Models/Gemstone-512x13,Gemstone 512x13 (103M),102643200,13,4,60,1,0,0.0010722699807956815,0.5199999809265137,213.13999938964844
Gemstone-Models/Gemstone-512x13,Gemstone 512x13 (103M),102643200,13,4,60,1,1,0.00703299418091774,0.5199999809265137,213.13999938964844
Gemstone-Models/Gemstone-512x13,Gemstone 512x13 (103M),102643200,13,4,60,1,2,0.00044234804227016866,0.5199999809265137,213.13999938964844
Gemstone-Models/Gemstone-512x13,Gemstone 512x13 (103M),102643200,13,4,60,1,3,0.001008640043437481,0.5199999809265137,213.13999938964844
Gemstone-Models/Gemstone-512x13,Gemstone 512x13 (103M),102643200,13,4,60,2,0,0.007279187440872192,0.5199999809265137,213.13999938964844
Gemstone-Models/Gemstone-512x13,Gemstone 512x13 (103M),102643200,13,4,60,2,1,0.0014021737733855844,0.5199999809265137,213.13999938964844
Gemstone-Models/Gemstone-512x13,Gemstone 512x13 (103M),102643200,13,4,60,2,2,0.00653870590031147,0.5199999809265137,213.13999938964844
Gemstone-Models/Gemstone-512x13,Gemstone 512x13 (103M),102643200,13,4,60,2,3,0.008815914392471313,0.5199999809265137,213.13999938964844
Gemstone-Models/Gemstone-512x13,Gemstone 512x13 (103M),102643200,13,4,60,3,0,0.006607664283365011,0.5199999809265137,213.13999938964844
Gemstone-Models/Gemstone-512x13,Gemstone 512x13 (103M),102643200,13,4,60,3,1,0.000621524581220001,0.5199999809265137,213.13999938964844
Gemstone-Models/Gemstone-512x13,Gemstone 512x13 (103M),102643200,13,4,60,3,2,0.00569952093064785,0.5199999809265137,213.13999938964844
Gemstone-Models/Gemstone-512x13,Gemstone 512x13 (103M),102643200,13,4,60,3,3,0.008809192106127739,0.5199999809265137,213.13999938964844
Gemstone-Models/Gemstone-512x13,Gemstone 512x13 (103M),102643200,13,4,60,4,0,0.019043641164898872,0.5199999809265137,213.13999938964844
Gemstone-Models/Gemstone-512x13,Gemstone 512x13 (103M),102643200,13,4,60,4,1,0.004827374126762152,0.5199999809265137,213.13999938964844
Gemstone-Models/Gemstone-512x13,Gemstone 512x13 (103M),102643200,13,4,60,4,2,0.008110497146844864,0.5199999809265137,213.13999938964844
Gemstone-Models/Gemstone-512x13,Gemstone 512x13 (103M),102643200,13,4,60,4,3,0.0015585117507725954,0.5199999809265137,213.13999938964844
Gemstone-Models/Gemstone-512x13,Gemstone 512x13 (103M),102643200,13,4,60,5,0,0.007875259034335613,0.5199999809265137,213.13999938964844
Gemstone-Models/Gemstone-512x13,Gemstone 512x13 (103M),102643200,13,4,60,5,1,0.013836542144417763,0.5199999809265137,213.13999938964844
Gemstone-Models/Gemstone-512x13,Gemstone 512x13 (103M),102643200,13,4,60,5,2,1.7252328632366698e-07,0.5199999809265137,213.13999938964844
Gemstone-Models/Gemstone-512x13,Gemstone 512x13 (103M),102643200,13,4,60,5,3,0.0001085260882973671,0.5199999809265137,213.13999938964844
Gemstone-Models/Gemstone-512x13,Gemstone 512x13 (103M),102643200,13,4,60,6,0,0.0002116388495778665,0.5199999809265137,213.13999938964844
Gemstone-Models/Gemstone-512x13,Gemstone 512x13 (103M),102643200,13,4,60,6,1,0.7884608507156372,0.5199999809265137,213.13999938964844
Gemstone-Models/Gemstone-512x13,Gemstone 512x13 (103M),102643200,13,4,60,6,2,0.0027844614814966917,0.5199999809265137,213.13999938964844
Gemstone-Models/Gemstone-512x13,Gemstone 512x13 (103M),102643200,13,4,60,6,3,0.003518051002174616,0.5199999809265137,213.13999938964844
Gemstone-Models/Gemstone-512x13,Gemstone 512x13 (103M),102643200,13,4,60,7,0,0.00151031871791929,0.5199999809265137,213.13999938964844
Gemstone-Models/Gemstone-512x13,Gemstone 512x13 (103M),102643200,13,4,60,7,1,6.85088089085184e-05,0.5199999809265137,213.13999938964844
Gemstone-Models/Gemstone-512x13,Gemstone 512x13 (103M),102643200,13,4,60,7,2,0.00027382400003261864,0.5199999809265137,213.13999938964844
Gemstone-Models/Gemstone-512x13,Gemstone 512x13 (103M),102643200,13,4,60,7,3,0.00037622186937369406,0.5199999809265137,213.13999938964844
Gemstone-Models/Gemstone-512x13,Gemstone 512x13 (103M),102643200,13,4,60,8,0,0.003227468114346266,0.5199999809265137,213.13999938964844
Gemstone-Models/Gemstone-512x13,Gemstone 512x13 (103M),102643200,13,4,60,8,1,0.0029844511300325394,0.5199999809265137,213.13999938964844
Gemstone-Models/Gemstone-512x13,Gemstone 512x13 (103M),102643200,13,4,60,8,2,0.0001561130629852414,0.5199999809265137,213.13999938964844
Gemstone-Models/Gemstone-512x13,Gemstone 512x13 (103M),102643200,13,4,60,8,3,0.02623642422258854,0.5199999809265137,213.13999938964844
Gemstone-Models/Gemstone-512x13,Gemstone 512x13 (103M),102643200,13,4,60,9,0,1.6915496559022358e-08,0.5199999809265137,213.13999938964844
Gemstone-Models/Gemstone-512x13,Gemstone 512x13 (103M),102643200,13,4,60,9,1,0.0002628748188726604,0.5199999809265137,213.13999938964844
Gemstone-Models/Gemstone-512x13,Gemstone 512x13 (103M),102643200,13,4,60,9,2,0.001613599481061101,0.5199999809265137,213.13999938964844
Gemstone-Models/Gemstone-512x13,Gemstone 512x13 (103M),102643200,13,4,60,9,3,0.009007894434034824,0.5199999809265137,213.13999938964844
Gemstone-Models/Gemstone-512x13,Gemstone 512x13 (103M),102643200,13,4,60,10,0,0.8421003818511963,0.5199999809265137,213.13999938964844
Gemstone-Models/Gemstone-512x13,Gemstone 512x13 (103M),102643200,13,4,60,10,1,0.16216279566287994,0.5199999809265137,213.13999938964844
Gemstone-Models/Gemstone-512x13,Gemstone 512x13 (103M),102643200,13,4,60,10,2,0.0047399443574249744,0.5199999809265137,213.13999938964844
Gemstone-Models/Gemstone-512x13,Gemstone 512x13 (103M),102643200,13,4,60,10,3,0.18132296204566956,0.5199999809265137,213.13999938964844
Gemstone-Models/Gemstone-512x13,Gemstone 512x13 (103M),102643200,13,4,60,11,0,0.02593022771179676,0.5199999809265137,213.13999938964844
Gemstone-Models/Gemstone-512x13,Gemstone 512x13 (103M),102643200,13,4,60,11,1,0.02424699254333973,0.5199999809265137,213.13999938964844
Gemstone-Models/Gemstone-512x13,Gemstone 512x13 (103M),102643200,13,4,60,11,2,0.2857590913772583,0.5199999809265137,213.13999938964844
Gemstone-Models/Gemstone-512x13,Gemstone 512x13 (103M),102643200,13,4,60,11,3,0.19956764578819275,0.5199999809265137,213.13999938964844
Gemstone-Models/Gemstone-512x13,Gemstone 512x13 (103M),102643200,13,4,60,12,0,0.0027933544479310513,0.5199999809265137,213.13999938964844
Gemstone-Models/Gemstone-512x13,Gemstone 512x13 (103M),102643200,13,4,60,12,1,0.0020158542320132256,0.5199999809265137,213.13999938964844
Gemstone-Models/Gemstone-512x13,Gemstone 512x13 (103M),102643200,13,4,60,12,2,0.008892575278878212,0.5199999809265137,213.13999938964844
Gemstone-Models/Gemstone-512x13,Gemstone 512x13 (103M),102643200,13,4,60,12,3,0.00614674249663949,0.5199999809265137,213.13999938964844
Gemstone-Models/Gemstone-512x13,Gemstone 512x13 (103M),102643200,13,4,61,0,0,1.7450551240472123e-05,0.7599999904632568,130.39999389648438
Gemstone-Models/Gemstone-512x13,Gemstone 512x13 (103M),102643200,13,4,61,0,1,0.0022476250305771828,0.7599999904632568,130.39999389648438
Gemstone-Models/Gemstone-512x13,Gemstone 512x13 (103M),102643200,13,4,61,0,2,0.01583738997578621,0.7599999904632568,130.39999389648438
Gemstone-Models/Gemstone-512x13,Gemstone 512x13 (103M),102643200,13,4,61,0,3,0.006482795346528292,0.7599999904632568,130.39999389648438
Gemstone-Models/Gemstone-512x13,Gemstone 512x13 (103M),102643200,13,4,61,1,0,0.0006280096131376922,0.7599999904632568,130.39999389648438
Gemstone-Models/Gemstone-512x13,Gemstone 512x13 (103M),102643200,13,4,61,1,1,0.008438754826784134,0.7599999904632568,130.39999389648438
Gemstone-Models/Gemstone-512x13,Gemstone 512x13 (103M),102643200,13,4,61,1,2,7.192476186901331e-05,0.7599999904632568,130.39999389648438
Gemstone-Models/Gemstone-512x13,Gemstone 512x13 (103M),102643200,13,4,61,1,3,0.0017183437012135983,0.7599999904632568,130.39999389648438
Gemstone-Models/Gemstone-512x13,Gemstone 512x13 (103M),102643200,13,4,61,2,0,0.009969349950551987,0.7599999904632568,130.39999389648438
Gemstone-Models/Gemstone-512x13,Gemstone 512x13 (103M),102643200,13,4,61,2,1,0.0012351868208497763,0.7599999904632568,130.39999389648438
Gemstone-Models/Gemstone-512x13,Gemstone 512x13 (103M),102643200,13,4,61,2,2,0.010994894430041313,0.7599999904632568,130.39999389648438
Gemstone-Models/Gemstone-512x13,Gemstone 512x13 (103M),102643200,13,4,61,2,3,0.007085076067596674,0.7599999904632568,130.39999389648438
Gemstone-Models/Gemstone-512x13,Gemstone 512x13 (103M),102643200,13,4,61,3,0,0.005723866168409586,0.7599999904632568,130.39999389648438
Gemstone-Models/Gemstone-512x13,Gemstone 512x13 (103M),102643200,13,4,61,3,1,0.0004373634292278439,0.7599999904632568,130.39999389648438
Gemstone-Models/Gemstone-512x13,Gemstone 512x13 (103M),102643200,13,4,61,3,2,0.008354498073458672,0.7599999904632568,130.39999389648438
Gemstone-Models/Gemstone-512x13,Gemstone 512x13 (103M),102643200,13,4,61,3,3,0.011747218668460846,0.7599999904632568,130.39999389648438
Gemstone-Models/Gemstone-512x13,Gemstone 512x13 (103M),102643200,13,4,61,4,0,0.01977556385099888,0.7599999904632568,130.39999389648438
Gemstone-Models/Gemstone-512x13,Gemstone 512x13 (103M),102643200,13,4,61,4,1,0.0038448022678494453,0.7599999904632568,130.39999389648438
Gemstone-Models/Gemstone-512x13,Gemstone 512x13 (103M),102643200,13,4,61,4,2,0.006863525602966547,0.7599999904632568,130.39999389648438
Gemstone-Models/Gemstone-512x13,Gemstone 512x13 (103M),102643200,13,4,61,4,3,0.0012711905874311924,0.7599999904632568,130.39999389648438
Gemstone-Models/Gemstone-512x13,Gemstone 512x13 (103M),102643200,13,4,61,5,0,0.011386857368052006,0.7599999904632568,130.39999389648438
Gemstone-Models/Gemstone-512x13,Gemstone 512x13 (103M),102643200,13,4,61,5,1,0.01166982389986515,0.7599999904632568,130.39999389648438
Gemstone-Models/Gemstone-512x13,Gemstone 512x13 (103M),102643200,13,4,61,5,2,2.6490120035305154e-06,0.7599999904632568,130.39999389648438
Gemstone-Models/Gemstone-512x13,Gemstone 512x13 (103M),102643200,13,4,61,5,3,6.607831892324612e-05,0.7599999904632568,130.39999389648438
Gemstone-Models/Gemstone-512x13,Gemstone 512x13 (103M),102643200,13,4,61,6,0,0.000518186716362834,0.7599999904632568,130.39999389648438
Gemstone-Models/Gemstone-512x13,Gemstone 512x13 (103M),102643200,13,4,61,6,1,0.8858501315116882,0.7599999904632568,130.39999389648438
Gemstone-Models/Gemstone-512x13,Gemstone 512x13 (103M),102643200,13,4,61,6,2,0.004898882936686277,0.7599999904632568,130.39999389648438
Gemstone-Models/Gemstone-512x13,Gemstone 512x13 (103M),102643200,13,4,61,6,3,0.004967404529452324,0.7599999904632568,130.39999389648438
Gemstone-Models/Gemstone-512x13,Gemstone 512x13 (103M),102643200,13,4,61,7,0,0.002315123798325658,0.7599999904632568,130.39999389648438
Gemstone-Models/Gemstone-512x13,Gemstone 512x13 (103M),102643200,13,4,61,7,1,0.00011892992188222706,0.7599999904632568,130.39999389648438
Gemstone-Models/Gemstone-512x13,Gemstone 512x13 (103M),102643200,13,4,61,7,2,0.0006278689834289253,0.7599999904632568,130.39999389648438
Gemstone-Models/Gemstone-512x13,Gemstone 512x13 (103M),102643200,13,4,61,7,3,0.00046855167602188885,0.7599999904632568,130.39999389648438
Gemstone-Models/Gemstone-512x13,Gemstone 512x13 (103M),102643200,13,4,61,8,0,0.0035888580605387688,0.7599999904632568,130.39999389648438
Gemstone-Models/Gemstone-512x13,Gemstone 512x13 (103M),102643200,13,4,61,8,1,0.004120041150599718,0.7599999904632568,130.39999389648438
Gemstone-Models/Gemstone-512x13,Gemstone 512x13 (103M),102643200,13,4,61,8,2,0.0003931769751943648,0.7599999904632568,130.39999389648438
Gemstone-Models/Gemstone-512x13,Gemstone 512x13 (103M),102643200,13,4,61,8,3,0.05639614909887314,0.7599999904632568,130.39999389648438
Gemstone-Models/Gemstone-512x13,Gemstone 512x13 (103M),102643200,13,4,61,9,0,2.5515127788366954e-08,0.7599999904632568,130.39999389648438
Gemstone-Models/Gemstone-512x13,Gemstone 512x13 (103M),102643200,13,4,61,9,1,0.0001826806110329926,0.7599999904632568,130.39999389648438
Gemstone-Models/Gemstone-512x13,Gemstone 512x13 (103M),102643200,13,4,61,9,2,0.002384133404120803,0.7599999904632568,130.39999389648438
Gemstone-Models/Gemstone-512x13,Gemstone 512x13 (103M),102643200,13,4,61,9,3,0.021289000287652016,0.7599999904632568,130.39999389648438
Gemstone-Models/Gemstone-512x13,Gemstone 512x13 (103M),102643200,13,4,61,10,0,0.8771336078643799,0.7599999904632568,130.39999389648438
Gemstone-Models/Gemstone-512x13,Gemstone 512x13 (103M),102643200,13,4,61,10,1,0.2863325774669647,0.7599999904632568,130.39999389648438
Gemstone-Models/Gemstone-512x13,Gemstone 512x13 (103M),102643200,13,4,61,10,2,0.004284732975065708,0.7599999904632568,130.39999389648438
Gemstone-Models/Gemstone-512x13,Gemstone 512x13 (103M),102643200,13,4,61,10,3,0.28325986862182617,0.7599999904632568,130.39999389648438
Gemstone-Models/Gemstone-512x13,Gemstone 512x13 (103M),102643200,13,4,61,11,0,0.06496011465787888,0.7599999904632568,130.39999389648438
Gemstone-Models/Gemstone-512x13,Gemstone 512x13 (103M),102643200,13,4,61,11,1,0.06299788504838943,0.7599999904632568,130.39999389648438
Gemstone-Models/Gemstone-512x13,Gemstone 512x13 (103M),102643200,13,4,61,11,2,0.4107615351676941,0.7599999904632568,130.39999389648438
Gemstone-Models/Gemstone-512x13,Gemstone 512x13 (103M),102643200,13,4,61,11,3,0.31413495540618896,0.7599999904632568,130.39999389648438
Gemstone-Models/Gemstone-512x13,Gemstone 512x13 (103M),102643200,13,4,61,12,0,0.006142503581941128,0.7599999904632568,130.39999389648438
Gemstone-Models/Gemstone-512x13,Gemstone 512x13 (103M),102643200,13,4,61,12,1,0.003682313021272421,0.7599999904632568,130.39999389648438
Gemstone-Models/Gemstone-512x13,Gemstone 512x13 (103M),102643200,13,4,61,12,2,0.019751690328121185,0.7599999904632568,130.39999389648438
Gemstone-Models/Gemstone-512x13,Gemstone 512x13 (103M),102643200,13,4,61,12,3,0.008828838355839252,0.7599999904632568,130.39999389648438
Gemstone-Models/Gemstone-512x13,Gemstone 512x13 (103M),102643200,13,4,62,0,0,3.7107678508618847e-05,0.800000011920929,12.779999732971191
Gemstone-Models/Gemstone-512x13,Gemstone 512x13 (103M),102643200,13,4,62,0,1,0.0024855949450284243,0.800000011920929,12.779999732971191
Gemstone-Models/Gemstone-512x13,Gemstone 512x13 (103M),102643200,13,4,62,0,2,0.017270205542445183,0.800000011920929,12.779999732971191
Gemstone-Models/Gemstone-512x13,Gemstone 512x13 (103M),102643200,13,4,62,0,3,0.005953871179372072,0.800000011920929,12.779999732971191
Gemstone-Models/Gemstone-512x13,Gemstone 512x13 (103M),102643200,13,4,62,1,0,0.0013385730562731624,0.800000011920929,12.779999732971191
Gemstone-Models/Gemstone-512x13,Gemstone 512x13 (103M),102643200,13,4,62,1,1,0.006774276960641146,0.800000011920929,12.779999732971191
Gemstone-Models/Gemstone-512x13,Gemstone 512x13 (103M),102643200,13,4,62,1,2,0.0002996788243763149,0.800000011920929,12.779999732971191
Gemstone-Models/Gemstone-512x13,Gemstone 512x13 (103M),102643200,13,4,62,1,3,0.0008988050976768136,0.800000011920929,12.779999732971191
Gemstone-Models/Gemstone-512x13,Gemstone 512x13 (103M),102643200,13,4,62,2,0,0.007650936953723431,0.800000011920929,12.779999732971191
Gemstone-Models/Gemstone-512x13,Gemstone 512x13 (103M),102643200,13,4,62,2,1,0.0010352000826969743,0.800000011920929,12.779999732971191
Gemstone-Models/Gemstone-512x13,Gemstone 512x13 (103M),102643200,13,4,62,2,2,0.011575926095247269,0.800000011920929,12.779999732971191
Gemstone-Models/Gemstone-512x13,Gemstone 512x13 (103M),102643200,13,4,62,2,3,0.00480483565479517,0.800000011920929,12.779999732971191
Gemstone-Models/Gemstone-512x13,Gemstone 512x13 (103M),102643200,13,4,62,3,0,0.005013627465814352,0.800000011920929,12.779999732971191
Gemstone-Models/Gemstone-512x13,Gemstone 512x13 (103M),102643200,13,4,62,3,1,0.0005087364697828889,0.800000011920929,12.779999732971191
Gemstone-Models/Gemstone-512x13,Gemstone 512x13 (103M),102643200,13,4,62,3,2,0.003917291294783354,0.800000011920929,12.779999732971191
Gemstone-Models/Gemstone-512x13,Gemstone 512x13 (103M),102643200,13,4,62,3,3,0.0059306747280061245,0.800000011920929,12.779999732971191
Gemstone-Models/Gemstone-512x13,Gemstone 512x13 (103M),102643200,13,4,62,4,0,0.018858859315514565,0.800000011920929,12.779999732971191
Gemstone-Models/Gemstone-512x13,Gemstone 512x13 (103M),102643200,13,4,62,4,1,0.00506942393258214,0.800000011920929,12.779999732971191
Gemstone-Models/Gemstone-512x13,Gemstone 512x13 (103M),102643200,13,4,62,4,2,0.0081782266497612,0.800000011920929,12.779999732971191
Gemstone-Models/Gemstone-512x13,Gemstone 512x13 (103M),102643200,13,4,62,4,3,0.0013691617641597986,0.800000011920929,12.779999732971191
Gemstone-Models/Gemstone-512x13,Gemstone 512x13 (103M),102643200,13,4,62,5,0,0.012270085513591766,0.800000011920929,12.779999732971191
Gemstone-Models/Gemstone-512x13,Gemstone 512x13 (103M),102643200,13,4,62,5,1,0.013275999575853348,0.800000011920929,12.779999732971191
Gemstone-Models/Gemstone-512x13,Gemstone 512x13 (103M),102643200,13,4,62,5,2,6.187710965832594e-08,0.800000011920929,12.779999732971191
Gemstone-Models/Gemstone-512x13,Gemstone 512x13 (103M),102643200,13,4,62,5,3,0.00013004688662476838,0.800000011920929,12.779999732971191
Gemstone-Models/Gemstone-512x13,Gemstone 512x13 (103M),102643200,13,4,62,6,0,0.0002010985481319949,0.800000011920929,12.779999732971191
Gemstone-Models/Gemstone-512x13,Gemstone 512x13 (103M),102643200,13,4,62,6,1,0.8307926654815674,0.800000011920929,12.779999732971191
Gemstone-Models/Gemstone-512x13,Gemstone 512x13 (103M),102643200,13,4,62,6,2,0.0015498452121391892,0.800000011920929,12.779999732971191
Gemstone-Models/Gemstone-512x13,Gemstone 512x13 (103M),102643200,13,4,62,6,3,0.0028408190701156855,0.800000011920929,12.779999732971191
Gemstone-Models/Gemstone-512x13,Gemstone 512x13 (103M),102643200,13,4,62,7,0,0.0017984919250011444,0.800000011920929,12.779999732971191
Gemstone-Models/Gemstone-512x13,Gemstone 512x13 (103M),102643200,13,4,62,7,1,6.08761292824056e-05,0.800000011920929,12.779999732971191
Gemstone-Models/Gemstone-512x13,Gemstone 512x13 (103M),102643200,13,4,62,7,2,0.0002972886723000556,0.800000011920929,12.779999732971191
Gemstone-Models/Gemstone-512x13,Gemstone 512x13 (103M),102643200,13,4,62,7,3,0.00047540507512167096,0.800000011920929,12.779999732971191
Gemstone-Models/Gemstone-512x13,Gemstone 512x13 (103M),102643200,13,4,62,8,0,0.0023544002324342728,0.800000011920929,12.779999732971191
Gemstone-Models/Gemstone-512x13,Gemstone 512x13 (103M),102643200,13,4,62,8,1,0.0028511551208794117,0.800000011920929,12.779999732971191
Gemstone-Models/Gemstone-512x13,Gemstone 512x13 (103M),102643200,13,4,62,8,2,0.00019325289758853614,0.800000011920929,12.779999732971191
Gemstone-Models/Gemstone-512x13,Gemstone 512x13 (103M),102643200,13,4,62,8,3,0.037443745881319046,0.800000011920929,12.779999732971191
Gemstone-Models/Gemstone-512x13,Gemstone 512x13 (103M),102643200,13,4,62,9,0,9.059420769119697e-09,0.800000011920929,12.779999732971191
Gemstone-Models/Gemstone-512x13,Gemstone 512x13 (103M),102643200,13,4,62,9,1,0.0001779833110049367,0.800000011920929,12.779999732971191
Gemstone-Models/Gemstone-512x13,Gemstone 512x13 (103M),102643200,13,4,62,9,2,0.002602586057037115,0.800000011920929,12.779999732971191
Gemstone-Models/Gemstone-512x13,Gemstone 512x13 (103M),102643200,13,4,62,9,3,0.017921097576618195,0.800000011920929,12.779999732971191
Gemstone-Models/Gemstone-512x13,Gemstone 512x13 (103M),102643200,13,4,62,10,0,0.9037258625030518,0.800000011920929,12.779999732971191
Gemstone-Models/Gemstone-512x13,Gemstone 512x13 (103M),102643200,13,4,62,10,1,0.25669869780540466,0.800000011920929,12.779999732971191
Gemstone-Models/Gemstone-512x13,Gemstone 512x13 (103M),102643200,13,4,62,10,2,0.003742062486708164,0.800000011920929,12.779999732971191
Gemstone-Models/Gemstone-512x13,Gemstone 512x13 (103M),102643200,13,4,62,10,3,0.2677389979362488,0.800000011920929,12.779999732971191
Gemstone-Models/Gemstone-512x13,Gemstone 512x13 (103M),102643200,13,4,62,11,0,0.04751817137002945,0.800000011920929,12.779999732971191
Gemstone-Models/Gemstone-512x13,Gemstone 512x13 (103M),102643200,13,4,62,11,1,0.059622664004564285,0.800000011920929,12.779999732971191
Gemstone-Models/Gemstone-512x13,Gemstone 512x13 (103M),102643200,13,4,62,11,2,0.47578924894332886,0.800000011920929,12.779999732971191
Gemstone-Models/Gemstone-512x13,Gemstone 512x13 (103M),102643200,13,4,62,11,3,0.32635289430618286,0.800000011920929,12.779999732971191
Gemstone-Models/Gemstone-512x13,Gemstone 512x13 (103M),102643200,13,4,62,12,0,0.005240512080490589,0.800000011920929,12.779999732971191
Gemstone-Models/Gemstone-512x13,Gemstone 512x13 (103M),102643200,13,4,62,12,1,0.005470834206789732,0.800000011920929,12.779999732971191
Gemstone-Models/Gemstone-512x13,Gemstone 512x13 (103M),102643200,13,4,62,12,2,0.014421013183891773,0.800000011920929,12.779999732971191
Gemstone-Models/Gemstone-512x13,Gemstone 512x13 (103M),102643200,13,4,62,12,3,0.008171280845999718,0.800000011920929,12.779999732971191
Gemstone-Models/Gemstone-512x13,Gemstone 512x13 (103M),102643200,13,4,63,0,0,8.564213203499094e-05,0.8600000143051147,23.040000915527344
Gemstone-Models/Gemstone-512x13,Gemstone 512x13 (103M),102643200,13,4,63,0,1,0.002524879528209567,0.8600000143051147,23.040000915527344
Gemstone-Models/Gemstone-512x13,Gemstone 512x13 (103M),102643200,13,4,63,0,2,0.015067661181092262,0.8600000143051147,23.040000915527344
Gemstone-Models/Gemstone-512x13,Gemstone 512x13 (103M),102643200,13,4,63,0,3,0.007221267092972994,0.8600000143051147,23.040000915527344
Gemstone-Models/Gemstone-512x13,Gemstone 512x13 (103M),102643200,13,4,63,1,0,0.0013213561614975333,0.8600000143051147,23.040000915527344
Gemstone-Models/Gemstone-512x13,Gemstone 512x13 (103M),102643200,13,4,63,1,1,0.012432541698217392,0.8600000143051147,23.040000915527344
Gemstone-Models/Gemstone-512x13,Gemstone 512x13 (103M),102643200,13,4,63,1,2,0.0001814533898141235,0.8600000143051147,23.040000915527344
Gemstone-Models/Gemstone-512x13,Gemstone 512x13 (103M),102643200,13,4,63,1,3,0.0023257664870470762,0.8600000143051147,23.040000915527344
Gemstone-Models/Gemstone-512x13,Gemstone 512x13 (103M),102643200,13,4,63,2,0,0.01224641315639019,0.8600000143051147,23.040000915527344
Gemstone-Models/Gemstone-512x13,Gemstone 512x13 (103M),102643200,13,4,63,2,1,0.0016311460640281439,0.8600000143051147,23.040000915527344
Gemstone-Models/Gemstone-512x13,Gemstone 512x13 (103M),102643200,13,4,63,2,2,0.011806318536400795,0.8600000143051147,23.040000915527344
Gemstone-Models/Gemstone-512x13,Gemstone 512x13 (103M),102643200,13,4,63,2,3,0.011524403467774391,0.8600000143051147,23.040000915527344
Gemstone-Models/Gemstone-512x13,Gemstone 512x13 (103M),102643200,13,4,63,3,0,0.005422909278422594,0.8600000143051147,23.040000915527344
Gemstone-Models/Gemstone-512x13,Gemstone 512x13 (103M),102643200,13,4,63,3,1,0.0008777028997428715,0.8600000143051147,23.040000915527344
Gemstone-Models/Gemstone-512x13,Gemstone 512x13 (103M),102643200,13,4,63,3,2,0.006323398556560278,0.8600000143051147,23.040000915527344
Gemstone-Models/Gemstone-512x13,Gemstone 512x13 (103M),102643200,13,4,63,3,3,0.008677029982209206,0.8600000143051147,23.040000915527344
Gemstone-Models/Gemstone-512x13,Gemstone 512x13 (103M),102643200,13,4,63,4,0,0.02462800033390522,0.8600000143051147,23.040000915527344
Gemstone-Models/Gemstone-512x13,Gemstone 512x13 (103M),102643200,13,4,63,4,1,0.007057384122163057,0.8600000143051147,23.040000915527344
Gemstone-Models/Gemstone-512x13,Gemstone 512x13 (103M),102643200,13,4,63,4,2,0.008430774323642254,0.8600000143051147,23.040000915527344
Gemstone-Models/Gemstone-512x13,Gemstone 512x13 (103M),102643200,13,4,63,4,3,0.001536624040454626,0.8600000143051147,23.040000915527344
Gemstone-Models/Gemstone-512x13,Gemstone 512x13 (103M),102643200,13,4,63,5,0,0.014469350688159466,0.8600000143051147,23.040000915527344
Gemstone-Models/Gemstone-512x13,Gemstone 512x13 (103M),102643200,13,4,63,5,1,0.013569392263889313,0.8600000143051147,23.040000915527344
Gemstone-Models/Gemstone-512x13,Gemstone 512x13 (103M),102643200,13,4,63,5,2,4.826751478503866e-07,0.8600000143051147,23.040000915527344
Gemstone-Models/Gemstone-512x13,Gemstone 512x13 (103M),102643200,13,4,63,5,3,0.00016829065862111747,0.8600000143051147,23.040000915527344
Gemstone-Models/Gemstone-512x13,Gemstone 512x13 (103M),102643200,13,4,63,6,0,0.0008087495807558298,0.8600000143051147,23.040000915527344
Gemstone-Models/Gemstone-512x13,Gemstone 512x13 (103M),102643200,13,4,63,6,1,0.9027657508850098,0.8600000143051147,23.040000915527344
Gemstone-Models/Gemstone-512x13,Gemstone 512x13 (103M),102643200,13,4,63,6,2,0.004388271365314722,0.8600000143051147,23.040000915527344
Gemstone-Models/Gemstone-512x13,Gemstone 512x13 (103M),102643200,13,4,63,6,3,0.006477709393948317,0.8600000143051147,23.040000915527344
Gemstone-Models/Gemstone-512x13,Gemstone 512x13 (103M),102643200,13,4,63,7,0,0.0016618978697806597,0.8600000143051147,23.040000915527344
Gemstone-Models/Gemstone-512x13,Gemstone 512x13 (103M),102643200,13,4,63,7,1,0.00011816649930551648,0.8600000143051147,23.040000915527344
Gemstone-Models/Gemstone-512x13,Gemstone 512x13 (103M),102643200,13,4,63,7,2,0.0010796728311106563,0.8600000143051147,23.040000915527344
Gemstone-Models/Gemstone-512x13,Gemstone 512x13 (103M),102643200,13,4,63,7,3,0.0005878403899259865,0.8600000143051147,23.040000915527344
Gemstone-Models/Gemstone-512x13,Gemstone 512x13 (103M),102643200,13,4,63,8,0,0.00461363373324275,0.8600000143051147,23.040000915527344
Gemstone-Models/Gemstone-512x13,Gemstone 512x13 (103M),102643200,13,4,63,8,1,0.0038499704096466303,0.8600000143051147,23.040000915527344
Gemstone-Models/Gemstone-512x13,Gemstone 512x13 (103M),102643200,13,4,63,8,2,0.0006526462966576219,0.8600000143051147,23.040000915527344
Gemstone-Models/Gemstone-512x13,Gemstone 512x13 (103M),102643200,13,4,63,8,3,0.036895401775836945,0.8600000143051147,23.040000915527344
Gemstone-Models/Gemstone-512x13,Gemstone 512x13 (103M),102643200,13,4,63,9,0,5.563480343084848e-08,0.8600000143051147,23.040000915527344
Gemstone-Models/Gemstone-512x13,Gemstone 512x13 (103M),102643200,13,4,63,9,1,0.00036055909004062414,0.8600000143051147,23.040000915527344
Gemstone-Models/Gemstone-512x13,Gemstone 512x13 (103M),102643200,13,4,63,9,2,0.0034863618202507496,0.8600000143051147,23.040000915527344
Gemstone-Models/Gemstone-512x13,Gemstone 512x13 (103M),102643200,13,4,63,9,3,0.016693778336048126,0.8600000143051147,23.040000915527344
Gemstone-Models/Gemstone-512x13,Gemstone 512x13 (103M),102643200,13,4,63,10,0,0.9000453352928162,0.8600000143051147,23.040000915527344
Gemstone-Models/Gemstone-512x13,Gemstone 512x13 (103M),102643200,13,4,63,10,1,0.2462715357542038,0.8600000143051147,23.040000915527344
Gemstone-Models/Gemstone-512x13,Gemstone 512x13 (103M),102643200,13,4,63,10,2,0.005064877215772867,0.8600000143051147,23.040000915527344
Gemstone-Models/Gemstone-512x13,Gemstone 512x13 (103M),102643200,13,4,63,10,3,0.19426262378692627,0.8600000143051147,23.040000915527344
Gemstone-Models/Gemstone-512x13,Gemstone 512x13 (103M),102643200,13,4,63,11,0,0.049806881695985794,0.8600000143051147,23.040000915527344
Gemstone-Models/Gemstone-512x13,Gemstone 512x13 (103M),102643200,13,4,63,11,1,0.05461601912975311,0.8600000143051147,23.040000915527344
Gemstone-Models/Gemstone-512x13,Gemstone 512x13 (103M),102643200,13,4,63,11,2,0.5594645142555237,0.8600000143051147,23.040000915527344
Gemstone-Models/Gemstone-512x13,Gemstone 512x13 (103M),102643200,13,4,63,11,3,0.414775013923645,0.8600000143051147,23.040000915527344
Gemstone-Models/Gemstone-512x13,Gemstone 512x13 (103M),102643200,13,4,63,12,0,0.00397435761988163,0.8600000143051147,23.040000915527344
Gemstone-Models/Gemstone-512x13,Gemstone 512x13 (103M),102643200,13,4,63,12,1,0.002798488363623619,0.8600000143051147,23.040000915527344
Gemstone-Models/Gemstone-512x13,Gemstone 512x13 (103M),102643200,13,4,63,12,2,0.01097218319773674,0.8600000143051147,23.040000915527344
Gemstone-Models/Gemstone-512x13,Gemstone 512x13 (103M),102643200,13,4,63,12,3,0.004176330752670765,0.8600000143051147,23.040000915527344
Gemstone-Models/Gemstone-512x13,Gemstone 512x13 (103M),102643200,13,4,64,0,0,0.005188543349504471,0.5600000023841858,1833.8800048828125
Gemstone-Models/Gemstone-512x13,Gemstone 512x13 (103M),102643200,13,4,64,0,1,0.007317887153476477,0.5600000023841858,1833.8800048828125
Gemstone-Models/Gemstone-512x13,Gemstone 512x13 (103M),102643200,13,4,64,0,2,0.013912303373217583,0.5600000023841858,1833.8800048828125
Gemstone-Models/Gemstone-512x13,Gemstone 512x13 (103M),102643200,13,4,64,0,3,0.00585636543110013,0.5600000023841858,1833.8800048828125
Gemstone-Models/Gemstone-512x13,Gemstone 512x13 (103M),102643200,13,4,64,1,0,0.0009932460961863399,0.5600000023841858,1833.8800048828125
Gemstone-Models/Gemstone-512x13,Gemstone 512x13 (103M),102643200,13,4,64,1,1,0.005886520724743605,0.5600000023841858,1833.8800048828125
Gemstone-Models/Gemstone-512x13,Gemstone 512x13 (103M),102643200,13,4,64,1,2,0.0024188938550651073,0.5600000023841858,1833.8800048828125
Gemstone-Models/Gemstone-512x13,Gemstone 512x13 (103M),102643200,13,4,64,1,3,0.01729019172489643,0.5600000023841858,1833.8800048828125
Gemstone-Models/Gemstone-512x13,Gemstone 512x13 (103M),102643200,13,4,64,2,0,0.009229552932083607,0.5600000023841858,1833.8800048828125
Gemstone-Models/Gemstone-512x13,Gemstone 512x13 (103M),102643200,13,4,64,2,1,0.002061007311567664,0.5600000023841858,1833.8800048828125
Gemstone-Models/Gemstone-512x13,Gemstone 512x13 (103M),102643200,13,4,64,2,2,0.0077021149918437,0.5600000023841858,1833.8800048828125
Gemstone-Models/Gemstone-512x13,Gemstone 512x13 (103M),102643200,13,4,64,2,3,0.013472437858581543,0.5600000023841858,1833.8800048828125
Gemstone-Models/Gemstone-512x13,Gemstone 512x13 (103M),102643200,13,4,64,3,0,0.006036289967596531,0.5600000023841858,1833.8800048828125
Gemstone-Models/Gemstone-512x13,Gemstone 512x13 (103M),102643200,13,4,64,3,1,0.0006554981810040772,0.5600000023841858,1833.8800048828125
Gemstone-Models/Gemstone-512x13,Gemstone 512x13 (103M),102643200,13,4,64,3,2,0.005758019629865885,0.5600000023841858,1833.8800048828125
Gemstone-Models/Gemstone-512x13,Gemstone 512x13 (103M),102643200,13,4,64,3,3,0.009024078957736492,0.5600000023841858,1833.8800048828125
Gemstone-Models/Gemstone-512x13,Gemstone 512x13 (103M),102643200,13,4,64,4,0,0.01582820899784565,0.5600000023841858,1833.8800048828125
Gemstone-Models/Gemstone-512x13,Gemstone 512x13 (103M),102643200,13,4,64,4,1,0.006904741749167442,0.5600000023841858,1833.8800048828125
Gemstone-Models/Gemstone-512x13,Gemstone 512x13 (103M),102643200,13,4,64,4,2,0.01017756387591362,0.5600000023841858,1833.8800048828125
Gemstone-Models/Gemstone-512x13,Gemstone 512x13 (103M),102643200,13,4,64,4,3,0.001372625818476081,0.5600000023841858,1833.8800048828125
Gemstone-Models/Gemstone-512x13,Gemstone 512x13 (103M),102643200,13,4,64,5,0,0.008230972103774548,0.5600000023841858,1833.8800048828125
Gemstone-Models/Gemstone-512x13,Gemstone 512x13 (103M),102643200,13,4,64,5,1,0.012517626397311687,0.5600000023841858,1833.8800048828125
Gemstone-Models/Gemstone-512x13,Gemstone 512x13 (103M),102643200,13,4,64,5,2,1.8231804688184639e-07,0.5600000023841858,1833.8800048828125
Gemstone-Models/Gemstone-512x13,Gemstone 512x13 (103M),102643200,13,4,64,5,3,0.00012252597662154585,0.5600000023841858,1833.8800048828125
Gemstone-Models/Gemstone-512x13,Gemstone 512x13 (103M),102643200,13,4,64,6,0,0.00029148682369850576,0.5600000023841858,1833.8800048828125
Gemstone-Models/Gemstone-512x13,Gemstone 512x13 (103M),102643200,13,4,64,6,1,0.8067991733551025,0.5600000023841858,1833.8800048828125
Gemstone-Models/Gemstone-512x13,Gemstone 512x13 (103M),102643200,13,4,64,6,2,0.0034961572382599115,0.5600000023841858,1833.8800048828125
Gemstone-Models/Gemstone-512x13,Gemstone 512x13 (103M),102643200,13,4,64,6,3,0.003975785803049803,0.5600000023841858,1833.8800048828125
Gemstone-Models/Gemstone-512x13,Gemstone 512x13 (103M),102643200,13,4,64,7,0,0.002335683908313513,0.5600000023841858,1833.8800048828125
Gemstone-Models/Gemstone-512x13,Gemstone 512x13 (103M),102643200,13,4,64,7,1,0.00011571682262001559,0.5600000023841858,1833.8800048828125
Gemstone-Models/Gemstone-512x13,Gemstone 512x13 (103M),102643200,13,4,64,7,2,0.000272054661763832,0.5600000023841858,1833.8800048828125
Gemstone-Models/Gemstone-512x13,Gemstone 512x13 (103M),102643200,13,4,64,7,3,0.0005113333463668823,0.5600000023841858,1833.8800048828125
Gemstone-Models/Gemstone-512x13,Gemstone 512x13 (103M),102643200,13,4,64,8,0,0.0024714407045394182,0.5600000023841858,1833.8800048828125
Gemstone-Models/Gemstone-512x13,Gemstone 512x13 (103M),102643200,13,4,64,8,1,0.0037121146451681852,0.5600000023841858,1833.8800048828125
Gemstone-Models/Gemstone-512x13,Gemstone 512x13 (103M),102643200,13,4,64,8,2,0.0003666354459710419,0.5600000023841858,1833.8800048828125
Gemstone-Models/Gemstone-512x13,Gemstone 512x13 (103M),102643200,13,4,64,8,3,0.035030148923397064,0.5600000023841858,1833.8800048828125
Gemstone-Models/Gemstone-512x13,Gemstone 512x13 (103M),102643200,13,4,64,9,0,3.6732085817448024e-08,0.5600000023841858,1833.8800048828125
Gemstone-Models/Gemstone-512x13,Gemstone 512x13 (103M),102643200,13,4,64,9,1,0.0001752040407154709,0.5600000023841858,1833.8800048828125
Gemstone-Models/Gemstone-512x13,Gemstone 512x13 (103M),102643200,13,4,64,9,2,0.0022598954383283854,0.5600000023841858,1833.8800048828125
Gemstone-Models/Gemstone-512x13,Gemstone 512x13 (103M),102643200,13,4,64,9,3,0.011149338446557522,0.5600000023841858,1833.8800048828125
Gemstone-Models/Gemstone-512x13,Gemstone 512x13 (103M),102643200,13,4,64,10,0,0.8388291001319885,0.5600000023841858,1833.8800048828125
Gemstone-Models/Gemstone-512x13,Gemstone 512x13 (103M),102643200,13,4,64,10,1,0.17623868584632874,0.5600000023841858,1833.8800048828125
Gemstone-Models/Gemstone-512x13,Gemstone 512x13 (103M),102643200,13,4,64,10,2,0.003895816160365939,0.5600000023841858,1833.8800048828125
Gemstone-Models/Gemstone-512x13,Gemstone 512x13 (103M),102643200,13,4,64,10,3,0.1827259659767151,0.5600000023841858,1833.8800048828125
Gemstone-Models/Gemstone-512x13,Gemstone 512x13 (103M),102643200,13,4,64,11,0,0.0313938669860363,0.5600000023841858,1833.8800048828125
Gemstone-Models/Gemstone-512x13,Gemstone 512x13 (103M),102643200,13,4,64,11,1,0.02968144230544567,0.5600000023841858,1833.8800048828125
Gemstone-Models/Gemstone-512x13,Gemstone 512x13 (103M),102643200,13,4,64,11,2,0.3365298807621002,0.5600000023841858,1833.8800048828125
Gemstone-Models/Gemstone-512x13,Gemstone 512x13 (103M),102643200,13,4,64,11,3,0.24199169874191284,0.5600000023841858,1833.8800048828125
Gemstone-Models/Gemstone-512x13,Gemstone 512x13 (103M),102643200,13,4,64,12,0,0.0037895706482231617,0.5600000023841858,1833.8800048828125
Gemstone-Models/Gemstone-512x13,Gemstone 512x13 (103M),102643200,13,4,64,12,1,0.0023145556915551424,0.5600000023841858,1833.8800048828125
Gemstone-Models/Gemstone-512x13,Gemstone 512x13 (103M),102643200,13,4,64,12,2,0.010447771288454533,0.5600000023841858,1833.8800048828125
Gemstone-Models/Gemstone-512x13,Gemstone 512x13 (103M),102643200,13,4,64,12,3,0.006803485564887524,0.5600000023841858,1833.8800048828125
Gemstone-Models/Gemstone-512x13,Gemstone 512x13 (103M),102643200,13,4,65,0,0,1.829258690122515e-05,0.5400000214576721,1419.1400146484375
Gemstone-Models/Gemstone-512x13,Gemstone 512x13 (103M),102643200,13,4,65,0,1,0.0031674772035330534,0.5400000214576721,1419.1400146484375
Gemstone-Models/Gemstone-512x13,Gemstone 512x13 (103M),102643200,13,4,65,0,2,0.016407925635576248,0.5400000214576721,1419.1400146484375
Gemstone-Models/Gemstone-512x13,Gemstone 512x13 (103M),102643200,13,4,65,0,3,0.0065710898488759995,0.5400000214576721,1419.1400146484375
Gemstone-Models/Gemstone-512x13,Gemstone 512x13 (103M),102643200,13,4,65,1,0,0.0014618814457207918,0.5400000214576721,1419.1400146484375
Gemstone-Models/Gemstone-512x13,Gemstone 512x13 (103M),102643200,13,4,65,1,1,0.006294654682278633,0.5400000214576721,1419.1400146484375
Gemstone-Models/Gemstone-512x13,Gemstone 512x13 (103M),102643200,13,4,65,1,2,0.00029963761335238814,0.5400000214576721,1419.1400146484375
Gemstone-Models/Gemstone-512x13,Gemstone 512x13 (103M),102643200,13,4,65,1,3,0.002113877097144723,0.5400000214576721,1419.1400146484375
Gemstone-Models/Gemstone-512x13,Gemstone 512x13 (103M),102643200,13,4,65,2,0,0.00844754558056593,0.5400000214576721,1419.1400146484375
Gemstone-Models/Gemstone-512x13,Gemstone 512x13 (103M),102643200,13,4,65,2,1,0.002885057358071208,0.5400000214576721,1419.1400146484375
Gemstone-Models/Gemstone-512x13,Gemstone 512x13 (103M),102643200,13,4,65,2,2,0.007437385153025389,0.5400000214576721,1419.1400146484375
Gemstone-Models/Gemstone-512x13,Gemstone 512x13 (103M),102643200,13,4,65,2,3,0.006199283059686422,0.5400000214576721,1419.1400146484375
Gemstone-Models/Gemstone-512x13,Gemstone 512x13 (103M),102643200,13,4,65,3,0,0.006134603638201952,0.5400000214576721,1419.1400146484375
Gemstone-Models/Gemstone-512x13,Gemstone 512x13 (103M),102643200,13,4,65,3,1,0.0007932184380479157,0.5400000214576721,1419.1400146484375
Gemstone-Models/Gemstone-512x13,Gemstone 512x13 (103M),102643200,13,4,65,3,2,0.005574839189648628,0.5400000214576721,1419.1400146484375
Gemstone-Models/Gemstone-512x13,Gemstone 512x13 (103M),102643200,13,4,65,3,3,0.008746137842535973,0.5400000214576721,1419.1400146484375
Gemstone-Models/Gemstone-512x13,Gemstone 512x13 (103M),102643200,13,4,65,4,0,0.01773444190621376,0.5400000214576721,1419.1400146484375
Gemstone-Models/Gemstone-512x13,Gemstone 512x13 (103M),102643200,13,4,65,4,1,0.010460630990564823,0.5400000214576721,1419.1400146484375
Gemstone-Models/Gemstone-512x13,Gemstone 512x13 (103M),102643200,13,4,65,4,2,0.009677555412054062,0.5400000214576721,1419.1400146484375
Gemstone-Models/Gemstone-512x13,Gemstone 512x13 (103M),102643200,13,4,65,4,3,0.0013842503540217876,0.5400000214576721,1419.1400146484375
Gemstone-Models/Gemstone-512x13,Gemstone 512x13 (103M),102643200,13,4,65,5,0,0.009028803557157516,0.5400000214576721,1419.1400146484375
Gemstone-Models/Gemstone-512x13,Gemstone 512x13 (103M),102643200,13,4,65,5,1,0.01471776980906725,0.5400000214576721,1419.1400146484375
Gemstone-Models/Gemstone-512x13,Gemstone 512x13 (103M),102643200,13,4,65,5,2,7.513101962786095e-08,0.5400000214576721,1419.1400146484375
Gemstone-Models/Gemstone-512x13,Gemstone 512x13 (103M),102643200,13,4,65,5,3,9.309198503615335e-05,0.5400000214576721,1419.1400146484375
Gemstone-Models/Gemstone-512x13,Gemstone 512x13 (103M),102643200,13,4,65,6,0,0.00024980396847240627,0.5400000214576721,1419.1400146484375
Gemstone-Models/Gemstone-512x13,Gemstone 512x13 (103M),102643200,13,4,65,6,1,0.7754058837890625,0.5400000214576721,1419.1400146484375
Gemstone-Models/Gemstone-512x13,Gemstone 512x13 (103M),102643200,13,4,65,6,2,0.0036817979998886585,0.5400000214576721,1419.1400146484375
Gemstone-Models/Gemstone-512x13,Gemstone 512x13 (103M),102643200,13,4,65,6,3,0.00288472231477499,0.5400000214576721,1419.1400146484375
Gemstone-Models/Gemstone-512x13,Gemstone 512x13 (103M),102643200,13,4,65,7,0,0.0018457924015820026,0.5400000214576721,1419.1400146484375
Gemstone-Models/Gemstone-512x13,Gemstone 512x13 (103M),102643200,13,4,65,7,1,0.00010188216401729733,0.5400000214576721,1419.1400146484375
Gemstone-Models/Gemstone-512x13,Gemstone 512x13 (103M),102643200,13,4,65,7,2,0.00024146698706317693,0.5400000214576721,1419.1400146484375
Gemstone-Models/Gemstone-512x13,Gemstone 512x13 (103M),102643200,13,4,65,7,3,0.00040256441570818424,0.5400000214576721,1419.1400146484375
Gemstone-Models/Gemstone-512x13,Gemstone 512x13 (103M),102643200,13,4,65,8,0,0.002483941614627838,0.5400000214576721,1419.1400146484375
Gemstone-Models/Gemstone-512x13,Gemstone 512x13 (103M),102643200,13,4,65,8,1,0.00257282261736691,0.5400000214576721,1419.1400146484375
Gemstone-Models/Gemstone-512x13,Gemstone 512x13 (103M),102643200,13,4,65,8,2,0.0001450730924261734,0.5400000214576721,1419.1400146484375
Gemstone-Models/Gemstone-512x13,Gemstone 512x13 (103M),102643200,13,4,65,8,3,0.028540056198835373,0.5400000214576721,1419.1400146484375
Gemstone-Models/Gemstone-512x13,Gemstone 512x13 (103M),102643200,13,4,65,9,0,1.6585804729629672e-08,0.5400000214576721,1419.1400146484375
Gemstone-Models/Gemstone-512x13,Gemstone 512x13 (103M),102643200,13,4,65,9,1,0.00014826074766460806,0.5400000214576721,1419.1400146484375
Gemstone-Models/Gemstone-512x13,Gemstone 512x13 (103M),102643200,13,4,65,9,2,0.0015732881147414446,0.5400000214576721,1419.1400146484375
Gemstone-Models/Gemstone-512x13,Gemstone 512x13 (103M),102643200,13,4,65,9,3,0.008764930069446564,0.5400000214576721,1419.1400146484375
Gemstone-Models/Gemstone-512x13,Gemstone 512x13 (103M),102643200,13,4,65,10,0,0.8309662342071533,0.5400000214576721,1419.1400146484375
Gemstone-Models/Gemstone-512x13,Gemstone 512x13 (103M),102643200,13,4,65,10,1,0.11951147019863129,0.5400000214576721,1419.1400146484375
Gemstone-Models/Gemstone-512x13,Gemstone 512x13 (103M),102643200,13,4,65,10,2,0.003576925490051508,0.5400000214576721,1419.1400146484375
Gemstone-Models/Gemstone-512x13,Gemstone 512x13 (103M),102643200,13,4,65,10,3,0.141416996717453,0.5400000214576721,1419.1400146484375
Gemstone-Models/Gemstone-512x13,Gemstone 512x13 (103M),102643200,13,4,65,11,0,0.02945765107870102,0.5400000214576721,1419.1400146484375
Gemstone-Models/Gemstone-512x13,Gemstone 512x13 (103M),102643200,13,4,65,11,1,0.033101946115493774,0.5400000214576721,1419.1400146484375
Gemstone-Models/Gemstone-512x13,Gemstone 512x13 (103M),102643200,13,4,65,11,2,0.3080484867095947,0.5400000214576721,1419.1400146484375
Gemstone-Models/Gemstone-512x13,Gemstone 512x13 (103M),102643200,13,4,65,11,3,0.2534933090209961,0.5400000214576721,1419.1400146484375
Gemstone-Models/Gemstone-512x13,Gemstone 512x13 (103M),102643200,13,4,65,12,0,0.002678188495337963,0.5400000214576721,1419.1400146484375
Gemstone-Models/Gemstone-512x13,Gemstone 512x13 (103M),102643200,13,4,65,12,1,0.0016417771112173796,0.5400000214576721,1419.1400146484375
Gemstone-Models/Gemstone-512x13,Gemstone 512x13 (103M),102643200,13,4,65,12,2,0.006579570937901735,0.5400000214576721,1419.1400146484375
Gemstone-Models/Gemstone-512x13,Gemstone 512x13 (103M),102643200,13,4,65,12,3,0.0037869398947805166,0.5400000214576721,1419.1400146484375
Gemstone-Models/Gemstone-512x13,Gemstone 512x13 (103M),102643200,13,4,66,0,0,3.4444263292243704e-05,0.7200000286102295,1499.5999755859375
Gemstone-Models/Gemstone-512x13,Gemstone 512x13 (103M),102643200,13,4,66,0,1,0.003909905441105366,0.7200000286102295,1499.5999755859375
Gemstone-Models/Gemstone-512x13,Gemstone 512x13 (103M),102643200,13,4,66,0,2,0.01511193998157978,0.7200000286102295,1499.5999755859375
Gemstone-Models/Gemstone-512x13,Gemstone 512x13 (103M),102643200,13,4,66,0,3,0.007552425377070904,0.7200000286102295,1499.5999755859375
Gemstone-Models/Gemstone-512x13,Gemstone 512x13 (103M),102643200,13,4,66,1,0,0.0010331235826015472,0.7200000286102295,1499.5999755859375
Gemstone-Models/Gemstone-512x13,Gemstone 512x13 (103M),102643200,13,4,66,1,1,0.009809507988393307,0.7200000286102295,1499.5999755859375
Gemstone-Models/Gemstone-512x13,Gemstone 512x13 (103M),102643200,13,4,66,1,2,0.0002638775622472167,0.7200000286102295,1499.5999755859375
Gemstone-Models/Gemstone-512x13,Gemstone 512x13 (103M),102643200,13,4,66,1,3,0.009876356460154057,0.7200000286102295,1499.5999755859375
Gemstone-Models/Gemstone-512x13,Gemstone 512x13 (103M),102643200,13,4,66,2,0,0.009578987024724483,0.7200000286102295,1499.5999755859375
Gemstone-Models/Gemstone-512x13,Gemstone 512x13 (103M),102643200,13,4,66,2,1,0.0018412988865748048,0.7200000286102295,1499.5999755859375
Gemstone-Models/Gemstone-512x13,Gemstone 512x13 (103M),102643200,13,4,66,2,2,0.012372294440865517,0.7200000286102295,1499.5999755859375
Gemstone-Models/Gemstone-512x13,Gemstone 512x13 (103M),102643200,13,4,66,2,3,0.00978232454508543,0.7200000286102295,1499.5999755859375
Gemstone-Models/Gemstone-512x13,Gemstone 512x13 (103M),102643200,13,4,66,3,0,0.007053595967590809,0.7200000286102295,1499.5999755859375
Gemstone-Models/Gemstone-512x13,Gemstone 512x13 (103M),102643200,13,4,66,3,1,0.0004974943585693836,0.7200000286102295,1499.5999755859375
Gemstone-Models/Gemstone-512x13,Gemstone 512x13 (103M),102643200,13,4,66,3,2,0.005689018871635199,0.7200000286102295,1499.5999755859375
Gemstone-Models/Gemstone-512x13,Gemstone 512x13 (103M),102643200,13,4,66,3,3,0.00847043376415968,0.7200000286102295,1499.5999755859375
Gemstone-Models/Gemstone-512x13,Gemstone 512x13 (103M),102643200,13,4,66,4,0,0.014868536032736301,0.7200000286102295,1499.5999755859375
Gemstone-Models/Gemstone-512x13,Gemstone 512x13 (103M),102643200,13,4,66,4,1,0.005541031248867512,0.7200000286102295,1499.5999755859375
Gemstone-Models/Gemstone-512x13,Gemstone 512x13 (103M),102643200,13,4,66,4,2,0.006350852083414793,0.7200000286102295,1499.5999755859375
Gemstone-Models/Gemstone-512x13,Gemstone 512x13 (103M),102643200,13,4,66,4,3,0.0014304682845249772,0.7200000286102295,1499.5999755859375
Gemstone-Models/Gemstone-512x13,Gemstone 512x13 (103M),102643200,13,4,66,5,0,0.008591973222792149,0.7200000286102295,1499.5999755859375
Gemstone-Models/Gemstone-512x13,Gemstone 512x13 (103M),102643200,13,4,66,5,1,0.013464134186506271,0.7200000286102295,1499.5999755859375
Gemstone-Models/Gemstone-512x13,Gemstone 512x13 (103M),102643200,13,4,66,5,2,2.2935962817882682e-07,0.7200000286102295,1499.5999755859375
Gemstone-Models/Gemstone-512x13,Gemstone 512x13 (103M),102643200,13,4,66,5,3,0.00015071802772581577,0.7200000286102295,1499.5999755859375
Gemstone-Models/Gemstone-512x13,Gemstone 512x13 (103M),102643200,13,4,66,6,0,0.0003740609099622816,0.7200000286102295,1499.5999755859375
Gemstone-Models/Gemstone-512x13,Gemstone 512x13 (103M),102643200,13,4,66,6,1,0.8100273013114929,0.7200000286102295,1499.5999755859375
Gemstone-Models/Gemstone-512x13,Gemstone 512x13 (103M),102643200,13,4,66,6,2,0.003374046180397272,0.7200000286102295,1499.5999755859375
Gemstone-Models/Gemstone-512x13,Gemstone 512x13 (103M),102643200,13,4,66,6,3,0.004284151829779148,0.7200000286102295,1499.5999755859375
Gemstone-Models/Gemstone-512x13,Gemstone 512x13 (103M),102643200,13,4,66,7,0,0.0020035591442137957,0.7200000286102295,1499.5999755859375
Gemstone-Models/Gemstone-512x13,Gemstone 512x13 (103M),102643200,13,4,66,7,1,0.00010706244211178273,0.7200000286102295,1499.5999755859375
Gemstone-Models/Gemstone-512x13,Gemstone 512x13 (103M),102643200,13,4,66,7,2,0.00041901692748069763,0.7200000286102295,1499.5999755859375
Gemstone-Models/Gemstone-512x13,Gemstone 512x13 (103M),102643200,13,4,66,7,3,0.0007903919322416186,0.7200000286102295,1499.5999755859375
Gemstone-Models/Gemstone-512x13,Gemstone 512x13 (103M),102643200,13,4,66,8,0,0.003190833143889904,0.7200000286102295,1499.5999755859375
Gemstone-Models/Gemstone-512x13,Gemstone 512x13 (103M),102643200,13,4,66,8,1,0.004176953341811895,0.7200000286102295,1499.5999755859375
Gemstone-Models/Gemstone-512x13,Gemstone 512x13 (103M),102643200,13,4,66,8,2,0.0003306256257928908,0.7200000286102295,1499.5999755859375
Gemstone-Models/Gemstone-512x13,Gemstone 512x13 (103M),102643200,13,4,66,8,3,0.040013715624809265,0.7200000286102295,1499.5999755859375
Gemstone-Models/Gemstone-512x13,Gemstone 512x13 (103M),102643200,13,4,66,9,0,1.6525264712186072e-08,0.7200000286102295,1499.5999755859375
Gemstone-Models/Gemstone-512x13,Gemstone 512x13 (103M),102643200,13,4,66,9,1,0.00021319907682482153,0.7200000286102295,1499.5999755859375
Gemstone-Models/Gemstone-512x13,Gemstone 512x13 (103M),102643200,13,4,66,9,2,0.0024985335767269135,0.7200000286102295,1499.5999755859375
Gemstone-Models/Gemstone-512x13,Gemstone 512x13 (103M),102643200,13,4,66,9,3,0.015270465984940529,0.7200000286102295,1499.5999755859375
Gemstone-Models/Gemstone-512x13,Gemstone 512x13 (103M),102643200,13,4,66,10,0,0.8873029351234436,0.7200000286102295,1499.5999755859375
Gemstone-Models/Gemstone-512x13,Gemstone 512x13 (103M),102643200,13,4,66,10,1,0.22593319416046143,0.7200000286102295,1499.5999755859375
Gemstone-Models/Gemstone-512x13,Gemstone 512x13 (103M),102643200,13,4,66,10,2,0.004655899479985237,0.7200000286102295,1499.5999755859375
Gemstone-Models/Gemstone-512x13,Gemstone 512x13 (103M),102643200,13,4,66,10,3,0.2497827559709549,0.7200000286102295,1499.5999755859375
Gemstone-Models/Gemstone-512x13,Gemstone 512x13 (103M),102643200,13,4,66,11,0,0.04983938857913017,0.7200000286102295,1499.5999755859375
Gemstone-Models/Gemstone-512x13,Gemstone 512x13 (103M),102643200,13,4,66,11,1,0.055762216448783875,0.7200000286102295,1499.5999755859375
Gemstone-Models/Gemstone-512x13,Gemstone 512x13 (103M),102643200,13,4,66,11,2,0.461811900138855,0.7200000286102295,1499.5999755859375
Gemstone-Models/Gemstone-512x13,Gemstone 512x13 (103M),102643200,13,4,66,11,3,0.376785010099411,0.7200000286102295,1499.5999755859375
Gemstone-Models/Gemstone-512x13,Gemstone 512x13 (103M),102643200,13,4,66,12,0,0.0033394419588148594,0.7200000286102295,1499.5999755859375
Gemstone-Models/Gemstone-512x13,Gemstone 512x13 (103M),102643200,13,4,66,12,1,0.0024126830976456404,0.7200000286102295,1499.5999755859375
Gemstone-Models/Gemstone-512x13,Gemstone 512x13 (103M),102643200,13,4,66,12,2,0.016568385064601898,0.7200000286102295,1499.5999755859375
Gemstone-Models/Gemstone-512x13,Gemstone 512x13 (103M),102643200,13,4,66,12,3,0.006366134155541658,0.7200000286102295,1499.5999755859375
Gemstone-Models/Gemstone-512x13,Gemstone 512x13 (103M),102643200,13,4,67,0,0,5.263853017822839e-05,0.6600000262260437,496.5400085449219
Gemstone-Models/Gemstone-512x13,Gemstone 512x13 (103M),102643200,13,4,67,0,1,0.0038883215747773647,0.6600000262260437,496.5400085449219
Gemstone-Models/Gemstone-512x13,Gemstone 512x13 (103M),102643200,13,4,67,0,2,0.014551954343914986,0.6600000262260437,496.5400085449219
Gemstone-Models/Gemstone-512x13,Gemstone 512x13 (103M),102643200,13,4,67,0,3,0.006678615231066942,0.6600000262260437,496.5400085449219
Gemstone-Models/Gemstone-512x13,Gemstone 512x13 (103M),102643200,13,4,67,1,0,0.001008654828183353,0.6600000262260437,496.5400085449219
Gemstone-Models/Gemstone-512x13,Gemstone 512x13 (103M),102643200,13,4,67,1,1,0.005980090703815222,0.6600000262260437,496.5400085449219
Gemstone-Models/Gemstone-512x13,Gemstone 512x13 (103M),102643200,13,4,67,1,2,0.000581578176934272,0.6600000262260437,496.5400085449219
Gemstone-Models/Gemstone-512x13,Gemstone 512x13 (103M),102643200,13,4,67,1,3,0.003348867641761899,0.6600000262260437,496.5400085449219
Gemstone-Models/Gemstone-512x13,Gemstone 512x13 (103M),102643200,13,4,67,2,0,0.008709498681128025,0.6600000262260437,496.5400085449219
Gemstone-Models/Gemstone-512x13,Gemstone 512x13 (103M),102643200,13,4,67,2,1,0.001356368069536984,0.6600000262260437,496.5400085449219
Gemstone-Models/Gemstone-512x13,Gemstone 512x13 (103M),102643200,13,4,67,2,2,0.005503554828464985,0.6600000262260437,496.5400085449219
Gemstone-Models/Gemstone-512x13,Gemstone 512x13 (103M),102643200,13,4,67,2,3,0.00526433577761054,0.6600000262260437,496.5400085449219
Gemstone-Models/Gemstone-512x13,Gemstone 512x13 (103M),102643200,13,4,67,3,0,0.0060287415981292725,0.6600000262260437,496.5400085449219
Gemstone-Models/Gemstone-512x13,Gemstone 512x13 (103M),102643200,13,4,67,3,1,0.000324762164382264,0.6600000262260437,496.5400085449219
Gemstone-Models/Gemstone-512x13,Gemstone 512x13 (103M),102643200,13,4,67,3,2,0.005605936050415039,0.6600000262260437,496.5400085449219
Gemstone-Models/Gemstone-512x13,Gemstone 512x13 (103M),102643200,13,4,67,3,3,0.009792856872081757,0.6600000262260437,496.5400085449219
Gemstone-Models/Gemstone-512x13,Gemstone 512x13 (103M),102643200,13,4,67,4,0,0.015499954111874104,0.6600000262260437,496.5400085449219
Gemstone-Models/Gemstone-512x13,Gemstone 512x13 (103M),102643200,13,4,67,4,1,0.0038247995544224977,0.6600000262260437,496.5400085449219
Gemstone-Models/Gemstone-512x13,Gemstone 512x13 (103M),102643200,13,4,67,4,2,0.00706897396594286,0.6600000262260437,496.5400085449219
Gemstone-Models/Gemstone-512x13,Gemstone 512x13 (103M),102643200,13,4,67,4,3,0.0013203780399635434,0.6600000262260437,496.5400085449219
Gemstone-Models/Gemstone-512x13,Gemstone 512x13 (103M),102643200,13,4,67,5,0,0.01038315799087286,0.6600000262260437,496.5400085449219
Gemstone-Models/Gemstone-512x13,Gemstone 512x13 (103M),102643200,13,4,67,5,1,0.012391463853418827,0.6600000262260437,496.5400085449219
Gemstone-Models/Gemstone-512x13,Gemstone 512x13 (103M),102643200,13,4,67,5,2,4.976627110409026e-07,0.6600000262260437,496.5400085449219
Gemstone-Models/Gemstone-512x13,Gemstone 512x13 (103M),102643200,13,4,67,5,3,0.00013527912960853428,0.6600000262260437,496.5400085449219
Gemstone-Models/Gemstone-512x13,Gemstone 512x13 (103M),102643200,13,4,67,6,0,0.00056434579892084,0.6600000262260437,496.5400085449219
Gemstone-Models/Gemstone-512x13,Gemstone 512x13 (103M),102643200,13,4,67,6,1,0.8269888162612915,0.6600000262260437,496.5400085449219
Gemstone-Models/Gemstone-512x13,Gemstone 512x13 (103M),102643200,13,4,67,6,2,0.0027275013271719217,0.6600000262260437,496.5400085449219
Gemstone-Models/Gemstone-512x13,Gemstone 512x13 (103M),102643200,13,4,67,6,3,0.00504768593236804,0.6600000262260437,496.5400085449219
Gemstone-Models/Gemstone-512x13,Gemstone 512x13 (103M),102643200,13,4,67,7,0,0.0024331354070454836,0.6600000262260437,496.5400085449219
Gemstone-Models/Gemstone-512x13,Gemstone 512x13 (103M),102643200,13,4,67,7,1,7.305213512154296e-05,0.6600000262260437,496.5400085449219
Gemstone-Models/Gemstone-512x13,Gemstone 512x13 (103M),102643200,13,4,67,7,2,0.00036274694139137864,0.6600000262260437,496.5400085449219
Gemstone-Models/Gemstone-512x13,Gemstone 512x13 (103M),102643200,13,4,67,7,3,0.0004968280554749072,0.6600000262260437,496.5400085449219
Gemstone-Models/Gemstone-512x13,Gemstone 512x13 (103M),102643200,13,4,67,8,0,0.005300079472362995,0.6600000262260437,496.5400085449219
Gemstone-Models/Gemstone-512x13,Gemstone 512x13 (103M),102643200,13,4,67,8,1,0.0035880773793905973,0.6600000262260437,496.5400085449219
Gemstone-Models/Gemstone-512x13,Gemstone 512x13 (103M),102643200,13,4,67,8,2,0.0003128383250441402,0.6600000262260437,496.5400085449219
Gemstone-Models/Gemstone-512x13,Gemstone 512x13 (103M),102643200,13,4,67,8,3,0.028774118050932884,0.6600000262260437,496.5400085449219
Gemstone-Models/Gemstone-512x13,Gemstone 512x13 (103M),102643200,13,4,67,9,0,1.7428076759529176e-08,0.6600000262260437,496.5400085449219
Gemstone-Models/Gemstone-512x13,Gemstone 512x13 (103M),102643200,13,4,67,9,1,0.0002946311142295599,0.6600000262260437,496.5400085449219
Gemstone-Models/Gemstone-512x13,Gemstone 512x13 (103M),102643200,13,4,67,9,2,0.00153932417742908,0.6600000262260437,496.5400085449219
Gemstone-Models/Gemstone-512x13,Gemstone 512x13 (103M),102643200,13,4,67,9,3,0.016038140282034874,0.6600000262260437,496.5400085449219
Gemstone-Models/Gemstone-512x13,Gemstone 512x13 (103M),102643200,13,4,67,10,0,0.851864755153656,0.6600000262260437,496.5400085449219
Gemstone-Models/Gemstone-512x13,Gemstone 512x13 (103M),102643200,13,4,67,10,1,0.16334927082061768,0.6600000262260437,496.5400085449219
Gemstone-Models/Gemstone-512x13,Gemstone 512x13 (103M),102643200,13,4,67,10,2,0.00477366941049695,0.6600000262260437,496.5400085449219
Gemstone-Models/Gemstone-512x13,Gemstone 512x13 (103M),102643200,13,4,67,10,3,0.16955922544002533,0.6600000262260437,496.5400085449219
Gemstone-Models/Gemstone-512x13,Gemstone 512x13 (103M),102643200,13,4,67,11,0,0.032218579202890396,0.6600000262260437,496.5400085449219
Gemstone-Models/Gemstone-512x13,Gemstone 512x13 (103M),102643200,13,4,67,11,1,0.05188310146331787,0.6600000262260437,496.5400085449219
Gemstone-Models/Gemstone-512x13,Gemstone 512x13 (103M),102643200,13,4,67,11,2,0.4223276972770691,0.6600000262260437,496.5400085449219
Gemstone-Models/Gemstone-512x13,Gemstone 512x13 (103M),102643200,13,4,67,11,3,0.28321510553359985,0.6600000262260437,496.5400085449219
Gemstone-Models/Gemstone-512x13,Gemstone 512x13 (103M),102643200,13,4,67,12,0,0.0038200421258807182,0.6600000262260437,496.5400085449219
Gemstone-Models/Gemstone-512x13,Gemstone 512x13 (103M),102643200,13,4,67,12,1,0.0027670012786984444,0.6600000262260437,496.5400085449219
Gemstone-Models/Gemstone-512x13,Gemstone 512x13 (103M),102643200,13,4,67,12,2,0.02529246360063553,0.6600000262260437,496.5400085449219
Gemstone-Models/Gemstone-512x13,Gemstone 512x13 (103M),102643200,13,4,67,12,3,0.004739704541862011,0.6600000262260437,496.5400085449219
Gemstone-Models/Gemstone-512x13,Gemstone 512x13 (103M),102643200,13,4,68,0,0,2.066089837171603e-05,0.3799999952316284,782.4000244140625
Gemstone-Models/Gemstone-512x13,Gemstone 512x13 (103M),102643200,13,4,68,0,1,0.0025077664759010077,0.3799999952316284,782.4000244140625
Gemstone-Models/Gemstone-512x13,Gemstone 512x13 (103M),102643200,13,4,68,0,2,0.01701255515217781,0.3799999952316284,782.4000244140625
Gemstone-Models/Gemstone-512x13,Gemstone 512x13 (103M),102643200,13,4,68,0,3,0.006981028243899345,0.3799999952316284,782.4000244140625
Gemstone-Models/Gemstone-512x13,Gemstone 512x13 (103M),102643200,13,4,68,1,0,0.0008019756060093641,0.3799999952316284,782.4000244140625
Gemstone-Models/Gemstone-512x13,Gemstone 512x13 (103M),102643200,13,4,68,1,1,0.006628470029681921,0.3799999952316284,782.4000244140625
Gemstone-Models/Gemstone-512x13,Gemstone 512x13 (103M),102643200,13,4,68,1,2,0.00016810378292575479,0.3799999952316284,782.4000244140625
Gemstone-Models/Gemstone-512x13,Gemstone 512x13 (103M),102643200,13,4,68,1,3,0.0027918529231101274,0.3799999952316284,782.4000244140625
Gemstone-Models/Gemstone-512x13,Gemstone 512x13 (103M),102643200,13,4,68,2,0,0.007768416777253151,0.3799999952316284,782.4000244140625
Gemstone-Models/Gemstone-512x13,Gemstone 512x13 (103M),102643200,13,4,68,2,1,0.0017361921491101384,0.3799999952316284,782.4000244140625
Gemstone-Models/Gemstone-512x13,Gemstone 512x13 (103M),102643200,13,4,68,2,2,0.005094027612358332,0.3799999952316284,782.4000244140625
Gemstone-Models/Gemstone-512x13,Gemstone 512x13 (103M),102643200,13,4,68,2,3,0.0053755734115839005,0.3799999952316284,782.4000244140625
Gemstone-Models/Gemstone-512x13,Gemstone 512x13 (103M),102643200,13,4,68,3,0,0.004584512673318386,0.3799999952316284,782.4000244140625
Gemstone-Models/Gemstone-512x13,Gemstone 512x13 (103M),102643200,13,4,68,3,1,0.00033637206070125103,0.3799999952316284,782.4000244140625
Gemstone-Models/Gemstone-512x13,Gemstone 512x13 (103M),102643200,13,4,68,3,2,0.00544271245598793,0.3799999952316284,782.4000244140625
Gemstone-Models/Gemstone-512x13,Gemstone 512x13 (103M),102643200,13,4,68,3,3,0.011421659961342812,0.3799999952316284,782.4000244140625
Gemstone-Models/Gemstone-512x13,Gemstone 512x13 (103M),102643200,13,4,68,4,0,0.019198749214410782,0.3799999952316284,782.4000244140625
Gemstone-Models/Gemstone-512x13,Gemstone 512x13 (103M),102643200,13,4,68,4,1,0.004184403922408819,0.3799999952316284,782.4000244140625
Gemstone-Models/Gemstone-512x13,Gemstone 512x13 (103M),102643200,13,4,68,4,2,0.0077134729363024235,0.3799999952316284,782.4000244140625
Gemstone-Models/Gemstone-512x13,Gemstone 512x13 (103M),102643200,13,4,68,4,3,0.0009145255899056792,0.3799999952316284,782.4000244140625
Gemstone-Models/Gemstone-512x13,Gemstone 512x13 (103M),102643200,13,4,68,5,0,0.009196375496685505,0.3799999952316284,782.4000244140625
Gemstone-Models/Gemstone-512x13,Gemstone 512x13 (103M),102643200,13,4,68,5,1,0.01541814673691988,0.3799999952316284,782.4000244140625
Gemstone-Models/Gemstone-512x13,Gemstone 512x13 (103M),102643200,13,4,68,5,2,2.0112230458835256e-07,0.3799999952316284,782.4000244140625
Gemstone-Models/Gemstone-512x13,Gemstone 512x13 (103M),102643200,13,4,68,5,3,0.00012708656140603125,0.3799999952316284,782.4000244140625
Gemstone-Models/Gemstone-512x13,Gemstone 512x13 (103M),102643200,13,4,68,6,0,0.00030443992000073195,0.3799999952316284,782.4000244140625
Gemstone-Models/Gemstone-512x13,Gemstone 512x13 (103M),102643200,13,4,68,6,1,0.7965662479400635,0.3799999952316284,782.4000244140625
Gemstone-Models/Gemstone-512x13,Gemstone 512x13 (103M),102643200,13,4,68,6,2,0.0021763979457318783,0.3799999952316284,782.4000244140625
Gemstone-Models/Gemstone-512x13,Gemstone 512x13 (103M),102643200,13,4,68,6,3,0.0031284289434552193,0.3799999952316284,782.4000244140625
Gemstone-Models/Gemstone-512x13,Gemstone 512x13 (103M),102643200,13,4,68,7,0,0.001622874173335731,0.3799999952316284,782.4000244140625
Gemstone-Models/Gemstone-512x13,Gemstone 512x13 (103M),102643200,13,4,68,7,1,5.5280193919315934e-05,0.3799999952316284,782.4000244140625
Gemstone-Models/Gemstone-512x13,Gemstone 512x13 (103M),102643200,13,4,68,7,2,0.0002692940179258585,0.3799999952316284,782.4000244140625
Gemstone-Models/Gemstone-512x13,Gemstone 512x13 (103M),102643200,13,4,68,7,3,0.0004672817012760788,0.3799999952316284,782.4000244140625
Gemstone-Models/Gemstone-512x13,Gemstone 512x13 (103M),102643200,13,4,68,8,0,0.0027673160657286644,0.3799999952316284,782.4000244140625
Gemstone-Models/Gemstone-512x13,Gemstone 512x13 (103M),102643200,13,4,68,8,1,0.0030394725035876036,0.3799999952316284,782.4000244140625
Gemstone-Models/Gemstone-512x13,Gemstone 512x13 (103M),102643200,13,4,68,8,2,0.0002391033194726333,0.3799999952316284,782.4000244140625
Gemstone-Models/Gemstone-512x13,Gemstone 512x13 (103M),102643200,13,4,68,8,3,0.026490593329072,0.3799999952316284,782.4000244140625
Gemstone-Models/Gemstone-512x13,Gemstone 512x13 (103M),102643200,13,4,68,9,0,1.514997016727193e-08,0.3799999952316284,782.4000244140625
Gemstone-Models/Gemstone-512x13,Gemstone 512x13 (103M),102643200,13,4,68,9,1,0.0001305990881519392,0.3799999952316284,782.4000244140625
Gemstone-Models/Gemstone-512x13,Gemstone 512x13 (103M),102643200,13,4,68,9,2,0.001564810867421329,0.3799999952316284,782.4000244140625
Gemstone-Models/Gemstone-512x13,Gemstone 512x13 (103M),102643200,13,4,68,9,3,0.008303104899823666,0.3799999952316284,782.4000244140625
Gemstone-Models/Gemstone-512x13,Gemstone 512x13 (103M),102643200,13,4,68,10,0,0.8038036823272705,0.3799999952316284,782.4000244140625
Gemstone-Models/Gemstone-512x13,Gemstone 512x13 (103M),102643200,13,4,68,10,1,0.1437731236219406,0.3799999952316284,782.4000244140625
Gemstone-Models/Gemstone-512x13,Gemstone 512x13 (103M),102643200,13,4,68,10,2,0.002731794025748968,0.3799999952316284,782.4000244140625
Gemstone-Models/Gemstone-512x13,Gemstone 512x13 (103M),102643200,13,4,68,10,3,0.15024946630001068,0.3799999952316284,782.4000244140625
Gemstone-Models/Gemstone-512x13,Gemstone 512x13 (103M),102643200,13,4,68,11,0,0.03736697509884834,0.3799999952316284,782.4000244140625
Gemstone-Models/Gemstone-512x13,Gemstone 512x13 (103M),102643200,13,4,68,11,1,0.02812398411333561,0.3799999952316284,782.4000244140625
Gemstone-Models/Gemstone-512x13,Gemstone 512x13 (103M),102643200,13,4,68,11,2,0.2655220031738281,0.3799999952316284,782.4000244140625
Gemstone-Models/Gemstone-512x13,Gemstone 512x13 (103M),102643200,13,4,68,11,3,0.21615871787071228,0.3799999952316284,782.4000244140625
Gemstone-Models/Gemstone-512x13,Gemstone 512x13 (103M),102643200,13,4,68,12,0,0.003917851019650698,0.3799999952316284,782.4000244140625
Gemstone-Models/Gemstone-512x13,Gemstone 512x13 (103M),102643200,13,4,68,12,1,0.004657981917262077,0.3799999952316284,782.4000244140625
Gemstone-Models/Gemstone-512x13,Gemstone 512x13 (103M),102643200,13,4,68,12,2,0.013668293133378029,0.3799999952316284,782.4000244140625
Gemstone-Models/Gemstone-512x13,Gemstone 512x13 (103M),102643200,13,4,68,12,3,0.006015559658408165,0.3799999952316284,782.4000244140625
Gemstone-Models/Gemstone-512x13,Gemstone 512x13 (103M),102643200,13,4,69,0,0,0.0002768026606645435,0.8999999761581421,213.8000030517578
Gemstone-Models/Gemstone-512x13,Gemstone 512x13 (103M),102643200,13,4,69,0,1,0.0036021010018885136,0.8999999761581421,213.8000030517578
Gemstone-Models/Gemstone-512x13,Gemstone 512x13 (103M),102643200,13,4,69,0,2,0.013970430009067059,0.8999999761581421,213.8000030517578
Gemstone-Models/Gemstone-512x13,Gemstone 512x13 (103M),102643200,13,4,69,0,3,0.01720951311290264,0.8999999761581421,213.8000030517578
Gemstone-Models/Gemstone-512x13,Gemstone 512x13 (103M),102643200,13,4,69,1,0,0.0010284341406077147,0.8999999761581421,213.8000030517578
Gemstone-Models/Gemstone-512x13,Gemstone 512x13 (103M),102643200,13,4,69,1,1,0.010737423785030842,0.8999999761581421,213.8000030517578
Gemstone-Models/Gemstone-512x13,Gemstone 512x13 (103M),102643200,13,4,69,1,2,0.00018465374887455255,0.8999999761581421,213.8000030517578
Gemstone-Models/Gemstone-512x13,Gemstone 512x13 (103M),102643200,13,4,69,1,3,0.00854081753641367,0.8999999761581421,213.8000030517578
Gemstone-Models/Gemstone-512x13,Gemstone 512x13 (103M),102643200,13,4,69,2,0,0.01002852339297533,0.8999999761581421,213.8000030517578
Gemstone-Models/Gemstone-512x13,Gemstone 512x13 (103M),102643200,13,4,69,2,1,0.0030928943306207657,0.8999999761581421,213.8000030517578
Gemstone-Models/Gemstone-512x13,Gemstone 512x13 (103M),102643200,13,4,69,2,2,0.01653098501265049,0.8999999761581421,213.8000030517578
Gemstone-Models/Gemstone-512x13,Gemstone 512x13 (103M),102643200,13,4,69,2,3,0.009983081370592117,0.8999999761581421,213.8000030517578
Gemstone-Models/Gemstone-512x13,Gemstone 512x13 (103M),102643200,13,4,69,3,0,0.0072108483873307705,0.8999999761581421,213.8000030517578
Gemstone-Models/Gemstone-512x13,Gemstone 512x13 (103M),102643200,13,4,69,3,1,0.0008057050290517509,0.8999999761581421,213.8000030517578
Gemstone-Models/Gemstone-512x13,Gemstone 512x13 (103M),102643200,13,4,69,3,2,0.00816977210342884,0.8999999761581421,213.8000030517578
Gemstone-Models/Gemstone-512x13,Gemstone 512x13 (103M),102643200,13,4,69,3,3,0.009031366556882858,0.8999999761581421,213.8000030517578
Gemstone-Models/Gemstone-512x13,Gemstone 512x13 (103M),102643200,13,4,69,4,0,0.023915257304906845,0.8999999761581421,213.8000030517578
Gemstone-Models/Gemstone-512x13,Gemstone 512x13 (103M),102643200,13,4,69,4,1,0.007081563584506512,0.8999999761581421,213.8000030517578
Gemstone-Models/Gemstone-512x13,Gemstone 512x13 (103M),102643200,13,4,69,4,2,0.007083098869770765,0.8999999761581421,213.8000030517578
Gemstone-Models/Gemstone-512x13,Gemstone 512x13 (103M),102643200,13,4,69,4,3,0.0011367086553946137,0.8999999761581421,213.8000030517578
Gemstone-Models/Gemstone-512x13,Gemstone 512x13 (103M),102643200,13,4,69,5,0,0.010239830240607262,0.8999999761581421,213.8000030517578
Gemstone-Models/Gemstone-512x13,Gemstone 512x13 (103M),102643200,13,4,69,5,1,0.011101379059255123,0.8999999761581421,213.8000030517578
Gemstone-Models/Gemstone-512x13,Gemstone 512x13 (103M),102643200,13,4,69,5,2,6.41177120996872e-06,0.8999999761581421,213.8000030517578
Gemstone-Models/Gemstone-512x13,Gemstone 512x13 (103M),102643200,13,4,69,5,3,0.00013432331616058946,0.8999999761581421,213.8000030517578
Gemstone-Models/Gemstone-512x13,Gemstone 512x13 (103M),102643200,13,4,69,6,0,0.0009196869796141982,0.8999999761581421,213.8000030517578
Gemstone-Models/Gemstone-512x13,Gemstone 512x13 (103M),102643200,13,4,69,6,1,0.8569758534431458,0.8999999761581421,213.8000030517578
Gemstone-Models/Gemstone-512x13,Gemstone 512x13 (103M),102643200,13,4,69,6,2,0.004461971577256918,0.8999999761581421,213.8000030517578
Gemstone-Models/Gemstone-512x13,Gemstone 512x13 (103M),102643200,13,4,69,6,3,0.005373163614422083,0.8999999761581421,213.8000030517578
Gemstone-Models/Gemstone-512x13,Gemstone 512x13 (103M),102643200,13,4,69,7,0,0.0025936427991837263,0.8999999761581421,213.8000030517578
Gemstone-Models/Gemstone-512x13,Gemstone 512x13 (103M),102643200,13,4,69,7,1,0.0001893722073873505,0.8999999761581421,213.8000030517578
Gemstone-Models/Gemstone-512x13,Gemstone 512x13 (103M),102643200,13,4,69,7,2,0.0002171060477849096,0.8999999761581421,213.8000030517578
Gemstone-Models/Gemstone-512x13,Gemstone 512x13 (103M),102643200,13,4,69,7,3,0.0003384400042705238,0.8999999761581421,213.8000030517578
Gemstone-Models/Gemstone-512x13,Gemstone 512x13 (103M),102643200,13,4,69,8,0,0.0028616739436984062,0.8999999761581421,213.8000030517578
Gemstone-Models/Gemstone-512x13,Gemstone 512x13 (103M),102643200,13,4,69,8,1,0.0033989984076470137,0.8999999761581421,213.8000030517578
Gemstone-Models/Gemstone-512x13,Gemstone 512x13 (103M),102643200,13,4,69,8,2,0.0005063694552518427,0.8999999761581421,213.8000030517578
Gemstone-Models/Gemstone-512x13,Gemstone 512x13 (103M),102643200,13,4,69,8,3,0.037873417139053345,0.8999999761581421,213.8000030517578
Gemstone-Models/Gemstone-512x13,Gemstone 512x13 (103M),102643200,13,4,69,9,0,3.800357717409497e-08,0.8999999761581421,213.8000030517578
Gemstone-Models/Gemstone-512x13,Gemstone 512x13 (103M),102643200,13,4,69,9,1,0.0003314602072350681,0.8999999761581421,213.8000030517578
Gemstone-Models/Gemstone-512x13,Gemstone 512x13 (103M),102643200,13,4,69,9,2,0.003083450486883521,0.8999999761581421,213.8000030517578
Gemstone-Models/Gemstone-512x13,Gemstone 512x13 (103M),102643200,13,4,69,9,3,0.020054001361131668,0.8999999761581421,213.8000030517578
Gemstone-Models/Gemstone-512x13,Gemstone 512x13 (103M),102643200,13,4,69,10,0,0.9205948114395142,0.8999999761581421,213.8000030517578
Gemstone-Models/Gemstone-512x13,Gemstone 512x13 (103M),102643200,13,4,69,10,1,0.2631763815879822,0.8999999761581421,213.8000030517578
Gemstone-Models/Gemstone-512x13,Gemstone 512x13 (103M),102643200,13,4,69,10,2,0.0044431304559111595,0.8999999761581421,213.8000030517578
Gemstone-Models/Gemstone-512x13,Gemstone 512x13 (103M),102643200,13,4,69,10,3,0.2620648443698883,0.8999999761581421,213.8000030517578
Gemstone-Models/Gemstone-512x13,Gemstone 512x13 (103M),102643200,13,4,69,11,0,0.06785039603710175,0.8999999761581421,213.8000030517578
Gemstone-Models/Gemstone-512x13,Gemstone 512x13 (103M),102643200,13,4,69,11,1,0.04691590368747711,0.8999999761581421,213.8000030517578
Gemstone-Models/Gemstone-512x13,Gemstone 512x13 (103M),102643200,13,4,69,11,2,0.5128337144851685,0.8999999761581421,213.8000030517578
Gemstone-Models/Gemstone-512x13,Gemstone 512x13 (103M),102643200,13,4,69,11,3,0.3741256594657898,0.8999999761581421,213.8000030517578
Gemstone-Models/Gemstone-512x13,Gemstone 512x13 (103M),102643200,13,4,69,12,0,0.004617363680154085,0.8999999761581421,213.8000030517578
Gemstone-Models/Gemstone-512x13,Gemstone 512x13 (103M),102643200,13,4,69,12,1,0.003232492133975029,0.8999999761581421,213.8000030517578
Gemstone-Models/Gemstone-512x13,Gemstone 512x13 (103M),102643200,13,4,69,12,2,0.01843757927417755,0.8999999761581421,213.8000030517578
Gemstone-Models/Gemstone-512x13,Gemstone 512x13 (103M),102643200,13,4,69,12,3,0.00891735777258873,0.8999999761581421,213.8000030517578
Gemstone-Models/Gemstone-512x13,Gemstone 512x13 (103M),102643200,13,4,70,0,0,5.757611143053509e-05,0.7200000286102295,143.77999877929688
Gemstone-Models/Gemstone-512x13,Gemstone 512x13 (103M),102643200,13,4,70,0,1,0.0033433286007493734,0.7200000286102295,143.77999877929688
Gemstone-Models/Gemstone-512x13,Gemstone 512x13 (103M),102643200,13,4,70,0,2,0.01681891828775406,0.7200000286102295,143.77999877929688
Gemstone-Models/Gemstone-512x13,Gemstone 512x13 (103M),102643200,13,4,70,0,3,0.005145104136317968,0.7200000286102295,143.77999877929688
Gemstone-Models/Gemstone-512x13,Gemstone 512x13 (103M),102643200,13,4,70,1,0,0.0008801611256785691,0.7200000286102295,143.77999877929688
Gemstone-Models/Gemstone-512x13,Gemstone 512x13 (103M),102643200,13,4,70,1,1,0.007028780411928892,0.7200000286102295,143.77999877929688
Gemstone-Models/Gemstone-512x13,Gemstone 512x13 (103M),102643200,13,4,70,1,2,5.6672295613680035e-05,0.7200000286102295,143.77999877929688
Gemstone-Models/Gemstone-512x13,Gemstone 512x13 (103M),102643200,13,4,70,1,3,0.002500501461327076,0.7200000286102295,143.77999877929688
Gemstone-Models/Gemstone-512x13,Gemstone 512x13 (103M),102643200,13,4,70,2,0,0.009839401580393314,0.7200000286102295,143.77999877929688
Gemstone-Models/Gemstone-512x13,Gemstone 512x13 (103M),102643200,13,4,70,2,1,0.0018467771587893367,0.7200000286102295,143.77999877929688
Gemstone-Models/Gemstone-512x13,Gemstone 512x13 (103M),102643200,13,4,70,2,2,0.01409801747649908,0.7200000286102295,143.77999877929688
Gemstone-Models/Gemstone-512x13,Gemstone 512x13 (103M),102643200,13,4,70,2,3,0.009402340278029442,0.7200000286102295,143.77999877929688
Gemstone-Models/Gemstone-512x13,Gemstone 512x13 (103M),102643200,13,4,70,3,0,0.006499761249870062,0.7200000286102295,143.77999877929688
Gemstone-Models/Gemstone-512x13,Gemstone 512x13 (103M),102643200,13,4,70,3,1,0.00043728353921324015,0.7200000286102295,143.77999877929688
Gemstone-Models/Gemstone-512x13,Gemstone 512x13 (103M),102643200,13,4,70,3,2,0.007038227282464504,0.7200000286102295,143.77999877929688
Gemstone-Models/Gemstone-512x13,Gemstone 512x13 (103M),102643200,13,4,70,3,3,0.008636558428406715,0.7200000286102295,143.77999877929688
Gemstone-Models/Gemstone-512x13,Gemstone 512x13 (103M),102643200,13,4,70,4,0,0.02138965204358101,0.7200000286102295,143.77999877929688
Gemstone-Models/Gemstone-512x13,Gemstone 512x13 (103M),102643200,13,4,70,4,1,0.010346398688852787,0.7200000286102295,143.77999877929688
Gemstone-Models/Gemstone-512x13,Gemstone 512x13 (103M),102643200,13,4,70,4,2,0.00827453751116991,0.7200000286102295,143.77999877929688
Gemstone-Models/Gemstone-512x13,Gemstone 512x13 (103M),102643200,13,4,70,4,3,0.0018278901698067784,0.7200000286102295,143.77999877929688
Gemstone-Models/Gemstone-512x13,Gemstone 512x13 (103M),102643200,13,4,70,5,0,0.008386753499507904,0.7200000286102295,143.77999877929688
Gemstone-Models/Gemstone-512x13,Gemstone 512x13 (103M),102643200,13,4,70,5,1,0.011451835744082928,0.7200000286102295,143.77999877929688
Gemstone-Models/Gemstone-512x13,Gemstone 512x13 (103M),102643200,13,4,70,5,2,3.4401341508782934e-07,0.7200000286102295,143.77999877929688
Gemstone-Models/Gemstone-512x13,Gemstone 512x13 (103M),102643200,13,4,70,5,3,0.0001326764322584495,0.7200000286102295,143.77999877929688
Gemstone-Models/Gemstone-512x13,Gemstone 512x13 (103M),102643200,13,4,70,6,0,0.0005759564810432494,0.7200000286102295,143.77999877929688
Gemstone-Models/Gemstone-512x13,Gemstone 512x13 (103M),102643200,13,4,70,6,1,0.8281691670417786,0.7200000286102295,143.77999877929688
Gemstone-Models/Gemstone-512x13,Gemstone 512x13 (103M),102643200,13,4,70,6,2,0.004045870620757341,0.7200000286102295,143.77999877929688
Gemstone-Models/Gemstone-512x13,Gemstone 512x13 (103M),102643200,13,4,70,6,3,0.005066255107522011,0.7200000286102295,143.77999877929688
Gemstone-Models/Gemstone-512x13,Gemstone 512x13 (103M),102643200,13,4,70,7,0,0.0022130338475108147,0.7200000286102295,143.77999877929688
Gemstone-Models/Gemstone-512x13,Gemstone 512x13 (103M),102643200,13,4,70,7,1,0.00015966362843755633,0.7200000286102295,143.77999877929688
Gemstone-Models/Gemstone-512x13,Gemstone 512x13 (103M),102643200,13,4,70,7,2,0.0005007648724131286,0.7200000286102295,143.77999877929688
Gemstone-Models/Gemstone-512x13,Gemstone 512x13 (103M),102643200,13,4,70,7,3,0.000555739738047123,0.7200000286102295,143.77999877929688
Gemstone-Models/Gemstone-512x13,Gemstone 512x13 (103M),102643200,13,4,70,8,0,0.002988392487168312,0.7200000286102295,143.77999877929688
Gemstone-Models/Gemstone-512x13,Gemstone 512x13 (103M),102643200,13,4,70,8,1,0.004243829287588596,0.7200000286102295,143.77999877929688
Gemstone-Models/Gemstone-512x13,Gemstone 512x13 (103M),102643200,13,4,70,8,2,0.0006128827226348221,0.7200000286102295,143.77999877929688
Gemstone-Models/Gemstone-512x13,Gemstone 512x13 (103M),102643200,13,4,70,8,3,0.026007944718003273,0.7200000286102295,143.77999877929688
Gemstone-Models/Gemstone-512x13,Gemstone 512x13 (103M),102643200,13,4,70,9,0,4.419277033207436e-08,0.7200000286102295,143.77999877929688
Gemstone-Models/Gemstone-512x13,Gemstone 512x13 (103M),102643200,13,4,70,9,1,0.00038719773874618113,0.7200000286102295,143.77999877929688
Gemstone-Models/Gemstone-512x13,Gemstone 512x13 (103M),102643200,13,4,70,9,2,0.002153633860871196,0.7200000286102295,143.77999877929688
Gemstone-Models/Gemstone-512x13,Gemstone 512x13 (103M),102643200,13,4,70,9,3,0.014343760907649994,0.7200000286102295,143.77999877929688
Gemstone-Models/Gemstone-512x13,Gemstone 512x13 (103M),102643200,13,4,70,10,0,0.8966215252876282,0.7200000286102295,143.77999877929688
Gemstone-Models/Gemstone-512x13,Gemstone 512x13 (103M),102643200,13,4,70,10,1,0.2318294495344162,0.7200000286102295,143.77999877929688
Gemstone-Models/Gemstone-512x13,Gemstone 512x13 (103M),102643200,13,4,70,10,2,0.00902381632477045,0.7200000286102295,143.77999877929688
Gemstone-Models/Gemstone-512x13,Gemstone 512x13 (103M),102643200,13,4,70,10,3,0.20355896651744843,0.7200000286102295,143.77999877929688
Gemstone-Models/Gemstone-512x13,Gemstone 512x13 (103M),102643200,13,4,70,11,0,0.05333497375249863,0.7200000286102295,143.77999877929688
Gemstone-Models/Gemstone-512x13,Gemstone 512x13 (103M),102643200,13,4,70,11,1,0.0456249825656414,0.7200000286102295,143.77999877929688
Gemstone-Models/Gemstone-512x13,Gemstone 512x13 (103M),102643200,13,4,70,11,2,0.5172094106674194,0.7200000286102295,143.77999877929688
Gemstone-Models/Gemstone-512x13,Gemstone 512x13 (103M),102643200,13,4,70,11,3,0.37949272990226746,0.7200000286102295,143.77999877929688
Gemstone-Models/Gemstone-512x13,Gemstone 512x13 (103M),102643200,13,4,70,12,0,0.009573296643793583,0.7200000286102295,143.77999877929688
Gemstone-Models/Gemstone-512x13,Gemstone 512x13 (103M),102643200,13,4,70,12,1,0.0022463053464889526,0.7200000286102295,143.77999877929688
Gemstone-Models/Gemstone-512x13,Gemstone 512x13 (103M),102643200,13,4,70,12,2,0.023364482447504997,0.7200000286102295,143.77999877929688
Gemstone-Models/Gemstone-512x13,Gemstone 512x13 (103M),102643200,13,4,70,12,3,0.006026914343237877,0.7200000286102295,143.77999877929688
Gemstone-Models/Gemstone-512x13,Gemstone 512x13 (103M),102643200,13,4,71,0,0,3.6120083677815273e-05,0.4399999976158142,173.66000366210938
Gemstone-Models/Gemstone-512x13,Gemstone 512x13 (103M),102643200,13,4,71,0,1,0.0032041394151747227,0.4399999976158142,173.66000366210938
Gemstone-Models/Gemstone-512x13,Gemstone 512x13 (103M),102643200,13,4,71,0,2,0.0172901414334774,0.4399999976158142,173.66000366210938
Gemstone-Models/Gemstone-512x13,Gemstone 512x13 (103M),102643200,13,4,71,0,3,0.007180473767220974,0.4399999976158142,173.66000366210938
Gemstone-Models/Gemstone-512x13,Gemstone 512x13 (103M),102643200,13,4,71,1,0,0.0008134065428748727,0.4399999976158142,173.66000366210938
Gemstone-Models/Gemstone-512x13,Gemstone 512x13 (103M),102643200,13,4,71,1,1,0.008818890899419785,0.4399999976158142,173.66000366210938
Gemstone-Models/Gemstone-512x13,Gemstone 512x13 (103M),102643200,13,4,71,1,2,0.00018339739472139627,0.4399999976158142,173.66000366210938
Gemstone-Models/Gemstone-512x13,Gemstone 512x13 (103M),102643200,13,4,71,1,3,0.003048790618777275,0.4399999976158142,173.66000366210938
Gemstone-Models/Gemstone-512x13,Gemstone 512x13 (103M),102643200,13,4,71,2,0,0.009339416399598122,0.4399999976158142,173.66000366210938
Gemstone-Models/Gemstone-512x13,Gemstone 512x13 (103M),102643200,13,4,71,2,1,0.0012193485163152218,0.4399999976158142,173.66000366210938
Gemstone-Models/Gemstone-512x13,Gemstone 512x13 (103M),102643200,13,4,71,2,2,0.007060667499899864,0.4399999976158142,173.66000366210938
Gemstone-Models/Gemstone-512x13,Gemstone 512x13 (103M),102643200,13,4,71,2,3,0.007261774502694607,0.4399999976158142,173.66000366210938
Gemstone-Models/Gemstone-512x13,Gemstone 512x13 (103M),102643200,13,4,71,3,0,0.006381860468536615,0.4399999976158142,173.66000366210938
Gemstone-Models/Gemstone-512x13,Gemstone 512x13 (103M),102643200,13,4,71,3,1,0.0003869749198202044,0.4399999976158142,173.66000366210938
Gemstone-Models/Gemstone-512x13,Gemstone 512x13 (103M),102643200,13,4,71,3,2,0.0051699308678507805,0.4399999976158142,173.66000366210938
Gemstone-Models/Gemstone-512x13,Gemstone 512x13 (103M),102643200,13,4,71,3,3,0.010591697879135609,0.4399999976158142,173.66000366210938
Gemstone-Models/Gemstone-512x13,Gemstone 512x13 (103M),102643200,13,4,71,4,0,0.018796628341078758,0.4399999976158142,173.66000366210938
Gemstone-Models/Gemstone-512x13,Gemstone 512x13 (103M),102643200,13,4,71,4,1,0.0062176245264709,0.4399999976158142,173.66000366210938
Gemstone-Models/Gemstone-512x13,Gemstone 512x13 (103M),102643200,13,4,71,4,2,0.008499381132423878,0.4399999976158142,173.66000366210938
Gemstone-Models/Gemstone-512x13,Gemstone 512x13 (103M),102643200,13,4,71,4,3,0.001106115523725748,0.4399999976158142,173.66000366210938
Gemstone-Models/Gemstone-512x13,Gemstone 512x13 (103M),102643200,13,4,71,5,0,0.00866813026368618,0.4399999976158142,173.66000366210938
Gemstone-Models/Gemstone-512x13,Gemstone 512x13 (103M),102643200,13,4,71,5,1,0.01284171361476183,0.4399999976158142,173.66000366210938
Gemstone-Models/Gemstone-512x13,Gemstone 512x13 (103M),102643200,13,4,71,5,2,1.3409839993983041e-06,0.4399999976158142,173.66000366210938
Gemstone-Models/Gemstone-512x13,Gemstone 512x13 (103M),102643200,13,4,71,5,3,0.00014583999291062355,0.4399999976158142,173.66000366210938
Gemstone-Models/Gemstone-512x13,Gemstone 512x13 (103M),102643200,13,4,71,6,0,0.00030483969021588564,0.4399999976158142,173.66000366210938
Gemstone-Models/Gemstone-512x13,Gemstone 512x13 (103M),102643200,13,4,71,6,1,0.7345229387283325,0.4399999976158142,173.66000366210938
Gemstone-Models/Gemstone-512x13,Gemstone 512x13 (103M),102643200,13,4,71,6,2,0.003874346613883972,0.4399999976158142,173.66000366210938
Gemstone-Models/Gemstone-512x13,Gemstone 512x13 (103M),102643200,13,4,71,6,3,0.004698620643466711,0.4399999976158142,173.66000366210938
Gemstone-Models/Gemstone-512x13,Gemstone 512x13 (103M),102643200,13,4,71,7,0,0.0012726300628855824,0.4399999976158142,173.66000366210938
Gemstone-Models/Gemstone-512x13,Gemstone 512x13 (103M),102643200,13,4,71,7,1,8.891152538126335e-05,0.4399999976158142,173.66000366210938
Gemstone-Models/Gemstone-512x13,Gemstone 512x13 (103M),102643200,13,4,71,7,2,0.00044649202027358115,0.4399999976158142,173.66000366210938
Gemstone-Models/Gemstone-512x13,Gemstone 512x13 (103M),102643200,13,4,71,7,3,0.0005218479782342911,0.4399999976158142,173.66000366210938
Gemstone-Models/Gemstone-512x13,Gemstone 512x13 (103M),102643200,13,4,71,8,0,0.0025384481996297836,0.4399999976158142,173.66000366210938
Gemstone-Models/Gemstone-512x13,Gemstone 512x13 (103M),102643200,13,4,71,8,1,0.00387946842238307,0.4399999976158142,173.66000366210938
Gemstone-Models/Gemstone-512x13,Gemstone 512x13 (103M),102643200,13,4,71,8,2,0.00022135820472612977,0.4399999976158142,173.66000366210938
Gemstone-Models/Gemstone-512x13,Gemstone 512x13 (103M),102643200,13,4,71,8,3,0.04087118059396744,0.4399999976158142,173.66000366210938
Gemstone-Models/Gemstone-512x13,Gemstone 512x13 (103M),102643200,13,4,71,9,0,8.049765298778766e-09,0.4399999976158142,173.66000366210938
Gemstone-Models/Gemstone-512x13,Gemstone 512x13 (103M),102643200,13,4,71,9,1,0.00016283616423606873,0.4399999976158142,173.66000366210938
Gemstone-Models/Gemstone-512x13,Gemstone 512x13 (103M),102643200,13,4,71,9,2,0.0023371686693280935,0.4399999976158142,173.66000366210938
Gemstone-Models/Gemstone-512x13,Gemstone 512x13 (103M),102643200,13,4,71,9,3,0.012115227058529854,0.4399999976158142,173.66000366210938
Gemstone-Models/Gemstone-512x13,Gemstone 512x13 (103M),102643200,13,4,71,10,0,0.8298364281654358,0.4399999976158142,173.66000366210938
Gemstone-Models/Gemstone-512x13,Gemstone 512x13 (103M),102643200,13,4,71,10,1,0.20631778240203857,0.4399999976158142,173.66000366210938
Gemstone-Models/Gemstone-512x13,Gemstone 512x13 (103M),102643200,13,4,71,10,2,0.0033424096181988716,0.4399999976158142,173.66000366210938
Gemstone-Models/Gemstone-512x13,Gemstone 512x13 (103M),102643200,13,4,71,10,3,0.31154680252075195,0.4399999976158142,173.66000366210938
Gemstone-Models/Gemstone-512x13,Gemstone 512x13 (103M),102643200,13,4,71,11,0,0.04397638887166977,0.4399999976158142,173.66000366210938
Gemstone-Models/Gemstone-512x13,Gemstone 512x13 (103M),102643200,13,4,71,11,1,0.05030683055520058,0.4399999976158142,173.66000366210938
Gemstone-Models/Gemstone-512x13,Gemstone 512x13 (103M),102643200,13,4,71,11,2,0.3287202715873718,0.4399999976158142,173.66000366210938
Gemstone-Models/Gemstone-512x13,Gemstone 512x13 (103M),102643200,13,4,71,11,3,0.23745182156562805,0.4399999976158142,173.66000366210938
Gemstone-Models/Gemstone-512x13,Gemstone 512x13 (103M),102643200,13,4,71,12,0,0.004806884564459324,0.4399999976158142,173.66000366210938
Gemstone-Models/Gemstone-512x13,Gemstone 512x13 (103M),102643200,13,4,71,12,1,0.0019591287709772587,0.4399999976158142,173.66000366210938
Gemstone-Models/Gemstone-512x13,Gemstone 512x13 (103M),102643200,13,4,71,12,2,0.015176224522292614,0.4399999976158142,173.66000366210938
Gemstone-Models/Gemstone-512x13,Gemstone 512x13 (103M),102643200,13,4,71,12,3,0.008203794248402119,0.4399999976158142,173.66000366210938
Gemstone-Models/Gemstone-512x13,Gemstone 512x13 (103M),102643200,13,4,72,0,0,2.520749330869876e-05,0.3199999928474426,456.17999267578125
Gemstone-Models/Gemstone-512x13,Gemstone 512x13 (103M),102643200,13,4,72,0,1,0.002592475153505802,0.3199999928474426,456.17999267578125
Gemstone-Models/Gemstone-512x13,Gemstone 512x13 (103M),102643200,13,4,72,0,2,0.017407646402716637,0.3199999928474426,456.17999267578125
Gemstone-Models/Gemstone-512x13,Gemstone 512x13 (103M),102643200,13,4,72,0,3,0.006790159270167351,0.3199999928474426,456.17999267578125
Gemstone-Models/Gemstone-512x13,Gemstone 512x13 (103M),102643200,13,4,72,1,0,0.0008064116700552404,0.3199999928474426,456.17999267578125
Gemstone-Models/Gemstone-512x13,Gemstone 512x13 (103M),102643200,13,4,72,1,1,0.006388259120285511,0.3199999928474426,456.17999267578125
Gemstone-Models/Gemstone-512x13,Gemstone 512x13 (103M),102643200,13,4,72,1,2,0.0004846866359002888,0.3199999928474426,456.17999267578125
Gemstone-Models/Gemstone-512x13,Gemstone 512x13 (103M),102643200,13,4,72,1,3,0.0023898109793663025,0.3199999928474426,456.17999267578125
Gemstone-Models/Gemstone-512x13,Gemstone 512x13 (103M),102643200,13,4,72,2,0,0.007940919138491154,0.3199999928474426,456.17999267578125
Gemstone-Models/Gemstone-512x13,Gemstone 512x13 (103M),102643200,13,4,72,2,1,0.0013716173125430942,0.3199999928474426,456.17999267578125
Gemstone-Models/Gemstone-512x13,Gemstone 512x13 (103M),102643200,13,4,72,2,2,0.010281804949045181,0.3199999928474426,456.17999267578125
Gemstone-Models/Gemstone-512x13,Gemstone 512x13 (103M),102643200,13,4,72,2,3,0.008805672638118267,0.3199999928474426,456.17999267578125
Gemstone-Models/Gemstone-512x13,Gemstone 512x13 (103M),102643200,13,4,72,3,0,0.005595123860985041,0.3199999928474426,456.17999267578125
Gemstone-Models/Gemstone-512x13,Gemstone 512x13 (103M),102643200,13,4,72,3,1,0.00022941763745620847,0.3199999928474426,456.17999267578125
Gemstone-Models/Gemstone-512x13,Gemstone 512x13 (103M),102643200,13,4,72,3,2,0.005064836703240871,0.3199999928474426,456.17999267578125
Gemstone-Models/Gemstone-512x13,Gemstone 512x13 (103M),102643200,13,4,72,3,3,0.00774365896359086,0.3199999928474426,456.17999267578125
Gemstone-Models/Gemstone-512x13,Gemstone 512x13 (103M),102643200,13,4,72,4,0,0.016105590388178825,0.3199999928474426,456.17999267578125
Gemstone-Models/Gemstone-512x13,Gemstone 512x13 (103M),102643200,13,4,72,4,1,0.0041623301804065704,0.3199999928474426,456.17999267578125
Gemstone-Models/Gemstone-512x13,Gemstone 512x13 (103M),102643200,13,4,72,4,2,0.006483899895101786,0.3199999928474426,456.17999267578125
Gemstone-Models/Gemstone-512x13,Gemstone 512x13 (103M),102643200,13,4,72,4,3,0.0008428480941802263,0.3199999928474426,456.17999267578125
Gemstone-Models/Gemstone-512x13,Gemstone 512x13 (103M),102643200,13,4,72,5,0,0.00691750505939126,0.3199999928474426,456.17999267578125
Gemstone-Models/Gemstone-512x13,Gemstone 512x13 (103M),102643200,13,4,72,5,1,0.011777287349104881,0.3199999928474426,456.17999267578125
Gemstone-Models/Gemstone-512x13,Gemstone 512x13 (103M),102643200,13,4,72,5,2,4.678551306369627e-07,0.3199999928474426,456.17999267578125
Gemstone-Models/Gemstone-512x13,Gemstone 512x13 (103M),102643200,13,4,72,5,3,0.00011448066652519628,0.3199999928474426,456.17999267578125
Gemstone-Models/Gemstone-512x13,Gemstone 512x13 (103M),102643200,13,4,72,6,0,0.000327220099279657,0.3199999928474426,456.17999267578125
Gemstone-Models/Gemstone-512x13,Gemstone 512x13 (103M),102643200,13,4,72,6,1,0.7321893572807312,0.3199999928474426,456.17999267578125
Gemstone-Models/Gemstone-512x13,Gemstone 512x13 (103M),102643200,13,4,72,6,2,0.003990130964666605,0.3199999928474426,456.17999267578125
Gemstone-Models/Gemstone-512x13,Gemstone 512x13 (103M),102643200,13,4,72,6,3,0.002751788590103388,0.3199999928474426,456.17999267578125
Gemstone-Models/Gemstone-512x13,Gemstone 512x13 (103M),102643200,13,4,72,7,0,0.0017711498076096177,0.3199999928474426,456.17999267578125
Gemstone-Models/Gemstone-512x13,Gemstone 512x13 (103M),102643200,13,4,72,7,1,7.635055953869596e-05,0.3199999928474426,456.17999267578125
Gemstone-Models/Gemstone-512x13,Gemstone 512x13 (103M),102643200,13,4,72,7,2,0.0008544191950932145,0.3199999928474426,456.17999267578125
Gemstone-Models/Gemstone-512x13,Gemstone 512x13 (103M),102643200,13,4,72,7,3,0.0005842571845278144,0.3199999928474426,456.17999267578125
Gemstone-Models/Gemstone-512x13,Gemstone 512x13 (103M),102643200,13,4,72,8,0,0.004416892305016518,0.3199999928474426,456.17999267578125
Gemstone-Models/Gemstone-512x13,Gemstone 512x13 (103M),102643200,13,4,72,8,1,0.003725096583366394,0.3199999928474426,456.17999267578125
Gemstone-Models/Gemstone-512x13,Gemstone 512x13 (103M),102643200,13,4,72,8,2,0.0002881867403630167,0.3199999928474426,456.17999267578125
Gemstone-Models/Gemstone-512x13,Gemstone 512x13 (103M),102643200,13,4,72,8,3,0.03163906931877136,0.3199999928474426,456.17999267578125
Gemstone-Models/Gemstone-512x13,Gemstone 512x13 (103M),102643200,13,4,72,9,0,1.3427487566275431e-08,0.3199999928474426,456.17999267578125
Gemstone-Models/Gemstone-512x13,Gemstone 512x13 (103M),102643200,13,4,72,9,1,0.00020949277677573264,0.3199999928474426,456.17999267578125
Gemstone-Models/Gemstone-512x13,Gemstone 512x13 (103M),102643200,13,4,72,9,2,0.001880238065496087,0.3199999928474426,456.17999267578125
Gemstone-Models/Gemstone-512x13,Gemstone 512x13 (103M),102643200,13,4,72,9,3,0.012241248972713947,0.3199999928474426,456.17999267578125
Gemstone-Models/Gemstone-512x13,Gemstone 512x13 (103M),102643200,13,4,72,10,0,0.8453168272972107,0.3199999928474426,456.17999267578125
Gemstone-Models/Gemstone-512x13,Gemstone 512x13 (103M),102643200,13,4,72,10,1,0.14098161458969116,0.3199999928474426,456.17999267578125
Gemstone-Models/Gemstone-512x13,Gemstone 512x13 (103M),102643200,13,4,72,10,2,0.005106578581035137,0.3199999928474426,456.17999267578125
Gemstone-Models/Gemstone-512x13,Gemstone 512x13 (103M),102643200,13,4,72,10,3,0.1650339663028717,0.3199999928474426,456.17999267578125
Gemstone-Models/Gemstone-512x13,Gemstone 512x13 (103M),102643200,13,4,72,11,0,0.028538132086396217,0.3199999928474426,456.17999267578125
Gemstone-Models/Gemstone-512x13,Gemstone 512x13 (103M),102643200,13,4,72,11,1,0.05198165401816368,0.3199999928474426,456.17999267578125
Gemstone-Models/Gemstone-512x13,Gemstone 512x13 (103M),102643200,13,4,72,11,2,0.27250736951828003,0.3199999928474426,456.17999267578125
Gemstone-Models/Gemstone-512x13,Gemstone 512x13 (103M),102643200,13,4,72,11,3,0.2142316848039627,0.3199999928474426,456.17999267578125
Gemstone-Models/Gemstone-512x13,Gemstone 512x13 (103M),102643200,13,4,72,12,0,0.00471776258200407,0.3199999928474426,456.17999267578125
Gemstone-Models/Gemstone-512x13,Gemstone 512x13 (103M),102643200,13,4,72,12,1,0.004288719967007637,0.3199999928474426,456.17999267578125
Gemstone-Models/Gemstone-512x13,Gemstone 512x13 (103M),102643200,13,4,72,12,2,0.00791446678340435,0.3199999928474426,456.17999267578125
Gemstone-Models/Gemstone-512x13,Gemstone 512x13 (103M),102643200,13,4,72,12,3,0.0068627274595201015,0.3199999928474426,456.17999267578125
Gemstone-Models/Gemstone-512x13,Gemstone 512x13 (103M),102643200,13,4,73,0,0,0.00014645891496911645,0.7400000095367432,72.19999694824219
Gemstone-Models/Gemstone-512x13,Gemstone 512x13 (103M),102643200,13,4,73,0,1,0.0030323422979563475,0.7400000095367432,72.19999694824219
Gemstone-Models/Gemstone-512x13,Gemstone 512x13 (103M),102643200,13,4,73,0,2,0.015415258705615997,0.7400000095367432,72.19999694824219
Gemstone-Models/Gemstone-512x13,Gemstone 512x13 (103M),102643200,13,4,73,0,3,0.012315056286752224,0.7400000095367432,72.19999694824219
Gemstone-Models/Gemstone-512x13,Gemstone 512x13 (103M),102643200,13,4,73,1,0,0.0011544103035703301,0.7400000095367432,72.19999694824219
Gemstone-Models/Gemstone-512x13,Gemstone 512x13 (103M),102643200,13,4,73,1,1,0.010541677474975586,0.7400000095367432,72.19999694824219
Gemstone-Models/Gemstone-512x13,Gemstone 512x13 (103M),102643200,13,4,73,1,2,0.00020523373677860945,0.7400000095367432,72.19999694824219
Gemstone-Models/Gemstone-512x13,Gemstone 512x13 (103M),102643200,13,4,73,1,3,0.0028746670577675104,0.7400000095367432,72.19999694824219
Gemstone-Models/Gemstone-512x13,Gemstone 512x13 (103M),102643200,13,4,73,2,0,0.008002854883670807,0.7400000095367432,72.19999694824219
Gemstone-Models/Gemstone-512x13,Gemstone 512x13 (103M),102643200,13,4,73,2,1,0.0013696558307856321,0.7400000095367432,72.19999694824219
Gemstone-Models/Gemstone-512x13,Gemstone 512x13 (103M),102643200,13,4,73,2,2,0.008310633711516857,0.7400000095367432,72.19999694824219
Gemstone-Models/Gemstone-512x13,Gemstone 512x13 (103M),102643200,13,4,73,2,3,0.007368528284132481,0.7400000095367432,72.19999694824219
Gemstone-Models/Gemstone-512x13,Gemstone 512x13 (103M),102643200,13,4,73,3,0,0.007218207232654095,0.7400000095367432,72.19999694824219
Gemstone-Models/Gemstone-512x13,Gemstone 512x13 (103M),102643200,13,4,73,3,1,0.0003631272993516177,0.7400000095367432,72.19999694824219
Gemstone-Models/Gemstone-512x13,Gemstone 512x13 (103M),102643200,13,4,73,3,2,0.004823159426450729,0.7400000095367432,72.19999694824219
Gemstone-Models/Gemstone-512x13,Gemstone 512x13 (103M),102643200,13,4,73,3,3,0.0103696808218956,0.7400000095367432,72.19999694824219
Gemstone-Models/Gemstone-512x13,Gemstone 512x13 (103M),102643200,13,4,73,4,0,0.013736700639128685,0.7400000095367432,72.19999694824219
Gemstone-Models/Gemstone-512x13,Gemstone 512x13 (103M),102643200,13,4,73,4,1,0.0037815857212990522,0.7400000095367432,72.19999694824219
Gemstone-Models/Gemstone-512x13,Gemstone 512x13 (103M),102643200,13,4,73,4,2,0.006608923897147179,0.7400000095367432,72.19999694824219
Gemstone-Models/Gemstone-512x13,Gemstone 512x13 (103M),102643200,13,4,73,4,3,0.0012830987107008696,0.7400000095367432,72.19999694824219
Gemstone-Models/Gemstone-512x13,Gemstone 512x13 (103M),102643200,13,4,73,5,0,0.00949092023074627,0.7400000095367432,72.19999694824219
Gemstone-Models/Gemstone-512x13,Gemstone 512x13 (103M),102643200,13,4,73,5,1,0.016009625047445297,0.7400000095367432,72.19999694824219
Gemstone-Models/Gemstone-512x13,Gemstone 512x13 (103M),102643200,13,4,73,5,2,1.6613845446045161e-06,0.7400000095367432,72.19999694824219
Gemstone-Models/Gemstone-512x13,Gemstone 512x13 (103M),102643200,13,4,73,5,3,0.00010487147665116936,0.7400000095367432,72.19999694824219
Gemstone-Models/Gemstone-512x13,Gemstone 512x13 (103M),102643200,13,4,73,6,0,0.0005922903073951602,0.7400000095367432,72.19999694824219
Gemstone-Models/Gemstone-512x13,Gemstone 512x13 (103M),102643200,13,4,73,6,1,0.8420903086662292,0.7400000095367432,72.19999694824219
Gemstone-Models/Gemstone-512x13,Gemstone 512x13 (103M),102643200,13,4,73,6,2,0.0029975357465445995,0.7400000095367432,72.19999694824219
Gemstone-Models/Gemstone-512x13,Gemstone 512x13 (103M),102643200,13,4,73,6,3,0.003965815994888544,0.7400000095367432,72.19999694824219
Gemstone-Models/Gemstone-512x13,Gemstone 512x13 (103M),102643200,13,4,73,7,0,0.0013448032550513744,0.7400000095367432,72.19999694824219
Gemstone-Models/Gemstone-512x13,Gemstone 512x13 (103M),102643200,13,4,73,7,1,0.0001284557511098683,0.7400000095367432,72.19999694824219
Gemstone-Models/Gemstone-512x13,Gemstone 512x13 (103M),102643200,13,4,73,7,2,0.0005309634725563228,0.7400000095367432,72.19999694824219
Gemstone-Models/Gemstone-512x13,Gemstone 512x13 (103M),102643200,13,4,73,7,3,0.0005238616722635925,0.7400000095367432,72.19999694824219
Gemstone-Models/Gemstone-512x13,Gemstone 512x13 (103M),102643200,13,4,73,8,0,0.0034017888829112053,0.7400000095367432,72.19999694824219
Gemstone-Models/Gemstone-512x13,Gemstone 512x13 (103M),102643200,13,4,73,8,1,0.004306350834667683,0.7400000095367432,72.19999694824219
Gemstone-Models/Gemstone-512x13,Gemstone 512x13 (103M),102643200,13,4,73,8,2,0.0003459070867393166,0.7400000095367432,72.19999694824219
Gemstone-Models/Gemstone-512x13,Gemstone 512x13 (103M),102643200,13,4,73,8,3,0.03221571817994118,0.7400000095367432,72.19999694824219
Gemstone-Models/Gemstone-512x13,Gemstone 512x13 (103M),102643200,13,4,73,9,0,3.028685569006484e-08,0.7400000095367432,72.19999694824219
Gemstone-Models/Gemstone-512x13,Gemstone 512x13 (103M),102643200,13,4,73,9,1,0.00031545714591629803,0.7400000095367432,72.19999694824219
Gemstone-Models/Gemstone-512x13,Gemstone 512x13 (103M),102643200,13,4,73,9,2,0.001677419408224523,0.7400000095367432,72.19999694824219
Gemstone-Models/Gemstone-512x13,Gemstone 512x13 (103M),102643200,13,4,73,9,3,0.019845522940158844,0.7400000095367432,72.19999694824219
Gemstone-Models/Gemstone-512x13,Gemstone 512x13 (103M),102643200,13,4,73,10,0,0.8608205914497375,0.7400000095367432,72.19999694824219
Gemstone-Models/Gemstone-512x13,Gemstone 512x13 (103M),102643200,13,4,73,10,1,0.1925087720155716,0.7400000095367432,72.19999694824219
Gemstone-Models/Gemstone-512x13,Gemstone 512x13 (103M),102643200,13,4,73,10,2,0.004848233889788389,0.7400000095367432,72.19999694824219
Gemstone-Models/Gemstone-512x13,Gemstone 512x13 (103M),102643200,13,4,73,10,3,0.13649982213974,0.7400000095367432,72.19999694824219
Gemstone-Models/Gemstone-512x13,Gemstone 512x13 (103M),102643200,13,4,73,11,0,0.043304186314344406,0.7400000095367432,72.19999694824219
Gemstone-Models/Gemstone-512x13,Gemstone 512x13 (103M),102643200,13,4,73,11,1,0.0484643280506134,0.7400000095367432,72.19999694824219
Gemstone-Models/Gemstone-512x13,Gemstone 512x13 (103M),102643200,13,4,73,11,2,0.37978407740592957,0.7400000095367432,72.19999694824219
Gemstone-Models/Gemstone-512x13,Gemstone 512x13 (103M),102643200,13,4,73,11,3,0.3335649073123932,0.7400000095367432,72.19999694824219
Gemstone-Models/Gemstone-512x13,Gemstone 512x13 (103M),102643200,13,4,73,12,0,0.006345858797430992,0.7400000095367432,72.19999694824219
Gemstone-Models/Gemstone-512x13,Gemstone 512x13 (103M),102643200,13,4,73,12,1,0.002656719647347927,0.7400000095367432,72.19999694824219
Gemstone-Models/Gemstone-512x13,Gemstone 512x13 (103M),102643200,13,4,73,12,2,0.014366642571985722,0.7400000095367432,72.19999694824219
Gemstone-Models/Gemstone-512x13,Gemstone 512x13 (103M),102643200,13,4,73,12,3,0.005086115095764399,0.7400000095367432,72.19999694824219
Gemstone-Models/Gemstone-512x13,Gemstone 512x13 (103M),102643200,13,4,74,0,0,0.00020832029986195266,0.5600000023841858,546.6400146484375
Gemstone-Models/Gemstone-512x13,Gemstone 512x13 (103M),102643200,13,4,74,0,1,0.0037820052821189165,0.5600000023841858,546.6400146484375
Gemstone-Models/Gemstone-512x13,Gemstone 512x13 (103M),102643200,13,4,74,0,2,0.016273081302642822,0.5600000023841858,546.6400146484375
Gemstone-Models/Gemstone-512x13,Gemstone 512x13 (103M),102643200,13,4,74,0,3,0.008265281096100807,0.5600000023841858,546.6400146484375
Gemstone-Models/Gemstone-512x13,Gemstone 512x13 (103M),102643200,13,4,74,1,0,0.0008862284012138844,0.5600000023841858,546.6400146484375
Gemstone-Models/Gemstone-512x13,Gemstone 512x13 (103M),102643200,13,4,74,1,1,0.010798552073538303,0.5600000023841858,546.6400146484375
Gemstone-Models/Gemstone-512x13,Gemstone 512x13 (103M),102643200,13,4,74,1,2,0.0005938255926594138,0.5600000023841858,546.6400146484375
Gemstone-Models/Gemstone-512x13,Gemstone 512x13 (103M),102643200,13,4,74,1,3,0.004693520255386829,0.5600000023841858,546.6400146484375
Gemstone-Models/Gemstone-512x13,Gemstone 512x13 (103M),102643200,13,4,74,2,0,0.008106524124741554,0.5600000023841858,546.6400146484375
Gemstone-Models/Gemstone-512x13,Gemstone 512x13 (103M),102643200,13,4,74,2,1,0.0020035419147461653,0.5600000023841858,546.6400146484375
Gemstone-Models/Gemstone-512x13,Gemstone 512x13 (103M),102643200,13,4,74,2,2,0.00940814707428217,0.5600000023841858,546.6400146484375
Gemstone-Models/Gemstone-512x13,Gemstone 512x13 (103M),102643200,13,4,74,2,3,0.007817273028194904,0.5600000023841858,546.6400146484375
Gemstone-Models/Gemstone-512x13,Gemstone 512x13 (103M),102643200,13,4,74,3,0,0.0066590080969035625,0.5600000023841858,546.6400146484375
Gemstone-Models/Gemstone-512x13,Gemstone 512x13 (103M),102643200,13,4,74,3,1,0.00035579819814302027,0.5600000023841858,546.6400146484375
Gemstone-Models/Gemstone-512x13,Gemstone 512x13 (103M),102643200,13,4,74,3,2,0.0056985062547028065,0.5600000023841858,546.6400146484375
Gemstone-Models/Gemstone-512x13,Gemstone 512x13 (103M),102643200,13,4,74,3,3,0.008770761080086231,0.5600000023841858,546.6400146484375
Gemstone-Models/Gemstone-512x13,Gemstone 512x13 (103M),102643200,13,4,74,4,0,0.01832176372408867,0.5600000023841858,546.6400146484375
Gemstone-Models/Gemstone-512x13,Gemstone 512x13 (103M),102643200,13,4,74,4,1,0.005698991473764181,0.5600000023841858,546.6400146484375
Gemstone-Models/Gemstone-512x13,Gemstone 512x13 (103M),102643200,13,4,74,4,2,0.007066707592457533,0.5600000023841858,546.6400146484375
Gemstone-Models/Gemstone-512x13,Gemstone 512x13 (103M),102643200,13,4,74,4,3,0.0015925199259072542,0.5600000023841858,546.6400146484375
Gemstone-Models/Gemstone-512x13,Gemstone 512x13 (103M),102643200,13,4,74,5,0,0.008498129434883595,0.5600000023841858,546.6400146484375
Gemstone-Models/Gemstone-512x13,Gemstone 512x13 (103M),102643200,13,4,74,5,1,0.013451287522912025,0.5600000023841858,546.6400146484375
Gemstone-Models/Gemstone-512x13,Gemstone 512x13 (103M),102643200,13,4,74,5,2,2.6999387614523584e-07,0.5600000023841858,546.6400146484375
Gemstone-Models/Gemstone-512x13,Gemstone 512x13 (103M),102643200,13,4,74,5,3,0.00010734531679190695,0.5600000023841858,546.6400146484375
Gemstone-Models/Gemstone-512x13,Gemstone 512x13 (103M),102643200,13,4,74,6,0,0.0003995893057435751,0.5600000023841858,546.6400146484375
Gemstone-Models/Gemstone-512x13,Gemstone 512x13 (103M),102643200,13,4,74,6,1,0.8309555649757385,0.5600000023841858,546.6400146484375
Gemstone-Models/Gemstone-512x13,Gemstone 512x13 (103M),102643200,13,4,74,6,2,0.005748511757701635,0.5600000023841858,546.6400146484375
Gemstone-Models/Gemstone-512x13,Gemstone 512x13 (103M),102643200,13,4,74,6,3,0.004733349662274122,0.5600000023841858,546.6400146484375
Gemstone-Models/Gemstone-512x13,Gemstone 512x13 (103M),102643200,13,4,74,7,0,0.0015358354430645704,0.5600000023841858,546.6400146484375
Gemstone-Models/Gemstone-512x13,Gemstone 512x13 (103M),102643200,13,4,74,7,1,7.576664938824251e-05,0.5600000023841858,546.6400146484375
Gemstone-Models/Gemstone-512x13,Gemstone 512x13 (103M),102643200,13,4,74,7,2,0.00037091595004312694,0.5600000023841858,546.6400146484375
Gemstone-Models/Gemstone-512x13,Gemstone 512x13 (103M),102643200,13,4,74,7,3,0.00044032122241333127,0.5600000023841858,546.6400146484375
Gemstone-Models/Gemstone-512x13,Gemstone 512x13 (103M),102643200,13,4,74,8,0,0.004331241827458143,0.5600000023841858,546.6400146484375
Gemstone-Models/Gemstone-512x13,Gemstone 512x13 (103M),102643200,13,4,74,8,1,0.00546321552246809,0.5600000023841858,546.6400146484375
Gemstone-Models/Gemstone-512x13,Gemstone 512x13 (103M),102643200,13,4,74,8,2,0.00037154581514187157,0.5600000023841858,546.6400146484375
Gemstone-Models/Gemstone-512x13,Gemstone 512x13 (103M),102643200,13,4,74,8,3,0.034093864262104034,0.5600000023841858,546.6400146484375
Gemstone-Models/Gemstone-512x13,Gemstone 512x13 (103M),102643200,13,4,74,9,0,7.720600159188962e-09,0.5600000023841858,546.6400146484375
Gemstone-Models/Gemstone-512x13,Gemstone 512x13 (103M),102643200,13,4,74,9,1,0.0002084331790683791,0.5600000023841858,546.6400146484375
Gemstone-Models/Gemstone-512x13,Gemstone 512x13 (103M),102643200,13,4,74,9,2,0.002041267231106758,0.5600000023841858,546.6400146484375
Gemstone-Models/Gemstone-512x13,Gemstone 512x13 (103M),102643200,13,4,74,9,3,0.013508636504411697,0.5600000023841858,546.6400146484375
Gemstone-Models/Gemstone-512x13,Gemstone 512x13 (103M),102643200,13,4,74,10,0,0.8238266706466675,0.5600000023841858,546.6400146484375
Gemstone-Models/Gemstone-512x13,Gemstone 512x13 (103M),102643200,13,4,74,10,1,0.19270344078540802,0.5600000023841858,546.6400146484375
Gemstone-Models/Gemstone-512x13,Gemstone 512x13 (103M),102643200,13,4,74,10,2,0.005321124102920294,0.5600000023841858,546.6400146484375
Gemstone-Models/Gemstone-512x13,Gemstone 512x13 (103M),102643200,13,4,74,10,3,0.23684769868850708,0.5600000023841858,546.6400146484375
Gemstone-Models/Gemstone-512x13,Gemstone 512x13 (103M),102643200,13,4,74,11,0,0.032461367547512054,0.5600000023841858,546.6400146484375
Gemstone-Models/Gemstone-512x13,Gemstone 512x13 (103M),102643200,13,4,74,11,1,0.03432844951748848,0.5600000023841858,546.6400146484375
Gemstone-Models/Gemstone-512x13,Gemstone 512x13 (103M),102643200,13,4,74,11,2,0.3530420660972595,0.5600000023841858,546.6400146484375
Gemstone-Models/Gemstone-512x13,Gemstone 512x13 (103M),102643200,13,4,74,11,3,0.2665429711341858,0.5600000023841858,546.6400146484375
Gemstone-Models/Gemstone-512x13,Gemstone 512x13 (103M),102643200,13,4,74,12,0,0.004974354058504105,0.5600000023841858,546.6400146484375
Gemstone-Models/Gemstone-512x13,Gemstone 512x13 (103M),102643200,13,4,74,12,1,0.0032515358179807663,0.5600000023841858,546.6400146484375
Gemstone-Models/Gemstone-512x13,Gemstone 512x13 (103M),102643200,13,4,74,12,2,0.019371723756194115,0.5600000023841858,546.6400146484375
Gemstone-Models/Gemstone-512x13,Gemstone 512x13 (103M),102643200,13,4,74,12,3,0.004133087582886219,0.5600000023841858,546.6400146484375
Gemstone-Models/Gemstone-512x13,Gemstone 512x13 (103M),102643200,13,4,75,0,0,0.005037705879658461,0.7599999904632568,1987.0400390625
Gemstone-Models/Gemstone-512x13,Gemstone 512x13 (103M),102643200,13,4,75,0,1,0.0062916516326367855,0.7599999904632568,1987.0400390625
Gemstone-Models/Gemstone-512x13,Gemstone 512x13 (103M),102643200,13,4,75,0,2,0.015507064759731293,0.7599999904632568,1987.0400390625
Gemstone-Models/Gemstone-512x13,Gemstone 512x13 (103M),102643200,13,4,75,0,3,0.007003447972238064,0.7599999904632568,1987.0400390625
Gemstone-Models/Gemstone-512x13,Gemstone 512x13 (103M),102643200,13,4,75,1,0,0.0015626481035724282,0.7599999904632568,1987.0400390625
Gemstone-Models/Gemstone-512x13,Gemstone 512x13 (103M),102643200,13,4,75,1,1,0.008918101899325848,0.7599999904632568,1987.0400390625
Gemstone-Models/Gemstone-512x13,Gemstone 512x13 (103M),102643200,13,4,75,1,2,0.00018584630743134767,0.7599999904632568,1987.0400390625
Gemstone-Models/Gemstone-512x13,Gemstone 512x13 (103M),102643200,13,4,75,1,3,0.018934572115540504,0.7599999904632568,1987.0400390625
Gemstone-Models/Gemstone-512x13,Gemstone 512x13 (103M),102643200,13,4,75,2,0,0.010572563856840134,0.7599999904632568,1987.0400390625
Gemstone-Models/Gemstone-512x13,Gemstone 512x13 (103M),102643200,13,4,75,2,1,0.0014351877616718411,0.7599999904632568,1987.0400390625
Gemstone-Models/Gemstone-512x13,Gemstone 512x13 (103M),102643200,13,4,75,2,2,0.005755854770541191,0.7599999904632568,1987.0400390625
Gemstone-Models/Gemstone-512x13,Gemstone 512x13 (103M),102643200,13,4,75,2,3,0.01041454914957285,0.7599999904632568,1987.0400390625
Gemstone-Models/Gemstone-512x13,Gemstone 512x13 (103M),102643200,13,4,75,3,0,0.00768689252436161,0.7599999904632568,1987.0400390625
Gemstone-Models/Gemstone-512x13,Gemstone 512x13 (103M),102643200,13,4,75,3,1,0.0011489765020087361,0.7599999904632568,1987.0400390625
Gemstone-Models/Gemstone-512x13,Gemstone 512x13 (103M),102643200,13,4,75,3,2,0.0077346921898424625,0.7599999904632568,1987.0400390625
Gemstone-Models/Gemstone-512x13,Gemstone 512x13 (103M),102643200,13,4,75,3,3,0.011031396687030792,0.7599999904632568,1987.0400390625
Gemstone-Models/Gemstone-512x13,Gemstone 512x13 (103M),102643200,13,4,75,4,0,0.018404491245746613,0.7599999904632568,1987.0400390625
Gemstone-Models/Gemstone-512x13,Gemstone 512x13 (103M),102643200,13,4,75,4,1,0.007281486410647631,0.7599999904632568,1987.0400390625
Gemstone-Models/Gemstone-512x13,Gemstone 512x13 (103M),102643200,13,4,75,4,2,0.009306593798100948,0.7599999904632568,1987.0400390625
Gemstone-Models/Gemstone-512x13,Gemstone 512x13 (103M),102643200,13,4,75,4,3,0.002197710331529379,0.7599999904632568,1987.0400390625
Gemstone-Models/Gemstone-512x13,Gemstone 512x13 (103M),102643200,13,4,75,5,0,0.01139956433326006,0.7599999904632568,1987.0400390625
Gemstone-Models/Gemstone-512x13,Gemstone 512x13 (103M),102643200,13,4,75,5,1,0.012457381933927536,0.7599999904632568,1987.0400390625
Gemstone-Models/Gemstone-512x13,Gemstone 512x13 (103M),102643200,13,4,75,5,2,7.886690696068399e-07,0.7599999904632568,1987.0400390625
Gemstone-Models/Gemstone-512x13,Gemstone 512x13 (103M),102643200,13,4,75,5,3,0.00011289452959317714,0.7599999904632568,1987.0400390625
Gemstone-Models/Gemstone-512x13,Gemstone 512x13 (103M),102643200,13,4,75,6,0,0.0005324281519278884,0.7599999904632568,1987.0400390625
Gemstone-Models/Gemstone-512x13,Gemstone 512x13 (103M),102643200,13,4,75,6,1,0.8433763980865479,0.7599999904632568,1987.0400390625
Gemstone-Models/Gemstone-512x13,Gemstone 512x13 (103M),102643200,13,4,75,6,2,0.003506697714328766,0.7599999904632568,1987.0400390625
Gemstone-Models/Gemstone-512x13,Gemstone 512x13 (103M),102643200,13,4,75,6,3,0.006192709319293499,0.7599999904632568,1987.0400390625
Gemstone-Models/Gemstone-512x13,Gemstone 512x13 (103M),102643200,13,4,75,7,0,0.0023529112804681063,0.7599999904632568,1987.0400390625
Gemstone-Models/Gemstone-512x13,Gemstone 512x13 (103M),102643200,13,4,75,7,1,0.00018514160183258355,0.7599999904632568,1987.0400390625
Gemstone-Models/Gemstone-512x13,Gemstone 512x13 (103M),102643200,13,4,75,7,2,0.00013636988296639174,0.7599999904632568,1987.0400390625
Gemstone-Models/Gemstone-512x13,Gemstone 512x13 (103M),102643200,13,4,75,7,3,0.0007014605216681957,0.7599999904632568,1987.0400390625
Gemstone-Models/Gemstone-512x13,Gemstone 512x13 (103M),102643200,13,4,75,8,0,0.0036811179015785456,0.7599999904632568,1987.0400390625
Gemstone-Models/Gemstone-512x13,Gemstone 512x13 (103M),102643200,13,4,75,8,1,0.0035002746153622866,0.7599999904632568,1987.0400390625
Gemstone-Models/Gemstone-512x13,Gemstone 512x13 (103M),102643200,13,4,75,8,2,0.00032928280415944755,0.7599999904632568,1987.0400390625
Gemstone-Models/Gemstone-512x13,Gemstone 512x13 (103M),102643200,13,4,75,8,3,0.02281460352241993,0.7599999904632568,1987.0400390625
Gemstone-Models/Gemstone-512x13,Gemstone 512x13 (103M),102643200,13,4,75,9,0,1.763225476736352e-08,0.7599999904632568,1987.0400390625
Gemstone-Models/Gemstone-512x13,Gemstone 512x13 (103M),102643200,13,4,75,9,1,0.00034950856934301555,0.7599999904632568,1987.0400390625
Gemstone-Models/Gemstone-512x13,Gemstone 512x13 (103M),102643200,13,4,75,9,2,0.001958337379619479,0.7599999904632568,1987.0400390625
Gemstone-Models/Gemstone-512x13,Gemstone 512x13 (103M),102643200,13,4,75,9,3,0.012922138907015324,0.7599999904632568,1987.0400390625
Gemstone-Models/Gemstone-512x13,Gemstone 512x13 (103M),102643200,13,4,75,10,0,0.8589251637458801,0.7599999904632568,1987.0400390625
Gemstone-Models/Gemstone-512x13,Gemstone 512x13 (103M),102643200,13,4,75,10,1,0.14166033267974854,0.7599999904632568,1987.0400390625
Gemstone-Models/Gemstone-512x13,Gemstone 512x13 (103M),102643200,13,4,75,10,2,0.003967614844441414,0.7599999904632568,1987.0400390625
Gemstone-Models/Gemstone-512x13,Gemstone 512x13 (103M),102643200,13,4,75,10,3,0.15739353001117706,0.7599999904632568,1987.0400390625
Gemstone-Models/Gemstone-512x13,Gemstone 512x13 (103M),102643200,13,4,75,11,0,0.0391111858189106,0.7599999904632568,1987.0400390625
Gemstone-Models/Gemstone-512x13,Gemstone 512x13 (103M),102643200,13,4,75,11,1,0.03239956498146057,0.7599999904632568,1987.0400390625
Gemstone-Models/Gemstone-512x13,Gemstone 512x13 (103M),102643200,13,4,75,11,2,0.4163021445274353,0.7599999904632568,1987.0400390625
Gemstone-Models/Gemstone-512x13,Gemstone 512x13 (103M),102643200,13,4,75,11,3,0.31303223967552185,0.7599999904632568,1987.0400390625
Gemstone-Models/Gemstone-512x13,Gemstone 512x13 (103M),102643200,13,4,75,12,0,0.005519373342394829,0.7599999904632568,1987.0400390625
Gemstone-Models/Gemstone-512x13,Gemstone 512x13 (103M),102643200,13,4,75,12,1,0.0012896045809611678,0.7599999904632568,1987.0400390625
Gemstone-Models/Gemstone-512x13,Gemstone 512x13 (103M),102643200,13,4,75,12,2,0.01626480743288994,0.7599999904632568,1987.0400390625
Gemstone-Models/Gemstone-512x13,Gemstone 512x13 (103M),102643200,13,4,75,12,3,0.00502579053863883,0.7599999904632568,1987.0400390625
Gemstone-Models/Gemstone-512x13,Gemstone 512x13 (103M),102643200,13,4,76,0,0,0.00023852367303334177,0.8999999761581421,88.23999786376953
Gemstone-Models/Gemstone-512x13,Gemstone 512x13 (103M),102643200,13,4,76,0,1,0.0033711290452629328,0.8999999761581421,88.23999786376953
Gemstone-Models/Gemstone-512x13,Gemstone 512x13 (103M),102643200,13,4,76,0,2,0.01670672744512558,0.8999999761581421,88.23999786376953
Gemstone-Models/Gemstone-512x13,Gemstone 512x13 (103M),102643200,13,4,76,0,3,0.00822098832577467,0.8999999761581421,88.23999786376953
Gemstone-Models/Gemstone-512x13,Gemstone 512x13 (103M),102643200,13,4,76,1,0,0.0012055032420903444,0.8999999761581421,88.23999786376953
Gemstone-Models/Gemstone-512x13,Gemstone 512x13 (103M),102643200,13,4,76,1,1,0.009644188918173313,0.8999999761581421,88.23999786376953
Gemstone-Models/Gemstone-512x13,Gemstone 512x13 (103M),102643200,13,4,76,1,2,0.0002539689012337476,0.8999999761581421,88.23999786376953
Gemstone-Models/Gemstone-512x13,Gemstone 512x13 (103M),102643200,13,4,76,1,3,0.0012111894320696592,0.8999999761581421,88.23999786376953
Gemstone-Models/Gemstone-512x13,Gemstone 512x13 (103M),102643200,13,4,76,2,0,0.00932129193097353,0.8999999761581421,88.23999786376953
Gemstone-Models/Gemstone-512x13,Gemstone 512x13 (103M),102643200,13,4,76,2,1,0.00140316819306463,0.8999999761581421,88.23999786376953
Gemstone-Models/Gemstone-512x13,Gemstone 512x13 (103M),102643200,13,4,76,2,2,0.01669677533209324,0.8999999761581421,88.23999786376953
Gemstone-Models/Gemstone-512x13,Gemstone 512x13 (103M),102643200,13,4,76,2,3,0.01414799690246582,0.8999999761581421,88.23999786376953
Gemstone-Models/Gemstone-512x13,Gemstone 512x13 (103M),102643200,13,4,76,3,0,0.010301273316144943,0.8999999761581421,88.23999786376953
Gemstone-Models/Gemstone-512x13,Gemstone 512x13 (103M),102643200,13,4,76,3,1,0.0004733361420221627,0.8999999761581421,88.23999786376953
Gemstone-Models/Gemstone-512x13,Gemstone 512x13 (103M),102643200,13,4,76,3,2,0.006206011399626732,0.8999999761581421,88.23999786376953
Gemstone-Models/Gemstone-512x13,Gemstone 512x13 (103M),102643200,13,4,76,3,3,0.010606016032397747,0.8999999761581421,88.23999786376953
Gemstone-Models/Gemstone-512x13,Gemstone 512x13 (103M),102643200,13,4,76,4,0,0.018067732453346252,0.8999999761581421,88.23999786376953
Gemstone-Models/Gemstone-512x13,Gemstone 512x13 (103M),102643200,13,4,76,4,1,0.004525447264313698,0.8999999761581421,88.23999786376953
Gemstone-Models/Gemstone-512x13,Gemstone 512x13 (103M),102643200,13,4,76,4,2,0.007596056442707777,0.8999999761581421,88.23999786376953
Gemstone-Models/Gemstone-512x13,Gemstone 512x13 (103M),102643200,13,4,76,4,3,0.001365268835797906,0.8999999761581421,88.23999786376953
Gemstone-Models/Gemstone-512x13,Gemstone 512x13 (103M),102643200,13,4,76,5,0,0.010939963161945343,0.8999999761581421,88.23999786376953
Gemstone-Models/Gemstone-512x13,Gemstone 512x13 (103M),102643200,13,4,76,5,1,0.012532774358987808,0.8999999761581421,88.23999786376953
Gemstone-Models/Gemstone-512x13,Gemstone 512x13 (103M),102643200,13,4,76,5,2,3.7675597468478372e-06,0.8999999761581421,88.23999786376953
Gemstone-Models/Gemstone-512x13,Gemstone 512x13 (103M),102643200,13,4,76,5,3,0.00011331511632306501,0.8999999761581421,88.23999786376953
Gemstone-Models/Gemstone-512x13,Gemstone 512x13 (103M),102643200,13,4,76,6,0,0.0007730384240858257,0.8999999761581421,88.23999786376953
Gemstone-Models/Gemstone-512x13,Gemstone 512x13 (103M),102643200,13,4,76,6,1,0.9037549495697021,0.8999999761581421,88.23999786376953
Gemstone-Models/Gemstone-512x13,Gemstone 512x13 (103M),102643200,13,4,76,6,2,0.0046495250426232815,0.8999999761581421,88.23999786376953
Gemstone-Models/Gemstone-512x13,Gemstone 512x13 (103M),102643200,13,4,76,6,3,0.00502011040225625,0.8999999761581421,88.23999786376953
Gemstone-Models/Gemstone-512x13,Gemstone 512x13 (103M),102643200,13,4,76,7,0,0.0022390298545360565,0.8999999761581421,88.23999786376953
Gemstone-Models/Gemstone-512x13,Gemstone 512x13 (103M),102643200,13,4,76,7,1,0.0001147553266491741,0.8999999761581421,88.23999786376953
Gemstone-Models/Gemstone-512x13,Gemstone 512x13 (103M),102643200,13,4,76,7,2,0.000226345204282552,0.8999999761581421,88.23999786376953
Gemstone-Models/Gemstone-512x13,Gemstone 512x13 (103M),102643200,13,4,76,7,3,0.0004088468849658966,0.8999999761581421,88.23999786376953
Gemstone-Models/Gemstone-512x13,Gemstone 512x13 (103M),102643200,13,4,76,8,0,0.004102891311049461,0.8999999761581421,88.23999786376953
Gemstone-Models/Gemstone-512x13,Gemstone 512x13 (103M),102643200,13,4,76,8,1,0.00356713542714715,0.8999999761581421,88.23999786376953
Gemstone-Models/Gemstone-512x13,Gemstone 512x13 (103M),102643200,13,4,76,8,2,0.00029341212939471006,0.8999999761581421,88.23999786376953
Gemstone-Models/Gemstone-512x13,Gemstone 512x13 (103M),102643200,13,4,76,8,3,0.03860831633210182,0.8999999761581421,88.23999786376953
Gemstone-Models/Gemstone-512x13,Gemstone 512x13 (103M),102643200,13,4,76,9,0,3.2807239591647885e-08,0.8999999761581421,88.23999786376953
Gemstone-Models/Gemstone-512x13,Gemstone 512x13 (103M),102643200,13,4,76,9,1,0.000200284383026883,0.8999999761581421,88.23999786376953
Gemstone-Models/Gemstone-512x13,Gemstone 512x13 (103M),102643200,13,4,76,9,2,0.0024444011505693197,0.8999999761581421,88.23999786376953
Gemstone-Models/Gemstone-512x13,Gemstone 512x13 (103M),102643200,13,4,76,9,3,0.02040831744670868,0.8999999761581421,88.23999786376953
Gemstone-Models/Gemstone-512x13,Gemstone 512x13 (103M),102643200,13,4,76,10,0,0.9175667762756348,0.8999999761581421,88.23999786376953
Gemstone-Models/Gemstone-512x13,Gemstone 512x13 (103M),102643200,13,4,76,10,1,0.2530305087566376,0.8999999761581421,88.23999786376953
Gemstone-Models/Gemstone-512x13,Gemstone 512x13 (103M),102643200,13,4,76,10,2,0.0040965210646390915,0.8999999761581421,88.23999786376953
Gemstone-Models/Gemstone-512x13,Gemstone 512x13 (103M),102643200,13,4,76,10,3,0.19143950939178467,0.8999999761581421,88.23999786376953
Gemstone-Models/Gemstone-512x13,Gemstone 512x13 (103M),102643200,13,4,76,11,0,0.05165862664580345,0.8999999761581421,88.23999786376953
Gemstone-Models/Gemstone-512x13,Gemstone 512x13 (103M),102643200,13,4,76,11,1,0.06293340027332306,0.8999999761581421,88.23999786376953
Gemstone-Models/Gemstone-512x13,Gemstone 512x13 (103M),102643200,13,4,76,11,2,0.46962928771972656,0.8999999761581421,88.23999786376953
Gemstone-Models/Gemstone-512x13,Gemstone 512x13 (103M),102643200,13,4,76,11,3,0.36748313903808594,0.8999999761581421,88.23999786376953
Gemstone-Models/Gemstone-512x13,Gemstone 512x13 (103M),102643200,13,4,76,12,0,0.004847932141274214,0.8999999761581421,88.23999786376953
Gemstone-Models/Gemstone-512x13,Gemstone 512x13 (103M),102643200,13,4,76,12,1,0.0027153727132827044,0.8999999761581421,88.23999786376953
Gemstone-Models/Gemstone-512x13,Gemstone 512x13 (103M),102643200,13,4,76,12,2,0.015776297077536583,0.8999999761581421,88.23999786376953
Gemstone-Models/Gemstone-512x13,Gemstone 512x13 (103M),102643200,13,4,76,12,3,0.005558642093092203,0.8999999761581421,88.23999786376953
Gemstone-Models/Gemstone-512x13,Gemstone 512x13 (103M),102643200,13,4,77,0,0,0.00012454541865736246,0.699999988079071,137.4600067138672
Gemstone-Models/Gemstone-512x13,Gemstone 512x13 (103M),102643200,13,4,77,0,1,0.0031871795654296875,0.699999988079071,137.4600067138672
Gemstone-Models/Gemstone-512x13,Gemstone 512x13 (103M),102643200,13,4,77,0,2,0.01487143523991108,0.699999988079071,137.4600067138672
Gemstone-Models/Gemstone-512x13,Gemstone 512x13 (103M),102643200,13,4,77,0,3,0.019189896062016487,0.699999988079071,137.4600067138672
Gemstone-Models/Gemstone-512x13,Gemstone 512x13 (103M),102643200,13,4,77,1,0,0.0008870841702446342,0.699999988079071,137.4600067138672
Gemstone-Models/Gemstone-512x13,Gemstone 512x13 (103M),102643200,13,4,77,1,1,0.010848100297152996,0.699999988079071,137.4600067138672
Gemstone-Models/Gemstone-512x13,Gemstone 512x13 (103M),102643200,13,4,77,1,2,0.00011243956396356225,0.699999988079071,137.4600067138672
Gemstone-Models/Gemstone-512x13,Gemstone 512x13 (103M),102643200,13,4,77,1,3,0.002383123617619276,0.699999988079071,137.4600067138672
Gemstone-Models/Gemstone-512x13,Gemstone 512x13 (103M),102643200,13,4,77,2,0,0.011483125388622284,0.699999988079071,137.4600067138672
Gemstone-Models/Gemstone-512x13,Gemstone 512x13 (103M),102643200,13,4,77,2,1,0.002608604496344924,0.699999988079071,137.4600067138672
Gemstone-Models/Gemstone-512x13,Gemstone 512x13 (103M),102643200,13,4,77,2,2,0.014721956104040146,0.699999988079071,137.4600067138672
Gemstone-Models/Gemstone-512x13,Gemstone 512x13 (103M),102643200,13,4,77,2,3,0.009942730888724327,0.699999988079071,137.4600067138672
Gemstone-Models/Gemstone-512x13,Gemstone 512x13 (103M),102643200,13,4,77,3,0,0.007374988403171301,0.699999988079071,137.4600067138672
Gemstone-Models/Gemstone-512x13,Gemstone 512x13 (103M),102643200,13,4,77,3,1,0.0012053046375513077,0.699999988079071,137.4600067138672
Gemstone-Models/Gemstone-512x13,Gemstone 512x13 (103M),102643200,13,4,77,3,2,0.008557005785405636,0.699999988079071,137.4600067138672
Gemstone-Models/Gemstone-512x13,Gemstone 512x13 (103M),102643200,13,4,77,3,3,0.007856285199522972,0.699999988079071,137.4600067138672
Gemstone-Models/Gemstone-512x13,Gemstone 512x13 (103M),102643200,13,4,77,4,0,0.021082313731312752,0.699999988079071,137.4600067138672
Gemstone-Models/Gemstone-512x13,Gemstone 512x13 (103M),102643200,13,4,77,4,1,0.006904806010425091,0.699999988079071,137.4600067138672
Gemstone-Models/Gemstone-512x13,Gemstone 512x13 (103M),102643200,13,4,77,4,2,0.010259367525577545,0.699999988079071,137.4600067138672
Gemstone-Models/Gemstone-512x13,Gemstone 512x13 (103M),102643200,13,4,77,4,3,0.0014073146739974618,0.699999988079071,137.4600067138672
Gemstone-Models/Gemstone-512x13,Gemstone 512x13 (103M),102643200,13,4,77,5,0,0.015731651335954666,0.699999988079071,137.4600067138672
Gemstone-Models/Gemstone-512x13,Gemstone 512x13 (103M),102643200,13,4,77,5,1,0.014758799225091934,0.699999988079071,137.4600067138672
Gemstone-Models/Gemstone-512x13,Gemstone 512x13 (103M),102643200,13,4,77,5,2,3.7203874398983316e-06,0.699999988079071,137.4600067138672
Gemstone-Models/Gemstone-512x13,Gemstone 512x13 (103M),102643200,13,4,77,5,3,0.0002632010437082499,0.699999988079071,137.4600067138672
Gemstone-Models/Gemstone-512x13,Gemstone 512x13 (103M),102643200,13,4,77,6,0,0.0007368831429630518,0.699999988079071,137.4600067138672
Gemstone-Models/Gemstone-512x13,Gemstone 512x13 (103M),102643200,13,4,77,6,1,0.8926687836647034,0.699999988079071,137.4600067138672
Gemstone-Models/Gemstone-512x13,Gemstone 512x13 (103M),102643200,13,4,77,6,2,0.005813425872474909,0.699999988079071,137.4600067138672
Gemstone-Models/Gemstone-512x13,Gemstone 512x13 (103M),102643200,13,4,77,6,3,0.00858105719089508,0.699999988079071,137.4600067138672
Gemstone-Models/Gemstone-512x13,Gemstone 512x13 (103M),102643200,13,4,77,7,0,0.0016255032969638705,0.699999988079071,137.4600067138672
Gemstone-Models/Gemstone-512x13,Gemstone 512x13 (103M),102643200,13,4,77,7,1,0.0001286892220377922,0.699999988079071,137.4600067138672
Gemstone-Models/Gemstone-512x13,Gemstone 512x13 (103M),102643200,13,4,77,7,2,0.00021088846551720053,0.699999988079071,137.4600067138672
Gemstone-Models/Gemstone-512x13,Gemstone 512x13 (103M),102643200,13,4,77,7,3,0.0004942855448462069,0.699999988079071,137.4600067138672
Gemstone-Models/Gemstone-512x13,Gemstone 512x13 (103M),102643200,13,4,77,8,0,0.0037790434435009956,0.699999988079071,137.4600067138672
Gemstone-Models/Gemstone-512x13,Gemstone 512x13 (103M),102643200,13,4,77,8,1,0.003388545010238886,0.699999988079071,137.4600067138672
Gemstone-Models/Gemstone-512x13,Gemstone 512x13 (103M),102643200,13,4,77,8,2,0.0002692142443265766,0.699999988079071,137.4600067138672
Gemstone-Models/Gemstone-512x13,Gemstone 512x13 (103M),102643200,13,4,77,8,3,0.050989821553230286,0.699999988079071,137.4600067138672
Gemstone-Models/Gemstone-512x13,Gemstone 512x13 (103M),102643200,13,4,77,9,0,8.166377796214874e-08,0.699999988079071,137.4600067138672
Gemstone-Models/Gemstone-512x13,Gemstone 512x13 (103M),102643200,13,4,77,9,1,0.00028085566009394825,0.699999988079071,137.4600067138672
Gemstone-Models/Gemstone-512x13,Gemstone 512x13 (103M),102643200,13,4,77,9,2,0.0034839273430407047,0.699999988079071,137.4600067138672
Gemstone-Models/Gemstone-512x13,Gemstone 512x13 (103M),102643200,13,4,77,9,3,0.017541533336043358,0.699999988079071,137.4600067138672
Gemstone-Models/Gemstone-512x13,Gemstone 512x13 (103M),102643200,13,4,77,10,0,0.8761692643165588,0.699999988079071,137.4600067138672
Gemstone-Models/Gemstone-512x13,Gemstone 512x13 (103M),102643200,13,4,77,10,1,0.2823963165283203,0.699999988079071,137.4600067138672
Gemstone-Models/Gemstone-512x13,Gemstone 512x13 (103M),102643200,13,4,77,10,2,0.0035862198565155268,0.699999988079071,137.4600067138672
Gemstone-Models/Gemstone-512x13,Gemstone 512x13 (103M),102643200,13,4,77,10,3,0.2461492121219635,0.699999988079071,137.4600067138672
Gemstone-Models/Gemstone-512x13,Gemstone 512x13 (103M),102643200,13,4,77,11,0,0.07154529541730881,0.699999988079071,137.4600067138672
Gemstone-Models/Gemstone-512x13,Gemstone 512x13 (103M),102643200,13,4,77,11,1,0.06835877895355225,0.699999988079071,137.4600067138672
Gemstone-Models/Gemstone-512x13,Gemstone 512x13 (103M),102643200,13,4,77,11,2,0.4451843500137329,0.699999988079071,137.4600067138672
Gemstone-Models/Gemstone-512x13,Gemstone 512x13 (103M),102643200,13,4,77,11,3,0.4057725667953491,0.699999988079071,137.4600067138672
Gemstone-Models/Gemstone-512x13,Gemstone 512x13 (103M),102643200,13,4,77,12,0,0.007243182510137558,0.699999988079071,137.4600067138672
Gemstone-Models/Gemstone-512x13,Gemstone 512x13 (103M),102643200,13,4,77,12,1,0.005353413987904787,0.699999988079071,137.4600067138672
Gemstone-Models/Gemstone-512x13,Gemstone 512x13 (103M),102643200,13,4,77,12,2,0.02837797813117504,0.699999988079071,137.4600067138672
Gemstone-Models/Gemstone-512x13,Gemstone 512x13 (103M),102643200,13,4,77,12,3,0.009229022078216076,0.699999988079071,137.4600067138672
Gemstone-Models/Gemstone-512x13,Gemstone 512x13 (103M),102643200,13,4,78,0,0,1.1543434993654955e-05,0.5,419.9599914550781
Gemstone-Models/Gemstone-512x13,Gemstone 512x13 (103M),102643200,13,4,78,0,1,0.003476424142718315,0.5,419.9599914550781
Gemstone-Models/Gemstone-512x13,Gemstone 512x13 (103M),102643200,13,4,78,0,2,0.015150865539908409,0.5,419.9599914550781
Gemstone-Models/Gemstone-512x13,Gemstone 512x13 (103M),102643200,13,4,78,0,3,0.006341539788991213,0.5,419.9599914550781
Gemstone-Models/Gemstone-512x13,Gemstone 512x13 (103M),102643200,13,4,78,1,0,0.0009476442355662584,0.5,419.9599914550781
Gemstone-Models/Gemstone-512x13,Gemstone 512x13 (103M),102643200,13,4,78,1,1,0.009274393320083618,0.5,419.9599914550781
Gemstone-Models/Gemstone-512x13,Gemstone 512x13 (103M),102643200,13,4,78,1,2,0.000205131116672419,0.5,419.9599914550781
Gemstone-Models/Gemstone-512x13,Gemstone 512x13 (103M),102643200,13,4,78,1,3,0.0018606510711833835,0.5,419.9599914550781
Gemstone-Models/Gemstone-512x13,Gemstone 512x13 (103M),102643200,13,4,78,2,0,0.010723826475441456,0.5,419.9599914550781
Gemstone-Models/Gemstone-512x13,Gemstone 512x13 (103M),102643200,13,4,78,2,1,0.001278905663639307,0.5,419.9599914550781
Gemstone-Models/Gemstone-512x13,Gemstone 512x13 (103M),102643200,13,4,78,2,2,0.007064179051667452,0.5,419.9599914550781
Gemstone-Models/Gemstone-512x13,Gemstone 512x13 (103M),102643200,13,4,78,2,3,0.005882183089852333,0.5,419.9599914550781
Gemstone-Models/Gemstone-512x13,Gemstone 512x13 (103M),102643200,13,4,78,3,0,0.009451594203710556,0.5,419.9599914550781
Gemstone-Models/Gemstone-512x13,Gemstone 512x13 (103M),102643200,13,4,78,3,1,0.0006391319911926985,0.5,419.9599914550781
Gemstone-Models/Gemstone-512x13,Gemstone 512x13 (103M),102643200,13,4,78,3,2,0.005643111653625965,0.5,419.9599914550781
Gemstone-Models/Gemstone-512x13,Gemstone 512x13 (103M),102643200,13,4,78,3,3,0.008580629713833332,0.5,419.9599914550781
Gemstone-Models/Gemstone-512x13,Gemstone 512x13 (103M),102643200,13,4,78,4,0,0.016904763877391815,0.5,419.9599914550781
Gemstone-Models/Gemstone-512x13,Gemstone 512x13 (103M),102643200,13,4,78,4,1,0.003871970111504197,0.5,419.9599914550781
Gemstone-Models/Gemstone-512x13,Gemstone 512x13 (103M),102643200,13,4,78,4,2,0.008133969269692898,0.5,419.9599914550781
Gemstone-Models/Gemstone-512x13,Gemstone 512x13 (103M),102643200,13,4,78,4,3,0.0012359655229374766,0.5,419.9599914550781
Gemstone-Models/Gemstone-512x13,Gemstone 512x13 (103M),102643200,13,4,78,5,0,0.00945062655955553,0.5,419.9599914550781
Gemstone-Models/Gemstone-512x13,Gemstone 512x13 (103M),102643200,13,4,78,5,1,0.013255545869469643,0.5,419.9599914550781
Gemstone-Models/Gemstone-512x13,Gemstone 512x13 (103M),102643200,13,4,78,5,2,8.247090477198071e-07,0.5,419.9599914550781
Gemstone-Models/Gemstone-512x13,Gemstone 512x13 (103M),102643200,13,4,78,5,3,0.00017708574887365103,0.5,419.9599914550781
Gemstone-Models/Gemstone-512x13,Gemstone 512x13 (103M),102643200,13,4,78,6,0,0.0004434276488609612,0.5,419.9599914550781
Gemstone-Models/Gemstone-512x13,Gemstone 512x13 (103M),102643200,13,4,78,6,1,0.7867012023925781,0.5,419.9599914550781
Gemstone-Models/Gemstone-512x13,Gemstone 512x13 (103M),102643200,13,4,78,6,2,0.0037642933893948793,0.5,419.9599914550781
Gemstone-Models/Gemstone-512x13,Gemstone 512x13 (103M),102643200,13,4,78,6,3,0.005398272071033716,0.5,419.9599914550781
Gemstone-Models/Gemstone-512x13,Gemstone 512x13 (103M),102643200,13,4,78,7,0,0.0020157545804977417,0.5,419.9599914550781
Gemstone-Models/Gemstone-512x13,Gemstone 512x13 (103M),102643200,13,4,78,7,1,0.00015179153706412762,0.5,419.9599914550781
Gemstone-Models/Gemstone-512x13,Gemstone 512x13 (103M),102643200,13,4,78,7,2,0.00032642052974551916,0.5,419.9599914550781
Gemstone-Models/Gemstone-512x13,Gemstone 512x13 (103M),102643200,13,4,78,7,3,0.0004281388537492603,0.5,419.9599914550781
Gemstone-Models/Gemstone-512x13,Gemstone 512x13 (103M),102643200,13,4,78,8,0,0.004050565417855978,0.5,419.9599914550781
Gemstone-Models/Gemstone-512x13,Gemstone 512x13 (103M),102643200,13,4,78,8,1,0.005186736583709717,0.5,419.9599914550781
Gemstone-Models/Gemstone-512x13,Gemstone 512x13 (103M),102643200,13,4,78,8,2,0.00038045994006097317,0.5,419.9599914550781
Gemstone-Models/Gemstone-512x13,Gemstone 512x13 (103M),102643200,13,4,78,8,3,0.025540536269545555,0.5,419.9599914550781
Gemstone-Models/Gemstone-512x13,Gemstone 512x13 (103M),102643200,13,4,78,9,0,1.576378316769933e-08,0.5,419.9599914550781
Gemstone-Models/Gemstone-512x13,Gemstone 512x13 (103M),102643200,13,4,78,9,1,0.00011833171447506174,0.5,419.9599914550781
Gemstone-Models/Gemstone-512x13,Gemstone 512x13 (103M),102643200,13,4,78,9,2,0.0022036810405552387,0.5,419.9599914550781
Gemstone-Models/Gemstone-512x13,Gemstone 512x13 (103M),102643200,13,4,78,9,3,0.014571993611752987,0.5,419.9599914550781
Gemstone-Models/Gemstone-512x13,Gemstone 512x13 (103M),102643200,13,4,78,10,0,0.842862606048584,0.5,419.9599914550781
Gemstone-Models/Gemstone-512x13,Gemstone 512x13 (103M),102643200,13,4,78,10,1,0.1610914021730423,0.5,419.9599914550781
Gemstone-Models/Gemstone-512x13,Gemstone 512x13 (103M),102643200,13,4,78,10,2,0.002766220597550273,0.5,419.9599914550781
Gemstone-Models/Gemstone-512x13,Gemstone 512x13 (103M),102643200,13,4,78,10,3,0.14580075442790985,0.5,419.9599914550781
Gemstone-Models/Gemstone-512x13,Gemstone 512x13 (103M),102643200,13,4,78,11,0,0.03929030895233154,0.5,419.9599914550781
Gemstone-Models/Gemstone-512x13,Gemstone 512x13 (103M),102643200,13,4,78,11,1,0.038651712238788605,0.5,419.9599914550781
Gemstone-Models/Gemstone-512x13,Gemstone 512x13 (103M),102643200,13,4,78,11,2,0.3875507414340973,0.5,419.9599914550781
Gemstone-Models/Gemstone-512x13,Gemstone 512x13 (103M),102643200,13,4,78,11,3,0.2880293130874634,0.5,419.9599914550781
Gemstone-Models/Gemstone-512x13,Gemstone 512x13 (103M),102643200,13,4,78,12,0,0.005099204834550619,0.5,419.9599914550781
Gemstone-Models/Gemstone-512x13,Gemstone 512x13 (103M),102643200,13,4,78,12,1,0.0024781180545687675,0.5,419.9599914550781
Gemstone-Models/Gemstone-512x13,Gemstone 512x13 (103M),102643200,13,4,78,12,2,0.016031641513109207,0.5,419.9599914550781
Gemstone-Models/Gemstone-512x13,Gemstone 512x13 (103M),102643200,13,4,78,12,3,0.0061864424496889114,0.5,419.9599914550781
Gemstone-Models/Gemstone-512x13,Gemstone 512x13 (103M),102643200,13,4,79,0,0,3.1029827368911356e-05,0.7599999904632568,20.5
Gemstone-Models/Gemstone-512x13,Gemstone 512x13 (103M),102643200,13,4,79,0,1,0.002510814694687724,0.7599999904632568,20.5
Gemstone-Models/Gemstone-512x13,Gemstone 512x13 (103M),102643200,13,4,79,0,2,0.016193771734833717,0.7599999904632568,20.5
Gemstone-Models/Gemstone-512x13,Gemstone 512x13 (103M),102643200,13,4,79,0,3,0.007885968312621117,0.7599999904632568,20.5
Gemstone-Models/Gemstone-512x13,Gemstone 512x13 (103M),102643200,13,4,79,1,0,0.0012449031928554177,0.7599999904632568,20.5
Gemstone-Models/Gemstone-512x13,Gemstone 512x13 (103M),102643200,13,4,79,1,1,0.007893593981862068,0.7599999904632568,20.5
Gemstone-Models/Gemstone-512x13,Gemstone 512x13 (103M),102643200,13,4,79,1,2,0.0001900185307022184,0.7599999904632568,20.5
Gemstone-Models/Gemstone-512x13,Gemstone 512x13 (103M),102643200,13,4,79,1,3,0.0007200069958344102,0.7599999904632568,20.5
Gemstone-Models/Gemstone-512x13,Gemstone 512x13 (103M),102643200,13,4,79,2,0,0.008825003169476986,0.7599999904632568,20.5
Gemstone-Models/Gemstone-512x13,Gemstone 512x13 (103M),102643200,13,4,79,2,1,0.0010719457641243935,0.7599999904632568,20.5
Gemstone-Models/Gemstone-512x13,Gemstone 512x13 (103M),102643200,13,4,79,2,2,0.005216097459197044,0.7599999904632568,20.5
Gemstone-Models/Gemstone-512x13,Gemstone 512x13 (103M),102643200,13,4,79,2,3,0.004207630641758442,0.7599999904632568,20.5
Gemstone-Models/Gemstone-512x13,Gemstone 512x13 (103M),102643200,13,4,79,3,0,0.0035827630199491978,0.7599999904632568,20.5
Gemstone-Models/Gemstone-512x13,Gemstone 512x13 (103M),102643200,13,4,79,3,1,0.00045320414938032627,0.7599999904632568,20.5
Gemstone-Models/Gemstone-512x13,Gemstone 512x13 (103M),102643200,13,4,79,3,2,0.004775939509272575,0.7599999904632568,20.5
Gemstone-Models/Gemstone-512x13,Gemstone 512x13 (103M),102643200,13,4,79,3,3,0.005119719076901674,0.7599999904632568,20.5
Gemstone-Models/Gemstone-512x13,Gemstone 512x13 (103M),102643200,13,4,79,4,0,0.014677034690976143,0.7599999904632568,20.5
Gemstone-Models/Gemstone-512x13,Gemstone 512x13 (103M),102643200,13,4,79,4,1,0.003922709729522467,0.7599999904632568,20.5
Gemstone-Models/Gemstone-512x13,Gemstone 512x13 (103M),102643200,13,4,79,4,2,0.007834170013666153,0.7599999904632568,20.5
Gemstone-Models/Gemstone-512x13,Gemstone 512x13 (103M),102643200,13,4,79,4,3,0.0014310645638033748,0.7599999904632568,20.5
Gemstone-Models/Gemstone-512x13,Gemstone 512x13 (103M),102643200,13,4,79,5,0,0.008991440758109093,0.7599999904632568,20.5
Gemstone-Models/Gemstone-512x13,Gemstone 512x13 (103M),102643200,13,4,79,5,1,0.013770879246294498,0.7599999904632568,20.5
Gemstone-Models/Gemstone-512x13,Gemstone 512x13 (103M),102643200,13,4,79,5,2,1.4570341591024771e-05,0.7599999904632568,20.5
Gemstone-Models/Gemstone-512x13,Gemstone 512x13 (103M),102643200,13,4,79,5,3,0.00023032892204355448,0.7599999904632568,20.5
Gemstone-Models/Gemstone-512x13,Gemstone 512x13 (103M),102643200,13,4,79,6,0,0.00031899771420285106,0.7599999904632568,20.5
Gemstone-Models/Gemstone-512x13,Gemstone 512x13 (103M),102643200,13,4,79,6,1,0.8360874056816101,0.7599999904632568,20.5
Gemstone-Models/Gemstone-512x13,Gemstone 512x13 (103M),102643200,13,4,79,6,2,0.0038023069500923157,0.7599999904632568,20.5
Gemstone-Models/Gemstone-512x13,Gemstone 512x13 (103M),102643200,13,4,79,6,3,0.0037560772616416216,0.7599999904632568,20.5
Gemstone-Models/Gemstone-512x13,Gemstone 512x13 (103M),102643200,13,4,79,7,0,0.0020511464681476355,0.7599999904632568,20.5
Gemstone-Models/Gemstone-512x13,Gemstone 512x13 (103M),102643200,13,4,79,7,1,0.00038099303492344916,0.7599999904632568,20.5
Gemstone-Models/Gemstone-512x13,Gemstone 512x13 (103M),102643200,13,4,79,7,2,0.0006097877630963922,0.7599999904632568,20.5
Gemstone-Models/Gemstone-512x13,Gemstone 512x13 (103M),102643200,13,4,79,7,3,0.0004914086894132197,0.7599999904632568,20.5
Gemstone-Models/Gemstone-512x13,Gemstone 512x13 (103M),102643200,13,4,79,8,0,0.004628522787243128,0.7599999904632568,20.5
Gemstone-Models/Gemstone-512x13,Gemstone 512x13 (103M),102643200,13,4,79,8,1,0.0062822396866977215,0.7599999904632568,20.5
Gemstone-Models/Gemstone-512x13,Gemstone 512x13 (103M),102643200,13,4,79,8,2,0.0011338747572153807,0.7599999904632568,20.5
Gemstone-Models/Gemstone-512x13,Gemstone 512x13 (103M),102643200,13,4,79,8,3,0.02835107408463955,0.7599999904632568,20.5
Gemstone-Models/Gemstone-512x13,Gemstone 512x13 (103M),102643200,13,4,79,9,0,9.089487207347702e-08,0.7599999904632568,20.5
Gemstone-Models/Gemstone-512x13,Gemstone 512x13 (103M),102643200,13,4,79,9,1,0.00027544880867935717,0.7599999904632568,20.5
Gemstone-Models/Gemstone-512x13,Gemstone 512x13 (103M),102643200,13,4,79,9,2,0.001733291195705533,0.7599999904632568,20.5
Gemstone-Models/Gemstone-512x13,Gemstone 512x13 (103M),102643200,13,4,79,9,3,0.01673511229455471,0.7599999904632568,20.5
Gemstone-Models/Gemstone-512x13,Gemstone 512x13 (103M),102643200,13,4,79,10,0,0.9035259485244751,0.7599999904632568,20.5
Gemstone-Models/Gemstone-512x13,Gemstone 512x13 (103M),102643200,13,4,79,10,1,0.2510114908218384,0.7599999904632568,20.5
Gemstone-Models/Gemstone-512x13,Gemstone 512x13 (103M),102643200,13,4,79,10,2,0.005051305517554283,0.7599999904632568,20.5
Gemstone-Models/Gemstone-512x13,Gemstone 512x13 (103M),102643200,13,4,79,10,3,0.20803622901439667,0.7599999904632568,20.5
Gemstone-Models/Gemstone-512x13,Gemstone 512x13 (103M),102643200,13,4,79,11,0,0.06386524438858032,0.7599999904632568,20.5
Gemstone-Models/Gemstone-512x13,Gemstone 512x13 (103M),102643200,13,4,79,11,1,0.03925007954239845,0.7599999904632568,20.5
Gemstone-Models/Gemstone-512x13,Gemstone 512x13 (103M),102643200,13,4,79,11,2,0.41105541586875916,0.7599999904632568,20.5
Gemstone-Models/Gemstone-512x13,Gemstone 512x13 (103M),102643200,13,4,79,11,3,0.30470743775367737,0.7599999904632568,20.5
Gemstone-Models/Gemstone-512x13,Gemstone 512x13 (103M),102643200,13,4,79,12,0,0.004773780237883329,0.7599999904632568,20.5
Gemstone-Models/Gemstone-512x13,Gemstone 512x13 (103M),102643200,13,4,79,12,1,0.002404902596026659,0.7599999904632568,20.5
Gemstone-Models/Gemstone-512x13,Gemstone 512x13 (103M),102643200,13,4,79,12,2,0.014249924570322037,0.7599999904632568,20.5
Gemstone-Models/Gemstone-512x13,Gemstone 512x13 (103M),102643200,13,4,79,12,3,0.006999198812991381,0.7599999904632568,20.5
Gemstone-Models/Gemstone-512x13,Gemstone 512x13 (103M),102643200,13,4,80,0,0,9.601095371181145e-05,0.36000001430511475,1191.219970703125
Gemstone-Models/Gemstone-512x13,Gemstone 512x13 (103M),102643200,13,4,80,0,1,0.0033229985274374485,0.36000001430511475,1191.219970703125
Gemstone-Models/Gemstone-512x13,Gemstone 512x13 (103M),102643200,13,4,80,0,2,0.01387378852814436,0.36000001430511475,1191.219970703125
Gemstone-Models/Gemstone-512x13,Gemstone 512x13 (103M),102643200,13,4,80,0,3,0.008024640381336212,0.36000001430511475,1191.219970703125
Gemstone-Models/Gemstone-512x13,Gemstone 512x13 (103M),102643200,13,4,80,1,0,0.0009213030571117997,0.36000001430511475,1191.219970703125
Gemstone-Models/Gemstone-512x13,Gemstone 512x13 (103M),102643200,13,4,80,1,1,0.008632414042949677,0.36000001430511475,1191.219970703125
Gemstone-Models/Gemstone-512x13,Gemstone 512x13 (103M),102643200,13,4,80,1,2,0.00027884088922291994,0.36000001430511475,1191.219970703125
Gemstone-Models/Gemstone-512x13,Gemstone 512x13 (103M),102643200,13,4,80,1,3,0.0012386566959321499,0.36000001430511475,1191.219970703125
Gemstone-Models/Gemstone-512x13,Gemstone 512x13 (103M),102643200,13,4,80,2,0,0.007277300581336021,0.36000001430511475,1191.219970703125
Gemstone-Models/Gemstone-512x13,Gemstone 512x13 (103M),102643200,13,4,80,2,1,0.0013369923690333962,0.36000001430511475,1191.219970703125
Gemstone-Models/Gemstone-512x13,Gemstone 512x13 (103M),102643200,13,4,80,2,2,0.003967173397541046,0.36000001430511475,1191.219970703125
Gemstone-Models/Gemstone-512x13,Gemstone 512x13 (103M),102643200,13,4,80,2,3,0.005759989842772484,0.36000001430511475,1191.219970703125
Gemstone-Models/Gemstone-512x13,Gemstone 512x13 (103M),102643200,13,4,80,3,0,0.0060306452214717865,0.36000001430511475,1191.219970703125
Gemstone-Models/Gemstone-512x13,Gemstone 512x13 (103M),102643200,13,4,80,3,1,0.0002791440056171268,0.36000001430511475,1191.219970703125
Gemstone-Models/Gemstone-512x13,Gemstone 512x13 (103M),102643200,13,4,80,3,2,0.00557892257347703,0.36000001430511475,1191.219970703125
Gemstone-Models/Gemstone-512x13,Gemstone 512x13 (103M),102643200,13,4,80,3,3,0.007316498551517725,0.36000001430511475,1191.219970703125
Gemstone-Models/Gemstone-512x13,Gemstone 512x13 (103M),102643200,13,4,80,4,0,0.01794588565826416,0.36000001430511475,1191.219970703125
Gemstone-Models/Gemstone-512x13,Gemstone 512x13 (103M),102643200,13,4,80,4,1,0.004266772884875536,0.36000001430511475,1191.219970703125
Gemstone-Models/Gemstone-512x13,Gemstone 512x13 (103M),102643200,13,4,80,4,2,0.008223254233598709,0.36000001430511475,1191.219970703125
Gemstone-Models/Gemstone-512x13,Gemstone 512x13 (103M),102643200,13,4,80,4,3,0.0011999711859971285,0.36000001430511475,1191.219970703125
Gemstone-Models/Gemstone-512x13,Gemstone 512x13 (103M),102643200,13,4,80,5,0,0.008027343079447746,0.36000001430511475,1191.219970703125
Gemstone-Models/Gemstone-512x13,Gemstone 512x13 (103M),102643200,13,4,80,5,1,0.012604582123458385,0.36000001430511475,1191.219970703125
Gemstone-Models/Gemstone-512x13,Gemstone 512x13 (103M),102643200,13,4,80,5,2,3.430986623698118e-07,0.36000001430511475,1191.219970703125
Gemstone-Models/Gemstone-512x13,Gemstone 512x13 (103M),102643200,13,4,80,5,3,8.086494926828891e-05,0.36000001430511475,1191.219970703125
Gemstone-Models/Gemstone-512x13,Gemstone 512x13 (103M),102643200,13,4,80,6,0,0.0003687031858135015,0.36000001430511475,1191.219970703125
Gemstone-Models/Gemstone-512x13,Gemstone 512x13 (103M),102643200,13,4,80,6,1,0.8147310018539429,0.36000001430511475,1191.219970703125
Gemstone-Models/Gemstone-512x13,Gemstone 512x13 (103M),102643200,13,4,80,6,2,0.0028748810291290283,0.36000001430511475,1191.219970703125
Gemstone-Models/Gemstone-512x13,Gemstone 512x13 (103M),102643200,13,4,80,6,3,0.0035581011325120926,0.36000001430511475,1191.219970703125
Gemstone-Models/Gemstone-512x13,Gemstone 512x13 (103M),102643200,13,4,80,7,0,0.001783637679181993,0.36000001430511475,1191.219970703125
Gemstone-Models/Gemstone-512x13,Gemstone 512x13 (103M),102643200,13,4,80,7,1,9.74753056652844e-05,0.36000001430511475,1191.219970703125
Gemstone-Models/Gemstone-512x13,Gemstone 512x13 (103M),102643200,13,4,80,7,2,0.0003690861922223121,0.36000001430511475,1191.219970703125
Gemstone-Models/Gemstone-512x13,Gemstone 512x13 (103M),102643200,13,4,80,7,3,0.0003854262758977711,0.36000001430511475,1191.219970703125
Gemstone-Models/Gemstone-512x13,Gemstone 512x13 (103M),102643200,13,4,80,8,0,0.003564012236893177,0.36000001430511475,1191.219970703125
Gemstone-Models/Gemstone-512x13,Gemstone 512x13 (103M),102643200,13,4,80,8,1,0.00370110385119915,0.36000001430511475,1191.219970703125
Gemstone-Models/Gemstone-512x13,Gemstone 512x13 (103M),102643200,13,4,80,8,2,0.0002884277200791985,0.36000001430511475,1191.219970703125
Gemstone-Models/Gemstone-512x13,Gemstone 512x13 (103M),102643200,13,4,80,8,3,0.02832353673875332,0.36000001430511475,1191.219970703125
Gemstone-Models/Gemstone-512x13,Gemstone 512x13 (103M),102643200,13,4,80,9,0,1.048357756161522e-08,0.36000001430511475,1191.219970703125
Gemstone-Models/Gemstone-512x13,Gemstone 512x13 (103M),102643200,13,4,80,9,1,0.0002709373366087675,0.36000001430511475,1191.219970703125
Gemstone-Models/Gemstone-512x13,Gemstone 512x13 (103M),102643200,13,4,80,9,2,0.0015351750189438462,0.36000001430511475,1191.219970703125
Gemstone-Models/Gemstone-512x13,Gemstone 512x13 (103M),102643200,13,4,80,9,3,0.010378017090260983,0.36000001430511475,1191.219970703125
Gemstone-Models/Gemstone-512x13,Gemstone 512x13 (103M),102643200,13,4,80,10,0,0.7897659540176392,0.36000001430511475,1191.219970703125
Gemstone-Models/Gemstone-512x13,Gemstone 512x13 (103M),102643200,13,4,80,10,1,0.14455896615982056,0.36000001430511475,1191.219970703125
Gemstone-Models/Gemstone-512x13,Gemstone 512x13 (103M),102643200,13,4,80,10,2,0.003917390014976263,0.36000001430511475,1191.219970703125
Gemstone-Models/Gemstone-512x13,Gemstone 512x13 (103M),102643200,13,4,80,10,3,0.16590756177902222,0.36000001430511475,1191.219970703125
Gemstone-Models/Gemstone-512x13,Gemstone 512x13 (103M),102643200,13,4,80,11,0,0.02942332997918129,0.36000001430511475,1191.219970703125
Gemstone-Models/Gemstone-512x13,Gemstone 512x13 (103M),102643200,13,4,80,11,1,0.04161340370774269,0.36000001430511475,1191.219970703125
Gemstone-Models/Gemstone-512x13,Gemstone 512x13 (103M),102643200,13,4,80,11,2,0.3193514049053192,0.36000001430511475,1191.219970703125
Gemstone-Models/Gemstone-512x13,Gemstone 512x13 (103M),102643200,13,4,80,11,3,0.22113539278507233,0.36000001430511475,1191.219970703125
Gemstone-Models/Gemstone-512x13,Gemstone 512x13 (103M),102643200,13,4,80,12,0,0.0041791214607656,0.36000001430511475,1191.219970703125
Gemstone-Models/Gemstone-512x13,Gemstone 512x13 (103M),102643200,13,4,80,12,1,0.0030024638399481773,0.36000001430511475,1191.219970703125
Gemstone-Models/Gemstone-512x13,Gemstone 512x13 (103M),102643200,13,4,80,12,2,0.011754746548831463,0.36000001430511475,1191.219970703125
Gemstone-Models/Gemstone-512x13,Gemstone 512x13 (103M),102643200,13,4,80,12,3,0.006135785486549139,0.36000001430511475,1191.219970703125
Gemstone-Models/Gemstone-512x13,Gemstone 512x13 (103M),102643200,13,4,81,0,0,3.712298348546028e-05,0.9200000166893005,39.959999084472656
Gemstone-Models/Gemstone-512x13,Gemstone 512x13 (103M),102643200,13,4,81,0,1,0.003281446173787117,0.9200000166893005,39.959999084472656
Gemstone-Models/Gemstone-512x13,Gemstone 512x13 (103M),102643200,13,4,81,0,2,0.014737099409103394,0.9200000166893005,39.959999084472656
Gemstone-Models/Gemstone-512x13,Gemstone 512x13 (103M),102643200,13,4,81,0,3,0.008060973137617111,0.9200000166893005,39.959999084472656
Gemstone-Models/Gemstone-512x13,Gemstone 512x13 (103M),102643200,13,4,81,1,0,0.0008992712246254086,0.9200000166893005,39.959999084472656
Gemstone-Models/Gemstone-512x13,Gemstone 512x13 (103M),102643200,13,4,81,1,1,0.009423975832760334,0.9200000166893005,39.959999084472656
Gemstone-Models/Gemstone-512x13,Gemstone 512x13 (103M),102643200,13,4,81,1,2,0.0016828812658786774,0.9200000166893005,39.959999084472656
Gemstone-Models/Gemstone-512x13,Gemstone 512x13 (103M),102643200,13,4,81,1,3,0.0019326885230839252,0.9200000166893005,39.959999084472656
Gemstone-Models/Gemstone-512x13,Gemstone 512x13 (103M),102643200,13,4,81,2,0,0.012891474179923534,0.9200000166893005,39.959999084472656
Gemstone-Models/Gemstone-512x13,Gemstone 512x13 (103M),102643200,13,4,81,2,1,0.002306044800207019,0.9200000166893005,39.959999084472656
Gemstone-Models/Gemstone-512x13,Gemstone 512x13 (103M),102643200,13,4,81,2,2,0.013982237316668034,0.9200000166893005,39.959999084472656
Gemstone-Models/Gemstone-512x13,Gemstone 512x13 (103M),102643200,13,4,81,2,3,0.015269079245626926,0.9200000166893005,39.959999084472656
Gemstone-Models/Gemstone-512x13,Gemstone 512x13 (103M),102643200,13,4,81,3,0,0.0046365344896912575,0.9200000166893005,39.959999084472656
Gemstone-Models/Gemstone-512x13,Gemstone 512x13 (103M),102643200,13,4,81,3,1,0.00046200468204915524,0.9200000166893005,39.959999084472656
Gemstone-Models/Gemstone-512x13,Gemstone 512x13 (103M),102643200,13,4,81,3,2,0.006937816273421049,0.9200000166893005,39.959999084472656
Gemstone-Models/Gemstone-512x13,Gemstone 512x13 (103M),102643200,13,4,81,3,3,0.013302040286362171,0.9200000166893005,39.959999084472656
Gemstone-Models/Gemstone-512x13,Gemstone 512x13 (103M),102643200,13,4,81,4,0,0.02111469767987728,0.9200000166893005,39.959999084472656
Gemstone-Models/Gemstone-512x13,Gemstone 512x13 (103M),102643200,13,4,81,4,1,0.005827826447784901,0.9200000166893005,39.959999084472656
Gemstone-Models/Gemstone-512x13,Gemstone 512x13 (103M),102643200,13,4,81,4,2,0.00842465553432703,0.9200000166893005,39.959999084472656
Gemstone-Models/Gemstone-512x13,Gemstone 512x13 (103M),102643200,13,4,81,4,3,0.0014630962396040559,0.9200000166893005,39.959999084472656
Gemstone-Models/Gemstone-512x13,Gemstone 512x13 (103M),102643200,13,4,81,5,0,0.012259171344339848,0.9200000166893005,39.959999084472656
Gemstone-Models/Gemstone-512x13,Gemstone 512x13 (103M),102643200,13,4,81,5,1,0.012463748455047607,0.9200000166893005,39.959999084472656
Gemstone-Models/Gemstone-512x13,Gemstone 512x13 (103M),102643200,13,4,81,5,2,6.808467105656746e-07,0.9200000166893005,39.959999084472656
Gemstone-Models/Gemstone-512x13,Gemstone 512x13 (103M),102643200,13,4,81,5,3,0.00013838583254255354,0.9200000166893005,39.959999084472656
Gemstone-Models/Gemstone-512x13,Gemstone 512x13 (103M),102643200,13,4,81,6,0,0.000587939633987844,0.9200000166893005,39.959999084472656
Gemstone-Models/Gemstone-512x13,Gemstone 512x13 (103M),102643200,13,4,81,6,1,0.8962609171867371,0.9200000166893005,39.959999084472656
Gemstone-Models/Gemstone-512x13,Gemstone 512x13 (103M),102643200,13,4,81,6,2,0.006502900272607803,0.9200000166893005,39.959999084472656
Gemstone-Models/Gemstone-512x13,Gemstone 512x13 (103M),102643200,13,4,81,6,3,0.005776393227279186,0.9200000166893005,39.959999084472656
Gemstone-Models/Gemstone-512x13,Gemstone 512x13 (103M),102643200,13,4,81,7,0,0.0020154460798949003,0.9200000166893005,39.959999084472656
Gemstone-Models/Gemstone-512x13,Gemstone 512x13 (103M),102643200,13,4,81,7,1,0.00010494517482584342,0.9200000166893005,39.959999084472656
Gemstone-Models/Gemstone-512x13,Gemstone 512x13 (103M),102643200,13,4,81,7,2,0.00017891784955281764,0.9200000166893005,39.959999084472656
Gemstone-Models/Gemstone-512x13,Gemstone 512x13 (103M),102643200,13,4,81,7,3,0.0008086979505605996,0.9200000166893005,39.959999084472656
Gemstone-Models/Gemstone-512x13,Gemstone 512x13 (103M),102643200,13,4,81,8,0,0.002555884188041091,0.9200000166893005,39.959999084472656
Gemstone-Models/Gemstone-512x13,Gemstone 512x13 (103M),102643200,13,4,81,8,1,0.003450522432103753,0.9200000166893005,39.959999084472656
Gemstone-Models/Gemstone-512x13,Gemstone 512x13 (103M),102643200,13,4,81,8,2,0.0003458504506852478,0.9200000166893005,39.959999084472656
Gemstone-Models/Gemstone-512x13,Gemstone 512x13 (103M),102643200,13,4,81,8,3,0.037627458572387695,0.9200000166893005,39.959999084472656
Gemstone-Models/Gemstone-512x13,Gemstone 512x13 (103M),102643200,13,4,81,9,0,4.383329610391229e-08,0.9200000166893005,39.959999084472656
Gemstone-Models/Gemstone-512x13,Gemstone 512x13 (103M),102643200,13,4,81,9,1,0.00023932840849738568,0.9200000166893005,39.959999084472656
Gemstone-Models/Gemstone-512x13,Gemstone 512x13 (103M),102643200,13,4,81,9,2,0.0032050672452896833,0.9200000166893005,39.959999084472656
Gemstone-Models/Gemstone-512x13,Gemstone 512x13 (103M),102643200,13,4,81,9,3,0.021327035501599312,0.9200000166893005,39.959999084472656
Gemstone-Models/Gemstone-512x13,Gemstone 512x13 (103M),102643200,13,4,81,10,0,0.9020744562149048,0.9200000166893005,39.959999084472656
Gemstone-Models/Gemstone-512x13,Gemstone 512x13 (103M),102643200,13,4,81,10,1,0.20799846947193146,0.9200000166893005,39.959999084472656
Gemstone-Models/Gemstone-512x13,Gemstone 512x13 (103M),102643200,13,4,81,10,2,0.0036649552639573812,0.9200000166893005,39.959999084472656
Gemstone-Models/Gemstone-512x13,Gemstone 512x13 (103M),102643200,13,4,81,10,3,0.1950194388628006,0.9200000166893005,39.959999084472656
Gemstone-Models/Gemstone-512x13,Gemstone 512x13 (103M),102643200,13,4,81,11,0,0.051160283386707306,0.9200000166893005,39.959999084472656
Gemstone-Models/Gemstone-512x13,Gemstone 512x13 (103M),102643200,13,4,81,11,1,0.08070883899927139,0.9200000166893005,39.959999084472656
Gemstone-Models/Gemstone-512x13,Gemstone 512x13 (103M),102643200,13,4,81,11,2,0.5279524922370911,0.9200000166893005,39.959999084472656
Gemstone-Models/Gemstone-512x13,Gemstone 512x13 (103M),102643200,13,4,81,11,3,0.38786599040031433,0.9200000166893005,39.959999084472656
Gemstone-Models/Gemstone-512x13,Gemstone 512x13 (103M),102643200,13,4,81,12,0,0.0042911614291369915,0.9200000166893005,39.959999084472656
Gemstone-Models/Gemstone-512x13,Gemstone 512x13 (103M),102643200,13,4,81,12,1,0.001543107209727168,0.9200000166893005,39.959999084472656
Gemstone-Models/Gemstone-512x13,Gemstone 512x13 (103M),102643200,13,4,81,12,2,0.01605374738574028,0.9200000166893005,39.959999084472656
Gemstone-Models/Gemstone-512x13,Gemstone 512x13 (103M),102643200,13,4,81,12,3,0.005100531969219446,0.9200000166893005,39.959999084472656
Gemstone-Models/Gemstone-512x13,Gemstone 512x13 (103M),102643200,13,4,82,0,0,1.907187106553465e-05,0.23999999463558197,1011.7999877929688
Gemstone-Models/Gemstone-512x13,Gemstone 512x13 (103M),102643200,13,4,82,0,1,0.00324851181358099,0.23999999463558197,1011.7999877929688
Gemstone-Models/Gemstone-512x13,Gemstone 512x13 (103M),102643200,13,4,82,0,2,0.016164325177669525,0.23999999463558197,1011.7999877929688
Gemstone-Models/Gemstone-512x13,Gemstone 512x13 (103M),102643200,13,4,82,0,3,0.007789518218487501,0.23999999463558197,1011.7999877929688
Gemstone-Models/Gemstone-512x13,Gemstone 512x13 (103M),102643200,13,4,82,1,0,0.0008481873665004969,0.23999999463558197,1011.7999877929688
Gemstone-Models/Gemstone-512x13,Gemstone 512x13 (103M),102643200,13,4,82,1,1,0.006711641326546669,0.23999999463558197,1011.7999877929688
Gemstone-Models/Gemstone-512x13,Gemstone 512x13 (103M),102643200,13,4,82,1,2,0.0003752765478566289,0.23999999463558197,1011.7999877929688
Gemstone-Models/Gemstone-512x13,Gemstone 512x13 (103M),102643200,13,4,82,1,3,0.003111464437097311,0.23999999463558197,1011.7999877929688
Gemstone-Models/Gemstone-512x13,Gemstone 512x13 (103M),102643200,13,4,82,2,0,0.007450518663972616,0.23999999463558197,1011.7999877929688
Gemstone-Models/Gemstone-512x13,Gemstone 512x13 (103M),102643200,13,4,82,2,1,0.00093074917094782,0.23999999463558197,1011.7999877929688
Gemstone-Models/Gemstone-512x13,Gemstone 512x13 (103M),102643200,13,4,82,2,2,0.014347285963594913,0.23999999463558197,1011.7999877929688
Gemstone-Models/Gemstone-512x13,Gemstone 512x13 (103M),102643200,13,4,82,2,3,0.009858685545623302,0.23999999463558197,1011.7999877929688
Gemstone-Models/Gemstone-512x13,Gemstone 512x13 (103M),102643200,13,4,82,3,0,0.006724163424223661,0.23999999463558197,1011.7999877929688
Gemstone-Models/Gemstone-512x13,Gemstone 512x13 (103M),102643200,13,4,82,3,1,0.00026367593090981245,0.23999999463558197,1011.7999877929688
Gemstone-Models/Gemstone-512x13,Gemstone 512x13 (103M),102643200,13,4,82,3,2,0.00401547783985734,0.23999999463558197,1011.7999877929688
Gemstone-Models/Gemstone-512x13,Gemstone 512x13 (103M),102643200,13,4,82,3,3,0.008033022284507751,0.23999999463558197,1011.7999877929688
Gemstone-Models/Gemstone-512x13,Gemstone 512x13 (103M),102643200,13,4,82,4,0,0.01788242533802986,0.23999999463558197,1011.7999877929688
Gemstone-Models/Gemstone-512x13,Gemstone 512x13 (103M),102643200,13,4,82,4,1,0.004225151613354683,0.23999999463558197,1011.7999877929688
Gemstone-Models/Gemstone-512x13,Gemstone 512x13 (103M),102643200,13,4,82,4,2,0.008439527824521065,0.23999999463558197,1011.7999877929688
Gemstone-Models/Gemstone-512x13,Gemstone 512x13 (103M),102643200,13,4,82,4,3,0.0018193467985838652,0.23999999463558197,1011.7999877929688
Gemstone-Models/Gemstone-512x13,Gemstone 512x13 (103M),102643200,13,4,82,5,0,0.009286293759942055,0.23999999463558197,1011.7999877929688
Gemstone-Models/Gemstone-512x13,Gemstone 512x13 (103M),102643200,13,4,82,5,1,0.013421764597296715,0.23999999463558197,1011.7999877929688
Gemstone-Models/Gemstone-512x13,Gemstone 512x13 (103M),102643200,13,4,82,5,2,1.9507746173985652e-07,0.23999999463558197,1011.7999877929688
Gemstone-Models/Gemstone-512x13,Gemstone 512x13 (103M),102643200,13,4,82,5,3,0.00018792678019963205,0.23999999463558197,1011.7999877929688
Gemstone-Models/Gemstone-512x13,Gemstone 512x13 (103M),102643200,13,4,82,6,0,0.0004008863470517099,0.23999999463558197,1011.7999877929688
Gemstone-Models/Gemstone-512x13,Gemstone 512x13 (103M),102643200,13,4,82,6,1,0.7271488308906555,0.23999999463558197,1011.7999877929688
Gemstone-Models/Gemstone-512x13,Gemstone 512x13 (103M),102643200,13,4,82,6,2,0.004223442170768976,0.23999999463558197,1011.7999877929688
Gemstone-Models/Gemstone-512x13,Gemstone 512x13 (103M),102643200,13,4,82,6,3,0.0034186176490038633,0.23999999463558197,1011.7999877929688
Gemstone-Models/Gemstone-512x13,Gemstone 512x13 (103M),102643200,13,4,82,7,0,0.0018476728582754731,0.23999999463558197,1011.7999877929688
Gemstone-Models/Gemstone-512x13,Gemstone 512x13 (103M),102643200,13,4,82,7,1,0.0001423787180101499,0.23999999463558197,1011.7999877929688
Gemstone-Models/Gemstone-512x13,Gemstone 512x13 (103M),102643200,13,4,82,7,2,0.00044472209992818534,0.23999999463558197,1011.7999877929688
Gemstone-Models/Gemstone-512x13,Gemstone 512x13 (103M),102643200,13,4,82,7,3,0.0004932844894938171,0.23999999463558197,1011.7999877929688
Gemstone-Models/Gemstone-512x13,Gemstone 512x13 (103M),102643200,13,4,82,8,0,0.0033613168634474277,0.23999999463558197,1011.7999877929688
Gemstone-Models/Gemstone-512x13,Gemstone 512x13 (103M),102643200,13,4,82,8,1,0.0032441543880850077,0.23999999463558197,1011.7999877929688
Gemstone-Models/Gemstone-512x13,Gemstone 512x13 (103M),102643200,13,4,82,8,2,0.00025595343322493136,0.23999999463558197,1011.7999877929688
Gemstone-Models/Gemstone-512x13,Gemstone 512x13 (103M),102643200,13,4,82,8,3,0.0251222625374794,0.23999999463558197,1011.7999877929688
Gemstone-Models/Gemstone-512x13,Gemstone 512x13 (103M),102643200,13,4,82,9,0,7.127928469685685e-09,0.23999999463558197,1011.7999877929688
Gemstone-Models/Gemstone-512x13,Gemstone 512x13 (103M),102643200,13,4,82,9,1,0.00021141873730812222,0.23999999463558197,1011.7999877929688
Gemstone-Models/Gemstone-512x13,Gemstone 512x13 (103M),102643200,13,4,82,9,2,0.0017498715315014124,0.23999999463558197,1011.7999877929688
Gemstone-Models/Gemstone-512x13,Gemstone 512x13 (103M),102643200,13,4,82,9,3,0.010276994667947292,0.23999999463558197,1011.7999877929688
Gemstone-Models/Gemstone-512x13,Gemstone 512x13 (103M),102643200,13,4,82,10,0,0.7844000458717346,0.23999999463558197,1011.7999877929688
Gemstone-Models/Gemstone-512x13,Gemstone 512x13 (103M),102643200,13,4,82,10,1,0.11831282824277878,0.23999999463558197,1011.7999877929688
Gemstone-Models/Gemstone-512x13,Gemstone 512x13 (103M),102643200,13,4,82,10,2,0.003446342656388879,0.23999999463558197,1011.7999877929688
Gemstone-Models/Gemstone-512x13,Gemstone 512x13 (103M),102643200,13,4,82,10,3,0.15087439119815826,0.23999999463558197,1011.7999877929688
Gemstone-Models/Gemstone-512x13,Gemstone 512x13 (103M),102643200,13,4,82,11,0,0.026131562888622284,0.23999999463558197,1011.7999877929688
Gemstone-Models/Gemstone-512x13,Gemstone 512x13 (103M),102643200,13,4,82,11,1,0.027790861204266548,0.23999999463558197,1011.7999877929688
Gemstone-Models/Gemstone-512x13,Gemstone 512x13 (103M),102643200,13,4,82,11,2,0.25498631596565247,0.23999999463558197,1011.7999877929688
Gemstone-Models/Gemstone-512x13,Gemstone 512x13 (103M),102643200,13,4,82,11,3,0.17819583415985107,0.23999999463558197,1011.7999877929688
Gemstone-Models/Gemstone-512x13,Gemstone 512x13 (103M),102643200,13,4,82,12,0,0.0033618693705648184,0.23999999463558197,1011.7999877929688
Gemstone-Models/Gemstone-512x13,Gemstone 512x13 (103M),102643200,13,4,82,12,1,0.0026571135967969894,0.23999999463558197,1011.7999877929688
Gemstone-Models/Gemstone-512x13,Gemstone 512x13 (103M),102643200,13,4,82,12,2,0.0076068127527832985,0.23999999463558197,1011.7999877929688
Gemstone-Models/Gemstone-512x13,Gemstone 512x13 (103M),102643200,13,4,82,12,3,0.004906027112156153,0.23999999463558197,1011.7999877929688
Gemstone-Models/Gemstone-512x13,Gemstone 512x13 (103M),102643200,13,4,83,0,0,0.007674860302358866,0.7599999904632568,2124.93994140625
Gemstone-Models/Gemstone-512x13,Gemstone 512x13 (103M),102643200,13,4,83,0,1,0.003938094712793827,0.7599999904632568,2124.93994140625
Gemstone-Models/Gemstone-512x13,Gemstone 512x13 (103M),102643200,13,4,83,0,2,0.015704713761806488,0.7599999904632568,2124.93994140625
Gemstone-Models/Gemstone-512x13,Gemstone 512x13 (103M),102643200,13,4,83,0,3,0.009398466907441616,0.7599999904632568,2124.93994140625
Gemstone-Models/Gemstone-512x13,Gemstone 512x13 (103M),102643200,13,4,83,1,0,0.0014630064833909273,0.7599999904632568,2124.93994140625
Gemstone-Models/Gemstone-512x13,Gemstone 512x13 (103M),102643200,13,4,83,1,1,0.01128461118787527,0.7599999904632568,2124.93994140625
Gemstone-Models/Gemstone-512x13,Gemstone 512x13 (103M),102643200,13,4,83,1,2,0.0011426068376749754,0.7599999904632568,2124.93994140625
Gemstone-Models/Gemstone-512x13,Gemstone 512x13 (103M),102643200,13,4,83,1,3,0.017751209437847137,0.7599999904632568,2124.93994140625
Gemstone-Models/Gemstone-512x13,Gemstone 512x13 (103M),102643200,13,4,83,2,0,0.012864489108324051,0.7599999904632568,2124.93994140625
Gemstone-Models/Gemstone-512x13,Gemstone 512x13 (103M),102643200,13,4,83,2,1,0.002938652876764536,0.7599999904632568,2124.93994140625
Gemstone-Models/Gemstone-512x13,Gemstone 512x13 (103M),102643200,13,4,83,2,2,0.016358649358153343,0.7599999904632568,2124.93994140625
Gemstone-Models/Gemstone-512x13,Gemstone 512x13 (103M),102643200,13,4,83,2,3,0.006052653305232525,0.7599999904632568,2124.93994140625
Gemstone-Models/Gemstone-512x13,Gemstone 512x13 (103M),102643200,13,4,83,3,0,0.005403575953096151,0.7599999904632568,2124.93994140625
Gemstone-Models/Gemstone-512x13,Gemstone 512x13 (103M),102643200,13,4,83,3,1,0.0006668387213721871,0.7599999904632568,2124.93994140625
Gemstone-Models/Gemstone-512x13,Gemstone 512x13 (103M),102643200,13,4,83,3,2,0.006841069553047419,0.7599999904632568,2124.93994140625
Gemstone-Models/Gemstone-512x13,Gemstone 512x13 (103M),102643200,13,4,83,3,3,0.008771691471338272,0.7599999904632568,2124.93994140625
Gemstone-Models/Gemstone-512x13,Gemstone 512x13 (103M),102643200,13,4,83,4,0,0.015234120190143585,0.7599999904632568,2124.93994140625
Gemstone-Models/Gemstone-512x13,Gemstone 512x13 (103M),102643200,13,4,83,4,1,0.004231574945151806,0.7599999904632568,2124.93994140625
Gemstone-Models/Gemstone-512x13,Gemstone 512x13 (103M),102643200,13,4,83,4,2,0.009879088960587978,0.7599999904632568,2124.93994140625
Gemstone-Models/Gemstone-512x13,Gemstone 512x13 (103M),102643200,13,4,83,4,3,0.002297214698046446,0.7599999904632568,2124.93994140625
Gemstone-Models/Gemstone-512x13,Gemstone 512x13 (103M),102643200,13,4,83,5,0,0.009169768542051315,0.7599999904632568,2124.93994140625
Gemstone-Models/Gemstone-512x13,Gemstone 512x13 (103M),102643200,13,4,83,5,1,0.012465073727071285,0.7599999904632568,2124.93994140625
Gemstone-Models/Gemstone-512x13,Gemstone 512x13 (103M),102643200,13,4,83,5,2,9.912635050568497e-07,0.7599999904632568,2124.93994140625
Gemstone-Models/Gemstone-512x13,Gemstone 512x13 (103M),102643200,13,4,83,5,3,0.00010685222514439374,0.7599999904632568,2124.93994140625
Gemstone-Models/Gemstone-512x13,Gemstone 512x13 (103M),102643200,13,4,83,6,0,0.0008509277831763029,0.7599999904632568,2124.93994140625
Gemstone-Models/Gemstone-512x13,Gemstone 512x13 (103M),102643200,13,4,83,6,1,0.8486456871032715,0.7599999904632568,2124.93994140625
Gemstone-Models/Gemstone-512x13,Gemstone 512x13 (103M),102643200,13,4,83,6,2,0.002385284285992384,0.7599999904632568,2124.93994140625
Gemstone-Models/Gemstone-512x13,Gemstone 512x13 (103M),102643200,13,4,83,6,3,0.0046497005969285965,0.7599999904632568,2124.93994140625
Gemstone-Models/Gemstone-512x13,Gemstone 512x13 (103M),102643200,13,4,83,7,0,0.0021824249997735023,0.7599999904632568,2124.93994140625
Gemstone-Models/Gemstone-512x13,Gemstone 512x13 (103M),102643200,13,4,83,7,1,0.00018008660117629915,0.7599999904632568,2124.93994140625
Gemstone-Models/Gemstone-512x13,Gemstone 512x13 (103M),102643200,13,4,83,7,2,0.00022269577311817557,0.7599999904632568,2124.93994140625
Gemstone-Models/Gemstone-512x13,Gemstone 512x13 (103M),102643200,13,4,83,7,3,0.0005197550635784864,0.7599999904632568,2124.93994140625
Gemstone-Models/Gemstone-512x13,Gemstone 512x13 (103M),102643200,13,4,83,8,0,0.0029353443533182144,0.7599999904632568,2124.93994140625
Gemstone-Models/Gemstone-512x13,Gemstone 512x13 (103M),102643200,13,4,83,8,1,0.0020193480886518955,0.7599999904632568,2124.93994140625
Gemstone-Models/Gemstone-512x13,Gemstone 512x13 (103M),102643200,13,4,83,8,2,0.00044790346873924136,0.7599999904632568,2124.93994140625
Gemstone-Models/Gemstone-512x13,Gemstone 512x13 (103M),102643200,13,4,83,8,3,0.025438804179430008,0.7599999904632568,2124.93994140625
Gemstone-Models/Gemstone-512x13,Gemstone 512x13 (103M),102643200,13,4,83,9,0,1.7253162454267112e-08,0.7599999904632568,2124.93994140625
Gemstone-Models/Gemstone-512x13,Gemstone 512x13 (103M),102643200,13,4,83,9,1,0.0005318758194334805,0.7599999904632568,2124.93994140625
Gemstone-Models/Gemstone-512x13,Gemstone 512x13 (103M),102643200,13,4,83,9,2,0.0019153645262122154,0.7599999904632568,2124.93994140625
Gemstone-Models/Gemstone-512x13,Gemstone 512x13 (103M),102643200,13,4,83,9,3,0.01367216557264328,0.7599999904632568,2124.93994140625
Gemstone-Models/Gemstone-512x13,Gemstone 512x13 (103M),102643200,13,4,83,10,0,0.8986999988555908,0.7599999904632568,2124.93994140625
Gemstone-Models/Gemstone-512x13,Gemstone 512x13 (103M),102643200,13,4,83,10,1,0.189706951379776,0.7599999904632568,2124.93994140625
Gemstone-Models/Gemstone-512x13,Gemstone 512x13 (103M),102643200,13,4,83,10,2,0.004664492793381214,0.7599999904632568,2124.93994140625
Gemstone-Models/Gemstone-512x13,Gemstone 512x13 (103M),102643200,13,4,83,10,3,0.1698247343301773,0.7599999904632568,2124.93994140625
Gemstone-Models/Gemstone-512x13,Gemstone 512x13 (103M),102643200,13,4,83,11,0,0.044388074427843094,0.7599999904632568,2124.93994140625
Gemstone-Models/Gemstone-512x13,Gemstone 512x13 (103M),102643200,13,4,83,11,1,0.04414968937635422,0.7599999904632568,2124.93994140625
Gemstone-Models/Gemstone-512x13,Gemstone 512x13 (103M),102643200,13,4,83,11,2,0.4680398106575012,0.7599999904632568,2124.93994140625
Gemstone-Models/Gemstone-512x13,Gemstone 512x13 (103M),102643200,13,4,83,11,3,0.3598960041999817,0.7599999904632568,2124.93994140625
Gemstone-Models/Gemstone-512x13,Gemstone 512x13 (103M),102643200,13,4,83,12,0,0.005874577909708023,0.7599999904632568,2124.93994140625
Gemstone-Models/Gemstone-512x13,Gemstone 512x13 (103M),102643200,13,4,83,12,1,0.0012055897386744618,0.7599999904632568,2124.93994140625
Gemstone-Models/Gemstone-512x13,Gemstone 512x13 (103M),102643200,13,4,83,12,2,0.01902019791305065,0.7599999904632568,2124.93994140625
Gemstone-Models/Gemstone-512x13,Gemstone 512x13 (103M),102643200,13,4,83,12,3,0.007829200476408005,0.7599999904632568,2124.93994140625
Gemstone-Models/Gemstone-512x13,Gemstone 512x13 (103M),102643200,13,4,84,0,0,0.00024060862779151648,0.9200000166893005,354.2799987792969
Gemstone-Models/Gemstone-512x13,Gemstone 512x13 (103M),102643200,13,4,84,0,1,0.005567257292568684,0.9200000166893005,354.2799987792969
Gemstone-Models/Gemstone-512x13,Gemstone 512x13 (103M),102643200,13,4,84,0,2,0.01604967750608921,0.9200000166893005,354.2799987792969
Gemstone-Models/Gemstone-512x13,Gemstone 512x13 (103M),102643200,13,4,84,0,3,0.012617651373147964,0.9200000166893005,354.2799987792969
Gemstone-Models/Gemstone-512x13,Gemstone 512x13 (103M),102643200,13,4,84,1,0,0.0011783174704760313,0.9200000166893005,354.2799987792969
Gemstone-Models/Gemstone-512x13,Gemstone 512x13 (103M),102643200,13,4,84,1,1,0.009596671909093857,0.9200000166893005,354.2799987792969
Gemstone-Models/Gemstone-512x13,Gemstone 512x13 (103M),102643200,13,4,84,1,2,9.385776502313092e-05,0.9200000166893005,354.2799987792969
Gemstone-Models/Gemstone-512x13,Gemstone 512x13 (103M),102643200,13,4,84,1,3,0.004321389831602573,0.9200000166893005,354.2799987792969
Gemstone-Models/Gemstone-512x13,Gemstone 512x13 (103M),102643200,13,4,84,2,0,0.011520602740347385,0.9200000166893005,354.2799987792969
Gemstone-Models/Gemstone-512x13,Gemstone 512x13 (103M),102643200,13,4,84,2,1,0.0020321940537542105,0.9200000166893005,354.2799987792969
Gemstone-Models/Gemstone-512x13,Gemstone 512x13 (103M),102643200,13,4,84,2,2,0.006903714966028929,0.9200000166893005,354.2799987792969
Gemstone-Models/Gemstone-512x13,Gemstone 512x13 (103M),102643200,13,4,84,2,3,0.006678917910903692,0.9200000166893005,354.2799987792969
Gemstone-Models/Gemstone-512x13,Gemstone 512x13 (103M),102643200,13,4,84,3,0,0.009169496595859528,0.9200000166893005,354.2799987792969
Gemstone-Models/Gemstone-512x13,Gemstone 512x13 (103M),102643200,13,4,84,3,1,0.000560717424377799,0.9200000166893005,354.2799987792969
Gemstone-Models/Gemstone-512x13,Gemstone 512x13 (103M),102643200,13,4,84,3,2,0.009773936122655869,0.9200000166893005,354.2799987792969
Gemstone-Models/Gemstone-512x13,Gemstone 512x13 (103M),102643200,13,4,84,3,3,0.012120428495109081,0.9200000166893005,354.2799987792969
Gemstone-Models/Gemstone-512x13,Gemstone 512x13 (103M),102643200,13,4,84,4,0,0.014961089007556438,0.9200000166893005,354.2799987792969
Gemstone-Models/Gemstone-512x13,Gemstone 512x13 (103M),102643200,13,4,84,4,1,0.0042675151489675045,0.9200000166893005,354.2799987792969
Gemstone-Models/Gemstone-512x13,Gemstone 512x13 (103M),102643200,13,4,84,4,2,0.010818015784025192,0.9200000166893005,354.2799987792969
Gemstone-Models/Gemstone-512x13,Gemstone 512x13 (103M),102643200,13,4,84,4,3,0.0012533038388937712,0.9200000166893005,354.2799987792969
Gemstone-Models/Gemstone-512x13,Gemstone 512x13 (103M),102643200,13,4,84,5,0,0.014667017385363579,0.9200000166893005,354.2799987792969
Gemstone-Models/Gemstone-512x13,Gemstone 512x13 (103M),102643200,13,4,84,5,1,0.014873548410832882,0.9200000166893005,354.2799987792969
Gemstone-Models/Gemstone-512x13,Gemstone 512x13 (103M),102643200,13,4,84,5,2,1.069233576345141e-06,0.9200000166893005,354.2799987792969
Gemstone-Models/Gemstone-512x13,Gemstone 512x13 (103M),102643200,13,4,84,5,3,0.00010416623263154179,0.9200000166893005,354.2799987792969
Gemstone-Models/Gemstone-512x13,Gemstone 512x13 (103M),102643200,13,4,84,6,0,0.0009640171192586422,0.9200000166893005,354.2799987792969
Gemstone-Models/Gemstone-512x13,Gemstone 512x13 (103M),102643200,13,4,84,6,1,0.9324367046356201,0.9200000166893005,354.2799987792969
Gemstone-Models/Gemstone-512x13,Gemstone 512x13 (103M),102643200,13,4,84,6,2,0.008226243779063225,0.9200000166893005,354.2799987792969
Gemstone-Models/Gemstone-512x13,Gemstone 512x13 (103M),102643200,13,4,84,6,3,0.0067080664448440075,0.9200000166893005,354.2799987792969
Gemstone-Models/Gemstone-512x13,Gemstone 512x13 (103M),102643200,13,4,84,7,0,0.002735171001404524,0.9200000166893005,354.2799987792969
Gemstone-Models/Gemstone-512x13,Gemstone 512x13 (103M),102643200,13,4,84,7,1,0.0001877515751402825,0.9200000166893005,354.2799987792969
Gemstone-Models/Gemstone-512x13,Gemstone 512x13 (103M),102643200,13,4,84,7,2,0.0002569022763054818,0.9200000166893005,354.2799987792969
Gemstone-Models/Gemstone-512x13,Gemstone 512x13 (103M),102643200,13,4,84,7,3,0.00044794476707465947,0.9200000166893005,354.2799987792969
Gemstone-Models/Gemstone-512x13,Gemstone 512x13 (103M),102643200,13,4,84,8,0,0.003506687004119158,0.9200000166893005,354.2799987792969
Gemstone-Models/Gemstone-512x13,Gemstone 512x13 (103M),102643200,13,4,84,8,1,0.004525071009993553,0.9200000166893005,354.2799987792969
Gemstone-Models/Gemstone-512x13,Gemstone 512x13 (103M),102643200,13,4,84,8,2,0.0004974500625394285,0.9200000166893005,354.2799987792969
Gemstone-Models/Gemstone-512x13,Gemstone 512x13 (103M),102643200,13,4,84,8,3,0.04929397627711296,0.9200000166893005,354.2799987792969
Gemstone-Models/Gemstone-512x13,Gemstone 512x13 (103M),102643200,13,4,84,9,0,3.217550670342462e-08,0.9200000166893005,354.2799987792969
Gemstone-Models/Gemstone-512x13,Gemstone 512x13 (103M),102643200,13,4,84,9,1,0.00043742635170929134,0.9200000166893005,354.2799987792969
Gemstone-Models/Gemstone-512x13,Gemstone 512x13 (103M),102643200,13,4,84,9,2,0.003145459573715925,0.9200000166893005,354.2799987792969
Gemstone-Models/Gemstone-512x13,Gemstone 512x13 (103M),102643200,13,4,84,9,3,0.02667606808245182,0.9200000166893005,354.2799987792969
Gemstone-Models/Gemstone-512x13,Gemstone 512x13 (103M),102643200,13,4,84,10,0,0.9428094625473022,0.9200000166893005,354.2799987792969
Gemstone-Models/Gemstone-512x13,Gemstone 512x13 (103M),102643200,13,4,84,10,1,0.2855518162250519,0.9200000166893005,354.2799987792969
Gemstone-Models/Gemstone-512x13,Gemstone 512x13 (103M),102643200,13,4,84,10,2,0.004908494185656309,0.9200000166893005,354.2799987792969
Gemstone-Models/Gemstone-512x13,Gemstone 512x13 (103M),102643200,13,4,84,10,3,0.2736920416355133,0.9200000166893005,354.2799987792969
Gemstone-Models/Gemstone-512x13,Gemstone 512x13 (103M),102643200,13,4,84,11,0,0.09097719192504883,0.9200000166893005,354.2799987792969
Gemstone-Models/Gemstone-512x13,Gemstone 512x13 (103M),102643200,13,4,84,11,1,0.06650632619857788,0.9200000166893005,354.2799987792969
Gemstone-Models/Gemstone-512x13,Gemstone 512x13 (103M),102643200,13,4,84,11,2,0.6391190886497498,0.9200000166893005,354.2799987792969
Gemstone-Models/Gemstone-512x13,Gemstone 512x13 (103M),102643200,13,4,84,11,3,0.451490581035614,0.9200000166893005,354.2799987792969
Gemstone-Models/Gemstone-512x13,Gemstone 512x13 (103M),102643200,13,4,84,12,0,0.003500124905258417,0.9200000166893005,354.2799987792969
Gemstone-Models/Gemstone-512x13,Gemstone 512x13 (103M),102643200,13,4,84,12,1,0.0021664435043931007,0.9200000166893005,354.2799987792969
Gemstone-Models/Gemstone-512x13,Gemstone 512x13 (103M),102643200,13,4,84,12,2,0.02389484830200672,0.9200000166893005,354.2799987792969
Gemstone-Models/Gemstone-512x13,Gemstone 512x13 (103M),102643200,13,4,84,12,3,0.007469994015991688,0.9200000166893005,354.2799987792969
Gemstone-Models/Gemstone-512x13,Gemstone 512x13 (103M),102643200,13,4,85,0,0,1.9906681700376794e-05,0.30000001192092896,330.739990234375
Gemstone-Models/Gemstone-512x13,Gemstone 512x13 (103M),102643200,13,4,85,0,1,0.002912461757659912,0.30000001192092896,330.739990234375
Gemstone-Models/Gemstone-512x13,Gemstone 512x13 (103M),102643200,13,4,85,0,2,0.014933055266737938,0.30000001192092896,330.739990234375
Gemstone-Models/Gemstone-512x13,Gemstone 512x13 (103M),102643200,13,4,85,0,3,0.008258015848696232,0.30000001192092896,330.739990234375
Gemstone-Models/Gemstone-512x13,Gemstone 512x13 (103M),102643200,13,4,85,1,0,0.0009838186670094728,0.30000001192092896,330.739990234375
Gemstone-Models/Gemstone-512x13,Gemstone 512x13 (103M),102643200,13,4,85,1,1,0.0066402368247509,0.30000001192092896,330.739990234375
Gemstone-Models/Gemstone-512x13,Gemstone 512x13 (103M),102643200,13,4,85,1,2,0.0007060049683786929,0.30000001192092896,330.739990234375
Gemstone-Models/Gemstone-512x13,Gemstone 512x13 (103M),102643200,13,4,85,1,3,0.004789737053215504,0.30000001192092896,330.739990234375
Gemstone-Models/Gemstone-512x13,Gemstone 512x13 (103M),102643200,13,4,85,2,0,0.007830414921045303,0.30000001192092896,330.739990234375
Gemstone-Models/Gemstone-512x13,Gemstone 512x13 (103M),102643200,13,4,85,2,1,0.0016125631518661976,0.30000001192092896,330.739990234375
Gemstone-Models/Gemstone-512x13,Gemstone 512x13 (103M),102643200,13,4,85,2,2,0.004090005997568369,0.30000001192092896,330.739990234375
Gemstone-Models/Gemstone-512x13,Gemstone 512x13 (103M),102643200,13,4,85,2,3,0.007728525437414646,0.30000001192092896,330.739990234375
Gemstone-Models/Gemstone-512x13,Gemstone 512x13 (103M),102643200,13,4,85,3,0,0.0058832913637161255,0.30000001192092896,330.739990234375
Gemstone-Models/Gemstone-512x13,Gemstone 512x13 (103M),102643200,13,4,85,3,1,0.0005345383542589843,0.30000001192092896,330.739990234375
Gemstone-Models/Gemstone-512x13,Gemstone 512x13 (103M),102643200,13,4,85,3,2,0.005010000430047512,0.30000001192092896,330.739990234375
Gemstone-Models/Gemstone-512x13,Gemstone 512x13 (103M),102643200,13,4,85,3,3,0.007235750090330839,0.30000001192092896,330.739990234375
Gemstone-Models/Gemstone-512x13,Gemstone 512x13 (103M),102643200,13,4,85,4,0,0.020123079419136047,0.30000001192092896,330.739990234375
Gemstone-Models/Gemstone-512x13,Gemstone 512x13 (103M),102643200,13,4,85,4,1,0.005907360464334488,0.30000001192092896,330.739990234375
Gemstone-Models/Gemstone-512x13,Gemstone 512x13 (103M),102643200,13,4,85,4,2,0.008298005908727646,0.30000001192092896,330.739990234375
Gemstone-Models/Gemstone-512x13,Gemstone 512x13 (103M),102643200,13,4,85,4,3,0.0013357594143599272,0.30000001192092896,330.739990234375
Gemstone-Models/Gemstone-512x13,Gemstone 512x13 (103M),102643200,13,4,85,5,0,0.007100573740899563,0.30000001192092896,330.739990234375
Gemstone-Models/Gemstone-512x13,Gemstone 512x13 (103M),102643200,13,4,85,5,1,0.01403866522014141,0.30000001192092896,330.739990234375
Gemstone-Models/Gemstone-512x13,Gemstone 512x13 (103M),102643200,13,4,85,5,2,1.0427188499306794e-06,0.30000001192092896,330.739990234375
Gemstone-Models/Gemstone-512x13,Gemstone 512x13 (103M),102643200,13,4,85,5,3,0.00014248078514356166,0.30000001192092896,330.739990234375
Gemstone-Models/Gemstone-512x13,Gemstone 512x13 (103M),102643200,13,4,85,6,0,0.0002727439277805388,0.30000001192092896,330.739990234375
Gemstone-Models/Gemstone-512x13,Gemstone 512x13 (103M),102643200,13,4,85,6,1,0.7642596960067749,0.30000001192092896,330.739990234375
Gemstone-Models/Gemstone-512x13,Gemstone 512x13 (103M),102643200,13,4,85,6,2,0.003414394799619913,0.30000001192092896,330.739990234375
Gemstone-Models/Gemstone-512x13,Gemstone 512x13 (103M),102643200,13,4,85,6,3,0.004543510731309652,0.30000001192092896,330.739990234375
Gemstone-Models/Gemstone-512x13,Gemstone 512x13 (103M),102643200,13,4,85,7,0,0.0020042303949594498,0.30000001192092896,330.739990234375
Gemstone-Models/Gemstone-512x13,Gemstone 512x13 (103M),102643200,13,4,85,7,1,7.557458593510091e-05,0.30000001192092896,330.739990234375
Gemstone-Models/Gemstone-512x13,Gemstone 512x13 (103M),102643200,13,4,85,7,2,0.001184013206511736,0.30000001192092896,330.739990234375
Gemstone-Models/Gemstone-512x13,Gemstone 512x13 (103M),102643200,13,4,85,7,3,0.0005756568862125278,0.30000001192092896,330.739990234375
Gemstone-Models/Gemstone-512x13,Gemstone 512x13 (103M),102643200,13,4,85,8,0,0.0047314888797700405,0.30000001192092896,330.739990234375
Gemstone-Models/Gemstone-512x13,Gemstone 512x13 (103M),102643200,13,4,85,8,1,0.00405074842274189,0.30000001192092896,330.739990234375
Gemstone-Models/Gemstone-512x13,Gemstone 512x13 (103M),102643200,13,4,85,8,2,0.00022006474318914115,0.30000001192092896,330.739990234375
Gemstone-Models/Gemstone-512x13,Gemstone 512x13 (103M),102643200,13,4,85,8,3,0.03551873192191124,0.30000001192092896,330.739990234375
Gemstone-Models/Gemstone-512x13,Gemstone 512x13 (103M),102643200,13,4,85,9,0,1.3192487102742234e-08,0.30000001192092896,330.739990234375
Gemstone-Models/Gemstone-512x13,Gemstone 512x13 (103M),102643200,13,4,85,9,1,0.00028669220046140254,0.30000001192092896,330.739990234375
Gemstone-Models/Gemstone-512x13,Gemstone 512x13 (103M),102643200,13,4,85,9,2,0.0020299258176237345,0.30000001192092896,330.739990234375
Gemstone-Models/Gemstone-512x13,Gemstone 512x13 (103M),102643200,13,4,85,9,3,0.01093355193734169,0.30000001192092896,330.739990234375
Gemstone-Models/Gemstone-512x13,Gemstone 512x13 (103M),102643200,13,4,85,10,0,0.8333736658096313,0.30000001192092896,330.739990234375
Gemstone-Models/Gemstone-512x13,Gemstone 512x13 (103M),102643200,13,4,85,10,1,0.12521761655807495,0.30000001192092896,330.739990234375
Gemstone-Models/Gemstone-512x13,Gemstone 512x13 (103M),102643200,13,4,85,10,2,0.003523932071402669,0.30000001192092896,330.739990234375
Gemstone-Models/Gemstone-512x13,Gemstone 512x13 (103M),102643200,13,4,85,10,3,0.1351679563522339,0.30000001192092896,330.739990234375
Gemstone-Models/Gemstone-512x13,Gemstone 512x13 (103M),102643200,13,4,85,11,0,0.031761977821588516,0.30000001192092896,330.739990234375
Gemstone-Models/Gemstone-512x13,Gemstone 512x13 (103M),102643200,13,4,85,11,1,0.034214407205581665,0.30000001192092896,330.739990234375
Gemstone-Models/Gemstone-512x13,Gemstone 512x13 (103M),102643200,13,4,85,11,2,0.27837878465652466,0.30000001192092896,330.739990234375
Gemstone-Models/Gemstone-512x13,Gemstone 512x13 (103M),102643200,13,4,85,11,3,0.20492783188819885,0.30000001192092896,330.739990234375
Gemstone-Models/Gemstone-512x13,Gemstone 512x13 (103M),102643200,13,4,85,12,0,0.003014295594766736,0.30000001192092896,330.739990234375
Gemstone-Models/Gemstone-512x13,Gemstone 512x13 (103M),102643200,13,4,85,12,1,0.002999759977683425,0.30000001192092896,330.739990234375
Gemstone-Models/Gemstone-512x13,Gemstone 512x13 (103M),102643200,13,4,85,12,2,0.007939610630273819,0.30000001192092896,330.739990234375
Gemstone-Models/Gemstone-512x13,Gemstone 512x13 (103M),102643200,13,4,85,12,3,0.006624923553317785,0.30000001192092896,330.739990234375
Gemstone-Models/Gemstone-512x13,Gemstone 512x13 (103M),102643200,13,4,86,0,0,0.0019218220841139555,0.6399999856948853,1963.3800048828125
Gemstone-Models/Gemstone-512x13,Gemstone 512x13 (103M),102643200,13,4,86,0,1,0.004541351925581694,0.6399999856948853,1963.3800048828125
Gemstone-Models/Gemstone-512x13,Gemstone 512x13 (103M),102643200,13,4,86,0,2,0.015419074334204197,0.6399999856948853,1963.3800048828125
Gemstone-Models/Gemstone-512x13,Gemstone 512x13 (103M),102643200,13,4,86,0,3,0.0076635549776256084,0.6399999856948853,1963.3800048828125
Gemstone-Models/Gemstone-512x13,Gemstone 512x13 (103M),102643200,13,4,86,1,0,0.0010981291998177767,0.6399999856948853,1963.3800048828125
Gemstone-Models/Gemstone-512x13,Gemstone 512x13 (103M),102643200,13,4,86,1,1,0.014192143455147743,0.6399999856948853,1963.3800048828125
Gemstone-Models/Gemstone-512x13,Gemstone 512x13 (103M),102643200,13,4,86,1,2,0.00011125326273031533,0.6399999856948853,1963.3800048828125
Gemstone-Models/Gemstone-512x13,Gemstone 512x13 (103M),102643200,13,4,86,1,3,0.019536960870027542,0.6399999856948853,1963.3800048828125
Gemstone-Models/Gemstone-512x13,Gemstone 512x13 (103M),102643200,13,4,86,2,0,0.009049324318766594,0.6399999856948853,1963.3800048828125
Gemstone-Models/Gemstone-512x13,Gemstone 512x13 (103M),102643200,13,4,86,2,1,0.0012974777491763234,0.6399999856948853,1963.3800048828125
Gemstone-Models/Gemstone-512x13,Gemstone 512x13 (103M),102643200,13,4,86,2,2,0.012646312825381756,0.6399999856948853,1963.3800048828125
Gemstone-Models/Gemstone-512x13,Gemstone 512x13 (103M),102643200,13,4,86,2,3,0.010433447547256947,0.6399999856948853,1963.3800048828125
Gemstone-Models/Gemstone-512x13,Gemstone 512x13 (103M),102643200,13,4,86,3,0,0.00571840163320303,0.6399999856948853,1963.3800048828125
Gemstone-Models/Gemstone-512x13,Gemstone 512x13 (103M),102643200,13,4,86,3,1,0.0005952413193881512,0.6399999856948853,1963.3800048828125
Gemstone-Models/Gemstone-512x13,Gemstone 512x13 (103M),102643200,13,4,86,3,2,0.005364729557186365,0.6399999856948853,1963.3800048828125
Gemstone-Models/Gemstone-512x13,Gemstone 512x13 (103M),102643200,13,4,86,3,3,0.009063729085028172,0.6399999856948853,1963.3800048828125
Gemstone-Models/Gemstone-512x13,Gemstone 512x13 (103M),102643200,13,4,86,4,0,0.01835167035460472,0.6399999856948853,1963.3800048828125
Gemstone-Models/Gemstone-512x13,Gemstone 512x13 (103M),102643200,13,4,86,4,1,0.007781267631798983,0.6399999856948853,1963.3800048828125
Gemstone-Models/Gemstone-512x13,Gemstone 512x13 (103M),102643200,13,4,86,4,2,0.009130585938692093,0.6399999856948853,1963.3800048828125
Gemstone-Models/Gemstone-512x13,Gemstone 512x13 (103M),102643200,13,4,86,4,3,0.0014865678967908025,0.6399999856948853,1963.3800048828125
Gemstone-Models/Gemstone-512x13,Gemstone 512x13 (103M),102643200,13,4,86,5,0,0.009622379206120968,0.6399999856948853,1963.3800048828125
Gemstone-Models/Gemstone-512x13,Gemstone 512x13 (103M),102643200,13,4,86,5,1,0.013105196878314018,0.6399999856948853,1963.3800048828125
Gemstone-Models/Gemstone-512x13,Gemstone 512x13 (103M),102643200,13,4,86,5,2,6.422547471629514e-07,0.6399999856948853,1963.3800048828125
Gemstone-Models/Gemstone-512x13,Gemstone 512x13 (103M),102643200,13,4,86,5,3,0.00024797700461931527,0.6399999856948853,1963.3800048828125
Gemstone-Models/Gemstone-512x13,Gemstone 512x13 (103M),102643200,13,4,86,6,0,0.00046380370622500777,0.6399999856948853,1963.3800048828125
Gemstone-Models/Gemstone-512x13,Gemstone 512x13 (103M),102643200,13,4,86,6,1,0.7997198700904846,0.6399999856948853,1963.3800048828125
Gemstone-Models/Gemstone-512x13,Gemstone 512x13 (103M),102643200,13,4,86,6,2,0.0029052733443677425,0.6399999856948853,1963.3800048828125
Gemstone-Models/Gemstone-512x13,Gemstone 512x13 (103M),102643200,13,4,86,6,3,0.0044680698774755,0.6399999856948853,1963.3800048828125
Gemstone-Models/Gemstone-512x13,Gemstone 512x13 (103M),102643200,13,4,86,7,0,0.0025038477033376694,0.6399999856948853,1963.3800048828125
Gemstone-Models/Gemstone-512x13,Gemstone 512x13 (103M),102643200,13,4,86,7,1,0.00012470621732063591,0.6399999856948853,1963.3800048828125
Gemstone-Models/Gemstone-512x13,Gemstone 512x13 (103M),102643200,13,4,86,7,2,0.000495104759465903,0.6399999856948853,1963.3800048828125
Gemstone-Models/Gemstone-512x13,Gemstone 512x13 (103M),102643200,13,4,86,7,3,0.0006413468508981168,0.6399999856948853,1963.3800048828125
Gemstone-Models/Gemstone-512x13,Gemstone 512x13 (103M),102643200,13,4,86,8,0,0.003918416332453489,0.6399999856948853,1963.3800048828125
Gemstone-Models/Gemstone-512x13,Gemstone 512x13 (103M),102643200,13,4,86,8,1,0.005486311390995979,0.6399999856948853,1963.3800048828125
Gemstone-Models/Gemstone-512x13,Gemstone 512x13 (103M),102643200,13,4,86,8,2,0.00032756291329860687,0.6399999856948853,1963.3800048828125
Gemstone-Models/Gemstone-512x13,Gemstone 512x13 (103M),102643200,13,4,86,8,3,0.028087429702281952,0.6399999856948853,1963.3800048828125
Gemstone-Models/Gemstone-512x13,Gemstone 512x13 (103M),102643200,13,4,86,9,0,1.0703594455208076e-08,0.6399999856948853,1963.3800048828125
Gemstone-Models/Gemstone-512x13,Gemstone 512x13 (103M),102643200,13,4,86,9,1,0.0002866700233425945,0.6399999856948853,1963.3800048828125
Gemstone-Models/Gemstone-512x13,Gemstone 512x13 (103M),102643200,13,4,86,9,2,0.001465580309741199,0.6399999856948853,1963.3800048828125
Gemstone-Models/Gemstone-512x13,Gemstone 512x13 (103M),102643200,13,4,86,9,3,0.01648130640387535,0.6399999856948853,1963.3800048828125
Gemstone-Models/Gemstone-512x13,Gemstone 512x13 (103M),102643200,13,4,86,10,0,0.8428328037261963,0.6399999856948853,1963.3800048828125
Gemstone-Models/Gemstone-512x13,Gemstone 512x13 (103M),102643200,13,4,86,10,1,0.17390334606170654,0.6399999856948853,1963.3800048828125
Gemstone-Models/Gemstone-512x13,Gemstone 512x13 (103M),102643200,13,4,86,10,2,0.0029319701716303825,0.6399999856948853,1963.3800048828125
Gemstone-Models/Gemstone-512x13,Gemstone 512x13 (103M),102643200,13,4,86,10,3,0.169619619846344,0.6399999856948853,1963.3800048828125
Gemstone-Models/Gemstone-512x13,Gemstone 512x13 (103M),102643200,13,4,86,11,0,0.030721398070454597,0.6399999856948853,1963.3800048828125
Gemstone-Models/Gemstone-512x13,Gemstone 512x13 (103M),102643200,13,4,86,11,1,0.03778737410902977,0.6399999856948853,1963.3800048828125
Gemstone-Models/Gemstone-512x13,Gemstone 512x13 (103M),102643200,13,4,86,11,2,0.3594161868095398,0.6399999856948853,1963.3800048828125
Gemstone-Models/Gemstone-512x13,Gemstone 512x13 (103M),102643200,13,4,86,11,3,0.2538128197193146,0.6399999856948853,1963.3800048828125
Gemstone-Models/Gemstone-512x13,Gemstone 512x13 (103M),102643200,13,4,86,12,0,0.002607777016237378,0.6399999856948853,1963.3800048828125
Gemstone-Models/Gemstone-512x13,Gemstone 512x13 (103M),102643200,13,4,86,12,1,0.0021080002188682556,0.6399999856948853,1963.3800048828125
Gemstone-Models/Gemstone-512x13,Gemstone 512x13 (103M),102643200,13,4,86,12,2,0.0080623934045434,0.6399999856948853,1963.3800048828125
Gemstone-Models/Gemstone-512x13,Gemstone 512x13 (103M),102643200,13,4,86,12,3,0.0054503511637449265,0.6399999856948853,1963.3800048828125
Gemstone-Models/Gemstone-512x13,Gemstone 512x13 (103M),102643200,13,4,87,0,0,0.00013406619837041944,0.6000000238418579,87.91999816894531
Gemstone-Models/Gemstone-512x13,Gemstone 512x13 (103M),102643200,13,4,87,0,1,0.0032559249084442854,0.6000000238418579,87.91999816894531
Gemstone-Models/Gemstone-512x13,Gemstone 512x13 (103M),102643200,13,4,87,0,2,0.014635303057730198,0.6000000238418579,87.91999816894531
Gemstone-Models/Gemstone-512x13,Gemstone 512x13 (103M),102643200,13,4,87,0,3,0.00780152203515172,0.6000000238418579,87.91999816894531
Gemstone-Models/Gemstone-512x13,Gemstone 512x13 (103M),102643200,13,4,87,1,0,0.0011631748639047146,0.6000000238418579,87.91999816894531
Gemstone-Models/Gemstone-512x13,Gemstone 512x13 (103M),102643200,13,4,87,1,1,0.012878930196166039,0.6000000238418579,87.91999816894531
Gemstone-Models/Gemstone-512x13,Gemstone 512x13 (103M),102643200,13,4,87,1,2,0.0003071083046961576,0.6000000238418579,87.91999816894531
Gemstone-Models/Gemstone-512x13,Gemstone 512x13 (103M),102643200,13,4,87,1,3,0.0016327690100297332,0.6000000238418579,87.91999816894531
Gemstone-Models/Gemstone-512x13,Gemstone 512x13 (103M),102643200,13,4,87,2,0,0.012186404317617416,0.6000000238418579,87.91999816894531
Gemstone-Models/Gemstone-512x13,Gemstone 512x13 (103M),102643200,13,4,87,2,1,0.004629289731383324,0.6000000238418579,87.91999816894531
Gemstone-Models/Gemstone-512x13,Gemstone 512x13 (103M),102643200,13,4,87,2,2,0.01722767762839794,0.6000000238418579,87.91999816894531
Gemstone-Models/Gemstone-512x13,Gemstone 512x13 (103M),102643200,13,4,87,2,3,0.014329642988741398,0.6000000238418579,87.91999816894531
Gemstone-Models/Gemstone-512x13,Gemstone 512x13 (103M),102643200,13,4,87,3,0,0.009065359830856323,0.6000000238418579,87.91999816894531
Gemstone-Models/Gemstone-512x13,Gemstone 512x13 (103M),102643200,13,4,87,3,1,0.000347529276041314,0.6000000238418579,87.91999816894531
Gemstone-Models/Gemstone-512x13,Gemstone 512x13 (103M),102643200,13,4,87,3,2,0.00867324136197567,0.6000000238418579,87.91999816894531
Gemstone-Models/Gemstone-512x13,Gemstone 512x13 (103M),102643200,13,4,87,3,3,0.012279422022402287,0.6000000238418579,87.91999816894531
Gemstone-Models/Gemstone-512x13,Gemstone 512x13 (103M),102643200,13,4,87,4,0,0.023438289761543274,0.6000000238418579,87.91999816894531
Gemstone-Models/Gemstone-512x13,Gemstone 512x13 (103M),102643200,13,4,87,4,1,0.013832957483828068,0.6000000238418579,87.91999816894531
Gemstone-Models/Gemstone-512x13,Gemstone 512x13 (103M),102643200,13,4,87,4,2,0.008310545235872269,0.6000000238418579,87.91999816894531
Gemstone-Models/Gemstone-512x13,Gemstone 512x13 (103M),102643200,13,4,87,4,3,0.001020317547954619,0.6000000238418579,87.91999816894531
Gemstone-Models/Gemstone-512x13,Gemstone 512x13 (103M),102643200,13,4,87,5,0,0.013219969347119331,0.6000000238418579,87.91999816894531
Gemstone-Models/Gemstone-512x13,Gemstone 512x13 (103M),102643200,13,4,87,5,1,0.014429240487515926,0.6000000238418579,87.91999816894531
Gemstone-Models/Gemstone-512x13,Gemstone 512x13 (103M),102643200,13,4,87,5,2,4.4043414959560323e-07,0.6000000238418579,87.91999816894531
Gemstone-Models/Gemstone-512x13,Gemstone 512x13 (103M),102643200,13,4,87,5,3,6.350938929244876e-05,0.6000000238418579,87.91999816894531
Gemstone-Models/Gemstone-512x13,Gemstone 512x13 (103M),102643200,13,4,87,6,0,0.0004286803014110774,0.6000000238418579,87.91999816894531
Gemstone-Models/Gemstone-512x13,Gemstone 512x13 (103M),102643200,13,4,87,6,1,0.857204258441925,0.6000000238418579,87.91999816894531
Gemstone-Models/Gemstone-512x13,Gemstone 512x13 (103M),102643200,13,4,87,6,2,0.006866010837256908,0.6000000238418579,87.91999816894531
Gemstone-Models/Gemstone-512x13,Gemstone 512x13 (103M),102643200,13,4,87,6,3,0.005274052731692791,0.6000000238418579,87.91999816894531
Gemstone-Models/Gemstone-512x13,Gemstone 512x13 (103M),102643200,13,4,87,7,0,0.0015266515547409654,0.6000000238418579,87.91999816894531
Gemstone-Models/Gemstone-512x13,Gemstone 512x13 (103M),102643200,13,4,87,7,1,9.098961891140789e-05,0.6000000238418579,87.91999816894531
Gemstone-Models/Gemstone-512x13,Gemstone 512x13 (103M),102643200,13,4,87,7,2,0.00036023714346811175,0.6000000238418579,87.91999816894531
Gemstone-Models/Gemstone-512x13,Gemstone 512x13 (103M),102643200,13,4,87,7,3,0.0003365739539731294,0.6000000238418579,87.91999816894531
Gemstone-Models/Gemstone-512x13,Gemstone 512x13 (103M),102643200,13,4,87,8,0,0.00205435324460268,0.6000000238418579,87.91999816894531
Gemstone-Models/Gemstone-512x13,Gemstone 512x13 (103M),102643200,13,4,87,8,1,0.0029128999449312687,0.6000000238418579,87.91999816894531
Gemstone-Models/Gemstone-512x13,Gemstone 512x13 (103M),102643200,13,4,87,8,2,0.0004418497555889189,0.6000000238418579,87.91999816894531
Gemstone-Models/Gemstone-512x13,Gemstone 512x13 (103M),102643200,13,4,87,8,3,0.02999272756278515,0.6000000238418579,87.91999816894531
Gemstone-Models/Gemstone-512x13,Gemstone 512x13 (103M),102643200,13,4,87,9,0,5.1084288799074784e-08,0.6000000238418579,87.91999816894531
Gemstone-Models/Gemstone-512x13,Gemstone 512x13 (103M),102643200,13,4,87,9,1,0.00017998112889472395,0.6000000238418579,87.91999816894531
Gemstone-Models/Gemstone-512x13,Gemstone 512x13 (103M),102643200,13,4,87,9,2,0.003948505036532879,0.6000000238418579,87.91999816894531
Gemstone-Models/Gemstone-512x13,Gemstone 512x13 (103M),102643200,13,4,87,9,3,0.01868242584168911,0.6000000238418579,87.91999816894531
Gemstone-Models/Gemstone-512x13,Gemstone 512x13 (103M),102643200,13,4,87,10,0,0.9197303056716919,0.6000000238418579,87.91999816894531
Gemstone-Models/Gemstone-512x13,Gemstone 512x13 (103M),102643200,13,4,87,10,1,0.286502480506897,0.6000000238418579,87.91999816894531
Gemstone-Models/Gemstone-512x13,Gemstone 512x13 (103M),102643200,13,4,87,10,2,0.00202527130022645,0.6000000238418579,87.91999816894531
Gemstone-Models/Gemstone-512x13,Gemstone 512x13 (103M),102643200,13,4,87,10,3,0.26299548149108887,0.6000000238418579,87.91999816894531
Gemstone-Models/Gemstone-512x13,Gemstone 512x13 (103M),102643200,13,4,87,11,0,0.059793490916490555,0.6000000238418579,87.91999816894531
Gemstone-Models/Gemstone-512x13,Gemstone 512x13 (103M),102643200,13,4,87,11,1,0.05411989241838455,0.6000000238418579,87.91999816894531
Gemstone-Models/Gemstone-512x13,Gemstone 512x13 (103M),102643200,13,4,87,11,2,0.3432532846927643,0.6000000238418579,87.91999816894531
Gemstone-Models/Gemstone-512x13,Gemstone 512x13 (103M),102643200,13,4,87,11,3,0.32825812697410583,0.6000000238418579,87.91999816894531
Gemstone-Models/Gemstone-512x13,Gemstone 512x13 (103M),102643200,13,4,87,12,0,0.004265422932803631,0.6000000238418579,87.91999816894531
Gemstone-Models/Gemstone-512x13,Gemstone 512x13 (103M),102643200,13,4,87,12,1,0.0028021240141242743,0.6000000238418579,87.91999816894531
Gemstone-Models/Gemstone-512x13,Gemstone 512x13 (103M),102643200,13,4,87,12,2,0.023035144433379173,0.6000000238418579,87.91999816894531
Gemstone-Models/Gemstone-512x13,Gemstone 512x13 (103M),102643200,13,4,87,12,3,0.015398603864014149,0.6000000238418579,87.91999816894531
Gemstone-Models/Gemstone-512x13,Gemstone 512x13 (103M),102643200,13,4,88,0,0,7.059342169668525e-05,0.7799999713897705,1529.1400146484375
Gemstone-Models/Gemstone-512x13,Gemstone 512x13 (103M),102643200,13,4,88,0,1,0.004058632999658585,0.7799999713897705,1529.1400146484375
Gemstone-Models/Gemstone-512x13,Gemstone 512x13 (103M),102643200,13,4,88,0,2,0.012645680457353592,0.7799999713897705,1529.1400146484375
Gemstone-Models/Gemstone-512x13,Gemstone 512x13 (103M),102643200,13,4,88,0,3,0.007506662514060736,0.7799999713897705,1529.1400146484375
Gemstone-Models/Gemstone-512x13,Gemstone 512x13 (103M),102643200,13,4,88,1,0,0.0015481754671782255,0.7799999713897705,1529.1400146484375
Gemstone-Models/Gemstone-512x13,Gemstone 512x13 (103M),102643200,13,4,88,1,1,0.00913885235786438,0.7799999713897705,1529.1400146484375
Gemstone-Models/Gemstone-512x13,Gemstone 512x13 (103M),102643200,13,4,88,1,2,0.00016117707127705216,0.7799999713897705,1529.1400146484375
Gemstone-Models/Gemstone-512x13,Gemstone 512x13 (103M),102643200,13,4,88,1,3,0.0020050706807523966,0.7799999713897705,1529.1400146484375
Gemstone-Models/Gemstone-512x13,Gemstone 512x13 (103M),102643200,13,4,88,2,0,0.010222568176686764,0.7799999713897705,1529.1400146484375
Gemstone-Models/Gemstone-512x13,Gemstone 512x13 (103M),102643200,13,4,88,2,1,0.001080264220945537,0.7799999713897705,1529.1400146484375
Gemstone-Models/Gemstone-512x13,Gemstone 512x13 (103M),102643200,13,4,88,2,2,0.016614016145467758,0.7799999713897705,1529.1400146484375
Gemstone-Models/Gemstone-512x13,Gemstone 512x13 (103M),102643200,13,4,88,2,3,0.008404197171330452,0.7799999713897705,1529.1400146484375
Gemstone-Models/Gemstone-512x13,Gemstone 512x13 (103M),102643200,13,4,88,3,0,0.008612009696662426,0.7799999713897705,1529.1400146484375
Gemstone-Models/Gemstone-512x13,Gemstone 512x13 (103M),102643200,13,4,88,3,1,0.0005282710189931095,0.7799999713897705,1529.1400146484375
Gemstone-Models/Gemstone-512x13,Gemstone 512x13 (103M),102643200,13,4,88,3,2,0.006415071431547403,0.7799999713897705,1529.1400146484375
Gemstone-Models/Gemstone-512x13,Gemstone 512x13 (103M),102643200,13,4,88,3,3,0.007457425817847252,0.7799999713897705,1529.1400146484375
Gemstone-Models/Gemstone-512x13,Gemstone 512x13 (103M),102643200,13,4,88,4,0,0.01520722545683384,0.7799999713897705,1529.1400146484375
Gemstone-Models/Gemstone-512x13,Gemstone 512x13 (103M),102643200,13,4,88,4,1,0.003706607036292553,0.7799999713897705,1529.1400146484375
Gemstone-Models/Gemstone-512x13,Gemstone 512x13 (103M),102643200,13,4,88,4,2,0.009032848291099072,0.7799999713897705,1529.1400146484375
Gemstone-Models/Gemstone-512x13,Gemstone 512x13 (103M),102643200,13,4,88,4,3,0.0018335962668061256,0.7799999713897705,1529.1400146484375
Gemstone-Models/Gemstone-512x13,Gemstone 512x13 (103M),102643200,13,4,88,5,0,0.009631049819290638,0.7799999713897705,1529.1400146484375
Gemstone-Models/Gemstone-512x13,Gemstone 512x13 (103M),102643200,13,4,88,5,1,0.011242620646953583,0.7799999713897705,1529.1400146484375
Gemstone-Models/Gemstone-512x13,Gemstone 512x13 (103M),102643200,13,4,88,5,2,3.811596513969562e-07,0.7799999713897705,1529.1400146484375
Gemstone-Models/Gemstone-512x13,Gemstone 512x13 (103M),102643200,13,4,88,5,3,0.00017805896641220897,0.7799999713897705,1529.1400146484375
Gemstone-Models/Gemstone-512x13,Gemstone 512x13 (103M),102643200,13,4,88,6,0,0.0003971528203692287,0.7799999713897705,1529.1400146484375
Gemstone-Models/Gemstone-512x13,Gemstone 512x13 (103M),102643200,13,4,88,6,1,0.8199936747550964,0.7799999713897705,1529.1400146484375
Gemstone-Models/Gemstone-512x13,Gemstone 512x13 (103M),102643200,13,4,88,6,2,0.0030588412191718817,0.7799999713897705,1529.1400146484375
Gemstone-Models/Gemstone-512x13,Gemstone 512x13 (103M),102643200,13,4,88,6,3,0.0037312828935682774,0.7799999713897705,1529.1400146484375
Gemstone-Models/Gemstone-512x13,Gemstone 512x13 (103M),102643200,13,4,88,7,0,0.001320132752880454,0.7799999713897705,1529.1400146484375
Gemstone-Models/Gemstone-512x13,Gemstone 512x13 (103M),102643200,13,4,88,7,1,8.521237759850919e-05,0.7799999713897705,1529.1400146484375
Gemstone-Models/Gemstone-512x13,Gemstone 512x13 (103M),102643200,13,4,88,7,2,0.00048745624371804297,0.7799999713897705,1529.1400146484375
Gemstone-Models/Gemstone-512x13,Gemstone 512x13 (103M),102643200,13,4,88,7,3,0.0003981298941653222,0.7799999713897705,1529.1400146484375
Gemstone-Models/Gemstone-512x13,Gemstone 512x13 (103M),102643200,13,4,88,8,0,0.003341407747939229,0.7799999713897705,1529.1400146484375
Gemstone-Models/Gemstone-512x13,Gemstone 512x13 (103M),102643200,13,4,88,8,1,0.0036470110062509775,0.7799999713897705,1529.1400146484375
Gemstone-Models/Gemstone-512x13,Gemstone 512x13 (103M),102643200,13,4,88,8,2,0.0003479994193185121,0.7799999713897705,1529.1400146484375
Gemstone-Models/Gemstone-512x13,Gemstone 512x13 (103M),102643200,13,4,88,8,3,0.03563562035560608,0.7799999713897705,1529.1400146484375
Gemstone-Models/Gemstone-512x13,Gemstone 512x13 (103M),102643200,13,4,88,9,0,7.154131953512888e-09,0.7799999713897705,1529.1400146484375
Gemstone-Models/Gemstone-512x13,Gemstone 512x13 (103M),102643200,13,4,88,9,1,0.00019483674259390682,0.7799999713897705,1529.1400146484375
Gemstone-Models/Gemstone-512x13,Gemstone 512x13 (103M),102643200,13,4,88,9,2,0.0022472848650068045,0.7799999713897705,1529.1400146484375
Gemstone-Models/Gemstone-512x13,Gemstone 512x13 (103M),102643200,13,4,88,9,3,0.016064979135990143,0.7799999713897705,1529.1400146484375
Gemstone-Models/Gemstone-512x13,Gemstone 512x13 (103M),102643200,13,4,88,10,0,0.8622375726699829,0.7799999713897705,1529.1400146484375
Gemstone-Models/Gemstone-512x13,Gemstone 512x13 (103M),102643200,13,4,88,10,1,0.2166857123374939,0.7799999713897705,1529.1400146484375
Gemstone-Models/Gemstone-512x13,Gemstone 512x13 (103M),102643200,13,4,88,10,2,0.00494141411036253,0.7799999713897705,1529.1400146484375
Gemstone-Models/Gemstone-512x13,Gemstone 512x13 (103M),102643200,13,4,88,10,3,0.2092539221048355,0.7799999713897705,1529.1400146484375
Gemstone-Models/Gemstone-512x13,Gemstone 512x13 (103M),102643200,13,4,88,11,0,0.059095438569784164,0.7799999713897705,1529.1400146484375
Gemstone-Models/Gemstone-512x13,Gemstone 512x13 (103M),102643200,13,4,88,11,1,0.04574333503842354,0.7799999713897705,1529.1400146484375
Gemstone-Models/Gemstone-512x13,Gemstone 512x13 (103M),102643200,13,4,88,11,2,0.41443493962287903,0.7799999713897705,1529.1400146484375
Gemstone-Models/Gemstone-512x13,Gemstone 512x13 (103M),102643200,13,4,88,11,3,0.33399146795272827,0.7799999713897705,1529.1400146484375
Gemstone-Models/Gemstone-512x13,Gemstone 512x13 (103M),102643200,13,4,88,12,0,0.005682833027094603,0.7799999713897705,1529.1400146484375
Gemstone-Models/Gemstone-512x13,Gemstone 512x13 (103M),102643200,13,4,88,12,1,0.0031277004163712263,0.7799999713897705,1529.1400146484375
Gemstone-Models/Gemstone-512x13,Gemstone 512x13 (103M),102643200,13,4,88,12,2,0.012618234381079674,0.7799999713897705,1529.1400146484375
Gemstone-Models/Gemstone-512x13,Gemstone 512x13 (103M),102643200,13,4,88,12,3,0.0072599975392222404,0.7799999713897705,1529.1400146484375
Gemstone-Models/Gemstone-512x13,Gemstone 512x13 (103M),102643200,13,4,89,0,0,0.0015080614248290658,0.36000001430511475,1160.760009765625
Gemstone-Models/Gemstone-512x13,Gemstone 512x13 (103M),102643200,13,4,89,0,1,0.0041739242151379585,0.36000001430511475,1160.760009765625
Gemstone-Models/Gemstone-512x13,Gemstone 512x13 (103M),102643200,13,4,89,0,2,0.01721731387078762,0.36000001430511475,1160.760009765625
Gemstone-Models/Gemstone-512x13,Gemstone 512x13 (103M),102643200,13,4,89,0,3,0.006232448387891054,0.36000001430511475,1160.760009765625
Gemstone-Models/Gemstone-512x13,Gemstone 512x13 (103M),102643200,13,4,89,1,0,0.0009996519656851888,0.36000001430511475,1160.760009765625
Gemstone-Models/Gemstone-512x13,Gemstone 512x13 (103M),102643200,13,4,89,1,1,0.011348314583301544,0.36000001430511475,1160.760009765625
Gemstone-Models/Gemstone-512x13,Gemstone 512x13 (103M),102643200,13,4,89,1,2,0.0005240095197223127,0.36000001430511475,1160.760009765625
Gemstone-Models/Gemstone-512x13,Gemstone 512x13 (103M),102643200,13,4,89,1,3,0.01584993675351143,0.36000001430511475,1160.760009765625
Gemstone-Models/Gemstone-512x13,Gemstone 512x13 (103M),102643200,13,4,89,2,0,0.008113098330795765,0.36000001430511475,1160.760009765625
Gemstone-Models/Gemstone-512x13,Gemstone 512x13 (103M),102643200,13,4,89,2,1,0.0019774786196649075,0.36000001430511475,1160.760009765625
Gemstone-Models/Gemstone-512x13,Gemstone 512x13 (103M),102643200,13,4,89,2,2,0.006962585262954235,0.36000001430511475,1160.760009765625
Gemstone-Models/Gemstone-512x13,Gemstone 512x13 (103M),102643200,13,4,89,2,3,0.016362886875867844,0.36000001430511475,1160.760009765625
Gemstone-Models/Gemstone-512x13,Gemstone 512x13 (103M),102643200,13,4,89,3,0,0.008475898765027523,0.36000001430511475,1160.760009765625
Gemstone-Models/Gemstone-512x13,Gemstone 512x13 (103M),102643200,13,4,89,3,1,0.000692443223670125,0.36000001430511475,1160.760009765625
Gemstone-Models/Gemstone-512x13,Gemstone 512x13 (103M),102643200,13,4,89,3,2,0.0056177168153226376,0.36000001430511475,1160.760009765625
Gemstone-Models/Gemstone-512x13,Gemstone 512x13 (103M),102643200,13,4,89,3,3,0.007213198114186525,0.36000001430511475,1160.760009765625
Gemstone-Models/Gemstone-512x13,Gemstone 512x13 (103M),102643200,13,4,89,4,0,0.01650560460984707,0.36000001430511475,1160.760009765625
Gemstone-Models/Gemstone-512x13,Gemstone 512x13 (103M),102643200,13,4,89,4,1,0.006867891177535057,0.36000001430511475,1160.760009765625
Gemstone-Models/Gemstone-512x13,Gemstone 512x13 (103M),102643200,13,4,89,4,2,0.011061953380703926,0.36000001430511475,1160.760009765625
Gemstone-Models/Gemstone-512x13,Gemstone 512x13 (103M),102643200,13,4,89,4,3,0.0011362041113898158,0.36000001430511475,1160.760009765625
Gemstone-Models/Gemstone-512x13,Gemstone 512x13 (103M),102643200,13,4,89,5,0,0.006420917343348265,0.36000001430511475,1160.760009765625
Gemstone-Models/Gemstone-512x13,Gemstone 512x13 (103M),102643200,13,4,89,5,1,0.011040713638067245,0.36000001430511475,1160.760009765625
Gemstone-Models/Gemstone-512x13,Gemstone 512x13 (103M),102643200,13,4,89,5,2,1.1152035312989028e-06,0.36000001430511475,1160.760009765625
Gemstone-Models/Gemstone-512x13,Gemstone 512x13 (103M),102643200,13,4,89,5,3,0.00012492020323406905,0.36000001430511475,1160.760009765625
Gemstone-Models/Gemstone-512x13,Gemstone 512x13 (103M),102643200,13,4,89,6,0,0.0005076047964394093,0.36000001430511475,1160.760009765625
Gemstone-Models/Gemstone-512x13,Gemstone 512x13 (103M),102643200,13,4,89,6,1,0.7659956216812134,0.36000001430511475,1160.760009765625
Gemstone-Models/Gemstone-512x13,Gemstone 512x13 (103M),102643200,13,4,89,6,2,0.0024685999378561974,0.36000001430511475,1160.760009765625
Gemstone-Models/Gemstone-512x13,Gemstone 512x13 (103M),102643200,13,4,89,6,3,0.0033863999415189028,0.36000001430511475,1160.760009765625
Gemstone-Models/Gemstone-512x13,Gemstone 512x13 (103M),102643200,13,4,89,7,0,0.0017975562950596213,0.36000001430511475,1160.760009765625
Gemstone-Models/Gemstone-512x13,Gemstone 512x13 (103M),102643200,13,4,89,7,1,0.00010181341349380091,0.36000001430511475,1160.760009765625
Gemstone-Models/Gemstone-512x13,Gemstone 512x13 (103M),102643200,13,4,89,7,2,0.0009603211074136198,0.36000001430511475,1160.760009765625
Gemstone-Models/Gemstone-512x13,Gemstone 512x13 (103M),102643200,13,4,89,7,3,0.0005635448032990098,0.36000001430511475,1160.760009765625
Gemstone-Models/Gemstone-512x13,Gemstone 512x13 (103M),102643200,13,4,89,8,0,0.0024467604234814644,0.36000001430511475,1160.760009765625
Gemstone-Models/Gemstone-512x13,Gemstone 512x13 (103M),102643200,13,4,89,8,1,0.0033581811003386974,0.36000001430511475,1160.760009765625
Gemstone-Models/Gemstone-512x13,Gemstone 512x13 (103M),102643200,13,4,89,8,2,0.00027924004825763404,0.36000001430511475,1160.760009765625
Gemstone-Models/Gemstone-512x13,Gemstone 512x13 (103M),102643200,13,4,89,8,3,0.025856714695692062,0.36000001430511475,1160.760009765625
Gemstone-Models/Gemstone-512x13,Gemstone 512x13 (103M),102643200,13,4,89,9,0,1.2857595876880623e-08,0.36000001430511475,1160.760009765625
Gemstone-Models/Gemstone-512x13,Gemstone 512x13 (103M),102643200,13,4,89,9,1,0.0003493863623589277,0.36000001430511475,1160.760009765625
Gemstone-Models/Gemstone-512x13,Gemstone 512x13 (103M),102643200,13,4,89,9,2,0.0018410739721730351,0.36000001430511475,1160.760009765625
Gemstone-Models/Gemstone-512x13,Gemstone 512x13 (103M),102643200,13,4,89,9,3,0.009559749625623226,0.36000001430511475,1160.760009765625
Gemstone-Models/Gemstone-512x13,Gemstone 512x13 (103M),102643200,13,4,89,10,0,0.802048921585083,0.36000001430511475,1160.760009765625
Gemstone-Models/Gemstone-512x13,Gemstone 512x13 (103M),102643200,13,4,89,10,1,0.13160544633865356,0.36000001430511475,1160.760009765625
Gemstone-Models/Gemstone-512x13,Gemstone 512x13 (103M),102643200,13,4,89,10,2,0.005438250955194235,0.36000001430511475,1160.760009765625
Gemstone-Models/Gemstone-512x13,Gemstone 512x13 (103M),102643200,13,4,89,10,3,0.17129306495189667,0.36000001430511475,1160.760009765625
Gemstone-Models/Gemstone-512x13,Gemstone 512x13 (103M),102643200,13,4,89,11,0,0.034485865384340286,0.36000001430511475,1160.760009765625
Gemstone-Models/Gemstone-512x13,Gemstone 512x13 (103M),102643200,13,4,89,11,1,0.030946942046284676,0.36000001430511475,1160.760009765625
Gemstone-Models/Gemstone-512x13,Gemstone 512x13 (103M),102643200,13,4,89,11,2,0.279346764087677,0.36000001430511475,1160.760009765625
Gemstone-Models/Gemstone-512x13,Gemstone 512x13 (103M),102643200,13,4,89,11,3,0.23905393481254578,0.36000001430511475,1160.760009765625
Gemstone-Models/Gemstone-512x13,Gemstone 512x13 (103M),102643200,13,4,89,12,0,0.004308721981942654,0.36000001430511475,1160.760009765625
Gemstone-Models/Gemstone-512x13,Gemstone 512x13 (103M),102643200,13,4,89,12,1,0.002088194712996483,0.36000001430511475,1160.760009765625
Gemstone-Models/Gemstone-512x13,Gemstone 512x13 (103M),102643200,13,4,89,12,2,0.006535919848829508,0.36000001430511475,1160.760009765625
Gemstone-Models/Gemstone-512x13,Gemstone 512x13 (103M),102643200,13,4,89,12,3,0.004454206675291061,0.36000001430511475,1160.760009765625
Gemstone-Models/Gemstone-512x13,Gemstone 512x13 (103M),102643200,13,4,90,0,0,9.214571036864072e-06,0.6000000238418579,252.0
Gemstone-Models/Gemstone-512x13,Gemstone 512x13 (103M),102643200,13,4,90,0,1,0.0029252097010612488,0.6000000238418579,252.0
Gemstone-Models/Gemstone-512x13,Gemstone 512x13 (103M),102643200,13,4,90,0,2,0.015089022926986217,0.6000000238418579,252.0
Gemstone-Models/Gemstone-512x13,Gemstone 512x13 (103M),102643200,13,4,90,0,3,0.007852666079998016,0.6000000238418579,252.0
Gemstone-Models/Gemstone-512x13,Gemstone 512x13 (103M),102643200,13,4,90,1,0,0.0008570262580178678,0.6000000238418579,252.0
Gemstone-Models/Gemstone-512x13,Gemstone 512x13 (103M),102643200,13,4,90,1,1,0.007281879894435406,0.6000000238418579,252.0
Gemstone-Models/Gemstone-512x13,Gemstone 512x13 (103M),102643200,13,4,90,1,2,0.0002332842705072835,0.6000000238418579,252.0
Gemstone-Models/Gemstone-512x13,Gemstone 512x13 (103M),102643200,13,4,90,1,3,0.0021951489616185427,0.6000000238418579,252.0
Gemstone-Models/Gemstone-512x13,Gemstone 512x13 (103M),102643200,13,4,90,2,0,0.006873110309243202,0.6000000238418579,252.0
Gemstone-Models/Gemstone-512x13,Gemstone 512x13 (103M),102643200,13,4,90,2,1,0.0011001944076269865,0.6000000238418579,252.0
Gemstone-Models/Gemstone-512x13,Gemstone 512x13 (103M),102643200,13,4,90,2,2,0.010352746583521366,0.6000000238418579,252.0
Gemstone-Models/Gemstone-512x13,Gemstone 512x13 (103M),102643200,13,4,90,2,3,0.007330926600843668,0.6000000238418579,252.0
Gemstone-Models/Gemstone-512x13,Gemstone 512x13 (103M),102643200,13,4,90,3,0,0.006267504300922155,0.6000000238418579,252.0
Gemstone-Models/Gemstone-512x13,Gemstone 512x13 (103M),102643200,13,4,90,3,1,0.0002689302200451493,0.6000000238418579,252.0
Gemstone-Models/Gemstone-512x13,Gemstone 512x13 (103M),102643200,13,4,90,3,2,0.004474641755223274,0.6000000238418579,252.0
Gemstone-Models/Gemstone-512x13,Gemstone 512x13 (103M),102643200,13,4,90,3,3,0.011350732296705246,0.6000000238418579,252.0
Gemstone-Models/Gemstone-512x13,Gemstone 512x13 (103M),102643200,13,4,90,4,0,0.015573034062981606,0.6000000238418579,252.0
Gemstone-Models/Gemstone-512x13,Gemstone 512x13 (103M),102643200,13,4,90,4,1,0.0040923822671175,0.6000000238418579,252.0
Gemstone-Models/Gemstone-512x13,Gemstone 512x13 (103M),102643200,13,4,90,4,2,0.005776066333055496,0.6000000238418579,252.0
Gemstone-Models/Gemstone-512x13,Gemstone 512x13 (103M),102643200,13,4,90,4,3,0.0015927082858979702,0.6000000238418579,252.0
Gemstone-Models/Gemstone-512x13,Gemstone 512x13 (103M),102643200,13,4,90,5,0,0.006187292281538248,0.6000000238418579,252.0
Gemstone-Models/Gemstone-512x13,Gemstone 512x13 (103M),102643200,13,4,90,5,1,0.011136608198285103,0.6000000238418579,252.0
Gemstone-Models/Gemstone-512x13,Gemstone 512x13 (103M),102643200,13,4,90,5,2,3.520036955251271e-07,0.6000000238418579,252.0
Gemstone-Models/Gemstone-512x13,Gemstone 512x13 (103M),102643200,13,4,90,5,3,9.61700061452575e-05,0.6000000238418579,252.0
Gemstone-Models/Gemstone-512x13,Gemstone 512x13 (103M),102643200,13,4,90,6,0,0.00020983870490454137,0.6000000238418579,252.0
Gemstone-Models/Gemstone-512x13,Gemstone 512x13 (103M),102643200,13,4,90,6,1,0.7572176456451416,0.6000000238418579,252.0
Gemstone-Models/Gemstone-512x13,Gemstone 512x13 (103M),102643200,13,4,90,6,2,0.005608454812318087,0.6000000238418579,252.0
Gemstone-Models/Gemstone-512x13,Gemstone 512x13 (103M),102643200,13,4,90,6,3,0.0032936984207481146,0.6000000238418579,252.0
Gemstone-Models/Gemstone-512x13,Gemstone 512x13 (103M),102643200,13,4,90,7,0,0.002483821241185069,0.6000000238418579,252.0
Gemstone-Models/Gemstone-512x13,Gemstone 512x13 (103M),102643200,13,4,90,7,1,5.769458948634565e-05,0.6000000238418579,252.0
Gemstone-Models/Gemstone-512x13,Gemstone 512x13 (103M),102643200,13,4,90,7,2,0.0004775308771058917,0.6000000238418579,252.0
Gemstone-Models/Gemstone-512x13,Gemstone 512x13 (103M),102643200,13,4,90,7,3,0.0005565558094531298,0.6000000238418579,252.0
Gemstone-Models/Gemstone-512x13,Gemstone 512x13 (103M),102643200,13,4,90,8,0,0.0030220437329262495,0.6000000238418579,252.0
Gemstone-Models/Gemstone-512x13,Gemstone 512x13 (103M),102643200,13,4,90,8,1,0.003883067984133959,0.6000000238418579,252.0
Gemstone-Models/Gemstone-512x13,Gemstone 512x13 (103M),102643200,13,4,90,8,2,0.0001884339435491711,0.6000000238418579,252.0
Gemstone-Models/Gemstone-512x13,Gemstone 512x13 (103M),102643200,13,4,90,8,3,0.029985502362251282,0.6000000238418579,252.0
Gemstone-Models/Gemstone-512x13,Gemstone 512x13 (103M),102643200,13,4,90,9,0,1.2441872421220523e-08,0.6000000238418579,252.0
Gemstone-Models/Gemstone-512x13,Gemstone 512x13 (103M),102643200,13,4,90,9,1,0.00015683712263125926,0.6000000238418579,252.0
Gemstone-Models/Gemstone-512x13,Gemstone 512x13 (103M),102643200,13,4,90,9,2,0.001865125261247158,0.6000000238418579,252.0
Gemstone-Models/Gemstone-512x13,Gemstone 512x13 (103M),102643200,13,4,90,9,3,0.010972040705382824,0.6000000238418579,252.0
Gemstone-Models/Gemstone-512x13,Gemstone 512x13 (103M),102643200,13,4,90,10,0,0.8718690276145935,0.6000000238418579,252.0
Gemstone-Models/Gemstone-512x13,Gemstone 512x13 (103M),102643200,13,4,90,10,1,0.14833539724349976,0.6000000238418579,252.0
Gemstone-Models/Gemstone-512x13,Gemstone 512x13 (103M),102643200,13,4,90,10,2,0.0039490824565291405,0.6000000238418579,252.0
Gemstone-Models/Gemstone-512x13,Gemstone 512x13 (103M),102643200,13,4,90,10,3,0.18034575879573822,0.6000000238418579,252.0
Gemstone-Models/Gemstone-512x13,Gemstone 512x13 (103M),102643200,13,4,90,11,0,0.030780049040913582,0.6000000238418579,252.0
Gemstone-Models/Gemstone-512x13,Gemstone 512x13 (103M),102643200,13,4,90,11,1,0.036572083830833435,0.6000000238418579,252.0
Gemstone-Models/Gemstone-512x13,Gemstone 512x13 (103M),102643200,13,4,90,11,2,0.317237913608551,0.6000000238418579,252.0
Gemstone-Models/Gemstone-512x13,Gemstone 512x13 (103M),102643200,13,4,90,11,3,0.2423308938741684,0.6000000238418579,252.0
Gemstone-Models/Gemstone-512x13,Gemstone 512x13 (103M),102643200,13,4,90,12,0,0.003066868521273136,0.6000000238418579,252.0
Gemstone-Models/Gemstone-512x13,Gemstone 512x13 (103M),102643200,13,4,90,12,1,0.0013591294409707189,0.6000000238418579,252.0
Gemstone-Models/Gemstone-512x13,Gemstone 512x13 (103M),102643200,13,4,90,12,2,0.008742679841816425,0.6000000238418579,252.0
Gemstone-Models/Gemstone-512x13,Gemstone 512x13 (103M),102643200,13,4,90,12,3,0.00539402524009347,0.6000000238418579,252.0
Gemstone-Models/Gemstone-512x13,Gemstone 512x13 (103M),102643200,13,4,91,0,0,8.718396566109732e-05,0.5,208.63999938964844
Gemstone-Models/Gemstone-512x13,Gemstone 512x13 (103M),102643200,13,4,91,0,1,0.002943608211353421,0.5,208.63999938964844
Gemstone-Models/Gemstone-512x13,Gemstone 512x13 (103M),102643200,13,4,91,0,2,0.01745612919330597,0.5,208.63999938964844
Gemstone-Models/Gemstone-512x13,Gemstone 512x13 (103M),102643200,13,4,91,0,3,0.006151262670755386,0.5,208.63999938964844
Gemstone-Models/Gemstone-512x13,Gemstone 512x13 (103M),102643200,13,4,91,1,0,0.0011570083443075418,0.5,208.63999938964844
Gemstone-Models/Gemstone-512x13,Gemstone 512x13 (103M),102643200,13,4,91,1,1,0.0075601087883114815,0.5,208.63999938964844
Gemstone-Models/Gemstone-512x13,Gemstone 512x13 (103M),102643200,13,4,91,1,2,0.0001877944596344605,0.5,208.63999938964844
Gemstone-Models/Gemstone-512x13,Gemstone 512x13 (103M),102643200,13,4,91,1,3,0.0015972125111147761,0.5,208.63999938964844
Gemstone-Models/Gemstone-512x13,Gemstone 512x13 (103M),102643200,13,4,91,2,0,0.00929398275911808,0.5,208.63999938964844
Gemstone-Models/Gemstone-512x13,Gemstone 512x13 (103M),102643200,13,4,91,2,1,0.001799438614398241,0.5,208.63999938964844
Gemstone-Models/Gemstone-512x13,Gemstone 512x13 (103M),102643200,13,4,91,2,2,0.010894868522882462,0.5,208.63999938964844
Gemstone-Models/Gemstone-512x13,Gemstone 512x13 (103M),102643200,13,4,91,2,3,0.005597912240773439,0.5,208.63999938964844
Gemstone-Models/Gemstone-512x13,Gemstone 512x13 (103M),102643200,13,4,91,3,0,0.004722506273537874,0.5,208.63999938964844
Gemstone-Models/Gemstone-512x13,Gemstone 512x13 (103M),102643200,13,4,91,3,1,0.0007451291894540191,0.5,208.63999938964844
Gemstone-Models/Gemstone-512x13,Gemstone 512x13 (103M),102643200,13,4,91,3,2,0.005351390689611435,0.5,208.63999938964844
Gemstone-Models/Gemstone-512x13,Gemstone 512x13 (103M),102643200,13,4,91,3,3,0.009267156012356281,0.5,208.63999938964844
Gemstone-Models/Gemstone-512x13,Gemstone 512x13 (103M),102643200,13,4,91,4,0,0.02222115360200405,0.5,208.63999938964844
Gemstone-Models/Gemstone-512x13,Gemstone 512x13 (103M),102643200,13,4,91,4,1,0.005696296691894531,0.5,208.63999938964844
Gemstone-Models/Gemstone-512x13,Gemstone 512x13 (103M),102643200,13,4,91,4,2,0.012033462524414062,0.5,208.63999938964844
Gemstone-Models/Gemstone-512x13,Gemstone 512x13 (103M),102643200,13,4,91,4,3,0.0013553830794990063,0.5,208.63999938964844
Gemstone-Models/Gemstone-512x13,Gemstone 512x13 (103M),102643200,13,4,91,5,0,0.009828740730881691,0.5,208.63999938964844
Gemstone-Models/Gemstone-512x13,Gemstone 512x13 (103M),102643200,13,4,91,5,1,0.016230443492531776,0.5,208.63999938964844
Gemstone-Models/Gemstone-512x13,Gemstone 512x13 (103M),102643200,13,4,91,5,2,7.3897781476262026e-06,0.5,208.63999938964844
Gemstone-Models/Gemstone-512x13,Gemstone 512x13 (103M),102643200,13,4,91,5,3,0.0001434005389455706,0.5,208.63999938964844
Gemstone-Models/Gemstone-512x13,Gemstone 512x13 (103M),102643200,13,4,91,6,0,0.0003592821885831654,0.5,208.63999938964844
Gemstone-Models/Gemstone-512x13,Gemstone 512x13 (103M),102643200,13,4,91,6,1,0.8169957995414734,0.5,208.63999938964844
Gemstone-Models/Gemstone-512x13,Gemstone 512x13 (103M),102643200,13,4,91,6,2,0.0024479825515300035,0.5,208.63999938964844
Gemstone-Models/Gemstone-512x13,Gemstone 512x13 (103M),102643200,13,4,91,6,3,0.0039420402608811855,0.5,208.63999938964844
Gemstone-Models/Gemstone-512x13,Gemstone 512x13 (103M),102643200,13,4,91,7,0,0.001659470028243959,0.5,208.63999938964844
Gemstone-Models/Gemstone-512x13,Gemstone 512x13 (103M),102643200,13,4,91,7,1,0.00014249309606384486,0.5,208.63999938964844
Gemstone-Models/Gemstone-512x13,Gemstone 512x13 (103M),102643200,13,4,91,7,2,0.0003343712305650115,0.5,208.63999938964844
Gemstone-Models/Gemstone-512x13,Gemstone 512x13 (103M),102643200,13,4,91,7,3,0.0005463099805638194,0.5,208.63999938964844
Gemstone-Models/Gemstone-512x13,Gemstone 512x13 (103M),102643200,13,4,91,8,0,0.002313846256583929,0.5,208.63999938964844
Gemstone-Models/Gemstone-512x13,Gemstone 512x13 (103M),102643200,13,4,91,8,1,0.0030079514253884554,0.5,208.63999938964844
Gemstone-Models/Gemstone-512x13,Gemstone 512x13 (103M),102643200,13,4,91,8,2,0.00029753989656455815,0.5,208.63999938964844
Gemstone-Models/Gemstone-512x13,Gemstone 512x13 (103M),102643200,13,4,91,8,3,0.028269197791814804,0.5,208.63999938964844
Gemstone-Models/Gemstone-512x13,Gemstone 512x13 (103M),102643200,13,4,91,9,0,6.37480326304285e-08,0.5,208.63999938964844
Gemstone-Models/Gemstone-512x13,Gemstone 512x13 (103M),102643200,13,4,91,9,1,0.0002002125111175701,0.5,208.63999938964844
Gemstone-Models/Gemstone-512x13,Gemstone 512x13 (103M),102643200,13,4,91,9,2,0.002204767195507884,0.5,208.63999938964844
Gemstone-Models/Gemstone-512x13,Gemstone 512x13 (103M),102643200,13,4,91,9,3,0.011610171757638454,0.5,208.63999938964844
Gemstone-Models/Gemstone-512x13,Gemstone 512x13 (103M),102643200,13,4,91,10,0,0.8677964210510254,0.5,208.63999938964844
Gemstone-Models/Gemstone-512x13,Gemstone 512x13 (103M),102643200,13,4,91,10,1,0.18837808072566986,0.5,208.63999938964844
Gemstone-Models/Gemstone-512x13,Gemstone 512x13 (103M),102643200,13,4,91,10,2,0.005118885077536106,0.5,208.63999938964844
Gemstone-Models/Gemstone-512x13,Gemstone 512x13 (103M),102643200,13,4,91,10,3,0.1667102426290512,0.5,208.63999938964844
Gemstone-Models/Gemstone-512x13,Gemstone 512x13 (103M),102643200,13,4,91,11,0,0.03868050500750542,0.5,208.63999938964844
Gemstone-Models/Gemstone-512x13,Gemstone 512x13 (103M),102643200,13,4,91,11,1,0.040542636066675186,0.5,208.63999938964844
Gemstone-Models/Gemstone-512x13,Gemstone 512x13 (103M),102643200,13,4,91,11,2,0.36930763721466064,0.5,208.63999938964844
Gemstone-Models/Gemstone-512x13,Gemstone 512x13 (103M),102643200,13,4,91,11,3,0.2633109986782074,0.5,208.63999938964844
Gemstone-Models/Gemstone-512x13,Gemstone 512x13 (103M),102643200,13,4,91,12,0,0.005312121938914061,0.5,208.63999938964844
Gemstone-Models/Gemstone-512x13,Gemstone 512x13 (103M),102643200,13,4,91,12,1,0.003612642642110586,0.5,208.63999938964844
Gemstone-Models/Gemstone-512x13,Gemstone 512x13 (103M),102643200,13,4,91,12,2,0.00914666149765253,0.5,208.63999938964844
Gemstone-Models/Gemstone-512x13,Gemstone 512x13 (103M),102643200,13,4,91,12,3,0.006802021060138941,0.5,208.63999938964844
Gemstone-Models/Gemstone-512x13,Gemstone 512x13 (103M),102643200,13,4,92,0,0,1.781807077350095e-05,0.41999998688697815,581.5
Gemstone-Models/Gemstone-512x13,Gemstone 512x13 (103M),102643200,13,4,92,0,1,0.003447564784437418,0.41999998688697815,581.5
Gemstone-Models/Gemstone-512x13,Gemstone 512x13 (103M),102643200,13,4,92,0,2,0.015890706330537796,0.41999998688697815,581.5
Gemstone-Models/Gemstone-512x13,Gemstone 512x13 (103M),102643200,13,4,92,0,3,0.007140066474676132,0.41999998688697815,581.5
Gemstone-Models/Gemstone-512x13,Gemstone 512x13 (103M),102643200,13,4,92,1,0,0.0007469371776096523,0.41999998688697815,581.5
Gemstone-Models/Gemstone-512x13,Gemstone 512x13 (103M),102643200,13,4,92,1,1,0.006614638026803732,0.41999998688697815,581.5
Gemstone-Models/Gemstone-512x13,Gemstone 512x13 (103M),102643200,13,4,92,1,2,0.00013247891911305487,0.41999998688697815,581.5
Gemstone-Models/Gemstone-512x13,Gemstone 512x13 (103M),102643200,13,4,92,1,3,0.001733632292598486,0.41999998688697815,581.5
Gemstone-Models/Gemstone-512x13,Gemstone 512x13 (103M),102643200,13,4,92,2,0,0.007569513283669949,0.41999998688697815,581.5
Gemstone-Models/Gemstone-512x13,Gemstone 512x13 (103M),102643200,13,4,92,2,1,0.0007998240180313587,0.41999998688697815,581.5
Gemstone-Models/Gemstone-512x13,Gemstone 512x13 (103M),102643200,13,4,92,2,2,0.011650187894701958,0.41999998688697815,581.5
Gemstone-Models/Gemstone-512x13,Gemstone 512x13 (103M),102643200,13,4,92,2,3,0.007794022560119629,0.41999998688697815,581.5
Gemstone-Models/Gemstone-512x13,Gemstone 512x13 (103M),102643200,13,4,92,3,0,0.006604111287742853,0.41999998688697815,581.5
Gemstone-Models/Gemstone-512x13,Gemstone 512x13 (103M),102643200,13,4,92,3,1,0.0003175839374307543,0.41999998688697815,581.5
Gemstone-Models/Gemstone-512x13,Gemstone 512x13 (103M),102643200,13,4,92,3,2,0.005657579749822617,0.41999998688697815,581.5
Gemstone-Models/Gemstone-512x13,Gemstone 512x13 (103M),102643200,13,4,92,3,3,0.007891210727393627,0.41999998688697815,581.5
Gemstone-Models/Gemstone-512x13,Gemstone 512x13 (103M),102643200,13,4,92,4,0,0.02110343985259533,0.41999998688697815,581.5
Gemstone-Models/Gemstone-512x13,Gemstone 512x13 (103M),102643200,13,4,92,4,1,0.006188050378113985,0.41999998688697815,581.5
Gemstone-Models/Gemstone-512x13,Gemstone 512x13 (103M),102643200,13,4,92,4,2,0.007637023460119963,0.41999998688697815,581.5
Gemstone-Models/Gemstone-512x13,Gemstone 512x13 (103M),102643200,13,4,92,4,3,0.0008662407635711133,0.41999998688697815,581.5
Gemstone-Models/Gemstone-512x13,Gemstone 512x13 (103M),102643200,13,4,92,5,0,0.0070401341654360294,0.41999998688697815,581.5
Gemstone-Models/Gemstone-512x13,Gemstone 512x13 (103M),102643200,13,4,92,5,1,0.011132052168250084,0.41999998688697815,581.5
Gemstone-Models/Gemstone-512x13,Gemstone 512x13 (103M),102643200,13,4,92,5,2,2.6738513270174735e-07,0.41999998688697815,581.5
Gemstone-Models/Gemstone-512x13,Gemstone 512x13 (103M),102643200,13,4,92,5,3,0.0001428686227882281,0.41999998688697815,581.5
Gemstone-Models/Gemstone-512x13,Gemstone 512x13 (103M),102643200,13,4,92,6,0,0.00030501390574499965,0.41999998688697815,581.5
Gemstone-Models/Gemstone-512x13,Gemstone 512x13 (103M),102643200,13,4,92,6,1,0.7607032656669617,0.41999998688697815,581.5
Gemstone-Models/Gemstone-512x13,Gemstone 512x13 (103M),102643200,13,4,92,6,2,0.002672953298315406,0.41999998688697815,581.5
Gemstone-Models/Gemstone-512x13,Gemstone 512x13 (103M),102643200,13,4,92,6,3,0.0038101268000900745,0.41999998688697815,581.5
Gemstone-Models/Gemstone-512x13,Gemstone 512x13 (103M),102643200,13,4,92,7,0,0.001095340121537447,0.41999998688697815,581.5
Gemstone-Models/Gemstone-512x13,Gemstone 512x13 (103M),102643200,13,4,92,7,1,5.311933273333125e-05,0.41999998688697815,581.5
Gemstone-Models/Gemstone-512x13,Gemstone 512x13 (103M),102643200,13,4,92,7,2,0.00033983736648224294,0.41999998688697815,581.5
Gemstone-Models/Gemstone-512x13,Gemstone 512x13 (103M),102643200,13,4,92,7,3,0.0005005126586183906,0.41999998688697815,581.5
Gemstone-Models/Gemstone-512x13,Gemstone 512x13 (103M),102643200,13,4,92,8,0,0.002949561458081007,0.41999998688697815,581.5
Gemstone-Models/Gemstone-512x13,Gemstone 512x13 (103M),102643200,13,4,92,8,1,0.002963436534628272,0.41999998688697815,581.5
Gemstone-Models/Gemstone-512x13,Gemstone 512x13 (103M),102643200,13,4,92,8,2,0.00021838810062035918,0.41999998688697815,581.5
Gemstone-Models/Gemstone-512x13,Gemstone 512x13 (103M),102643200,13,4,92,8,3,0.028256550431251526,0.41999998688697815,581.5
Gemstone-Models/Gemstone-512x13,Gemstone 512x13 (103M),102643200,13,4,92,9,0,3.0955980889757484e-08,0.41999998688697815,581.5
Gemstone-Models/Gemstone-512x13,Gemstone 512x13 (103M),102643200,13,4,92,9,1,0.000246083625825122,0.41999998688697815,581.5
Gemstone-Models/Gemstone-512x13,Gemstone 512x13 (103M),102643200,13,4,92,9,2,0.0018762394320219755,0.41999998688697815,581.5
Gemstone-Models/Gemstone-512x13,Gemstone 512x13 (103M),102643200,13,4,92,9,3,0.010689853690564632,0.41999998688697815,581.5
Gemstone-Models/Gemstone-512x13,Gemstone 512x13 (103M),102643200,13,4,92,10,0,0.8237863183021545,0.41999998688697815,581.5
Gemstone-Models/Gemstone-512x13,Gemstone 512x13 (103M),102643200,13,4,92,10,1,0.16182206571102142,0.41999998688697815,581.5
Gemstone-Models/Gemstone-512x13,Gemstone 512x13 (103M),102643200,13,4,92,10,2,0.003654121421277523,0.41999998688697815,581.5
Gemstone-Models/Gemstone-512x13,Gemstone 512x13 (103M),102643200,13,4,92,10,3,0.19279859960079193,0.41999998688697815,581.5
Gemstone-Models/Gemstone-512x13,Gemstone 512x13 (103M),102643200,13,4,92,11,0,0.031600017100572586,0.41999998688697815,581.5
Gemstone-Models/Gemstone-512x13,Gemstone 512x13 (103M),102643200,13,4,92,11,1,0.02124844118952751,0.41999998688697815,581.5
Gemstone-Models/Gemstone-512x13,Gemstone 512x13 (103M),102643200,13,4,92,11,2,0.28906917572021484,0.41999998688697815,581.5
Gemstone-Models/Gemstone-512x13,Gemstone 512x13 (103M),102643200,13,4,92,11,3,0.25493401288986206,0.41999998688697815,581.5
Gemstone-Models/Gemstone-512x13,Gemstone 512x13 (103M),102643200,13,4,92,12,0,0.004442160949110985,0.41999998688697815,581.5
Gemstone-Models/Gemstone-512x13,Gemstone 512x13 (103M),102643200,13,4,92,12,1,0.004201746080070734,0.41999998688697815,581.5
Gemstone-Models/Gemstone-512x13,Gemstone 512x13 (103M),102643200,13,4,92,12,2,0.013000636361539364,0.41999998688697815,581.5
Gemstone-Models/Gemstone-512x13,Gemstone 512x13 (103M),102643200,13,4,92,12,3,0.0073536657728254795,0.41999998688697815,581.5
Gemstone-Models/Gemstone-512x13,Gemstone 512x13 (103M),102643200,13,4,93,0,0,7.69426187616773e-05,0.6000000238418579,251.1199951171875
Gemstone-Models/Gemstone-512x13,Gemstone 512x13 (103M),102643200,13,4,93,0,1,0.003646150231361389,0.6000000238418579,251.1199951171875
Gemstone-Models/Gemstone-512x13,Gemstone 512x13 (103M),102643200,13,4,93,0,2,0.017185362055897713,0.6000000238418579,251.1199951171875
Gemstone-Models/Gemstone-512x13,Gemstone 512x13 (103M),102643200,13,4,93,0,3,0.007868868298828602,0.6000000238418579,251.1199951171875
Gemstone-Models/Gemstone-512x13,Gemstone 512x13 (103M),102643200,13,4,93,1,0,0.0011773938313126564,0.6000000238418579,251.1199951171875
Gemstone-Models/Gemstone-512x13,Gemstone 512x13 (103M),102643200,13,4,93,1,1,0.008814522065222263,0.6000000238418579,251.1199951171875
Gemstone-Models/Gemstone-512x13,Gemstone 512x13 (103M),102643200,13,4,93,1,2,0.00024585548089817166,0.6000000238418579,251.1199951171875
Gemstone-Models/Gemstone-512x13,Gemstone 512x13 (103M),102643200,13,4,93,1,3,0.00129197898786515,0.6000000238418579,251.1199951171875
Gemstone-Models/Gemstone-512x13,Gemstone 512x13 (103M),102643200,13,4,93,2,0,0.00963098555803299,0.6000000238418579,251.1199951171875
Gemstone-Models/Gemstone-512x13,Gemstone 512x13 (103M),102643200,13,4,93,2,1,0.0012141787447035313,0.6000000238418579,251.1199951171875
Gemstone-Models/Gemstone-512x13,Gemstone 512x13 (103M),102643200,13,4,93,2,2,0.008352266624569893,0.6000000238418579,251.1199951171875
Gemstone-Models/Gemstone-512x13,Gemstone 512x13 (103M),102643200,13,4,93,2,3,0.005887873005121946,0.6000000238418579,251.1199951171875
Gemstone-Models/Gemstone-512x13,Gemstone 512x13 (103M),102643200,13,4,93,3,0,0.005816481541842222,0.6000000238418579,251.1199951171875
Gemstone-Models/Gemstone-512x13,Gemstone 512x13 (103M),102643200,13,4,93,3,1,0.0004397346347104758,0.6000000238418579,251.1199951171875
Gemstone-Models/Gemstone-512x13,Gemstone 512x13 (103M),102643200,13,4,93,3,2,0.00545377004891634,0.6000000238418579,251.1199951171875
Gemstone-Models/Gemstone-512x13,Gemstone 512x13 (103M),102643200,13,4,93,3,3,0.010329381562769413,0.6000000238418579,251.1199951171875
Gemstone-Models/Gemstone-512x13,Gemstone 512x13 (103M),102643200,13,4,93,4,0,0.018739864230155945,0.6000000238418579,251.1199951171875
Gemstone-Models/Gemstone-512x13,Gemstone 512x13 (103M),102643200,13,4,93,4,1,0.005803616251796484,0.6000000238418579,251.1199951171875
Gemstone-Models/Gemstone-512x13,Gemstone 512x13 (103M),102643200,13,4,93,4,2,0.008809264749288559,0.6000000238418579,251.1199951171875
Gemstone-Models/Gemstone-512x13,Gemstone 512x13 (103M),102643200,13,4,93,4,3,0.0022082391660660505,0.6000000238418579,251.1199951171875
Gemstone-Models/Gemstone-512x13,Gemstone 512x13 (103M),102643200,13,4,93,5,0,0.012011103332042694,0.6000000238418579,251.1199951171875
Gemstone-Models/Gemstone-512x13,Gemstone 512x13 (103M),102643200,13,4,93,5,1,0.015674002468585968,0.6000000238418579,251.1199951171875
Gemstone-Models/Gemstone-512x13,Gemstone 512x13 (103M),102643200,13,4,93,5,2,1.0142901629706103e-07,0.6000000238418579,251.1199951171875
Gemstone-Models/Gemstone-512x13,Gemstone 512x13 (103M),102643200,13,4,93,5,3,0.00015287604765035212,0.6000000238418579,251.1199951171875
Gemstone-Models/Gemstone-512x13,Gemstone 512x13 (103M),102643200,13,4,93,6,0,0.0003122985071968287,0.6000000238418579,251.1199951171875
Gemstone-Models/Gemstone-512x13,Gemstone 512x13 (103M),102643200,13,4,93,6,1,0.7825033068656921,0.6000000238418579,251.1199951171875
Gemstone-Models/Gemstone-512x13,Gemstone 512x13 (103M),102643200,13,4,93,6,2,0.00172344536986202,0.6000000238418579,251.1199951171875
Gemstone-Models/Gemstone-512x13,Gemstone 512x13 (103M),102643200,13,4,93,6,3,0.0033418922685086727,0.6000000238418579,251.1199951171875
Gemstone-Models/Gemstone-512x13,Gemstone 512x13 (103M),102643200,13,4,93,7,0,0.0013363772304728627,0.6000000238418579,251.1199951171875
Gemstone-Models/Gemstone-512x13,Gemstone 512x13 (103M),102643200,13,4,93,7,1,8.269763202406466e-05,0.6000000238418579,251.1199951171875
Gemstone-Models/Gemstone-512x13,Gemstone 512x13 (103M),102643200,13,4,93,7,2,0.00038304657209664583,0.6000000238418579,251.1199951171875
Gemstone-Models/Gemstone-512x13,Gemstone 512x13 (103M),102643200,13,4,93,7,3,0.0006094722775742412,0.6000000238418579,251.1199951171875
Gemstone-Models/Gemstone-512x13,Gemstone 512x13 (103M),102643200,13,4,93,8,0,0.0030107933562248945,0.6000000238418579,251.1199951171875
Gemstone-Models/Gemstone-512x13,Gemstone 512x13 (103M),102643200,13,4,93,8,1,0.003146920818835497,0.6000000238418579,251.1199951171875
Gemstone-Models/Gemstone-512x13,Gemstone 512x13 (103M),102643200,13,4,93,8,2,0.00035346520598977804,0.6000000238418579,251.1199951171875
Gemstone-Models/Gemstone-512x13,Gemstone 512x13 (103M),102643200,13,4,93,8,3,0.04033508151769638,0.6000000238418579,251.1199951171875
Gemstone-Models/Gemstone-512x13,Gemstone 512x13 (103M),102643200,13,4,93,9,0,1.6618207254737172e-08,0.6000000238418579,251.1199951171875
Gemstone-Models/Gemstone-512x13,Gemstone 512x13 (103M),102643200,13,4,93,9,1,0.00017911128816194832,0.6000000238418579,251.1199951171875
Gemstone-Models/Gemstone-512x13,Gemstone 512x13 (103M),102643200,13,4,93,9,2,0.0020650229416787624,0.6000000238418579,251.1199951171875
Gemstone-Models/Gemstone-512x13,Gemstone 512x13 (103M),102643200,13,4,93,9,3,0.012641480192542076,0.6000000238418579,251.1199951171875
Gemstone-Models/Gemstone-512x13,Gemstone 512x13 (103M),102643200,13,4,93,10,0,0.8479300141334534,0.6000000238418579,251.1199951171875
Gemstone-Models/Gemstone-512x13,Gemstone 512x13 (103M),102643200,13,4,93,10,1,0.1718534231185913,0.6000000238418579,251.1199951171875
Gemstone-Models/Gemstone-512x13,Gemstone 512x13 (103M),102643200,13,4,93,10,2,0.0055868481285870075,0.6000000238418579,251.1199951171875
Gemstone-Models/Gemstone-512x13,Gemstone 512x13 (103M),102643200,13,4,93,10,3,0.20853225886821747,0.6000000238418579,251.1199951171875
Gemstone-Models/Gemstone-512x13,Gemstone 512x13 (103M),102643200,13,4,93,11,0,0.04066181182861328,0.6000000238418579,251.1199951171875
Gemstone-Models/Gemstone-512x13,Gemstone 512x13 (103M),102643200,13,4,93,11,1,0.037202417850494385,0.6000000238418579,251.1199951171875
Gemstone-Models/Gemstone-512x13,Gemstone 512x13 (103M),102643200,13,4,93,11,2,0.39910656213760376,0.6000000238418579,251.1199951171875
Gemstone-Models/Gemstone-512x13,Gemstone 512x13 (103M),102643200,13,4,93,11,3,0.3003889322280884,0.6000000238418579,251.1199951171875
Gemstone-Models/Gemstone-512x13,Gemstone 512x13 (103M),102643200,13,4,93,12,0,0.004253099672496319,0.6000000238418579,251.1199951171875
Gemstone-Models/Gemstone-512x13,Gemstone 512x13 (103M),102643200,13,4,93,12,1,0.002691300818696618,0.6000000238418579,251.1199951171875
Gemstone-Models/Gemstone-512x13,Gemstone 512x13 (103M),102643200,13,4,93,12,2,0.01649380289018154,0.6000000238418579,251.1199951171875
Gemstone-Models/Gemstone-512x13,Gemstone 512x13 (103M),102643200,13,4,93,12,3,0.006132043432444334,0.6000000238418579,251.1199951171875
Gemstone-Models/Gemstone-512x13,Gemstone 512x13 (103M),102643200,13,4,94,0,0,0.0006461538141593337,0.8799999952316284,35.040000915527344
Gemstone-Models/Gemstone-512x13,Gemstone 512x13 (103M),102643200,13,4,94,0,1,0.0038182151038199663,0.8799999952316284,35.040000915527344
Gemstone-Models/Gemstone-512x13,Gemstone 512x13 (103M),102643200,13,4,94,0,2,0.01564081385731697,0.8799999952316284,35.040000915527344
Gemstone-Models/Gemstone-512x13,Gemstone 512x13 (103M),102643200,13,4,94,0,3,0.007699374109506607,0.8799999952316284,35.040000915527344
Gemstone-Models/Gemstone-512x13,Gemstone 512x13 (103M),102643200,13,4,94,1,0,0.0009337959345430136,0.8799999952316284,35.040000915527344
Gemstone-Models/Gemstone-512x13,Gemstone 512x13 (103M),102643200,13,4,94,1,1,0.011364893056452274,0.8799999952316284,35.040000915527344
Gemstone-Models/Gemstone-512x13,Gemstone 512x13 (103M),102643200,13,4,94,1,2,0.00023376331955660135,0.8799999952316284,35.040000915527344
Gemstone-Models/Gemstone-512x13,Gemstone 512x13 (103M),102643200,13,4,94,1,3,0.0031798577401787043,0.8799999952316284,35.040000915527344
Gemstone-Models/Gemstone-512x13,Gemstone 512x13 (103M),102643200,13,4,94,2,0,0.010301416739821434,0.8799999952316284,35.040000915527344
Gemstone-Models/Gemstone-512x13,Gemstone 512x13 (103M),102643200,13,4,94,2,1,0.003320730524137616,0.8799999952316284,35.040000915527344
Gemstone-Models/Gemstone-512x13,Gemstone 512x13 (103M),102643200,13,4,94,2,2,0.013223476707935333,0.8799999952316284,35.040000915527344
Gemstone-Models/Gemstone-512x13,Gemstone 512x13 (103M),102643200,13,4,94,2,3,0.00786713045090437,0.8799999952316284,35.040000915527344
Gemstone-Models/Gemstone-512x13,Gemstone 512x13 (103M),102643200,13,4,94,3,0,0.0055883293971419334,0.8799999952316284,35.040000915527344
Gemstone-Models/Gemstone-512x13,Gemstone 512x13 (103M),102643200,13,4,94,3,1,0.0005405867705121636,0.8799999952316284,35.040000915527344
Gemstone-Models/Gemstone-512x13,Gemstone 512x13 (103M),102643200,13,4,94,3,2,0.0077800871804356575,0.8799999952316284,35.040000915527344
Gemstone-Models/Gemstone-512x13,Gemstone 512x13 (103M),102643200,13,4,94,3,3,0.016185779124498367,0.8799999952316284,35.040000915527344
Gemstone-Models/Gemstone-512x13,Gemstone 512x13 (103M),102643200,13,4,94,4,0,0.02318432740867138,0.8799999952316284,35.040000915527344
Gemstone-Models/Gemstone-512x13,Gemstone 512x13 (103M),102643200,13,4,94,4,1,0.006831035483628511,0.8799999952316284,35.040000915527344
Gemstone-Models/Gemstone-512x13,Gemstone 512x13 (103M),102643200,13,4,94,4,2,0.009020397439599037,0.8799999952316284,35.040000915527344
Gemstone-Models/Gemstone-512x13,Gemstone 512x13 (103M),102643200,13,4,94,4,3,0.0014081444824114442,0.8799999952316284,35.040000915527344
Gemstone-Models/Gemstone-512x13,Gemstone 512x13 (103M),102643200,13,4,94,5,0,0.015473143197596073,0.8799999952316284,35.040000915527344
Gemstone-Models/Gemstone-512x13,Gemstone 512x13 (103M),102643200,13,4,94,5,1,0.014282059855759144,0.8799999952316284,35.040000915527344
Gemstone-Models/Gemstone-512x13,Gemstone 512x13 (103M),102643200,13,4,94,5,2,1.9065420246988651e-06,0.8799999952316284,35.040000915527344
Gemstone-Models/Gemstone-512x13,Gemstone 512x13 (103M),102643200,13,4,94,5,3,0.00013563164975494146,0.8799999952316284,35.040000915527344
Gemstone-Models/Gemstone-512x13,Gemstone 512x13 (103M),102643200,13,4,94,6,0,0.0007843616767786443,0.8799999952316284,35.040000915527344
Gemstone-Models/Gemstone-512x13,Gemstone 512x13 (103M),102643200,13,4,94,6,1,0.8942694664001465,0.8799999952316284,35.040000915527344
Gemstone-Models/Gemstone-512x13,Gemstone 512x13 (103M),102643200,13,4,94,6,2,0.0059506879188120365,0.8799999952316284,35.040000915527344
Gemstone-Models/Gemstone-512x13,Gemstone 512x13 (103M),102643200,13,4,94,6,3,0.005506879184395075,0.8799999952316284,35.040000915527344
Gemstone-Models/Gemstone-512x13,Gemstone 512x13 (103M),102643200,13,4,94,7,0,0.002149855252355337,0.8799999952316284,35.040000915527344
Gemstone-Models/Gemstone-512x13,Gemstone 512x13 (103M),102643200,13,4,94,7,1,0.0002267586678499356,0.8799999952316284,35.040000915527344
Gemstone-Models/Gemstone-512x13,Gemstone 512x13 (103M),102643200,13,4,94,7,2,0.00021744014520663768,0.8799999952316284,35.040000915527344
Gemstone-Models/Gemstone-512x13,Gemstone 512x13 (103M),102643200,13,4,94,7,3,0.0004315594560466707,0.8799999952316284,35.040000915527344
Gemstone-Models/Gemstone-512x13,Gemstone 512x13 (103M),102643200,13,4,94,8,0,0.003521716222167015,0.8799999952316284,35.040000915527344
Gemstone-Models/Gemstone-512x13,Gemstone 512x13 (103M),102643200,13,4,94,8,1,0.003814966883510351,0.8799999952316284,35.040000915527344
Gemstone-Models/Gemstone-512x13,Gemstone 512x13 (103M),102643200,13,4,94,8,2,0.0003017303824890405,0.8799999952316284,35.040000915527344
Gemstone-Models/Gemstone-512x13,Gemstone 512x13 (103M),102643200,13,4,94,8,3,0.04469091817736626,0.8799999952316284,35.040000915527344
Gemstone-Models/Gemstone-512x13,Gemstone 512x13 (103M),102643200,13,4,94,9,0,4.360772010159053e-08,0.8799999952316284,35.040000915527344
Gemstone-Models/Gemstone-512x13,Gemstone 512x13 (103M),102643200,13,4,94,9,1,0.0006827243487350643,0.8799999952316284,35.040000915527344
Gemstone-Models/Gemstone-512x13,Gemstone 512x13 (103M),102643200,13,4,94,9,2,0.002481441479176283,0.8799999952316284,35.040000915527344
Gemstone-Models/Gemstone-512x13,Gemstone 512x13 (103M),102643200,13,4,94,9,3,0.02587451972067356,0.8799999952316284,35.040000915527344
Gemstone-Models/Gemstone-512x13,Gemstone 512x13 (103M),102643200,13,4,94,10,0,0.9047614336013794,0.8799999952316284,35.040000915527344
Gemstone-Models/Gemstone-512x13,Gemstone 512x13 (103M),102643200,13,4,94,10,1,0.26655712723731995,0.8799999952316284,35.040000915527344
Gemstone-Models/Gemstone-512x13,Gemstone 512x13 (103M),102643200,13,4,94,10,2,0.003608864499256015,0.8799999952316284,35.040000915527344
Gemstone-Models/Gemstone-512x13,Gemstone 512x13 (103M),102643200,13,4,94,10,3,0.12274596840143204,0.8799999952316284,35.040000915527344
Gemstone-Models/Gemstone-512x13,Gemstone 512x13 (103M),102643200,13,4,94,11,0,0.06936638057231903,0.8799999952316284,35.040000915527344
Gemstone-Models/Gemstone-512x13,Gemstone 512x13 (103M),102643200,13,4,94,11,1,0.058039143681526184,0.8799999952316284,35.040000915527344
Gemstone-Models/Gemstone-512x13,Gemstone 512x13 (103M),102643200,13,4,94,11,2,0.5163193345069885,0.8799999952316284,35.040000915527344
Gemstone-Models/Gemstone-512x13,Gemstone 512x13 (103M),102643200,13,4,94,11,3,0.41414979100227356,0.8799999952316284,35.040000915527344
Gemstone-Models/Gemstone-512x13,Gemstone 512x13 (103M),102643200,13,4,94,12,0,0.005242607556283474,0.8799999952316284,35.040000915527344
Gemstone-Models/Gemstone-512x13,Gemstone 512x13 (103M),102643200,13,4,94,12,1,0.002445538528263569,0.8799999952316284,35.040000915527344
Gemstone-Models/Gemstone-512x13,Gemstone 512x13 (103M),102643200,13,4,94,12,2,0.021921658888459206,0.8799999952316284,35.040000915527344
Gemstone-Models/Gemstone-512x13,Gemstone 512x13 (103M),102643200,13,4,94,12,3,0.00714503787457943,0.8799999952316284,35.040000915527344
Gemstone-Models/Gemstone-512x13,Gemstone 512x13 (103M),102643200,13,4,95,0,0,6.280269735725597e-05,0.8799999952316284,5.199999809265137
Gemstone-Models/Gemstone-512x13,Gemstone 512x13 (103M),102643200,13,4,95,0,1,0.0032433909364044666,0.8799999952316284,5.199999809265137
Gemstone-Models/Gemstone-512x13,Gemstone 512x13 (103M),102643200,13,4,95,0,2,0.01528718788176775,0.8799999952316284,5.199999809265137
Gemstone-Models/Gemstone-512x13,Gemstone 512x13 (103M),102643200,13,4,95,0,3,0.009914792142808437,0.8799999952316284,5.199999809265137
Gemstone-Models/Gemstone-512x13,Gemstone 512x13 (103M),102643200,13,4,95,1,0,0.0010046224342659116,0.8799999952316284,5.199999809265137
Gemstone-Models/Gemstone-512x13,Gemstone 512x13 (103M),102643200,13,4,95,1,1,0.010773425921797752,0.8799999952316284,5.199999809265137
Gemstone-Models/Gemstone-512x13,Gemstone 512x13 (103M),102643200,13,4,95,1,2,0.0003349614853505045,0.8799999952316284,5.199999809265137
Gemstone-Models/Gemstone-512x13,Gemstone 512x13 (103M),102643200,13,4,95,1,3,0.005193756427615881,0.8799999952316284,5.199999809265137
Gemstone-Models/Gemstone-512x13,Gemstone 512x13 (103M),102643200,13,4,95,2,0,0.012229733169078827,0.8799999952316284,5.199999809265137
Gemstone-Models/Gemstone-512x13,Gemstone 512x13 (103M),102643200,13,4,95,2,1,0.0015510598896071315,0.8799999952316284,5.199999809265137
Gemstone-Models/Gemstone-512x13,Gemstone 512x13 (103M),102643200,13,4,95,2,2,0.007189712021499872,0.8799999952316284,5.199999809265137
Gemstone-Models/Gemstone-512x13,Gemstone 512x13 (103M),102643200,13,4,95,2,3,0.012953858822584152,0.8799999952316284,5.199999809265137
Gemstone-Models/Gemstone-512x13,Gemstone 512x13 (103M),102643200,13,4,95,3,0,0.007758216932415962,0.8799999952316284,5.199999809265137
Gemstone-Models/Gemstone-512x13,Gemstone 512x13 (103M),102643200,13,4,95,3,1,0.0005437734653241932,0.8799999952316284,5.199999809265137
Gemstone-Models/Gemstone-512x13,Gemstone 512x13 (103M),102643200,13,4,95,3,2,0.00627202820032835,0.8799999952316284,5.199999809265137
Gemstone-Models/Gemstone-512x13,Gemstone 512x13 (103M),102643200,13,4,95,3,3,0.006444631610065699,0.8799999952316284,5.199999809265137
Gemstone-Models/Gemstone-512x13,Gemstone 512x13 (103M),102643200,13,4,95,4,0,0.025945235043764114,0.8799999952316284,5.199999809265137
Gemstone-Models/Gemstone-512x13,Gemstone 512x13 (103M),102643200,13,4,95,4,1,0.004753387067466974,0.8799999952316284,5.199999809265137
Gemstone-Models/Gemstone-512x13,Gemstone 512x13 (103M),102643200,13,4,95,4,2,0.00734662963077426,0.8799999952316284,5.199999809265137
Gemstone-Models/Gemstone-512x13,Gemstone 512x13 (103M),102643200,13,4,95,4,3,0.0012356142979115248,0.8799999952316284,5.199999809265137
Gemstone-Models/Gemstone-512x13,Gemstone 512x13 (103M),102643200,13,4,95,5,0,0.011417035944759846,0.8799999952316284,5.199999809265137
Gemstone-Models/Gemstone-512x13,Gemstone 512x13 (103M),102643200,13,4,95,5,1,0.013398868963122368,0.8799999952316284,5.199999809265137
Gemstone-Models/Gemstone-512x13,Gemstone 512x13 (103M),102643200,13,4,95,5,2,2.3729882059342344e-07,0.8799999952316284,5.199999809265137
Gemstone-Models/Gemstone-512x13,Gemstone 512x13 (103M),102643200,13,4,95,5,3,9.751828474691138e-05,0.8799999952316284,5.199999809265137
Gemstone-Models/Gemstone-512x13,Gemstone 512x13 (103M),102643200,13,4,95,6,0,0.0003820721758529544,0.8799999952316284,5.199999809265137
Gemstone-Models/Gemstone-512x13,Gemstone 512x13 (103M),102643200,13,4,95,6,1,0.8792407512664795,0.8799999952316284,5.199999809265137
Gemstone-Models/Gemstone-512x13,Gemstone 512x13 (103M),102643200,13,4,95,6,2,0.003510872134938836,0.8799999952316284,5.199999809265137
Gemstone-Models/Gemstone-512x13,Gemstone 512x13 (103M),102643200,13,4,95,6,3,0.005388153716921806,0.8799999952316284,5.199999809265137
Gemstone-Models/Gemstone-512x13,Gemstone 512x13 (103M),102643200,13,4,95,7,0,0.001975894207134843,0.8799999952316284,5.199999809265137
Gemstone-Models/Gemstone-512x13,Gemstone 512x13 (103M),102643200,13,4,95,7,1,0.00011758461914723739,0.8799999952316284,5.199999809265137
Gemstone-Models/Gemstone-512x13,Gemstone 512x13 (103M),102643200,13,4,95,7,2,0.00021449854830279946,0.8799999952316284,5.199999809265137
Gemstone-Models/Gemstone-512x13,Gemstone 512x13 (103M),102643200,13,4,95,7,3,0.00037644285475835204,0.8799999952316284,5.199999809265137
Gemstone-Models/Gemstone-512x13,Gemstone 512x13 (103M),102643200,13,4,95,8,0,0.003052896587178111,0.8799999952316284,5.199999809265137
Gemstone-Models/Gemstone-512x13,Gemstone 512x13 (103M),102643200,13,4,95,8,1,0.0029081273823976517,0.8799999952316284,5.199999809265137
Gemstone-Models/Gemstone-512x13,Gemstone 512x13 (103M),102643200,13,4,95,8,2,0.0003043760370928794,0.8799999952316284,5.199999809265137
Gemstone-Models/Gemstone-512x13,Gemstone 512x13 (103M),102643200,13,4,95,8,3,0.023982005193829536,0.8799999952316284,5.199999809265137
Gemstone-Models/Gemstone-512x13,Gemstone 512x13 (103M),102643200,13,4,95,9,0,1.0154966645359309e-07,0.8799999952316284,5.199999809265137
Gemstone-Models/Gemstone-512x13,Gemstone 512x13 (103M),102643200,13,4,95,9,1,0.0004954284522682428,0.8799999952316284,5.199999809265137
Gemstone-Models/Gemstone-512x13,Gemstone 512x13 (103M),102643200,13,4,95,9,2,0.0025882727932184935,0.8799999952316284,5.199999809265137
Gemstone-Models/Gemstone-512x13,Gemstone 512x13 (103M),102643200,13,4,95,9,3,0.022218480706214905,0.8799999952316284,5.199999809265137
Gemstone-Models/Gemstone-512x13,Gemstone 512x13 (103M),102643200,13,4,95,10,0,0.9009765386581421,0.8799999952316284,5.199999809265137
Gemstone-Models/Gemstone-512x13,Gemstone 512x13 (103M),102643200,13,4,95,10,1,0.16943667829036713,0.8799999952316284,5.199999809265137
Gemstone-Models/Gemstone-512x13,Gemstone 512x13 (103M),102643200,13,4,95,10,2,0.005920178722590208,0.8799999952316284,5.199999809265137
Gemstone-Models/Gemstone-512x13,Gemstone 512x13 (103M),102643200,13,4,95,10,3,0.1388927698135376,0.8799999952316284,5.199999809265137
Gemstone-Models/Gemstone-512x13,Gemstone 512x13 (103M),102643200,13,4,95,11,0,0.08058490604162216,0.8799999952316284,5.199999809265137
Gemstone-Models/Gemstone-512x13,Gemstone 512x13 (103M),102643200,13,4,95,11,1,0.04824155941605568,0.8799999952316284,5.199999809265137
Gemstone-Models/Gemstone-512x13,Gemstone 512x13 (103M),102643200,13,4,95,11,2,0.5363244414329529,0.8799999952316284,5.199999809265137
Gemstone-Models/Gemstone-512x13,Gemstone 512x13 (103M),102643200,13,4,95,11,3,0.41580674052238464,0.8799999952316284,5.199999809265137
Gemstone-Models/Gemstone-512x13,Gemstone 512x13 (103M),102643200,13,4,95,12,0,0.005543611478060484,0.8799999952316284,5.199999809265137
Gemstone-Models/Gemstone-512x13,Gemstone 512x13 (103M),102643200,13,4,95,12,1,0.0046845837496221066,0.8799999952316284,5.199999809265137
Gemstone-Models/Gemstone-512x13,Gemstone 512x13 (103M),102643200,13,4,95,12,2,0.020267914980649948,0.8799999952316284,5.199999809265137
Gemstone-Models/Gemstone-512x13,Gemstone 512x13 (103M),102643200,13,4,95,12,3,0.006726884748786688,0.8799999952316284,5.199999809265137
Gemstone-Models/Gemstone-512x13,Gemstone 512x13 (103M),102643200,13,4,96,0,0,0.0069698733277618885,0.46000000834465027,2117.06005859375
Gemstone-Models/Gemstone-512x13,Gemstone 512x13 (103M),102643200,13,4,96,0,1,0.003428284777328372,0.46000000834465027,2117.06005859375
Gemstone-Models/Gemstone-512x13,Gemstone 512x13 (103M),102643200,13,4,96,0,2,0.014983740635216236,0.46000000834465027,2117.06005859375
Gemstone-Models/Gemstone-512x13,Gemstone 512x13 (103M),102643200,13,4,96,0,3,0.006858499720692635,0.46000000834465027,2117.06005859375
Gemstone-Models/Gemstone-512x13,Gemstone 512x13 (103M),102643200,13,4,96,1,0,0.0011442466638982296,0.46000000834465027,2117.06005859375
Gemstone-Models/Gemstone-512x13,Gemstone 512x13 (103M),102643200,13,4,96,1,1,0.009111009538173676,0.46000000834465027,2117.06005859375
Gemstone-Models/Gemstone-512x13,Gemstone 512x13 (103M),102643200,13,4,96,1,2,0.0010837200097739697,0.46000000834465027,2117.06005859375
Gemstone-Models/Gemstone-512x13,Gemstone 512x13 (103M),102643200,13,4,96,1,3,0.02398519590497017,0.46000000834465027,2117.06005859375
Gemstone-Models/Gemstone-512x13,Gemstone 512x13 (103M),102643200,13,4,96,2,0,0.008896727114915848,0.46000000834465027,2117.06005859375
Gemstone-Models/Gemstone-512x13,Gemstone 512x13 (103M),102643200,13,4,96,2,1,0.0016496015014126897,0.46000000834465027,2117.06005859375
Gemstone-Models/Gemstone-512x13,Gemstone 512x13 (103M),102643200,13,4,96,2,2,0.00795920193195343,0.46000000834465027,2117.06005859375
Gemstone-Models/Gemstone-512x13,Gemstone 512x13 (103M),102643200,13,4,96,2,3,0.009192589670419693,0.46000000834465027,2117.06005859375
Gemstone-Models/Gemstone-512x13,Gemstone 512x13 (103M),102643200,13,4,96,3,0,0.006058189086616039,0.46000000834465027,2117.06005859375
Gemstone-Models/Gemstone-512x13,Gemstone 512x13 (103M),102643200,13,4,96,3,1,0.0004571048775687814,0.46000000834465027,2117.06005859375
Gemstone-Models/Gemstone-512x13,Gemstone 512x13 (103M),102643200,13,4,96,3,2,0.0062539889477193356,0.46000000834465027,2117.06005859375
Gemstone-Models/Gemstone-512x13,Gemstone 512x13 (103M),102643200,13,4,96,3,3,0.0066061969846487045,0.46000000834465027,2117.06005859375
Gemstone-Models/Gemstone-512x13,Gemstone 512x13 (103M),102643200,13,4,96,4,0,0.022362511605024338,0.46000000834465027,2117.06005859375
Gemstone-Models/Gemstone-512x13,Gemstone 512x13 (103M),102643200,13,4,96,4,1,0.006993649527430534,0.46000000834465027,2117.06005859375
Gemstone-Models/Gemstone-512x13,Gemstone 512x13 (103M),102643200,13,4,96,4,2,0.007611849345266819,0.46000000834465027,2117.06005859375
Gemstone-Models/Gemstone-512x13,Gemstone 512x13 (103M),102643200,13,4,96,4,3,0.0013261190615594387,0.46000000834465027,2117.06005859375
Gemstone-Models/Gemstone-512x13,Gemstone 512x13 (103M),102643200,13,4,96,5,0,0.007308647036552429,0.46000000834465027,2117.06005859375
Gemstone-Models/Gemstone-512x13,Gemstone 512x13 (103M),102643200,13,4,96,5,1,0.013132824562489986,0.46000000834465027,2117.06005859375
Gemstone-Models/Gemstone-512x13,Gemstone 512x13 (103M),102643200,13,4,96,5,2,1.8498782594633667e-07,0.46000000834465027,2117.06005859375
Gemstone-Models/Gemstone-512x13,Gemstone 512x13 (103M),102643200,13,4,96,5,3,0.00011431222810642794,0.46000000834465027,2117.06005859375
Gemstone-Models/Gemstone-512x13,Gemstone 512x13 (103M),102643200,13,4,96,6,0,0.0003206420806236565,0.46000000834465027,2117.06005859375
Gemstone-Models/Gemstone-512x13,Gemstone 512x13 (103M),102643200,13,4,96,6,1,0.7943428158760071,0.46000000834465027,2117.06005859375
Gemstone-Models/Gemstone-512x13,Gemstone 512x13 (103M),102643200,13,4,96,6,2,0.0028629349544644356,0.46000000834465027,2117.06005859375
Gemstone-Models/Gemstone-512x13,Gemstone 512x13 (103M),102643200,13,4,96,6,3,0.0031132835429161787,0.46000000834465027,2117.06005859375
Gemstone-Models/Gemstone-512x13,Gemstone 512x13 (103M),102643200,13,4,96,7,0,0.001496322569437325,0.46000000834465027,2117.06005859375
Gemstone-Models/Gemstone-512x13,Gemstone 512x13 (103M),102643200,13,4,96,7,1,9.531771502224728e-05,0.46000000834465027,2117.06005859375
Gemstone-Models/Gemstone-512x13,Gemstone 512x13 (103M),102643200,13,4,96,7,2,0.0005279031465761364,0.46000000834465027,2117.06005859375
Gemstone-Models/Gemstone-512x13,Gemstone 512x13 (103M),102643200,13,4,96,7,3,0.0006167173269204795,0.46000000834465027,2117.06005859375
Gemstone-Models/Gemstone-512x13,Gemstone 512x13 (103M),102643200,13,4,96,8,0,0.0030835894867777824,0.46000000834465027,2117.06005859375
Gemstone-Models/Gemstone-512x13,Gemstone 512x13 (103M),102643200,13,4,96,8,1,0.002332087839022279,0.46000000834465027,2117.06005859375
Gemstone-Models/Gemstone-512x13,Gemstone 512x13 (103M),102643200,13,4,96,8,2,0.0002078015386359766,0.46000000834465027,2117.06005859375
Gemstone-Models/Gemstone-512x13,Gemstone 512x13 (103M),102643200,13,4,96,8,3,0.037968847900629044,0.46000000834465027,2117.06005859375
Gemstone-Models/Gemstone-512x13,Gemstone 512x13 (103M),102643200,13,4,96,9,0,5.375029754617344e-09,0.46000000834465027,2117.06005859375
Gemstone-Models/Gemstone-512x13,Gemstone 512x13 (103M),102643200,13,4,96,9,1,0.0003126411174889654,0.46000000834465027,2117.06005859375
Gemstone-Models/Gemstone-512x13,Gemstone 512x13 (103M),102643200,13,4,96,9,2,0.0018604100914672017,0.46000000834465027,2117.06005859375
Gemstone-Models/Gemstone-512x13,Gemstone 512x13 (103M),102643200,13,4,96,9,3,0.016495786607265472,0.46000000834465027,2117.06005859375
Gemstone-Models/Gemstone-512x13,Gemstone 512x13 (103M),102643200,13,4,96,10,0,0.8201199173927307,0.46000000834465027,2117.06005859375
Gemstone-Models/Gemstone-512x13,Gemstone 512x13 (103M),102643200,13,4,96,10,1,0.1680251657962799,0.46000000834465027,2117.06005859375
Gemstone-Models/Gemstone-512x13,Gemstone 512x13 (103M),102643200,13,4,96,10,2,0.005089123267680407,0.46000000834465027,2117.06005859375
Gemstone-Models/Gemstone-512x13,Gemstone 512x13 (103M),102643200,13,4,96,10,3,0.18197230994701385,0.46000000834465027,2117.06005859375
Gemstone-Models/Gemstone-512x13,Gemstone 512x13 (103M),102643200,13,4,96,11,0,0.04187450930476189,0.46000000834465027,2117.06005859375
Gemstone-Models/Gemstone-512x13,Gemstone 512x13 (103M),102643200,13,4,96,11,1,0.04161372780799866,0.46000000834465027,2117.06005859375
Gemstone-Models/Gemstone-512x13,Gemstone 512x13 (103M),102643200,13,4,96,11,2,0.31540578603744507,0.46000000834465027,2117.06005859375
Gemstone-Models/Gemstone-512x13,Gemstone 512x13 (103M),102643200,13,4,96,11,3,0.26419615745544434,0.46000000834465027,2117.06005859375
Gemstone-Models/Gemstone-512x13,Gemstone 512x13 (103M),102643200,13,4,96,12,0,0.004136432893574238,0.46000000834465027,2117.06005859375
Gemstone-Models/Gemstone-512x13,Gemstone 512x13 (103M),102643200,13,4,96,12,1,0.0016259602271020412,0.46000000834465027,2117.06005859375
Gemstone-Models/Gemstone-512x13,Gemstone 512x13 (103M),102643200,13,4,96,12,2,0.016623158007860184,0.46000000834465027,2117.06005859375
Gemstone-Models/Gemstone-512x13,Gemstone 512x13 (103M),102643200,13,4,96,12,3,0.0071268570609390736,0.46000000834465027,2117.06005859375
Gemstone-Models/Gemstone-512x13,Gemstone 512x13 (103M),102643200,13,4,97,0,0,1.2160897313151509e-05,0.6200000047683716,726.3400268554688
Gemstone-Models/Gemstone-512x13,Gemstone 512x13 (103M),102643200,13,4,97,0,1,0.003086070530116558,0.6200000047683716,726.3400268554688
Gemstone-Models/Gemstone-512x13,Gemstone 512x13 (103M),102643200,13,4,97,0,2,0.015726175159215927,0.6200000047683716,726.3400268554688
Gemstone-Models/Gemstone-512x13,Gemstone 512x13 (103M),102643200,13,4,97,0,3,0.007722690235823393,0.6200000047683716,726.3400268554688
Gemstone-Models/Gemstone-512x13,Gemstone 512x13 (103M),102643200,13,4,97,1,0,0.0008540510898455977,0.6200000047683716,726.3400268554688
Gemstone-Models/Gemstone-512x13,Gemstone 512x13 (103M),102643200,13,4,97,1,1,0.00601984141394496,0.6200000047683716,726.3400268554688
Gemstone-Models/Gemstone-512x13,Gemstone 512x13 (103M),102643200,13,4,97,1,2,0.00013247177412267774,0.6200000047683716,726.3400268554688
Gemstone-Models/Gemstone-512x13,Gemstone 512x13 (103M),102643200,13,4,97,1,3,0.0010636714287102222,0.6200000047683716,726.3400268554688
Gemstone-Models/Gemstone-512x13,Gemstone 512x13 (103M),102643200,13,4,97,2,0,0.007290542125701904,0.6200000047683716,726.3400268554688
Gemstone-Models/Gemstone-512x13,Gemstone 512x13 (103M),102643200,13,4,97,2,1,0.0019249693723395467,0.6200000047683716,726.3400268554688
Gemstone-Models/Gemstone-512x13,Gemstone 512x13 (103M),102643200,13,4,97,2,2,0.009754380211234093,0.6200000047683716,726.3400268554688
Gemstone-Models/Gemstone-512x13,Gemstone 512x13 (103M),102643200,13,4,97,2,3,0.006332305260002613,0.6200000047683716,726.3400268554688
Gemstone-Models/Gemstone-512x13,Gemstone 512x13 (103M),102643200,13,4,97,3,0,0.004995998926460743,0.6200000047683716,726.3400268554688
Gemstone-Models/Gemstone-512x13,Gemstone 512x13 (103M),102643200,13,4,97,3,1,0.0006118171731941402,0.6200000047683716,726.3400268554688
Gemstone-Models/Gemstone-512x13,Gemstone 512x13 (103M),102643200,13,4,97,3,2,0.0054852766916155815,0.6200000047683716,726.3400268554688
Gemstone-Models/Gemstone-512x13,Gemstone 512x13 (103M),102643200,13,4,97,3,3,0.006572932004928589,0.6200000047683716,726.3400268554688
Gemstone-Models/Gemstone-512x13,Gemstone 512x13 (103M),102643200,13,4,97,4,0,0.015260040760040283,0.6200000047683716,726.3400268554688
Gemstone-Models/Gemstone-512x13,Gemstone 512x13 (103M),102643200,13,4,97,4,1,0.005151818972080946,0.6200000047683716,726.3400268554688
Gemstone-Models/Gemstone-512x13,Gemstone 512x13 (103M),102643200,13,4,97,4,2,0.008111601695418358,0.6200000047683716,726.3400268554688
Gemstone-Models/Gemstone-512x13,Gemstone 512x13 (103M),102643200,13,4,97,4,3,0.0009931109379976988,0.6200000047683716,726.3400268554688
Gemstone-Models/Gemstone-512x13,Gemstone 512x13 (103M),102643200,13,4,97,5,0,0.009092900902032852,0.6200000047683716,726.3400268554688
Gemstone-Models/Gemstone-512x13,Gemstone 512x13 (103M),102643200,13,4,97,5,1,0.011409591883420944,0.6200000047683716,726.3400268554688
Gemstone-Models/Gemstone-512x13,Gemstone 512x13 (103M),102643200,13,4,97,5,2,6.793378020120144e-07,0.6200000047683716,726.3400268554688
Gemstone-Models/Gemstone-512x13,Gemstone 512x13 (103M),102643200,13,4,97,5,3,9.590152330929413e-05,0.6200000047683716,726.3400268554688
Gemstone-Models/Gemstone-512x13,Gemstone 512x13 (103M),102643200,13,4,97,6,0,0.00021633658616337925,0.6200000047683716,726.3400268554688
Gemstone-Models/Gemstone-512x13,Gemstone 512x13 (103M),102643200,13,4,97,6,1,0.7460498213768005,0.6200000047683716,726.3400268554688
Gemstone-Models/Gemstone-512x13,Gemstone 512x13 (103M),102643200,13,4,97,6,2,0.0025490671396255493,0.6200000047683716,726.3400268554688
Gemstone-Models/Gemstone-512x13,Gemstone 512x13 (103M),102643200,13,4,97,6,3,0.0027789357118308544,0.6200000047683716,726.3400268554688
Gemstone-Models/Gemstone-512x13,Gemstone 512x13 (103M),102643200,13,4,97,7,0,0.0026040791999548674,0.6200000047683716,726.3400268554688
Gemstone-Models/Gemstone-512x13,Gemstone 512x13 (103M),102643200,13,4,97,7,1,9.027947089634836e-05,0.6200000047683716,726.3400268554688
Gemstone-Models/Gemstone-512x13,Gemstone 512x13 (103M),102643200,13,4,97,7,2,0.0003703054680954665,0.6200000047683716,726.3400268554688
Gemstone-Models/Gemstone-512x13,Gemstone 512x13 (103M),102643200,13,4,97,7,3,0.00037947407690808177,0.6200000047683716,726.3400268554688
Gemstone-Models/Gemstone-512x13,Gemstone 512x13 (103M),102643200,13,4,97,8,0,0.0032002648804336786,0.6200000047683716,726.3400268554688
Gemstone-Models/Gemstone-512x13,Gemstone 512x13 (103M),102643200,13,4,97,8,1,0.002514336723834276,0.6200000047683716,726.3400268554688
Gemstone-Models/Gemstone-512x13,Gemstone 512x13 (103M),102643200,13,4,97,8,2,0.00017107265011873096,0.6200000047683716,726.3400268554688
Gemstone-Models/Gemstone-512x13,Gemstone 512x13 (103M),102643200,13,4,97,8,3,0.028275765478610992,0.6200000047683716,726.3400268554688
Gemstone-Models/Gemstone-512x13,Gemstone 512x13 (103M),102643200,13,4,97,9,0,1.1766386087685987e-08,0.6200000047683716,726.3400268554688
Gemstone-Models/Gemstone-512x13,Gemstone 512x13 (103M),102643200,13,4,97,9,1,0.0001898320042528212,0.6200000047683716,726.3400268554688
Gemstone-Models/Gemstone-512x13,Gemstone 512x13 (103M),102643200,13,4,97,9,2,0.0015727925347164273,0.6200000047683716,726.3400268554688
Gemstone-Models/Gemstone-512x13,Gemstone 512x13 (103M),102643200,13,4,97,9,3,0.013989443890750408,0.6200000047683716,726.3400268554688
Gemstone-Models/Gemstone-512x13,Gemstone 512x13 (103M),102643200,13,4,97,10,0,0.8604092597961426,0.6200000047683716,726.3400268554688
Gemstone-Models/Gemstone-512x13,Gemstone 512x13 (103M),102643200,13,4,97,10,1,0.14346911013126373,0.6200000047683716,726.3400268554688
Gemstone-Models/Gemstone-512x13,Gemstone 512x13 (103M),102643200,13,4,97,10,2,0.003962564282119274,0.6200000047683716,726.3400268554688
Gemstone-Models/Gemstone-512x13,Gemstone 512x13 (103M),102643200,13,4,97,10,3,0.18992595374584198,0.6200000047683716,726.3400268554688
Gemstone-Models/Gemstone-512x13,Gemstone 512x13 (103M),102643200,13,4,97,11,0,0.046488676220178604,0.6200000047683716,726.3400268554688
Gemstone-Models/Gemstone-512x13,Gemstone 512x13 (103M),102643200,13,4,97,11,1,0.046082962304353714,0.6200000047683716,726.3400268554688
Gemstone-Models/Gemstone-512x13,Gemstone 512x13 (103M),102643200,13,4,97,11,2,0.42478856444358826,0.6200000047683716,726.3400268554688
Gemstone-Models/Gemstone-512x13,Gemstone 512x13 (103M),102643200,13,4,97,11,3,0.26885390281677246,0.6200000047683716,726.3400268554688
Gemstone-Models/Gemstone-512x13,Gemstone 512x13 (103M),102643200,13,4,97,12,0,0.0036315941251814365,0.6200000047683716,726.3400268554688
Gemstone-Models/Gemstone-512x13,Gemstone 512x13 (103M),102643200,13,4,97,12,1,0.0036658591125160456,0.6200000047683716,726.3400268554688
Gemstone-Models/Gemstone-512x13,Gemstone 512x13 (103M),102643200,13,4,97,12,2,0.008279135450720787,0.6200000047683716,726.3400268554688
Gemstone-Models/Gemstone-512x13,Gemstone 512x13 (103M),102643200,13,4,97,12,3,0.004785778932273388,0.6200000047683716,726.3400268554688
Gemstone-Models/Gemstone-512x13,Gemstone 512x13 (103M),102643200,13,4,98,0,0,5.333543595043011e-05,0.3799999952316284,239.02000427246094
Gemstone-Models/Gemstone-512x13,Gemstone 512x13 (103M),102643200,13,4,98,0,1,0.0032413643784821033,0.3799999952316284,239.02000427246094
Gemstone-Models/Gemstone-512x13,Gemstone 512x13 (103M),102643200,13,4,98,0,2,0.016123097389936447,0.3799999952316284,239.02000427246094
Gemstone-Models/Gemstone-512x13,Gemstone 512x13 (103M),102643200,13,4,98,0,3,0.0070310188457369804,0.3799999952316284,239.02000427246094
Gemstone-Models/Gemstone-512x13,Gemstone 512x13 (103M),102643200,13,4,98,1,0,0.0009959695162251592,0.3799999952316284,239.02000427246094
Gemstone-Models/Gemstone-512x13,Gemstone 512x13 (103M),102643200,13,4,98,1,1,0.007808436173945665,0.3799999952316284,239.02000427246094
Gemstone-Models/Gemstone-512x13,Gemstone 512x13 (103M),102643200,13,4,98,1,2,0.00036009267205372453,0.3799999952316284,239.02000427246094
Gemstone-Models/Gemstone-512x13,Gemstone 512x13 (103M),102643200,13,4,98,1,3,0.0025124435778707266,0.3799999952316284,239.02000427246094
Gemstone-Models/Gemstone-512x13,Gemstone 512x13 (103M),102643200,13,4,98,2,0,0.00773434154689312,0.3799999952316284,239.02000427246094
Gemstone-Models/Gemstone-512x13,Gemstone 512x13 (103M),102643200,13,4,98,2,1,0.001453437260352075,0.3799999952316284,239.02000427246094
Gemstone-Models/Gemstone-512x13,Gemstone 512x13 (103M),102643200,13,4,98,2,2,0.01442122831940651,0.3799999952316284,239.02000427246094
Gemstone-Models/Gemstone-512x13,Gemstone 512x13 (103M),102643200,13,4,98,2,3,0.007424456998705864,0.3799999952316284,239.02000427246094
Gemstone-Models/Gemstone-512x13,Gemstone 512x13 (103M),102643200,13,4,98,3,0,0.005322826094925404,0.3799999952316284,239.02000427246094
Gemstone-Models/Gemstone-512x13,Gemstone 512x13 (103M),102643200,13,4,98,3,1,0.00042297012987546623,0.3799999952316284,239.02000427246094
Gemstone-Models/Gemstone-512x13,Gemstone 512x13 (103M),102643200,13,4,98,3,2,0.006550322752445936,0.3799999952316284,239.02000427246094
Gemstone-Models/Gemstone-512x13,Gemstone 512x13 (103M),102643200,13,4,98,3,3,0.007181794848293066,0.3799999952316284,239.02000427246094
Gemstone-Models/Gemstone-512x13,Gemstone 512x13 (103M),102643200,13,4,98,4,0,0.016129769384860992,0.3799999952316284,239.02000427246094
Gemstone-Models/Gemstone-512x13,Gemstone 512x13 (103M),102643200,13,4,98,4,1,0.00549827516078949,0.3799999952316284,239.02000427246094
Gemstone-Models/Gemstone-512x13,Gemstone 512x13 (103M),102643200,13,4,98,4,2,0.007717102766036987,0.3799999952316284,239.02000427246094
Gemstone-Models/Gemstone-512x13,Gemstone 512x13 (103M),102643200,13,4,98,4,3,0.0011994331143796444,0.3799999952316284,239.02000427246094
Gemstone-Models/Gemstone-512x13,Gemstone 512x13 (103M),102643200,13,4,98,5,0,0.00753958523273468,0.3799999952316284,239.02000427246094
Gemstone-Models/Gemstone-512x13,Gemstone 512x13 (103M),102643200,13,4,98,5,1,0.013189882971346378,0.3799999952316284,239.02000427246094
Gemstone-Models/Gemstone-512x13,Gemstone 512x13 (103M),102643200,13,4,98,5,2,1.730388561327345e-07,0.3799999952316284,239.02000427246094
Gemstone-Models/Gemstone-512x13,Gemstone 512x13 (103M),102643200,13,4,98,5,3,6.086310895625502e-05,0.3799999952316284,239.02000427246094
Gemstone-Models/Gemstone-512x13,Gemstone 512x13 (103M),102643200,13,4,98,6,0,0.0006053750403225422,0.3799999952316284,239.02000427246094
Gemstone-Models/Gemstone-512x13,Gemstone 512x13 (103M),102643200,13,4,98,6,1,0.8014660477638245,0.3799999952316284,239.02000427246094
Gemstone-Models/Gemstone-512x13,Gemstone 512x13 (103M),102643200,13,4,98,6,2,0.004841214511543512,0.3799999952316284,239.02000427246094
Gemstone-Models/Gemstone-512x13,Gemstone 512x13 (103M),102643200,13,4,98,6,3,0.004698123782873154,0.3799999952316284,239.02000427246094
Gemstone-Models/Gemstone-512x13,Gemstone 512x13 (103M),102643200,13,4,98,7,0,0.002523190574720502,0.3799999952316284,239.02000427246094
Gemstone-Models/Gemstone-512x13,Gemstone 512x13 (103M),102643200,13,4,98,7,1,9.636783215682954e-05,0.3799999952316284,239.02000427246094
Gemstone-Models/Gemstone-512x13,Gemstone 512x13 (103M),102643200,13,4,98,7,2,0.0004338060680311173,0.3799999952316284,239.02000427246094
Gemstone-Models/Gemstone-512x13,Gemstone 512x13 (103M),102643200,13,4,98,7,3,0.0006264641997404397,0.3799999952316284,239.02000427246094
Gemstone-Models/Gemstone-512x13,Gemstone 512x13 (103M),102643200,13,4,98,8,0,0.0039061130955815315,0.3799999952316284,239.02000427246094
Gemstone-Models/Gemstone-512x13,Gemstone 512x13 (103M),102643200,13,4,98,8,1,0.004170658998191357,0.3799999952316284,239.02000427246094
Gemstone-Models/Gemstone-512x13,Gemstone 512x13 (103M),102643200,13,4,98,8,2,0.0002706726372707635,0.3799999952316284,239.02000427246094
Gemstone-Models/Gemstone-512x13,Gemstone 512x13 (103M),102643200,13,4,98,8,3,0.02551189810037613,0.3799999952316284,239.02000427246094
Gemstone-Models/Gemstone-512x13,Gemstone 512x13 (103M),102643200,13,4,98,9,0,1.2330059639964475e-08,0.3799999952316284,239.02000427246094
Gemstone-Models/Gemstone-512x13,Gemstone 512x13 (103M),102643200,13,4,98,9,1,0.00014097275561653078,0.3799999952316284,239.02000427246094
Gemstone-Models/Gemstone-512x13,Gemstone 512x13 (103M),102643200,13,4,98,9,2,0.001853481400758028,0.3799999952316284,239.02000427246094
Gemstone-Models/Gemstone-512x13,Gemstone 512x13 (103M),102643200,13,4,98,9,3,0.012182394042611122,0.3799999952316284,239.02000427246094
Gemstone-Models/Gemstone-512x13,Gemstone 512x13 (103M),102643200,13,4,98,10,0,0.8759433627128601,0.3799999952316284,239.02000427246094
Gemstone-Models/Gemstone-512x13,Gemstone 512x13 (103M),102643200,13,4,98,10,1,0.17947158217430115,0.3799999952316284,239.02000427246094
Gemstone-Models/Gemstone-512x13,Gemstone 512x13 (103M),102643200,13,4,98,10,2,0.0028950697742402554,0.3799999952316284,239.02000427246094
Gemstone-Models/Gemstone-512x13,Gemstone 512x13 (103M),102643200,13,4,98,10,3,0.17625701427459717,0.3799999952316284,239.02000427246094
Gemstone-Models/Gemstone-512x13,Gemstone 512x13 (103M),102643200,13,4,98,11,0,0.03840441256761551,0.3799999952316284,239.02000427246094
Gemstone-Models/Gemstone-512x13,Gemstone 512x13 (103M),102643200,13,4,98,11,1,0.044216375797986984,0.3799999952316284,239.02000427246094
Gemstone-Models/Gemstone-512x13,Gemstone 512x13 (103M),102643200,13,4,98,11,2,0.37523138523101807,0.3799999952316284,239.02000427246094
Gemstone-Models/Gemstone-512x13,Gemstone 512x13 (103M),102643200,13,4,98,11,3,0.2986288368701935,0.3799999952316284,239.02000427246094
Gemstone-Models/Gemstone-512x13,Gemstone 512x13 (103M),102643200,13,4,98,12,0,0.004246900323778391,0.3799999952316284,239.02000427246094
Gemstone-Models/Gemstone-512x13,Gemstone 512x13 (103M),102643200,13,4,98,12,1,0.002723966259509325,0.3799999952316284,239.02000427246094
Gemstone-Models/Gemstone-512x13,Gemstone 512x13 (103M),102643200,13,4,98,12,2,0.014524944126605988,0.3799999952316284,239.02000427246094
Gemstone-Models/Gemstone-512x13,Gemstone 512x13 (103M),102643200,13,4,98,12,3,0.0069991410709917545,0.3799999952316284,239.02000427246094
Gemstone-Models/Gemstone-512x13,Gemstone 512x13 (103M),102643200,13,4,99,0,0,4.32856468250975e-05,0.8799999952316284,566.0800170898438
Gemstone-Models/Gemstone-512x13,Gemstone 512x13 (103M),102643200,13,4,99,0,1,0.0036945936735719442,0.8799999952316284,566.0800170898438
Gemstone-Models/Gemstone-512x13,Gemstone 512x13 (103M),102643200,13,4,99,0,2,0.0168666522949934,0.8799999952316284,566.0800170898438
Gemstone-Models/Gemstone-512x13,Gemstone 512x13 (103M),102643200,13,4,99,0,3,0.009211910888552666,0.8799999952316284,566.0800170898438
Gemstone-Models/Gemstone-512x13,Gemstone 512x13 (103M),102643200,13,4,99,1,0,0.00064175168517977,0.8799999952316284,566.0800170898438
Gemstone-Models/Gemstone-512x13,Gemstone 512x13 (103M),102643200,13,4,99,1,1,0.010149871930480003,0.8799999952316284,566.0800170898438
Gemstone-Models/Gemstone-512x13,Gemstone 512x13 (103M),102643200,13,4,99,1,2,0.0001042674484779127,0.8799999952316284,566.0800170898438
Gemstone-Models/Gemstone-512x13,Gemstone 512x13 (103M),102643200,13,4,99,1,3,0.002215437823906541,0.8799999952316284,566.0800170898438
Gemstone-Models/Gemstone-512x13,Gemstone 512x13 (103M),102643200,13,4,99,2,0,0.00790845975279808,0.8799999952316284,566.0800170898438
Gemstone-Models/Gemstone-512x13,Gemstone 512x13 (103M),102643200,13,4,99,2,1,0.00112368434201926,0.8799999952316284,566.0800170898438
Gemstone-Models/Gemstone-512x13,Gemstone 512x13 (103M),102643200,13,4,99,2,2,0.019640635699033737,0.8799999952316284,566.0800170898438
Gemstone-Models/Gemstone-512x13,Gemstone 512x13 (103M),102643200,13,4,99,2,3,0.008727447129786015,0.8799999952316284,566.0800170898438
Gemstone-Models/Gemstone-512x13,Gemstone 512x13 (103M),102643200,13,4,99,3,0,0.009458422660827637,0.8799999952316284,566.0800170898438
Gemstone-Models/Gemstone-512x13,Gemstone 512x13 (103M),102643200,13,4,99,3,1,0.00033338431967422366,0.8799999952316284,566.0800170898438
Gemstone-Models/Gemstone-512x13,Gemstone 512x13 (103M),102643200,13,4,99,3,2,0.008755981922149658,0.8799999952316284,566.0800170898438
Gemstone-Models/Gemstone-512x13,Gemstone 512x13 (103M),102643200,13,4,99,3,3,0.008066355250775814,0.8799999952316284,566.0800170898438
Gemstone-Models/Gemstone-512x13,Gemstone 512x13 (103M),102643200,13,4,99,4,0,0.027919072657823563,0.8799999952316284,566.0800170898438
Gemstone-Models/Gemstone-512x13,Gemstone 512x13 (103M),102643200,13,4,99,4,1,0.002516164444386959,0.8799999952316284,566.0800170898438
Gemstone-Models/Gemstone-512x13,Gemstone 512x13 (103M),102643200,13,4,99,4,2,0.005499993450939655,0.8799999952316284,566.0800170898438
Gemstone-Models/Gemstone-512x13,Gemstone 512x13 (103M),102643200,13,4,99,4,3,0.0012447090120986104,0.8799999952316284,566.0800170898438
Gemstone-Models/Gemstone-512x13,Gemstone 512x13 (103M),102643200,13,4,99,5,0,0.008303500711917877,0.8799999952316284,566.0800170898438
Gemstone-Models/Gemstone-512x13,Gemstone 512x13 (103M),102643200,13,4,99,5,1,0.012528648599982262,0.8799999952316284,566.0800170898438
Gemstone-Models/Gemstone-512x13,Gemstone 512x13 (103M),102643200,13,4,99,5,2,1.18281548111554e-07,0.8799999952316284,566.0800170898438
Gemstone-Models/Gemstone-512x13,Gemstone 512x13 (103M),102643200,13,4,99,5,3,0.00010499879863345996,0.8799999952316284,566.0800170898438
Gemstone-Models/Gemstone-512x13,Gemstone 512x13 (103M),102643200,13,4,99,6,0,0.0003131861158180982,0.8799999952316284,566.0800170898438
Gemstone-Models/Gemstone-512x13,Gemstone 512x13 (103M),102643200,13,4,99,6,1,0.844678521156311,0.8799999952316284,566.0800170898438
Gemstone-Models/Gemstone-512x13,Gemstone 512x13 (103M),102643200,13,4,99,6,2,0.004015632905066013,0.8799999952316284,566.0800170898438
Gemstone-Models/Gemstone-512x13,Gemstone 512x13 (103M),102643200,13,4,99,6,3,0.004448955878615379,0.8799999952316284,566.0800170898438
Gemstone-Models/Gemstone-512x13,Gemstone 512x13 (103M),102643200,13,4,99,7,0,0.0012562924530357122,0.8799999952316284,566.0800170898438
Gemstone-Models/Gemstone-512x13,Gemstone 512x13 (103M),102643200,13,4,99,7,1,7.644818833796307e-05,0.8799999952316284,566.0800170898438
Gemstone-Models/Gemstone-512x13,Gemstone 512x13 (103M),102643200,13,4,99,7,2,0.0005033520865254104,0.8799999952316284,566.0800170898438
Gemstone-Models/Gemstone-512x13,Gemstone 512x13 (103M),102643200,13,4,99,7,3,0.0007271713693626225,0.8799999952316284,566.0800170898438
Gemstone-Models/Gemstone-512x13,Gemstone 512x13 (103M),102643200,13,4,99,8,0,0.004231284838169813,0.8799999952316284,566.0800170898438
Gemstone-Models/Gemstone-512x13,Gemstone 512x13 (103M),102643200,13,4,99,8,1,0.004240149166435003,0.8799999952316284,566.0800170898438
Gemstone-Models/Gemstone-512x13,Gemstone 512x13 (103M),102643200,13,4,99,8,2,0.00030385979334823787,0.8799999952316284,566.0800170898438
Gemstone-Models/Gemstone-512x13,Gemstone 512x13 (103M),102643200,13,4,99,8,3,0.04608498513698578,0.8799999952316284,566.0800170898438
Gemstone-Models/Gemstone-512x13,Gemstone 512x13 (103M),102643200,13,4,99,9,0,1.0905082170609148e-08,0.8799999952316284,566.0800170898438
Gemstone-Models/Gemstone-512x13,Gemstone 512x13 (103M),102643200,13,4,99,9,1,0.00027346285060048103,0.8799999952316284,566.0800170898438
Gemstone-Models/Gemstone-512x13,Gemstone 512x13 (103M),102643200,13,4,99,9,2,0.0025401825550943613,0.8799999952316284,566.0800170898438
Gemstone-Models/Gemstone-512x13,Gemstone 512x13 (103M),102643200,13,4,99,9,3,0.019327906891703606,0.8799999952316284,566.0800170898438
Gemstone-Models/Gemstone-512x13,Gemstone 512x13 (103M),102643200,13,4,99,10,0,0.8982478380203247,0.8799999952316284,566.0800170898438
Gemstone-Models/Gemstone-512x13,Gemstone 512x13 (103M),102643200,13,4,99,10,1,0.22887057065963745,0.8799999952316284,566.0800170898438
Gemstone-Models/Gemstone-512x13,Gemstone 512x13 (103M),102643200,13,4,99,10,2,0.0053520482033491135,0.8799999952316284,566.0800170898438
Gemstone-Models/Gemstone-512x13,Gemstone 512x13 (103M),102643200,13,4,99,10,3,0.19249695539474487,0.8799999952316284,566.0800170898438
Gemstone-Models/Gemstone-512x13,Gemstone 512x13 (103M),102643200,13,4,99,11,0,0.05093216896057129,0.8799999952316284,566.0800170898438
Gemstone-Models/Gemstone-512x13,Gemstone 512x13 (103M),102643200,13,4,99,11,1,0.04288873076438904,0.8799999952316284,566.0800170898438
Gemstone-Models/Gemstone-512x13,Gemstone 512x13 (103M),102643200,13,4,99,11,2,0.4590907394886017,0.8799999952316284,566.0800170898438
Gemstone-Models/Gemstone-512x13,Gemstone 512x13 (103M),102643200,13,4,99,11,3,0.3520757257938385,0.8799999952316284,566.0800170898438
Gemstone-Models/Gemstone-512x13,Gemstone 512x13 (103M),102643200,13,4,99,12,0,0.004749694839119911,0.8799999952316284,566.0800170898438
Gemstone-Models/Gemstone-512x13,Gemstone 512x13 (103M),102643200,13,4,99,12,1,0.002797739114612341,0.8799999952316284,566.0800170898438
Gemstone-Models/Gemstone-512x13,Gemstone 512x13 (103M),102643200,13,4,99,12,2,0.01971600577235222,0.8799999952316284,566.0800170898438
Gemstone-Models/Gemstone-512x13,Gemstone 512x13 (103M),102643200,13,4,99,12,3,0.0084877610206604,0.8799999952316284,566.0800170898438
